name,t,t_diff,Fr,Fr_unc,Fr_uplim_bool,Fx,Fx_unc_l,Fx_unc_u,Fx_uplim_bool,state,class,D,D_prob,Lr,Lr_unc,Lx,Lx_unc_l,Lx_unc_u
1A 1744-361,59730.97968,0.7652200000011362,1.24,0.0648459713474939,False,2.8e-09,2.8024685118659226e-10,2.8024643173464314e-10,False,IMS,NS,8.0,"(""uniform"", 1, 10)",1.2156633851305906e+29,6.357328470998042e+27,2.144567463688038e+37,2.1464581387706758e+36,2.1464549261170948e+36
1A 1744-361,59759.97549,0.20988999999826774,0.087,0.01851816675591836,False,2.791e-09,2.992310478543294e-10,2.9933935591565636e-10,False,SS,NS,8.0,"(""uniform"", 1, 10)",8.529251169867853e+27,1.8154723616864906e+27,2.137674211126183e+37,2.2918613191202607e+36,2.292690868921607e+36
1A 1744-361,59797.93867,0.138729999998759,0.081,0.027,True,1.742e-09,1.764216769560929e-10,1.764248420716312e-10,False,SS,NS,8.0,"(""uniform"", 1, 10)",7.941026951256277e+27,2.647008983752092e+27,1.3342273291944864e+37,1.351243529604709e+36,1.3512677717611454e+36
1A 1744-361,59804.66341,0.717689999997674,0.093,0.031,True,8.194e-10,8.234144910675302e-11,8.233849574166388e-11,False,HS,NS,8.0,"(""uniform"", 1, 10)",9.11747538847943e+27,3.039158462826476e+27,6.275923499092779e+36,6.3066711666881066e+35,6.306444963449585e+35
1A 1744-361,59811.75657,0.5475300000034622,0.051,0.016999999999999998,True,1.2092587935159642e-10,9.206250116953475e-12,9.208327839222745e-12,False,HS,NS,8.0,"(""uniform"", 1, 10)",4.999905858198397e+27,1.6666352860661324e+27,9.2619180848321e+35,7.05122302264022e+34,7.052814385346383e+34
