name,t,t_diff,Fr,Fr_unc,Fr_uplim_bool,Fx,Fx_unc_l,Fx_unc_u,Fx_uplim_bool,state,class,D,D_prob,Lr,Lr_unc,Lx,Lx_unc_l,Lx_unc_u
4U 1543-47,59392.013,0.45820000000094296,0.25,0.03528809997718778,False,1.5715390740189422e-07,1.1125932629309644e-08,1.1124275601257013e-08,False,SS,BH,5.0,"(""gauss"", 5, 1.6)",9.573961891464457e+27,1.351387697615134e+27,4.7018297517514665e+38,3.3287267187503587e+37,3.3282309586432034e+37
4U 1543-47,59421.6822,0.3447999999989406,0.066,0.022000000000000002,True,7.103e-08,7.104376187211109e-09,7.104259130620237e-09,False,SS,BH,5.0,"(""gauss"", 5, 1.6)",2.527525939346617e+27,8.425086464488724e+26,2.125120353596001e+38,2.1255320899683347e+37,2.125497068238955e+37
4U 1543-47,59666.0582,0.8298999999969965,6.871,0.344253689159608,False,3.657e-10,3.8406228621139376e-11,3.850018362953741e-11,False,HS,BH,5.0,"(""gauss"", 5, 1.6)",2.6313076862500913e+29,1.3183486804040551e+28,1.0941243324089224e+36,1.1490617787926872e+35,1.1518727840111715e+35
4U 1543-47,59673.0362,0.307200000002922,4.111,0.2065207071942182,False,7.92e-11,1.009641539127749e-11,9.910756357014332e-12,False,HS,BH,5.0,"(""gauss"", 5, 1.6)",1.5743422934324153e+29,7.908885521902939e+27,2.3695555681374527e+35,3.020709256140184e+34,2.9651626149263847e+34
4U 1543-47,59679.039,0.06940000000031432,2.08,0.10630145812734651,False,5e-11,5.387483538278795e-12,5.387483538278795e-12,False,HS,BH,5.0,"(""gauss"", 5, 1.6)",7.965536293698428e+28,4.07090443647328e+27,1.4959315455413214e+35,1.611861315199165e+34,1.611861315199165e+34
4U 1543-47,59706.0027,0.7482000000018161,7.413,0.3712444242005528,False,1.115e-10,1.2046272458342666e-11,1.2092819103758438e-11,False,HS,BH,5.0,"(""gauss"", 5, 1.6)",2.8388711800570405e+29,1.4217119878859029e+28,3.3359273465571464e+35,3.6040797953240794e+34,3.6180059143673954e+34
4U 1543-47,59727.0882,0.44280000000435393,0.472,0.032953907203850656,False,2.71e-11,3.2264123733360555e-12,3.2802172117443684e-12,False,HS,BH,5.0,"(""gauss"", 5, 1.6)",1.807564005108489e+28,1.2619978069780887e+27,8.107948976833962e+34,9.652984096396497e+33,9.813960806551994e+33
4U 1543-47,59769.8216,0.05680000000575092,0.204,0.02068912757948,False,4.36e-12,7.530791637472451e-13,8.342936077318644e-13,False,HS,BH,5.0,"(""gauss"", 5, 1.6)",7.812352903434996e+27,7.923076760543512e+26,1.3044523077120322e+34,2.2531097546787642e+33,2.4960922520991456e+33
