name,t,t_diff,Fr,Fr_unc,Fr_uplim_bool,Fx,Fx_unc_l,Fx_unc_u,Fx_uplim_bool,state,class,D,D_prob,Lr,Lr_unc,Lx,Lx_unc_l,Lx_unc_u
GRS 1739-278,60132.91834,0.6974100000006729,0.182,0.025667294364618957,False,2.8379e-09,2.864488295385408e-10,2.865228708864268e-10,False,SS,candidateBH,8,"(""uniform"", 6.0, 8.5)",1.7842801297884476e+28,2.516354028583549e+27,2.173595716142958e+37,2.1939601422852696e+36,2.1945272375197118e+36
GRS 1739-278,60146.73292,0.630989999997837,0.12,0.04,True,1.0691e-09,1.1146136898495369e-10,1.1511331125895042e-10,False,SS,candidateBH,8,"(""uniform"", 6.0, 8.5)",1.176448437223152e+28,3.9214947907438407e+27,8.188418126531719e+36,8.537015192259238e+35,8.81672364154782e+35
GRS 1739-278,60160.8327,0.34191000000282656,0.363,0.027007822940770327,False,4.5709e-11,6.75292377048638e-12,7.211061093902894e-12,False,HS,candidateBH,8,"(""uniform"", 6.0, 8.5)",3.5587565226000355e+28,2.647775924289071e+27,3.50092979277559e+35,5.172178786768085e+34,5.523073928803863e+34
