name,t,t_diff,Fr,Fr_unc,Fr_uplim_bool,Fx,Fx_unc_l,Fx_unc_u,Fx_uplim_bool,state,class,D,D_prob,Lr,Lr_unc,Lx,Lx_unc_l,Lx_unc_u
MAXI J1816-195,59738.97492,0.7761000000027707,4.206,0.21220362767869927,False,4.67e-09,4.679793452707075e-10,4.679600427386937e-10,False,HS,NS,6.0,"(""uniform"",1,8.7)",2.319441622012771e+29,1.170218560104794e+28,2.011968091491255e+37,2.016187387926408e+36,2.016104227158749e+36
