name,t,t_diff,Fr,Fr_unc,Fr_uplim_bool,Fx,Fx_unc_l,Fx_unc_u,Fx_uplim_bool,state,class,D,D_prob,Lr,Lr_unc,Lx,Lx_unc_l,Lx_unc_u
MAXI J1807+132,60141.74886,0.018871574073273223,0.135,0.020163395051429212,False,5.58e-10,5.591293860994967e-11,5.5912684643111176e-11,False,IMS,NS,6.3,"(""uniform"", 4.2, 8.4)",8.207795825400042e+27,1.2259039239186116e+27,2.650434068618764e+36,2.655798519146955e+35,2.655786456022205e+35
MAXI J1807+132,60146.75236,0.9751724999950966,0.212,0.07066666666666667,True,2.354475715252392e-10,1.2649467570752201e-11,1.2651257639775476e-11,False,HS,NS,6.3,"(""uniform"", 4.2, 8.4)",1.2889279370257844e+28,4.296426456752615e+27,1.1183481450610164e+36,6.008347634302844e+34,6.009197895938053e+34
MAXI J1807+132,60153.81543,0.18640222222165903,0.135,0.045000000000000005,True,3.047e-11,3.3123420717069665e-12,3.3135197298341235e-12,False,SS,NS,6.3,"(""uniform"", 4.2, 8.4)",8.207795825400042e+27,2.7359319418000143e+27,1.4472889976848338e+35,1.5733233465540143e+34,1.5738827202496062e+34
MAXI J1807+132,60160.8526,0.38441388888895744,0.111,0.037,True,1.737e-10,1.749255238665873e-11,1.7492907134035785e-11,False,QS,NS,6.3,"(""uniform"", 4.2, 8.4)",6.748632123106703e+27,2.2495440410355674e+27,8.250544761990667e+35,8.308755697616265e+34,8.308924198428791e+34
MAXI J1807+132,60174.67028,0.772370462967956,0.114,0.038,True,7.953e-11,8.059518906237518e-12,8.059843236688913e-12,False,Unclear,NS,6.3,"(""uniform"", 4.2, 8.4)",6.931027585893371e+27,2.3103425286311234e+27,3.777581030058248e+35,3.82817625192992e+34,3.828330305062154e+34
MAXI J1807+132,60195.62164,0.826207222235098,0.14,0.04666666666666667,True,1.981e-13,1.162010589452609e-13,2.5407346595030345e-13,False,Unclear,NS,6.3,"(""uniform"", 4.2, 8.4)",8.511788263377823e+27,2.837262754459274e+27,9.409515931780952e+32,5.5194130006827346e+32,1.2068189428077665e+33
MAXI J1807+132,60223.59141,0.6559395370422862,0.166,0.05533333333333334,True,4.5300000000000004e-13,1.7400025862049745e-13,2.658873633702813e-13,False,Unclear,NS,6.3,"(""uniform"", 4.2, 8.4)",1.0092548940862275e+28,3.3641829802874255e+27,2.1516964750614697e+33,8.264806691688928e+32,1.2629335596627425e+33
