name,t,t_diff,Fr,Fr_unc,Fr_uplim_bool,Fx,Fx_unc_l,Fx_unc_u,Fx_uplim_bool,state,class,D,D_prob,Lr,Lr_unc,Lx,Lx_unc_l,Lx_unc_u
Swift J1842.5-1124,59001.1292,0.6284000000014203,0.069,0.023000000000000003,True,8.404e-10,8.411707080016517e-11,8.411707080016517e-11,False,SS,candidateBH,8.12,"(""gauss"", 8.12, 2.2)",6.969037899619776e+27,2.3230126332065921e+27,6.631317312998708e+36,6.6373987138966365e+35,6.6373987138966365e+35
