4.888551340764810682e-01
4.620778988343747784e-01
4.801753584208555692e-01
4.519556035709452191e-01
4.325816978352747255e-01
4.179803343712442110e-01
4.387998681690570280e-01
3.911940086280231155e-01
4.308734524078161043e-01
4.582348915739628548e-01
4.536695271345415614e-01
4.296494708946567709e-01
4.620786909089614758e-01
4.538876216820216247e-01
4.151006401906359167e-01
4.501530118085375620e-01
4.675672296569459152e-01
4.026556269114461295e-01
4.380363753782699487e-01
4.050073463904964033e-01
4.604495530625837829e-01
4.609104533194536835e-01
4.431126881567828968e-01
4.272904176133265342e-01
4.537326244816325405e-01
4.366237370025111142e-01
4.551550016267705834e-01
4.412322261413811342e-01
4.484372888126968992e-01
4.875778378167772154e-01
4.655427370172792734e-01
5.069432520383451157e-01
4.592037654814252190e-01
4.172166441595110964e-01
4.048385519610340766e-01
4.316644881072159712e-01
4.489992077524171399e-01
4.959195808222336965e-01
4.563115422257231213e-01
4.406759880484304448e-01
4.271181833524891891e-01
4.437630078195590744e-01
3.944626921453429635e-01
4.371128547219715332e-01
4.492216260294874530e-01
4.571855442064355901e-01
4.273724675873377121e-01
4.672319346148353092e-01
4.728793335848194834e-01
4.235915943106728365e-01
4.333666251745974529e-01
4.390216387243309204e-01
4.428364991625220459e-01
4.638331581325204067e-01
4.229784229924660188e-01
4.510862147715011261e-01
4.279363816232069073e-01
4.392915705059689535e-01
3.893371659292045317e-01
4.340355365397270959e-01
4.266905429316449894e-01
4.571215167818342695e-01
4.630977451028832625e-01
4.290793579312778272e-01
4.321284255925905149e-01
4.235179639079970637e-01
4.727490047239257809e-01
4.083435027126368078e-01
4.223141984049667008e-01
4.132601611885760029e-01
4.047451228283283631e-01
4.161950634739121080e-01
4.623689419834146608e-01
4.051824881831109781e-01
4.334757652967025643e-01
4.004320717076741976e-01
4.789109714760061975e-01
4.295387609942640239e-01
4.551620322912631744e-01
4.453196913224524156e-01
4.092444887474500081e-01
4.386270756689173989e-01
4.825390505979730293e-01
5.044815343291340071e-01
4.508991940148309729e-01
4.632152296600269281e-01
4.043490702060137387e-01
4.243355077654323293e-01
4.521479894293542467e-01
3.968355369023756629e-01
4.364015654880335493e-01
4.037373971410498918e-01
4.767566112002363243e-01
4.498425529794831124e-01
4.041850723363263898e-01
4.694554598697427417e-01
4.591558618622462173e-01
4.685728574566704330e-01
4.432190729276383467e-01
4.659975435471447880e-01
4.615540920262261038e-01
4.246190750197814667e-01
4.229116086912498296e-01
4.426068299027698938e-01
4.659365105283971298e-01
4.553766940767146609e-01
4.396479260941785205e-01
4.020671011508168413e-01
4.560032568854588408e-01
4.143318670838210260e-01
4.647085391723638770e-01
4.431931487468876441e-01
4.083537827457972003e-01
3.548168657415751159e-01
4.630813144621531152e-01
4.064420371751557015e-01
4.287874245211744650e-01
4.389786983007638033e-01
4.076327983473087002e-01
4.045919697125953673e-01
4.283369155372674930e-01
4.160378918681786331e-01
3.796164794535101250e-01
4.266221338748374392e-01
3.786565578675962218e-01
3.894104387920741539e-01
4.565725478875119481e-01
4.233193251162239990e-01
3.703527645353752451e-01
4.263025945843330056e-01
3.990902757119747513e-01
4.282040013354470043e-01
4.299448883948504552e-01
4.655741312627099115e-01
4.497080246848755847e-01
4.626458297949645471e-01
4.182078435509185566e-01
4.845061878518551191e-01
4.671318430710880154e-01
4.586595534579558930e-01
4.381435233825241027e-01
4.271700401996861851e-01
4.383857973290550269e-01
4.565434500270406648e-01
4.776544285612777108e-01
4.462672699565948253e-01
4.402929651636219299e-01
4.480216491789082434e-01
4.562777101770683075e-01
3.933998055110184411e-01
3.927637999999193386e-01
4.439042013912784523e-01
4.525036196280302625e-01
4.593737045326010682e-01
4.710445123784039456e-01
4.713695253226083404e-01
4.706767037986263058e-01
4.444829632304433398e-01
4.335061957259765952e-01
4.144890704855604957e-01
4.402307441907439833e-01
4.516523775304193689e-01
4.041017735675874190e-01
4.183211305856172624e-01
4.603171816262964233e-01
4.434275423832386709e-01
4.209567584659091311e-01
4.160295322900233739e-01
4.223432912239416526e-01
4.311577158960788192e-01
4.150181767044532899e-01
4.445150591332920897e-01
4.065366991745404945e-01
4.199394615248225326e-01
4.599761719399168558e-01
4.718821629078920332e-01
4.464329946993136899e-01
4.786498241860945857e-01
4.537715675624078293e-01
4.740201693691023510e-01
4.896072109179773202e-01
4.632082965539920938e-01
4.588873715140065479e-01
4.881614744772652115e-01
4.537534347021840997e-01
4.703131819123726465e-01
4.158682103208245495e-01
4.533495885930143854e-01
4.519483786504028267e-01
4.703232623983816807e-01
4.618785783005451839e-01
3.932507097053476453e-01
4.373216493609588529e-01
3.860895064331621995e-01
3.768835162327627275e-01
3.517048697904338050e-01
3.713207376668763438e-01
4.223452107730593652e-01
4.046110510976973496e-01
4.392701117178700043e-01
3.938408339716395479e-01
3.984409310745924415e-01
3.904078753943395763e-01
4.251522835215791885e-01
3.472929857304368761e-01
4.408802752238917266e-01
4.619098943825410419e-01
4.093377000989512626e-01
4.125145800476393565e-01
4.619806728354988179e-01
4.893914695640841916e-01
4.110650623837810436e-01
3.808986312657282602e-01
4.549356946285155190e-01
4.402652545044953292e-01
3.892658333021189465e-01
4.235574857040140251e-01
4.114016609877378383e-01
4.743747084672300662e-01
4.742023311865061208e-01
3.993902674250263685e-01
4.346682451685002779e-01
4.259170606196098219e-01
4.721982441531114016e-01
4.761305013601780933e-01
4.378594454010652504e-01
4.707857899321002404e-01
4.191253147826531356e-01
4.780769061105820672e-01
4.492930102974738160e-01
4.811857812394245149e-01
4.606029442727836432e-01
4.472429993042937313e-01
4.684964438870931058e-01
4.347458746757082992e-01
4.908318519813077985e-01
4.495543500991489583e-01
4.693310151361315685e-01
3.992256627977304184e-01
4.605172285880723138e-01
4.655695403843931879e-01
4.488799480840588441e-01
4.646360030296429744e-01
4.589467384402506900e-01
4.279982810797460235e-01
4.371873049596720628e-01
4.606664169926689700e-01
4.449375457614105911e-01
4.125131332784244265e-01
4.354889102141081825e-01
4.459127860482349215e-01
5.035651704022218178e-01
4.265437425119515957e-01
4.394877007576982741e-01
4.500553537365226120e-01
4.406146611286145820e-01
4.943360779545099559e-01
4.489832566660043600e-01
4.346059847219486127e-01
4.340284517831992650e-01
4.059839702335560907e-01
4.435042620013737169e-01
3.591113517747273609e-01
3.692550205919576944e-01
4.229731994411383700e-01
4.265745516022505512e-01
4.417339302126937484e-01
3.918553206402556888e-01
4.138286414420652148e-01
4.060592552725142967e-01
4.558924640558043584e-01
4.134095405252988242e-01
4.045186018115337623e-01
4.300388911643336920e-01
4.250907084574108152e-01
4.639498751835606782e-01
4.202062764152452168e-01
4.614164333214646474e-01
4.621098445078243855e-01
4.644320913124337924e-01
4.345815088634092382e-01
4.631271585183949213e-01
4.199705097494513262e-01
4.485989875152914252e-01
4.435220062391420082e-01
4.402980019688340074e-01
4.330714316158177923e-01
4.591214050444711314e-01
4.027179493053872905e-01
4.459723095942334514e-01
4.525290293003021991e-01
4.004955640568804154e-01
4.911701346510464194e-01
4.454950473767330665e-01
3.897744866428108912e-01
3.643107305889874414e-01
4.178403755912165618e-01
4.530096703496867550e-01
4.452151819172604497e-01
4.296362575267715922e-01
4.917033649130637674e-01
4.258483466253428218e-01
4.508599197727098384e-01
4.539734378661711700e-01
4.387253242520577357e-01
4.466882831490014416e-01
4.209450504656602199e-01
4.512628906695698161e-01
4.101910746392342655e-01
4.119035256502707742e-01
4.075026475648940161e-01
4.410823922580708323e-01
4.302627887629167924e-01
3.850983434649970505e-01
4.067117241758290147e-01
4.043916943662392294e-01
4.026436955295972231e-01
3.963785367757015066e-01
4.735579416996473778e-01
4.452664524228434617e-01
4.072031272514515243e-01
4.552484692643478659e-01
4.322322503133302907e-01
4.124970812931418318e-01
3.936666346493457036e-01
4.547932871595216642e-01
4.218434320675578664e-01
4.434386001208056038e-01
4.319586306743856130e-01
4.443895131553984856e-01
4.824739903227611149e-01
4.225335042650232853e-01
4.591561409990583265e-01
4.434515294830319587e-01
4.579843965890888491e-01
4.336444333912494731e-01
4.386438005372786941e-01
4.561264961547551455e-01
4.829346937657953975e-01
4.315530635682688909e-01
3.773864804160957931e-01
3.802144391576240401e-01
3.703726640660147673e-01
4.096112115509463192e-01
4.126789235403131029e-01
4.314269455910601514e-01
4.399111826422797966e-01
4.455025907313723832e-01
4.486549985339634561e-01
4.273473780375977027e-01
4.005268398309843048e-01
4.389269219289924084e-01
4.018885153591890136e-01
3.802064645092806394e-01
4.644516079053597202e-01
4.440493774675051131e-01
4.420880215474132791e-01
4.119749717846186710e-01
4.363712600866059277e-01
4.537304671489603147e-01
5.029265117237528004e-01
4.701050340943189187e-01
4.274036422069793506e-01
4.369707960661862733e-01
4.755193472247420394e-01
4.499821768713221370e-01
4.299247887728475104e-01
4.616663679382476126e-01
4.484027511891713891e-01
4.516571626335753042e-01
4.696309391926862253e-01
4.585805908673215026e-01
4.833511156220435812e-01
4.749631249609045369e-01
4.384686522795272490e-01
4.588120829054819216e-01
4.780426861496782642e-01
3.924728385063563363e-01
4.209556046468325152e-01
4.371059503839507254e-01
4.470153594586125934e-01
4.210218960992762050e-01
4.654241686374022136e-01
3.997104630145109083e-01
3.922337412019699654e-01
4.538574577185001124e-01
4.658025139101195089e-01
4.852209262168110104e-01
4.159826764276475797e-01
4.823969432763233200e-01
4.414099393673344696e-01
4.009557566157734843e-01
4.344579329266168299e-01
4.490676562609774436e-01
4.720504042261349231e-01
4.733924720315934587e-01
4.309838797399849764e-01
4.398093848313084364e-01
4.614866978637123807e-01
4.350742868773483929e-01
4.639837076220567624e-01
4.466245559380176977e-01
4.401527155045560358e-01
4.526064063131127191e-01
4.857522287491366497e-01
4.788925872417879037e-01
4.437954942688110971e-01
4.598664719923356570e-01
4.107761317560918446e-01
4.337212563266004683e-01
3.993905590047897580e-01
4.587570012635749928e-01
4.301332112118525508e-01
4.355697600636992961e-01
4.518085313408732318e-01
4.153537864119315470e-01
4.374731521282130275e-01
4.535733029703780117e-01
4.277022415787909981e-01
4.318091882031850903e-01
4.364787416746505055e-01
4.397510280333639665e-01
4.559500195816096335e-01
4.337130096647910937e-01
4.327078320594677230e-01
4.584321880289835005e-01
3.839935976402095719e-01
4.318814098409956004e-01
4.491995733821299019e-01
4.363983292144010262e-01
4.314710724219004701e-01
4.216325521791085551e-01
4.252132247631555950e-01
4.424007368425492137e-01
4.260060942497091441e-01
4.151816550091109170e-01
4.785109845691964958e-01
3.874750084210972223e-01
4.348346964968698436e-01
4.511713766534048986e-01
4.349467079506051381e-01
4.498353440549254789e-01
4.502632177980208095e-01
4.534814980480127433e-01
4.063741137500554435e-01
4.608938405582467257e-01
3.896807430081952739e-01
3.770199622880071599e-01
3.782806766183287595e-01
4.687658322235371267e-01
4.393720863666673582e-01
3.630241178947102298e-01
3.946880445068228216e-01
3.844372714160040894e-01
4.099417104444632587e-01
4.055762142996475195e-01
4.043705006652587031e-01
4.171611108201201956e-01
4.651378532013188960e-01
4.673617800608117490e-01
4.427754177874886343e-01
3.959258603454487990e-01
3.958332944580299495e-01
4.252834516587219449e-01
4.157794897136393164e-01
4.411786690955751267e-01
4.441862246112053270e-01
4.880989041980352550e-01
4.483954285199434064e-01
4.876498070411959818e-01
4.546976041961171000e-01
4.252325842852035520e-01
4.453744331853337068e-01
4.687660042838329710e-01
4.391755961620976700e-01
4.815899197582673708e-01
4.232915619299334464e-01
4.416245872896448765e-01
4.646775136432019782e-01
4.376843150193306387e-01
4.054112634510473323e-01
4.406105990704434205e-01
3.729261944308274179e-01
4.135107667730233971e-01
4.374973302912927853e-01
4.433733965562694501e-01
3.912641416399308403e-01
3.864794049116499486e-01
4.137643291860769179e-01
4.489924145411899326e-01
4.309863847595686304e-01
3.748862642098098052e-01
3.918048267270222151e-01
4.475031698013082759e-01
4.008605437602053567e-01
4.416489059854479815e-01
4.339337436132865711e-01
4.394571583100824741e-01
4.335523462830184749e-01
4.037883416319306695e-01
3.992760150994609236e-01
3.829649873382033887e-01
3.878497618215359655e-01
4.064155950917583415e-01
4.374206188476391088e-01
3.921759377898095256e-01
4.156310794828290134e-01
4.276594674293740517e-01
4.474670626770638759e-01
3.953700551203319091e-01
4.083840454848177148e-01
4.208107886155836863e-01
4.224959249953145202e-01
4.231670056596701923e-01
4.584219780143106715e-01
4.233843348494889525e-01
4.609364040167911458e-01
4.368360959885437822e-01
4.188311523784565837e-01
4.135648277622543945e-01
4.575066063057104948e-01
4.212256171924770864e-01
4.734603767384974460e-01
4.137033524421555031e-01
4.425755910556352091e-01
3.943271731174629591e-01
4.229226175030723067e-01
4.460607423079179235e-01
4.510253538740899293e-01
4.535042190512110216e-01
4.425965397645484911e-01
4.349515848364285953e-01
4.818351898443247183e-01
4.263656892516275998e-01
4.119812153827789314e-01
4.265000836416917851e-01
4.460583974872234791e-01
3.958788637439208946e-01
3.628120066467910854e-01
3.911210548418079247e-01
4.578651729729845687e-01
4.360018751906841739e-01
4.468600117701554408e-01
4.544268559007033081e-01
4.474713539947098306e-01
4.565153854115236998e-01
4.564419113401518291e-01
4.566986954570979029e-01
4.539204782599919330e-01
4.667150168134588384e-01
4.406772863041659161e-01
4.424501860879432869e-01
3.999959898839398620e-01
4.917484959636612141e-01
4.398130397782967771e-01
5.000476345901424535e-01
4.725051868302777569e-01
4.522325340361796342e-01
4.191013112908650862e-01
4.265095081517230602e-01
4.499450990145302809e-01
4.103785714527088957e-01
4.421056756558568446e-01
4.775723699818612000e-01
4.742762445978131458e-01
4.478101305379041941e-01
4.037421624643689477e-01
3.852714042671008254e-01
4.260362621753814860e-01
3.988396528281731857e-01
4.527302517090699419e-01
4.101911463819560844e-01
4.372360823348975800e-01
4.256254002836689088e-01
4.153396527097479862e-01
4.826962737130920944e-01
4.173628168499067814e-01
4.548494158824012423e-01
4.547127248768339514e-01
4.447532797671052696e-01
4.514702922266221052e-01
4.793997792519406609e-01
4.994421770408792316e-01
4.572005992851149725e-01
4.825641671733653659e-01
4.428350100994634664e-01
4.421659194297842821e-01
4.287024966678575355e-01
4.158811538684054621e-01
4.595089454212515911e-01
4.426594825171472625e-01
4.267192199558322296e-01
4.262292226288253993e-01
4.344741889203683205e-01
4.460041883250829842e-01
4.383882634713877069e-01
4.058073545804556370e-01
4.880694721195520946e-01
4.841137361423040186e-01
4.375468215529305094e-01
4.002728750931847101e-01
4.071464068954389059e-01
4.405195010362185082e-01
4.684734236026287246e-01
4.286764569173510120e-01
4.627013350686881576e-01
4.452494455196336354e-01
4.516513728509694570e-01
4.281104304690037665e-01
4.491607957192351730e-01
4.228544289418932900e-01
5.124609575958287699e-01
4.629553776206432603e-01
4.207483145800477442e-01
4.469696706799439201e-01
4.174150320373224421e-01
4.026582665912439851e-01
4.044827711717194352e-01
4.209304165290939648e-01
4.246470095707369774e-01
4.179309563642568115e-01
5.131902589564371064e-01
4.629885895256306561e-01
4.213683686909924231e-01
4.274099677109007289e-01
4.330343647076217994e-01
4.614063076167351785e-01
4.306651204197615712e-01
3.827263946168384390e-01
4.521844998085260969e-01
4.044291035471235807e-01
4.371541608997060457e-01
4.730757712925342529e-01
4.447742348728192519e-01
4.148700788531819450e-01
3.968031744298864405e-01
4.927931434537350386e-01
4.460072178245744756e-01
4.140147393615445370e-01
4.077191966671200873e-01
4.260949499457337142e-01
3.456588205872787034e-01
4.548904441998117831e-01
4.703348368349364317e-01
4.271981066848731801e-01
4.525588744583583511e-01
4.102558403690159672e-01
4.181690567210096243e-01
3.966116322318594123e-01
3.844673118399830614e-01
3.986635146908658056e-01
4.281412040100086025e-01
4.331700075232650660e-01
4.294530531245898675e-01
3.908939046295594189e-01
4.272387287684902279e-01
4.535730628388854324e-01
3.989417014154613139e-01
4.440298988042464257e-01
4.236639571178550945e-01
4.411034318699515455e-01
3.713506921816547290e-01
3.989768112849831905e-01
4.186335230748260416e-01
3.622148766433690992e-01
4.015004543463272513e-01
4.325989373695380280e-01
4.119456437374685587e-01
3.538663504847234798e-01
3.755870148182719470e-01
4.375911057863507980e-01
3.972776565563669871e-01
4.316472601561167632e-01
4.382575405297769455e-01
4.087519355980413494e-01
4.567381788091762207e-01
4.163212099571294567e-01
3.931292026555932573e-01
4.104967217998943818e-01
4.356704679377315648e-01
4.653127890863322791e-01
4.317736931893190744e-01
4.270547914814339929e-01
4.092171064834624339e-01
4.402939559024623417e-01
3.961482697195419234e-01
4.302503786927019958e-01
4.321647570327022403e-01
3.704013368126066186e-01
3.919562351312762538e-01
3.978463528644359259e-01
4.493683890799383129e-01
4.667937088539305113e-01
4.427930927380367976e-01
3.557520947006874712e-01
4.191811187828416441e-01
4.674944405067463782e-01
4.338764776321288319e-01
4.580375533750094541e-01
4.130415863824383749e-01
4.357024563589425026e-01
4.366219017784999656e-01
4.976082671350771092e-01
4.019179623288436920e-01
3.726647674953326161e-01
3.627439647293790870e-01
4.514155579878014191e-01
4.104026737326183505e-01
3.652416048478587807e-01
4.165662542742828434e-01
4.118500578211652385e-01
4.552843460475432535e-01
4.818021892300856091e-01
4.568879148021252057e-01
4.464717787606644617e-01
4.690702828312171002e-01
4.437130462789482532e-01
4.712535233955453817e-01
4.553545858044845684e-01
4.736234868693276479e-01
4.821628250484047418e-01
5.023959509052559058e-01
4.691577679888231378e-01
4.297378677339862563e-01
4.461327122535816425e-01
4.290670685515732274e-01
4.181462225522223908e-01
4.628991360259380183e-01
4.670959414132005993e-01
4.738801545882959654e-01
4.594266474558161284e-01
4.491670612286766118e-01
4.619719450739675493e-01
4.519669694563479556e-01
4.357399942257628167e-01
4.380036109943711842e-01
4.146683687086096803e-01
3.739210894516258321e-01
4.130006798829024550e-01
4.377204105985707527e-01
4.027037342708894019e-01
4.160309483833589672e-01
3.847385960692643603e-01
4.102830051820781643e-01
3.951266276397062405e-01
4.239062657121682731e-01
4.323680841207540593e-01
4.294871594547935434e-01
4.001348269100745147e-01
4.387866517312124515e-01
4.389737807954671167e-01
4.394923382006352686e-01
4.544704426509448836e-01
4.389037932947307263e-01
5.038841344334555883e-01
4.737561588658714684e-01
4.440377438242467112e-01
4.566952726285545272e-01
4.240476208079599352e-01
4.383616523597627102e-01
3.904660191602804531e-01
4.031283556366369036e-01
4.426144139024668633e-01
4.058788006313630015e-01
4.216045793364023853e-01
4.404069975071666643e-01
4.220497841133427075e-01
4.123915998022947837e-01
4.841057346967072572e-01
4.752800397298159174e-01
4.418116581778360752e-01
4.445260161632801355e-01
4.752002292449299392e-01
4.117872322587124989e-01
3.856907688744390383e-01
4.261132016422706226e-01
3.856783730897424545e-01
4.119634561195321121e-01
4.333588211423611836e-01
4.240562032020641636e-01
4.279414577884574356e-01
3.641075543350906774e-01
4.080104152881631752e-01
4.241246706744555284e-01
4.140459073460324713e-01
4.642112953331627434e-01
4.115350285620196780e-01
4.085806982741984617e-01
4.223541496052639621e-01
4.406811021594874145e-01
3.931262250541025516e-01
3.769977880665612568e-01
3.733962398591633147e-01
4.563508238626899360e-01
4.862247170872704416e-01
4.534747035268174575e-01
4.149577622136890187e-01
4.148295500842732464e-01
4.659776996666036286e-01
4.567976037485595442e-01
4.487619417220494733e-01
4.531811191518602677e-01
4.736883941639820073e-01
4.206992391780206564e-01
4.792001864741075035e-01
4.287596558416697512e-01
4.675585124601565057e-01
4.397491908036738062e-01
4.336746117275947499e-01
3.839007976792672139e-01
4.359514494278532437e-01
4.721840506682226657e-01
4.023509375662089327e-01
4.237417623968594560e-01
4.523481160632742970e-01
4.170731826440190471e-01
4.692787026326994959e-01
4.542369622514140781e-01
4.668470410090508338e-01
4.623824097781790710e-01
4.509417418324377369e-01
4.206359630763826796e-01
4.759836733447680435e-01
4.823298730097272391e-01
4.172023933798738038e-01
4.261765691579265103e-01
4.607323316896623222e-01
4.375397437982888049e-01
4.191607908834829588e-01
4.318759311510331211e-01
4.219799372606174437e-01
4.015363103606023332e-01
3.809865133298802609e-01
3.929924250545055453e-01
4.576196808855544362e-01
4.303167285841429379e-01
4.358246403633784238e-01
4.735591227264884795e-01
4.192136085477880525e-01
4.449915115133273869e-01
3.996954192193590272e-01
4.301946289698423409e-01
3.969956602000630497e-01
4.346910274372432492e-01
4.284246628205199414e-01
4.278932215608675094e-01
5.102764371741417282e-01
4.467429007793811691e-01
4.557714272399004396e-01
4.355231479128863770e-01
4.537882078710932521e-01
4.460010763350489293e-01
4.568549513460095080e-01
3.940632836802855921e-01
3.963519905305817881e-01
4.177062435826871534e-01
4.492153304258040269e-01
4.472017050053818110e-01
4.364502066243031719e-01
4.118236581958448217e-01
4.829252129100395363e-01
4.488608481696346741e-01
4.410296780320900334e-01
4.286960990413323791e-01
4.253016622250578305e-01
4.247432142006181133e-01
4.381566297979448410e-01
4.339164739953863537e-01
4.466659101828301393e-01
4.580771348614641747e-01
4.602596057112203209e-01
4.095787669529393771e-01
4.189973861705129643e-01
4.187857143340772970e-01
4.567463374081753291e-01
4.538425221039880664e-01
4.701910816346714928e-01
4.827940507255054081e-01
4.792667306988738218e-01
4.723752166923327889e-01
4.380059347096213473e-01
4.300860949688594670e-01
4.492934878560296275e-01
4.147314612017856672e-01
4.190346320236683630e-01
4.321175188530176903e-01
4.202990694565968410e-01
3.743154942878875180e-01
4.599412238721466983e-01
3.974144893273986456e-01
4.079233352391152811e-01
4.388659433170714053e-01
4.324635859247020764e-01
4.758225891692941523e-01
4.654832493652194536e-01
4.135479409591393818e-01
4.056589208138444147e-01
3.805976098489481929e-01
4.404762129654462011e-01
4.180227790228684959e-01
4.338536077848874628e-01
4.402871667716020121e-01
4.682055346206816515e-01
4.738779964848720549e-01
5.228231963507650182e-01
4.490050159557638088e-01
4.476335359161747740e-01
4.832423502060256837e-01
4.237466369137007360e-01
4.404721292929128507e-01
4.649357630886864490e-01
4.364018802322552348e-01
4.364892004085647592e-01
3.675932309869077708e-01
4.645793118931352828e-01
4.433555749767853493e-01
4.337883092119584338e-01
4.329089228739814166e-01
4.135939984184366369e-01
4.786152170981596843e-01
4.258840332713442201e-01
4.182217575390071995e-01
4.548384414519013319e-01
4.530160059885734447e-01
4.593203655729153900e-01
4.610606603711773777e-01
4.076653342296515103e-01
4.326511373536874872e-01
3.946009370713131070e-01
4.291965020432755296e-01
4.271806961577309103e-01
4.721217549986558293e-01
4.396561178720218011e-01
4.645896551450026668e-01
4.506501760593220052e-01
4.054466649554603896e-01
4.253443249020387174e-01
4.663454313965674780e-01
4.641710531302231102e-01
4.333630452478363648e-01
4.763380418440992803e-01
4.899761299891242650e-01
4.747826579064771124e-01
4.609350054349073966e-01
4.483659464596882471e-01
5.212545028426658345e-01
4.374110722723915101e-01
4.108985563695918830e-01
4.592695244778825514e-01
4.674189329962261663e-01
4.575691855279307441e-01
4.235807519166459034e-01
4.847540118746693216e-01
4.485288440514169084e-01
4.120014380908066931e-01
4.083635585925173839e-01
4.252360076278323131e-01
4.365785234329868647e-01
4.354052588465649465e-01
4.276766676641278186e-01
3.972041410735339673e-01
5.101240124674791820e-01
4.074401483870219165e-01
3.905738664502256263e-01
4.484163248751620312e-01
4.369333700236337492e-01
4.247249584251744370e-01
4.166211791127481523e-01
4.563264492438612319e-01
4.192971631968683832e-01
4.527827847268028338e-01
4.940260427250755537e-01
4.541372454848155438e-01
4.067252946508832512e-01
4.470792493014949520e-01
4.394747336770419843e-01
4.343024318905328585e-01
4.205294719678249749e-01
4.249597525510254714e-01
4.104325739515408689e-01
4.406937644627407780e-01
3.966305746467077009e-01
4.438617705220985754e-01
4.007161603230500746e-01
4.328389395454023125e-01
4.384643472047773938e-01
4.624697063408833020e-01
4.780841336529275676e-01
4.773611193896287741e-01
4.437505418989775019e-01
4.216709770182526240e-01
3.994869636978907179e-01
4.311810312936542600e-01
4.518343187898749558e-01
4.154795435999471542e-01
4.436562135747728064e-01
4.637972653763527409e-01
4.530615191122722152e-01
4.892007889522715924e-01
4.291311750435206074e-01
4.427507365330859979e-01
4.382899854290006614e-01
4.024069707493093673e-01
4.029042970686126379e-01
4.282491207535800148e-01
4.256937809541109230e-01
4.294908192567743477e-01
4.389932628738056342e-01
4.093859741995551915e-01
4.463958962636790928e-01
3.939385087223488680e-01
4.423546484010290047e-01
4.394146220521796264e-01
4.455824611435966198e-01
3.985765220253025820e-01
4.055804563258995632e-01
4.454396916586193522e-01
4.551272045096507735e-01
4.328382870714949648e-01
3.834498062341548108e-01
4.286923410426499714e-01
4.884635773008082493e-01
3.918526400068395033e-01
4.228112647891352771e-01
4.328694744535621641e-01
4.110553646299140440e-01
4.552559080800446800e-01
4.259079719730448077e-01
4.478675268829154787e-01
4.354315422776513511e-01
4.674445400946502516e-01
3.939424354822417818e-01
4.697061787510694031e-01
4.578361598637790686e-01
4.371839103951712380e-01
4.331375574018132557e-01
4.453853500808732657e-01
3.803844828393497246e-01
4.057410120986149060e-01
4.262075316057447050e-01
4.057154559723152309e-01
3.751312093914734858e-01
4.562428546756885916e-01
4.121216665484295216e-01
3.869034047052960501e-01
3.957634130424509400e-01
4.214406303175015633e-01
4.430495046767594647e-01
4.120856323325309267e-01
4.135282953567342434e-01
4.327912926765937196e-01
4.118533623612916084e-01
4.690346745035474108e-01
4.525691709675723207e-01
4.484968779952733242e-01
4.333192267005687714e-01
4.945027909040905501e-01
4.765076097170873881e-01
5.030279086656050946e-01
4.676657508381006911e-01
4.490814171431519730e-01
4.488598829291891024e-01
4.752790543611951080e-01
4.372627746837798868e-01
4.101070473611615474e-01
4.581093980874110239e-01
4.507761538292144321e-01
4.607781020298839514e-01
4.666896451121034239e-01
4.458479057597990458e-01
4.410696290990965274e-01
4.207477702332810265e-01
3.760631071165988493e-01
4.360236093880364705e-01
3.727793628664516912e-01
3.932124113411630262e-01
4.207412707535789775e-01
4.442240846008428945e-01
4.317531927152665205e-01
4.644281207977504766e-01
4.076749363202591403e-01
3.766936859847108132e-01
4.234779869418189846e-01
4.117722127670117582e-01
4.308387739697132068e-01
4.129113321590720531e-01
4.151616998561602490e-01
4.307273133091294448e-01
4.437080307851406502e-01
4.072780190610149620e-01
4.431773812605444007e-01
4.779690403282997324e-01
4.232679592730401730e-01
4.382874774906514448e-01
4.453926706086852039e-01
4.825358802431142791e-01
4.482996275009631382e-01
4.159684264121756847e-01
4.378650736646897967e-01
4.156077435416531962e-01
4.999165272926945902e-01
4.649930139105283300e-01
4.012642952442484479e-01
4.996684538323263869e-01
4.591354458745536271e-01
4.734471666864141226e-01
4.218503614105974520e-01
4.398896000721831401e-01
4.459493295906640231e-01
4.274108365013595812e-01
4.608464921645731849e-01
4.306526680927235673e-01
4.442259059530169751e-01
4.819255498949359118e-01
4.469611434525861404e-01
4.131314262665162773e-01
4.423829436466870102e-01
3.901471069266014280e-01
4.497633974490325426e-01
4.504940630413074576e-01
4.769710341865771031e-01
4.140174071572528258e-01
5.013992430255549415e-01
4.434805491739530758e-01
4.296981488358805334e-01
4.424362340647871594e-01
4.600655360926704796e-01
4.744633576663659369e-01
4.354830056474794375e-01
4.162884469143051658e-01
4.477570706695266356e-01
4.299169525080507870e-01
4.133741796310227423e-01
4.809017710592256023e-01
4.585379854843312231e-01
4.451028862277090492e-01
5.034354441619152132e-01
4.756637297318803692e-01
4.140897479964733008e-01
4.464487298086884937e-01
4.093970700427682075e-01
4.283356035689835917e-01
4.873470623542262570e-01
4.668351888536335093e-01
4.605193754842580312e-01
4.320307561082050163e-01
4.943970294325675807e-01
4.410486376576830403e-01
4.354808357255801621e-01
4.449409270155099683e-01
4.214936893718365662e-01
3.885942671540819071e-01
3.852611499944037510e-01
4.096146220373378943e-01
4.118986528959446836e-01
4.246807177247843290e-01
4.594698524911292603e-01
4.402715864541835167e-01
4.644189400717432248e-01
4.417235655665296412e-01
4.447245436473915570e-01
4.761857958881662300e-01
4.502600670605618194e-01
4.516507473397382011e-01
4.432886031365914636e-01
4.280544014918886697e-01
4.573579794543999877e-01
5.001761140349747503e-01
4.691312861178120741e-01
4.319919395851156696e-01
4.218321981391338626e-01
4.617721173447927874e-01
4.281923051976191386e-01
4.478508992184258020e-01
4.432675347223569706e-01
4.306335048999421211e-01
4.070253330878384479e-01
4.186606056397784714e-01
3.988819362521273670e-01
4.080586954930146004e-01
4.273569821712490668e-01
4.397409553906174162e-01
4.797635610340362788e-01
4.673102345268599911e-01
4.591112637143067166e-01
4.766346997397378216e-01
4.657510584369080608e-01
4.650429079636533292e-01
4.630018140133618232e-01
4.722119953191994957e-01
4.585987341708843701e-01
4.183345547389482055e-01
4.436503373782691995e-01
3.921805635946680191e-01
4.193439680131563763e-01
4.532058791111595597e-01
4.243613667183327443e-01
4.364273765074902500e-01
4.523043857638431309e-01
4.413792225522610302e-01
4.400337634159672828e-01
4.125474878344663199e-01
4.113136817030236259e-01
4.270715807644936413e-01
4.524937324312946485e-01
4.656371509337305925e-01
4.690969253876128842e-01
4.263647300394665662e-01
4.589523293160643336e-01
4.253533467952417824e-01
4.372702803268033178e-01
4.292385716781772498e-01
4.715156247564788461e-01
4.124711500878428527e-01
4.260688904799419530e-01
4.484181439288347226e-01
4.782353221337277138e-01
4.115284298800982454e-01
4.627131273277509393e-01
4.841980055768457802e-01
4.346296053212979071e-01
4.077281515349379104e-01
4.383696285386068925e-01
4.298828664667993515e-01
4.343790211187701922e-01
4.479610196104638065e-01
4.352368367978070030e-01
4.441970029633678374e-01
4.644804431459750305e-01
4.660942073877842318e-01
4.490181863280400254e-01
4.624966571737989529e-01
5.045172866326869121e-01
4.200584734379225194e-01
4.387329048018540623e-01
4.328750884845068425e-01
4.248894468642199218e-01
4.232404787349565711e-01
4.591213167916603499e-01
5.143076250550925321e-01
4.619398669166976390e-01
4.443653963655536665e-01
4.714033011797451600e-01
4.628769337246624316e-01
4.464699632385455419e-01
4.465853358249731175e-01
5.596197558921380821e-01
4.603303341565225248e-01
3.926370043129679965e-01
4.842033730319008633e-01
4.180533396424723214e-01
4.441245358485470529e-01
4.731339547394345368e-01
4.500176488771553962e-01
4.550040566431027833e-01
4.383087536256409789e-01
4.755604596054022748e-01
4.582917868643312520e-01
3.919667973616665635e-01
4.545799876588820787e-01
4.529703701058656606e-01
4.181937957363583425e-01
4.696475752524611469e-01
4.760133870773379794e-01
4.818705403222752759e-01
4.809733114295560719e-01
4.472438505885411031e-01
4.380512315842288174e-01
4.686875110781839049e-01
4.595756862949786914e-01
4.332115471896254566e-01
4.796836531328133590e-01
4.604976381248695461e-01
4.628513968288958114e-01
4.193005528419886385e-01
4.564378439847158186e-01
4.353274092254170169e-01
4.200638171787405284e-01
3.972459194309074237e-01
4.610096794017016775e-01
4.728424891785703021e-01
3.894420733430004056e-01
4.625890697316094036e-01
4.565009588689532549e-01
4.792737328563205779e-01
4.092209522258385967e-01
4.111440992803733763e-01
4.171908590532029115e-01
4.532571116910537046e-01
4.256840742842365466e-01
4.556285889773379338e-01
4.740249380315120220e-01
4.284069406285434534e-01
4.015224650494703673e-01
4.302167682042365437e-01
4.156693346439718217e-01
4.501142670217426200e-01
4.414276848796686581e-01
4.075772681701675948e-01
3.992114177405768904e-01
4.178325307427508406e-01
4.632107609431605488e-01
4.103296522834277704e-01
4.036418678068141030e-01
4.061333629271484114e-01
4.095614887055729625e-01
4.402633742161871644e-01
4.342321763579517491e-01
4.475210246605222375e-01
4.071427505992146201e-01
3.747533802737480491e-01
4.336201467176926672e-01
4.747392585716211366e-01
4.686177768182820946e-01
4.414045994815559704e-01
4.253703009716036654e-01
4.471218620829842116e-01
4.635664731973968555e-01
4.870448310468891706e-01
4.407583063190702033e-01
4.462332901953149911e-01
4.306375292024695600e-01
3.949411946170064969e-01
4.476883747664108237e-01
4.525325162953420799e-01
4.264852118473438924e-01
3.961513593855245929e-01
4.065644747125842229e-01
4.641494204713909055e-01
4.409704228182015351e-01
4.052305695136837471e-01
4.412204229253651189e-01
4.686592900471976408e-01
4.288819125938896359e-01
4.275928376326002534e-01
5.087637091982588622e-01
4.596065694243675059e-01
4.335577252947718230e-01
4.328770270080841143e-01
4.305636469961751644e-01
4.139691169807848681e-01
3.792133057825176068e-01
4.010534431690565560e-01
4.818751632054492640e-01
4.827020849554923276e-01
4.842900763002677689e-01
4.660841284697361808e-01
4.773369877439858078e-01
4.405656569168282521e-01
4.496218774072560098e-01
4.191520206707448071e-01
4.118246551153360580e-01
4.659312639203220252e-01
4.202294694972449896e-01
4.671835175765108872e-01
3.919431575463785400e-01
4.380348395294805242e-01
4.574051270859448293e-01
4.145615282140762692e-01
4.358986006783258649e-01
4.249940748703696092e-01
4.193270186480242412e-01
3.954168224892529726e-01
4.283320003549577204e-01
4.559192591109777482e-01
4.144396503889923311e-01
4.502365231162833714e-01
4.775540772123154087e-01
4.453287897745162871e-01
4.406905472108040844e-01
3.926840192888353398e-01
4.022392307944895329e-01
3.549249384773736637e-01
4.261929802254617594e-01
4.285847574219059930e-01
4.482852522861820455e-01
4.256317015302254481e-01
4.401591200632280487e-01
4.196875880131170633e-01
4.472709317036275278e-01
4.341604559351360804e-01
3.711952601559567744e-01
4.261980933940583971e-01
4.195514738519349751e-01
4.731177530133689468e-01
3.815271888070290718e-01
4.303784883469438105e-01
4.536692718749916198e-01
4.054820677091436898e-01
4.100136738476298781e-01
4.453734888807196479e-01
4.670044470574264417e-01
4.371720298904310797e-01
4.543025375740910587e-01
4.829227653332450743e-01
4.539046066503303334e-01
4.395380430972732899e-01
4.410106169631131667e-01
4.133640339023602617e-01
4.154673753993052832e-01
3.942626885171935380e-01
4.066524370539256195e-01
4.273021882114030334e-01
4.215099100073150806e-01
3.787106450658436763e-01
4.746940963283676207e-01
4.124540395295838158e-01
3.817110437738734374e-01
3.950116730817734290e-01
4.414506594638166748e-01
4.268416014326942842e-01
3.800939925219400384e-01
4.228958721532116716e-01
3.867649898531033137e-01
4.295836383346999243e-01
4.384290605004526609e-01
4.063484082581654833e-01
4.104958327724429479e-01
3.809109281019076865e-01
3.717349186141543083e-01
3.825111374199837710e-01
4.159707336511900833e-01
4.152879290481497621e-01
3.720534436673413881e-01
4.067012637465698965e-01
4.431274992685148573e-01
4.534247782544909011e-01
4.658613168521075765e-01
4.746353059832851828e-01
4.296872490882311380e-01
4.574318129138530420e-01
4.672364878378273412e-01
4.422810054805247915e-01
4.688382894875327001e-01
4.129620729816622093e-01
3.582021593558795680e-01
4.552401994748911940e-01
4.546169080545188756e-01
4.580668521125285109e-01
4.118034196646266354e-01
4.680745986358580968e-01
4.701137501596772128e-01
4.753889665988305646e-01
4.486354434282789350e-01
4.436674567857449292e-01
4.538778111386174707e-01
4.014989303107368013e-01
4.940008532325159130e-01
4.508694889351199664e-01
4.596171576112585422e-01
4.637149161238193207e-01
4.573738211359837380e-01
4.679903881573863611e-01
4.509053908486380102e-01
4.581116329975639112e-01
4.503822746535701693e-01
4.606058296409948349e-01
4.365084031427752809e-01
4.476108655253185353e-01
4.542140375539635011e-01
4.841771717776534034e-01
4.276315188815331680e-01
4.565008150473714443e-01
4.665801114957515705e-01
4.883535680914103949e-01
4.434721816664815019e-01
4.578743889513052778e-01
4.607738088824089862e-01
4.658121197071728448e-01
4.105411975371597300e-01
4.001108282319408294e-01
4.092588157912162572e-01
4.647143356159206817e-01
3.905968175110322016e-01
4.747699194015569946e-01
4.550226216044607197e-01
4.812044066047206359e-01
4.436750920184745484e-01
4.713369790949625271e-01
4.313359503921816440e-01
3.761655424201297282e-01
4.256576547563968860e-01
4.420226821689848817e-01
4.213109725877173806e-01
4.323571600745150789e-01
4.499432028835918529e-01
4.227784562447947092e-01
4.465989634550219245e-01
4.294278614152354234e-01
4.623048435101454467e-01
4.235465157268717418e-01
4.371604003271982730e-01
4.900495992314772842e-01
4.924956501035014367e-01
4.509758742066733439e-01
4.172848205043119263e-01
4.556405079846784223e-01
4.523348081257644315e-01
4.795634134446734587e-01
4.987921670496403559e-01
4.476896185954196694e-01
4.380361751082589294e-01
4.442614799658763380e-01
4.905161322384648526e-01
4.560052308349528127e-01
4.302252157501444962e-01
4.553645763101156763e-01
4.162577030586907534e-01
4.183737224244807318e-01
3.483512527193349806e-01
3.785044439882188638e-01
3.808221945219584792e-01
3.793603549654673834e-01
3.936212186312823547e-01
4.269876380504366575e-01
4.626468760697952098e-01
4.803207288580301770e-01
4.065686041392679861e-01
4.228523170473412196e-01
3.883150449986750297e-01
4.589766062919762302e-01
4.329667361439359929e-01
4.451179226561386426e-01
4.801420773977791989e-01
4.111879991840233783e-01
4.330904691552854846e-01
4.388816280700425509e-01
4.272752442182110588e-01
4.493239482046699762e-01
4.668173937119566297e-01
4.992716842176525005e-01
4.512295475091768759e-01
4.311910607876997537e-01
4.453556225639688781e-01
4.448815062644580487e-01
4.220098768019163171e-01
4.452563902937413665e-01
4.757338530372189900e-01
5.065875834749639095e-01
4.434208462372249415e-01
4.368282197911841358e-01
3.911242992189145617e-01
4.011413366865578256e-01
4.680198281480775768e-01
4.506538721636648148e-01
3.968065814888914744e-01
4.088299924664166585e-01
4.303190284810456401e-01
4.327527233374478532e-01
4.722195463550930006e-01
4.413681609663932526e-01
4.837155760696235096e-01
4.681951478125813138e-01
4.604821855600177427e-01
4.709402689473163872e-01
4.010024315984946353e-01
4.235033873146621941e-01
4.685105194780982973e-01
4.226794270603528303e-01
4.195622417648462443e-01
4.601256230008609616e-01
4.289889087247850119e-01
4.181243015946261576e-01
3.669216160662329695e-01
4.187106646267328980e-01
4.849203959748424886e-01
4.138579711892628743e-01
4.328623534745139056e-01
4.285024723531198898e-01
4.450878932515503483e-01
4.267822468304069972e-01
4.218665901082341851e-01
4.615016676668199369e-01
4.897048520484956202e-01
4.526402374569274412e-01
4.652236908513330826e-01
4.312260618890109698e-01
4.397072522033260711e-01
3.808107946273678324e-01
4.181986224411761155e-01
4.423584961428706497e-01
4.265966321314080822e-01
4.347131690376686564e-01
4.813965741502620466e-01
4.306381937907566293e-01
4.046627216010392769e-01
3.915173136385026176e-01
4.336212260086261816e-01
4.322940144631722270e-01
4.518464357966877620e-01
4.645874713501192965e-01
3.986208836703405423e-01
4.261454112857536169e-01
4.490635052357116463e-01
4.357690323712704594e-01
4.651136422539796644e-01
4.651004487533259013e-01
4.354057013945550336e-01
4.636209423294597731e-01
4.791865961630413229e-01
4.954349487382966322e-01
4.368622961488738965e-01
4.423925444683112218e-01
4.391033599397638487e-01
4.504030075502264419e-01
4.570764145750475516e-01
4.392722078048027501e-01
4.028448918769009235e-01
4.591839938926989273e-01
3.955795671924920431e-01
4.257351297837055903e-01
4.436863711798229581e-01
4.488674523192361931e-01
4.436203652327994629e-01
4.493892141032790888e-01
4.330060422359736094e-01
3.590878068160251457e-01
4.013759325359366192e-01
4.165487520740246419e-01
4.488643123608787033e-01
3.973227689721439693e-01
3.908887480675303228e-01
3.945107035303609400e-01
4.593548547496955625e-01
4.369809376270079593e-01
4.432533625404782018e-01
4.143940629450764135e-01
4.468998649786535271e-01
4.479057241141060075e-01
4.015949801175403011e-01
4.539395631578863055e-01
4.820565401975138720e-01
4.349192231662170616e-01
4.148275702558794631e-01
4.184888030554390070e-01
4.210617142375524535e-01
4.235982555646549685e-01
4.141361737676618748e-01
4.453939809314380605e-01
4.273175667695268132e-01
4.351679084787379304e-01
4.409865320716350179e-01
4.343786189252475949e-01
4.557821067937983250e-01
4.755782412004768700e-01
4.905306238581187417e-01
4.641105993411979158e-01
4.020714445402340798e-01
4.371764011809860517e-01
4.768545602420849461e-01
4.681470993968182004e-01
4.555958266788555089e-01
4.350926855093461554e-01
4.338471977156668213e-01
4.786982445566858591e-01
4.109056992971197309e-01
4.506572192447543812e-01
4.335624775023779187e-01
4.553546984905847417e-01
4.497781159641502935e-01
3.810884815841696360e-01
4.418166721368040895e-01
4.953505723357113921e-01
4.447986064110585058e-01
4.378475011306361409e-01
4.486922815037560075e-01
4.429788608877328615e-01
4.266283436888746450e-01
4.295189926470910358e-01
3.891835469593827312e-01
4.216183320374802257e-01
4.500976892169209487e-01
4.526558720538765845e-01
4.131620727994538278e-01
4.141929867067082882e-01
4.291559576246480878e-01
4.512026917105142476e-01
4.417438176146561424e-01
4.873518896045461735e-01
4.906399162429841976e-01
4.243575380237366579e-01
4.626680168298296092e-01
4.631516105388147064e-01
4.541204268044180536e-01
4.502234566584799591e-01
4.742411272721266391e-01
4.682197749346684867e-01
4.824792292737016819e-01
5.021379395027346648e-01
5.065270446572260887e-01
4.608968518083775279e-01
4.598708708910539955e-01
4.505161801936310439e-01
4.698816013934417612e-01
4.763259294356098072e-01
4.901121185120670964e-01
5.033959600076263197e-01
4.455787023051192564e-01
4.266836044823497098e-01
4.371936997225265298e-01
4.364016712125958208e-01
4.444170875927735409e-01
4.079689326835964081e-01
4.469062537099852683e-01
4.699806718403430339e-01
4.334523610198406929e-01
4.381712508354465019e-01
4.516860530519458128e-01
4.394791300736814454e-01
4.589685707223655209e-01
4.504474734215520026e-01
4.352959720335093374e-01
4.078341587592630435e-01
4.171553353209129233e-01
4.096021044129429245e-01
4.003720414435431030e-01
3.901665772391003095e-01
3.914463917617267419e-01
3.877488990595538976e-01
4.250031450760500262e-01
4.490335836890516075e-01
3.829242927244050909e-01
4.441526927809926750e-01
4.169981357888589701e-01
3.676242879963895205e-01
3.981471787280996266e-01
4.050827131090160016e-01
4.436218002707493224e-01
4.367928008948624985e-01
4.172311843085625416e-01
4.546578169174834705e-01
5.029902520017549561e-01
4.671116118589579980e-01
4.821739338479189563e-01
4.683695564398755451e-01
4.311838701053861689e-01
4.299128121171170158e-01
4.519057363714527598e-01
4.540758870002346570e-01
4.155797209366349776e-01
4.470702623467009418e-01
4.271151492855662091e-01
3.952699183000257799e-01
4.335934779655817861e-01
3.706090640075598852e-01
4.355474350134133643e-01
4.202457873331135740e-01
4.509201567980403169e-01
4.557683591361200159e-01
4.373820723085313222e-01
3.972487771144465607e-01
4.128672048340332745e-01
3.914748309393965009e-01
4.577760027935618981e-01
4.204320054883480817e-01
4.284326516774279447e-01
3.855327674202639332e-01
4.303261875631865796e-01
4.159337524117849294e-01
4.496450156365509043e-01
4.076792606721413859e-01
3.935000879880386493e-01
4.530187587366323321e-01
4.707000623507210380e-01
4.377559230210075203e-01
4.234238115681343562e-01
3.929609397588801900e-01
4.582914270620828123e-01
4.231000482202691426e-01
4.501970152851044182e-01
3.906679200734129442e-01
3.780215348672141817e-01
3.712662819297609107e-01
4.362204147053387326e-01
4.521494763984377219e-01
4.500970753159411197e-01
4.577288423054819977e-01
4.409786886201106371e-01
4.302456519825900716e-01
4.549893839777474080e-01
4.154017310259657259e-01
4.298468595097206801e-01
4.159355737210087001e-01
4.657069897639022904e-01
4.175511939717242438e-01
4.091196700317681345e-01
4.687119308098406378e-01
4.256660815624689898e-01
3.839363045746037040e-01
4.317535958068596802e-01
4.171512424394589469e-01
4.376051538695255871e-01
4.642945191311182995e-01
4.390757728059780929e-01
4.305777275875787291e-01
4.121264532987742868e-01
4.280774705390865131e-01
4.199099023309468826e-01
4.234436380593893379e-01
4.151680764031869808e-01
4.009900192560899024e-01
4.229541886905476833e-01
4.236667138352256945e-01
4.461109354973041841e-01
4.630450072564906150e-01
4.480626345245647957e-01
4.461134880721709939e-01
3.928307529612151128e-01
3.994555415021314726e-01
4.066818590714454396e-01
4.037586981799391461e-01
4.302771181742853224e-01
4.944417475481854840e-01
5.148257715608985929e-01
4.903277194220646007e-01
4.402922194936703115e-01
4.290143128323582467e-01
4.679472255993311069e-01
4.382891852338915983e-01
4.630176855056664098e-01
4.657036405460870387e-01
4.429679028631793858e-01
4.621668348042546892e-01
4.171743168800755575e-01
4.167510915923846593e-01
4.393635109537042394e-01
4.544252680237126918e-01
4.640312286764858851e-01
4.243824815236310610e-01
4.214481032958721785e-01
4.736141468530933318e-01
4.612227272217728768e-01
4.577374185682126506e-01
4.911090284731939870e-01
4.600228821435540794e-01
4.612767826758566447e-01
4.464557579570109236e-01
4.394432392857594016e-01
4.648439135230519326e-01
4.457498621215793544e-01
4.564200724734731596e-01
4.426679331287181607e-01
4.801953998968724879e-01
4.620820021092786334e-01
4.379946062921443728e-01
4.498491647076566236e-01
4.913165783270168618e-01
5.116793756186078790e-01
5.102816738920630257e-01
4.759238430638492168e-01
4.498257473933858774e-01
4.446136558829517638e-01
4.725061328478068479e-01
4.398000594519514972e-01
3.908580921948268672e-01
4.378418539910813867e-01
4.858407169463328512e-01
3.880210509349464321e-01
4.193029063523983635e-01
4.392197041348913089e-01
3.882971284383149868e-01
4.260633991848833402e-01
4.619964110185297290e-01
4.648983896571629026e-01
4.659593944943807853e-01
4.413306691650923930e-01
4.590127687600602524e-01
4.124573081426385901e-01
4.576988743751160271e-01
4.387750644540096556e-01
4.191713637975966189e-01
4.169913206602978706e-01
4.330852855792771128e-01
3.982382251627818448e-01
3.978668282149498969e-01
4.180118256733235116e-01
4.576698833366816821e-01
3.848779556726286688e-01
4.275551234179148508e-01
4.258959773344077604e-01
4.019268502882306082e-01
4.193637011450426222e-01
4.531889069305188311e-01
4.681944067602520909e-01
4.686145069866236579e-01
4.796810199268274344e-01
4.590739520460574430e-01
4.216809993016764624e-01
4.158536732815717452e-01
4.180041645504676273e-01
4.681912928271688146e-01
4.673162591183186998e-01
4.774240006388146274e-01
4.213041010165228251e-01
4.443318561012698509e-01
4.221692989702502952e-01
4.456161542087836991e-01
4.309632226039483704e-01
4.465502815385772317e-01
4.333164185495941290e-01
4.575656161170891800e-01
4.293924519238292437e-01
4.251026182760705430e-01
4.989166005438940288e-01
4.423256946520499056e-01
4.608151093818133592e-01
5.029199726045515684e-01
4.878052935230074438e-01
4.383694862307211393e-01
4.772894844555932714e-01
4.402064010904361280e-01
4.057765584786754420e-01
4.327681112574029432e-01
4.589936096247244635e-01
4.293540118202293643e-01
4.714160127635151354e-01
4.258936593004308269e-01
4.336133862233487735e-01
4.403793002803610412e-01
3.947754704752134969e-01
4.732862207424609613e-01
3.968952700436029213e-01
4.341908607511075768e-01
4.337326793868145902e-01
4.373033946973344244e-01
4.596126057446482394e-01
4.488991837371112403e-01
4.265715887385139182e-01
4.437449613704217422e-01
3.998596671995759411e-01
4.252513915652843535e-01
4.190205505988237045e-01
4.525877250579329880e-01
4.257173701444857405e-01
3.741270322140579641e-01
3.749203753346990742e-01
3.847230337145085000e-01
4.002132905273355079e-01
4.014181644093963719e-01
3.840869598566913901e-01
3.915034629624389306e-01
3.843518913494604616e-01
3.932563440668560562e-01
3.764725177996741112e-01
4.602170320138652126e-01
4.217679034594868925e-01
4.548342993618162411e-01
4.719053895369456075e-01
4.057940028082516193e-01
4.047450464403248294e-01
4.141864899565101399e-01
4.841891199167483451e-01
4.470199834754570722e-01
4.812722832029118214e-01
4.531974215526736183e-01
3.975123722805519733e-01
5.195845688312842325e-01
4.644389781038531506e-01
4.271145314031017381e-01
3.946362722367814935e-01
3.869561171662079246e-01
4.113699290992133828e-01
4.692181193328182065e-01
4.630716951129996706e-01
4.132333204932667758e-01
4.316933056180084494e-01
4.492768380880561851e-01
4.205126866596980983e-01
4.189622639682907823e-01
3.895931947714631471e-01
4.161877651646112564e-01
4.039773484228434408e-01
4.368268489865351767e-01
4.243477390753392364e-01
4.226253973592480340e-01
4.720568316826824762e-01
4.514783759670649710e-01
4.434156553882108720e-01
4.576292871093322612e-01
4.581229722147809325e-01
4.380105940644397067e-01
4.229424541126942660e-01
4.780760465559190653e-01
4.242214197166924716e-01
4.245853447656066648e-01
4.319274998595773463e-01
4.535478322413459829e-01
4.293876554697021453e-01
4.700673925692246402e-01
4.312700354869326014e-01
4.148609217840145691e-01
4.452955642708393835e-01
4.104492085255241340e-01
4.639846112084891061e-01
4.388619392112757533e-01
4.336322126067820859e-01
4.587136065315183808e-01
4.926532245539103627e-01
4.186361456042779761e-01
4.074347432676578840e-01
4.302100497026597470e-01
4.924166001717398267e-01
4.544098176698067038e-01
4.652041324864537586e-01
4.465851930671240200e-01
4.741325694004176472e-01
4.016407241839644593e-01
4.740004326148564706e-01
3.692718712643703882e-01
4.844818339550860942e-01
4.275459819678918971e-01
4.066580036466304060e-01
4.118921111278474045e-01
4.290071017475102777e-01
4.459262039346498785e-01
4.568675208870840443e-01
4.533004629836645538e-01
4.650287267005848157e-01
4.114875411372230785e-01
4.152393317910484938e-01
3.930023971394124849e-01
4.038430158273730308e-01
4.597895648691787129e-01
4.424992829203249767e-01
4.339260823261866240e-01
4.510060044543516278e-01
4.403734173722932965e-01
4.388414200416498878e-01
4.449993897028263756e-01
4.236884087430871637e-01
4.203605730377374949e-01
4.267691296232348774e-01
4.434350407761975532e-01
4.552915509714839382e-01
4.175275414528376583e-01
4.253182205815165262e-01
4.368824964701069624e-01
4.487773300321810099e-01
4.362319617026819696e-01
4.093856189300594250e-01
4.388074422370935035e-01
4.181064809193928977e-01
4.170055443185228250e-01
3.840804522585955505e-01
3.901684890633826397e-01
4.240456369791477109e-01
4.103998407235993073e-01
4.243285832914008293e-01
4.341972906237225871e-01
4.476574039010824402e-01
4.557847476293673816e-01
4.242342720059318339e-01
4.361276106576613687e-01
4.251810303727229789e-01
4.725953177118679682e-01
4.390542161820293887e-01
4.755589145957297426e-01
4.608259748456293714e-01
4.626826456990857928e-01
4.709533002233270427e-01
4.499028797182504924e-01
4.593012275770352870e-01
4.538695619450297536e-01
3.959322280138723449e-01
4.515310329071350326e-01
4.616898626804188943e-01
4.382640068652027265e-01
4.151649719165936836e-01
4.200738682790284839e-01
3.986727836201389152e-01
4.351731185935082680e-01
4.154276426188824867e-01
4.730862777881605363e-01
4.051424988387203330e-01
4.207069445263315610e-01
4.310913890194407738e-01
4.205809675497375610e-01
4.677917662460144288e-01
4.863716337635980436e-01
4.696890689736357150e-01
4.703312314921724302e-01
4.748360487207867187e-01
4.715010861065047632e-01
4.537481987208200063e-01
4.423588903492561286e-01
4.791267607475137580e-01
4.355562707809402800e-01
4.552474063711454688e-01
4.548812516585668542e-01
4.199679910707790342e-01
4.312965206710119848e-01
5.020901172152134606e-01
4.613003454491098609e-01
4.521244343257833642e-01
4.413924332865057920e-01
4.578255512666570826e-01
4.752747342249688534e-01
4.763821211669243549e-01
4.790744961494024512e-01
4.680043740572290556e-01
4.228813143198204560e-01
3.950140841853201912e-01
3.944464529239604667e-01
4.079817754569441957e-01
4.120338659810353632e-01
4.125664956005966055e-01
4.325995636008834189e-01
4.090130166634685094e-01
4.190387230420666853e-01
4.653013419545530271e-01
4.703299875258034612e-01
4.173942309523819283e-01
3.951639933288795814e-01
4.276201006709804409e-01
4.826056717589815026e-01
4.543194037390451689e-01
4.063352437779942372e-01
3.629473011161948315e-01
3.764807818089087599e-01
4.041126863042126538e-01
4.372412696204479587e-01
4.457487454304612240e-01
4.251295699231594782e-01
4.078680448836669581e-01
4.053229750219668470e-01
4.367261201862500664e-01
4.331455571524624459e-01
4.440360461543405579e-01
4.391161997029630615e-01
4.765489393696244469e-01
4.137917106548797408e-01
4.229884691734662194e-01
3.989624829092708325e-01
4.332877963718020919e-01
4.568149798312192700e-01
4.242989337696831398e-01
3.907963496410261639e-01
4.554261185707537685e-01
4.255350806863286151e-01
4.633312088415186825e-01
4.180904065329432706e-01
4.228722339793201668e-01
4.256052287732961514e-01
4.265632949438266097e-01
4.511118505086570973e-01
4.219557714997747011e-01
4.435218634030517193e-01
4.551850287124303285e-01
4.362412327015620650e-01
4.276407015733087458e-01
4.289366576205934090e-01
4.515323471556826895e-01
4.953466813532317881e-01
4.916328050924257398e-01
5.401530043261679737e-01
4.789595727027218253e-01
4.205522518651110819e-01
4.735901693704161475e-01
4.416280481154883919e-01
4.541944092703341096e-01
4.447923769935286376e-01
4.691621671413235828e-01
4.391841900794196674e-01
4.534399880847029274e-01
4.291872239447306336e-01
4.137102674938590297e-01
4.167134050613967577e-01
3.918310881965920700e-01
4.455101161421251565e-01
4.181814842801188647e-01
4.676732287714781555e-01
4.366106475632002271e-01
4.178212284522321851e-01
4.823660525230946128e-01
4.562228951703573010e-01
4.469207048484969413e-01
4.958077418697610095e-01
4.773261672117644072e-01
4.746015726806702140e-01
4.494846831425196587e-01
4.605159095486149323e-01
4.641930485295509001e-01
4.831828227945035859e-01
4.022469383905377671e-01
4.496568893368179110e-01
4.129800355914770571e-01
4.379672121212470626e-01
4.124717439845786426e-01
4.490640503912833315e-01
4.101926952191318199e-01
4.139481809811289548e-01
4.496490808825810981e-01
4.441433389657176156e-01
4.256989732137262394e-01
4.552712790690643940e-01
4.326900330244038972e-01
4.110656597718410077e-01
4.400385262059482439e-01
4.742035327876715778e-01
4.684471531054296700e-01
4.805013178528365625e-01
3.905922312116371642e-01
4.973365921581943683e-01
4.474865964909276461e-01
4.740035469710653926e-01
4.781301010891316761e-01
4.349179921225439505e-01
4.438852589762774525e-01
4.329267449734754969e-01
4.474995761868245103e-01
3.909724591792078097e-01
4.324303496214745302e-01
4.093018671228018102e-01
4.847250831978485164e-01
3.881384951101307657e-01
4.395428969688168763e-01
4.144556371516522897e-01
4.257725951653633656e-01
4.310377024998999773e-01
4.772464581407909190e-01
4.716782259353649587e-01
4.614524975802966611e-01
4.112192807699168728e-01
4.355435014097266966e-01
4.713668392102530191e-01
4.326234874428639965e-01
4.171013598683452339e-01
3.968783363124118724e-01
3.925507709134999357e-01
4.432337288427168343e-01
4.554477607680797457e-01
4.776414901006595382e-01
4.609999145363133377e-01
5.160677739114584162e-01
4.765277200730841933e-01
3.984710035714156828e-01
4.705810092179185111e-01
4.302121278950369332e-01
4.186338536789677711e-01
4.441075990695008691e-01
4.404163989520190614e-01
4.033389576753275141e-01
4.402805376642227597e-01
4.321092959885889928e-01
3.747528631093615115e-01
3.946096256078345799e-01
4.402971939705340731e-01
3.925716111989370760e-01
3.904659317894477732e-01
4.528372750217686260e-01
4.537014989245181096e-01
4.822786103957378834e-01
4.930623994776947572e-01
4.355525515666574532e-01
4.441816889261148704e-01
4.524995774255867742e-01
4.285247283131615181e-01
4.687690881321109337e-01
4.092434277228361172e-01
3.954415542465225530e-01
4.049919958624552119e-01
4.515852928452027126e-01
4.337163050783669482e-01
3.806766001791714871e-01
3.814528044901551174e-01
4.239054075491170970e-01
4.195018266381293492e-01
4.951618756257534781e-01
4.138266152342080506e-01
4.639944646301380482e-01
3.890860416247297060e-01
4.019227082632981785e-01
4.163412329137465839e-01
4.333341226330291729e-01
4.808118523245520359e-01
3.989887245083584832e-01
4.452553384985852292e-01
4.662985242102196670e-01
4.342518524996236140e-01
4.769521926889870311e-01
4.150536188603543009e-01
4.368568769770030391e-01
4.308794135012219417e-01
3.863404440372250614e-01
4.093309975871718964e-01
4.049539137946812639e-01
4.103081685897237429e-01
3.780702131042589786e-01
4.563403803289625138e-01
3.871165632297164927e-01
4.299091672075563419e-01
4.280066326892649209e-01
4.459208353181710605e-01
4.270711286101581683e-01
4.481782859697956423e-01
4.584440555336187773e-01
4.421493943078081412e-01
4.299175867076172608e-01
4.189919365251256189e-01
4.684074710614365422e-01
4.305210797212126739e-01
4.245751231459994890e-01
4.392295760740196897e-01
4.569880713072133616e-01
4.804759742212621476e-01
4.065243934675067394e-01
4.246166203158950325e-01
4.700461803155879803e-01
4.371763242500071311e-01
4.051915105775334425e-01
4.582110005213058668e-01
4.363503545681284845e-01
4.627877218400698878e-01
4.078538316884313675e-01
4.492568399982756477e-01
4.393699480674134739e-01
4.758482208728365137e-01
4.508247727099758961e-01
4.461670819074394223e-01
4.193459724850857606e-01
4.304249511097242298e-01
4.406727810615292951e-01
4.579780971228764597e-01
4.614983213913986804e-01
4.281482127906838242e-01
4.667222407784087923e-01
4.998548137051492257e-01
4.757423561057919636e-01
4.664935267089836968e-01
4.100891645345167147e-01
4.410342174485321065e-01
4.288852204558843972e-01
4.118718789207716502e-01
4.266444067665758344e-01
4.259951405757235188e-01
4.499472461547333046e-01
4.027437592483680273e-01
4.318286655524911644e-01
4.615272263165340338e-01
4.066004497258938200e-01
4.035123309906952782e-01
4.114222821532655949e-01
4.367480446028788599e-01
4.613159494491477775e-01
3.754143771234546012e-01
4.584638547523208763e-01
4.355083802468435183e-01
4.234867870955268954e-01
4.071774415381330114e-01
4.346582991791744233e-01
4.561174752377148978e-01
4.385717853374462294e-01
4.914980551137283493e-01
4.721610648966230173e-01
4.284453942418329220e-01
4.476485566590807652e-01
4.506242081315772752e-01
4.780149539412801851e-01
4.533656674288620847e-01
4.598249434912142775e-01
4.462026068186199512e-01
4.520378086228140635e-01
4.137494418907289861e-01
4.282052524672330662e-01
4.101707700092243614e-01
3.908333277472818557e-01
4.493847407256434390e-01
3.920933506577295447e-01
4.278782025806782685e-01
3.945166075862155397e-01
3.263240266918788213e-01
4.268094676399240006e-01
4.225478263045252536e-01
3.907681194764758281e-01
3.881903893808753558e-01
4.607896987475240680e-01
3.990928348500408784e-01
3.943240384424473444e-01
4.679153674541893793e-01
4.055196044231914598e-01
4.268506258265620246e-01
4.507962121168158087e-01
4.238110498883453370e-01
4.666770467267162825e-01
4.112063037704530855e-01
4.218838900627551736e-01
4.705370909756284581e-01
3.915184171766254995e-01
4.692384277099321821e-01
4.519969574378606691e-01
4.493030660794600784e-01
4.716615912217886342e-01
4.987581458699984482e-01
4.580169562320857146e-01
4.590306045428746429e-01
4.448886246881000317e-01
4.379943977620300299e-01
4.421892742359095907e-01
4.244601669655270748e-01
4.611976628740162010e-01
4.146457964560087972e-01
4.376273585722200710e-01
4.213755881861984687e-01
4.310481382823175278e-01
4.013585020655102698e-01
4.374095617435218575e-01
4.396946058395332368e-01
4.564790081113355713e-01
4.959529843853623388e-01
4.445722732093445040e-01
4.759029681025139236e-01
4.265323281995697657e-01
4.033670149635076863e-01
4.508711327035113126e-01
4.238868136298008515e-01
3.731913685895127952e-01
3.991618340282406807e-01
4.026569396023102487e-01
4.484488263254824969e-01
4.510503659358840456e-01
4.400857500642071929e-01
4.327277040507907513e-01
4.190200937718976393e-01
4.305214495537371677e-01
3.950828704534957159e-01
4.074925553663155120e-01
4.267416017745949697e-01
4.226955422689911979e-01
4.041767805128727575e-01
3.984685504737343620e-01
4.412560537116136383e-01
3.985353481910282603e-01
4.674741602431494170e-01
4.297227530623532465e-01
4.339307480611257484e-01
4.263053348672745102e-01
3.911525619860629632e-01
3.682680739472273812e-01
4.320599668588598341e-01
4.350080883001431475e-01
4.202231069955477682e-01
4.416707431881892187e-01
4.087404964302119859e-01
4.151568201243994727e-01
3.862880643970000305e-01
3.563303447204975716e-01
4.351514836169161904e-01
3.863430304097246748e-01
4.525796389581001056e-01
4.320755242786113448e-01
4.572757726976316439e-01
4.362449069908218569e-01
4.210658700983251346e-01
4.455847265628846143e-01
4.389232743578058704e-01
4.604545697145938643e-01
4.260694151432186660e-01
4.340473203314862416e-01
4.117926923878360568e-01
4.144594317166334640e-01
4.437090461993353774e-01
4.300550015366826906e-01
4.341577395175783005e-01
4.223446889649940528e-01
4.489081544690175507e-01
4.099990207676989518e-01
3.967694918171286167e-01
4.266905234395724222e-01
4.215814955505126638e-01
4.334981824413132734e-01
4.427035947291333429e-01
4.425791964232285158e-01
4.641489054637953915e-01
4.230805082936119899e-01
4.563355755975553874e-01
4.583371407019594113e-01
4.206913549131373053e-01
4.505525817083508855e-01
4.284420929605879391e-01
4.593286011137248104e-01
4.286219943370269125e-01
4.782192353534544527e-01
4.738143330613979742e-01
4.560513949607161166e-01
4.402538953103086738e-01
4.097675080443463624e-01
4.453997855112317161e-01
4.625102231438776856e-01
4.499167463283056390e-01
4.222250222321178303e-01
3.910185995721985885e-01
4.338974537309557844e-01
4.021051142164054903e-01
4.071148409350695552e-01
4.383303975179331236e-01
4.377415258105206153e-01
4.359582886553836079e-01
3.937421379837536817e-01
4.694519960179510676e-01
4.611381541836888642e-01
4.485864417538724669e-01
4.611309165191744275e-01
4.408121832230827430e-01
4.164704747430632015e-01
3.740463697165988810e-01
4.221238821257969343e-01
4.370615255215955508e-01
4.558870988914966449e-01
4.478156465135373354e-01
4.633282998479927861e-01
4.540119399541657219e-01
4.569881959471518984e-01
4.533051682448948072e-01
4.573463800988609163e-01
4.595183161568294206e-01
4.255215265115460110e-01
4.355207188879526847e-01
4.032334867171821768e-01
4.197201077128778213e-01
4.189166336106798227e-01
4.550816242358152741e-01
4.088972864697665854e-01
4.235529458476146036e-01
4.772566932277493845e-01
4.695344494429727900e-01
4.210502174629830452e-01
4.044228651767564076e-01
4.269173292874334780e-01
3.902381037255526208e-01
3.736070923247506448e-01
4.289283358555465719e-01
4.265222814847914878e-01
4.289276737348817758e-01
4.793180068323776855e-01
4.456696644098728788e-01
4.224659519888672166e-01
4.282367925480402571e-01
4.180287812924993185e-01
3.865649126303213334e-01
4.481328588546184544e-01
4.088924558781725782e-01
4.172085281167871029e-01
3.977262245372444882e-01
4.471548855279653956e-01
4.551506091164309042e-01
4.754946877808695627e-01
4.291561954217341102e-01
4.830810773379163869e-01
4.811609559003471315e-01
4.796904270174436324e-01
4.407950342516532283e-01
3.787553726294716760e-01
4.357405411135408801e-01
4.495854888963034535e-01
4.265112772376222772e-01
4.554694140378886535e-01
4.133085735251932347e-01
4.541026554183937858e-01
4.837654747535828914e-01
4.245092455286122446e-01
4.111365988026459695e-01
3.878874550698688251e-01
4.562784608078371829e-01
4.114156730437580900e-01
4.386204054319717827e-01
4.562358937431166828e-01
4.262351836608357369e-01
4.470770887867172583e-01
4.376738464576719334e-01
4.794892079808151797e-01
4.730998112635128039e-01
4.341024057319845531e-01
4.498969442805055841e-01
4.562940810319273677e-01
5.080789343126386193e-01
4.739386299059942798e-01
3.955249339039176859e-01
4.520557971156373145e-01
4.960569485916902499e-01
4.636436095551849657e-01
4.447945328866719783e-01
4.160189597937937189e-01
4.855509560551439785e-01
4.700049837760377214e-01
4.323493792682825410e-01
3.944647237549411822e-01
4.135496662160285664e-01
4.271861221339148806e-01
4.774413987947547233e-01
4.364382115557567943e-01
4.555956350935393973e-01
4.003707446876387244e-01
4.117400167970979852e-01
4.647158105142962237e-01
4.364969565031086018e-01
4.357905039437116046e-01
4.238541212549031822e-01
4.498862166309671728e-01
4.389600084195930951e-01
4.011752594781501369e-01
4.137023000881780987e-01
4.189046292164265162e-01
4.118670579529181697e-01
4.457793514161614845e-01
4.943054597923070004e-01
4.596736847746725196e-01
4.690434316386627445e-01
4.934990098725266505e-01
4.734691028664636536e-01
4.358642895280814833e-01
4.532784589506163031e-01
4.089086398114211152e-01
4.511713945601020792e-01
4.283936103679512608e-01
4.262172927677997936e-01
4.527283911128433536e-01
4.145342916934784405e-01
3.920847105508959984e-01
4.235921896667188546e-01
4.333960799498239869e-01
4.363349541990277913e-01
4.567472263344303229e-01
4.411438348434206791e-01
4.300913102032610791e-01
4.811417617940981772e-01
4.306126695726927300e-01
4.522958039147346176e-01
4.282227741256051101e-01
4.382154474473751171e-01
4.551547205652307082e-01
4.681926145810852424e-01
5.003476562640856162e-01
4.841492178179105932e-01
4.656917748843623084e-01
4.098026689629996056e-01
4.544671705940681039e-01
4.521253688753875122e-01
4.221712686639911838e-01
4.410640485334332284e-01
4.156153104350156502e-01
4.044070508067506564e-01
4.306384132099012052e-01
4.236927172267667130e-01
4.239579402338518044e-01
4.679705188840984076e-01
4.249217902119427626e-01
4.238973622430670662e-01
4.402075423935557508e-01
4.098337561505027149e-01
4.496987057561944723e-01
5.171052340247428436e-01
4.758709721520819058e-01
4.112170051504254187e-01
4.126861743743305277e-01
4.686961771443537983e-01
4.287200829391327739e-01
4.581959206616417202e-01
4.116212945929849099e-01
4.491060519964326647e-01
4.599557881357545508e-01
4.761707516133605322e-01
4.324546734548396776e-01
4.796026970995630467e-01
5.012931714272901296e-01
4.604990891390978724e-01
4.531728420415012115e-01
4.812911759322385796e-01
4.457511291042821622e-01
4.603909859094382773e-01
4.314579760740517300e-01
4.338376240264656403e-01
3.964450173307030312e-01
3.995381230997304689e-01
4.532529111364957952e-01
4.897006501930422084e-01
4.178358902656266194e-01
4.220579688200034041e-01
4.607754643260035254e-01
4.466705144677772799e-01
4.148816211649137276e-01
4.156876466211388288e-01
4.569484076286693397e-01
4.569455697955284723e-01
4.679312876516331654e-01
4.405514718799389273e-01
3.962547933893067476e-01
4.438576584438110317e-01
4.668270117626397986e-01
4.466096069938263469e-01
4.662929884123773183e-01
4.328960513738779881e-01
4.506419000945155462e-01
4.956829016128817544e-01
4.091957738467831285e-01
4.063795558465354563e-01
4.323819755257597430e-01
4.095695194444920473e-01
4.659346489101062194e-01
4.170410859124124570e-01
4.174908997730186200e-01
4.297554753147738715e-01
4.118463439267304738e-01
4.404418396255063151e-01
4.277553974103604495e-01
4.088420057793062390e-01
4.420113723343381817e-01
4.190197951819525923e-01
4.376497528283521676e-01
4.607325914314372439e-01
4.363304208626061498e-01
4.498047982151192614e-01
4.149355650921825456e-01
4.228496097093429884e-01
4.523236650346287302e-01
4.763150979830700349e-01
4.181792341778501343e-01
4.133402871102072051e-01
4.792206011749100547e-01
4.760382047339807299e-01
4.592527244222614491e-01
3.923812576798464957e-01
4.343682261709910231e-01
4.669575405693866532e-01
4.651439582318769306e-01
3.873901635417335565e-01
4.922974833327030675e-01
4.371798058858956115e-01
4.179033883819623929e-01
4.256677945586077039e-01
4.672305421878960030e-01
4.258744372927057986e-01
4.405791424039603998e-01
4.252799135498873673e-01
4.193434836992054326e-01
4.551904535369631355e-01
4.356502878735006301e-01
4.429948218489819789e-01
4.404850243790871533e-01
4.163068073242943146e-01
4.290936382070982269e-01
4.339772725994336944e-01
4.528123784650013861e-01
4.440344764108669628e-01
4.612288261719227345e-01
3.947354216709849650e-01
4.262311968314962951e-01
4.115607614801874425e-01
4.349252641417135079e-01
4.463864109453291595e-01
4.098806356988921595e-01
4.581693216113100764e-01
4.289306153725403470e-01
4.318134725273276020e-01
4.647796460413060049e-01
3.875013445572805804e-01
4.731936345726385218e-01
4.421483809727302372e-01
4.330563452621101206e-01
4.350372521522370417e-01
4.041998198751483584e-01
4.741027802967333060e-01
4.536948357157051803e-01
4.168486613647828798e-01
3.877161685544648351e-01
4.000687331249788148e-01
4.523212501653354201e-01
4.345525416620072412e-01
4.111048658289327973e-01
4.109501388698353908e-01
4.716934909474910786e-01
4.451748821417059743e-01
4.613258448881432106e-01
4.264614057468783526e-01
4.120731482060938644e-01
4.379492772832809244e-01
4.380984140066154220e-01
4.100128384377516033e-01
3.990522556088085815e-01
4.023573130707677747e-01
4.378557187089009983e-01
4.271995212765932193e-01
4.162244850623117443e-01
4.322439672786122511e-01
4.436724211641407400e-01
3.940516464796254836e-01
4.407015729024931217e-01
4.343963052048945839e-01
4.237926920999319225e-01
4.716481688911501879e-01
4.367794254927440112e-01
4.609161858854635141e-01
4.370153124677415013e-01
4.558876234344376721e-01
4.020922260465993325e-01
3.895437660441178895e-01
3.961935351673335215e-01
4.102676694926261636e-01
3.661648221912557344e-01
3.709045455919708911e-01
4.220055975705701012e-01
4.619257645477110596e-01
4.006947739988314106e-01
3.886058462113346490e-01
4.293921085177317964e-01
4.224986116522138624e-01
4.008586116210794414e-01
4.507760923877875969e-01
3.900340552849720921e-01
4.534386628660710405e-01
4.804726266753268638e-01
4.294812244039810656e-01
4.142768324770625399e-01
4.060090730719014829e-01
4.871906625575550542e-01
4.679925555180398655e-01
4.430649088422279336e-01
4.869377947008143859e-01
4.504781540431347375e-01
4.353998101526999065e-01
4.313001483617224241e-01
5.103586897570943082e-01
4.306698162777748973e-01
4.533635638975603288e-01
4.163933930171810349e-01
4.838596348884059983e-01
4.849150647571772166e-01
4.469565827355278520e-01
4.527637323639275846e-01
4.720298865310903480e-01
4.859291218373396615e-01
4.752850878720050187e-01
4.263265597544741436e-01
3.873462719113597297e-01
4.655946238944412285e-01
4.310073290681514790e-01
4.286380111371259072e-01
4.405354642539557330e-01
4.403559314336842889e-01
4.088870011033869933e-01
4.193724689707100106e-01
4.466795617075517977e-01
4.554219703368746486e-01
4.487518875046352385e-01
4.323528197476357304e-01
4.510088753385343985e-01
4.432091500859934308e-01
4.441031662092818078e-01
4.478428510397090001e-01
4.338263934894430740e-01
4.208083008812433801e-01
4.542200986732018997e-01
4.684145753778954369e-01
4.313988156682375119e-01
4.715482574777455915e-01
4.557057642658134955e-01
4.203378458191349143e-01
3.871630081144782354e-01
4.144154530722262142e-01
4.431477689177811263e-01
4.287614532870510642e-01
4.339887882755859572e-01
4.437029599556328030e-01
4.433468237354696861e-01
4.096287892026213018e-01
4.426401115736564584e-01
4.501698696015013490e-01
4.294115513668277373e-01
4.857708575342204460e-01
4.568952896631920391e-01
4.302763861207172802e-01
4.512836206114216875e-01
4.278181548437715587e-01
4.708434314540951848e-01
4.792956606611639692e-01
3.959044030906635481e-01
4.465717555300451891e-01
4.701365262915033760e-01
4.668434796237699302e-01
4.018541459984339426e-01
4.116507534587274808e-01
4.321925988996299650e-01
4.049885245152555768e-01
3.958706102646536440e-01
4.012904855616032385e-01
4.484135080118873962e-01
4.302381981391780186e-01
4.093026997140649104e-01
4.266928812853161279e-01
4.450475776528410865e-01
4.365052250072711248e-01
4.471723049840353181e-01
4.463237579289604517e-01
4.095153858404986247e-01
4.641368233017793554e-01
4.677592337817257917e-01
4.379105505052466318e-01
4.090063222913503660e-01
4.086033426098662491e-01
4.659847398794154660e-01
4.670719205101204752e-01
4.172672536096249662e-01
4.478039328224525661e-01
4.579962069919792933e-01
3.625649999119009426e-01
5.014865934284684634e-01
4.233996157833938012e-01
4.331842867281668341e-01
4.006151830701671357e-01
3.974264443504830213e-01
4.287739922056713060e-01
4.203290673200698602e-01
4.641268397737046691e-01
4.573221354058745747e-01
4.445362161308343829e-01
4.593910092367617382e-01
4.214199753055907771e-01
4.681826232111502839e-01
3.868252397746108073e-01
4.218171360844931717e-01
4.406833951351041279e-01
4.624006055114953662e-01
4.399054293389619286e-01
4.572987859665743060e-01
4.737440506252361128e-01
4.551744810044324741e-01
4.329473609039911630e-01
4.455690971120698229e-01
4.357986456969789590e-01
4.645874607188605898e-01
4.295263366795034066e-01
4.329341369113683946e-01
4.823106303970386421e-01
4.715612907819860533e-01
4.411795338036552105e-01
4.101455135275246522e-01
4.229816088423581366e-01
4.539479074015250748e-01
4.048638837184816430e-01
4.700087343723732269e-01
4.263814398796551552e-01
4.708172168155537740e-01
4.048878626219515886e-01
4.542278711548169978e-01
4.366563985956575800e-01
4.237055240559924885e-01
4.043735743110374314e-01
4.518992883961279738e-01
4.757329121920536030e-01
4.479433354821644175e-01
4.281899337098206693e-01
4.463360968601911560e-01
4.371248413403907018e-01
4.538686917868991477e-01
4.166031371034306652e-01
4.243653777552147677e-01
3.993139934231910715e-01
4.595061359603310192e-01
4.782466938794879274e-01
4.415836425921517150e-01
4.330665057569970666e-01
4.684465313778676809e-01
4.989002170645115974e-01
4.528425570866930761e-01
4.339655538347143016e-01
4.744785025138553713e-01
4.673963820487199161e-01
4.284471761116770416e-01
4.515358575301994248e-01
4.548763787887445953e-01
4.720607588224786655e-01
4.564649545399987463e-01
3.896494570314049666e-01
4.578204364434180773e-01
4.284662458161790366e-01
4.076070878819356702e-01
4.282337533945786978e-01
4.394477157751374152e-01
3.896961597472938799e-01
4.092728487893178002e-01
3.513997971662836672e-01
4.170396632049017116e-01
4.066597985404391546e-01
4.458131782356219430e-01
4.295965903168540434e-01
4.100750457125242332e-01
3.923160524333069721e-01
4.184986576288284854e-01
3.925745187038267026e-01
4.225511950942849038e-01
3.914368086722680995e-01
4.390967706502359458e-01
4.728295995573442712e-01
4.192591433148528668e-01
4.204779372181241537e-01
4.491901457459229752e-01
4.328546671799801682e-01
4.514889898173231053e-01
4.832848489289093830e-01
4.240900687033808958e-01
3.679229069732800061e-01
4.137770072000370170e-01
4.698132333127336691e-01
4.091846510178521190e-01
3.956687232987724512e-01
3.697223057243236299e-01
4.309356937024473866e-01
4.067693441735987792e-01
4.034609084564177439e-01
3.927282348657924471e-01
4.291192395692064454e-01
3.992623258252459562e-01
4.572581283382096129e-01
4.337570681532958994e-01
4.093829383607101025e-01
4.969054147999288906e-01
4.432847619322155541e-01
4.367008957085672938e-01
4.893322338901556767e-01
4.276469891501485376e-01
4.225473828682318467e-01
4.441044081010055433e-01
4.727847621077409523e-01
4.774410927178450170e-01
4.929098097110969912e-01
4.833633761849618904e-01
4.449544604656411884e-01
5.027157373058154244e-01
4.451010299489259747e-01
4.807928631313098111e-01
4.102520916858190536e-01
4.453995661560864461e-01
4.521922707780661743e-01
4.298113911399976117e-01
4.114068897329271612e-01
4.246059066598402709e-01
4.525581578929435689e-01
4.343415793630891475e-01
4.335259799378580192e-01
4.158260578368069282e-01
4.581549865447295256e-01
4.392822489322864565e-01
4.536622967466873435e-01
4.016770330748895002e-01
4.308209634848031433e-01
4.915153341843871981e-01
4.593029609004099512e-01
4.211649932306806288e-01
4.226732746083579628e-01
4.559333774794270266e-01
4.337755836293791245e-01
3.887236395106635767e-01
4.429978331348400911e-01
4.048059998687247862e-01
3.982225501785144339e-01
3.870209233047300357e-01
4.551567791862952128e-01
4.343119108486112045e-01
4.174434306880836498e-01
4.211800323948510227e-01
4.481286163470525330e-01
4.068486343776469005e-01
4.167447505638695038e-01
4.476924123470384931e-01
4.003061791917361667e-01
4.387581062114404018e-01
4.417899446841175304e-01
4.229229828566223315e-01
4.184213023923415431e-01
4.254991685534622592e-01
4.326570222496308737e-01
4.578225089367496392e-01
4.313733224380320030e-01
4.713643098209409632e-01
4.246072118168226495e-01
4.014337258321367674e-01
4.096939603734613411e-01
4.301117837019651780e-01
4.371576344556956095e-01
3.975948173273843866e-01
4.040128799085800360e-01
4.596018514053695769e-01
3.953589905662548976e-01
4.555062462505027887e-01
4.240761293053966208e-01
4.718076180908638007e-01
4.213378167204033242e-01
4.548884143145878189e-01
4.629209149484064811e-01
4.256774974447939952e-01
4.037639442512624965e-01
4.578865017978646090e-01
4.057032429957306285e-01
4.280503199476113907e-01
4.902476323641730693e-01
3.880783078934467167e-01
4.478938430960939798e-01
4.035953160141796392e-01
4.335792736266161351e-01
4.135900716952369272e-01
4.445675582294636996e-01
3.692158648148134992e-01
4.242416760580294821e-01
4.168958911927252986e-01
4.438191329591456569e-01
4.308161479315189002e-01
3.990560953016102363e-01
4.474195295661754779e-01
4.324969412152966930e-01
4.901513749065388725e-01
5.012262307759024482e-01
4.841199652772950612e-01
4.567537195326857868e-01
4.171513357772075326e-01
4.382277435669069687e-01
4.479510995813247298e-01
4.255129323794286655e-01
4.145803622919530529e-01
4.451671316471788042e-01
4.142793117696441652e-01
4.206202746314695040e-01
3.929221533079151341e-01
4.031817010916015631e-01
4.353171186327718933e-01
4.381025543271052647e-01
3.945122138389631217e-01
4.218785577523729291e-01
4.032267781882147850e-01
3.918652134698458744e-01
4.191636205042812979e-01
4.101813060592242599e-01
3.878504429465469139e-01
4.490197321397777497e-01
4.332792148425488321e-01
4.647520048818007954e-01
4.305479433283576074e-01
4.482602479221324265e-01
4.186864063134357883e-01
4.692661995374159400e-01
4.460726965225158547e-01
5.023299230111736291e-01
4.572985050897931392e-01
4.179602866098956482e-01
4.551795193957697272e-01
4.779571937749844679e-01
4.446374742610582076e-01
4.027796310863602236e-01
4.263168896696606369e-01
4.761311152382453615e-01
4.795756501283430229e-01
4.575979651450260977e-01
4.550817333888841354e-01
5.016003100843912099e-01
4.499629262098842619e-01
4.963542399070397515e-01
4.302012107025111054e-01
4.367253636157921726e-01
4.170238165080362158e-01
4.554650907538316806e-01
4.432578377878154674e-01
4.774009075847415184e-01
4.531995241899292037e-01
4.788928688590182170e-01
4.654990933878813686e-01
4.721028609391284547e-01
4.462947230810951349e-01
4.311845104013607988e-01
4.445480762108861561e-01
4.617021500011611046e-01
5.060103719713749948e-01
4.662573038916350554e-01
4.509916970752332332e-01
4.472217085660062930e-01
4.684386619265030194e-01
4.674238001673836629e-01
4.227373480123686744e-01
4.281193980886660588e-01
4.772993632310740808e-01
4.963345136987496464e-01
4.532719028127690786e-01
5.111341614070773476e-01
4.762536437089478492e-01
4.475070102135976224e-01
4.336261976377145944e-01
4.406051036058726833e-01
4.114198923402906383e-01
4.394205353316223972e-01
4.717682224437140248e-01
4.462346599984080009e-01
4.675633989262560353e-01
4.063162212688791186e-01
4.825261783848237007e-01
4.736530635652395071e-01
4.752637518779934123e-01
4.593866164262922491e-01
4.764218910204954249e-01
4.110857689454813224e-01
4.220726738846812265e-01
4.172317210790733588e-01
4.942144077118915124e-01
4.391005679664531369e-01
4.263606011613261249e-01
4.336762424181606068e-01
4.125126974532544177e-01
4.048585176711188005e-01
4.500367391203627943e-01
4.832463370656435164e-01
4.795051014615318574e-01
4.626810436961669715e-01
4.956368047159664947e-01
4.190432431985450790e-01
4.496599927927920071e-01
4.834243212899401732e-01
4.719924925701179941e-01
4.108852234259511294e-01
4.087473262811371355e-01
4.350304448608249275e-01
4.235686833563644393e-01
4.547796671615548236e-01
4.310729425731165687e-01
4.360730027504637896e-01
3.814831258693398008e-01
4.771289099781187981e-01
4.054138399368659718e-01
4.158031535393850731e-01
4.070431353058503454e-01
4.419478638870190657e-01
4.086821370465003600e-01
4.223970026665160304e-01
3.990841077801335901e-01
4.092084310208507492e-01
3.863673674241432932e-01
4.510950441976368519e-01
4.397882130373230725e-01
4.426446123726240911e-01
4.683801036630824699e-01
4.126940798959702339e-01
4.820603430144064783e-01
4.532962967831224432e-01
4.287298460133996403e-01
3.981854525845637816e-01
4.369720912078123298e-01
4.556401072624239879e-01
4.288515454819247230e-01
4.184687684176311429e-01
4.285258294297445425e-01
4.306433272587048555e-01
4.498287678220387886e-01
4.122090138180733998e-01
4.301249765785962742e-01
4.334981538072588680e-01
4.692270933342647110e-01
4.120960955184762575e-01
4.534800466688727605e-01
4.602385935876227019e-01
4.442386486862102135e-01
4.233904967003968567e-01
4.416555616237063386e-01
4.268162393544163158e-01
4.394560687588094927e-01
4.526735883660489290e-01
4.727645630603872218e-01
4.491931492802129777e-01
4.946343914835825140e-01
4.755337444611749120e-01
4.896035813263720504e-01
4.488091039659350967e-01
4.485162740089794764e-01
5.026216768969425930e-01
4.798345203346779386e-01
4.419833912098684592e-01
4.269640177690104954e-01
4.330478415999438058e-01
4.422725360650187065e-01
4.727758022121912318e-01
4.369632641534824113e-01
4.681566424136910376e-01
4.570613040037829200e-01
3.880530238268215526e-01
4.434171345545566689e-01
4.239198579593734806e-01
4.517555944579162430e-01
3.897130620756262265e-01
4.433407714277606826e-01
3.860158997895642985e-01
4.145891819362545472e-01
4.680832910258470592e-01
4.537178567779174276e-01
4.350668064693196668e-01
4.364384282999176912e-01
4.459260838208582434e-01
4.599229482262731095e-01
4.458133016472342613e-01
4.840513914583822741e-01
4.427925395913703266e-01
4.818358397866484011e-01
4.440272350130473056e-01
4.203842777652004870e-01
4.228978929460770475e-01
3.965884681218260210e-01
4.664868179256876912e-01
4.339124373978365257e-01
4.333247186572100618e-01
4.475269648557420044e-01
4.697847360078951651e-01
4.693255905638867853e-01
4.600006030869953633e-01
4.511554078237360321e-01
4.399999618050844385e-01
4.326127374068465814e-01
4.618566837613728437e-01
4.279440952408872789e-01
4.484268947602265132e-01
4.297361865488784072e-01
4.467957349662156630e-01
4.325854039522488148e-01
4.148635392489674056e-01
4.629522440632534153e-01
4.614324000988147545e-01
4.703625442865703166e-01
4.522368908397664811e-01
4.444143304329535304e-01
4.214287102060479961e-01
4.500261290562921901e-01
4.998392144105183177e-01
4.912094586748671499e-01
4.557283335230637444e-01
4.498898730892849085e-01
4.976505591722607535e-01
3.965742233328869437e-01
4.102548636983758268e-01
4.160764959537443519e-01
4.238429158219909620e-01
4.242367599912173493e-01
4.499639564092541288e-01
4.628571607013743372e-01
4.728531163254816594e-01
4.315086026992010493e-01
4.437866945356268022e-01
4.252602886435273288e-01
4.668041003810479705e-01
4.510215936415168936e-01
4.367578159627756862e-01
4.165656772596976753e-01
4.757065489620947996e-01
4.652342546785715460e-01
4.945205638898330647e-01
4.500587384251277800e-01
4.572047623321242593e-01
4.160551132055539947e-01
3.689194892181285601e-01
3.701246051859375941e-01
4.422404135036911987e-01
3.818046726768200005e-01
4.626768333265467992e-01
4.346720658050929886e-01
3.973695733741089975e-01
4.180770455041730727e-01
4.282383782528125793e-01
4.396126630068862284e-01
4.302672316779251882e-01
4.408650025118665550e-01
4.504709461574248897e-01
4.158473159351912529e-01
4.474263157327780238e-01
4.076901362026649212e-01
4.169905692806791242e-01
4.113848673289726698e-01
3.978466082964526862e-01
4.788751702601272697e-01
4.755460173373974309e-01
4.212332181170973522e-01
4.470671870263429049e-01
4.336484886071129696e-01
4.870602258420712594e-01
4.182042077762756493e-01
4.623793744872925493e-01
4.105461942115518070e-01
4.608531199364575559e-01
4.457322270500219674e-01
4.545039402159875563e-01
4.499894424682244765e-01
4.695990909991707429e-01
4.286144810591757670e-01
4.687923108679492024e-01
4.809016331984835579e-01
4.249009205233115760e-01
4.917115373268599599e-01
4.605889488247472130e-01
4.259923589235897756e-01
4.378871025521205995e-01
4.145579074777174799e-01
4.571414423083763889e-01
4.693827640365414999e-01
4.752365866923385362e-01
4.779376082463113740e-01
4.503410719348228675e-01
4.144940634179790639e-01
4.305029472312123517e-01
5.035765122511213221e-01
4.736631934588366732e-01
4.762242139023251664e-01
4.569964132388220079e-01
4.766132785500101776e-01
4.660363238833631350e-01
4.798003608642559259e-01
4.503010271916633722e-01
4.503783040338962818e-01
4.338488610451113336e-01
4.633418120158492304e-01
4.507084705532624080e-01
4.270634358277413667e-01
4.935306689257170087e-01
4.864092574677215119e-01
4.416744852215331862e-01
4.971457174582065153e-01
4.085822498061884578e-01
4.308767468277488466e-01
4.570295330013832702e-01
4.514800375293283596e-01
4.413056851655510204e-01
4.153988495180916396e-01
4.099958832013026466e-01
3.857960431942967228e-01
4.601673003970885301e-01
4.181101316472772278e-01
4.280783062855367804e-01
4.361642261831734646e-01
4.627048878117939190e-01
4.456693392477072413e-01
4.317312539470835042e-01
4.715679299866292751e-01
4.524611900403009979e-01
3.969766451468023649e-01
4.113444124764878973e-01
4.592423447039779005e-01
4.532220552585913276e-01
4.403175876624105811e-01
4.398680556187470336e-01
4.207524666482126419e-01
4.217551260353471498e-01
4.144848267702958000e-01
4.042616577015661905e-01
4.359006460775476932e-01
4.570916777370218620e-01
3.749406325448602084e-01
4.734980823082873824e-01
4.662518952531179983e-01
4.302576313208192338e-01
4.045150076999330380e-01
4.423951695705589104e-01
4.952889490167990960e-01
4.088888144690653315e-01
3.966473545321113070e-01
4.422203279801525944e-01
4.688926519157132211e-01
4.296589177351067268e-01
4.647947481338285947e-01
4.184698993423625613e-01
4.213323435454392474e-01
4.305761485209361195e-01
4.398564488836209652e-01
4.314703299562230310e-01
4.292489744963797205e-01
4.159810258053125431e-01
3.851840389371330442e-01
3.888367882104339923e-01
4.440798841954292087e-01
4.702177286323461214e-01
4.685847087868637018e-01
4.652931506769510950e-01
4.373959853999178637e-01
4.358613790326079096e-01
4.564743971542330470e-01
4.578168441282510770e-01
4.364905348436360910e-01
4.082171119227273048e-01
4.781414517503528860e-01
4.622993844256146345e-01
4.454937046394054634e-01
4.095406038481368971e-01
4.168300590120426752e-01
4.331581782150397686e-01
4.152335190193732761e-01
4.179399210070159354e-01
4.096037163480583665e-01
4.430678807561992949e-01
4.452594705349782744e-01
4.629416756562749202e-01
4.392085076566089041e-01
4.755584444656763554e-01
4.284031747828958570e-01
4.804662366890758429e-01
4.872082218390888508e-01
4.527408094806897321e-01
4.612402817689667534e-01
4.322818238751337527e-01
4.407976231026115577e-01
4.051536302413235036e-01
4.248047079105639612e-01
4.635989274443735875e-01
4.041894334544404166e-01
4.406936200862875963e-01
4.721388748208930619e-01
4.220331762855257240e-01
4.412923488232209923e-01
4.726807279342090107e-01
4.725106020337947466e-01
4.713398146494018892e-01
4.669129098486919371e-01
4.624739446659721365e-01
4.612498228509351317e-01
4.547666340966592946e-01
3.919101662240828121e-01
4.659329870227179593e-01
4.824269631771875844e-01
4.447705009770843154e-01
4.570121763639708456e-01
4.559022110340787415e-01
4.624777073427367435e-01
4.525003985155139352e-01
4.475602186467765864e-01
4.307191063927131025e-01
4.280800716320522503e-01
4.823285352621903832e-01
4.334721365301413276e-01
4.498684010200739158e-01
4.053710126848159012e-01
4.620372993947619022e-01
4.302517702415160072e-01
4.472033510625537667e-01
4.759976140622679264e-01
4.167551419356225195e-01
4.213970585651940493e-01
4.369975909929340596e-01
4.472589569441743351e-01
4.699023572510277469e-01
4.160384023831266154e-01
4.717002041484427144e-01
4.406436105330891473e-01
4.132380833823388611e-01
4.090864478794559167e-01
4.591975321318875203e-01
4.516472482563377855e-01
3.872267830256417298e-01
3.311865400132911752e-01
4.412729431142459746e-01
4.185768854990463139e-01
3.351712135598938214e-01
3.994216240839316701e-01
4.416091048900180893e-01
4.318446209414739667e-01
4.659157816756198667e-01
4.617211849182263350e-01
4.356634449929898123e-01
4.599118317941902068e-01
4.197388376603671256e-01
4.611265817473201856e-01
4.258189989460393066e-01
4.472752521516873414e-01
4.474764918940418168e-01
4.409653644748409707e-01
4.499890605891502804e-01
4.247674073833007657e-01
4.486623572649058866e-01
4.739715048145083931e-01
4.489889473541026632e-01
5.001545254952264319e-01
4.583877840074982446e-01
4.536036484247981670e-01
4.370585989673909655e-01
4.109297298162571943e-01
4.233453503065056633e-01
4.519495329406098549e-01
4.233937378142152985e-01
4.000791688694241843e-01
4.786166811472520322e-01
4.570498648837146294e-01
4.660768494897546965e-01
4.091518568993653959e-01
4.429470783196867711e-01
4.188897993235773387e-01
4.350720978083594259e-01
4.464816983274846329e-01
4.606507152076810274e-01
4.494918669839972902e-01
4.574345796261266028e-01
4.688631920280441068e-01
4.346562488722193196e-01
4.333169096102754692e-01
4.082556753291114449e-01
4.136966989809496842e-01
4.665576406254373087e-01
4.119689340945542066e-01
3.963117296912695986e-01
3.950303271556910856e-01
3.989968013721017503e-01
4.470235675091341898e-01
4.725187147829390533e-01
4.363263608594665777e-01
4.172650461689466628e-01
4.304197003070081018e-01
4.130995088190013709e-01
4.063313242271675008e-01
4.022415573082225859e-01
4.660787127920623107e-01
3.914319104035961505e-01
4.011475726353292970e-01
4.161298621847521750e-01
4.055194454982538610e-01
3.702170763570106771e-01
4.382086861672410683e-01
4.797457660819797187e-01
5.029771367610024191e-01
4.182543550523568632e-01
4.125691374788411636e-01
4.660290855522286058e-01
4.855916276302343348e-01
4.714095542950343942e-01
3.956811825701244123e-01
4.153641034753986494e-01
4.378725659654559843e-01
4.320952570204562582e-01
4.484167809604154287e-01
4.428384823439880935e-01
4.311544016224695963e-01
4.761174144570621269e-01
4.387108518731410167e-01
4.557348211747220268e-01
4.442538485393383585e-01
4.754039380036472195e-01
4.409228843420845978e-01
4.667857603745755868e-01
4.531530681004214411e-01
4.174110610639485408e-01
4.241005099559683744e-01
3.947895254968105672e-01
4.193316082275180823e-01
4.602841384832320748e-01
3.799153730987699373e-01
3.763220076884652432e-01
4.007177566569373739e-01
3.641777949774223089e-01
4.191034076031787126e-01
4.405527261626945301e-01
3.912519570246321687e-01
4.586169074160024728e-01
3.982541727325073500e-01
4.286646405434025864e-01
4.487718235123246968e-01
4.109346576569599674e-01
4.766319607773276679e-01
4.506433896658810223e-01
4.444714680713178212e-01
4.027194158836721050e-01
4.403103094085766278e-01
3.901423418149739808e-01
3.698285609382983008e-01
3.715523406615642843e-01
4.320055518417182938e-01
4.388926661080243541e-01
4.098649447897190767e-01
4.548573949388436399e-01
4.720091021958984223e-01
4.100609502012626528e-01
4.311621886453286812e-01
4.772036640052396694e-01
4.116754949173639933e-01
4.115927732838519093e-01
3.936145970391048965e-01
4.100799064228609625e-01
4.506065561450801060e-01
4.797678137822108946e-01
4.072973372226921240e-01
5.125266610088956565e-01
4.329469560093098246e-01
4.734164466904272617e-01
4.884550324688937684e-01
4.812374463702337457e-01
4.818262058653119406e-01
4.299437702508494552e-01
4.999876490998836354e-01
4.781836869857624128e-01
4.776125390727237185e-01
4.949055355959217084e-01
4.719120389872381027e-01
4.399166110617440673e-01
4.609326604789870663e-01
4.645379023333575108e-01
4.283021591687459217e-01
4.308930176130985057e-01
4.214799838640617136e-01
4.327551526607203991e-01
4.412981220331469445e-01
4.333920308770841112e-01
4.592929806869435194e-01
4.749152488075670253e-01
4.275586750120883850e-01
4.527949145918633844e-01
4.594273304313638007e-01
4.265330430480606672e-01
5.038152626109517751e-01
5.467931342569917197e-01
4.506345598766939853e-01
4.288652117836218025e-01
4.097577568231037803e-01
4.551117977134385151e-01
4.409746500659828539e-01
4.122888727455871205e-01
4.511610232377465390e-01
4.625891660381060144e-01
4.502201953528242595e-01
4.233164337611075023e-01
4.163603185333616397e-01
4.505595806922384483e-01
4.035913953864145309e-01
3.792659491712899733e-01
3.675420128992489266e-01
4.139627839187736691e-01
4.841823483610827039e-01
4.664052227979755827e-01
4.681036477865828660e-01
4.850497909651253492e-01
4.162935363035690228e-01
4.237040445474849482e-01
4.666860090058490007e-01
4.258345395656610854e-01
3.832936545568394471e-01
4.315897823299681968e-01
4.139703966952627545e-01
4.218918879888075568e-01
4.635095013597098634e-01
3.919246855773329541e-01
3.999714675341947134e-01
3.788188981870361793e-01
4.356080897795062690e-01
4.092187231995029761e-01
4.924882372187307511e-01
4.451009791220723599e-01
4.836534373813192733e-01
4.391748070585412833e-01
4.614975539615335798e-01
4.843624333338406029e-01
4.357893808508116473e-01
5.247017093187059666e-01
4.724480695956637666e-01
4.671208948036258413e-01
4.915838050242790636e-01
4.269651807144712041e-01
4.277978763206684576e-01
4.565024065382404239e-01
4.285867031117303050e-01
4.209526134606440539e-01
4.627699216267476268e-01
4.221754730878977124e-01
4.552863452827336510e-01
4.223146281696543158e-01
3.946472434891210579e-01
4.285973402175684011e-01
4.607664659445768751e-01
4.755762517466459172e-01
4.880798021122238484e-01
4.470314847319246665e-01
4.723340577814681973e-01
4.112528755129837843e-01
4.761192238557093726e-01
4.523206607799684087e-01
4.632861430614202969e-01
4.607431136852836451e-01
4.642703790704692524e-01
4.617813800377528755e-01
4.562115426466240020e-01
4.963825145106794401e-01
4.238279992071197766e-01
4.705572502782547906e-01
3.873687727080850074e-01
4.593415985112619948e-01
4.806474677772937243e-01
4.504852031661905065e-01
4.503631816526847964e-01
4.145836612372683083e-01
4.202873407416249374e-01
4.237045002380649406e-01
4.340828975611362717e-01
4.326832584074243315e-01
3.960675453912383404e-01
4.372116916179770163e-01
4.338240317386077294e-01
4.311313094009993074e-01
4.309914412557840913e-01
4.474752780012014597e-01
4.272923808326306583e-01
4.495845488354289765e-01
4.611906423005183719e-01
4.388278447541036908e-01
4.725275136660825326e-01
3.940075220630475106e-01
4.325574420309143409e-01
4.539219065272627751e-01
4.386445836487201100e-01
4.681287019900521873e-01
4.621524522587807660e-01
4.673438649054486027e-01
4.420563715338819422e-01
4.266692953645638831e-01
4.601320734936835688e-01
4.483582362102851993e-01
4.530953582712461958e-01
4.509749289187236498e-01
4.722878118650792323e-01
4.277074088950002517e-01
4.317653263582002521e-01
4.563695256616321916e-01
4.202791180119317405e-01
3.859507271541176010e-01
4.108778769755282445e-01
4.475166094392494798e-01
4.530925027940337357e-01
4.254311425303021754e-01
4.673048564685499673e-01
4.381726234550147314e-01
4.364351557329008147e-01
4.515056008962645140e-01
3.939997472770825904e-01
4.772207279249996992e-01
4.715163881648726241e-01
4.585967813100373380e-01
5.162400336646696397e-01
4.536505435494089244e-01
3.948390499560661682e-01
4.816634236438409600e-01
4.316077361116100741e-01
4.470776976070012232e-01
4.668271327484007083e-01
4.425177528265289428e-01
4.120303336677427763e-01
4.657906694819632376e-01
4.409879559260605486e-01
4.481428223514523634e-01
4.429962535809269797e-01
4.348525864965340770e-01
4.684492557441973237e-01
4.565728693680682904e-01
4.425279201686395658e-01
4.549361995557629212e-01
4.706054903977851533e-01
4.405522142702746891e-01
4.623391287327680010e-01
5.090088527732430368e-01
4.667572993216481669e-01
4.394071829727195788e-01
4.452025549844358943e-01
3.867861972008874716e-01
4.467561080027507292e-01
4.527556739496457205e-01
4.609888664999220453e-01
4.946250110957589041e-01
4.640953355553817938e-01
4.444677631044642863e-01
4.619257824851204508e-01
4.195498121610718445e-01
4.378265831537530017e-01
4.877295203998014972e-01
4.569513678967039305e-01
4.419992553144470038e-01
4.446467865179747903e-01
4.613985086648396683e-01
4.429162198681900198e-01
4.662482543333860696e-01
4.323700683806290246e-01
4.518853901227030123e-01
4.113779533848918035e-01
4.346225881984734363e-01
4.014242551128888725e-01
4.293030573016344831e-01
4.032131537086864337e-01
4.315156103663354004e-01
4.513546838494553737e-01
4.451945981248657258e-01
4.535590052817849993e-01
3.999963547753109805e-01
4.568221580600723142e-01
4.763545856653619293e-01
4.412640756419812238e-01
4.260689903765385034e-01
4.482961647018565698e-01
4.484530167037730219e-01
4.145413556487645423e-01
4.675171431453721271e-01
4.219571929022171153e-01
4.641879731561181499e-01
4.456989483760613324e-01
4.708201126248028334e-01
4.034380590514421439e-01
4.393469808449664837e-01
4.482628251430068600e-01
4.321028636598995831e-01
4.569090196971087869e-01
4.300612422779610533e-01
4.180290748999230810e-01
4.350446914750416005e-01
4.608757540839383271e-01
4.283433080929064385e-01
4.420960967219136895e-01
4.092028636553559640e-01
4.157774902419802410e-01
4.727519145917479237e-01
4.311892281046063591e-01
4.612501028414995874e-01
4.329022703990785259e-01
4.737155922846516543e-01
4.270281601831292240e-01
4.433454902176200418e-01
4.012488345678141277e-01
4.302645832033603623e-01
4.221470218751853243e-01
4.297678714824453294e-01
4.237648852843162728e-01
4.091621942952498037e-01
4.301140072082875188e-01
4.085298643915684647e-01
4.129875302524386727e-01
4.609926659844457708e-01
4.373168506649173781e-01
4.506768027461305337e-01
4.571729056479421072e-01
4.427229573516509586e-01
4.838074956998814069e-01
4.529707518340235217e-01
4.773959384628337355e-01
4.613126972088607558e-01
4.331982543258585117e-01
3.987826715541927247e-01
4.223344931590155560e-01
4.650608374547137158e-01
4.888109534062733408e-01
4.009130945336910612e-01
4.337311747953357943e-01
4.609830894899938913e-01
4.233547618655075784e-01
4.562983001320017329e-01
4.300428522697509748e-01
4.794109286527420966e-01
4.473958399168737610e-01
4.641875415397551108e-01
4.109000506112043816e-01
4.717727974912351296e-01
4.434026612244295062e-01
4.703947705697039128e-01
4.330108373431818536e-01
4.163384543552292594e-01
4.125471999618125496e-01
4.410772512050321059e-01
4.409705077353454072e-01
4.524134934136181396e-01
4.491757601862166327e-01
4.572616870277759205e-01
4.658582926598226481e-01
3.821906585619890828e-01
4.645224063426526273e-01
4.803298396840159912e-01
4.391513705078948782e-01
4.801087370468520854e-01
4.270413025119528250e-01
4.483973592337831549e-01
4.273451287204975690e-01
4.310640498046360847e-01
4.333841515559763713e-01
4.281332690194239454e-01
4.496999164949947447e-01
4.509911854487347327e-01
4.187701574286922246e-01
4.321367051830377060e-01
4.209760905785547846e-01
4.352225696358658635e-01
4.037784787692049737e-01
4.730753161238703264e-01
4.759695264755307575e-01
4.371462235837678678e-01
4.796989865045832024e-01
4.371281461997982842e-01
3.958934432691187943e-01
4.524610706688074191e-01
4.264844977363749234e-01
3.733003593024126765e-01
4.063464491647361121e-01
4.189868845514940765e-01
4.007065909161667272e-01
4.138084905061680807e-01
4.078831019794528223e-01
4.059178480216021900e-01
4.443814001951688630e-01
4.470822379548157199e-01
4.162073315629203352e-01
4.237372741675806131e-01
4.424006100574365830e-01
3.940338278241155012e-01
3.699386562839457326e-01
4.405295884213453750e-01
4.313610408630457194e-01
4.363883916472542368e-01
4.837658010645871087e-01
4.672804255656791694e-01
4.130730652899037847e-01
4.189256127331026369e-01
4.243789294563410919e-01
4.616998939404796665e-01
4.872718676176106545e-01
4.073038441839890722e-01
4.360786160289017444e-01
4.385499444225264276e-01
3.950011705699715825e-01
4.104753622735027863e-01
3.636626788777970187e-01
4.180089372370887069e-01
4.820445477104040033e-01
4.530432422269121684e-01
4.477042703104381904e-01
4.286723650493184379e-01
4.373921397382934950e-01
4.625062199828336995e-01
4.114674909350376497e-01
3.983991999025182085e-01
4.526981291757296022e-01
4.179522456553763643e-01
3.928695760250680569e-01
4.456550531078664612e-01
4.450385670993377563e-01
4.530964100926028193e-01
4.246042564072516345e-01
4.613287442090450718e-01
4.310931144031929785e-01
3.788400989266876295e-01
4.104574933273456017e-01
4.279191937099828258e-01
4.225783231882478397e-01
4.027058868165976357e-01
4.052155796728960646e-01
4.767951678763872048e-01
4.561888255154673000e-01
3.955541298356394786e-01
4.297528481064725736e-01
4.475680416223012936e-01
4.318800203589521214e-01
4.353219516255533161e-01
3.994927633903917474e-01
4.479905978121226928e-01
3.968072453208467687e-01
4.565695962954197107e-01
4.465762527582358699e-01
4.159431721188264763e-01
4.082542808601080098e-01
4.133376157749090729e-01
4.054997069454293057e-01
4.256750273591313749e-01
4.191504908747335501e-01
4.182516840197866292e-01
4.247865863540779552e-01
4.178781674839942561e-01
4.284709519352439266e-01
4.461574741864414162e-01
3.733586687750473088e-01
4.149583597105349075e-01
3.686040697129746024e-01
4.349214311185181092e-01
4.365609820623547743e-01
4.497347509256101605e-01
4.691520651423489729e-01
3.904087969913052070e-01
3.656766378193975764e-01
4.723064503457293783e-01
4.141297266621509210e-01
4.036177268323275502e-01
4.296691030118338639e-01
4.614550595069713546e-01
4.228770094594377915e-01
4.036530206132556420e-01
4.490983620052551584e-01
4.363797386421304769e-01
4.814139298840159342e-01
4.530482249303806053e-01
3.814058832110087671e-01
4.301743727600781941e-01
4.221202491880145513e-01
3.911907428867137937e-01
4.228923096227001355e-01
4.373819455875838647e-01
3.966195929851782376e-01
4.529193279873236500e-01
4.119149750527947851e-01
4.568088174949045399e-01
4.733998368106271948e-01
3.888719020999624743e-01
4.137860564933986129e-01
4.425482058980149125e-01
4.690636041610240503e-01
4.587713778657722674e-01
4.270285081972839403e-01
4.097943150169365278e-01
4.271577323965791706e-01
4.197404092318320901e-01
3.842731744274338057e-01
3.829418233200054256e-01
4.673530696833393394e-01
4.754679372877976262e-01
4.610700306254623682e-01
4.438297459119563415e-01
4.654062029573802217e-01
4.327246194886827380e-01
4.143539259727189172e-01
4.301793858781603475e-01
4.195146445341130237e-01
4.369609155515218335e-01
4.283443989423595388e-01
4.660157833041326803e-01
3.863973607056424009e-01
4.218942436638147830e-01
4.306856384497226298e-01
3.848436107449491050e-01
4.145964149207118088e-01
4.321547728102640984e-01
4.149992754871075218e-01
4.266876047024354968e-01
4.583432275327659067e-01
4.558905324739889187e-01
4.621959469496138562e-01
5.010462688436301271e-01
4.672161650004628131e-01
4.520807136371602364e-01
4.639120291354397740e-01
4.183273066486708491e-01
4.217187935694061141e-01
3.846459126369290993e-01
4.060533373687799652e-01
4.239095320272215361e-01
3.786903882242201314e-01
3.689818855059552316e-01
3.919744191535581290e-01
4.122062396772732673e-01
4.002498724733025703e-01
4.159650404388727796e-01
4.364096131090694497e-01
4.064429304535774334e-01
4.483497696056369941e-01
4.616928420361670615e-01
4.180792275597673413e-01
4.415973530561477234e-01
4.436887540468672508e-01
3.681563142683345058e-01
4.075946980808667353e-01
4.458851860987085303e-01
4.597956306990896302e-01
4.365589156566423990e-01
4.585541090461537905e-01
4.175685691405748301e-01
4.641150405378932087e-01
4.061199085034648548e-01
4.427959804626918627e-01
4.527147245844699297e-01
4.636547499195673439e-01
4.613795090239889984e-01
4.736497808084081385e-01
4.323033864394589809e-01
4.749050387422371067e-01
4.405514662936969583e-01
3.625630069698813074e-01
4.693952408658116360e-01
4.012496494764979937e-01
4.616795852040028181e-01
4.341814332838556112e-01
4.080566085424952028e-01
4.019165538426150430e-01
4.654313179036823622e-01
4.886080836006028716e-01
4.410339364743817714e-01
4.633977419885413340e-01
4.539070665943304994e-01
4.894734035313053622e-01
4.644544581310360853e-01
3.861446459543371734e-01
3.991424200427077795e-01
4.214892414468995874e-01
4.388532690149249960e-01
4.494571145366950682e-01
4.460753109642648928e-01
4.334236020500814024e-01
4.207279384076966222e-01
4.524495625496610107e-01
4.301767285379609618e-01
4.525956842072009767e-01
4.474749161945760778e-01
4.178036663920097760e-01
4.393989454825749097e-01
4.264576451084347575e-01
4.240633510782905735e-01
3.977947771971710456e-01
5.002580815968946659e-01
4.208101087285029962e-01
4.175004881950677427e-01
4.897570234581946069e-01
4.374054662800156978e-01
4.444903467037701894e-01
4.460376980946140768e-01
4.113411264951504775e-01
3.884954291117544423e-01
4.393911115145787694e-01
4.808262978282866751e-01
4.069164743248731009e-01
4.092018787909574851e-01
4.166025699059318077e-01
4.255833352232821776e-01
4.324035287760377155e-01
3.913486342153151276e-01
4.335912926522649258e-01
4.635055467852022826e-01
4.049530554953463812e-01
4.574515347599810711e-01
4.704470566793966246e-01
4.546338837065236893e-01
4.269572259889757304e-01
5.013330235769692944e-01
4.595048340683833832e-01
4.491101244242401425e-01
4.538124512798587529e-01
4.363451749172675975e-01
4.556131196292588781e-01
4.650632657892582178e-01
4.584721843101352001e-01
4.618255150380501384e-01
4.343170345128194998e-01
4.434226348657818728e-01
4.765486497374938346e-01
4.501765587656464396e-01
4.211518590759869562e-01
4.628845443953204519e-01
4.455464766449933611e-01
4.298800960101212820e-01
4.567735967568906652e-01
4.635945665750618727e-01
4.516127670235985936e-01
4.706093468330280749e-01
4.387306590796042904e-01
4.995611755993204506e-01
4.256340888343865259e-01
4.131335018341688592e-01
4.491163484270070394e-01
4.205417954558989813e-01
4.658248222218573376e-01
4.470052469304078291e-01
4.420037143631813659e-01
4.568765302022145258e-01
4.632367115401235802e-01
4.544809364867855583e-01
4.306486332244698345e-01
5.193612253443780080e-01
4.607254882558523001e-01
4.491085768202994766e-01
4.137767803157761382e-01
4.612822566974125738e-01
4.231760891274815584e-01
4.783905882332769588e-01
4.941036965549925331e-01
4.518633703433344584e-01
4.180335482432377958e-01
4.590170342179132890e-01
4.582764867541406772e-01
4.732522793612580214e-01
4.834480596560553622e-01
4.440328098738771101e-01
3.906681897549427740e-01
4.423594835870952591e-01
4.568471034530052211e-01
4.326026862370733195e-01
4.592279229605810142e-01
4.738262050728326846e-01
4.463697841730634996e-01
4.565123934019125196e-01
4.490789676474152836e-01
4.372733018298967655e-01
4.587516416903726912e-01
4.933766406519685122e-01
4.529297936603178809e-01
4.314615265441822389e-01
4.478007456107198636e-01
4.816239197309371001e-01
4.540098018593460849e-01
4.831095309964130724e-01
5.126474929200912634e-01
4.528768497413627747e-01
4.784356373120708938e-01
4.510172471866752963e-01
4.582035427356039303e-01
3.714938778865412017e-01
4.523276096952290048e-01
4.794204901542867825e-01
4.805874528247708333e-01
4.556156160514233666e-01
4.312798328988453056e-01
4.927420101329030300e-01
4.645796079695462821e-01
4.499236289084601603e-01
4.223447865084936081e-01
4.720476417921317669e-01
3.894827778860812106e-01
4.053145313953414042e-01
4.628831262426507664e-01
4.536641929604715018e-01
4.316185933055658452e-01
4.352897745397771301e-01
4.354732973405058272e-01
4.059248669222464967e-01
4.197650318801594560e-01
4.108883223760674830e-01
4.424851091740583664e-01
4.167634033129469784e-01
4.384915804946603046e-01
3.850971254512359221e-01
3.668023352563515305e-01
3.876021659964139499e-01
3.867441295314236194e-01
4.273962362105065971e-01
4.183525973636699202e-01
4.543721283170573111e-01
4.394827019732837070e-01
4.187819793386714506e-01
4.848684379269885270e-01
4.242791662567478861e-01
4.663169652821299582e-01
4.701636235644935935e-01
4.744614485125024927e-01
4.560248330381860282e-01
4.225300662754786774e-01
4.434957337647929543e-01
4.242553279002582722e-01
4.626537533427874660e-01
4.382395221440735789e-01
4.728054133334632647e-01
4.667073700900256639e-01
4.114853764884844334e-01
4.455657917602763307e-01
4.373308061085361409e-01
4.600246915519079494e-01
4.436560772827243815e-01
4.663744704460903168e-01
4.147575206526100677e-01
4.370879479636771148e-01
4.309508863107193166e-01
4.696954516973004257e-01
4.317018272566077730e-01
4.621176138148296308e-01
4.497128874015427491e-01
4.102874385409157609e-01
4.751027736537670187e-01
4.477048596368626843e-01
3.893542255211003833e-01
3.636482181497991406e-01
3.973897939754980624e-01
3.920147787917745985e-01
3.979502841565466520e-01
4.420191541260974355e-01
4.075787454436999302e-01
4.054085232961648910e-01
3.685499903240206931e-01
4.855989427756610133e-01
4.129797736864218582e-01
3.934578364202300227e-01
4.750177286827240164e-01
4.353701478537891911e-01
4.218576956657964505e-01
4.276087176635541276e-01
4.136771474600285936e-01
3.789502885616840566e-01
4.338827506660761779e-01
4.185377232489135291e-01
4.442659450782998620e-01
4.021955102023370143e-01
4.312372999849977684e-01
4.228342970951168844e-01
4.451182657984357749e-01
4.213852188784946162e-01
3.652942695598375145e-01
3.713366266309238162e-01
4.207136574123157557e-01
4.089208555479729168e-01
3.826786768362919755e-01
3.948147587904812794e-01
4.592186498933176209e-01
4.031668832715630257e-01
3.991518605105498496e-01
4.174911286527006604e-01
3.998115183184549060e-01
3.266578640116992172e-01
3.835217552228926685e-01
4.132120256421090709e-01
4.100719114860777448e-01
4.174328303197726853e-01
4.438894724767314948e-01
4.216179315831609653e-01
4.508854933069069704e-01
4.008993952892574431e-01
4.372592439610818449e-01
4.067797591161190218e-01
4.200231562234125748e-01
4.015651826216126152e-01
3.808530693166873315e-01
4.158563703632324193e-01
4.236149288360818721e-01
3.699694274113297654e-01
3.970060462701020532e-01
4.072834017863579681e-01
4.262245409147455977e-01
4.168135252142620706e-01
4.252320296594327975e-01
4.512632839599887702e-01
4.669680940457725526e-01
3.926482254418566242e-01
4.309173379434706463e-01
4.312267424413845363e-01
4.356619719142134639e-01
4.729488076775307248e-01
4.272242796314189572e-01
3.989774939659225805e-01
4.192049259729969113e-01
3.973915762768732707e-01
4.241228421459776188e-01
4.238044896381834570e-01
4.838789791359087156e-01
4.180072227543059626e-01
4.049492810572407064e-01
4.106675630224029261e-01
4.056017935795828144e-01
4.389520369160581081e-01
4.184877759364800109e-01
4.597568104591620020e-01
4.580995504539225327e-01
3.896556278506955739e-01
4.345314764349879622e-01
4.022078522195459138e-01
4.703227828448989789e-01
4.495746019678816263e-01
4.286573348644246439e-01
4.763133185644876644e-01
4.386260709752710651e-01
4.375790145037612433e-01
4.637610111929145740e-01
4.568084869214387167e-01
4.579312756007896668e-01
4.253459469764671042e-01
4.595149098726005743e-01
4.832800632097132842e-01
4.744648565588570066e-01
4.511496642463504458e-01
3.887092361988176981e-01
4.271111860041827968e-01
4.694846221915185969e-01
4.833500868204035350e-01
4.704853753197374422e-01
4.531614898237404376e-01
4.310323228225147463e-01
4.267107154190747376e-01
4.298135347421854213e-01
4.418092504598232217e-01
4.578861945435452885e-01
4.235119155518561884e-01
4.607863873040636271e-01
4.493889274256053779e-01
4.232687080962598269e-01
4.305498632699451544e-01
4.613130353687255880e-01
4.609057664144147748e-01
4.489003115110938302e-01
4.436607434528025418e-01
4.469987983470797288e-01
4.543162800723681283e-01
4.620289728609884849e-01
3.866799201033795930e-01
4.398511746563826819e-01
4.452418766744368761e-01
4.332083849272589382e-01
4.205462323143245307e-01
4.525500652164895499e-01
4.687074806240141278e-01
4.473405439472409317e-01
4.256012581959237595e-01
4.583802586464529871e-01
4.249651831922754419e-01
4.020112799795931835e-01
4.214213018578641945e-01
3.698891534718144469e-01
4.154781654955210235e-01
4.511066166785705489e-01
4.174893863509621106e-01
4.169423964124021054e-01
4.162260670139670826e-01
4.192242771983417660e-01
4.330405072520285836e-01
4.222078442403588427e-01
4.022081321560588840e-01
4.536338989448748249e-01
4.631184907598777101e-01
4.716496144334657581e-01
4.717140126215214058e-01
4.215988362190922212e-01
4.336902393116531806e-01
4.740220292968915228e-01
4.664797999206570234e-01
4.565365080929455477e-01
4.533802158669599791e-01
4.532837863222077823e-01
4.415495766599173977e-01
4.552222930725988714e-01
4.841365185675036154e-01
4.514618174563813646e-01
4.377646513596739064e-01
4.402630294978339132e-01
4.661291589675174984e-01
4.602780880359612636e-01
4.049111492103966148e-01
4.459522987057444321e-01
4.205742102144649497e-01
4.393454239477448398e-01
4.376900790024649823e-01
4.057857565442128389e-01
4.257804518549406225e-01
4.307671489014104349e-01
4.765700769634977352e-01
3.923260637103795911e-01
4.311137097869867096e-01
4.535879434893653750e-01
4.393705915825616981e-01
4.396822909308651939e-01
4.137310641996621574e-01
4.135309890890049855e-01
4.092444247133381618e-01
4.021943582839055953e-01
3.656000274256163696e-01
4.088786946722748339e-01
3.765136438517254214e-01
4.096103120142758347e-01
4.438716315698664205e-01
3.591900044925052105e-01
4.215257145774904401e-01
3.829474482412968950e-01
3.816219662639643850e-01
3.693541432607465591e-01
4.496517558856587549e-01
3.999827408066137790e-01
3.666946867263252141e-01
3.948714897260950374e-01
3.839864112210513714e-01
3.976438003678178235e-01
4.508464586014782061e-01
4.139649938521022809e-01
4.332085065904308641e-01
4.576135101023546814e-01
4.480734442705217035e-01
4.220475713678747409e-01
4.035518520846405055e-01
4.359625195927709917e-01
3.966195585799794365e-01
4.240512695661342590e-01
4.580593882119329274e-01
4.628497261187375367e-01
4.832220634591245512e-01
4.696722100247804343e-01
4.954973319202955473e-01
4.857870401255209303e-01
4.443325320986004634e-01
4.499937958229994206e-01
4.393023312669321889e-01
4.167150445556300764e-01
4.064058898156291399e-01
4.465168314339686972e-01
4.103306209529930526e-01
4.357410388903544818e-01
4.466271315667327269e-01
4.266049730621142011e-01
4.392487700799990180e-01
4.579352300171268819e-01
4.163678803677838269e-01
4.319569283274909410e-01
4.112746920764722702e-01
4.771044775970400553e-01
4.286516309085000032e-01
4.617151835906004309e-01
4.551046602300068966e-01
4.465369522392523272e-01
4.556564536780535746e-01
4.098409659296683993e-01
4.132085509571633564e-01
4.416849415723997918e-01
4.352161407513482905e-01
4.644107247146155304e-01
4.503899680318128596e-01
3.914006271068829479e-01
4.302517553006092177e-01
4.333983701819088541e-01
4.427788315548593645e-01
3.974453965309618364e-01
3.950808662224261636e-01
3.989903756402526924e-01
4.532591041019075062e-01
4.021354760333279432e-01
4.577672999990858305e-01
3.838390965028793400e-01
4.635059617495471684e-01
4.779395036420673870e-01
4.713606871184732316e-01
4.186879605001036508e-01
4.472748475900201748e-01
4.618752307681965874e-01
5.091503555424982119e-01
4.411821357293458923e-01
4.392879291518085871e-01
4.529857590935773559e-01
4.289422242529341567e-01
4.455097753111112446e-01
4.743286865180049161e-01
4.643163212641969739e-01
5.001672884915127071e-01
4.580207922045435587e-01
4.608605958455891938e-01
4.786952092355992172e-01
4.671384419442867197e-01
4.562726358699804585e-01
4.375319466239950272e-01
4.127549867636480796e-01
4.152433385370838392e-01
4.365082477507513103e-01
4.214714904759931380e-01
3.840958263453864152e-01
4.029692305279511388e-01
4.168037211482408799e-01
4.341101207266704898e-01
4.570234769522153462e-01
4.148970638969495250e-01
4.118223392402302618e-01
4.240018099811133645e-01
4.191025393147728706e-01
4.542069326373951443e-01
4.572256646966489368e-01
4.364170330357364791e-01
4.892464215051077758e-01
4.383602574090043058e-01
4.348423986807493091e-01
3.865375527596747185e-01
4.582602799881276834e-01
3.975967579395646156e-01
4.257477823044698573e-01
4.519769619780892866e-01
4.325407187285659205e-01
4.381751637630685314e-01
4.267449663077516608e-01
4.044694942344777555e-01
4.803283390312328427e-01
4.475201346932882740e-01
4.834553649253949259e-01
4.390753958436324766e-01
4.095020822592085885e-01
4.269092968902485907e-01
4.976774584073320740e-01
4.583272853272415404e-01
4.360054319200663553e-01
4.090326672636034333e-01
4.077312181491442589e-01
3.842016653227894318e-01
3.764750094216470222e-01
4.506857079808080369e-01
4.062326580092989192e-01
4.490303813457011128e-01
4.728489475365135752e-01
4.372858840710357464e-01
4.419878256160263974e-01
4.500924481288992030e-01
4.089756128292453274e-01
4.336499153566125697e-01
4.237451618377546247e-01
4.597685202475844668e-01
4.298504064179161088e-01
4.255720554107616516e-01
4.542744960488345751e-01
4.116040746515417514e-01
4.671953151611362709e-01
4.586115300990251664e-01
3.866986363123037784e-01
4.480107181647419168e-01
4.565770831770219473e-01
4.277579467377827793e-01
4.665909509405847255e-01
4.002161819667749976e-01
4.166975047774359453e-01
4.210071168567656730e-01
4.960260262516639207e-01
4.356254802273175630e-01
4.321857259121847927e-01
4.508361875187645307e-01
4.183328102158719863e-01
4.828724256959297523e-01
4.153965787171639557e-01
4.256273022100710013e-01
4.180395743479402570e-01
4.357341691516015691e-01
4.272466668282677849e-01
4.041083246563945131e-01
3.958608649715659178e-01
4.676055910181213249e-01
4.494154652048423793e-01
4.792281833627169974e-01
4.353753985658851411e-01
4.602004458633193740e-01
4.343496971422661224e-01
4.408896398976719921e-01
4.061221567089514650e-01
4.359063515949744283e-01
4.351175201486342514e-01
4.550942763459188689e-01
4.340370617500353689e-01
4.327885059480584551e-01
4.469581699950116449e-01
3.962117106864075367e-01
4.439191127082199873e-01
4.462065681928648608e-01
4.813676316706421154e-01
4.386332855306345202e-01
4.140745780086627081e-01
4.846467575117513471e-01
4.301270290599876200e-01
4.257742190700354867e-01
4.233146128622763960e-01
4.366719818649533180e-01
3.760145693568393566e-01
4.172213450869554641e-01
4.389231548186497966e-01
4.498040245130568437e-01
4.556883888672535465e-01
4.628851847891906068e-01
4.482915154664866009e-01
4.414617195416125073e-01
4.038428638580920937e-01
4.906784545407488207e-01
4.375781101684071417e-01
4.906976239678132456e-01
4.390388619641781842e-01
4.680347578957202437e-01
4.959270705863940698e-01
4.442357129784034742e-01
4.853139504046319330e-01
4.205455799733228694e-01
4.934904322104060048e-01
4.036765427253920513e-01
4.824566633709518881e-01
4.127108755368932291e-01
4.158291444403415804e-01
4.461111407338932966e-01
4.515021905545167358e-01
4.444568712242185082e-01
4.403528506834819001e-01
4.243353485616674914e-01
4.314397945705520931e-01
4.186062989532481349e-01
4.236699164743295554e-01
4.210640734082489178e-01
4.154463155337638769e-01
4.373925955027360701e-01
4.606167157029619208e-01
4.231343705367080488e-01
4.472681541415794992e-01
4.486200300234118310e-01
3.874144474370609936e-01
4.341085097881085542e-01
4.049345707595666810e-01
4.370353756586040084e-01
4.345893394809436927e-01
4.299597566038464991e-01
4.093165673448264652e-01
4.238399353453158880e-01
4.614798822186260696e-01
4.420897098260390679e-01
4.748600624240970070e-01
5.034744842724605540e-01
4.518458938151395099e-01
4.314400792908049120e-01
4.657781272638060188e-01
4.479173302671802803e-01
4.704244169279441223e-01
4.892700852350502227e-01
4.917447018745836340e-01
4.292266093132048321e-01
4.700583958474612856e-01
4.700470149117396135e-01
4.272361304881059363e-01
4.641477419556260808e-01
4.435021862423005334e-01
4.093746813138218754e-01
4.373451901272353837e-01
4.290037713474109671e-01
4.529163943050950603e-01
4.371339835568196497e-01
4.742722494329359995e-01
4.279051085461127446e-01
4.352149924720196683e-01
4.686609425066772250e-01
4.485191177544525232e-01
4.291077100676272127e-01
4.250152172957603058e-01
4.749479519082609458e-01
4.547885374471674624e-01
4.570415451468279877e-01
4.194059579662615111e-01
4.908262650623200773e-01
4.558193993799948274e-01
4.489307090650364596e-01
4.523333669783894950e-01
4.287828700671825755e-01
4.261398005598858174e-01
4.367203729832594972e-01
4.710080465319202436e-01
3.524320076227216436e-01
4.445568892753935519e-01
4.747093446582403842e-01
4.349560895955058015e-01
4.415488670027780116e-01
4.238015370709071195e-01
4.113060770730536664e-01
4.397182461010625265e-01
4.393045460382221656e-01
4.868903687595911856e-01
4.360721214182331495e-01
4.683768939374060580e-01
4.184839626547520175e-01
4.513167606974333168e-01
4.848593021717108043e-01
4.321685975934131396e-01
4.427446341670169816e-01
4.332668815480454350e-01
4.647603280273258641e-01
4.345713706403912524e-01
4.357927800111692784e-01
4.082072812597107303e-01
4.190858879750301580e-01
4.547537759340055108e-01
4.153782348057322715e-01
3.999447499066000611e-01
4.268519458328518534e-01
3.986956138427660834e-01
4.630606263485289031e-01
4.673266350939539460e-01
4.703619465935843791e-01
4.301772319550750678e-01
4.608676984337456428e-01
4.367500705997440225e-01
3.940068010286876254e-01
4.435571500550117841e-01
4.891059014440101160e-01
4.629313775436463274e-01
4.479478045831970512e-01
4.406944722501069389e-01
4.654641063612963148e-01
4.339338150394104199e-01
4.480607848283775230e-01
4.324450888054037767e-01
4.668705613267762344e-01
4.538929696395826996e-01
4.489982781639853537e-01
4.280349335283468171e-01
4.273722292177691839e-01
4.384474441855639171e-01
4.472622917435470358e-01
4.110154959281200893e-01
4.420615080469058600e-01
4.471902497302600032e-01
4.439926903082871412e-01
4.284162571222352445e-01
4.542814931630119735e-01
4.042790692963176280e-01
4.445360120763404144e-01
4.050332296617671357e-01
4.484886940476900952e-01
4.324424307256247713e-01
3.887762264688223168e-01
4.482765945557344311e-01
4.476306523790983816e-01
4.301991834988011520e-01
4.211138607600010131e-01
4.341589608602957062e-01
4.378351493720997190e-01
4.381397740829753307e-01
4.470798561744738220e-01
4.738534427637385305e-01
4.536809021202283798e-01
4.275167298158758511e-01
4.268105535263162498e-01
4.204373780927928017e-01
4.146345978481531525e-01
4.166938104425632616e-01
4.152911179585790369e-01
4.416354408271792598e-01
4.222396314573990672e-01
4.282657199375834445e-01
4.428185766887635100e-01
4.518293592422093496e-01
4.402005663803960633e-01
4.345102852368115109e-01
4.398330978567601690e-01
4.613974572036845800e-01
4.426039298338082517e-01
4.118460856957907312e-01
4.331915236541870606e-01
4.679231324489000476e-01
4.657234687216258995e-01
4.511677938346111416e-01
4.090364382880045113e-01
4.658367123398542420e-01
4.423117164341352492e-01
4.750582162599112368e-01
4.083719311946616415e-01
4.258425414753287397e-01
4.629125088912819930e-01
4.957500625701294350e-01
4.649049234239918116e-01
4.201643769443793586e-01
4.676754434708744190e-01
4.878885612233515023e-01
4.459434192878830583e-01
4.842744568490788271e-01
4.761836520901004954e-01
4.822350270096698588e-01
4.655448892753158430e-01
4.510174864632042202e-01
4.487878203028746738e-01
4.667092675523366041e-01
4.444680559131187203e-01
4.567669012460070510e-01
4.721986548649168558e-01
4.703181611168735232e-01
4.678524730561119394e-01
4.722489024084816078e-01
4.224956937163650283e-01
4.214347373009476039e-01
4.742507203726913922e-01
4.315644590607579101e-01
4.480341275726925643e-01
4.977963201909144653e-01
4.902075021709685343e-01
4.717263840393134955e-01
4.456185733425635509e-01
4.658181119446530016e-01
4.274774083402951286e-01
4.108859336971802945e-01
4.248545601133374983e-01
4.409656352955371172e-01
4.622760010347438109e-01
4.676093633885581857e-01
4.278653619987757839e-01
4.787472257920613039e-01
4.305455136544612538e-01
4.591394602203760500e-01
4.263127823034271735e-01
4.363863423531463281e-01
4.495810420514310124e-01
4.079255467767064491e-01
4.588481897016116196e-01
3.892447850039146839e-01
3.950777286015388357e-01
3.563322102079393705e-01
4.386888039111362381e-01
4.576717433113370870e-01
4.563212265339071649e-01
3.798324131185993879e-01
4.608793116525874978e-01
4.517461675134831767e-01
4.581133576155935194e-01
4.356080588897300321e-01
4.756552158714383860e-01
4.888823157462772739e-01
4.569557560122400330e-01
4.638766774658906189e-01
4.566886635973735897e-01
4.533287525433872811e-01
4.781532739035233015e-01
4.031229975530785103e-01
4.531637217114034555e-01
4.471277377525580965e-01
4.229593584232597681e-01
4.563282371862368292e-01
4.601994372594134242e-01
3.889507669237260989e-01
4.069467866768584630e-01
4.365641725473650703e-01
4.069903980500687579e-01
4.447070446165944935e-01
4.693861027256020502e-01
4.597305851331256465e-01
3.456632075046778274e-01
3.898119912247412500e-01
4.457590304255993896e-01
4.380435911919659531e-01
4.385356599901810704e-01
4.367878833707214414e-01
4.073886163463074084e-01
4.111398128257591766e-01
4.700979102461699255e-01
4.383705849344413097e-01
4.729573952154720318e-01
4.255473186606620883e-01
4.585160886556808313e-01
4.485706244115545416e-01
4.729371980980084378e-01
4.121537917343553459e-01
4.277154911662798820e-01
4.558850760900875487e-01
4.289921708680263790e-01
4.417238721097975218e-01
4.294827584538374876e-01
4.597729433008861388e-01
4.077564813114095132e-01
4.314477622255930012e-01
4.558456701737488848e-01
3.696658093709938031e-01
4.066108318129469379e-01
4.389163061379964814e-01
4.519136963807355301e-01
4.345355878666923855e-01
4.791540982069061316e-01
4.409527324510329471e-01
4.453489088177650101e-01
4.609415685830674514e-01
4.400580468584369132e-01
4.553371542695359708e-01
4.527427258296780610e-01
4.434351404241687056e-01
4.729419202638314168e-01
4.647775539425025304e-01
4.257118127355389858e-01
4.502153249719877959e-01
4.530098735874611426e-01
4.572248301147880944e-01
4.380843889242213574e-01
4.209970992048128191e-01
4.510861458461922768e-01
4.029088013969965298e-01
4.588600135375485722e-01
3.928339534081872753e-01
4.093253277862151096e-01
4.404691543732309755e-01
4.253507872614804008e-01
4.271582325939976554e-01
4.273768937822444713e-01
4.047835243522285298e-01
3.873448161242561971e-01
4.619506942612388589e-01
4.549280444145533675e-01
4.452949795117608356e-01
3.699146437933167331e-01
4.355210935831790309e-01
4.294864597021644248e-01
3.892503356509590673e-01
4.416263390928099608e-01
4.062048510648472721e-01
4.170725624221255923e-01
3.968308829097120793e-01
3.827537043932270899e-01
4.286092853495617194e-01
4.176253545175113713e-01
4.721171612453240463e-01
4.359342400364219494e-01
4.511770910219705666e-01
4.367180035638877911e-01
4.439494604309522918e-01
4.780737500774515092e-01
4.603099964706459657e-01
4.275234228849016382e-01
4.800218838578531599e-01
3.939681376468324725e-01
4.001342055911517592e-01
4.272407769908793673e-01
4.007179211794377194e-01
4.202366019825970467e-01
4.448327855677237097e-01
4.361339737307464159e-01
4.108233479742244287e-01
4.601397870621359298e-01
4.453838420442965407e-01
4.527383969597453817e-01
4.146309227184140078e-01
4.238717940136433882e-01
4.481551828474797383e-01
4.158532611558155012e-01
4.077689562324383066e-01
4.413767415252071724e-01
4.083436888098881390e-01
4.055032718406852421e-01
4.047341403971509433e-01
4.597827377436997098e-01
3.886365072905541007e-01
4.127126445380536746e-01
4.212076938641868828e-01
4.095420375681258496e-01
4.541210321600700484e-01
4.611992874135637521e-01
4.425894641604688484e-01
4.490247586778571831e-01
4.733495145087666112e-01
4.415040143571908882e-01
5.045645111823864326e-01
4.284889055325729057e-01
4.272201023190366209e-01
4.141118867179440222e-01
4.415194050050323393e-01
3.924512353106179852e-01
3.964265979060717648e-01
4.822302146426339364e-01
4.373547234838723319e-01
4.300977884001979668e-01
4.594748320449790757e-01
4.375729989081525995e-01
4.474949904718803495e-01
4.836461439071001456e-01
4.079814848528071636e-01
4.329358902438256718e-01
4.013017383766901980e-01
5.339469259365747789e-01
4.758523492468385574e-01
4.556182613543455773e-01
4.578115910254760834e-01
4.090412349933483238e-01
4.514232284095845427e-01
4.276012858905497427e-01
4.190101277465557716e-01
4.597615851381974261e-01
4.370449951952296574e-01
4.696379878247412543e-01
3.988921106989131715e-01
4.446366596324141107e-01
4.375417593618981527e-01
4.778508157484498420e-01
4.100880762432789206e-01
4.638850274315303723e-01
4.444557082524373537e-01
4.369890309054147437e-01
4.229757212585266157e-01
4.903548630893591609e-01
4.450566044030039303e-01
4.537221686650756425e-01
4.781214689613295099e-01
4.296250230545097804e-01
4.288041287423220993e-01
3.791662949538437410e-01
4.621617795361220860e-01
4.514010028764888216e-01
5.169792899912273310e-01
4.262527734213084063e-01
4.528882858941212786e-01
4.394269838273912043e-01
4.683720895298633669e-01
4.849683642003403961e-01
4.437378028571360988e-01
4.398806265176134489e-01
4.281331050981830311e-01
4.327906475215254067e-01
4.020319683248979592e-01
4.279162859051358625e-01
4.639928910970366194e-01
4.518448438989030591e-01
4.108374278388731149e-01
4.300632985885615711e-01
4.533817660165773700e-01
4.678191025539166770e-01
4.547559865485278352e-01
4.773595086844576452e-01
4.650966227057820035e-01
4.532112323751311678e-01
4.818085265647525928e-01
4.571441324907444814e-01
3.968425120974439779e-01
4.770295562664285671e-01
4.028965395765946034e-01
4.361263707652013322e-01
4.226233062541618901e-01
4.394300886619878499e-01
4.202053028324525541e-01
4.281871949719045500e-01
4.659894459696211078e-01
4.160081729294988206e-01
4.061686151158086511e-01
4.416145085905548995e-01
4.619861562331243343e-01
4.442338923245106597e-01
4.619816246561037620e-01
4.529032122990571119e-01
4.063533713939577741e-01
3.994111674889373464e-01
4.730686892394642129e-01
4.459489375185066162e-01
4.228882425494504549e-01
4.014126496111822817e-01
4.637101299745577943e-01
4.140800998727945381e-01
4.868433607858306256e-01
3.601040717206088204e-01
4.192079739284795825e-01
4.133265057964633504e-01
4.726332189175679321e-01
4.120053545374109949e-01
3.844324770470882169e-01
3.972902113575182970e-01
4.159006746587407544e-01
4.256725916454190406e-01
4.519119488338436685e-01
4.022953778674924763e-01
4.366655917752107485e-01
4.606374408507459828e-01
4.246657983264927605e-01
4.445645317069609193e-01
4.943354697499522943e-01
4.157537362916278179e-01
4.553543950018638653e-01
4.844751559191827206e-01
4.875726206350236569e-01
3.935329960636203550e-01
4.659661790688734984e-01
3.984991547712916637e-01
4.328220587439585709e-01
4.252892726025447323e-01
4.613229139578198246e-01
4.208379420803987081e-01
4.501627360065038608e-01
4.263798795337225833e-01
4.332128827561918527e-01
4.405591643948821301e-01
4.672500548718683255e-01
4.440535034360803546e-01
4.909335198473188111e-01
4.434579843277300926e-01
4.314267901765270197e-01
4.552948999566547306e-01
4.156700348686503399e-01
4.716239920526477114e-01
4.399679513199419856e-01
4.570387724923481443e-01
4.403513136617117074e-01
4.554872554136069618e-01
4.492353576322052899e-01
3.991690559622713130e-01
4.474881742431014442e-01
4.581960870849949852e-01
4.640952170969729895e-01
4.292728597409373181e-01
4.442365272422945099e-01
4.519305704734969398e-01
4.484668821790491200e-01
4.499304495961932715e-01
4.394473275172635640e-01
4.634953993386685678e-01
3.897660368727289271e-01
4.475539105843835408e-01
4.466364775612375881e-01
4.573171727956443777e-01
4.662631706261868292e-01
4.648570577226966982e-01
4.876072200715642069e-01
4.883406218757143091e-01
4.614247924194365691e-01
4.376413990073470539e-01
4.783123185793033416e-01
4.240619913395400897e-01
4.547635091578510758e-01
4.371522333155293816e-01
4.076971157601983475e-01
4.607267241381290956e-01
4.601699290714083013e-01
4.268467374203210318e-01
4.831333817637979977e-01
4.705730471133983683e-01
4.927346912749826502e-01
4.839039454047672217e-01
4.586947972055774869e-01
4.759692575571703999e-01
4.488769600985916264e-01
4.969082576978762766e-01
4.421680183408552844e-01
4.456501382059411265e-01
4.321711208354801492e-01
4.646014537545022360e-01
4.624621403736013936e-01
4.341986581300026349e-01
4.347572952040392180e-01
4.211697990481422793e-01
3.878891919461670001e-01
4.437619390995455881e-01
4.534398244602380057e-01
4.569391002541032254e-01
4.333647719890477146e-01
4.090148022841652575e-01
4.268357204809608563e-01
4.518384270279020565e-01
3.964748691008827541e-01
4.101402063650789187e-01
4.671326536540759689e-01
4.315258183404432901e-01
4.826891290367317788e-01
4.034584868722589368e-01
4.459841135496279141e-01
4.410532525766327483e-01
4.398307308718336639e-01
4.120455763649666370e-01
4.237207201196306339e-01
4.483823710423855968e-01
4.364510660250121576e-01
4.203546008028371528e-01
4.604478198198884709e-01
4.767980215178064807e-01
4.577483713826274725e-01
4.921086892299746940e-01
4.758434804185938671e-01
4.275254647197525015e-01
4.473808872499395184e-01
4.369970884645181242e-01
4.615429515946695704e-01
4.136862974105597335e-01
4.663171477415578581e-01
4.621378874781502666e-01
4.554328934891884173e-01
4.159406873662263027e-01
4.386168429478319863e-01
4.024541596235985397e-01
4.156791201196987640e-01
4.149883545116470063e-01
4.395473952020572672e-01
3.909542030902278809e-01
4.087057173196755322e-01
4.178840283605331773e-01
4.069365797844421428e-01
4.488682578209155505e-01
3.979576532593205873e-01
4.231996548307707107e-01
4.386238807602355072e-01
4.199630199233385652e-01
4.285124397500271187e-01
4.215099887118067823e-01
4.259566627154804941e-01
4.894935914995749426e-01
4.589521726677057156e-01
4.392441470673348336e-01
4.326460297145246492e-01
4.080442766208056127e-01
4.271954563156430962e-01
4.436833390907532482e-01
4.133896264926006925e-01
4.307412627261577032e-01
4.609047075797694237e-01
4.395209895540959089e-01
4.402887298963753526e-01
4.453197257074766879e-01
4.824047362392240856e-01
4.570052548520039948e-01
4.515089562060424222e-01
4.588264251975613384e-01
4.646207412726440777e-01
4.709701696456394249e-01
4.686531082427757289e-01
4.409788122599928584e-01
4.820988849823928390e-01
4.601131874956573831e-01
4.836239019809557838e-01
4.666869377621817305e-01
4.556428297881144340e-01
4.664287997282883236e-01
4.445112463534242053e-01
4.413521579446942900e-01
4.610126197753460775e-01
4.629848863435733208e-01
4.159314207809017283e-01
4.288209941058311325e-01
4.206635461879574267e-01
4.431223837166445856e-01
4.607579578084000649e-01
3.916790609979603488e-01
4.295447710347096715e-01
4.553621623819937847e-01
4.227577089591919024e-01
4.523411377227490315e-01
4.537183632135484146e-01
4.624754576540979212e-01
4.513250650118239560e-01
4.605469068374944408e-01
4.578262841137678563e-01
4.162270787976373176e-01
4.434558412213931433e-01
4.457832997162737843e-01
4.561731450251155229e-01
4.327780977051420286e-01
4.275766791587090054e-01
4.441765039932206172e-01
4.168159427047851140e-01
4.646223596809740397e-01
4.442685680914461033e-01
4.812561830577873345e-01
4.538395997356859946e-01
4.350438943914384238e-01
4.575311475319215893e-01
4.828604499939717076e-01
4.458214130333713054e-01
4.741802507725301208e-01
4.080724134679651893e-01
4.772800271575305953e-01
4.562252685515371109e-01
4.622095260936733840e-01
4.040034327986379292e-01
4.411411200395356502e-01
4.605634133147961662e-01
4.670021811803969913e-01
4.205559900588582978e-01
4.153627390729558999e-01
4.122279784738244190e-01
4.497393193271345124e-01
4.360249574004700368e-01
4.330979439935544462e-01
4.398237564880150274e-01
4.292129290281991305e-01
4.120553287504888362e-01
4.320322467906749786e-01
4.641234247997464979e-01
4.502767357598158049e-01
4.521813367335880129e-01
4.191335097901086604e-01
4.822602963753209182e-01
4.288524985766516973e-01
4.230361944796126594e-01
4.350110554081805248e-01
4.276662542249041188e-01
4.631578508660511018e-01
3.885793185158269436e-01
4.537297331131128209e-01
3.806152799702270384e-01
4.324164067324601790e-01
3.667012193061540692e-01
4.079743273215712951e-01
4.163479662552139193e-01
4.625756348907634763e-01
3.781792928525093966e-01
3.850850259423905242e-01
4.176154744184510381e-01
3.948906376567453136e-01
4.013508816912960686e-01
4.285179060483571001e-01
4.107469135783349823e-01
4.318854018145972806e-01
4.269565930672634124e-01
4.579381053287660541e-01
4.243725440225105672e-01
4.362174435426947050e-01
4.464346000376448464e-01
4.445449693113056600e-01
4.597457951000608056e-01
4.652604125168295357e-01
3.874432708909435474e-01
4.098877474264644993e-01
4.411031664718736423e-01
4.559370810237932670e-01
4.373927404358012305e-01
4.835911969266336041e-01
4.749655900009668863e-01
4.414385819355162721e-01
4.387748240681740852e-01
4.559612882692224978e-01
4.190102285048203368e-01
4.783735093656278359e-01
4.533135897446043949e-01
4.001458317534833942e-01
4.302506478393440248e-01
4.551428809862705926e-01
4.027624997165244469e-01
4.090702372146010068e-01
4.386475832627408922e-01
4.444575374456908867e-01
4.255766921608830078e-01
4.278530526585317406e-01
4.491498214151709578e-01
4.801551585179978376e-01
4.686029075204052319e-01
4.902933556257360048e-01
4.607139228217330129e-01
4.586458862245716417e-01
4.810050827117514638e-01
4.294278379527160516e-01
4.277335800113168385e-01
4.287914910910641808e-01
4.964510176339360648e-01
4.503994650759396423e-01
4.500622644835778341e-01
4.692451659606382552e-01
4.480209946256640818e-01
4.301641094142894528e-01
4.393418412755518698e-01
4.310468287190981629e-01
5.054025821782545114e-01
4.811366961604335857e-01
4.214326434360766704e-01
3.752364062685321078e-01
3.930315449845369624e-01
4.199936525043382884e-01
4.453169467012865201e-01
4.384271179122912754e-01
4.385990598857315570e-01
4.805841845664096113e-01
4.878255384526906657e-01
4.247894020676438176e-01
4.417459129566826403e-01
3.832533683667118107e-01
4.170535632884260213e-01
4.565510257423192053e-01
4.274799966842975918e-01
4.087064758547839238e-01
4.214433484490869852e-01
4.331874592109171695e-01
3.917307273373699661e-01
4.311285995836544038e-01
3.976518824562684240e-01
4.118189964793692592e-01
4.302887909252021137e-01
4.115093441886620296e-01
4.302808984177502460e-01
4.865566695562386079e-01
4.202915045442731090e-01
4.083414816414710491e-01
4.686703871039943903e-01
4.475910509128482317e-01
4.464245324818041372e-01
4.352034367864991427e-01
4.210197614915082709e-01
3.969515420140286577e-01
4.188878084648816058e-01
3.961477045296022959e-01
3.941935547327941602e-01
4.253542509502264424e-01
4.505127405565617082e-01
4.178535362466270220e-01
3.970127790680318403e-01
4.214881488052924507e-01
4.177011348013368042e-01
4.049924142494319423e-01
4.799271042404935628e-01
4.627364968193925510e-01
4.109541928247354980e-01
4.097682800312600349e-01
4.663157771768460802e-01
4.329529945752338960e-01
4.005375322211964240e-01
4.326597576270982959e-01
4.319193134867435058e-01
4.043533008810322738e-01
4.391447174322101743e-01
4.131923043546585905e-01
4.475940419208513377e-01
4.455863863906595057e-01
3.967920506308800777e-01
4.126159452644989623e-01
4.306278777271120850e-01
3.835601401976145852e-01
4.192492652146548315e-01
4.005615758808850901e-01
4.288679408713280683e-01
4.308375283524693566e-01
4.236187765856410103e-01
4.744903434192511704e-01
4.530122791894436451e-01
4.368252236475098638e-01
4.374037747000763532e-01
4.080288707472830012e-01
4.323050634798515923e-01
4.185810289740796164e-01
4.527132861524743035e-01
4.305361148526284376e-01
4.709792126261971301e-01
4.204763427105573381e-01
4.302435548060583592e-01
4.246317240919854630e-01
4.296030874354296314e-01
4.662065187939659072e-01
4.654462491990060680e-01
3.753603162679524652e-01
4.536453494596197067e-01
4.927723124006322952e-01
4.599037958421671179e-01
4.758511025407055062e-01
4.624977848984780371e-01
4.597040189163529300e-01
4.339190921026290781e-01
3.860579096037019542e-01
4.219044068194577335e-01
4.170509451134933321e-01
4.080226467901165166e-01
4.276240655710091820e-01
4.068682500713949879e-01
4.206890426720246712e-01
4.258078567218833710e-01
4.619670488657622864e-01
4.673722504122525545e-01
4.933655721383750081e-01
4.009344236444886134e-01
4.172391701383802443e-01
4.576462962095305675e-01
4.796926806726186099e-01
4.476484689057392830e-01
4.547468614532704234e-01
4.574176637782678689e-01
4.743881538673203058e-01
4.570516792600050060e-01
4.639278710610790779e-01
4.460990556143396013e-01
4.929737935608083932e-01
4.736367639067739499e-01
4.586471217522749000e-01
4.393363811033181854e-01
4.040035103793346849e-01
4.515948850226936817e-01
4.269012376190581826e-01
4.045537131048542179e-01
4.550314149764016491e-01
4.078756752653309725e-01
4.680171819693157431e-01
4.417013319373934155e-01
4.704748979791443242e-01
4.632761800255816298e-01
4.022040656722475349e-01
4.655103954497935570e-01
4.618833343518544687e-01
4.687763054314010303e-01
4.591476129513245019e-01
4.683185193451616657e-01
4.853904977576242175e-01
4.354121626150505020e-01
4.502553236843573892e-01
4.629984405897830113e-01
4.669789993927850325e-01
4.542059749048594219e-01
4.426786264470248811e-01
4.300187655044509505e-01
4.193074132250530495e-01
4.297471296318939316e-01
4.570916286972590004e-01
4.827606165155089446e-01
4.329963182745626415e-01
4.554122371585003215e-01
4.201760753017123595e-01
4.405958942383039756e-01
4.341305659380810256e-01
4.546112379496989875e-01
4.588289831352941883e-01
4.464327718497910213e-01
4.463535865334045116e-01
4.440158544599137058e-01
4.381163246353856344e-01
4.192615691573073899e-01
4.514064810577471665e-01
4.296992841610587921e-01
4.907983384508304292e-01
4.359463310722104246e-01
4.569968761628543374e-01
4.087155725291290453e-01
4.487614857179743066e-01
4.421688951641787324e-01
4.158635315797448717e-01
4.540091014004362102e-01
4.281272374719828910e-01
4.133723871820301210e-01
4.728284490187217304e-01
4.350274223811605445e-01
4.246462530623256737e-01
4.574946274130635704e-01
4.197988537135912135e-01
4.270804122183353702e-01
4.117705885719769587e-01
4.345195705437362443e-01
4.622044914504995772e-01
4.177297489163253608e-01
4.343504140658871471e-01
4.675851997495771295e-01
4.253643588063024117e-01
4.197907973952128557e-01
4.249534276230176322e-01
4.445344453004179686e-01
4.261885879331896998e-01
4.253812928531832682e-01
4.302680095087086376e-01
4.311925698657346206e-01
4.162194068715308615e-01
4.641813496180607901e-01
4.505804496954047833e-01
4.314848139190184395e-01
4.283298572923108227e-01
4.305807286804312906e-01
4.508312002533272911e-01
4.280855263720705350e-01
4.175140574215188138e-01
3.951578878128070293e-01
4.415291311028340937e-01
4.326741197344639023e-01
4.727893522799593851e-01
4.499844802435699065e-01
4.519070769948784760e-01
3.994438617016383697e-01
4.516527662937053211e-01
4.496402587207821711e-01
4.690595964518000649e-01
4.655271457201978214e-01
4.791019363275509924e-01
4.266537900357805779e-01
4.597086968873811408e-01
4.127519309601648811e-01
4.221861851540918975e-01
4.245009877075780480e-01
3.542986035926809496e-01
3.689666673624750759e-01
3.683048656733505233e-01
4.345690645320542389e-01
4.063245466282289775e-01
4.387486107479967590e-01
4.094146657984035209e-01
4.804901276424086154e-01
4.616366094413292265e-01
4.613777148884857793e-01
4.218122670386452722e-01
4.555024362041622532e-01
3.984655634739925345e-01
3.645749130262710969e-01
3.979277065745704944e-01
4.134669218555299119e-01
4.794051972508434067e-01
4.220587789158589120e-01
4.378764513337131126e-01
4.193124404861494070e-01
4.251482627525863256e-01
4.719128771391514210e-01
4.658565085673513906e-01
4.647350828331415218e-01
4.685796236374547008e-01
4.157967025544777040e-01
3.965963866563023132e-01
4.087743109061481861e-01
4.311612834461586163e-01
4.440067197243485198e-01
3.762873875343385466e-01
4.625319087135645324e-01
3.997932899107281557e-01
4.216750595948851599e-01
4.191629749252098747e-01
3.960150172679164360e-01
4.191853843260482937e-01
4.554330098035941354e-01
4.509110194729432641e-01
4.679670481549337846e-01
4.581704749264106091e-01
4.362856574037899948e-01
4.469986938310125946e-01
4.325662358861095957e-01
4.316826964065265115e-01
4.395825711742567532e-01
4.572265684333415847e-01
4.388598244766510614e-01
5.124898297921922641e-01
4.520777999964326610e-01
4.433389842842166417e-01
4.249413841314084173e-01
4.387502273806215825e-01
4.145560004260367415e-01
4.513478412269416040e-01
4.717494814284595717e-01
4.410466200048237528e-01
4.253101169396292791e-01
4.251374963080883362e-01
3.965241784558829474e-01
3.756675278883840896e-01
4.235810570334629377e-01
4.099273117982903392e-01
3.573921864339124621e-01
4.138589977713337809e-01
3.991264396618135479e-01
4.000490264269942475e-01
4.324832820547882539e-01
4.120587263012778778e-01
4.144220079866312023e-01
3.839190939646269785e-01
4.323318085431652746e-01
4.485206157865154197e-01
4.160840910895990952e-01
3.652741829759622583e-01
4.348279239452891298e-01
4.252654223459425564e-01
4.567043069845356795e-01
4.726866256563437285e-01
4.514023026082428780e-01
4.481343436923164725e-01
4.752452142007642100e-01
4.373005447826177616e-01
4.687905118393822512e-01
4.352982493523598895e-01
4.423655271753775264e-01
4.463882599335347034e-01
3.991989192852120616e-01
3.945549817755975575e-01
4.265348928949315721e-01
4.690177028299143958e-01
4.454791733382578167e-01
4.159576068794952897e-01
4.846511665121774337e-01
4.286873050945781416e-01
3.958109929790868398e-01
3.572307218135574169e-01
4.031931147593835751e-01
4.012614738932656078e-01
4.190885522689713483e-01
4.383830099809505887e-01
4.123772733377764621e-01
4.187804962300006872e-01
4.141180823432961677e-01
4.451060043348675221e-01
4.561495689964616962e-01
4.342707449032278122e-01
4.280590228880217785e-01
4.243947505816205723e-01
4.487502906185554807e-01
4.217684002984861680e-01
4.060078275783041701e-01
4.511034143381064121e-01
4.340135859427449172e-01
4.694046486543452246e-01
4.374123772537441002e-01
4.134326671749587456e-01
4.417044470111339827e-01
4.283451382175134103e-01
4.586007686692722962e-01
4.328256843788476083e-01
4.558463826852257039e-01
3.819917859951963424e-01
4.126111664742418417e-01
4.552530071762915242e-01
4.414355916413326142e-01
3.823586242339705454e-01
4.349886967513352243e-01
4.282912088880796997e-01
4.661786512827711393e-01
4.762712383377102343e-01
4.709848960931954376e-01
4.627477822273293739e-01
4.747921570320299822e-01
4.532373245990218846e-01
4.883512238766292146e-01
4.447944992672087650e-01
4.332445887053888445e-01
4.195783136388132606e-01
4.801890295020610488e-01
4.421156546242718810e-01
4.000415290849164696e-01
4.583357648388485805e-01
4.379166832022990397e-01
4.716530485074615919e-01
4.620536381674802406e-01
4.139120320622434179e-01
4.295383502682697530e-01
4.210911381602763237e-01
4.557486155227297719e-01
4.470580011072644577e-01
4.554977650350938712e-01
4.621550217832949281e-01
4.462108886913396799e-01
4.115429158561910716e-01
4.407294052202663792e-01
4.125671786456027168e-01
4.449238281425043073e-01
4.214564495348952500e-01
4.468018450524320340e-01
4.779426179213429049e-01
4.707778339029974890e-01
4.442084759397900151e-01
4.188176551005903803e-01
4.321345708276451703e-01
4.460639055365192562e-01
4.833623387035028696e-01
4.785418544202448277e-01
4.629283449019598873e-01
4.623230926646984540e-01
4.418271178809196620e-01
4.492461785270328578e-01
4.486565713616904594e-01
4.481917504257811879e-01
4.425956560519030414e-01
4.351192673352315965e-01
4.761807975577735941e-01
4.546381596575518880e-01
4.138702885878752791e-01
3.892427945258604693e-01
4.285321215021080099e-01
4.001909464795635474e-01
4.663073328248297234e-01
4.357885317930241809e-01
4.224958713806593602e-01
4.113127130194813574e-01
4.489157457378277205e-01
4.354940042430107128e-01
4.050925803586185037e-01
4.210498815511548587e-01
4.467441930562597863e-01
4.393960013642362883e-01
4.493793823328158799e-01
4.567189465437060947e-01
4.461268272499722132e-01
3.842299094874545018e-01
4.122389825266483676e-01
4.442689277751225574e-01
4.877099683415473397e-01
4.199102984357907520e-01
4.228108379742389067e-01
4.811189227502449817e-01
4.053040106797559661e-01
3.804976709114983313e-01
4.118090193853690129e-01
4.296004876578196074e-01
4.325083641991772088e-01
4.480925637741259848e-01
4.613888341333890475e-01
4.137092698902875565e-01
4.292522706749465899e-01
4.055195162737492698e-01
4.393695578792848888e-01
4.553756125471798422e-01
4.341983548633843726e-01
4.224193244449842011e-01
4.318703691066027583e-01
4.396613059252538203e-01
4.305847029381149604e-01
4.157376598139749801e-01
4.870902277657424007e-01
4.339558430872662020e-01
4.230316266699035155e-01
4.677870876439750858e-01
4.727420159053203341e-01
4.985837254010991870e-01
4.057575651364429548e-01
4.276065289517586576e-01
4.371082792582707821e-01
4.673830621030273247e-01
4.491317510629149745e-01
4.110448878007217366e-01
4.371846946901756237e-01
4.174949240070310319e-01
4.464922374039348996e-01
4.388001207524223068e-01
3.907247807699659736e-01
4.682267971647753879e-01
4.569764931513697337e-01
4.800223077306771113e-01
3.979700024704341255e-01
3.919264489422653042e-01
4.453741154680478931e-01
4.091991225385677167e-01
4.446339582507959909e-01
4.252609224903992069e-01
4.192628622945445693e-01
4.522671340532973816e-01
4.543778489611249305e-01
4.555533580239075619e-01
4.429790465385066156e-01
3.706804807886158182e-01
4.689890991806643372e-01
4.188122982400338534e-01
3.925290648952937111e-01
4.253909733935001269e-01
3.811330468453220099e-01
3.580291140546842388e-01
3.882416468158305101e-01
4.342329910294037143e-01
3.964580804321055640e-01
3.740494507398050006e-01
4.075352750423610892e-01
4.347261739075098386e-01
3.904362740370110885e-01
4.063971178138884310e-01
4.754614983103466752e-01
4.234575730293769769e-01
4.202662757938399607e-01
4.198903726870886199e-01
5.029102398424560860e-01
4.694639871270158693e-01
4.380528387742018137e-01
3.841243419063861131e-01
4.403661087721695844e-01
4.486170735768318929e-01
4.151349846880557637e-01
4.472609499989816384e-01
4.216567766229016301e-01
4.206589826968973322e-01
4.613123254512130900e-01
4.295227019558610637e-01
3.955416243696922574e-01
4.626881682292482978e-01
4.414174037831359865e-01
4.091433739146536075e-01
4.106279464452166628e-01
4.006986759964877853e-01
4.032710010645085830e-01
4.450518973116481813e-01
4.110498831696603461e-01
3.964451715958460798e-01
3.463694511803476761e-01
4.298237622974280248e-01
4.239537506096700548e-01
4.829126926946458731e-01
4.696747003892758343e-01
4.215561574134447653e-01
4.578293072928145135e-01
4.621322952640760096e-01
4.366077840574593139e-01
4.508680940708450491e-01
4.730409248034126435e-01
4.565733808243921388e-01
4.403889483987213915e-01
4.929901820191963102e-01
4.719187787080478813e-01
4.659757062558829710e-01
4.381344485417644208e-01
4.667073102412770957e-01
4.498756631736238187e-01
4.366501076460597708e-01
4.431303489428861653e-01
4.370802737386129677e-01
4.613403156734537935e-01
4.764921815789775472e-01
4.656936206061396133e-01
4.120581094456839955e-01
4.554987705899882777e-01
4.430806749576035042e-01
4.598534340180340796e-01
4.484282185043841351e-01
4.145825976020969250e-01
4.362212898351472967e-01
4.346947906822619112e-01
4.368255003891365340e-01
4.219912454856803441e-01
4.076341208980119868e-01
4.324233204953535914e-01
4.276699371726345733e-01
4.254334834936593923e-01
4.429425337944201679e-01
4.324102201297271297e-01
4.840201901631596137e-01
3.869247416673529671e-01
4.360176910273714790e-01
4.188114443101904061e-01
4.200080623669282809e-01
4.662178511821995497e-01
4.441147814034769881e-01
4.325403123247785198e-01
4.506054875390613779e-01
4.865404742365970758e-01
4.542131742596591804e-01
4.193560571242060386e-01
4.343929897909969418e-01
3.906465376687730529e-01
3.933270341748976162e-01
4.240078533010451234e-01
4.358665112058651148e-01
4.308801143233824127e-01
4.577512023360738591e-01
4.525055896216430562e-01
4.101826575613151671e-01
4.119180849984185877e-01
4.659667615333316082e-01
4.197450007441660969e-01
4.371700848526234862e-01
4.882053549344809174e-01
4.508913515508263248e-01
4.361351352756990818e-01
4.065628427663672273e-01
4.424324821931269747e-01
4.411200862548397827e-01
4.878097884273580043e-01
5.053744405714827304e-01
4.212864616009170393e-01
4.943184135969497239e-01
4.564287605722385233e-01
4.531234479519969383e-01
4.421209750827351792e-01
4.312721921017478866e-01
4.323427920364567578e-01
4.290432192674709655e-01
3.978531546324609591e-01
4.488931922788556017e-01
5.021935564754851367e-01
4.669168183470953637e-01
4.935118641076097212e-01
4.743053372275984336e-01
4.528087548710429955e-01
4.368405634131898863e-01
4.613290937227598754e-01
4.879395939697567242e-01
4.530680045745064666e-01
4.093665831070886774e-01
4.423265275681756425e-01
4.459193633713800509e-01
4.801771683927068546e-01
4.286003898642288812e-01
4.641743322407904104e-01
4.570762977875774125e-01
4.181341178760191180e-01
4.653904752449767868e-01
4.476037839035853505e-01
4.356381801876405002e-01
4.308927616868178934e-01
4.361537216405939055e-01
4.264340115804816644e-01
4.234057850964839664e-01
4.401702316176954732e-01
4.255483860027605703e-01
4.785304787332452237e-01
4.653863811780403759e-01
3.997181637452598135e-01
4.281040349130907918e-01
4.542441812792916145e-01
4.579507667926399628e-01
4.344379134233168349e-01
4.437397874145015964e-01
4.557176083622754836e-01
4.373391610381307526e-01
4.265631029159405174e-01
4.143767721924537795e-01
4.256826693406653428e-01
4.629601707045137848e-01
3.903859451734788544e-01
4.351684150790432470e-01
4.457586352396329388e-01
4.819427946217715863e-01
3.920523010750225912e-01
4.520785664196990128e-01
4.038977396035441370e-01
4.055031223182344879e-01
4.278367357237472524e-01
3.716100107603406144e-01
4.215128911107896004e-01
3.846533895066540087e-01
4.331778925134332492e-01
4.005452579596473495e-01
4.284413153684950570e-01
4.373238228347381962e-01
4.097163217709614558e-01
3.568905516265767353e-01
4.357269416842793897e-01
4.670384490030050628e-01
3.765616632476769254e-01
3.692699972726498081e-01
4.555950417915047845e-01
4.312452614980018528e-01
3.822633928983435458e-01
4.210312914273811602e-01
4.125914865430669320e-01
4.362567828737282660e-01
3.804106238170253951e-01
4.200731399578504499e-01
4.115699388123279512e-01
4.297218156524730825e-01
3.809885147194648214e-01
4.309196613323891811e-01
4.562891121243318748e-01
4.592586609178219703e-01
4.962049964664958512e-01
4.878531075755639934e-01
4.999435706963282211e-01
4.386193365464485794e-01
4.325845931558451873e-01
4.402959447178925734e-01
4.649047579560104948e-01
5.083444938700434346e-01
4.449781597463615679e-01
4.473686285469182233e-01
4.385731882921691249e-01
5.080390180794576160e-01
5.041289988729003024e-01
4.535168491283348979e-01
4.363708045458281060e-01
4.227633940444931460e-01
4.477056348094640703e-01
4.500395299396817705e-01
4.444142992417322025e-01
4.640755560582992545e-01
4.244900919347577295e-01
4.579666734365635539e-01
4.612454393541133291e-01
3.761456209608290968e-01
4.396616754576234687e-01
4.104550509686041293e-01
4.480440426687663513e-01
4.447863341773587442e-01
4.357890539234576810e-01
3.961710756456504612e-01
4.356908671910993402e-01
4.147885336390767508e-01
4.911636348908904326e-01
5.103161212365313615e-01
4.572240133538662543e-01
4.011571313602952937e-01
4.353244984864061973e-01
4.089920578457194034e-01
4.416378957323478516e-01
3.936096260077915909e-01
4.269165562576924811e-01
3.864332237195773345e-01
4.191693932397591027e-01
4.005875663399916520e-01
4.357792642961492713e-01
4.727512403353804071e-01
4.268398116880622872e-01
4.340975069284179755e-01
4.381967600312118849e-01
4.793075329764696080e-01
5.134525069391406848e-01
4.393356878456013415e-01
4.310094961631206756e-01
4.198448069898533253e-01
4.220248178856815802e-01
4.602634635493973447e-01
4.372913701146180498e-01
4.461761218151349406e-01
4.579902935703610289e-01
4.277974658415049647e-01
4.337135727330095336e-01
3.801357973796928302e-01
4.089918916053054132e-01
3.984691758138423356e-01
4.299410977260259559e-01
4.371496951274889131e-01
4.193500116827907909e-01
4.490687991530117884e-01
4.438225395434919340e-01
4.411830817115951486e-01
4.392108609068140490e-01
4.275842879538223618e-01
4.472071935846837487e-01
4.502583561004884771e-01
3.784029345608712624e-01
4.403434005569712983e-01
3.793247872603157655e-01
3.541646098364346074e-01
4.227508207435207166e-01
4.250565424287622296e-01
4.232490721753037199e-01
4.249725717245432799e-01
4.700128821363195319e-01
4.129429742180059093e-01
4.476476283555744784e-01
4.272023179507032919e-01
4.291906970326010984e-01
3.906069874951669796e-01
4.745994363924194714e-01
4.469183028032890359e-01
4.280224464930209027e-01
3.918185588327686708e-01
4.437883090670777242e-01
4.565120736300296578e-01
3.617471880817082486e-01
4.237715551848822981e-01
4.302533786753827139e-01
4.064746495718514208e-01
4.268537849609400081e-01
4.147164333904141964e-01
4.251554795199817827e-01
4.467188391034015438e-01
4.092642350946998908e-01
4.162628914301796379e-01
4.653976547211566839e-01
4.647897370230200109e-01
3.952065880170169687e-01
4.292556526923712590e-01
4.568127576754821839e-01
4.437238301271599350e-01
4.625537679223477583e-01
4.321539392644593303e-01
3.808728566819097328e-01
4.287635731825335528e-01
4.055592954627678104e-01
4.333213880249960348e-01
4.499322414683242788e-01
3.891232064720536177e-01
4.603021667307797826e-01
4.566247852088954340e-01
4.492117041506791808e-01
4.596612505190499354e-01
4.772671232442184386e-01
4.463286304161871998e-01
4.473547419418280602e-01
4.459954081449433172e-01
4.467352630295540750e-01
4.499337564572753467e-01
4.585472143981826343e-01
4.307126484508317921e-01
4.266519212428197538e-01
4.227834103250860398e-01
4.577151736463757614e-01
4.482253318841127321e-01
4.430677868400824670e-01
4.442970918103965050e-01
4.240672914167936125e-01
4.576268945130206323e-01
3.494808830642226471e-01
4.154885150880260336e-01
4.200940705235426953e-01
3.983420037175784412e-01
4.367065465567506188e-01
4.609235899756272126e-01
3.981642743813831875e-01
3.953474835750305783e-01
4.276581879532510566e-01
4.256379988570084261e-01
4.131150916951448759e-01
4.535165180600059798e-01
4.373716716360162016e-01
4.074477132582466354e-01
4.017813258828807355e-01
3.679699829831544755e-01
4.199103263125518182e-01
4.644620464069004195e-01
4.497295519294204902e-01
4.416039072954159317e-01
4.141342992849602056e-01
4.694972147945025709e-01
4.892538100628788800e-01
4.655951115103513782e-01
4.246863709539320797e-01
4.541773679687239884e-01
4.272668223520247888e-01
4.627135410462967502e-01
4.530426948410564147e-01
4.049220624495348253e-01
4.218275397017821060e-01
3.996041144232091447e-01
4.329617856892377659e-01
4.112365808159667568e-01
4.367140189066909817e-01
3.909828983164220229e-01
3.781298140687528453e-01
4.053921663364430938e-01
4.251268046476361362e-01
4.098706817535044400e-01
4.320369508424812821e-01
4.705358194489094315e-01
4.589548545520140688e-01
4.502030305666688825e-01
4.454170833063913482e-01
4.824007779059253376e-01
4.094341716582861612e-01
4.455629122043301971e-01
4.446412223420217469e-01
4.822437376529772890e-01
4.223837943932460814e-01
4.222790773303231049e-01
4.763146039391454312e-01
4.678183922257480587e-01
4.538633204088549644e-01
4.669615302367614573e-01
4.489118887340317055e-01
4.062725747179916080e-01
4.385342648428639523e-01
4.185781318426738395e-01
4.141409345985551105e-01
4.595306520328708011e-01
4.642837271142549738e-01
4.283941813740380633e-01
4.494204542170998629e-01
4.169709331335387792e-01
4.255004655246990009e-01
4.277076275696491403e-01
4.191919138956293756e-01
4.139001163686302776e-01
4.509897801488394475e-01
4.525810320716003310e-01
4.469718722861039661e-01
4.048178970040602342e-01
4.348826155385852599e-01
4.377048343726291924e-01
3.926631366037908188e-01
4.013814071072259182e-01
4.472255089491670721e-01
4.557383088667418258e-01
4.859438587520242270e-01
4.230511012790010295e-01
3.955706095699459413e-01
3.921240838228090553e-01
4.100367247079522159e-01
4.581253665844484124e-01
3.478324155220243741e-01
3.997229144848643001e-01
4.131801072452771506e-01
3.993666185117374368e-01
4.412031260624455498e-01
4.396607387547487589e-01
4.098692653351545534e-01
4.370809506415538337e-01
3.720934069361115371e-01
4.419779643979593331e-01
3.907878493303004186e-01
4.260510761937879587e-01
3.518762173846829988e-01
4.245055953008841088e-01
4.370806251009015098e-01
4.396959219006535968e-01
4.319066682580318672e-01
5.148827969953447825e-01
4.709288342851469800e-01
4.853261718780059186e-01
4.428685632397577621e-01
5.084895968017060230e-01
4.390940806772974936e-01
4.879047526966015513e-01
4.585806825788525387e-01
4.309461741032671322e-01
4.686010127834902561e-01
4.166418746979514420e-01
4.215508213003054672e-01
4.292563070169680417e-01
4.511605343633943166e-01
4.330291665087322439e-01
4.471086100509060746e-01
4.017331694852282475e-01
4.513433584065722481e-01
4.272603056442941249e-01
4.637186932374874337e-01
4.732484147864444157e-01
4.966897413708442066e-01
4.124746830539061104e-01
4.313852845895513877e-01
4.449714102965126594e-01
3.781785732345959716e-01
4.189955203129118178e-01
4.512642983865889357e-01
5.025292524167189745e-01
4.713363107270207575e-01
4.451004186766142068e-01
4.967668773188302911e-01
4.306336478152401059e-01
4.096902499602111392e-01
4.528058623279588302e-01
4.433888162161840341e-01
4.831682178417259776e-01
4.399825649657822524e-01
4.658790512704792941e-01
4.808164946213954183e-01
4.438285575291105456e-01
4.606892424208401948e-01
4.205976438828226138e-01
4.389238549631976349e-01
4.590179377775896463e-01
4.454858768488126897e-01
4.497779076048110669e-01
4.516375680872114495e-01
3.798985458486010547e-01
3.676122818125544534e-01
4.449349957529594723e-01
3.931161637190374036e-01
4.284784599651477177e-01
3.932235577527393167e-01
4.219220554030750359e-01
4.351173509216455515e-01
4.200036733939364053e-01
4.029876413684900238e-01
3.966684995608015241e-01
4.533462995145497998e-01
4.635430139013942408e-01
4.445736438477860264e-01
4.175693040126531863e-01
4.540226119631592949e-01
3.910820887032718240e-01
4.628841435063946186e-01
4.734294775294962121e-01
4.289482298215868683e-01
4.261523378235984594e-01
4.407442644137349319e-01
4.506744195719399881e-01
4.485076226189312343e-01
4.590737889564399654e-01
4.095445665195217022e-01
4.377496239731465955e-01
4.681562443316890088e-01
4.748880812758186076e-01
4.520336837622861981e-01
4.664571807873444387e-01
4.783180962968595074e-01
4.796752748938448718e-01
4.481613012277424479e-01
4.588521092821102321e-01
5.154641095858910615e-01
4.349130026577942010e-01
4.802067703479084848e-01
4.769780582781484868e-01
4.522757308514288033e-01
4.182557758090916233e-01
4.126837399863246270e-01
4.590696934729380230e-01
5.346778781497469879e-01
4.905564971797714557e-01
4.424739005231421718e-01
4.096026214920127084e-01
4.854687624143063651e-01
4.416736197311145196e-01
4.411470179577038353e-01
4.424048166885128919e-01
4.399084711130089587e-01
4.659909706517863515e-01
4.574872311422429338e-01
4.533474001253677832e-01
4.526826747856967925e-01
4.390998314686670456e-01
4.486837975299282077e-01
4.356229373710300834e-01
3.951342510976940670e-01
4.277349682220268901e-01
3.804944126531545345e-01
4.088029035434267433e-01
4.578174211079126810e-01
4.581717658931537818e-01
4.576200824086871233e-01
4.633718569644451057e-01
4.740592547688942671e-01
4.239333614455207400e-01
4.052324724396298983e-01
4.222682163213211104e-01
4.017457954072772286e-01
4.231581034831845556e-01
4.341463759653488852e-01
4.444642638884279684e-01
4.317076020239837830e-01
4.348981419686396288e-01
4.729032364280988388e-01
4.416983990286946771e-01
4.694519647286345965e-01
4.261759607547614959e-01
4.420389774913910941e-01
4.426947743477374075e-01
4.476715460112022371e-01
4.359574550603256826e-01
4.782230885430300282e-01
4.306142699325806733e-01
4.386915394515322753e-01
4.309461125309389518e-01
4.564711464438525046e-01
3.598674869848768054e-01
4.344363126866743752e-01
4.522005648634520592e-01
4.587856193725541321e-01
4.686089156143050660e-01
4.590237037061669634e-01
4.346004830686006626e-01
4.740823861574499642e-01
4.553560988275865973e-01
3.719834899086674751e-01
4.001717565076242655e-01
4.218863578456694130e-01
4.220804940719765641e-01
4.190744636434660664e-01
4.417137922165946251e-01
4.684519869776355705e-01
5.047585970810044564e-01
4.531357471982655483e-01
4.385435236124884950e-01
4.389590351140409408e-01
4.515278096402621788e-01
4.532538217253982982e-01
4.437664262536235582e-01
4.263089814815750334e-01
4.342674691068031945e-01
4.148315073224427829e-01
4.277340590064800940e-01
4.349950779848105742e-01
4.088933690019642686e-01
4.433187074649484472e-01
4.289288211087331493e-01
4.375692365386378291e-01
4.084824567969231324e-01
4.554103229489234184e-01
4.185913610957976982e-01
4.223032370964722171e-01
4.255482532293186626e-01
4.464553473407315010e-01
4.633224289555648023e-01
4.514183726509733985e-01
3.960828058782495109e-01
4.000254779100795854e-01
4.360194952301181814e-01
4.015204268176063573e-01
3.688218063655193113e-01
4.371015392150231493e-01
3.860607771160283197e-01
4.362243616737939145e-01
4.529821358880866677e-01
4.280443626542008717e-01
4.081497056664574186e-01
4.065785350851017776e-01
4.055717789086819569e-01
4.549846004884745554e-01
4.331309592688702415e-01
4.656259884848273911e-01
4.733713580035636137e-01
4.189029079310275794e-01
3.700608273961039640e-01
4.195946481626110502e-01
4.222135358268577776e-01
4.173213976649798873e-01
4.297972975293514741e-01
4.233124193237324806e-01
4.124821584909805217e-01
4.373410958905012969e-01
4.268893657824807120e-01
4.422525430280552783e-01
4.220091220680740607e-01
4.362522131328584463e-01
4.441938841579672892e-01
4.512783145948466856e-01
4.460630866394716398e-01
4.261788927998854670e-01
4.098046446501638629e-01
4.578461471005116357e-01
4.949437039452814768e-01
4.463946121858304306e-01
4.509905966315921333e-01
4.212155765568558752e-01
4.266815965709849223e-01
4.653748328864702466e-01
4.122595671009244289e-01
4.384204663876898889e-01
4.633727473514951956e-01
4.484048585005979692e-01
4.437982615068640224e-01
4.419964138399843367e-01
4.151265235414071664e-01
3.938655181894668011e-01
3.843210190365886070e-01
4.693483486454031461e-01
3.994893564200800440e-01
4.421134240255735759e-01
4.290243243116038663e-01
3.619065162760977117e-01
4.094774275992948409e-01
4.267920704512631058e-01
4.364692232245299675e-01
4.243841139986963551e-01
4.298631084836175842e-01
4.323800121027146504e-01
3.696064372574406898e-01
4.442905760328407783e-01
4.221119236581734602e-01
3.922115874959227755e-01
4.580132580835900580e-01
3.831349943278172798e-01
3.873875805408841244e-01
4.705581028897425910e-01
4.415678106159833249e-01
4.024530740349092084e-01
3.758237875675681239e-01
4.297684210009741768e-01
4.655204499340361290e-01
4.496488156172937511e-01
4.771366504803500330e-01
4.318706446505463092e-01
4.542662536981099675e-01
4.881397068257047334e-01
4.438470808125736800e-01
4.457461850659768521e-01
4.186663118129928529e-01
4.318932055066850850e-01
4.181810174698359361e-01
3.668450110192834623e-01
4.163354772906715517e-01
4.156943131453477713e-01
4.303125462098628673e-01
4.320162494192472113e-01
4.861508561770366832e-01
4.363893528209760175e-01
4.400366534672013330e-01
4.316039209385676423e-01
4.344020586233812709e-01
4.422117270006429846e-01
5.064175588289399066e-01
4.436167017049830186e-01
4.590653096309753600e-01
4.379309552654883086e-01
4.900613562129325085e-01
4.427099858072715555e-01
4.848620834691933501e-01
4.982252578644760788e-01
5.016471718318760153e-01
4.513521657921281127e-01
4.705720219611191357e-01
4.414156216374774400e-01
4.832434771742259438e-01
4.712799865595731497e-01
4.690370669013815275e-01
4.672135006823632808e-01
4.398399746306184688e-01
4.374290809127960866e-01
4.202609468617770072e-01
4.245947246407613673e-01
4.674773670350263477e-01
4.697211522152686669e-01
4.829470594215440338e-01
4.513598953963031679e-01
4.661458861218232830e-01
4.685013735684020464e-01
4.474636282905339324e-01
4.080858316544977438e-01
4.321314429762916354e-01
4.310318951006211763e-01
4.917688446159638183e-01
4.120941056157652049e-01
4.430467958529499262e-01
4.438238136740830231e-01
4.495681289187194452e-01
4.199640859419280225e-01
4.455294072670091254e-01
4.802553911923519436e-01
4.036140569907193387e-01
4.324563368712537326e-01
4.127176104832495640e-01
4.405388364376100485e-01
4.422778791798548381e-01
4.395401417343013373e-01
4.251071232200859251e-01
4.185843252654210533e-01
4.607784595876694977e-01
4.534631515700964788e-01
4.153198604927554327e-01
4.833583429816527000e-01
4.645727872911050715e-01
3.752641434479255800e-01
4.329764149684890429e-01
4.494609055593531965e-01
4.285201969475859740e-01
4.080509023791225598e-01
4.481084381397746896e-01
4.835491539770114255e-01
4.478449397346811467e-01
4.575204863279256351e-01
4.427638151729484939e-01
4.425595443156782327e-01
4.651725417992881306e-01
4.152454630349339815e-01
4.262447845036941851e-01
4.558168595664958134e-01
4.152931832605483708e-01
4.707899954017130129e-01
4.238386277226910970e-01
4.033376360842261255e-01
4.221273884423890621e-01
4.472875806591486425e-01
4.237671676820582434e-01
4.194386184844792198e-01
4.262812590889648034e-01
4.472671233700066806e-01
4.274827375110031857e-01
4.298197723125114500e-01
4.176440637279995594e-01
4.366243900078795037e-01
4.871693537539022456e-01
4.576573469430696428e-01
4.603149611836909183e-01
4.181267528242451070e-01
4.378369751365187024e-01
4.137420712449031979e-01
4.161348515741647991e-01
4.311640800168759502e-01
4.277432277220965529e-01
3.987909030226794993e-01
4.327916280010665195e-01
4.152436778324870570e-01
4.200065064424675643e-01
4.412428335392780121e-01
3.931292835011571674e-01
4.291711246231801336e-01
4.408717830679184102e-01
4.362580415645462284e-01
4.116309189013375169e-01
4.090340820164061197e-01
3.913496991718899420e-01
4.525693135738043660e-01
3.802167456759086850e-01
4.293503773870569473e-01
4.813965724782804934e-01
3.859179747848514030e-01
4.210496228257734064e-01
4.289574529178278306e-01
3.990242109731798603e-01
4.006076732110139260e-01
4.529654259911669589e-01
4.333751033293483101e-01
4.320371861064795649e-01
4.400439774101179147e-01
4.003659889429496133e-01
4.100033664193648009e-01
4.746009293744812285e-01
4.337367729979193509e-01
4.045025257055727685e-01
4.160652891268211695e-01
4.356714727834181677e-01
4.304619088749128686e-01
4.554884391751461981e-01
4.246515885444935301e-01
4.055589377492946346e-01
3.905968460069392245e-01
4.539916874891267717e-01
4.278259460204527076e-01
3.920306672915588875e-01
4.347938423935855945e-01
4.222284569006509725e-01
4.017106835577081703e-01
4.416890916954746005e-01
4.079176903549890931e-01
4.588740893431392798e-01
4.627380783918770835e-01
4.277294365462487868e-01
4.215632357122851004e-01
4.220063996852562727e-01
4.441840301218088483e-01
3.897963025071338183e-01
4.671124200216876798e-01
4.376478189305761379e-01
4.380225079523311638e-01
4.684198951924543053e-01
4.518143640342539569e-01
4.267120398501003109e-01
4.665079209207343425e-01
3.794808450961878465e-01
4.267055657233982391e-01
4.446462736640605096e-01
4.390092560242997433e-01
4.166049585943771838e-01
4.451110151728865927e-01
4.262048250060431198e-01
3.965535078284339043e-01
4.644360869796356761e-01
3.879226021252875078e-01
4.358157705896185674e-01
4.634149965726206410e-01
4.687752693755034561e-01
4.334670808156823596e-01
4.191013695085478163e-01
4.460976998583546238e-01
4.509252001710563063e-01
4.552146203511237554e-01
4.510255481187454007e-01
4.242057234922073095e-01
4.650351394470825794e-01
4.309945675045896984e-01
4.947670015845168079e-01
4.402161047527944349e-01
4.459732197892301575e-01
4.067253163968744256e-01
4.508227967935182212e-01
4.573160548534512815e-01
4.791572811844656554e-01
4.243041844856585976e-01
4.449602214431180869e-01
4.331564220431510792e-01
4.708277980630736215e-01
4.260805014324061668e-01
4.462189095105399961e-01
4.536585193037888097e-01
4.877698597296714622e-01
4.772077721497995362e-01
4.500302592049900685e-01
5.158660782617174867e-01
4.412695264609062251e-01
4.296080863571946629e-01
4.449457638109168278e-01
4.441703043155837416e-01
4.257241753472800205e-01
4.387335082181480495e-01
4.518633961423643153e-01
4.372323812523616349e-01
4.367690649701674865e-01
4.088466796886370269e-01
4.354430072792954687e-01
4.556352753056873706e-01
4.152568257781148464e-01
4.366523027206389296e-01
4.332492648217993736e-01
4.101029166619059585e-01
4.203266394351683477e-01
4.133546100002896684e-01
4.314410554006768428e-01
4.756042972902019828e-01
4.580839655771517527e-01
4.940928503536265448e-01
4.789099299370071505e-01
4.221148293923424055e-01
4.291612322560928172e-01
4.221707082575097969e-01
4.119129823941387047e-01
4.475393029853874660e-01
4.519383568500903725e-01
4.725198383846564432e-01
4.038718768876498055e-01
4.323031655426147757e-01
4.512022231065785371e-01
4.648027707072330261e-01
4.211323281747659797e-01
4.471494311579531922e-01
4.102872749761906634e-01
4.683679862125077475e-01
4.466937692072986410e-01
4.694842392827699440e-01
3.926974085255258151e-01
4.490857339784686264e-01
3.875283511316803819e-01
4.219783830816633552e-01
4.344882294892912777e-01
4.077750779315931773e-01
4.289927145495463501e-01
4.151341120049281685e-01
4.367417850865561446e-01
4.323079479602865427e-01
4.547608061492711684e-01
4.663947249202670675e-01
4.368610601275764727e-01
4.055719912552797624e-01
4.307974586333662703e-01
4.818899614209627980e-01
4.571459793054121201e-01
4.270195838490618567e-01
4.828908477284982181e-01
4.719693113913547844e-01
4.303162815297203458e-01
4.214539780504910627e-01
4.297541930137993016e-01
4.510646594050731761e-01
4.560769200704840598e-01
4.706835841374878426e-01
4.354921234364301230e-01
4.614789864776431827e-01
4.564520532204440206e-01
4.518644803972217683e-01
4.322401798738890744e-01
4.473298481524562997e-01
4.251167754462217840e-01
4.434491602328498594e-01
4.338745912138233241e-01
4.062718656131726891e-01
4.261079660910499500e-01
3.994345699707691488e-01
4.503856037586188021e-01
4.503618484060805116e-01
4.682142226379497618e-01
4.439601515798243803e-01
4.385233128666101154e-01
4.328521611886548270e-01
4.298119817747747540e-01
4.463517831531753632e-01
4.220571921386577219e-01
3.882262433777605715e-01
4.022609097532809375e-01
4.423142006582991836e-01
4.020649068455873776e-01
4.256214096414586701e-01
4.225273088843272129e-01
4.226400590062706075e-01
4.213900834516455807e-01
3.768353869985373028e-01
4.418703950089061250e-01
4.533470322944770370e-01
4.118498186946987771e-01
4.658335606334420009e-01
4.454041098532863785e-01
4.679050570779010321e-01
4.380614698500868154e-01
4.120987414576884889e-01
4.317472118609937959e-01
3.556167663973920368e-01
3.885508868648216985e-01
4.366890398357870517e-01
3.944656718234686998e-01
4.051622295091874548e-01
4.064587689539005400e-01
4.117951759028409264e-01
3.887093533949813606e-01
4.291127253763152294e-01
4.292515767310909336e-01
4.227922025355083657e-01
4.084800715082474443e-01
4.681666274232019198e-01
4.453997769357633252e-01
4.665701539248203189e-01
4.282865798784767919e-01
4.202807512081752628e-01
4.094019817031319119e-01
4.175608439507683678e-01
4.117210915164539187e-01
4.540754342581346803e-01
4.784643296159253323e-01
4.337559635346399101e-01
4.392639342247364187e-01
4.443549915040543308e-01
4.561031081575028789e-01
4.448952217141181609e-01
4.325396392744470520e-01
3.977885241607153066e-01
4.509081081983485340e-01
4.650989710170413960e-01
4.261856050848459865e-01
4.149718087282159296e-01
4.156511189783738125e-01
5.014792370247925790e-01
4.603519924122109197e-01
4.639212441354068628e-01
4.336074429779254169e-01
4.840052911705754468e-01
4.376027719278570149e-01
4.488592322836321147e-01
4.490711807830218838e-01
4.002878724701923185e-01
4.275833980328518358e-01
4.429782408777406810e-01
4.059663971639312363e-01
3.918559653129364273e-01
4.478540079328773849e-01
4.516984787411744140e-01
4.731273906042645638e-01
4.583610873876816094e-01
4.643314432356910881e-01
4.137534946085447696e-01
3.810639554257654327e-01
4.377044657746987921e-01
4.258667041031129474e-01
4.121118204440564758e-01
4.709710401118282208e-01
4.227941552982557583e-01
4.449805692759665199e-01
4.223756197033082249e-01
4.331015289191504913e-01
4.199057953009602273e-01
4.380181520989560595e-01
4.407383191003294010e-01
4.732194296880646300e-01
4.840686926366590814e-01
4.510652020886048996e-01
4.524466924867032169e-01
4.288699207840536154e-01
4.409169361973516721e-01
4.290795313422028912e-01
3.830888321145324849e-01
4.072789284669761090e-01
4.305707188975256283e-01
4.328462793225088534e-01
4.304926586622112028e-01
4.560675615852302633e-01
4.386685466693127644e-01
4.373719517628881226e-01
4.114776890103298834e-01
4.740299003385910481e-01
4.174599954502945520e-01
4.321451247567867360e-01
4.370908748283350298e-01
4.297217651664959615e-01
4.375235963082316770e-01
4.371897177235787857e-01
4.551758486638486922e-01
4.274997823582638579e-01
4.308606326811391662e-01
4.584188870760009249e-01
4.000768588710386098e-01
4.349435426738383903e-01
4.033291697022753919e-01
3.866277562655305866e-01
3.923862479719914531e-01
4.463264154679691398e-01
4.551801714653144204e-01
3.915263066722298180e-01
4.084682142021631157e-01
4.145901047249724303e-01
4.245650069335285548e-01
4.409290986160343540e-01
4.704186335349001546e-01
4.659474139904987711e-01
4.277188364239767338e-01
4.254510121735864403e-01
4.244691274338581177e-01
4.674754136128441706e-01
5.333014914222370395e-01
4.276179891168586655e-01
4.965323737763519540e-01
4.438940151995876549e-01
4.485080931182739428e-01
4.579976341551683650e-01
4.794458335370263002e-01
4.480522495066184829e-01
4.327267579151516386e-01
4.500795771570241799e-01
4.386024822783523569e-01
4.573391485488422226e-01
4.441941012522399035e-01
4.266237411593123974e-01
4.284980022606421080e-01
4.163758990525940340e-01
4.036602941576576398e-01
4.320282244290720164e-01
4.711775186793835113e-01
3.884601719496180161e-01
4.444738959303687897e-01
4.072450071732063304e-01
4.413752905871492493e-01
4.342090811502792858e-01
3.753828996386743277e-01
4.456192631698275841e-01
4.829122855328896180e-01
3.948751004011094023e-01
3.755353556805457460e-01
3.934629290182765637e-01
4.256060598707850362e-01
3.930472993736373044e-01
4.355281433548414682e-01
4.604620766254773900e-01
4.095246325786344732e-01
4.388232131562236904e-01
4.860593741718182703e-01
4.057491338719645957e-01
4.313207608752737121e-01
3.885636259947623516e-01
4.256922251055124673e-01
4.474855753451389972e-01
4.183034196336981037e-01
4.252867822147090027e-01
3.653588848981884629e-01
4.497519167328726808e-01
4.533901969957767064e-01
3.975317136237462301e-01
4.652443511034385915e-01
4.597794323650797321e-01
4.184980092700373855e-01
4.123648305239199785e-01
4.108921824696319947e-01
4.006487242675781379e-01
4.431205664372347974e-01
4.737537765742443896e-01
4.562561866161322088e-01
4.490720420162836457e-01
4.126112075043897875e-01
3.785753592858193683e-01
4.388532655574873265e-01
3.561267282758514563e-01
4.266314363223667194e-01
3.665745314324765358e-01
4.534188556282075511e-01
4.179102892025720606e-01
4.095707492010834949e-01
3.453356554183817373e-01
4.596236285083448725e-01
4.138254535887315733e-01
4.063954867060833309e-01
4.385845217718201683e-01
4.225180857350657737e-01
4.667873978767720367e-01
4.184623168911322244e-01
4.259800479618038871e-01
4.158368190725748037e-01
3.680294894148503082e-01
4.476672465044014837e-01
3.949386120192834859e-01
3.929457700306899226e-01
4.159284331954991032e-01
4.138781426086031723e-01
3.936936432363334903e-01
4.201494060496890337e-01
4.539753220080462448e-01
4.631662374266772297e-01
4.901421749314604503e-01
4.535817077756625348e-01
4.223919827907486879e-01
4.556061289629210753e-01
4.550105405531236769e-01
4.341525794311302811e-01
3.973033686291432831e-01
4.311586275871755469e-01
4.264014707721142661e-01
4.305736719578868721e-01
4.704775999691900301e-01
5.006805688352786721e-01
4.431729030021181459e-01
5.055413601370323251e-01
4.278622552964148618e-01
3.849731214144953562e-01
4.338915293214460345e-01
4.327946001432360634e-01
4.837304795158847148e-01
4.360785132129474939e-01
4.350332155805954337e-01
4.578562408531278161e-01
4.358438034395146765e-01
4.373624584508839508e-01
3.769757357098487693e-01
4.553987751144603635e-01
4.120496587080421103e-01
4.272920078676975542e-01
4.316366241374638424e-01
4.427429939439571638e-01
4.205292810710529183e-01
4.188325875874153725e-01
4.447237861854703156e-01
4.488543157377137827e-01
4.812492318396645041e-01
4.190553277573467184e-01
4.830032774060802891e-01
4.432249506582937593e-01
4.185935661435474797e-01
4.489904459891487787e-01
4.132805396581383239e-01
4.240534255731415736e-01
4.401615729757297202e-01
4.228157530921508034e-01
4.354729771955571649e-01
4.260482466183590500e-01
4.607747186112211568e-01
5.013229706108148775e-01
4.806440823411555208e-01
4.983525201724394726e-01
4.346397931459490271e-01
4.330016988965111335e-01
4.281935239330237897e-01
4.336627985794347384e-01
4.774546919809797840e-01
4.665913685489441187e-01
4.420660999205635044e-01
4.942067887350278799e-01
4.336580500431527763e-01
4.355001093723996353e-01
4.337589104594940514e-01
4.636123101792360424e-01
4.741374596787567008e-01
4.757479196846399749e-01
4.525689863082209552e-01
4.805722373222159338e-01
4.054696167228463710e-01
4.737470360606113040e-01
4.703559932003096855e-01
4.300469685398295994e-01
4.325928319612492579e-01
4.505780551123719224e-01
4.584203587546376579e-01
3.848156352308785833e-01
4.429692845815169644e-01
4.562533957164375265e-01
4.619384961139804124e-01
4.022704664611644332e-01
4.555545413508680919e-01
4.188715309537696663e-01
4.274408320116576676e-01
4.195348174427310228e-01
4.221287178992008116e-01
3.970060914971343946e-01
4.372242825791553544e-01
4.285463622994637456e-01
4.236756669937583042e-01
4.242712639521471485e-01
3.880304765226069152e-01
4.648690947843930887e-01
4.381723126702430360e-01
4.191656362780598055e-01
4.363731822324520282e-01
4.663746653014225196e-01
4.069291712461848842e-01
4.378179103315364418e-01
4.463287916708886249e-01
4.332296769226059441e-01
4.353839246698817389e-01
4.056197589013945115e-01
4.124656126469422590e-01
4.219375720176261058e-01
4.263988226522363867e-01
4.399584258988452623e-01
4.740683288315905020e-01
4.302267831846254276e-01
4.163082934771112908e-01
4.271384939142580661e-01
4.265136862502980075e-01
4.582074944106390713e-01
4.502604388867767482e-01
4.363489028767801314e-01
4.060622125809136840e-01
4.829592833601276114e-01
4.698304662064128334e-01
4.347489412254572083e-01
4.183771602018452884e-01
4.222830162762453154e-01
3.912100852458749167e-01
4.491518238994848811e-01
4.800907919131533474e-01
4.567079008175065069e-01
4.870150766548348442e-01
4.477463003068233860e-01
4.813432174991458257e-01
4.584906680026185621e-01
4.809768458303320671e-01
4.590184050946853334e-01
4.439341004240713318e-01
4.344619091426756841e-01
4.133924667156753108e-01
3.981328022716918436e-01
4.320506479080147288e-01
4.441440944317416317e-01
4.504163253408980383e-01
4.050426532745663444e-01
4.416816203358527870e-01
4.358754130410818495e-01
4.320444717347171615e-01
4.524554249266918293e-01
4.740669652852663174e-01
4.545463197875074246e-01
4.450935198470389320e-01
4.288888075088599927e-01
4.948929919624912022e-01
4.214918751851855494e-01
4.907429921813210583e-01
4.178274074330052823e-01
4.458989236034637815e-01
3.934898201173196441e-01
4.236174494016203274e-01
4.000625880655545030e-01
3.684839498137285063e-01
4.089776033434902591e-01
4.449049204582570249e-01
4.634108121150794513e-01
4.116988053722754337e-01
4.567667139687305866e-01
4.296228030438511425e-01
4.075365486137988991e-01
4.161249270594996608e-01
4.086863566687126692e-01
4.353744230555791073e-01
4.180439821808265011e-01
4.469168299864879623e-01
4.489303663583035786e-01
4.241409469131655063e-01
4.339461750138646212e-01
4.613765344780247912e-01
4.329386945718485813e-01
4.976104266792588660e-01
4.816301068172578193e-01
4.500653102844289766e-01
4.879544316026634965e-01
4.484618156833863334e-01
4.162300636405779630e-01
4.734959749093790027e-01
4.436903709913070371e-01
4.529386094051883749e-01
3.999526908854802443e-01
4.798816338898547196e-01
4.786565803915948658e-01
4.076124421515002760e-01
4.314228615457984528e-01
4.765794870848010234e-01
3.810478717373053659e-01
4.775016274882582512e-01
4.383183864877057134e-01
4.003867115937128629e-01
4.650982497113472225e-01
4.363695575617536071e-01
4.185391660046081097e-01
4.289619462843450859e-01
4.561841913917979996e-01
4.356853366603035682e-01
4.545553317521101033e-01
3.831000651789189249e-01
4.525521896352088236e-01
5.038954177588211847e-01
4.514586678684180399e-01
4.779222664056773651e-01
4.425313272237251794e-01
4.309561549462345154e-01
4.312694697808167055e-01
4.548235602283356993e-01
4.116739203081566933e-01
3.836608680166930241e-01
3.897221120965234098e-01
4.582228901560810308e-01
4.875227070735816404e-01
4.693138511920935119e-01
4.683908476814474531e-01
4.904951295896734509e-01
4.285824465927121629e-01
4.609066275895497000e-01
4.763588525957708764e-01
3.751761331271122879e-01
4.530076605865988593e-01
4.413141305110597212e-01
4.427858281157049936e-01
4.420869522295748921e-01
3.995898259769357086e-01
4.095095371064100820e-01
3.914881473762810149e-01
3.837806618831233751e-01
4.112666740052580150e-01
4.845760233307197518e-01
4.185183257582635319e-01
4.325058934720732440e-01
5.019360683685775149e-01
4.646695542719692651e-01
4.441075187928564816e-01
4.519310955084256953e-01
4.420550422061410578e-01
4.362421526250439552e-01
4.631719499393440742e-01
4.828202537113153725e-01
4.977898037103824502e-01
4.417479826204970816e-01
4.601570429434315157e-01
4.506577602127522231e-01
4.291564826838209501e-01
4.529793286467388991e-01
4.093272315768003433e-01
4.227730946238340559e-01
4.863653126495494083e-01
4.194294229929075302e-01
4.584705224341414365e-01
4.230667300503797024e-01
4.342119854713799576e-01
4.477369089599519958e-01
4.779618372861751396e-01
4.318596606475461064e-01
4.832796293336609761e-01
4.780635887746188528e-01
4.392191882582560658e-01
4.283276336439102994e-01
4.250274034772198450e-01
4.437837543933295659e-01
4.942868544748706960e-01
4.269392920993637097e-01
4.713513694987307989e-01
4.209154765672535325e-01
4.421760411665479062e-01
4.400467938152242686e-01
4.180495149575229608e-01
3.939473339664140150e-01
4.296617729080260406e-01
4.129686053345499874e-01
4.057610363961736688e-01
3.989360907747420693e-01
3.914533816289290091e-01
3.920719948230232399e-01
4.343223424394286880e-01
4.439329893818027006e-01
4.684664829615238224e-01
4.413252346158390571e-01
4.330935747715355388e-01
4.364892128221459777e-01
4.797693213573257509e-01
4.778200416963389041e-01
4.778314089180965007e-01
4.253583147530708430e-01
4.716981164101031743e-01
4.186639208953437663e-01
4.353559920920479498e-01
3.806724030543381376e-01
4.322451935915742616e-01
3.994651927475965647e-01
3.779443750079586883e-01
4.680360976815846619e-01
4.656856188182755818e-01
4.265486131959769223e-01
4.272610934150125606e-01
4.819531549209224441e-01
4.422987982045047950e-01
3.983689644983139932e-01
4.282688742198523801e-01
5.023162354053907208e-01
4.431569827182550991e-01
4.558301055080518083e-01
4.906945559059499584e-01
4.522595690899482990e-01
4.715252397076520885e-01
4.466958549052506555e-01
4.694934853709578082e-01
4.543892584355266884e-01
4.790377808467405907e-01
4.981996767031857121e-01
4.495208670971619358e-01
4.106154717377583641e-01
4.363986085178164220e-01
4.149606357903497522e-01
4.733233689457053139e-01
4.759676459255710590e-01
4.955394048078317071e-01
4.436178234726008696e-01
4.605440295093293224e-01
4.598987512847752535e-01
4.062844546907362631e-01
4.327409140098781859e-01
4.678031210618617819e-01
4.263925921728788371e-01
3.994987344289168685e-01
3.925063533433678642e-01
4.476627751140059841e-01
4.294201177345501885e-01
3.888869294104025931e-01
4.062841695958783195e-01
3.677780579987112164e-01
4.166285179161212660e-01
4.649931025216083036e-01
4.750104382198095387e-01
4.397162200239803087e-01
4.442604259932488309e-01
3.819313834271574892e-01
3.919479599228193334e-01
4.292162391487346906e-01
4.058299362081795869e-01
4.489455414282042534e-01
4.236549678366677840e-01
4.512599147899499785e-01
4.541655488305059718e-01
4.361079672458190171e-01
4.848293639215808248e-01
4.089319155019529584e-01
4.716884821346734036e-01
4.630355780963907320e-01
4.298770157576429773e-01
4.264915087236481606e-01
4.115429982099774175e-01
4.233108087432987388e-01
4.174059699181948413e-01
4.467760707266797970e-01
4.618501889000172778e-01
4.324830597915572672e-01
4.597492460609171050e-01
4.419530056265637552e-01
4.890712354800776374e-01
4.550139077835316792e-01
4.210838476373873762e-01
3.882736527878928867e-01
4.147713676460466070e-01
4.233455909537547912e-01
4.392391618003723130e-01
4.915523957483344253e-01
4.519575988378286002e-01
4.187597938887515636e-01
4.160328069443886001e-01
4.473767127347998418e-01
3.999737434739622510e-01
4.389081375168126797e-01
3.991729099901411559e-01
3.961638741079376302e-01
4.028676087013076113e-01
4.237817030420182873e-01
4.236062567869301465e-01
4.323136837955429135e-01
4.012867418493317739e-01
4.174756437888848537e-01
3.995191837736539187e-01
3.777664608926448175e-01
4.298967205554937165e-01
4.560221230960914696e-01
4.700207458500416102e-01
4.358637724436247307e-01
4.451126954398530455e-01
4.010521854093231919e-01
4.066050131154982927e-01
4.597943667188688632e-01
4.696925947827443881e-01
4.509331671740586245e-01
4.568985653021382376e-01
4.477416582218089469e-01
4.248367984702177136e-01
4.481352681394450421e-01
4.771539149014257797e-01
4.591281855909514764e-01
4.306547236916395960e-01
4.985640179879514688e-01
4.511762989886136666e-01
4.743704615889794973e-01
4.331345188497363052e-01
4.621467889899647519e-01
4.560446252682973101e-01
4.214160947067683849e-01
4.579834938808204359e-01
4.474280395276512001e-01
4.456602380300017652e-01
4.421427601124513496e-01
4.989362343599190730e-01
4.151655772795304067e-01
4.307044176746474551e-01
4.233964613017467404e-01
4.251424617958950991e-01
4.138339452186655110e-01
4.722239667590260037e-01
4.058143513967465421e-01
4.276273860607346933e-01
4.486975945842879843e-01
4.514296495011250188e-01
4.064036282313658321e-01
4.637416203030354511e-01
4.596175695956901119e-01
4.627120028228736137e-01
4.095300113687874721e-01
4.273151715759249125e-01
4.733782363028147255e-01
4.083145072123175456e-01
4.545849066153369034e-01
4.094419859118691440e-01
4.606290334551546573e-01
4.508952512311925065e-01
4.260317188021516266e-01
3.682523343506430291e-01
4.291084098957117510e-01
4.401370941159707950e-01
4.511832650401241818e-01
4.185186061391598655e-01
4.229686028636670536e-01
4.511643119858064210e-01
4.349355875922706338e-01
4.115015654075501184e-01
4.163594667977537078e-01
4.110022869475812857e-01
4.415574717323412779e-01
4.306755051359762443e-01
4.394999936547752672e-01
4.155585364132739490e-01
4.631795200183038697e-01
4.731035037176387070e-01
4.558319338961834277e-01
4.175425121360055170e-01
4.609905436024058223e-01
4.610062532190256079e-01
4.520795243355715254e-01
4.245581688585637892e-01
4.167401406896996674e-01
4.253904933523043885e-01
4.494536323083405116e-01
4.360281760201394907e-01
3.862624840973728491e-01
3.784460211605916169e-01
4.331686599823822981e-01
4.161730805189762239e-01
4.759776386920396840e-01
3.641624174788717916e-01
3.881814834217282018e-01
4.270160910076639671e-01
4.108093190243042314e-01
4.732837118366013951e-01
4.693692905608866650e-01
4.713771733722622592e-01
4.477957608789590593e-01
4.449130316998107793e-01
4.342155056265878388e-01
4.888546366284747813e-01
4.144585495210073023e-01
3.956013394202475553e-01
4.096902653816184015e-01
4.117483615276558151e-01
4.012994333599594898e-01
4.752514120264378916e-01
4.194014857297236332e-01
3.996686502154399023e-01
3.795910101315590479e-01
4.490724314471951084e-01
4.648766770571932661e-01
5.093576592074440246e-01
4.488735296646241824e-01
4.687609039111362841e-01
4.621234619939189603e-01
4.046150340741206941e-01
3.972502475628829632e-01
4.022015169651167454e-01
4.210397399652984762e-01
4.242097721480898587e-01
4.362108485387869994e-01
4.108668233291693506e-01
4.396110547519541667e-01
4.610848742266341338e-01
4.692299694411088407e-01
4.096071989032230576e-01
4.044569400798232461e-01
4.817721164103200282e-01
4.266186198959877052e-01
4.242674253422574204e-01
4.549346828342124560e-01
4.349349158082443934e-01
4.703850756012911138e-01
4.782802446166855015e-01
4.323714486276864499e-01
3.715649504999392616e-01
4.153652681149540005e-01
4.260912969966108577e-01
3.879758904565941968e-01
3.865939789909639268e-01
4.244731452914675685e-01
4.747291476967652746e-01
4.513747922080811326e-01
4.102683632023089721e-01
4.445688361275479394e-01
3.975349044718782809e-01
4.000081296790726215e-01
4.474156871721628459e-01
4.356347965971058556e-01
4.311996359355126929e-01
4.251478310068410593e-01
4.276146535524286141e-01
4.527682619542932607e-01
4.546691621682673601e-01
4.725937105090982637e-01
4.331927958641184073e-01
4.141659802720163430e-01
3.737443769209073952e-01
4.316178718640741319e-01
4.238234201249534983e-01
4.532814777497797820e-01
4.593876663125052162e-01
4.129942953579001652e-01
4.398930168096578108e-01
4.157250056041935649e-01
4.486407797810310072e-01
4.208865499067765970e-01
4.183088159254009231e-01
4.014917257047546650e-01
4.461242671440041052e-01
4.076872699551200574e-01
4.243995993085701302e-01
4.330617132958531346e-01
4.454178669700558646e-01
4.493961601044423326e-01
4.322864287966067809e-01
4.100471499941932274e-01
4.277345917634607364e-01
4.664284649810614414e-01
4.917607974502279378e-01
4.656706897947796575e-01
4.284996144303813148e-01
4.211304426437441073e-01
4.488167989486842591e-01
4.546794089022817564e-01
4.447840164343657143e-01
4.631785156279805138e-01
4.215875671609135011e-01
4.268361971797258736e-01
4.540094454898136456e-01
4.164179101839393660e-01
4.649344175919893352e-01
4.414834422899761579e-01
4.401419270077983059e-01
4.391869331177609137e-01
3.690734755780902265e-01
4.361484528318099185e-01
4.240476488926822607e-01
4.256833441101084414e-01
4.518844489194487335e-01
4.346403513242102501e-01
4.922970190835020965e-01
4.562629425394366667e-01
4.290509023190702265e-01
4.072011648368647485e-01
4.334669901988590923e-01
4.234826565918594077e-01
4.368404134057139454e-01
4.273114078019724094e-01
4.283288193412906342e-01
4.740100049865272336e-01
5.130608406870501570e-01
4.213586434897944599e-01
4.380756373115416991e-01
4.457950059734110959e-01
4.333345267028860803e-01
4.205674664846026367e-01
3.976236651010396916e-01
4.552190507500547545e-01
5.093870045823639670e-01
3.972124962905528855e-01
4.370396448273460854e-01
4.703709684746588127e-01
4.133749242841068261e-01
4.331316421895894386e-01
4.388541802998424668e-01
4.200549197052161343e-01
4.436480693924899077e-01
4.523767240979640336e-01
4.327199265758975844e-01
4.269915834395873744e-01
4.231407135885225657e-01
4.068233878525577274e-01
4.374104825385268791e-01
4.707589088532992405e-01
4.610138175377742620e-01
4.196086220741074846e-01
4.502328123696656692e-01
4.693874946265033654e-01
4.190834004046475325e-01
4.817473395829255933e-01
3.895416631506472549e-01
4.338811419271892955e-01
4.419042286395261643e-01
4.488375056805211649e-01
4.558999979251325274e-01
4.613184701658001319e-01
4.185184521511650102e-01
4.264651424719346773e-01
4.462087911802347651e-01
4.515363477288675820e-01
4.030487822258587149e-01
4.420329734951293221e-01
4.041855710098838372e-01
3.724271076971994443e-01
4.221795020114998964e-01
4.387640687827259467e-01
4.668671503811442358e-01
4.364149550967624247e-01
4.026998605653049901e-01
4.208522491697321288e-01
3.980443370348968335e-01
4.586153802435709581e-01
4.081543235365592825e-01
4.194369089872528322e-01
4.150331699285053078e-01
4.895241767046615289e-01
4.426165856175400815e-01
4.671323471777297787e-01
4.676380616364684273e-01
4.556910720592928232e-01
4.157864575837651455e-01
4.045597519601387693e-01
4.372045470915122412e-01
4.177208067404055147e-01
4.209770149880477930e-01
4.947874436138303134e-01
3.988595016317530439e-01
4.641732954921217735e-01
4.685457524238121341e-01
4.445768665515401619e-01
4.303055424963049269e-01
4.021835822735236321e-01
4.238138845248354825e-01
4.337052367967573208e-01
4.172858208530931257e-01
4.217746511385968566e-01
4.374267155198994783e-01
4.106529973423902469e-01
4.137837307046986490e-01
4.532992663202400907e-01
3.944925522527903961e-01
4.081712316224609394e-01
4.324698666506234246e-01
4.328562703561389946e-01
4.596343617426242312e-01
4.490512093171590835e-01
4.136996732437270285e-01
4.068198998587349569e-01
4.656641948493446814e-01
4.438617811076283060e-01
4.582283302051571305e-01
4.259527953467764916e-01
4.657133399044933175e-01
4.394871142382862916e-01
4.361191031879010360e-01
4.354975604940529155e-01
4.798590141610808435e-01
4.470157202251693329e-01
4.419953854085985623e-01
4.613404023152161137e-01
4.594270108114021367e-01
4.635891743784451569e-01
3.924496194147030770e-01
4.481972279058788478e-01
4.446435366291455193e-01
4.310872530722993923e-01
4.314669867763421540e-01
4.890895145096000318e-01
4.224031629913346242e-01
4.480468748372615218e-01
4.389219622928825504e-01
4.516093822953635151e-01
4.410448954386849696e-01
3.957746976435798092e-01
4.722001053463889542e-01
4.536239071120856114e-01
4.548354164376470776e-01
4.893701570638535614e-01
4.235733013534287994e-01
4.012705660516886486e-01
4.378411101587534882e-01
4.209294179715220019e-01
4.443296485547799657e-01
4.034161560079398412e-01
4.233576833095826220e-01
4.409775003904544133e-01
4.752878228636429614e-01
4.578196513313658178e-01
3.996589767184733910e-01
4.597485672356876885e-01
4.383581982787440046e-01
4.401085613016123554e-01
4.631208521644670784e-01
3.627767192978355038e-01
4.334782381977786980e-01
4.426236165087104601e-01
3.896686879350738653e-01
4.077059783597666298e-01
4.308202219991822957e-01
4.233434782531177998e-01
4.845091562213663661e-01
4.233207029165039215e-01
4.025059147606541154e-01
4.840590217240721693e-01
4.293397503401990556e-01
4.475543349119142089e-01
4.558938224771645342e-01
4.405723189154623354e-01
3.577316808079534227e-01
4.102332902173344564e-01
4.401704526827466823e-01
4.364355028316588836e-01
4.472091085121619458e-01
4.281949017402619240e-01
4.146214647972583101e-01
4.289204847072498605e-01
4.553719279432183464e-01
4.578936052412846958e-01
4.473531818874964539e-01
4.553685827933143804e-01
3.939541448964029025e-01
4.449259920434853188e-01
4.529637102813350302e-01
4.975460574438376748e-01
4.698059880289332524e-01
4.783393298238249880e-01
4.213884088470980505e-01
4.692843532427987130e-01
4.575167956398540348e-01
4.343103118603701684e-01
4.453197485764903707e-01
4.811649750685799143e-01
3.826312174614162065e-01
4.342226639592460247e-01
4.711097483713228562e-01
4.330337406021416702e-01
4.981165064287580435e-01
4.290160015210808808e-01
4.065118868633588733e-01
4.564433872951523252e-01
4.570379762456357464e-01
4.299860018001674389e-01
4.642739279879286030e-01
4.400651793298626102e-01
4.230127269676472457e-01
4.551548423315205927e-01
4.699618323924212304e-01
4.683956166163150692e-01
4.536462353628314403e-01
4.068715569975330237e-01
4.684698635416410517e-01
4.226194325075576241e-01
4.181077934746466607e-01
4.531804733040072364e-01
4.242407829461468105e-01
4.138794405600084714e-01
4.422780660816880705e-01
4.427766344939785270e-01
4.683044161727824561e-01
4.052546180643258333e-01
4.160997384244464192e-01
4.131974388692769562e-01
4.450213967118138436e-01
4.528545724995988175e-01
4.458370961665784060e-01
4.704859094682186105e-01
4.170034368991305529e-01
4.280796343675679627e-01
4.024030852306477168e-01
4.567771293542272626e-01
4.504624135530837514e-01
4.349255719066728032e-01
4.387922100860526253e-01
4.431045316511457166e-01
4.249403087727317008e-01
4.404220606080012645e-01
4.441115878364113034e-01
4.040203146873113105e-01
4.476187273811667588e-01
4.699625788634188006e-01
4.931461892385498036e-01
4.625305859771229322e-01
4.544074157740553010e-01
4.290614257147121746e-01
4.270799709289773705e-01
4.830299241745753536e-01
4.466583131357029224e-01
4.178642290191822983e-01
4.237672534847953254e-01
4.276247120574078187e-01
4.264777067425134516e-01
4.243607533903259732e-01
4.450662643306521615e-01
4.238051819757888694e-01
4.157127951205946137e-01
4.568369793679869506e-01
4.346373423037420136e-01
4.671876838868667670e-01
4.558238573081638823e-01
4.698487799102498697e-01
4.449885953756432810e-01
4.471573315519915548e-01
4.751788231821871822e-01
4.601755614997699584e-01
4.390996525982187593e-01
4.578319560330780247e-01
4.766676528812731073e-01
4.753360928189387380e-01
4.664697043209409255e-01
4.647737001421101133e-01
4.953952657897912615e-01
4.456630473491398625e-01
4.780461681533449969e-01
4.420456810392363045e-01
4.165952626335517328e-01
4.506876390668920207e-01
4.948511997803236584e-01
4.560726514173273904e-01
4.504196148500339003e-01
4.123735550504175063e-01
4.480338251551896911e-01
4.494034876803966183e-01
4.268924561329724976e-01
4.718980349756460857e-01
4.305420648786755788e-01
4.660393514216378263e-01
4.555393761538990005e-01
4.411770095018421323e-01
4.650114505199057224e-01
3.908145872326531656e-01
4.078722932294080450e-01
4.200967079646586444e-01
4.278484144372917131e-01
4.198138433196344499e-01
3.936122771190930236e-01
4.159823523880315510e-01
4.225343845568127477e-01
4.274904460069867684e-01
4.307325542521769912e-01
4.448618355874902619e-01
4.408172965142993505e-01
4.050670490743923380e-01
4.306339946901098781e-01
4.187124763542948158e-01
4.660472531383479389e-01
4.010252210520494631e-01
4.691324963369925549e-01
4.002237781064922340e-01
4.017226895132032238e-01
3.926074087835174087e-01
4.639821217060018932e-01
4.242675592788532346e-01
4.405020043261737017e-01
4.468063270706145174e-01
4.128008649049012546e-01
4.272097008875593849e-01
4.046804840148496840e-01
3.876509976349292730e-01
4.559629736340868877e-01
4.471047072452358218e-01
4.346294041608029235e-01
4.208791529867445536e-01
4.196599643903638488e-01
4.251771046067792104e-01
4.542183275558093758e-01
4.617892428137110872e-01
4.508775697039305030e-01
4.349935899976388742e-01
4.298005757850953401e-01
4.393055626331748842e-01
4.182140654989340289e-01
4.567063006760769817e-01
4.189990405135071705e-01
4.316396826468821279e-01
3.950437268534940372e-01
4.023034457364578764e-01
4.500767151094767771e-01
4.363927714976944539e-01
4.681372725834185289e-01
4.560236919577961845e-01
4.471923650404706629e-01
4.044759754551934816e-01
4.161131128022742542e-01
4.319490226968231150e-01
4.534580928367463182e-01
4.689894937063326941e-01
4.543668858901941388e-01
4.503940244138713855e-01
4.136867128060229826e-01
4.622939468461145229e-01
4.578183258712839598e-01
4.184515914563638472e-01
4.611767985528426594e-01
4.461445284723857263e-01
4.338159775185956302e-01
3.957844092273106740e-01
4.016101397871544298e-01
4.118138693353911584e-01
4.203888726206312931e-01
4.665991884868692097e-01
4.505071841624253004e-01
4.708138586924650593e-01
4.784562984831293719e-01
4.226624241074639077e-01
4.308277723638544443e-01
4.493968769738108104e-01
4.264121338642622994e-01
4.419676504695905783e-01
4.519140122998921427e-01
4.337502682976737134e-01
3.952388707097953535e-01
4.263734325383714552e-01
4.347206604392815366e-01
4.295599205551933197e-01
4.339136114734922778e-01
3.985031162129981652e-01
4.088599741708657809e-01
4.774752265151663289e-01
4.417501829432715077e-01
4.914913377934360117e-01
4.225708016579845516e-01
3.845664577851803934e-01
4.407344178782501287e-01
4.279227791956171645e-01
4.354171393131944789e-01
4.424945441809060021e-01
4.137981638997467737e-01
4.184608520880508942e-01
4.375188467237368095e-01
4.232464638932246226e-01
4.292739768792326327e-01
4.167021960402626513e-01
4.314054576105069705e-01
4.960453475735341344e-01
5.081730409285006855e-01
4.139608969566434538e-01
4.327851702415051460e-01
4.610381795173256747e-01
5.049230595841174285e-01
4.464306108902299508e-01
4.525009197538909511e-01
4.965781222874888212e-01
4.608068333834188790e-01
4.661104991145084142e-01
4.590033966769235807e-01
4.535335702107726741e-01
4.367483065686566523e-01
4.633232728482276075e-01
4.288179534192456122e-01
4.060990611983698040e-01
4.494243013250371344e-01
4.480535063012785479e-01
4.642360301695610536e-01
4.415963328890750716e-01
4.318179982437507225e-01
4.067746915057507406e-01
4.419809823116453429e-01
4.902266073364040522e-01
4.435816499355087483e-01
4.264270955357968851e-01
4.400520604504714606e-01
4.602063914727481109e-01
4.911333557172528064e-01
4.652238596671842696e-01
4.225078834392023142e-01
4.508563838230404408e-01
4.639249598452181989e-01
4.621073663056046721e-01
4.246457545662036814e-01
4.618290922000571341e-01
4.243129090600979425e-01
4.091447772594798415e-01
4.134319512727508972e-01
4.283096562135655372e-01
4.136662783233441276e-01
4.413663400687215521e-01
4.730246193083715300e-01
4.389919290786228889e-01
4.423630010869736284e-01
4.497831309511123865e-01
4.452104626692918177e-01
4.694473406312231756e-01
4.299974921759510127e-01
4.070333489158162177e-01
4.577950746090720391e-01
4.644628273139574381e-01
4.287404751654975144e-01
4.855631561286121167e-01
4.725054361584791196e-01
4.624379328342249074e-01
4.550008086719320444e-01
4.323732740503989924e-01
4.215793121640907803e-01
4.296951349022446465e-01
4.593878770369724807e-01
5.103171951041380883e-01
4.650942590768377127e-01
4.513890755658505616e-01
4.381368572012610541e-01
4.134239700605906176e-01
4.215906599732279769e-01
3.963093471527083800e-01
4.165879191472715570e-01
4.089190582776621175e-01
4.081048214596265655e-01
4.844007884854897306e-01
4.365651215317237210e-01
3.886534582401759419e-01
4.461312869690072791e-01
4.451139006193912118e-01
4.716879446170945123e-01
3.839479070354359647e-01
4.324061584293682481e-01
4.480321635915638923e-01
4.370639074219643261e-01
4.418433258226119875e-01
4.588026588237601455e-01
4.716653792519956978e-01
4.610083081972562447e-01
4.537512170820277024e-01
4.645637024561530271e-01
4.381353992554002930e-01
4.456626723654029121e-01
4.457164575274136786e-01
4.560316607553291379e-01
4.522187153869083320e-01
4.454424926606541102e-01
4.618882172859099522e-01
4.255483817176777261e-01
4.572495665786439623e-01
4.334787568592871065e-01
4.203533095055873581e-01
4.133360095786851596e-01
4.648492260366149376e-01
4.094797234866656699e-01
4.959785343365845645e-01
3.984868304878228518e-01
4.686688714498055131e-01
4.350684068829190343e-01
4.516560040375413032e-01
4.417894672655465760e-01
4.351856359764022519e-01
3.993336443784784029e-01
3.992136786197489906e-01
4.254658590573093813e-01
4.252195356100563761e-01
3.920620209872056061e-01
4.200745321975216662e-01
4.332303052986067327e-01
4.889399617402544473e-01
4.403222652502426504e-01
4.354657652550532054e-01
3.854082493741445292e-01
4.351706178020611770e-01
4.143963089839913794e-01
4.195475317274735549e-01
4.591044395393888422e-01
4.669797835428183275e-01
4.432506584329529153e-01
4.777222154520512354e-01
4.458691455230472389e-01
4.326897035284477111e-01
4.552712226854616628e-01
4.302173056703166298e-01
4.638858948788726067e-01
4.170193713753970188e-01
4.305232731237996213e-01
4.629930537796942414e-01
4.967393048786059584e-01
4.929546719630454876e-01
4.725338678630445766e-01
4.503684269793942763e-01
4.509626307000154100e-01
4.345932589108358890e-01
4.404221865070467312e-01
4.581782659974593108e-01
4.164604867735275384e-01
4.467090790257005617e-01
4.641919903412030646e-01
4.523179307467173893e-01
4.711483017160745246e-01
4.561169187163294780e-01
4.682776279650187612e-01
4.650658064112143664e-01
4.394424800738045422e-01
4.374777379525054966e-01
4.391115474005214403e-01
4.408129923271547068e-01
4.355391091463320374e-01
4.156280209739353082e-01
4.622545869620018899e-01
4.396400888328023671e-01
4.618364461398747900e-01
3.994350332935314718e-01
4.188292156476816075e-01
4.405221475320728608e-01
3.871939018591581960e-01
4.400146132820173528e-01
4.998556706710871045e-01
4.269460443934256499e-01
4.767550392289790495e-01
4.308648692968451988e-01
4.436932458366129595e-01
4.430531950431971233e-01
4.404520446132257350e-01
4.346354444721085564e-01
4.778463623974719132e-01
4.324871331070211378e-01
4.569637991391100051e-01
4.685744426704381849e-01
4.335495112123489148e-01
4.277982517449024913e-01
4.433594082970656047e-01
4.246288680585516562e-01
4.411590310964275119e-01
4.463396177811221333e-01
4.485222210353440597e-01
4.306500786679409165e-01
4.471541532514265449e-01
4.238147504325910919e-01
4.747756034398568636e-01
4.706862207352494609e-01
4.797536785505331913e-01
4.745421768805145879e-01
4.508081734096472393e-01
4.392011234173904266e-01
4.649102650460888442e-01
4.666631692217754201e-01
4.598594664760758399e-01
4.651399897680428275e-01
4.121026317906862912e-01
4.079272193680635317e-01
4.700739522358981515e-01
4.104018007569897319e-01
4.288954488002985066e-01
4.232223953017338891e-01
4.527164324065273138e-01
4.408638145109984308e-01
3.906944788832195092e-01
4.192587202829120563e-01
4.406140589644116923e-01
4.562262116216213581e-01
4.234970774000739180e-01
4.658281858551679977e-01
4.608807726011812655e-01
4.354018229742322443e-01
4.464102862167109720e-01
4.228324162024851285e-01
4.260852359202149109e-01
4.376512478896547043e-01
4.403325730626355128e-01
4.533056658868872546e-01
4.447730949062635442e-01
4.598912154776284011e-01
4.651184398644610529e-01
4.435739299110875722e-01
4.008372433206608410e-01
4.565656237362508696e-01
4.659299112669333942e-01
4.443318289299305057e-01
4.530816970670012989e-01
4.796745320969731941e-01
4.354818586168113237e-01
4.269445832631272308e-01
4.610064008064017060e-01
4.993580360720288880e-01
4.336467857845902052e-01
4.353215380815843583e-01
4.449324326068097579e-01
4.598212625896051509e-01
4.299216954156735992e-01
4.087626410711050484e-01
4.157338907993313737e-01
4.187918858448674286e-01
4.295178658034238262e-01
4.192597265066468903e-01
4.330131957573727930e-01
4.553506741275493153e-01
4.346070310743821996e-01
3.943782955963631154e-01
4.400244625172993751e-01
4.386769787492280082e-01
4.321977810419243560e-01
4.424587758808370963e-01
4.105804630229881735e-01
3.977200363108305825e-01
4.009730871202558111e-01
4.147867198637819053e-01
4.160781982774673371e-01
5.176382912069336095e-01
4.253016789839408895e-01
4.127598482823959247e-01
3.995002875639842577e-01
4.448202819344072023e-01
4.226815017199161417e-01
4.177796480943750668e-01
4.241429652899202374e-01
4.429428146904577646e-01
4.606739327027428721e-01
4.712024260250811669e-01
4.586764067831842762e-01
4.791398217750227340e-01
4.204391212826734670e-01
4.443946389320481138e-01
4.664392199298114106e-01
4.846032072783336697e-01
4.229796139057430127e-01
3.766409797155899075e-01
4.470930494325554561e-01
4.330421916924571679e-01
4.062070195093666625e-01
4.283123664479662751e-01
3.872702129492658907e-01
4.344121922399911129e-01
4.619031843354843292e-01
4.508640267195606621e-01
4.612112380790365784e-01
4.495951213577842887e-01
4.208366766165557160e-01
4.510022790673966497e-01
4.482524003671712332e-01
4.795880038038311532e-01
4.085647486958857155e-01
4.448717799258972150e-01
4.243481395502212705e-01
4.115996715144440987e-01
4.112458555225803059e-01
4.197700135309146985e-01
4.374846927998328194e-01
4.660309122634028745e-01
4.413481251187961196e-01
4.234401418141088280e-01
4.560456634355616323e-01
4.591277135646562035e-01
4.574651847039284958e-01
4.834646381684594152e-01
4.843376906443429553e-01
4.663179667506107129e-01
4.696374274454589992e-01
4.311261257604521724e-01
4.208594240947419740e-01
4.389115154099448857e-01
4.635538313003481625e-01
4.671150381765892812e-01
4.066854173933313055e-01
4.356085716054317047e-01
4.353661866920557899e-01
4.135099235614823066e-01
4.173961781152455419e-01
4.555691790981739597e-01
4.290585932788695822e-01
4.419652719600438706e-01
4.616764651731504188e-01
4.462402130323261384e-01
4.810256413758743910e-01
4.497302894583234956e-01
4.173910252360877871e-01
4.121566277830632785e-01
4.329980839396868064e-01
4.279881180413629971e-01
4.340131028033070160e-01
3.851253944643373561e-01
4.364593450971829824e-01
4.587349770139572125e-01
4.647143269404827581e-01
3.832947834179896707e-01
3.822812572797046893e-01
4.145529980512093760e-01
3.978260624567354631e-01
4.201834038369632318e-01
3.902475205994205831e-01
4.160965933469613076e-01
4.090653320804447657e-01
3.847177945201961657e-01
4.771818230653629977e-01
4.287678831010376945e-01
4.656526588672793565e-01
4.121433660359937745e-01
4.494985950557880416e-01
4.522585080722318907e-01
4.705742177280168859e-01
3.975670816307012023e-01
4.206019385775242037e-01
4.241171340932360367e-01
3.850590553213067979e-01
4.272874664657267396e-01
3.982955504427941884e-01
4.077448843365792941e-01
4.313168036462987076e-01
4.298663711278103428e-01
4.263103129587790807e-01
4.855567221955118251e-01
4.039321978446093753e-01
4.133482191711377873e-01
3.987757322774244662e-01
4.444740461725461556e-01
4.256088392449089430e-01
4.297080561648543573e-01
3.642312363072245929e-01
4.312583768130492379e-01
4.496517473305755574e-01
4.278422465243407191e-01
4.450136331151101077e-01
4.248284859673581715e-01
3.924394548517098347e-01
4.444570826469240732e-01
3.838974187412676486e-01
4.191478475498517930e-01
4.458168071742234506e-01
4.001696511778896626e-01
4.142235658257500952e-01
3.502272223869318801e-01
3.943636273332127851e-01
4.318186816323081323e-01
4.329992650638221918e-01
4.260476494470157860e-01
4.604411769778420371e-01
4.664422034622588975e-01
4.314726569979444593e-01
4.136959538953608462e-01
4.210376764442516073e-01
4.539719111978603450e-01
4.073709583636688225e-01
4.125882256151103267e-01
4.137458077901186582e-01
4.519896135294527717e-01
4.575145152449101582e-01
4.515716254004047969e-01
4.208736234730504622e-01
3.937583799149039221e-01
4.440649929978671140e-01
3.947505050980760211e-01
3.971211913690561035e-01
3.694249452623079022e-01
4.200504735465694361e-01
4.494264573467541823e-01
4.312729156991464419e-01
4.106579053751127084e-01
3.853368911737892200e-01
4.457777328442638631e-01
4.003484755636861347e-01
4.314239152273888211e-01
4.803875434391202681e-01
4.727593195292195682e-01
4.005836899954128283e-01
4.521978761532019497e-01
4.664926632162598730e-01
4.211943695854455938e-01
4.605683793679268834e-01
3.751287352590519375e-01
4.334814535151685355e-01
4.568253231098490796e-01
4.461043765543911688e-01
4.865577690647294729e-01
4.143186671968948631e-01
4.795575396512314903e-01
4.635996131458253733e-01
4.505863496905999632e-01
4.483376542671134168e-01
4.328903774078272648e-01
4.382301150193567696e-01
4.236610518543547088e-01
4.274667860132049801e-01
4.239555696465614476e-01
4.802140392729964957e-01
4.042959397471121430e-01
4.514845087986977812e-01
4.491467450873105616e-01
4.416338422831176946e-01
4.411850746932188816e-01
4.197041559201935557e-01
4.212114119838515913e-01
3.998257498200930571e-01
4.633651682585601117e-01
4.252490557972942731e-01
4.741999299930927392e-01
4.347416000138519254e-01
4.470925334829873310e-01
4.067823000499292130e-01
4.637549528872011440e-01
4.383610845549135160e-01
4.338663006532418320e-01
3.907887554095504923e-01
4.614980611283748813e-01
4.368343394836056159e-01
4.170539832193933538e-01
4.062297778891246769e-01
4.133854586414044130e-01
4.334833796783412185e-01
4.952151326703026490e-01
4.589098779842026299e-01
4.316905492501652009e-01
3.865735264827505624e-01
4.026111994786021331e-01
4.588327306295951757e-01
4.234550631107747432e-01
4.797502869845510221e-01
4.163082360905088208e-01
4.360003475208230617e-01
4.382493405840371947e-01
4.401151124968558093e-01
4.559655344685163980e-01
4.155333964180796813e-01
4.598550342472981778e-01
4.356172834348517875e-01
4.711052714645438400e-01
4.573803923982382447e-01
4.597776340836242648e-01
4.590628838927303113e-01
3.801825214330121772e-01
4.213832491328070029e-01
4.550605296867770155e-01
4.150910110986269497e-01
4.252867935102330743e-01
4.082415742503769374e-01
4.861717020979360315e-01
4.545324089242329113e-01
4.460175433399970468e-01
4.206194141409174136e-01
4.395811507134034790e-01
4.601686927054284837e-01
4.589985929462697123e-01
4.540119227310152605e-01
4.471484991902697770e-01
4.600950630499433536e-01
5.224520437566833042e-01
4.231624566803936505e-01
4.478882485127769764e-01
4.232886379464908533e-01
4.789751025182636401e-01
4.605826796361290332e-01
4.537084562072014604e-01
4.569082496570439633e-01
4.040026442293059294e-01
4.166896121121483887e-01
4.560561561234861006e-01
4.618935907781615557e-01
4.655662011465808159e-01
4.179626048125489879e-01
4.403058252464142064e-01
4.561706729432307705e-01
4.449406429109037941e-01
4.485592042829095183e-01
4.186123419653817734e-01
4.430405688626841698e-01
4.009318005772152804e-01
4.320210659684727283e-01
3.961419643857986284e-01
4.264222416210914357e-01
4.556744076783012520e-01
4.549153252652237689e-01
4.409885124198074102e-01
4.423747259617483718e-01
4.712795030808944463e-01
4.387831700887729891e-01
4.455470570403693431e-01
4.893463386207594357e-01
4.606413691177401182e-01
4.383187855310470837e-01
4.437941055636958065e-01
4.486595675447575537e-01
4.768657187457278623e-01
4.543966038727081380e-01
4.037477459129321100e-01
4.521926697665790695e-01
4.642697819393622471e-01
4.654079287713636104e-01
4.211718004619708910e-01
4.573633063151327782e-01
4.749032029686592327e-01
4.650672134809019087e-01
4.453012738352087330e-01
4.440602330722124846e-01
4.715251296719312202e-01
4.880698950523837398e-01
4.664845369870138092e-01
4.405278148060579602e-01
4.435280918363486702e-01
4.494955757806909924e-01
4.410514634325122807e-01
4.620599521640316176e-01
4.643911586421753945e-01
4.045203439661986256e-01
4.456507104652003282e-01
4.333143349751771289e-01
4.386039328460122344e-01
4.457520608469345835e-01
4.509777672147874950e-01
4.480454854626786942e-01
4.291749790419381316e-01
4.536858887701876730e-01
4.690711343455291615e-01
3.715243274211579294e-01
4.157932753684125404e-01
4.336801292356948223e-01
4.113185884814648530e-01
4.306505161147944905e-01
4.016987548853584444e-01
4.041068619126970685e-01
4.059706440105953495e-01
4.220950100410421069e-01
4.201499913026046085e-01
4.229787346470278431e-01
4.154958383589142379e-01
4.028134400300333873e-01
4.186297918102230842e-01
4.100596961249228789e-01
4.562002250697087535e-01
4.353976236544365719e-01
4.767508731425113555e-01
4.437824677824851460e-01
5.489996161748968984e-01
4.538481315737873389e-01
4.518211351722954960e-01
4.408488319865725424e-01
4.706354020781479131e-01
4.128620846237238129e-01
4.505008065703823283e-01
4.751808681815939406e-01
4.128830231392820460e-01
4.336977833666167959e-01
4.378790439887572661e-01
4.130614767564601553e-01
4.332329939232144045e-01
4.348190918820168949e-01
4.255254959774089074e-01
4.243222754110907435e-01
4.196968739416128136e-01
4.518474708474211066e-01
4.043189898086794742e-01
4.289460503976307293e-01
4.208529793362316695e-01
3.874571577631021335e-01
4.463651518697236975e-01
4.401450016183955372e-01
4.143581101485952489e-01
4.379231348228990739e-01
4.415186975050633400e-01
4.250444490724061830e-01
4.052916130761460844e-01
4.186098424940837281e-01
4.334554262888049014e-01
4.357078306320343319e-01
4.331117899720262621e-01
4.454462225252490137e-01
4.675531982657719077e-01
4.660726831545589088e-01
4.473791021771487131e-01
4.308940071113614434e-01
4.666005459854509763e-01
4.506559353255549238e-01
4.238941808540745981e-01
4.235503267076082823e-01
4.032705777096969868e-01
4.402079875668135633e-01
4.297887349280054003e-01
4.968928211362894087e-01
4.792272984484961529e-01
4.376393975591245100e-01
4.017677425080921627e-01
4.700853129164143662e-01
4.158260117200427430e-01
4.391946280559803628e-01
4.279160220940081971e-01
4.304983104978248876e-01
4.948837347231468953e-01
4.150110619248121857e-01
4.553499143648239711e-01
4.882824013508657579e-01
4.140570004253236736e-01
4.243394228209294017e-01
3.923928908468360954e-01
4.126203176945872353e-01
3.789279263931614183e-01
4.449842036330273198e-01
3.965204943598647502e-01
4.000726154437471704e-01
3.918265488345727965e-01
4.195548340391180853e-01
4.475166009655299759e-01
4.212799143329775120e-01
4.182713337727729241e-01
4.415568041167001745e-01
4.840074620961998808e-01
4.276435498363237442e-01
4.443726916894815693e-01
4.440217186040938957e-01
4.421570378773067023e-01
5.124733897583990672e-01
4.385123546598318489e-01
4.744093325338019640e-01
4.171459538043562065e-01
4.195734315779344192e-01
4.613985305884795718e-01
4.516880800742955060e-01
4.366135663787429899e-01
4.701331227832121762e-01
4.334000775516039794e-01
4.458973395938926054e-01
4.511881694233277895e-01
4.423992684780481133e-01
4.366003330538360538e-01
4.350345770020869751e-01
4.076833239080287496e-01
4.593234181663573557e-01
4.780262866944046674e-01
4.612369830340646848e-01
4.756504517291509360e-01
4.032663618042243159e-01
4.307177711617571902e-01
4.380048376338332994e-01
4.701126986584508449e-01
4.421501602881893755e-01
4.962567924241615414e-01
4.390282581888880209e-01
4.358282854200124512e-01
4.428915421055896195e-01
4.550797529018103527e-01
4.576731253318180870e-01
4.656143597122734956e-01
4.177552194807160335e-01
4.748897287486193441e-01
4.196899094679314435e-01
3.966100034931656082e-01
4.161956513600107987e-01
4.044978504073331038e-01
4.578487994929480998e-01
4.301045109626194241e-01
4.639849967811217613e-01
4.719926416705969019e-01
4.016301255508742396e-01
4.063405654899668873e-01
4.520001720542414780e-01
4.644391004662442590e-01
4.218523554795537422e-01
4.744394700389010788e-01
4.952130098015975479e-01
4.251588414692787365e-01
4.882293322357810217e-01
4.438820089937526303e-01
4.364374972845023182e-01
4.301414905669475597e-01
4.275989541732151955e-01
4.249012848630278061e-01
4.204873825847749713e-01
4.042858871356410089e-01
4.023995378495131003e-01
4.121717924915526687e-01
3.807306535179160178e-01
3.958601936015043177e-01
4.433353885289662011e-01
4.697954080580287739e-01
4.430227776039356580e-01
4.581223161892871154e-01
4.646924590142751943e-01
4.899774706693429960e-01
4.277147072264088079e-01
4.486730619892159155e-01
4.532902084586807878e-01
4.042141724111011358e-01
4.406468459478718458e-01
4.392935742887779105e-01
4.623477863589161019e-01
4.570269301676628815e-01
4.513387887617985039e-01
4.344717234882257695e-01
4.429637313720115044e-01
4.575302343066794397e-01
4.303134923148622115e-01
4.401755150948958861e-01
4.134339454920979429e-01
4.523266769919133123e-01
3.854830082077126963e-01
4.337770604233220917e-01
4.439459603909844954e-01
4.447691598471955055e-01
5.031706387392886892e-01
4.590676316940988655e-01
4.432339691283304628e-01
4.435886294636012250e-01
4.105414635157309533e-01
4.747223784183942086e-01
4.250273063329196299e-01
4.235866856069775421e-01
4.481369786525275511e-01
4.475469085762711074e-01
4.017157943921207952e-01
4.344473997539499144e-01
4.017830312560614625e-01
4.352472047990775250e-01
4.546206974396674316e-01
4.682022738351397373e-01
4.608265439655763185e-01
4.024844327981745851e-01
4.414559673234734749e-01
3.972261249806166017e-01
4.579676450468969651e-01
4.611722741977309914e-01
4.138323254374381421e-01
4.031750459663780983e-01
4.264835173343505259e-01
4.399649523387562100e-01
4.092123935767670306e-01
4.369479449745667377e-01
4.439353890848523609e-01
4.075430160830099680e-01
3.922884014527930896e-01
4.193751021996830475e-01
3.876841714410312334e-01
4.414408060097091413e-01
4.297101500900697424e-01
4.532912423125262658e-01
4.248923275972539826e-01
4.627034729740387986e-01
4.150313880742365624e-01
3.977761615010920182e-01
4.076750333085637501e-01
4.467893368921025954e-01
4.174343043148189270e-01
4.145739110201172029e-01
4.151541438746366164e-01
4.069333757166991861e-01
4.068902066282565899e-01
4.212083869929957314e-01
4.576998968004988289e-01
4.566492228599260961e-01
5.088098623002453857e-01
4.483996395800597945e-01
4.297788441396168668e-01
4.203432710755458657e-01
4.483117930849573884e-01
4.554592570580026645e-01
4.252519662590986682e-01
4.449556775163093225e-01
4.101622454831626019e-01
4.489198074592388177e-01
4.142586625691612734e-01
4.723872336742054312e-01
4.601210922685423643e-01
4.726110588605444973e-01
4.225649696419833123e-01
4.641247797016522791e-01
4.414045825107468790e-01
5.069924197090507345e-01
4.875625071576837333e-01
4.508453188298792158e-01
3.899515691693113961e-01
4.516680382845766895e-01
4.380249090328808825e-01
4.489215633261458005e-01
4.866409908619440117e-01
4.465073503327803284e-01
4.958430099263638757e-01
4.564526884782511007e-01
4.461434275248007952e-01
4.615418814076182041e-01
4.511271593550422732e-01
4.064857351011853526e-01
4.476391205523211347e-01
4.306330367954013805e-01
4.431130747192918440e-01
4.705088888794038970e-01
4.183178750157945380e-01
4.584620206908102125e-01
4.355775912259403082e-01
4.540052659532880508e-01
4.676078646173096875e-01
4.525849835761968087e-01
3.986864702247723824e-01
4.952986880326939456e-01
4.292714935783042973e-01
4.300080630341846510e-01
4.061681851282450961e-01
4.167876883912887132e-01
4.525602262971005763e-01
4.488932530867484894e-01
4.590985273733156347e-01
4.805340024851829650e-01
4.770217410701318994e-01
4.660041859640345896e-01
4.729083601142008431e-01
4.679091559233478637e-01
4.898433576059559869e-01
5.033217429299412515e-01
4.734394209011713039e-01
4.540315885105182248e-01
4.616473558097141106e-01
4.471567943998214778e-01
4.788133340763006673e-01
4.873565919196643503e-01
4.748622108576163181e-01
4.676485194038164650e-01
4.433719878309450579e-01
4.236893931504586153e-01
4.277230020549890321e-01
4.287762303560778143e-01
4.426200325133533009e-01
4.776266689784097741e-01
4.299850080848987011e-01
4.565431813716817611e-01
4.428919273583294403e-01
4.736507286680983198e-01
4.560798383073378925e-01
4.533133380801335766e-01
4.229509104897214433e-01
4.299078344157272191e-01
4.976410611015764096e-01
4.415675426316491570e-01
4.483079969195370440e-01
4.299510272753012674e-01
5.047155444177199302e-01
4.341923015915048478e-01
4.443266842772847780e-01
4.458137789039576804e-01
4.700779213164579806e-01
4.794874278802807588e-01
4.680995924454288692e-01
4.756313595765893076e-01
4.222952946858418710e-01
4.077770289765237366e-01
4.350667928923207528e-01
4.614258358298581886e-01
4.266229778802386186e-01
4.432149156763586784e-01
4.390468893691362728e-01
4.143279096572346498e-01
4.561635862456768775e-01
4.450410928600246341e-01
4.780825752021856667e-01
4.523048343636072444e-01
4.046538583521686050e-01
4.216978707065111576e-01
4.009912807879020824e-01
4.558077693650491313e-01
4.416720112757994698e-01
4.364761699874664669e-01
4.024100623265960408e-01
4.147545678181855933e-01
4.592287778797176090e-01
3.957621974840103141e-01
4.595275802464079407e-01
4.188564701169772420e-01
4.431634594212461309e-01
4.090675576285596193e-01
4.604249194374987475e-01
4.552909729615652878e-01
4.305516582052739127e-01
5.043006094750360768e-01
4.492268019870158668e-01
4.544582505150654983e-01
4.951503315398671501e-01
4.565346797695942205e-01
4.211149845341041753e-01
4.615820012356011692e-01
4.362359514369718583e-01
4.176756751622733299e-01
4.400914899206919695e-01
3.970846067631636500e-01
3.872321029883833421e-01
3.517194733100762472e-01
4.642189908124498277e-01
4.705929037133010917e-01
4.516211276867841962e-01
4.239373376223590228e-01
3.693374721020870055e-01
4.462050552927265268e-01
4.271921123481078886e-01
4.358220784609136422e-01
4.272133619893712653e-01
4.607305220060614603e-01
4.449632770645834401e-01
4.070260271434457122e-01
4.642850274025706048e-01
4.389491663612929973e-01
4.497186441692127556e-01
4.458496097072079389e-01
4.531646627098547819e-01
4.533114653948157047e-01
4.192842760966289939e-01
4.784238201639217092e-01
5.012573591485598445e-01
4.248947870553132500e-01
4.341207024066056075e-01
4.698170075416824298e-01
4.021747864998407862e-01
4.463474463255998059e-01
4.427492852128310785e-01
4.048712224799655424e-01
4.307698717186949078e-01
4.308003081932607614e-01
4.141013096968235718e-01
4.265726447237153107e-01
4.791385536409324408e-01
4.435598536724514318e-01
4.543211642813822504e-01
4.252534375724988935e-01
4.141194725972194846e-01
4.604342357862471480e-01
4.825632369242373043e-01
4.563871874656608152e-01
4.518979791151273573e-01
4.505662569202508738e-01
4.926465518881771866e-01
4.350097485028805999e-01
5.056353740797083773e-01
4.834062486132005287e-01
4.250852760452722978e-01
4.607988802559498387e-01
4.136154260485633838e-01
4.428298250831244065e-01
4.018512258115125024e-01
4.545731871744583819e-01
4.382720666436787926e-01
4.787391730912056720e-01
4.488018496873554253e-01
4.102948320415986116e-01
4.540157160735902031e-01
4.466007579083418610e-01
4.259280641212030982e-01
3.570144536626635445e-01
4.554455882683308698e-01
4.617866177707100617e-01
4.320813611774330099e-01
4.401783081017329180e-01
4.303137788371587669e-01
4.124880713188490700e-01
4.542238487898878629e-01
4.518506866485060280e-01
4.408684239556004969e-01
4.514161480660348058e-01
4.558128727806199931e-01
4.513660066817560268e-01
4.575985380954414317e-01
4.359427901619543078e-01
4.644130334178230846e-01
4.273532419587457443e-01
4.158301884765370215e-01
4.643506920483986833e-01
4.644024849682296674e-01
4.511926540486341786e-01
4.742907302661167890e-01
4.545031442518055464e-01
4.496275155064773377e-01
4.201091472407250671e-01
4.310005428052224308e-01
3.856125689493656861e-01
4.226796425170001315e-01
3.920160955746347931e-01
4.697851272847035631e-01
4.406415134795827471e-01
3.859681477921636517e-01
4.575528798142221021e-01
4.750404779825989077e-01
4.480054579744311982e-01
4.310740939514315917e-01
4.103191307134991805e-01
4.102321891882485527e-01
4.281115884874123756e-01
3.868089653677508899e-01
4.459094154381834096e-01
4.356570261243348785e-01
4.635398431232892191e-01
4.813830092336185973e-01
4.475695846423566882e-01
4.393388467866655711e-01
4.375971235106279056e-01
4.271509173223442812e-01
4.741137774222927703e-01
4.415784569403289894e-01
4.522389874908222529e-01
4.293592058677472290e-01
4.426969515980977432e-01
4.161791603103986992e-01
4.468376195024660325e-01
4.504671638564620162e-01
4.437825443969533601e-01
4.194370757907434633e-01
3.873686583783231274e-01
4.220410447095644946e-01
4.329173549314425662e-01
4.258772259243338021e-01
4.699812566748075016e-01
3.883314975824059267e-01
3.954936812559197157e-01
4.157483218558541416e-01
4.092501001630706181e-01
4.440518460538697698e-01
4.662023317300307279e-01
4.363019176177312386e-01
4.850209051552080153e-01
4.810504007236033885e-01
4.329962818701513227e-01
4.595480058563392034e-01
4.603874448695942090e-01
4.329089340604385661e-01
4.305446125559992954e-01
4.418974253631340332e-01
4.529971245566705718e-01
4.343907253980541783e-01
4.618422690846291090e-01
4.506126883517624915e-01
4.481069596340929717e-01
4.270483532406912919e-01
4.232425520046098066e-01
4.238794840829664956e-01
4.394908695968078871e-01
4.467244048389697464e-01
3.991244859804574663e-01
3.805390490745265697e-01
4.277739496854249257e-01
3.729091906448925298e-01
4.223189183405201552e-01
4.389675912079298858e-01
4.257595403750440988e-01
4.699889574820531601e-01
4.494904192132942455e-01
4.556052389837288996e-01
4.214526331037583562e-01
4.363007368318257417e-01
4.087293419933126226e-01
4.092190016833113786e-01
4.382247353281402691e-01
4.657493258461894992e-01
4.425134478070327226e-01
4.504248325971831890e-01
4.356397168475225623e-01
4.606158647398944095e-01
4.699693519845787870e-01
4.694104389133719191e-01
4.298016308915454387e-01
4.528768204778037543e-01
3.728109051870075463e-01
4.291477625055835632e-01
4.207878697273693680e-01
4.492960087675278436e-01
4.392712249909097588e-01
4.344085605562951202e-01
4.209549145145378146e-01
4.211267843613672457e-01
4.436420219816159527e-01
4.464500838917484504e-01
4.265617049504638048e-01
4.592990496552555868e-01
4.235091826592566333e-01
4.494657195052677023e-01
4.230610898937035014e-01
4.353317887904500361e-01
4.353043212083754221e-01
4.352647865123414617e-01
4.779405756831882068e-01
4.997413936518893540e-01
4.597578633787618996e-01
3.953028166117401043e-01
4.519301238715898728e-01
4.733416553409898753e-01
4.617411170460121728e-01
4.777965239278766929e-01
4.267002344198351227e-01
4.452151690807110151e-01
4.162142263475504533e-01
4.477245254563019250e-01
4.230669323484536615e-01
4.617607740645348069e-01
4.762759999476264827e-01
4.659575755435422795e-01
4.490221771956329766e-01
4.871660597696496064e-01
4.356237188702700713e-01
4.543616097614310290e-01
4.264087294437735598e-01
4.206842444310002205e-01
3.986948816422005160e-01
4.028902928575305298e-01
4.687766985842974354e-01
4.332526681815461744e-01
4.098379467442368473e-01
4.163872957460462709e-01
3.425299376264729911e-01
4.232517085652811040e-01
4.067810249985191473e-01
4.148960525637507279e-01
3.677050316954507125e-01
3.957694423777642911e-01
4.770283155775160155e-01
4.212717019023349274e-01
4.554442343174199270e-01
4.684461993066407759e-01
4.530448295627580446e-01
4.219711163765133000e-01
4.620461311338243671e-01
4.311717773468181636e-01
4.148461893146728752e-01
4.627633661060573944e-01
4.563413288190851791e-01
4.486372944911841687e-01
4.520554379407307755e-01
4.240291623796122455e-01
4.427404222071170126e-01
4.050012935892345900e-01
4.272417715950091455e-01
4.741065470650869251e-01
4.410912610078691620e-01
4.506349283460276967e-01
4.818428165195953738e-01
4.359262263514178115e-01
4.087761259004034642e-01
4.280241770289252012e-01
4.374314410404395725e-01
4.029755703653544741e-01
4.074375337218640869e-01
4.439001067156050917e-01
4.461430301089633899e-01
4.139791213344936605e-01
4.291072056384846456e-01
4.613939452065826119e-01
4.588072712776684048e-01
4.511244042210627025e-01
4.598410375742153500e-01
4.220170319736860076e-01
3.752637536349592851e-01
4.631003121980190596e-01
4.125662628842650115e-01
4.509713525121900046e-01
4.155780548482888026e-01
4.316558621432777243e-01
4.410771572824481179e-01
4.621494367211158583e-01
4.250532513343697749e-01
4.466562888136879628e-01
4.607338931782266056e-01
4.484580775145343146e-01
4.600338779188160032e-01
4.672556781178890395e-01
4.547122451985898817e-01
4.426549033442558345e-01
4.801643922242661566e-01
4.757321137046360837e-01
4.426249500746899379e-01
4.928800272176898090e-01
4.614667713797372950e-01
4.415256162594018430e-01
4.239255722644597046e-01
3.959620448488603284e-01
4.135424358343878781e-01
4.029188205053998439e-01
5.059045092286650336e-01
4.613812689190547323e-01
3.836880922253850246e-01
4.210354948651079399e-01
4.431802204362173536e-01
4.244674170821405856e-01
4.603711097055749324e-01
4.333574192795175417e-01
4.290784626963543569e-01
4.954236127216602448e-01
4.446605453848793132e-01
4.671460504237023303e-01
4.469806187023383504e-01
4.257904845685850370e-01
4.386484500264687392e-01
4.201208936959883178e-01
4.266844603082790566e-01
4.346836921885540717e-01
4.363275980729265369e-01
5.066866259650767423e-01
4.364970629551228609e-01
4.305310116103060469e-01
4.478825277683140538e-01
4.380646105725851669e-01
4.345922997010154276e-01
4.020339610186095536e-01
3.965685098239311035e-01
3.837851544217956157e-01
4.419787505612884915e-01
4.242361825394960206e-01
4.049191752477925843e-01
4.420584484722020480e-01
4.360525132573536133e-01
4.135141403056135090e-01
4.201106293011550585e-01
4.512406512950558057e-01
4.336521687874824171e-01
4.209485910036037670e-01
3.977513022137151855e-01
4.269635566208637156e-01
4.188420562000920166e-01
4.317131401307686689e-01
4.280447943853494808e-01
4.135163960119454529e-01
4.636999436234601757e-01
4.258812991353610466e-01
4.180986832983510371e-01
3.703767409156484280e-01
4.611510918875212361e-01
4.245540237302068975e-01
4.362367862348640601e-01
4.429974952220783191e-01
4.375524895408781645e-01
4.158464919069130294e-01
4.595189448099790130e-01
4.470628167298786315e-01
4.219188427385328621e-01
3.982839548354497050e-01
4.396491253001240107e-01
4.270032497050859632e-01
4.162063371888695129e-01
4.043437071319912479e-01
4.666752452203853929e-01
4.592312074655982568e-01
4.423704873406638094e-01
4.454828375614426905e-01
4.593190775384077273e-01
4.408842657984000657e-01
4.475946174818326573e-01
4.344584028621930605e-01
4.160550078425450105e-01
4.559842561788340354e-01
4.125791119215940217e-01
4.173007842507940879e-01
4.026740272306743029e-01
4.006913063949089082e-01
4.043340894834363541e-01
4.069508535989005416e-01
4.318260428040127663e-01
4.676918781312909834e-01
4.223525697728914285e-01
4.493751094050186801e-01
4.468877163113623707e-01
4.685747155580631818e-01
4.131740327228799470e-01
3.999573026459810610e-01
4.031347544151054896e-01
4.017093173620971402e-01
4.470083834858673000e-01
4.443292730176095495e-01
4.658183229009641990e-01
4.551286814292183625e-01
4.690338593331985217e-01
4.184931667795708798e-01
4.418786616610427265e-01
4.597930197444745071e-01
4.583229278369926329e-01
3.967347806728802051e-01
4.170046054031555927e-01
4.145277267013235400e-01
4.312560970520883386e-01
4.667737858490667580e-01
3.812446077689957691e-01
4.069595880773932417e-01
3.736512054730928289e-01
4.121585651910677495e-01
4.303367922235775689e-01
4.177359576898774240e-01
4.493812634953138208e-01
4.403911268891632647e-01
4.222535673327978412e-01
4.214096639739469130e-01
4.630175875747910008e-01
4.293299014842349437e-01
4.686155815393572288e-01
4.403271918456557188e-01
5.011869359929894685e-01
4.789141837627960974e-01
4.629917506909427272e-01
4.350130587747046973e-01
4.738623364464736309e-01
4.478664623187994520e-01
4.442967726167401099e-01
4.381488928725931209e-01
4.353124866639752066e-01
3.828023513323329796e-01
4.074105291327348999e-01
4.273501677576766467e-01
4.395517553017104229e-01
4.095735089922639682e-01
4.526564864467146343e-01
4.533337802902357994e-01
4.798813381078596008e-01
4.316493333677423605e-01
4.056174954039702962e-01
4.251764582976281237e-01
4.362313570492948878e-01
4.493807454128546652e-01
4.319600946323047252e-01
4.627522409600117737e-01
4.161573663961357084e-01
4.623081423104531407e-01
4.417303852769313699e-01
4.022256712354968511e-01
4.544711673542108921e-01
4.261364052859932250e-01
4.221201776067737277e-01
4.386960611833481405e-01
4.650224729284585523e-01
4.153457239175347704e-01
4.083057036367800929e-01
4.475842615219723930e-01
4.387490402912276877e-01
4.509454252994069545e-01
4.464889732191216210e-01
4.247296194824816129e-01
4.278729521880204612e-01
4.434888239573980817e-01
4.217502407867702030e-01
4.395463726313987851e-01
4.462555232837960850e-01
4.740236728247841924e-01
4.483528122370601388e-01
4.834475022507555009e-01
4.532482864083990370e-01
4.364701983859641254e-01
4.303906099877089497e-01
4.681344307016551132e-01
4.179818586145749304e-01
4.243936557542907773e-01
4.590391451983986681e-01
4.358780220182709719e-01
4.644358380275170894e-01
4.539924805135652219e-01
4.463451750448096944e-01
4.093475867380427791e-01
4.377961812194872682e-01
4.277329746167990443e-01
4.258352681732541778e-01
4.424448900779805460e-01
4.105929279983367430e-01
4.251144629302909261e-01
3.968991356861452102e-01
4.289746373682571390e-01
4.588898420665830646e-01
4.882434213536627765e-01
4.241608190767681696e-01
3.972519373170973478e-01
4.510553241334028796e-01
4.423889141295779814e-01
4.224898331670374763e-01
4.477264680484634995e-01
4.686161730186945151e-01
4.767753896436986993e-01
4.593001934098376315e-01
4.696521776119538250e-01
4.233355817431534440e-01
4.694799863865657952e-01
4.141082405452699011e-01
4.240323919987278867e-01
4.247849880738134298e-01
4.537862915001666386e-01
4.390308756492760089e-01
4.413127328589445120e-01
4.645664669508371425e-01
4.393555234300616230e-01
4.252804433942021789e-01
4.756938760587531845e-01
4.748013643648404947e-01
3.836246787913372702e-01
3.918919027826598400e-01
4.145791309461031582e-01
4.609626185247048813e-01
4.175483824533791077e-01
4.282368835631890636e-01
4.074013161822012674e-01
4.213057951671555501e-01
4.176905127106551041e-01
4.423249280457130506e-01
4.371638923861830284e-01
5.200770719124285790e-01
4.571211848497188091e-01
4.161150931645220541e-01
4.579521738772250328e-01
4.356023185358771088e-01
4.184552168737974975e-01
4.757174356292666606e-01
4.196689888416577086e-01
4.112179201530745121e-01
4.200847029801119126e-01
4.020888899022689866e-01
3.788613130423689190e-01
4.390756545204556605e-01
4.411789644470921479e-01
4.382087075431067569e-01
4.284196660426710657e-01
4.098578117840143697e-01
4.174450708112679154e-01
4.717532416705728648e-01
4.075692939169284212e-01
4.336064992233010229e-01
4.602118631322384412e-01
4.427059303934555157e-01
4.497705426676616991e-01
4.432037078608774272e-01
4.285148584599210997e-01
4.359102091587507832e-01
4.121422167225652355e-01
4.488272685919617588e-01
4.501590530242338128e-01
4.456830608899417512e-01
4.614428338085017622e-01
4.418167162830352046e-01
4.510175834290199304e-01
4.295771283869747048e-01
4.418108343693771256e-01
4.127594073542935060e-01
3.931131516654332025e-01
4.424277034521734153e-01
4.303534325635532953e-01
4.296810962628123121e-01
4.407156874096538890e-01
4.609270757984629818e-01
4.328824015651334123e-01
4.382398128046398056e-01
4.686815063885909072e-01
4.902809536750230568e-01
4.915218220545482519e-01
4.757873965008903028e-01
4.728143741014532164e-01
4.768950104188913741e-01
4.712581255466459229e-01
4.601980890516936262e-01
4.492719015280440820e-01
4.390964329212573292e-01
4.213480007075077749e-01
4.334806055883909659e-01
4.421122614124860517e-01
4.471875106933952959e-01
4.537845579365263338e-01
4.762109284062130410e-01
4.523586088957509133e-01
4.842252753561517298e-01
4.247012827832827297e-01
4.008029545208794397e-01
4.659906856049449986e-01
4.467476841344856231e-01
4.796698356201569147e-01
4.140520584970369677e-01
4.300829471642969581e-01
4.235249130891774461e-01
4.857027027119898976e-01
4.681099095670451793e-01
4.246106299957864705e-01
4.117191104256026635e-01
4.475983463250683969e-01
4.242933283304929359e-01
4.655204224317374684e-01
4.063936548804351623e-01
4.190985956991941652e-01
4.594942338018468964e-01
4.567464492601993054e-01
4.343098454587656643e-01
4.303667131040224691e-01
4.390236474036061654e-01
4.349400229172564192e-01
4.493034098234349738e-01
3.925662849067840243e-01
4.558706452181414681e-01
4.503286636148047251e-01
4.460116841570438972e-01
5.181689161614091432e-01
4.510255123787320630e-01
4.297169250950475528e-01
4.332948661217698172e-01
4.496795436543404301e-01
4.972923287339709453e-01
4.233523910806363810e-01
4.666530882587215934e-01
4.688042770877297039e-01
4.287149697265760784e-01
4.577725085458335119e-01
4.996823760863413622e-01
4.784043326012721309e-01
4.213891898148038329e-01
4.549705725947396640e-01
4.336727024715446577e-01
5.083444971750388230e-01
4.622635897521397697e-01
4.790225329334334425e-01
4.692480740834160113e-01
4.613381774714548911e-01
4.360089912605699669e-01
4.042358819088442967e-01
4.188790680304695369e-01
4.224357082783067319e-01
4.590111902937444310e-01
4.972363122712569750e-01
5.120539891326368886e-01
4.545996527549349686e-01
4.995405227333939435e-01
4.584883932826575581e-01
4.681090515690753961e-01
4.545619100112796573e-01
4.754188767242055191e-01
4.156738000187676918e-01
4.057647145634229457e-01
4.277454984733928267e-01
4.335379242633495278e-01
4.437927784743069815e-01
4.459504368491130077e-01
3.991430985641845064e-01
4.212071228086481378e-01
4.193177602172736829e-01
3.758681095122633486e-01
4.017278682297609205e-01
4.647979167494643016e-01
3.993141689274284367e-01
4.280191471480232490e-01
4.476983170339133844e-01
4.222557965334242103e-01
4.223946513350920751e-01
3.956512195820328648e-01
4.083743896491582315e-01
3.766341903337320773e-01
4.164460682213739218e-01
3.953973045131791708e-01
3.963679230294357980e-01
4.638170906935998317e-01
4.404050595668454471e-01
4.583415189893025321e-01
4.224397000403699587e-01
4.303267209930913828e-01
4.538924924116448656e-01
4.276565631680191437e-01
4.172732854988985274e-01
4.472141496088029022e-01
4.372907070848344180e-01
4.547030967107824062e-01
4.105619879978951170e-01
4.188750628522257546e-01
4.493837817436168725e-01
4.618178304438181336e-01
4.646222972001443630e-01
4.208793726832781856e-01
4.441460460904463337e-01
4.217160087270054314e-01
4.238670244826083233e-01
4.226794117518425931e-01
4.495069792717610313e-01
4.815480624650728125e-01
4.311777960151284006e-01
4.193868518252221733e-01
4.345334698422297914e-01
4.852886680048032475e-01
4.734476963953183626e-01
4.550665707730936482e-01
4.530509605577350274e-01
4.198881358764004479e-01
4.514682895269391261e-01
4.557616824506411923e-01
4.071299652085360044e-01
4.362257697493880371e-01
4.473755909926031560e-01
4.372844916966896478e-01
4.288464044697352096e-01
4.320446760694219845e-01
4.214310635730237897e-01
3.931564477564271076e-01
4.566366038139089700e-01
4.194762293012201937e-01
4.642021954830298780e-01
4.705374106671063594e-01
4.893322507894045659e-01
4.464486882855395189e-01
4.474866528628678175e-01
4.487380468830568514e-01
3.959928558670549048e-01
4.570396009326445630e-01
4.405555779707656106e-01
4.334843789144767756e-01
4.811213660706415429e-01
4.594017434112490084e-01
4.608544014712236403e-01
4.677682416074750993e-01
4.437716015342544340e-01
4.362475012804754582e-01
4.600278720260447263e-01
3.950539348842070919e-01
4.302754503317690049e-01
4.957614327265004728e-01
4.691694493113570119e-01
4.329179072354147340e-01
4.501680301984201105e-01
4.267073439965936021e-01
4.579188312007069772e-01
4.679669589063302770e-01
4.507058231968497641e-01
4.972614471099042754e-01
4.114670258409156012e-01
4.534427706485122389e-01
4.312645816411183053e-01
5.243262237157203520e-01
4.710747734593100366e-01
4.349944820864046213e-01
4.568448286779255851e-01
4.081813230507878587e-01
4.458550868421277125e-01
4.294564704624432294e-01
4.856486221083108346e-01
4.223801165861828522e-01
5.127931702141433901e-01
4.477445059319106746e-01
4.575532961202923299e-01
4.548089282886663698e-01
4.056795990011181074e-01
4.358290118313122297e-01
4.584999003605892409e-01
4.175547337851923113e-01
4.770391985672265411e-01
4.948338302399999389e-01
5.065583693362757378e-01
4.117736938856655926e-01
4.483381908391576576e-01
4.700800485244427396e-01
4.515093567021703502e-01
4.282714812673093507e-01
4.546761180528090529e-01
4.221075604886366794e-01
4.976190688874568835e-01
4.754278524674149242e-01
4.372892788977009171e-01
4.500036569720520241e-01
4.611025482523929964e-01
3.757227117085813473e-01
4.295322430661077107e-01
3.809623390590392567e-01
4.417005847748342040e-01
4.255665817892607117e-01
4.416456854212347238e-01
4.084301415292924675e-01
3.770803488485167665e-01
3.892652450834178657e-01
4.733020085989373404e-01
4.772712974817880371e-01
3.997878824557515309e-01
4.050243780549381278e-01
4.341531529317881888e-01
3.875202104272531534e-01
4.542218686559517105e-01
4.566166702087574580e-01
4.282563151601038176e-01
4.428392788088318932e-01
4.300529546566296268e-01
4.801813160617747211e-01
4.139671749666249401e-01
4.321388780875661806e-01
4.359413878945828102e-01
4.398817575065869789e-01
4.017168506830724461e-01
4.445121208320024775e-01
4.331210572556931093e-01
4.642302705082815839e-01
4.237692107662644481e-01
4.710176120003681799e-01
4.365224304406825073e-01
4.668323786406669007e-01
4.502652537315558479e-01
4.637478206734514941e-01
4.387513531979619907e-01
3.680641016144672317e-01
3.966643602936766322e-01
4.253857090596538937e-01
4.330876931779447658e-01
4.642533837538307950e-01
4.816258831017967701e-01
4.604829150620298184e-01
4.258763412639970380e-01
4.561099652238753133e-01
4.328437905933529839e-01
4.620186216534826196e-01
4.473194686337362835e-01
4.358359634637669622e-01
4.258811665620308440e-01
4.153553393548386485e-01
4.221205096478303220e-01
4.302563974039456118e-01
4.617678811191766042e-01
4.143320706854246027e-01
4.312436329421018844e-01
4.511998320280168895e-01
4.522216752088659142e-01
4.100523116397802315e-01
4.034175318399715882e-01
4.109285147519257664e-01
4.047933130659001066e-01
3.886901975559962086e-01
4.301235566887225970e-01
4.881978513769328343e-01
4.508021581815598311e-01
3.859667735833254287e-01
4.376634994125269684e-01
3.747543555565529538e-01
4.112356409716780847e-01
3.700062494747383690e-01
3.983563534671303308e-01
3.806750964650802427e-01
3.930792995197561757e-01
4.153706628616157803e-01
4.327964404076525828e-01
3.988288438619821408e-01
4.193881083847427749e-01
4.371866843702939542e-01
4.938079202876373697e-01
4.046608894091547892e-01
4.062136878485230751e-01
4.342687044655952899e-01
4.172428027283466290e-01
4.546555726795432073e-01
4.419676847573059675e-01
4.601214896963421452e-01
4.464552827474161378e-01
4.397017197378479403e-01
4.528415017303283330e-01
4.375472743983647161e-01
4.601737023973822560e-01
5.083000124807695030e-01
4.743611381137948779e-01
4.896194455444350946e-01
4.419063881267018545e-01
4.697677206008799011e-01
5.200285783236343606e-01
4.899100628257342382e-01
4.608285083988157838e-01
4.348535627699789408e-01
4.137878147053624112e-01
4.248917872635882276e-01
4.301996726543271810e-01
4.829377930624056958e-01
4.493332040188749987e-01
4.968448561109679584e-01
4.371303582199428384e-01
4.957223127662510609e-01
4.183323581974831562e-01
4.652058866749229638e-01
4.346288875762725490e-01
4.105429619132848762e-01
4.331757941145989999e-01
4.190348159435395292e-01
4.557170826768929817e-01
3.816964239415977511e-01
4.260378463098541402e-01
4.085200010282179495e-01
4.304419415717897768e-01
4.430863442146421582e-01
4.585734156079269153e-01
4.221198884113818162e-01
3.801918331708860621e-01
4.385402769059238981e-01
4.420925635954390809e-01
4.578233714717206415e-01
4.367470774021451341e-01
4.293720993008316444e-01
4.322281927264475243e-01
4.741984519252983588e-01
4.575181255481972631e-01
4.720403577279150831e-01
4.526720004839918654e-01
4.846619822813758582e-01
4.643817953999667680e-01
4.766720444502074439e-01
4.681278825511872022e-01
4.862844182667340198e-01
4.570074866774435085e-01
4.522449704967549944e-01
4.439682521942664994e-01
4.923972639120322570e-01
4.471417733576510400e-01
4.699875662930826925e-01
4.559683762622114278e-01
4.348093836863731743e-01
4.372419152202338122e-01
4.349864082691106137e-01
4.405236344229778722e-01
4.241281321662008219e-01
4.128585803167956758e-01
4.695332771552542250e-01
4.683067536919024998e-01
4.286277044427579952e-01
3.894149921591049668e-01
4.316049587265395893e-01
4.217414757274053905e-01
4.447504336313314877e-01
4.435950664371227647e-01
4.062140243313519528e-01
4.742723870373879991e-01
4.320155882901901556e-01
4.293352011648153832e-01
4.024869406108153580e-01
4.290578492545473188e-01
4.415354235811184691e-01
4.172658273744861979e-01
4.916449587026387458e-01
4.855374542849048569e-01
4.203364341723120345e-01
4.316463384570761730e-01
4.408654959591458145e-01
4.321800705200827264e-01
4.799351732645775748e-01
4.308487140385777181e-01
4.258742113863472900e-01
4.570951612342022963e-01
4.433928537134323999e-01
4.146796077617265763e-01
4.382842781939587651e-01
4.607549819099233668e-01
4.584127532327224031e-01
4.554472891846086946e-01
