4.353485489256885832e-01
4.067507680568440698e-01
4.102262405240018062e-01
4.652432048199469095e-01
4.421949040722139013e-01
4.281660223367497742e-01
4.729764549261274986e-01
4.504287853234265615e-01
4.668426621612475347e-01
4.676107469504286462e-01
4.765619763443542101e-01
4.516325005232378342e-01
4.772843640083539452e-01
4.892656603577593133e-01
4.685789549975118984e-01
4.726671002594935445e-01
4.462548773918230127e-01
4.916740019191033206e-01
4.452059087092047340e-01
4.208672020860093621e-01
4.438884749367108529e-01
4.498333123251936350e-01
4.482223287631642017e-01
4.404460649180165777e-01
4.488963437404682177e-01
4.374595978536176544e-01
4.369812129478591878e-01
3.903470782780897319e-01
4.260144416252250599e-01
4.234813480828927279e-01
4.522785016137580438e-01
4.129687956909579016e-01
4.066306867603998176e-01
4.816818672256538703e-01
4.394437465261399889e-01
4.593512160977291647e-01
4.453461631212658478e-01
4.869647045402619723e-01
4.621689143467363481e-01
4.432240810253950669e-01
4.465835390535195515e-01
4.590583148840424177e-01
4.361290313949143793e-01
3.997162038078654889e-01
4.537504817199081164e-01
4.547781800047203671e-01
4.352071892387076035e-01
4.084336415411303212e-01
4.713374869573290771e-01
4.352841611434907776e-01
3.890592424233354496e-01
4.111743789439304408e-01
3.883638199273756197e-01
4.467087990294591471e-01
4.546972256526400358e-01
4.554521418902212071e-01
4.233365229278038822e-01
4.776177968464790924e-01
3.951446917265110104e-01
4.248188956239452585e-01
4.623797854330082280e-01
4.711449471377917031e-01
4.324183661360721520e-01
4.554005574958928659e-01
4.154850846878685999e-01
4.232251506928684792e-01
4.469451938696684667e-01
4.750337256270937281e-01
4.360356684609421607e-01
4.349543649486415364e-01
4.109847301098027428e-01
4.527027361365421609e-01
4.784156680974224751e-01
4.481815466612201759e-01
4.315842178985978550e-01
4.474310166164060520e-01
4.852304049071692882e-01
4.648420247694041163e-01
4.142527228645886406e-01
4.309046790292588858e-01
4.362721971910025753e-01
4.820367991730710733e-01
5.021735742540984759e-01
4.838951099447206250e-01
4.784654480660136544e-01
4.586326796208166079e-01
4.284241804500389383e-01
4.015720330356492007e-01
4.728452882162658133e-01
4.323489827872949443e-01
4.458672501718802805e-01
4.921767824546489090e-01
4.022146086251168762e-01
4.116617642146098155e-01
3.943859124473492739e-01
4.788291517942682152e-01
4.292473039460573125e-01
4.116636027993363367e-01
4.543162257868829657e-01
4.427465093240319227e-01
4.662320723279224643e-01
4.789852203014254850e-01
4.574717662336141299e-01
4.559074178451509862e-01
4.232949165756932919e-01
4.817349635357446314e-01
4.149764110087423297e-01
4.197542760052528354e-01
4.443347563038708703e-01
5.028256640099786345e-01
4.402064802288399581e-01
4.290377253855829909e-01
4.936485948190265649e-01
4.254506856483412647e-01
4.263087497712543805e-01
4.234996868593761676e-01
4.543069243332620855e-01
4.437848339756914062e-01
4.723403086301505849e-01
4.857006520435765973e-01
4.993883558032229941e-01
4.662632697791423975e-01
4.948024382423350520e-01
4.268390294652438244e-01
4.533456353054642896e-01
4.498394526797847015e-01
4.724317174606256775e-01
4.788819915751542644e-01
4.529379141360658778e-01
4.450502922303522513e-01
4.837001570075930568e-01
4.914818729856993418e-01
4.766573569119597620e-01
5.071405145008670567e-01
4.672438901005011580e-01
4.755275647079761914e-01
4.370309156848625753e-01
4.260242704809986680e-01
4.316784416168826799e-01
4.459804161283708601e-01
4.523987683893086476e-01
4.093179312294286665e-01
4.840658980412700929e-01
4.112241161709439541e-01
4.871707322010113694e-01
4.250127576270796292e-01
4.574093518698679195e-01
4.644211929402167205e-01
4.940048941605258981e-01
4.705530787402303905e-01
4.653824122596360580e-01
5.008818776653558569e-01
4.440602602818271571e-01
4.552977745618877470e-01
4.465160666534446765e-01
4.395810500038065394e-01
4.423690899472637605e-01
4.570137264899805096e-01
4.816043679981363290e-01
5.078131330939590349e-01
4.245461253071909913e-01
4.756816656403220489e-01
4.462715484999839610e-01
4.578914374925843744e-01
4.123012151167578798e-01
4.025436787636142988e-01
4.173843600477918914e-01
4.477440321397840317e-01
4.537736569929958219e-01
5.074519847787389848e-01
4.578987954838802943e-01
4.639149391601287697e-01
4.317976314326762433e-01
4.348067517612425048e-01
4.159494778114027347e-01
4.436139909062433162e-01
4.006142072099234674e-01
5.203430448034920275e-01
4.841991144004665348e-01
4.771914092389555329e-01
4.288941143208044871e-01
4.342885539586613941e-01
4.704212889952949506e-01
4.005464952787066713e-01
4.438258596819497637e-01
4.629719644512760857e-01
5.014014376072969403e-01
4.677398600724826383e-01
4.631816940752275791e-01
4.713602325526456416e-01
4.637097188841769468e-01
4.895427008005480696e-01
4.807337185252930634e-01
4.329349982497929794e-01
4.593324548083064784e-01
3.907190393864530265e-01
4.098031560604955548e-01
4.735902419365202176e-01
4.134275221791620658e-01
4.084639860607550133e-01
4.423618851352439929e-01
4.083775576137115837e-01
4.626417244626082614e-01
4.107840633078805315e-01
4.657402946742843497e-01
4.594830027969049047e-01
4.751914211444666081e-01
4.291657474213441681e-01
4.221889749587370289e-01
4.529008913001500991e-01
4.335550777557979907e-01
4.209889039092550855e-01
4.297155551065565127e-01
4.575611776605352787e-01
4.713182326132715483e-01
4.676135682802167182e-01
4.670374963975477134e-01
5.322297669179304469e-01
4.722738463780606910e-01
4.695694756673908232e-01
4.396299202760838853e-01
4.383390441932594750e-01
4.363957070039257702e-01
4.585054902647153763e-01
4.304754280878538286e-01
4.380460028794424532e-01
4.674729875947848945e-01
4.141157968883666940e-01
4.585504341195594802e-01
4.398836760062811435e-01
4.198060549420325471e-01
3.958286441778163800e-01
4.707436171918923939e-01
4.159595130024483223e-01
3.850157192831861197e-01
3.933866298398321915e-01
4.339290611980122780e-01
4.233157068007868951e-01
4.869914006724594402e-01
4.212412486623262620e-01
4.811133902100606097e-01
4.019974764704608017e-01
3.895567976171478985e-01
4.401783814708746245e-01
4.721347689126411118e-01
4.661423679188050895e-01
4.519559748203574867e-01
4.541899256479748348e-01
4.538771859005925613e-01
4.170344991843862315e-01
4.408652454827965417e-01
4.302162575934678768e-01
4.084857165771599297e-01
4.507080639223596807e-01
4.557316518064190025e-01
5.109839212868856340e-01
4.239449833534130740e-01
4.378635720696127942e-01
4.409193909841658821e-01
4.828662561764847094e-01
4.410469132690747474e-01
4.284989198345802719e-01
4.873950274676199790e-01
4.285495427784428157e-01
4.848779380371360248e-01
4.614679367417351408e-01
4.631081651139866695e-01
4.505365323013922896e-01
4.792554819452429227e-01
4.302227822198834706e-01
4.570630282893683449e-01
4.366796842703093429e-01
4.379689339432646378e-01
4.351155204190099712e-01
4.549649589714381825e-01
4.495251320320904909e-01
4.506138048697539977e-01
4.554937972270731161e-01
4.238368034635940917e-01
4.040705338252858492e-01
4.318206325901600695e-01
4.156824067562947533e-01
4.118916032218911116e-01
4.509163683117625721e-01
4.504419960290007574e-01
4.450500807377795187e-01
4.039898843574913356e-01
4.463163881125090104e-01
4.120295868047618715e-01
4.382526735335178225e-01
4.213315281214243258e-01
4.422127317324091034e-01
4.708498923782227230e-01
4.274667611048568183e-01
4.603726416815926981e-01
4.460889711714669525e-01
4.269208340324938122e-01
4.544224267499801240e-01
4.417920816877184964e-01
5.205864562313003985e-01
4.598710409925393927e-01
4.517817764245558587e-01
4.163558969848694669e-01
4.937945190017818953e-01
4.702482035524596093e-01
4.647599031191287366e-01
4.715609241446313549e-01
4.894177057382422813e-01
4.750474543604524813e-01
4.489056593654575655e-01
4.393950812581395304e-01
3.981977525561252729e-01
4.139322066340767603e-01
4.516367530948339759e-01
4.544566708361922336e-01
4.895393958499427156e-01
4.272628186474170531e-01
4.684122950203708502e-01
4.517536794396880828e-01
4.672965143444396396e-01
4.764420277855775931e-01
4.859695247080366709e-01
4.099976299503383381e-01
4.386908484811100073e-01
4.559255170174647542e-01
4.338968261082503108e-01
4.782147510382951383e-01
4.531020971042073464e-01
4.486888037288098707e-01
4.474386441153284100e-01
4.358734842684500732e-01
4.070990997448957205e-01
4.337972334775296313e-01
4.388182414824619570e-01
4.489688568208489716e-01
4.845104305386597199e-01
4.441792639440091950e-01
4.570378016697128065e-01
4.413877392585525139e-01
4.672254204970019420e-01
4.154394295006921256e-01
4.300734203353685503e-01
4.837262512193939434e-01
4.693234709552072670e-01
4.850829317213314340e-01
4.405721835126699681e-01
4.529447962780550618e-01
4.803324797199409191e-01
4.967666709387385526e-01
4.266132083813140574e-01
4.552169495721868353e-01
4.833131468314216250e-01
4.350857347408375042e-01
4.347035945614651231e-01
4.461243108827874781e-01
4.716450799090788348e-01
4.624294806136525771e-01
4.502784366878377353e-01
4.985311432207308879e-01
4.443460568308734704e-01
4.830481349238373023e-01
3.995586344512042087e-01
3.840123543785798899e-01
4.270502673214390255e-01
4.191764747108970290e-01
4.266228691862773426e-01
3.902517036346284662e-01
4.070986965865016627e-01
3.963053533720811705e-01
3.793902650165841828e-01
4.143210121070537988e-01
4.327122057873063476e-01
3.816345760175943180e-01
3.577894108991084843e-01
4.528339991550692223e-01
3.651264684599418442e-01
4.307843429229343268e-01
4.517965622889075772e-01
4.056240236432562818e-01
4.044257676343109842e-01
4.637509200421041644e-01
4.525987263901729563e-01
4.607271865679425926e-01
3.938506014656703025e-01
4.037676586223846176e-01
3.722249904811644194e-01
4.218150234964173073e-01
4.310257111876659719e-01
5.051009427177836075e-01
4.309249139571605380e-01
4.790069994624412963e-01
4.713574783021456382e-01
4.646245826223454611e-01
4.335935827879137117e-01
4.273466765455137262e-01
4.572849943021959351e-01
4.688673516640384786e-01
4.928868289932274438e-01
4.696812994997799362e-01
4.532749317484101592e-01
4.301547558891928302e-01
4.828401023776337508e-01
4.518295122363928940e-01
4.627300040527664859e-01
4.468888188123998906e-01
4.787302961326676543e-01
4.790442237797978842e-01
4.673549718248238838e-01
4.512994922771086936e-01
4.620260875443933379e-01
4.598125200102425869e-01
4.848194891612462309e-01
4.761846171820579565e-01
4.330874954830993828e-01
4.162569944986815318e-01
4.430381928243927736e-01
4.767742929694741560e-01
4.281114584292318170e-01
4.762175396563961272e-01
4.251151396368887392e-01
4.435260813347199349e-01
4.702623801960370553e-01
4.859346617848185890e-01
4.186850473397506489e-01
4.419162928281624159e-01
4.373650498979833601e-01
4.758094015832619039e-01
4.427348100426412025e-01
4.503012700327250206e-01
4.365193342488001838e-01
4.585000360164266375e-01
4.323887484445670393e-01
4.336326985883491858e-01
4.292527619894801472e-01
4.051690755686183643e-01
4.621504775990066261e-01
4.321451783571330640e-01
4.779686315960956500e-01
4.182827434003884015e-01
4.934694443138294973e-01
4.100981223943487852e-01
4.254999675543015836e-01
4.875372416498625072e-01
4.714566034664681160e-01
4.172334142332793094e-01
4.359511986007068574e-01
4.429144717195079295e-01
4.589802296216395350e-01
4.939321182509678332e-01
4.671810538231150889e-01
4.835756075182157665e-01
4.264126755399285096e-01
4.409773095768347861e-01
4.738843029155125341e-01
3.968265965753914326e-01
4.279723913662827339e-01
4.290325025165445672e-01
4.078525302894236981e-01
4.113943412608602745e-01
4.119181038644650905e-01
4.568062653472950152e-01
4.613231960584616709e-01
3.874000758787466969e-01
4.129293872470868321e-01
4.331009453120660546e-01
4.239241786585472016e-01
4.074275914376782604e-01
3.844954040981745091e-01
4.429603534966998768e-01
4.302319058841678201e-01
5.047440676148318150e-01
4.526544350330192201e-01
4.790949746879456517e-01
4.585739947988726195e-01
4.564328303276304899e-01
4.106582370076003463e-01
4.719144786423610238e-01
4.439987205835335682e-01
4.218826067460390572e-01
4.358574719332045655e-01
4.626879621432089529e-01
4.560678023078813537e-01
4.709441912702789779e-01
4.360222314627613116e-01
4.523269420441677902e-01
4.572948878901078595e-01
4.309366520972532921e-01
4.209883205806843609e-01
4.510633085640308182e-01
4.477067842441643797e-01
4.866871014129911521e-01
4.505789047273675019e-01
4.800111566427968657e-01
4.703886224949063166e-01
4.773710341717375960e-01
4.337212189441108645e-01
4.432623016165918028e-01
4.664114376917223304e-01
4.711891190519029160e-01
4.786721384672330548e-01
4.809007141879853564e-01
4.439976264031062492e-01
4.636251553247290325e-01
4.825352152965958763e-01
4.454168160167154000e-01
4.648064564477905058e-01
4.376258778310995745e-01
4.708675904866995721e-01
4.645472990120205758e-01
4.432516964124845193e-01
5.022541861563722954e-01
4.565256144370785085e-01
4.921603601805600858e-01
4.326806647277411932e-01
4.545174343381966353e-01
4.693948983749340331e-01
4.486358914876353854e-01
4.900982338123865967e-01
4.975312491111123503e-01
4.698397377223820781e-01
4.618358132920873937e-01
4.535481032821079839e-01
4.627689451595689563e-01
4.230566098555085253e-01
4.492997672536864773e-01
4.277782630083969417e-01
4.432912469310464898e-01
4.243389516823535268e-01
4.625604801775420882e-01
4.501182024757465761e-01
4.212597201146804915e-01
4.440721109263012223e-01
4.035547884546548669e-01
4.166779705045636217e-01
4.331907579593302082e-01
4.919080499553167840e-01
4.591614055932387028e-01
4.585407265777315944e-01
4.128528952791110096e-01
4.741611894643756320e-01
4.491897775870910547e-01
4.855653441682401539e-01
4.829714743904553464e-01
4.760352691413377024e-01
4.744644455789037707e-01
4.624384680183599161e-01
4.686884916600133622e-01
4.621599742873770400e-01
4.657603016965205511e-01
4.630306046336704617e-01
4.453181739331341649e-01
4.389729588763982004e-01
4.142023922480456144e-01
4.215130744325969459e-01
4.392893609414756928e-01
4.407302643957065613e-01
4.578624280640240518e-01
3.609260760351493125e-01
4.545731762395728293e-01
3.968352906719203599e-01
4.461191739465690809e-01
3.998979502002902309e-01
4.880118812512943549e-01
4.808430005061965495e-01
4.138027123324857226e-01
3.955245209623119984e-01
5.038603813940835119e-01
4.509762712744706525e-01
4.751519333458824601e-01
5.032617593313585269e-01
4.320667822245679024e-01
4.180434632825091867e-01
4.679222627966190817e-01
4.656731886523116648e-01
4.845061668802924104e-01
4.585057677041528557e-01
4.944875400340726923e-01
4.602792606388339536e-01
4.589170899834585926e-01
4.307975802223018014e-01
4.538489586688544963e-01
4.895039521853037923e-01
4.701697952685743309e-01
4.548388267530582008e-01
4.708972483113630370e-01
4.579364831340924646e-01
4.618402237444877989e-01
4.669291260082000239e-01
4.768918286344705493e-01
4.409265376722893426e-01
4.641677866550561471e-01
4.454834102585267241e-01
4.176477435788950587e-01
4.833378812734935304e-01
4.675464867470942032e-01
4.226819857293657168e-01
4.901740251137903237e-01
5.349092894987679259e-01
4.784624304906934245e-01
4.874814325205863441e-01
4.702927024851841220e-01
4.812204804088128784e-01
4.482540070852761294e-01
4.865655900098966868e-01
4.718797527638813882e-01
5.055263267372474001e-01
4.452898239567327221e-01
4.624193925652803072e-01
4.727471522897536138e-01
4.909178137532546615e-01
4.792337683720183650e-01
5.053178710036568821e-01
4.473245162871005709e-01
4.600433618327724461e-01
4.127254003265757309e-01
4.405683052641152231e-01
3.976172802959686559e-01
4.229566890927675127e-01
4.281359842408721805e-01
4.664574928898322925e-01
4.611132989096177748e-01
4.447235303650629024e-01
4.231465018857224480e-01
4.666003316763079889e-01
4.541513146669411971e-01
4.383467638986145443e-01
4.548357157210610735e-01
4.551761981932567203e-01
4.540093984823991846e-01
5.011548612040573891e-01
4.470081959462752219e-01
4.551855651026571747e-01
4.043795214125532334e-01
3.985112962863854857e-01
4.445226890631467365e-01
4.625672979657152739e-01
4.605905585406097624e-01
4.802867131739345652e-01
4.502200757759989846e-01
4.514689475415769038e-01
4.602814208751597747e-01
4.508735170721128727e-01
4.535601491133311458e-01
4.724030758597947410e-01
3.934245995156630538e-01
4.584548410454506451e-01
4.444287089838774296e-01
4.038762289589075127e-01
4.166263743829102806e-01
4.536975462199566156e-01
4.277991841165029729e-01
4.112921307966535545e-01
4.621091841002338274e-01
4.386230794609342620e-01
4.179997307354613167e-01
4.313701082747178339e-01
4.433759618236035593e-01
4.473670877992609318e-01
4.198484213265026854e-01
3.810425330623025131e-01
4.268667608203030595e-01
4.441437452984439704e-01
4.831119563151550222e-01
4.531594188756345454e-01
4.399907212101411003e-01
4.520172499222346874e-01
5.020067959530475354e-01
4.896331884838784343e-01
4.930741311860059040e-01
4.861737097855281520e-01
4.485244211526782654e-01
4.551433344554699501e-01
4.551240090649499859e-01
4.677154497164002778e-01
5.106244903874677110e-01
4.750015685541724708e-01
4.186961716500690045e-01
4.439225389324710780e-01
4.222392220816305608e-01
4.296351031613273586e-01
4.567095729546901128e-01
4.576704666685849077e-01
4.480911363540461267e-01
4.569758033560684662e-01
5.191446217610232727e-01
4.212672312960550336e-01
4.943504837770928417e-01
4.465365697565927272e-01
4.374402145996304503e-01
4.478989699390409918e-01
4.512071447544900860e-01
4.210148872955926103e-01
4.694385697356225351e-01
4.281889448695521683e-01
4.915973938055762105e-01
4.553098427460987030e-01
4.604460732488895869e-01
4.241184204899305366e-01
4.930151949053769300e-01
4.617842632852856566e-01
4.399415348485805621e-01
4.446410512147729310e-01
5.123814040479689469e-01
4.878935190031258862e-01
4.712045880450493329e-01
4.289622821522973695e-01
4.482818292326702925e-01
4.196270990477285467e-01
5.001018627067344013e-01
4.582967038023366135e-01
4.971154253228678987e-01
3.926738636620472067e-01
4.515930468745459336e-01
5.192735887518534765e-01
4.864932314749680908e-01
4.100613422314670631e-01
4.682117544060452330e-01
4.060318322396020418e-01
4.442276057594748417e-01
4.643594118412369687e-01
4.587117870885368265e-01
4.172544460908934050e-01
5.051939343196840682e-01
5.231457268487555989e-01
4.985912642590122346e-01
4.731591536578683144e-01
4.121123530624464792e-01
4.160863109804773807e-01
4.255771500026279131e-01
4.440664009221375608e-01
4.358964002128577486e-01
4.546712420532675880e-01
4.300878344213793780e-01
4.735588920755278153e-01
4.597418960731380344e-01
4.672187487178890986e-01
4.378736751263674898e-01
4.827068909468419378e-01
4.257740038308614472e-01
4.481054182395519114e-01
3.950604695537555666e-01
4.227044263264094215e-01
4.409241795451062651e-01
3.882311972540509193e-01
4.175910414292283712e-01
4.415186330312491081e-01
4.862422288791454772e-01
4.927306492888762213e-01
4.315237707987720217e-01
4.417795890742326481e-01
4.618561433807724659e-01
4.130705902578409305e-01
4.225273163790187470e-01
4.679825718198517004e-01
5.083662452596062753e-01
4.741642920587417764e-01
5.274919426232780317e-01
4.787851000869528528e-01
4.561181160655039535e-01
4.751308250901160601e-01
4.532306900256959370e-01
5.071283960139087998e-01
4.679888467264998186e-01
5.103737225566442604e-01
4.555975012134447777e-01
5.153053683930712836e-01
4.447531881916693131e-01
4.907867971275611807e-01
4.329052757495092107e-01
3.970153521161904897e-01
4.042163370915884402e-01
4.832403515548103767e-01
4.860660990935678494e-01
4.813981734293654724e-01
4.745616297892107371e-01
4.294626230473808648e-01
3.985373424119270647e-01
4.666311588835467261e-01
4.663900743958208084e-01
4.519059693688358692e-01
4.529186688248656445e-01
4.724394235911025808e-01
4.802893690614977174e-01
4.010998286873134755e-01
3.976189912189270759e-01
4.397620358700397580e-01
4.375420492259932681e-01
4.264695160425977516e-01
4.017481311580108905e-01
4.985180042497603381e-01
4.645405897808126405e-01
4.622692961727610794e-01
4.537648877609000153e-01
4.027617918261378605e-01
4.227333528212819935e-01
4.422976679525204013e-01
4.517640709174770564e-01
4.699330993019411040e-01
4.027374557250075759e-01
4.444126038834081416e-01
4.213052157759098471e-01
4.508432450755157639e-01
4.283694535105351253e-01
4.448734203628299522e-01
4.457257021987750534e-01
4.685698905018274574e-01
4.239201618380532000e-01
4.686843079827664460e-01
4.508054291427177618e-01
4.828616473885146698e-01
4.915927799509241525e-01
4.618417224667094589e-01
4.618789399998783352e-01
4.602570496870074246e-01
4.629194379918544766e-01
4.260859609655787139e-01
4.219775212566101996e-01
5.079015932585290161e-01
4.856491197126411308e-01
4.157855528053792660e-01
4.348350778960625718e-01
4.300407685122286106e-01
4.334163717541943406e-01
4.196501473016082118e-01
4.488738377080828679e-01
4.646675968109058030e-01
4.641705627652246147e-01
4.787103145497955126e-01
4.550442330757143994e-01
4.781810005072240077e-01
5.143445346583818134e-01
5.039378656414601476e-01
4.732894098333839117e-01
4.515451135024001195e-01
4.384512538342368870e-01
5.128866543693694213e-01
4.654414982422743763e-01
4.657208359093956140e-01
5.294142738192091358e-01
4.665055920158758251e-01
4.410935886440142673e-01
4.296307625231836624e-01
4.562141645745176333e-01
4.193714346394376014e-01
4.092484704118479755e-01
4.648032277212271191e-01
4.314787825149177247e-01
4.597747551261575083e-01
4.626712083794452535e-01
4.386374448379761759e-01
4.345535937260909809e-01
4.595348975838060013e-01
4.891505064214332621e-01
4.790863232498957514e-01
4.449959242643722335e-01
4.364269808147384633e-01
4.562141197077033694e-01
4.454355941248063222e-01
4.752335986942540780e-01
4.938437661781693855e-01
4.613404815692160876e-01
4.482026242796562920e-01
4.743944912011310300e-01
4.332366018321275325e-01
4.300502391137454583e-01
4.721600543870738687e-01
3.942231245312423082e-01
4.502251866695927141e-01
4.823627253607852827e-01
4.451323813376211747e-01
4.416875819668845127e-01
5.031082564702407112e-01
4.966586932313635239e-01
5.037027948042329673e-01
5.217148606526791355e-01
4.900675976791351030e-01
5.038050959279934959e-01
4.366604805755354146e-01
4.657389916875795399e-01
4.632423197864408704e-01
4.349363382961655144e-01
4.446526256935982579e-01
4.352457732327594808e-01
4.305749248314214017e-01
5.040950410978382035e-01
4.711603897881502245e-01
4.635658427317460584e-01
4.193114887344803199e-01
4.118994663535394118e-01
4.536620252360523686e-01
4.574908220388529956e-01
4.990708910993139624e-01
5.091890472574553961e-01
4.664488816609352329e-01
4.886708421267891844e-01
4.381368785688222744e-01
4.327139378152813354e-01
4.133526528649893450e-01
4.586007375721979362e-01
4.428711453037755819e-01
3.974369995314108173e-01
4.207807303005700605e-01
4.574003066412226648e-01
4.418250189255400473e-01
3.784043700876829064e-01
4.119407522039224001e-01
4.166344104487279543e-01
3.988286802639765538e-01
4.089246019729304016e-01
3.981255564303554095e-01
4.492798418802419480e-01
4.127918608120942356e-01
4.648483988642291842e-01
4.447302017745088376e-01
4.650395721181375119e-01
4.785184617476796465e-01
4.725486766673292482e-01
4.832971156834650062e-01
4.670540363414592000e-01
4.407553933377382771e-01
4.722630900419653721e-01
4.248229162743339948e-01
4.599014321160233565e-01
4.914262137068683978e-01
4.577223869958603752e-01
4.471069791935014526e-01
4.174607943973039914e-01
5.017720686544373532e-01
4.284982524018313699e-01
4.405419128445511312e-01
4.145912133199800009e-01
4.745265037374208905e-01
4.507980244923120439e-01
4.546143723300269945e-01
4.697351119348477377e-01
4.615521383882792983e-01
4.470271314644950755e-01
4.753386721693477202e-01
4.307906055570439596e-01
4.446278033478127112e-01
4.273632277511604793e-01
4.818780320103348558e-01
4.622246099711198597e-01
5.203302304121256716e-01
4.702911355501168678e-01
5.310080711261635500e-01
4.683677093322223817e-01
4.888373736936699188e-01
4.509037919614418688e-01
4.394057502723806574e-01
4.487672418797675200e-01
4.221981890648882629e-01
3.983596464277489591e-01
4.221286278859460173e-01
4.045407389862235581e-01
4.089474992923389784e-01
4.431125431505788526e-01
4.333039674192593060e-01
4.475907488542977264e-01
4.804373777089940845e-01
4.698095963022732580e-01
4.895450952864053296e-01
5.060130314819243358e-01
5.091822005689228270e-01
4.552474425718616158e-01
4.253815847848435583e-01
4.470887914180337597e-01
4.433546654215292926e-01
4.109532299975713343e-01
3.834508583274763294e-01
4.983589976626546791e-01
4.540194035968503350e-01
4.615630010528030125e-01
4.437817572805340394e-01
4.486396776847386692e-01
4.421120262345464846e-01
4.680338251176672237e-01
3.944928418200880360e-01
4.821392052271679107e-01
4.816188969206404158e-01
4.178994198053056497e-01
4.331182344296261588e-01
4.013333100047693502e-01
3.777029989927992437e-01
4.352237346870727608e-01
4.575764586480166596e-01
4.286285997654279978e-01
4.438665208523323580e-01
4.655822685308318443e-01
4.589089623732766077e-01
4.471018170319921992e-01
4.487247856056799655e-01
4.708978344721291842e-01
5.034374440503410764e-01
4.538703934804557139e-01
4.797952685181496313e-01
4.111281313846419927e-01
4.712726704788245957e-01
4.317986547091882676e-01
4.189952115237449703e-01
4.886534475390526544e-01
4.549845681981287693e-01
4.405338753051709078e-01
4.063715755034953414e-01
4.690739081960492163e-01
4.184622720013290165e-01
4.684593604363906927e-01
4.029647397757067373e-01
4.280921776142638246e-01
4.452682410726352402e-01
4.526622572451290405e-01
4.573574661773424643e-01
4.655372995647457102e-01
4.517353739387932055e-01
4.612109534289431934e-01
4.480988907878847849e-01
4.826324210017751137e-01
4.930597157557050081e-01
4.927771677185894816e-01
4.900715503000264150e-01
4.978067553967275849e-01
5.209871402708802224e-01
4.664701080985683701e-01
5.027415600900893011e-01
4.686495850962188459e-01
4.503312687927946145e-01
4.879065518176249894e-01
4.391199210281531706e-01
4.614007864167771200e-01
4.418847949076591397e-01
4.538844843326976242e-01
4.668702635066680484e-01
4.793929124170854816e-01
4.647267348610983340e-01
4.582142246212478898e-01
4.745533170743396756e-01
4.541522627567121106e-01
4.509793587306011320e-01
4.356439628827942778e-01
4.481182318326084602e-01
4.382885996127848793e-01
4.733086113075634094e-01
4.145297511070582530e-01
4.181186094393796182e-01
4.710408417772729006e-01
4.245603331586585982e-01
4.449567520488338368e-01
4.724209458698909181e-01
4.482990161662713247e-01
4.510982423096088212e-01
4.421656419836259011e-01
4.371504341128988891e-01
4.695916242300576804e-01
4.858888617315523795e-01
4.475599403573430335e-01
4.266128409938740318e-01
4.559170486669328892e-01
4.529015840286625960e-01
4.355381470901311669e-01
4.826363510603146612e-01
4.514129627341132989e-01
4.491695620223017382e-01
4.546387120335536602e-01
4.898660927682922384e-01
4.517711306174902464e-01
4.481567795286743316e-01
4.826030166562048085e-01
4.630787828180564225e-01
4.912772651122876422e-01
5.039502731100273802e-01
4.507465678328272385e-01
4.643154379542860921e-01
4.424199389048049658e-01
4.255359388267442311e-01
4.337752176390132219e-01
4.380231149553460712e-01
4.631427765592184276e-01
5.282322639683564303e-01
4.342435570949750856e-01
4.901023009908160866e-01
4.470731886533768074e-01
4.849125276988529576e-01
4.502347361120990210e-01
4.162901234487558777e-01
4.456293758423450768e-01
4.541140283541575395e-01
5.047343875745723407e-01
4.336418926496246051e-01
4.411801931208853000e-01
4.302058580681494271e-01
4.888619433727887653e-01
5.060542560011039859e-01
4.256574966457121190e-01
4.477613042918137110e-01
4.693630068165021152e-01
4.359863851532055912e-01
4.748105526587865777e-01
4.752645656462149426e-01
4.688343042205027622e-01
4.577682887738369621e-01
4.279261007550679841e-01
4.673018845231546869e-01
4.614978021414392062e-01
4.505123899350479966e-01
4.550156501373434081e-01
4.493171060212188817e-01
3.893853875163924005e-01
4.341153329808901118e-01
4.367069645621009522e-01
4.790522915206029131e-01
5.116959529140446827e-01
4.905667860152373994e-01
4.395931722453090829e-01
4.788329302148350286e-01
4.729121277682136748e-01
4.550393024285683818e-01
4.834598729592640698e-01
4.481684152446545610e-01
4.396364367257429850e-01
4.594734097024587016e-01
4.476726917286057428e-01
4.633187616920345087e-01
4.881082338236657492e-01
4.911319808592453651e-01
4.586852141981987985e-01
4.630969880241904701e-01
4.739184727080161252e-01
4.782076126516466297e-01
4.705350448577085287e-01
4.764285442575182938e-01
4.728038977262318254e-01
4.770034195379515007e-01
4.495691232842675689e-01
4.960971143848893483e-01
4.816143950224364145e-01
4.643608384685394275e-01
4.389864273351615775e-01
4.602100219738783915e-01
4.613141152765404263e-01
4.811615798228340291e-01
4.550894805140850430e-01
4.454587268253110133e-01
4.903764434775340630e-01
4.341630321760783784e-01
4.447026155708642681e-01
4.849752766076705912e-01
3.942527966819018292e-01
4.334830928451062770e-01
4.004794306800625869e-01
4.916439170891738764e-01
4.888384977460837888e-01
4.583332135382173766e-01
5.070999694852441619e-01
4.442476929120183771e-01
4.877555169226525100e-01
4.205060623579727763e-01
4.521276260871757158e-01
4.749036188341628772e-01
4.583109443641085745e-01
4.326842725615268614e-01
4.284606829318035048e-01
4.433947259393898332e-01
4.660554589063517494e-01
4.717493326791770136e-01
4.435490892303486365e-01
4.612838017459334194e-01
4.694049087359816741e-01
4.087781875665739695e-01
4.553943300875122335e-01
4.851564952173307299e-01
4.721381688849633496e-01
5.135204581794432510e-01
4.574084656499374235e-01
4.328337812781301586e-01
4.334069124317160293e-01
4.674695645084711026e-01
4.777728770988647899e-01
4.591729625220482558e-01
4.197682017875616900e-01
4.794667507262563855e-01
4.380674595856760001e-01
4.267070429115065178e-01
4.471100943176287146e-01
4.619662515966211913e-01
4.716243649828757434e-01
4.396051032550067350e-01
4.809250989345471017e-01
4.361264809375263729e-01
4.969995374723244486e-01
4.855828067315102192e-01
5.195677894569913358e-01
4.889095413650330624e-01
4.657747124178958087e-01
4.741208647015769939e-01
4.668052038553413552e-01
4.715307562365306793e-01
4.839117002262758316e-01
4.561983082824253022e-01
4.619091051709987572e-01
4.666152941678144428e-01
4.506300849316641766e-01
4.660856730515616775e-01
4.738617742576808900e-01
4.290538809398032893e-01
4.970231535242503051e-01
4.970334063371641964e-01
5.025611528246177739e-01
4.627577920721511195e-01
4.619732683123028982e-01
4.888026520921607831e-01
4.334601624624370153e-01
4.618540691653292840e-01
4.623688999538273503e-01
4.304499710132040913e-01
4.758008022235680756e-01
4.660441470033117595e-01
4.388640060997012204e-01
4.855894558651362436e-01
4.791528638485553215e-01
4.614545159742935443e-01
4.506952614362076392e-01
4.432608111349103375e-01
4.165266082985849549e-01
4.221258361499101164e-01
4.513482773050742636e-01
4.414687528359501067e-01
4.319928877489712660e-01
4.535004576988521663e-01
4.441537688660822103e-01
4.527517125061062409e-01
4.355261411635337754e-01
4.549150215097563232e-01
4.639338392112711817e-01
4.744324143140322692e-01
4.937276826482669967e-01
4.312506760420755647e-01
4.673755638107726096e-01
5.067780108323550747e-01
4.553672189858522512e-01
4.491736209492058207e-01
4.565726952324423160e-01
4.931095577826653531e-01
4.532282453889087126e-01
4.806307072145286630e-01
4.533043022399665944e-01
4.459785043382546998e-01
4.546363040662232402e-01
4.661229249196072733e-01
4.635137539496718695e-01
4.500271788762036373e-01
4.621003493812533280e-01
4.328103801428304642e-01
4.175148556883960249e-01
4.586075945220542405e-01
4.719304556259420469e-01
3.854106476896976274e-01
4.164786041767461477e-01
4.333168728773991729e-01
4.129974810688151199e-01
4.669750751680326606e-01
4.526999367642316474e-01
4.329267898144472104e-01
4.161692456223519687e-01
4.430302375038827067e-01
4.247867816652853845e-01
4.213560387862810286e-01
4.039892683082921820e-01
4.045411372307775588e-01
4.420663846821665799e-01
3.889124471875580746e-01
3.922650665087081823e-01
4.015455170978433075e-01
4.188860498245867703e-01
4.294272102012878789e-01
4.549326152265303902e-01
4.335158664315853505e-01
4.556391178211458004e-01
4.636989603016413719e-01
4.592060832708599327e-01
4.241264631873850055e-01
4.219680795393091488e-01
4.635608800399103058e-01
4.610450340785011702e-01
4.506343796310349203e-01
4.340280830309683480e-01
4.641067344210751400e-01
5.038550616280317307e-01
4.546159565856492946e-01
4.219633721107587387e-01
4.539062152008692119e-01
4.693546712268140686e-01
4.525898827456230622e-01
4.537681923441471699e-01
4.115832884827503868e-01
4.697131626506810820e-01
4.899966567717090049e-01
4.734985879976262857e-01
4.508233320958970336e-01
4.898052223722656473e-01
4.651279704570714935e-01
4.974236016874408750e-01
4.607419808043548559e-01
4.449226712665790284e-01
4.421696865250425712e-01
4.152703650898507681e-01
4.459947914978842909e-01
4.433134835665712425e-01
4.793345385547358450e-01
4.446485903700223563e-01
4.743517756750524339e-01
4.962600633960181362e-01
4.439646807379814542e-01
4.786618218319703688e-01
4.897027437401518801e-01
5.023386859217499056e-01
4.919037973605953074e-01
4.763085766351689565e-01
3.965786894054784684e-01
4.632188036032343637e-01
4.442124471530996543e-01
4.520764923125666912e-01
4.429781392828262554e-01
4.778769922011764648e-01
4.761714497509078603e-01
4.230672902098340238e-01
4.593266469924865980e-01
4.355634905830010895e-01
4.045826705989011285e-01
4.269354026783998557e-01
4.540483708529042262e-01
4.261189877012104277e-01
4.457544454928973332e-01
4.553202434430238532e-01
4.683733132466015858e-01
4.663183125607129886e-01
4.900218762581752263e-01
4.241529557958274577e-01
4.555089095791274856e-01
4.216882377337208831e-01
3.723544987192453082e-01
4.681408162339944501e-01
4.519749757034313142e-01
4.386053691554777645e-01
4.780904440027106128e-01
5.073585849341123444e-01
4.777934074214700289e-01
4.479265581008595176e-01
4.283056555045768321e-01
4.402034308633576698e-01
4.735918495424701891e-01
4.116395804267114489e-01
4.597511313039855940e-01
4.598436581337153051e-01
4.695780187439421716e-01
4.492483090832306569e-01
4.387128060467749835e-01
5.005690996082067246e-01
4.697216337837194500e-01
5.095630994046460582e-01
4.609723064898123557e-01
4.221154705352619940e-01
4.548129880711148099e-01
4.725841822948662063e-01
4.626850642021352322e-01
4.886321056408907682e-01
4.831498983318467944e-01
4.743488503296856562e-01
4.240941224987836988e-01
4.577889341463793893e-01
4.489114565422799297e-01
4.887537705288649836e-01
4.397503534100918321e-01
4.439398164473549735e-01
4.289232800572335136e-01
4.765140133524508048e-01
4.771694498355212866e-01
4.964118244103147837e-01
4.273978642719775678e-01
4.532056139896680214e-01
4.214021367160000753e-01
4.745678421356741561e-01
4.445400619207456328e-01
4.717841848083664802e-01
4.318906464794798894e-01
4.627338576710735008e-01
5.085738785205350387e-01
4.613152577269752364e-01
4.946233802048156103e-01
4.469784808190970793e-01
4.131345865257605166e-01
4.699502935390952874e-01
4.503102679654549800e-01
4.617204197524497067e-01
4.381550454949132978e-01
3.952821594906076874e-01
4.422567799824760337e-01
4.450168718804513590e-01
4.289628089010141254e-01
4.443016875252820408e-01
4.406145623443704640e-01
4.622468951407159854e-01
4.061741758539439973e-01
4.399772933243275008e-01
4.808910342488406098e-01
4.646767336656191794e-01
4.491405825932069940e-01
4.105797183744652745e-01
4.341334633239035123e-01
4.592722338823683192e-01
4.594648949123323889e-01
4.267696358665535317e-01
4.247411042167281159e-01
4.364898787224355536e-01
3.883875373105351025e-01
4.521402511631184007e-01
4.145870782420743583e-01
4.134285251664500116e-01
4.031070584191914774e-01
4.589130818058280714e-01
4.239863089739834834e-01
4.536045509693624744e-01
4.269611509389016901e-01
4.961516571679519538e-01
4.406281402598317687e-01
3.828285486405482718e-01
3.983643327291648273e-01
4.248395507410923089e-01
4.982009163951400810e-01
4.391450353065962653e-01
4.652982004089064594e-01
4.414585850105350318e-01
4.454709507086015985e-01
4.595501918574461109e-01
4.716156704267306932e-01
4.934517557907706631e-01
4.273245373262375968e-01
4.459821017866975601e-01
4.691701345959572444e-01
4.770051954947981954e-01
4.398174432547014012e-01
4.675244548233597475e-01
4.659545114017550893e-01
4.601990485975451239e-01
4.690039294255946012e-01
4.255184565725633195e-01
4.506762516709116317e-01
4.731039529387425779e-01
4.723890599245868516e-01
4.854001686433883078e-01
4.762485002623437769e-01
4.461983687106937380e-01
4.523640769757679148e-01
4.258129087292302217e-01
4.418035117457115302e-01
4.343428690319990904e-01
4.405338149897686240e-01
4.473794409884113144e-01
4.560236781658452698e-01
4.555478289086477006e-01
4.309340025687303233e-01
4.461240489033070911e-01
4.204369506892888242e-01
4.807774776873871003e-01
4.075141227036961911e-01
4.819069993321200562e-01
4.428474285037488078e-01
4.048230166886026549e-01
4.241669755052317470e-01
4.354370559690231013e-01
4.753518462562218994e-01
4.179195328133443743e-01
4.559463867728948960e-01
4.764047586828297209e-01
4.212113641010224452e-01
4.656192392318679873e-01
4.362527506687752799e-01
4.559557024188120589e-01
4.746424915449722337e-01
4.439602717511034746e-01
4.524810756743278262e-01
4.603136357838657489e-01
4.640593656988765137e-01
4.772868091014396130e-01
4.335403876564740688e-01
4.685377050868494986e-01
4.411391574472512955e-01
4.416602773939858340e-01
4.420508484723246201e-01
4.846742289758205202e-01
4.163176896578176800e-01
4.113623356904015926e-01
4.426742258803356145e-01
4.464930440410440626e-01
4.386848724908840591e-01
4.482131067774483002e-01
4.296471835036315690e-01
4.445905431641258287e-01
4.461799404276466929e-01
4.325319396602154143e-01
4.679129713467371499e-01
4.326302839939284439e-01
4.380556061863776773e-01
4.258448020499195907e-01
4.498687924042065189e-01
4.676404631509212262e-01
4.422556092494280833e-01
4.199035364257895919e-01
4.358070755825945164e-01
4.443802263811389430e-01
4.644469138073382686e-01
4.091604907456954932e-01
4.446218798715210196e-01
5.067306016483014153e-01
4.531036698784091099e-01
4.388600881302821555e-01
4.618237860826875929e-01
4.629328980186734888e-01
4.504785790101799581e-01
4.545975213342187127e-01
4.550040913042747714e-01
4.668941134944007421e-01
5.078867465715779517e-01
4.473489700948750647e-01
4.391449715785765706e-01
4.464757869739827689e-01
4.127960620602437736e-01
4.542106998627651882e-01
4.549260736075538269e-01
4.776742237596235952e-01
4.446902040691897984e-01
4.474117315539408168e-01
4.475596917086878124e-01
4.698668610940267554e-01
4.590232662448646139e-01
4.857621726567580289e-01
5.034243473845841921e-01
4.923400445440273554e-01
4.812486986751174367e-01
4.274317133326862028e-01
4.557766211820852842e-01
5.063790641595270481e-01
5.026585105590636315e-01
4.702956022853528872e-01
4.882755215144453098e-01
4.734985238327740209e-01
4.630444913848711375e-01
4.141867487106290491e-01
4.351801951999168527e-01
4.310772288477174308e-01
4.404184828896992587e-01
4.279181917730834894e-01
4.482557789844305307e-01
4.403265190762604142e-01
4.337101836967821034e-01
4.480073317075129458e-01
4.373910753860663636e-01
4.212939369434517412e-01
3.936046704747589442e-01
4.042032326172909085e-01
4.697961567214766765e-01
4.435135191691011447e-01
4.074627825408867476e-01
4.645925415285449001e-01
4.572803641084698945e-01
4.685937981139731145e-01
4.437816475680259609e-01
4.503311052125681391e-01
4.239301438665887822e-01
4.395051740409036123e-01
4.057579172425905822e-01
4.137152727684366149e-01
4.187096761247643406e-01
4.859762729347920085e-01
4.236643979167202256e-01
4.252821692379256668e-01
5.083233097797318356e-01
4.488593749314728765e-01
4.337285553439906294e-01
4.977059060292376991e-01
4.490058188578572862e-01
4.157136336203182680e-01
4.422711516126532350e-01
4.272046493104197928e-01
4.495915252134263795e-01
4.536040376904121874e-01
4.744568053680677244e-01
4.802501297999265950e-01
4.694355177229974085e-01
4.572228831564616458e-01
4.883230453519734060e-01
4.150094983490025258e-01
4.832711368003820285e-01
4.475497025835635800e-01
4.686239437081233805e-01
4.285036694113491529e-01
4.588135273117661117e-01
4.812875254365768796e-01
3.991674891669901304e-01
4.258311269715709946e-01
4.192993818502999126e-01
4.309398504949150110e-01
4.427244798972345685e-01
4.688208500516418131e-01
4.170655775295917800e-01
4.357617585520132120e-01
3.903857787696562442e-01
4.646866729538117746e-01
3.873121613481859127e-01
4.312057513914246965e-01
4.729003348514627669e-01
4.361271075803738739e-01
4.519494725682609015e-01
3.952161771192865269e-01
4.222960950787418288e-01
4.576423110181431220e-01
4.488051481757366346e-01
4.129793390126676456e-01
4.337717835489340312e-01
4.218497368723468366e-01
4.959695566088885843e-01
4.375317283031349702e-01
4.327517132054705118e-01
4.398994671040110660e-01
4.728387595025006496e-01
4.499453815512759469e-01
4.092068437957434024e-01
3.856862686503015336e-01
4.404252972800916099e-01
4.342160398616470296e-01
4.506194428215229975e-01
4.223430904650745665e-01
4.378562472309508458e-01
4.350296908342302094e-01
4.952828447113589716e-01
4.942057826746782401e-01
4.648681465190447337e-01
4.631518845375676152e-01
4.611095782438155433e-01
4.764784237775990250e-01
4.678296064871990678e-01
4.723228300528063972e-01
4.912304385120045414e-01
4.825840354755503436e-01
4.509406855294493810e-01
4.492544899334395825e-01
4.224686963017827979e-01
4.579696492475008318e-01
4.357079003389539573e-01
4.471447175638656457e-01
4.476326724535055201e-01
4.137748868398513635e-01
3.989551814387902740e-01
3.937779409253163720e-01
4.546716305006343051e-01
4.177534845793217655e-01
4.357263402266580155e-01
4.544282640558470199e-01
4.350829049347354482e-01
4.569189994690160406e-01
4.884912091857253058e-01
5.054154620732363989e-01
4.832311713785453211e-01
4.463134411302986382e-01
4.804034234109514911e-01
5.396477120211922163e-01
4.565535751634020589e-01
4.404999277408409020e-01
4.672234015295840814e-01
4.287312455034947289e-01
4.285791421359772535e-01
4.230244077072886077e-01
4.287318088859065623e-01
3.893773353203062726e-01
4.305145462002167855e-01
4.255776734096711200e-01
4.228167813532787145e-01
4.942125475857284123e-01
4.756312568716738465e-01
4.696658352626150723e-01
4.943591575215984246e-01
4.811851506820543634e-01
4.343939110728627373e-01
4.679388454077338388e-01
4.658382372382283698e-01
4.304396335847242572e-01
4.179495960676790078e-01
4.703829198175313309e-01
4.332850364578129110e-01
4.270653768921914839e-01
4.293759107275835762e-01
4.560155108160911519e-01
4.258123390048340617e-01
4.609515999538036368e-01
3.991925212180477689e-01
4.109968356961019587e-01
4.606236090728933474e-01
4.610939121245085648e-01
4.488992755651762812e-01
4.481880860707125880e-01
4.562337289536588236e-01
4.356644863400747636e-01
4.400533544075195258e-01
4.838203680878770951e-01
4.305104789936388121e-01
4.635516566475443856e-01
4.480710402590855068e-01
4.443943337551204409e-01
3.838819796445747112e-01
3.942891625649123100e-01
4.247938709396076873e-01
4.307464904278318629e-01
4.890248953309633828e-01
4.451234855733672280e-01
4.116958949246252719e-01
4.033521757085594128e-01
4.238633456101313923e-01
4.027931397482534814e-01
4.061669202967813641e-01
4.035006836112980388e-01
4.353073410456589909e-01
4.409715262539488090e-01
4.062817945869647840e-01
4.606815570401563420e-01
4.160823706299695002e-01
4.421329982280390869e-01
4.404580281541958797e-01
4.387998295501182033e-01
4.319786471539225903e-01
4.268150846017366717e-01
4.622688484113551821e-01
4.930872740645007579e-01
4.717468107845934067e-01
4.890846114881158280e-01
4.506221789070973260e-01
4.826477271983442008e-01
4.405745199057115036e-01
4.541144785038523923e-01
4.116275779675274138e-01
4.796005308222440200e-01
4.355098081953883149e-01
4.839261795184724435e-01
4.465265429010766840e-01
3.945199275433627362e-01
4.255686442729214591e-01
4.730553567400971882e-01
4.385575936254841878e-01
4.375281924339917694e-01
4.189502942544266473e-01
3.757941314297811863e-01
4.850571769190420990e-01
4.518135963272139066e-01
4.202707494801768973e-01
4.642502592286991692e-01
4.529905084743695021e-01
4.461143591920405105e-01
4.327419613450385061e-01
4.199698552458911993e-01
4.340407896334165239e-01
4.459764813763444358e-01
4.560236001182002008e-01
4.345498372816881671e-01
4.807366037161741046e-01
4.638512358267317670e-01
4.749704819115772580e-01
4.361581047512663178e-01
4.584319373610122317e-01
4.246780729681828292e-01
4.414269896488942635e-01
4.298964767374601759e-01
4.525597362003817015e-01
4.554157594099862427e-01
4.617418819296327248e-01
4.559127129665493938e-01
4.563143404983192042e-01
4.505420839649414977e-01
4.726563188969515883e-01
4.550585606783225656e-01
5.098057058343221648e-01
4.769248387363955177e-01
4.597754692972711443e-01
4.621676468826986239e-01
4.562697764576317261e-01
4.322686036542810473e-01
4.103595388638669461e-01
4.628670886897952585e-01
3.958829228281836587e-01
4.205569276223045105e-01
4.746014721360382049e-01
4.791602138752656392e-01
4.559819028618907200e-01
4.197085645782238084e-01
4.313307980384274432e-01
4.506610646845115586e-01
4.674675696847315765e-01
4.614380837047940553e-01
4.461328885065149463e-01
4.530891367040650319e-01
4.471237719767123253e-01
4.148942363159798807e-01
4.686650680256341239e-01
3.626401610280337029e-01
4.053776230168894545e-01
4.079473648913554129e-01
4.969286715978828428e-01
4.759556660685895779e-01
4.226530300966677145e-01
4.618136024028722808e-01
4.564579694484744432e-01
4.706818585273417899e-01
4.344609533744578922e-01
4.594309249295576159e-01
4.454780637000930743e-01
5.209472306504984163e-01
4.208490357463922638e-01
4.769352736440092277e-01
4.279762668882108878e-01
4.525966987670608233e-01
4.531839845003611811e-01
4.036797694405376280e-01
4.329892608749706384e-01
4.741281896350565961e-01
3.998375912268766208e-01
4.545905888190552302e-01
4.385908885426950676e-01
4.193774437530165544e-01
5.016313908416679679e-01
4.556664478475138114e-01
5.220199334017540105e-01
4.898098508436107834e-01
4.833238187276309161e-01
4.970539993612206331e-01
4.792546605684327443e-01
4.075847650565869174e-01
4.357170518491574884e-01
4.001949934184416691e-01
4.288937042020675716e-01
4.461298460037855795e-01
4.658633985039196679e-01
4.445735876226086791e-01
4.493400744881194120e-01
4.492410486303134998e-01
4.716057345476591944e-01
4.837881129305215966e-01
4.705613959844634486e-01
4.572704023219066327e-01
4.269561494782880273e-01
4.841917266104483475e-01
4.330024340064187460e-01
4.549739970702956771e-01
4.340564446364001960e-01
4.474389931787916552e-01
4.833603828707413452e-01
4.067239149349790583e-01
4.043642102361045265e-01
4.618384485587912480e-01
4.506547795057835870e-01
4.633443274680600910e-01
4.370924974267432206e-01
4.565572779782441915e-01
4.887390108599583005e-01
4.012841040738157061e-01
4.270926798269082947e-01
4.217839373458255881e-01
4.730543117219538907e-01
4.918124604975900871e-01
4.564832067083353651e-01
4.751510507968858543e-01
4.487296288964310875e-01
4.700541999183405761e-01
4.095415167683148505e-01
4.335571250324659065e-01
4.374251759863073130e-01
4.440335889593178265e-01
3.769954709343623089e-01
4.193929353460469356e-01
4.090346553609688351e-01
4.118382650994557581e-01
4.523553045191466282e-01
4.949526377080059603e-01
4.687010408497248592e-01
4.604160416432337422e-01
4.581860751173778556e-01
4.198524519928613641e-01
4.868846023831856495e-01
4.350816960533238076e-01
4.377309707280135909e-01
4.109362898659414953e-01
4.431262465676424345e-01
4.261176839291528906e-01
4.231123951388344184e-01
4.962307961004001067e-01
4.389321916897560572e-01
4.404697444798993944e-01
4.773590110637487283e-01
4.383110203670902982e-01
4.199955415052598617e-01
4.220921472580465017e-01
4.761624332039872676e-01
4.545822902266863919e-01
4.847019071635396137e-01
4.637899965479224118e-01
4.863910174868251723e-01
4.411214327977245886e-01
4.275052768177445839e-01
4.144256601922983729e-01
4.644281760383761060e-01
4.644604478478547849e-01
4.626249706251614469e-01
4.703752580663093097e-01
4.580288257646580319e-01
4.475053221636453027e-01
4.672416417098432806e-01
4.612014815237130416e-01
4.534732773616311774e-01
4.545535988103953651e-01
4.517849293613621087e-01
4.541718915261875322e-01
4.780846869867717008e-01
4.624470204506717086e-01
4.989759553567375550e-01
4.533566109502569219e-01
4.116252981615663442e-01
4.598008503965368976e-01
4.778994817994666744e-01
4.632690813916660599e-01
4.991227102003450433e-01
4.934358822293931079e-01
4.718443908528814346e-01
4.444812453696960763e-01
4.533317749889916870e-01
3.961872405631476912e-01
4.784593408392611158e-01
4.320708925254044264e-01
4.698179686495008722e-01
5.000990061048080637e-01
4.786570336600497466e-01
4.867388295440752133e-01
4.405505667747388054e-01
4.612219803214637204e-01
4.891274832842951725e-01
4.706179211803895313e-01
4.690661854530726593e-01
4.159387594469320382e-01
4.865716795639383752e-01
4.649553272260930070e-01
4.350209810884314021e-01
4.738973981409382308e-01
4.328243240557886340e-01
4.402331282800545087e-01
4.460296137968722263e-01
4.955665340197414337e-01
3.921290271875040867e-01
4.607172141526400533e-01
5.003589961824995713e-01
4.840123285335227732e-01
4.715267687871416147e-01
4.707833040380161593e-01
4.485477103560641665e-01
4.487315672682307688e-01
4.565545696146257049e-01
4.356831778375459541e-01
4.444307938480287490e-01
4.090873486548989857e-01
4.393619101219897183e-01
4.419466272694800857e-01
4.467809941995479206e-01
4.494570775449449607e-01
4.711194997635935189e-01
4.740921574363990976e-01
4.846228111547442596e-01
4.737832140379438228e-01
4.996580141768557359e-01
4.875839326518421335e-01
4.535887181592837547e-01
4.940117154425546220e-01
4.690709766181570539e-01
4.578855289968415954e-01
4.356557728526333495e-01
4.716765591193527452e-01
4.667850985259700547e-01
4.873673256031635925e-01
4.657308878647707373e-01
4.292832088193916928e-01
4.477196891624947162e-01
4.575047150161207776e-01
4.640473802970592754e-01
4.887399315586121729e-01
4.676640255440477900e-01
4.612005439182619293e-01
4.680557901750280747e-01
4.833489060875497678e-01
4.840370900552924405e-01
4.737237288041891703e-01
4.965397381732127302e-01
4.987577597466862911e-01
4.749550501703753147e-01
4.720180319833043869e-01
4.815805273775786710e-01
4.090682250744659965e-01
4.801281484176810332e-01
4.824429159070665607e-01
4.766116625850919664e-01
4.802371243394093492e-01
4.701696233400803338e-01
4.919554639672728547e-01
4.889158685045355002e-01
5.015819512427023286e-01
4.694934782622379177e-01
4.992011316505208240e-01
4.735813669754111999e-01
4.959284749533722225e-01
4.630078260630261511e-01
4.361098752413267166e-01
4.753643593371049691e-01
4.705091309543208422e-01
4.682982947710992438e-01
4.516203059865640523e-01
4.416940529547319638e-01
4.902865967895378430e-01
4.626068588875823506e-01
4.662917333395916741e-01
4.559162460753053980e-01
4.423425962518387489e-01
4.475598358395757037e-01
4.317104379823722970e-01
4.260679129478597837e-01
4.649505136786858950e-01
4.932720593940035370e-01
5.109077353545806721e-01
4.555581353139653844e-01
4.834095329655882511e-01
4.677586419107202520e-01
4.584749668955023783e-01
4.670843901872627768e-01
4.603612547763236695e-01
4.183791407848324040e-01
4.614612961524254819e-01
4.681446264353795184e-01
4.952669915979506232e-01
5.190843280352767097e-01
5.067990863959648262e-01
4.799684920512379271e-01
4.421585114295257246e-01
4.580444873329938549e-01
4.508660512848721158e-01
4.518153803600218898e-01
4.532635985166277859e-01
4.994535904414387772e-01
4.733954519127775429e-01
4.665099591535515344e-01
4.651599861793391799e-01
4.648028653728538684e-01
4.706551570907432924e-01
4.549318217303004452e-01
4.642015848813299539e-01
4.569558199677648536e-01
4.522068995419726845e-01
4.389047709755737325e-01
4.386979237501892892e-01
4.996106436556034258e-01
4.268860914843256027e-01
4.382504631820641761e-01
4.538047622870172715e-01
4.358953334897242016e-01
4.361553292200597287e-01
4.636003532745505140e-01
4.731138386625111658e-01
4.011814897762404075e-01
4.128143195219682871e-01
4.416404303532192599e-01
4.283159471869508184e-01
4.510224751378765218e-01
4.036810218727285293e-01
4.791825922896594259e-01
4.400397236842085724e-01
4.503156319216372605e-01
4.469505777596985974e-01
4.583094848289916978e-01
4.273606512547147851e-01
4.433194678360091179e-01
3.974121200571287260e-01
4.334042117076201128e-01
3.846002960664952619e-01
4.295971650815496035e-01
4.729861232464691034e-01
4.724340387369728722e-01
4.923597664046842626e-01
4.399943036063008739e-01
4.521387443009633467e-01
4.738630912866580447e-01
4.633986087557840361e-01
4.932472740339564621e-01
4.951142683622046792e-01
4.553601261865605210e-01
4.705135491185121754e-01
4.471794314568748319e-01
4.453349513500192147e-01
4.492573658747335275e-01
4.509601728782113850e-01
4.959437170082166002e-01
4.555178037477854991e-01
4.839443243015751905e-01
4.393185653982459304e-01
4.155604049651739351e-01
4.683899737090986837e-01
4.440116993666417544e-01
4.684094604551006791e-01
4.573024516221536051e-01
4.442200646757097915e-01
4.241841084974923848e-01
4.053916953261031408e-01
4.325430068715726550e-01
4.405168350713911107e-01
4.088448013716352580e-01
4.432935681198143518e-01
4.215392327128771877e-01
4.443284079306805689e-01
4.718345736723489892e-01
4.368092319638603449e-01
4.661863223795507105e-01
4.419953125177798481e-01
4.425553429493787050e-01
4.925248716242776603e-01
4.232705980078398378e-01
4.371121578890676540e-01
4.518974170305039562e-01
4.730866004270282144e-01
5.060296682383672584e-01
4.620304215752096821e-01
4.828545692224056052e-01
5.032869698178907836e-01
4.644958740687198939e-01
4.669376536150200430e-01
5.149297168899045207e-01
4.116700076953942466e-01
4.927598089179137664e-01
4.490023722388182259e-01
4.610919590385515465e-01
4.622891467940146715e-01
4.636146829157079541e-01
4.416015413297284531e-01
4.344406083054304646e-01
4.511831600749804938e-01
4.245235431726512298e-01
4.191794370345690579e-01
4.508806458871049139e-01
4.690213511670620061e-01
4.528719663414633723e-01
4.641204864280782383e-01
4.635942005284642842e-01
4.867049263271016057e-01
3.959389038955337670e-01
4.340756821578463098e-01
4.617968608475018777e-01
3.894322929890339791e-01
4.551905026743658933e-01
4.291500109018043796e-01
4.609899953476622181e-01
4.702062750336761243e-01
4.683475050468264844e-01
4.378425972395688648e-01
4.780043091821341017e-01
4.421225527489405782e-01
5.096935186180783228e-01
4.626281765375382382e-01
4.433697616456792057e-01
4.367084759379320502e-01
4.280561669962122950e-01
4.843841954911534686e-01
4.333355548361534360e-01
4.284201248911255755e-01
4.458945167551172095e-01
4.447083704389242498e-01
4.393485684547719927e-01
4.397747474968655701e-01
4.392161757137202360e-01
4.303613116418869011e-01
4.338706639210650473e-01
4.571446872719463483e-01
4.095791166443558118e-01
4.574073955872360875e-01
4.664455376317042101e-01
4.842132307637034283e-01
4.396900234643725813e-01
4.794602057861838684e-01
4.722712974268287733e-01
4.500591152395067573e-01
4.348403735255596536e-01
4.354385250385897632e-01
4.550118400044928513e-01
4.941179400926486442e-01
4.840631159004484818e-01
4.488384087425256186e-01
4.327323737063248354e-01
4.514284916409723181e-01
4.498558739450286281e-01
5.160944234107777140e-01
4.782951002733947243e-01
4.478806727671827970e-01
4.441534618641829191e-01
4.337196052246289901e-01
4.144867966057658726e-01
4.415059125881136137e-01
4.356236840128006049e-01
4.545276275395298549e-01
4.855012266871883142e-01
4.921586658612034926e-01
4.542621231641822965e-01
4.019163938945203296e-01
4.417589449544689351e-01
4.392240888579795333e-01
4.372173902057949757e-01
4.267097707518072713e-01
4.450758472979620128e-01
4.533045884757488375e-01
4.519738517557070345e-01
4.433631122785452461e-01
4.850052187004105231e-01
4.593194525444593279e-01
4.440550987901177860e-01
4.443189433337955685e-01
4.372602391272711331e-01
4.394464676515006940e-01
4.689237012460865106e-01
4.690693089995989218e-01
4.945467816631636815e-01
3.901863121210135121e-01
5.127057945750538304e-01
4.735161763023375547e-01
4.747741860120339163e-01
4.686273812650881831e-01
4.593887399619030476e-01
4.768038128562783196e-01
4.331591934579643866e-01
4.873837830621033373e-01
4.488713386137712646e-01
4.744353877892058535e-01
4.582467195360786505e-01
4.103944373900809683e-01
3.999781816489887398e-01
4.079635732916624957e-01
3.991048928951848040e-01
4.561053961564519588e-01
4.120176429553774611e-01
4.458114140248731760e-01
4.792357643153750679e-01
4.049581640727140663e-01
4.326899931354582507e-01
4.937084955898875527e-01
4.251702833529560910e-01
4.410984346463838746e-01
4.353334546717325115e-01
4.354720274372002042e-01
4.416484965067493107e-01
4.221729179368485796e-01
4.609583489472146023e-01
4.613857385896080188e-01
4.383889400400844960e-01
4.583594818110211522e-01
4.604362990734171546e-01
4.867719164122957798e-01
4.152024972239537481e-01
4.273341638131891163e-01
4.080774024417503920e-01
4.865756477801467250e-01
4.428130447875525677e-01
4.379505522483351787e-01
4.516767401030695184e-01
4.435358195968355788e-01
4.689258757718894888e-01
4.431862266478013845e-01
4.692902230098804917e-01
4.444288050219031838e-01
4.749798529340312769e-01
4.167312738522324089e-01
4.144215778388758986e-01
4.718453646759914744e-01
4.500099845281356203e-01
4.736751165648375173e-01
4.558890806584747768e-01
4.525764482977918668e-01
4.476430710146371839e-01
4.601709172024057715e-01
4.161483342287614073e-01
4.241015230250239632e-01
4.576312279382355186e-01
3.970144540047551018e-01
4.227322278122900290e-01
4.057867573186629828e-01
4.362342572442824418e-01
4.114914920467002135e-01
3.463185243230935684e-01
3.903507175929671891e-01
4.262636761147137188e-01
4.478999159162091459e-01
4.349549297979343199e-01
4.051584950439726107e-01
5.030014909327908956e-01
4.059624854332741783e-01
4.028769195322966512e-01
3.999768006145958399e-01
4.092762817380227180e-01
4.121160370508620274e-01
4.621901631974914548e-01
4.625273030830490129e-01
4.426248993086430161e-01
4.669954736672408679e-01
4.489842487828172857e-01
4.454596323166567506e-01
4.941276844038676730e-01
4.997329751216620375e-01
4.895830922564293197e-01
4.889577439213281806e-01
4.679021986376556974e-01
4.485429521662551156e-01
4.377066122469964182e-01
3.791717832182094350e-01
4.850445322235955592e-01
4.734783722511931581e-01
4.846981462534205587e-01
4.017079594133912690e-01
4.634462127361682615e-01
4.170159070996273254e-01
4.684961472520968728e-01
4.146705382646510563e-01
4.536130527685175440e-01
4.071670546661315115e-01
4.316392057473641963e-01
4.163509764654414469e-01
3.695971949686613911e-01
4.573151961088318118e-01
4.343334212567359631e-01
4.791230113699912474e-01
4.559616231138309272e-01
4.739878293191396863e-01
4.639592929427940882e-01
4.218090034191912530e-01
4.342768431029738196e-01
4.729917413751277278e-01
4.495234285477617275e-01
4.731315999241017534e-01
4.212372709959656958e-01
4.496669959111890269e-01
4.803909481698004358e-01
4.504587424169529397e-01
4.643726929722006291e-01
3.819688621165828191e-01
4.666933269898121961e-01
3.985773001002399507e-01
4.010624097321739412e-01
4.449617712807912850e-01
4.399240009244572147e-01
4.496496588425860086e-01
4.724875747523035185e-01
4.264053368452770942e-01
4.212583181697160395e-01
4.392888875679678007e-01
4.195304966220862464e-01
4.416363833983774634e-01
4.409814797095448768e-01
4.374653037783054477e-01
4.434768193426217864e-01
4.379671166298365614e-01
4.771870932080628513e-01
5.081777053672319466e-01
5.004424902149219312e-01
4.644101890740537364e-01
4.355555918237309920e-01
4.422164563168861640e-01
4.757211987046685575e-01
4.645001437935484812e-01
5.017457103922761119e-01
4.639944051334701225e-01
4.659424413913960117e-01
4.403829505756067242e-01
4.625543853737096311e-01
4.843527314028109876e-01
4.821822442914168172e-01
4.928891365704382022e-01
4.399925941484158498e-01
4.499656245169029178e-01
4.888091829984543280e-01
4.957870279813583192e-01
4.788451283678268333e-01
4.854368586930597473e-01
4.447330712223035443e-01
4.665218979373332298e-01
4.603130114522006044e-01
4.788042380336103299e-01
4.368015882343412870e-01
4.215046951777591810e-01
4.535994341236179728e-01
4.266960321582029536e-01
4.194985600752619281e-01
4.540668693994966421e-01
4.413687039498161990e-01
4.776647693333339051e-01
4.533584616385418764e-01
4.696793385179152680e-01
4.089678743869957778e-01
4.513562578196059771e-01
4.772095664422387196e-01
4.355129974845264318e-01
4.111101282246778510e-01
4.562742114811994543e-01
4.254362625410831877e-01
4.640646554652536060e-01
5.141191163176117573e-01
4.466811523881573653e-01
4.453827754066586042e-01
4.738346417696667756e-01
4.376307715216695704e-01
4.863142686858815122e-01
4.410203974652383563e-01
4.771341204959631543e-01
4.334593821796094426e-01
4.394182690663800961e-01
3.913606167267114633e-01
4.236062571308277791e-01
4.628556542550132935e-01
4.585268268085750942e-01
4.794001887653375205e-01
4.416497614591539667e-01
4.399292444524543488e-01
4.737645861974109085e-01
4.573272649448330562e-01
4.772262229952162205e-01
4.635002690782366597e-01
4.451098506172955216e-01
4.813400702541331677e-01
4.500850422408139706e-01
4.836978824156542567e-01
4.454724378702166199e-01
4.419601035730545413e-01
4.482219556032343566e-01
4.380303078937126116e-01
4.165632770175420885e-01
4.664767315128240388e-01
4.928499995781639442e-01
4.698575873920980417e-01
4.510760823801490127e-01
4.618513194248463072e-01
4.278215047687194406e-01
4.588601260581186003e-01
4.766682720817924102e-01
4.487522056393342118e-01
4.419775079558561637e-01
4.190468144702708675e-01
4.077498224601614485e-01
4.427785899458691610e-01
4.447356293012836859e-01
3.836028972049535524e-01
4.222178567039350239e-01
4.333074515582183706e-01
4.208756694208752869e-01
4.595931225596603387e-01
4.411606294369428971e-01
4.800206267647339486e-01
4.828973007561533359e-01
5.059507624799309822e-01
4.490537948568908422e-01
4.206923437313806469e-01
4.698617292619119423e-01
4.160599004280381430e-01
4.684673453780456853e-01
4.648176548911001627e-01
5.205116166012835333e-01
5.020066411826381580e-01
4.658790899399525287e-01
4.892431187983311558e-01
4.122667400637761159e-01
5.025374575120263865e-01
4.515594487919122879e-01
4.901925211568352037e-01
4.875434342123670661e-01
4.853497102890459991e-01
4.574942086968425414e-01
4.746559125980821525e-01
4.261172922668878260e-01
4.768816399219441005e-01
5.514995235849585731e-01
4.265745454545658011e-01
4.429396386400334951e-01
4.351142292255107402e-01
4.439571193870475718e-01
4.056649082998996514e-01
4.059910051325251734e-01
4.338749334409360281e-01
4.327264067830460803e-01
5.105696742112988407e-01
4.377569606485999798e-01
4.404506919533600073e-01
4.733796936799051225e-01
4.787812801830050313e-01
4.815882433670549134e-01
4.761912559201523787e-01
4.446480280831419662e-01
4.593698371354790755e-01
4.549758979115969271e-01
4.721946459958498155e-01
4.850440011402968876e-01
4.792973790778535248e-01
3.979600807161658982e-01
4.601544552246802922e-01
4.439630805067005803e-01
4.486506917776134640e-01
4.838477425431028656e-01
4.716240547619025558e-01
4.669974340707579441e-01
4.601905164897976408e-01
4.299627812064830135e-01
4.188629817932494892e-01
4.470037121500179400e-01
4.785253097405814948e-01
4.587635237871992011e-01
4.647985521296294498e-01
4.458604250889119380e-01
4.558498834572023428e-01
4.477690407669370765e-01
4.269184572099365416e-01
4.606179435639614628e-01
4.751309690296913746e-01
4.460867255288709643e-01
4.487173626996008857e-01
4.179830418741556364e-01
4.057377123220189397e-01
4.710216347453288765e-01
4.398197147997386924e-01
4.547816151665594053e-01
4.320899994546679168e-01
4.521220839350385545e-01
4.250979853605622583e-01
4.634526610782127576e-01
4.858997314682500512e-01
4.367548148521457896e-01
4.444608720393847245e-01
4.709683253444941764e-01
4.453017144975630059e-01
4.941127740490129927e-01
4.956514297585127848e-01
4.640250377184164110e-01
4.780780987715463337e-01
4.621357620411168377e-01
4.440760460647114605e-01
4.577122674808228875e-01
4.484683041503927381e-01
4.248252743086459171e-01
4.259890786582178346e-01
4.907667428564301271e-01
4.730859682137327216e-01
4.980120972250719480e-01
4.777167582801272738e-01
5.066037049455559549e-01
4.774535736388586527e-01
5.043405314921098892e-01
4.963068049980111085e-01
4.883718106119779301e-01
4.441514971607505857e-01
4.142308113694392335e-01
4.668973577188150759e-01
4.996120668763047723e-01
4.537323936350819431e-01
4.494267558936223539e-01
4.677283131921870507e-01
5.018893122359326942e-01
4.788447537297579326e-01
4.347566454068296227e-01
4.806794295339223422e-01
4.190281689860753667e-01
4.749478327190458371e-01
4.227479360774006323e-01
4.393082604650915268e-01
5.295944009683102305e-01
4.692449338134516146e-01
4.618778248594188063e-01
4.622087810604310620e-01
4.645358984285797299e-01
4.911551515360600972e-01
4.772522933789961619e-01
4.378353326294273096e-01
4.540494607063041421e-01
4.597849478744945317e-01
4.492708367949340698e-01
4.610776412640914534e-01
4.254300124393685656e-01
5.060312594629430283e-01
4.997862082037534126e-01
4.419119022996088053e-01
4.309995330380494982e-01
4.433436317149855865e-01
4.532282323332612606e-01
4.847947438069463155e-01
4.667215348026301780e-01
4.791031745986136237e-01
3.892606001413986827e-01
4.297944585394125050e-01
4.611092706236276650e-01
4.276744076324286992e-01
4.098826865713203205e-01
4.647148447567375773e-01
4.389516338430132225e-01
4.517353529769968512e-01
4.728632198037114875e-01
4.455640471988709939e-01
4.595411960433281595e-01
4.476906682281991401e-01
4.902086668320987384e-01
4.870610756200642877e-01
4.771635798230088321e-01
4.817189564648564626e-01
4.581955196405016473e-01
4.742133818640633103e-01
4.363246236371184916e-01
4.812463753089307739e-01
4.951287094989547666e-01
5.234530559559616991e-01
5.244311914712753708e-01
4.947193796856365067e-01
4.762808909953731296e-01
4.946499172504395525e-01
4.533052018164165919e-01
5.006773441383800538e-01
4.756374367655500368e-01
4.544926887489016409e-01
4.292388614682418613e-01
5.088310908466754379e-01
4.391059213562583108e-01
4.540420565582561907e-01
4.910183859193266720e-01
4.574181925773184165e-01
4.401350264451878713e-01
4.339941068231459309e-01
4.644441602192063145e-01
4.678426044532595918e-01
4.315074284530632798e-01
4.653259182064544142e-01
4.528523220726972109e-01
4.764748399992324024e-01
4.857863644950872750e-01
4.445318950755332565e-01
4.050641395078593554e-01
4.423298332925635346e-01
4.290644744941347621e-01
4.227287683968354304e-01
4.317766341155356846e-01
4.490087923086110155e-01
4.333979960501627149e-01
4.410430933230627959e-01
4.790675561249550518e-01
4.928314428032011807e-01
4.551405883840136113e-01
4.240928900661689593e-01
4.703352337926600679e-01
3.864335146978590818e-01
4.487532630202383244e-01
4.307828925441712364e-01
4.565515291461081926e-01
4.857966812944899959e-01
4.600202560063785251e-01
4.269127057106986700e-01
4.555883665848390884e-01
4.231613219263449799e-01
4.413260232343155232e-01
4.097301850661990708e-01
4.113233986308698076e-01
4.467709539344982828e-01
4.351345394209912842e-01
4.500625994409399588e-01
4.300105946021070547e-01
4.979319374532718556e-01
4.427868525776885722e-01
4.117330525571868405e-01
4.185310951910516941e-01
4.872790190822504086e-01
4.114987814486560924e-01
4.215604888541620299e-01
4.092893088985671834e-01
4.591703817124805909e-01
4.458869046903028988e-01
3.843858190183142565e-01
4.470005276286062590e-01
4.795465138735215960e-01
4.587366138891422196e-01
4.565517849765644565e-01
4.587901680390374937e-01
4.193599592505826701e-01
4.485083257358790099e-01
3.974983495574792025e-01
4.322099511327431864e-01
4.361359251861933184e-01
4.376105680644173934e-01
4.144048413370376993e-01
4.682815987227382237e-01
4.471557731430372828e-01
4.655971967491172592e-01
4.885011729097998301e-01
4.688597934375123844e-01
4.720813793914412360e-01
4.524976044797776598e-01
4.272186967392651025e-01
4.678582323666710119e-01
4.785109020214631248e-01
4.667593696610973231e-01
4.601519227491468467e-01
4.359075850438463573e-01
4.845408426303087768e-01
4.625686717291301320e-01
4.958535911726952849e-01
4.999333706091539375e-01
4.483797321952316950e-01
5.161687079094845476e-01
4.886541496907538806e-01
4.765740984565552951e-01
4.865937940754762048e-01
4.483840670887783708e-01
4.672861646588379325e-01
4.474173738091151153e-01
4.605829681734109893e-01
4.538460875711332054e-01
4.780489751026571477e-01
4.043675072690016137e-01
4.450313560553145753e-01
4.783959896968084102e-01
4.195699023831666041e-01
4.618048346652339209e-01
4.449677858113046391e-01
4.458371635025559221e-01
4.560747256553288054e-01
3.968417178568460768e-01
4.569847345616236400e-01
4.301781885792904103e-01
4.429823225361187999e-01
4.365606414051170781e-01
4.166386688217729173e-01
4.711765255875255964e-01
4.735047574343724253e-01
5.018532862642367531e-01
4.914248838810554854e-01
4.924710764785154016e-01
4.517423960198013178e-01
4.468659888616663967e-01
4.369293554943172730e-01
4.355927256058030883e-01
4.454901600303912135e-01
4.950626986277121833e-01
4.456409683603481109e-01
5.102102073831081830e-01
4.298945770009749423e-01
4.894692480778960464e-01
4.491650873075146988e-01
4.606778215084874617e-01
4.189402849791113992e-01
4.709005867968262260e-01
4.679845272490059660e-01
5.118625843257655905e-01
4.511953837050153293e-01
4.647285512825900522e-01
4.307424312681150669e-01
4.300368232193657048e-01
4.199348829898811308e-01
4.732049199032857256e-01
4.581505804524041991e-01
4.941095915720049025e-01
4.527732831849551332e-01
4.337754534435223630e-01
4.916603773200485805e-01
5.144513930908790611e-01
4.414099560357540031e-01
4.511048909822037989e-01
4.651429663843036910e-01
4.977354586201619413e-01
4.613772010038629801e-01
4.322155376442204933e-01
4.285069120890521166e-01
4.732445412847527400e-01
5.153432171003780038e-01
4.650197991785245399e-01
4.086334922011362614e-01
4.703726996545107841e-01
4.484198771180555876e-01
4.843778354007842735e-01
4.822838645829893300e-01
4.927567501459883537e-01
4.752261875805850466e-01
4.470191937426128970e-01
4.341803034995368460e-01
4.626280650006364681e-01
5.085255416148219965e-01
4.640881267204291505e-01
4.563888633804790707e-01
4.771294237240900626e-01
4.537342708546877046e-01
5.233798047305961987e-01
4.414671264476561774e-01
4.614822872125373121e-01
4.682727618990655816e-01
4.276568421076528681e-01
4.518779728845057075e-01
3.630753231366883327e-01
4.269111307218269036e-01
4.858317433299457200e-01
4.398580271619539350e-01
4.016114937926370532e-01
4.140631170129740468e-01
4.360625126808062024e-01
4.237097747143616644e-01
4.488302023221296122e-01
4.553921216357421642e-01
4.644204655876447152e-01
4.905179821481504554e-01
4.407437673089126817e-01
4.347421895542843417e-01
4.621021160100979297e-01
4.322506760256910607e-01
4.963455222337952444e-01
4.488860467656287101e-01
4.595791423276053833e-01
4.966336018047313172e-01
4.900620927415417216e-01
4.963093912290948428e-01
4.570615101540604908e-01
4.796830204881797899e-01
4.761774698900044789e-01
4.702351425397848783e-01
4.682583621079780545e-01
4.402537980913667770e-01
4.521950515802717341e-01
3.887532810846974218e-01
4.553085396882244895e-01
4.366577713198743216e-01
4.665094684246721135e-01
4.280947804481952668e-01
4.642999274190782732e-01
4.006720013288347926e-01
4.409891649830448568e-01
3.932099379993297950e-01
3.871163570453000635e-01
4.295811730464869638e-01
4.525467032324221872e-01
4.266571372880986202e-01
4.045760361618159218e-01
4.018264948990014074e-01
4.357601071145296157e-01
3.938768952345103602e-01
4.675105760375694586e-01
4.487569149394795009e-01
4.743231272607585924e-01
4.533145330137934303e-01
4.175858837058673556e-01
4.313570733059781670e-01
4.130607775218362865e-01
4.494359074497573103e-01
4.666716362387871020e-01
4.182342007761392644e-01
3.900315765631784948e-01
4.535257398364094805e-01
4.664418180173978690e-01
4.326103680698433207e-01
4.463915307882885819e-01
4.859996321429901900e-01
3.942568063402289158e-01
4.595820318197091359e-01
4.527954280955834854e-01
4.217413551315929432e-01
4.598081282699926220e-01
4.832917434465180406e-01
3.827152736543883438e-01
4.149247970867133706e-01
4.154095940148207489e-01
4.115971787696297013e-01
4.212391092849880891e-01
4.492895311242066092e-01
4.953451263358834566e-01
4.750895638041986446e-01
4.771280065305505413e-01
4.476441560739971570e-01
4.519080795328285771e-01
4.102964060529867840e-01
4.310781160755487451e-01
4.229217477444724982e-01
4.383901837483791808e-01
4.480539589356875019e-01
4.904326236349896284e-01
4.341757736409279644e-01
4.622614772140398731e-01
5.064759142280554904e-01
4.718802298552115526e-01
4.863172392389198961e-01
4.660565524770601820e-01
4.475679142278607969e-01
4.397498067131996868e-01
4.432587401978187458e-01
4.213748885005872413e-01
4.394764054703100831e-01
4.990820922238409230e-01
4.010938577846706599e-01
4.212343898462693192e-01
4.407785962054924789e-01
4.474394757318372884e-01
4.201367118515946242e-01
4.063907512265967359e-01
4.461574450252749902e-01
4.397185521866569524e-01
4.610899987130064881e-01
4.167362568871348927e-01
5.028126634908403059e-01
4.385528827226788384e-01
4.594964816054161183e-01
4.345822938634232302e-01
4.062031604653345007e-01
3.659990674489953522e-01
4.069171867074858340e-01
4.423640344535600399e-01
3.962377152502420952e-01
4.907400434229228225e-01
4.153318150631520322e-01
4.014206571571589111e-01
4.364332042463109906e-01
4.358281927290090230e-01
4.337506340438520569e-01
3.965322344123526355e-01
3.992867883532997264e-01
3.886453248612201650e-01
4.493041574591598586e-01
4.803491353996415802e-01
3.961739581155093171e-01
4.095368652455605440e-01
4.721645297001361152e-01
4.534566660363835711e-01
4.589118199999763781e-01
4.363490049861555864e-01
4.311335440707210198e-01
4.463573649240610286e-01
4.524545888336323207e-01
4.465412916200044990e-01
4.617837742288333769e-01
4.124768639077421306e-01
4.579272546033243962e-01
4.509134678000529806e-01
4.404016808457494880e-01
4.104097033587434940e-01
4.785770674510941847e-01
4.454020450973651402e-01
4.553347745671060820e-01
4.753064045101794144e-01
3.764964376132581281e-01
4.626238552786525182e-01
4.517993049025289531e-01
4.483269028442051218e-01
4.544553813107388707e-01
4.485855656424325155e-01
4.400479465710011584e-01
4.517943030430517926e-01
4.913087632840179020e-01
4.573720910040867116e-01
4.197475350536199468e-01
4.218020187949574340e-01
4.520408374782944327e-01
4.877612680259570954e-01
4.494133465068015920e-01
4.372853972823947388e-01
4.603412814522730434e-01
4.566880341359675355e-01
4.461214096193334422e-01
4.649217422338896011e-01
4.731762346378521333e-01
4.644456709499588665e-01
4.534577733206545114e-01
4.351210746453854084e-01
4.849923815381126380e-01
4.623004756421916217e-01
4.370723394989732835e-01
4.839628323225795281e-01
4.393261280031449112e-01
4.559694123191385118e-01
4.510698582234814458e-01
4.907391386157195501e-01
4.249424702239007479e-01
4.513348356436270303e-01
4.756056915767279403e-01
4.838703422085442463e-01
4.457396441535716458e-01
4.823584215406065967e-01
4.508084288241060444e-01
5.041416358706927170e-01
4.838850566446271650e-01
4.582994983576658687e-01
4.526126900635448758e-01
4.614543916207952123e-01
4.628491565423466514e-01
4.361727419292357744e-01
4.739315939918748444e-01
4.652659628389019808e-01
5.088158266041179489e-01
4.834959040859382329e-01
4.737433132750250020e-01
4.636149084721731817e-01
4.681595809039302281e-01
4.851887618930321167e-01
4.725575823056151203e-01
4.706094041915797055e-01
4.223836561581375548e-01
4.621750616567232295e-01
4.185234352780773937e-01
4.297664777783833379e-01
4.200395176451228729e-01
4.169295834291940062e-01
4.134699740713916327e-01
4.321208238553483350e-01
4.975874975911569464e-01
4.544692168006722599e-01
4.556534179165265264e-01
4.479077155467809379e-01
4.907444649425009020e-01
4.541786696365914255e-01
3.929123397085521052e-01
4.532190607534255511e-01
4.336628413307270780e-01
4.508629586455558669e-01
4.484247399067282647e-01
4.540981943421207312e-01
4.250294333745300301e-01
5.021611287878778862e-01
4.179367621294983182e-01
4.413523456318826921e-01
4.568474393132061495e-01
4.720389531197326516e-01
4.920643413256378662e-01
4.810728837628925336e-01
4.720145829545302485e-01
5.013483812733752210e-01
4.733831115505660048e-01
5.221805390694552740e-01
4.634038548009760117e-01
4.359810967033581619e-01
4.508310243005628770e-01
4.129770852970899297e-01
4.075213917709435418e-01
4.619029106087423897e-01
4.269906747451264195e-01
4.451709388384511024e-01
4.472684915110647363e-01
4.699563439943175713e-01
4.447171310169794611e-01
4.738236663852177233e-01
4.596761620165454310e-01
4.546864412348597395e-01
4.254608241389190582e-01
4.342946175175162460e-01
4.768653091750376660e-01
4.745280339572660044e-01
4.567551631462365980e-01
4.780731265576459998e-01
4.481469860214167822e-01
4.399505744557200559e-01
4.332776916140117507e-01
4.847268898361420386e-01
4.708831026469831316e-01
5.001557987715670173e-01
4.202830622017006412e-01
4.828306500406671087e-01
4.546720621875757207e-01
4.531259151775960947e-01
4.688542819047201160e-01
4.658991298898171318e-01
4.424550200431537350e-01
4.608220015020454974e-01
5.094322871050503965e-01
4.409988645681205410e-01
4.718596767028388483e-01
4.658933858894692692e-01
4.355242282327432268e-01
3.922192353934466080e-01
4.049997738247930190e-01
4.377234098685263142e-01
3.895143913870891539e-01
4.437731800364901336e-01
4.214469682943391415e-01
4.564120534450559763e-01
4.642211730647697321e-01
4.476132336114806987e-01
4.735070615053929011e-01
4.576837841701956178e-01
4.350667208962011312e-01
4.055800356790991157e-01
4.794832571487877004e-01
4.821386448853707263e-01
4.643092984106694243e-01
4.282903313709723880e-01
4.575941049346467504e-01
4.540082458402383003e-01
4.812401018863171620e-01
4.618774994062634365e-01
4.566473742047276185e-01
4.353695114252160714e-01
4.340778468697378822e-01
5.002246544173436504e-01
4.349907595851025266e-01
4.469032507798811893e-01
4.407508118378150042e-01
4.749053452951945697e-01
4.211113375928082769e-01
4.718999239978182159e-01
4.750580461513690400e-01
4.679207838369221495e-01
4.828252319005826854e-01
4.848450425102568406e-01
4.716871780825339089e-01
4.326794246572156499e-01
4.413005163755134852e-01
4.661225211354955156e-01
4.729681731810920220e-01
5.175151937304074412e-01
5.078421291864537723e-01
4.828618235717874740e-01
4.739352686211227295e-01
4.987421681979814503e-01
4.601316530114554770e-01
4.755054169734060920e-01
4.595986516106412845e-01
4.536275182150019125e-01
4.507858570323365899e-01
4.619044014164114809e-01
4.865116719538589707e-01
4.548218821087458008e-01
4.760884679082809101e-01
5.031353563578031540e-01
4.746482540881033496e-01
4.601509595605353664e-01
4.094360495628704966e-01
4.380621106785740348e-01
5.174948664134708665e-01
4.736416558344063721e-01
4.764460837924061054e-01
4.669151047697547297e-01
4.506283357182434002e-01
4.648848366820207967e-01
4.269915641532341932e-01
4.511980532692487778e-01
4.447278985319488842e-01
4.263885563680009372e-01
4.596574105644163910e-01
3.959001301315070998e-01
4.118882699327636177e-01
3.778990095664297444e-01
4.285803627198613852e-01
4.550046676711374527e-01
4.306723192568086556e-01
3.903604055064378020e-01
4.181376115984021258e-01
3.914349474825216113e-01
4.177381596003676978e-01
4.426722063395023832e-01
4.284448203992654580e-01
4.824607898671885442e-01
4.633526445337164956e-01
4.343754148146887761e-01
4.667785133574633427e-01
4.846184836701892262e-01
4.401167553268219845e-01
4.743889466247783737e-01
4.117604559885580939e-01
4.240875809984569478e-01
4.742830345813733306e-01
4.189032459014683796e-01
4.725111195621570781e-01
4.357978233176076910e-01
4.265471324480221704e-01
5.012160202276875198e-01
4.505922308078880167e-01
4.378188085342625824e-01
4.267652147768496995e-01
4.466935885678866569e-01
4.349373815826108602e-01
4.424638130644008571e-01
4.862609324262518462e-01
4.706945412522404171e-01
4.620561752295710423e-01
4.636759188024083822e-01
4.679219277985589009e-01
4.618184082823448278e-01
4.113087018365110259e-01
4.908236824864088965e-01
4.700023419556400017e-01
4.470813208572874120e-01
4.937982209891633167e-01
4.727065388130394785e-01
4.847379415961221016e-01
4.425041565724150971e-01
4.571304706776691540e-01
4.665366329486249075e-01
4.227258756182000754e-01
4.189483437009982048e-01
4.765762567920914794e-01
4.373970347151073801e-01
4.559066859320759502e-01
4.674354675766576594e-01
4.492114244087743180e-01
4.545822954508269564e-01
4.455422044721751851e-01
3.899673805863586029e-01
4.570089271341930548e-01
4.508860660334517712e-01
4.524757505032055427e-01
4.279835011032778191e-01
4.756660625067602455e-01
4.926036653799966691e-01
4.827194474436106719e-01
4.717518175399421643e-01
5.104964864510683764e-01
4.392912248267909492e-01
4.251613798758639429e-01
4.425071786500998083e-01
4.612854442951297429e-01
4.854302105859166772e-01
4.602198174223590676e-01
4.017402121755465072e-01
4.575679733471460509e-01
4.539246401503294059e-01
4.328660548264579022e-01
4.450614496029370870e-01
4.697781796462285886e-01
4.431519210937738262e-01
4.970370169479120803e-01
4.526098354140936086e-01
4.742426354474679195e-01
4.904423525901914771e-01
4.556966696742381639e-01
4.535567713761171627e-01
4.428803379360679027e-01
4.572120936587137363e-01
4.546023905774171925e-01
4.781624765480847472e-01
4.549180747186373219e-01
5.320310388160900406e-01
4.704432482098744317e-01
4.473531613491398828e-01
4.188774231816002613e-01
4.369992519685100274e-01
4.871893265837875520e-01
4.760608975835433077e-01
4.549103306612631292e-01
4.239980330230280758e-01
4.892810605478316588e-01
4.671498836491867479e-01
4.555609357824348393e-01
5.028015682216628868e-01
4.790006529444779670e-01
4.183942949687449175e-01
4.408158507502139001e-01
5.031436099552395458e-01
4.846276848914428115e-01
4.412532377051508470e-01
4.499590996508815999e-01
4.355508651687069466e-01
4.139110020324745509e-01
4.472216557670293247e-01
4.757315429461992373e-01
4.058156455957759312e-01
4.087389054770498298e-01
4.203027827701819596e-01
4.185417215403339219e-01
4.347652514989188699e-01
4.605997137976543532e-01
4.629047324933869834e-01
4.779736342428467788e-01
4.803704320738986233e-01
4.585994731852516271e-01
4.794325850405826706e-01
4.424580319597475886e-01
4.566876304082000404e-01
4.203431118356693585e-01
4.254581194298059921e-01
4.801634951793911643e-01
4.455959684091619355e-01
5.315478617742298573e-01
4.482824062539631504e-01
4.754197169611906193e-01
4.625442683155951973e-01
4.582825263277592875e-01
4.445123461637099926e-01
4.328696739099888169e-01
4.360939126319804959e-01
4.597876517673067376e-01
4.628880315493746345e-01
4.203089193159935122e-01
4.710859567987044083e-01
4.743914524866992832e-01
4.724602292973476558e-01
4.647060582813469232e-01
4.604769662841554645e-01
4.442148958229722444e-01
4.680522227149493952e-01
4.338719909298149324e-01
4.449973362568112600e-01
4.841643094169751915e-01
4.600058069873697031e-01
4.368995534313324658e-01
4.738507758069446796e-01
4.463251289504074348e-01
4.413343537380128856e-01
4.265957760680404998e-01
4.253928201641333229e-01
4.775177865814513312e-01
4.600256659170490203e-01
4.250097054977797773e-01
4.843595154433268379e-01
4.480993183149199477e-01
4.810195597357079800e-01
4.353137049795437474e-01
4.494286597552156759e-01
4.844021179141584921e-01
4.542590517146052331e-01
4.659741396243584632e-01
4.418917675290111036e-01
4.406323466339436834e-01
4.197590058531318613e-01
4.457414514287554863e-01
4.899966542490442611e-01
4.863128943038954044e-01
4.719873919579091748e-01
4.641071090740387928e-01
4.828593377119142493e-01
4.645529652097554196e-01
4.387290464416074287e-01
4.439572684870065622e-01
4.586954341873862306e-01
4.700953265506905288e-01
4.741116810207827159e-01
4.640347144995690121e-01
4.088441269340651330e-01
4.293216135979502912e-01
3.950364805644535626e-01
3.944743198848395527e-01
4.168985709789256866e-01
4.647167426654128519e-01
4.182942765736951118e-01
5.347040501565448745e-01
4.330502638782874336e-01
4.296031331374423057e-01
4.587792337905937656e-01
4.127811841042147156e-01
4.151875153128644080e-01
4.588665998947641378e-01
4.657310513614190128e-01
5.222840818102785221e-01
4.615093191178300525e-01
4.278661308288771448e-01
4.266414411473548607e-01
4.465118077962538234e-01
4.558487459374319095e-01
4.628507486414895622e-01
4.851189144330992908e-01
4.541860797807301120e-01
4.959256834540978209e-01
4.589168989909267471e-01
4.530277232168350432e-01
4.051337510895815508e-01
4.824182126245474267e-01
4.222550979459333553e-01
4.386895548695733393e-01
4.452959124362582677e-01
4.079174542359296218e-01
4.021366957926379437e-01
4.035996900827194533e-01
3.844701603836779835e-01
4.008007343796513022e-01
4.416446535712492683e-01
3.810769729728585298e-01
4.599924339829503661e-01
4.357504799067143386e-01
3.688506397565634032e-01
4.143930986001660433e-01
4.724677039002451173e-01
4.642865777219784551e-01
4.312096961939643758e-01
4.438792340613711418e-01
4.909684094371327689e-01
4.217745647107845608e-01
4.243964822541226312e-01
4.281490681768800877e-01
4.643868522752653272e-01
4.327367756195891202e-01
4.432912194663836125e-01
4.874776351596646351e-01
4.735103708245969600e-01
4.732529433823083331e-01
4.641090754831587728e-01
4.395156906980822731e-01
4.322136125058628209e-01
4.276259422381179509e-01
4.493611156502407833e-01
4.374596769644721883e-01
3.654810276544990799e-01
4.259367748688547284e-01
4.128142573144260585e-01
4.408689220777993745e-01
4.665923621287139111e-01
4.599478574871095349e-01
4.414336707216444111e-01
4.394070269454155020e-01
4.298077642270523024e-01
4.295729974196756396e-01
4.510914955104334823e-01
5.121699652141862291e-01
4.883418686958438948e-01
4.921841774490719468e-01
4.875871414821346117e-01
4.942025502417187188e-01
4.777457901518689098e-01
4.794103796998441247e-01
4.503819809177491695e-01
4.487783778731300188e-01
5.129317994347257770e-01
4.880560896706470642e-01
4.691800843287064482e-01
3.916479470106740690e-01
4.528034837259090617e-01
3.957417836090250662e-01
4.173509655981865185e-01
4.701826908475061906e-01
3.744139921896978418e-01
4.455882109481494324e-01
4.142125326730517476e-01
4.418070764200743294e-01
4.590987535600317138e-01
4.541117787962191676e-01
4.724709588536923355e-01
4.421792243425751723e-01
4.296055510810397604e-01
4.081741787725850501e-01
4.728504504733524461e-01
4.299923163897980682e-01
4.555404121467028222e-01
4.255892599949078203e-01
4.627821958051395734e-01
4.552155981401008189e-01
4.431523085402154227e-01
4.943594037487727411e-01
5.142264037198981397e-01
4.799039440184135197e-01
4.205223536831995124e-01
4.115973912704939397e-01
4.566849231981737200e-01
4.438311375388909186e-01
4.186524679559811002e-01
4.293741572579488075e-01
4.400526608154992636e-01
4.224044519286206389e-01
4.105548311689508068e-01
4.620726361059415144e-01
5.011564522223950213e-01
4.542885009337686575e-01
4.114114425282439091e-01
4.512353089579095866e-01
4.467604157824188738e-01
4.836588717706437612e-01
4.388072428132935299e-01
3.662744982886341205e-01
3.802978858986723054e-01
4.048528111289219633e-01
4.853681852973715793e-01
4.648430203215061507e-01
4.498550940351387917e-01
4.745539985683745465e-01
4.911098538613422049e-01
4.435478968616510809e-01
4.597020853058959577e-01
4.298059801382549394e-01
4.399839375887276693e-01
4.362912903237280982e-01
4.583036353659585282e-01
4.273632624974232908e-01
4.707373905870595454e-01
4.289886493533944245e-01
4.639305592886094898e-01
5.172538937072793663e-01
4.546606931998345980e-01
4.268200327354431667e-01
4.213278116573894727e-01
4.750092270549151618e-01
4.800487429704770603e-01
4.636705610470611694e-01
4.752794162780157872e-01
4.414969790261319971e-01
4.529794745104497311e-01
4.240079742726238221e-01
4.466274408287737585e-01
4.166365462767175343e-01
4.584524881597996648e-01
4.617989204644455392e-01
4.962503488290112008e-01
4.691262380432121848e-01
4.417098070531518261e-01
4.830015597623362744e-01
4.659830114848252935e-01
4.709809460150089500e-01
4.544710189079874674e-01
4.881882949898755375e-01
4.787737069991747640e-01
4.595190046868416478e-01
4.277214731933828840e-01
4.757219184847277793e-01
4.738185408417343591e-01
4.637920535950682543e-01
4.496503446865660614e-01
4.582483448241124746e-01
4.342092838173599034e-01
4.384184228561686103e-01
3.609024622558211215e-01
4.193255505851585241e-01
3.645073349074441360e-01
4.296216994275211531e-01
4.266577516019975924e-01
4.590800334903837321e-01
4.695076214289616301e-01
4.370327188759838277e-01
4.497802001644468084e-01
4.314367969211133080e-01
4.219975780530070275e-01
4.388582787238755611e-01
4.012361075691696088e-01
4.236202941108732078e-01
4.205424730029031499e-01
4.425841863883380745e-01
4.403180149051511005e-01
4.613316868756867639e-01
4.189749120592422549e-01
4.297301653335495741e-01
4.367657141345762106e-01
4.058263659381547983e-01
4.606560143651224903e-01
4.336862180345294471e-01
4.724334223918356113e-01
4.451574064020905608e-01
4.541238072179171192e-01
4.438159704453597532e-01
4.427987223823213747e-01
4.302199563453297237e-01
4.691756452091607743e-01
4.536190681503126099e-01
5.030800569322602112e-01
5.031176054733381697e-01
4.704469465269417450e-01
4.424168932218108807e-01
4.642774809198144670e-01
5.359980118421755479e-01
3.992631995678388446e-01
4.396564263677845696e-01
4.592536850469807752e-01
4.466475232306024168e-01
4.737512361057337196e-01
4.995764460631174075e-01
4.907439176217485710e-01
4.413776477073421134e-01
4.361635694584748979e-01
4.772518704337393447e-01
4.605496701747820998e-01
4.564544684316977907e-01
4.455968632645625482e-01
4.417370409017981614e-01
4.942782418151145940e-01
4.506987355109961513e-01
4.306508219247137115e-01
4.465279593678469494e-01
4.828146139438825868e-01
4.686337106690096621e-01
4.668963098909709730e-01
4.455747160448313426e-01
5.124521507303925194e-01
4.528725099372543639e-01
4.636047904707659706e-01
4.457606892540654786e-01
4.086061396526828871e-01
4.454518640221905579e-01
4.347220738240891169e-01
4.233951038016192658e-01
3.966328833213927929e-01
4.095554973206717575e-01
4.288263799899735274e-01
4.090899879306096887e-01
4.709346238664666173e-01
4.500369373126681949e-01
4.441133979156960954e-01
4.257697870126370132e-01
3.913098095537089760e-01
3.794633593427900742e-01
3.910786434310092319e-01
4.087165296626004141e-01
4.061282258168311676e-01
3.532072319850335651e-01
4.235422094266365067e-01
4.123392362733730443e-01
4.579424731505745694e-01
4.209366123531050330e-01
4.263814763824970711e-01
4.651776390380136794e-01
4.541254398827945793e-01
4.614747302358456205e-01
4.632135885080911342e-01
4.285755682731093863e-01
4.454554193892947267e-01
4.596234170636137040e-01
4.662692426140788160e-01
4.871241136221493018e-01
5.202805603276007274e-01
4.543239728613761019e-01
4.768573655172021475e-01
4.830701810841712129e-01
4.916606758344146955e-01
4.339128574730745092e-01
4.767198757357837824e-01
4.894520351407021796e-01
4.622626299802978234e-01
4.694966663815556274e-01
4.431230855813244052e-01
4.381060767925545885e-01
4.993436019879951560e-01
4.596870486012215595e-01
5.178675205292690986e-01
4.619631705776094388e-01
4.685580178800984319e-01
4.207040385939171401e-01
4.757623310646889592e-01
4.748881461444716123e-01
4.145435470805477474e-01
4.914889892340469912e-01
4.581942899010085224e-01
4.506727278314444640e-01
4.669422486857250920e-01
4.630403638886668172e-01
4.906429970401627871e-01
4.786113340724025833e-01
4.452618660763973391e-01
4.264453283966008756e-01
4.922166047622819618e-01
4.714316953132467458e-01
4.566653494281961989e-01
4.965314496263921740e-01
4.848976660640709757e-01
4.719791740690699178e-01
4.702700669824919077e-01
4.600071163786358941e-01
4.418836650995825455e-01
4.450090018282220061e-01
4.452535465584113727e-01
4.221128362088907293e-01
4.943514453631355221e-01
4.227592107359322005e-01
4.475379014707824843e-01
4.751078281474343523e-01
4.519832239351979641e-01
4.728292185731715058e-01
4.401653618978885740e-01
4.235730124180466238e-01
4.092721439706615838e-01
4.654812085304853020e-01
4.845912463399425496e-01
4.170317033376240712e-01
4.442743633549818827e-01
4.660675274593505946e-01
4.656900319707777958e-01
4.862940200164928561e-01
4.575250210212579161e-01
4.483633468041672843e-01
4.442447377295721811e-01
4.834181278699751783e-01
4.737936871813187567e-01
4.843470409353415329e-01
4.445587142211067655e-01
4.272298595715431913e-01
4.420294030281450848e-01
4.700266519735217807e-01
4.727231569923990850e-01
4.157192499820593912e-01
4.350584719389911093e-01
4.345652158711479363e-01
4.111718691514377189e-01
4.470566812971178972e-01
4.358485929131359349e-01
4.534533313495445750e-01
4.686211933690839215e-01
4.465450124318435798e-01
4.791816054480874665e-01
4.930449421303240154e-01
4.297599156302417955e-01
4.787346193832080488e-01
4.553017621632247103e-01
4.808103416260643415e-01
4.444461956246490986e-01
4.607991401812728816e-01
4.109141089682525894e-01
4.695040228629316359e-01
4.241159816430077334e-01
4.492009403516639687e-01
4.402206889812688151e-01
4.898662253624735952e-01
4.258848508772040686e-01
4.116032137769525812e-01
4.075503267354492754e-01
4.543999045427206673e-01
4.570921585161658585e-01
4.350109094192917136e-01
4.773373138375511249e-01
4.971573840290411384e-01
4.599313555444753399e-01
4.600718681968856139e-01
4.831201333550272370e-01
4.921502788081005275e-01
4.956313101479711269e-01
4.915365678595676191e-01
4.589851148710555329e-01
4.727659021553734520e-01
5.014055936459518303e-01
4.550522410706774878e-01
4.545755961621786301e-01
5.034807413128220555e-01
4.377889071214447481e-01
4.305617405365363415e-01
4.452867482776772246e-01
4.798423783380010854e-01
4.083920361260138243e-01
4.292563703204665404e-01
4.386353864838802852e-01
4.431950591858634381e-01
4.483724817117239470e-01
4.400575014469195190e-01
4.836557889692676970e-01
4.427883927523625363e-01
4.730686902930816840e-01
3.957174567451334779e-01
4.603729443877353500e-01
4.560062762963207894e-01
4.521257675917639829e-01
4.810081520464816740e-01
4.908681375068132957e-01
4.538225586396622546e-01
4.718314377280089511e-01
4.446628029325757070e-01
4.631933836181309494e-01
4.477329294729932019e-01
4.619236038746086792e-01
4.494701202949316077e-01
4.615430898114334934e-01
4.683735412985589597e-01
4.496034524736424176e-01
4.740094500507574526e-01
5.107448144587122263e-01
4.863440716150987941e-01
4.773374629342682085e-01
4.383283046126918991e-01
4.702970528043330933e-01
4.648994232828225770e-01
4.438704998482637665e-01
4.535914586570052309e-01
4.605459698578872052e-01
4.870324874014985150e-01
4.230783481474822416e-01
4.869829500107727971e-01
4.465425045233779588e-01
4.581821489697859295e-01
4.251194261773516558e-01
4.846501789652365444e-01
5.137197823619396031e-01
4.785100146236715979e-01
4.353404832915934719e-01
4.494521020017809843e-01
4.461634502627532251e-01
4.716995201555260753e-01
4.727347665063511006e-01
4.013902564398348360e-01
4.329942391093212217e-01
4.644219503470821131e-01
3.904586495135082824e-01
3.853597951839818903e-01
4.041834680677825475e-01
4.600343338951076166e-01
4.929645063036101060e-01
4.672950095590510111e-01
4.322654448633730384e-01
4.185232761733893025e-01
4.538373389795525292e-01
4.665223716450215830e-01
4.356087193849081385e-01
4.352327465394779660e-01
4.552190143695768465e-01
4.322832365117629250e-01
4.672115591956339520e-01
4.064824882339955758e-01
4.642328382185282321e-01
4.531431937582406366e-01
4.633411265607919605e-01
4.693646627883243383e-01
4.381348431076526606e-01
4.455450844233397323e-01
4.358179633581360513e-01
4.281528408504312599e-01
4.483653435339189919e-01
4.262979124322612834e-01
4.141293844702075289e-01
4.937906124362485549e-01
4.538607313477011074e-01
4.748952983889535018e-01
4.176379761304947480e-01
4.741795528847581598e-01
4.745736339561893447e-01
4.862794937787746075e-01
4.730838623450705493e-01
4.543649426592247798e-01
4.829862082431399806e-01
4.769638251232389270e-01
4.682868550917351214e-01
4.483965547206761326e-01
4.708705028167886608e-01
5.057849348697136538e-01
4.793307634833014474e-01
5.227128665641603833e-01
4.798743789650465330e-01
5.025370065622111193e-01
5.001067284638178734e-01
4.711568363006817806e-01
4.712974891096848307e-01
4.792749140564407373e-01
4.680661509040333623e-01
4.440565559034352905e-01
4.560069645280858674e-01
4.549565224163302224e-01
4.810608148782361537e-01
4.570905369092528314e-01
4.290928611118385305e-01
4.530944840257192796e-01
4.624264808254493486e-01
4.803950274524738107e-01
4.457844864222563208e-01
4.388174501288505946e-01
4.590776759509677118e-01
4.266022405139278662e-01
4.651503198509948644e-01
4.487361872837649646e-01
4.413117217784504609e-01
4.593108942142630768e-01
4.000302763109708226e-01
4.274416360162458517e-01
4.401858302223458641e-01
4.699229002884198758e-01
4.215911626986925675e-01
4.301712163527685595e-01
4.546202841703040343e-01
4.611508953398976707e-01
4.305011157980124792e-01
4.736524000586797012e-01
4.531546517874205371e-01
5.001360351373520530e-01
4.401285193921302685e-01
4.829987396127107258e-01
4.561130756631026628e-01
4.674414624862193723e-01
4.783687518585557075e-01
4.444189472152879627e-01
4.354191455701954538e-01
4.442063190923541960e-01
4.582965122623133269e-01
4.539313784109818006e-01
4.602624690723765011e-01
4.749028539385135583e-01
3.871222537855615320e-01
3.837623878588807824e-01
4.720750664704400634e-01
4.488441839473092942e-01
4.479907888094876167e-01
4.698692247309740888e-01
4.505502860733163195e-01
4.594669234105336342e-01
4.008662727893947952e-01
5.059521388794760988e-01
4.713295135062843255e-01
4.378773401607066740e-01
4.351710634707384728e-01
4.208272234965640402e-01
4.678392998851776396e-01
4.317515813861794727e-01
4.434177493746386811e-01
4.239966647635714514e-01
3.792545028651456707e-01
4.638482872509524513e-01
3.875567382987716858e-01
4.072795520503482147e-01
4.050735413640943472e-01
4.381286844804738179e-01
4.479123292584374916e-01
4.567709513934374854e-01
4.076610714656028756e-01
4.588322417421264454e-01
4.602509000859412724e-01
4.783691159512351021e-01
4.474490193812977190e-01
4.719857652898987177e-01
4.047574923789853951e-01
4.222381372923993403e-01
4.974204235978512134e-01
4.922039857538806351e-01
4.816790298757798738e-01
4.339828957952824307e-01
5.177971949234263516e-01
4.645756273814171666e-01
4.112186565796588367e-01
4.309718695858677506e-01
4.295461199713440092e-01
4.561736186788765135e-01
4.187907956933867859e-01
4.908431043735181354e-01
4.310081066663148386e-01
4.965113050230072766e-01
4.567880545335896159e-01
4.830880353535355054e-01
4.441418310487181831e-01
4.160540691752093179e-01
5.117661847747768666e-01
4.112760026828221060e-01
4.587719874128383668e-01
4.472719993737253041e-01
4.593268226935044440e-01
4.804758869103614716e-01
4.849633489277435094e-01
4.916412618601497808e-01
4.389927751016293178e-01
4.918837070722766325e-01
4.841405374375141180e-01
4.071424267161440347e-01
4.675217101648181939e-01
4.333582021214490432e-01
4.284521199767740152e-01
4.848622635330722130e-01
4.355007589071003271e-01
4.436412933547084769e-01
4.524444813717801717e-01
3.931098699169410793e-01
4.037697264278973797e-01
3.789358303391937577e-01
3.758308879825241755e-01
3.737539606843590656e-01
3.689500745443263230e-01
4.137217940729554511e-01
3.858124067882204300e-01
4.465260144500171613e-01
4.621590888979523748e-01
4.650001433004428697e-01
4.428309583095046409e-01
4.365301785650750888e-01
4.501384625151723107e-01
4.015467443182899054e-01
3.922953822499242182e-01
4.440311326876427711e-01
4.751151772197958478e-01
4.343325999187628295e-01
4.251074836143658442e-01
4.685959237036538272e-01
4.031810808514364464e-01
4.164733391256727479e-01
4.739955981699929821e-01
4.067343031039593049e-01
4.018698076816096809e-01
3.802531254650531878e-01
4.233420206149062781e-01
4.288189004425720929e-01
4.442227798234320568e-01
4.803857080570107518e-01
4.727178050597948267e-01
4.261946104839856586e-01
4.531595144660670038e-01
4.642896987579197554e-01
4.104218094188367139e-01
4.040156723214696766e-01
4.380955693770489101e-01
4.507387888414758348e-01
4.840814714831850329e-01
4.471277057956794532e-01
4.530702395903988267e-01
4.474429720233372154e-01
4.285993739951498016e-01
4.710128536993434256e-01
4.821354139228319902e-01
4.707218166406600957e-01
4.571527370670747659e-01
4.928492433627557623e-01
4.767852144571205764e-01
4.486996435195688138e-01
4.766174654970229962e-01
4.711506651251913258e-01
4.186752493019569865e-01
4.633161993877402129e-01
4.245655400395252355e-01
4.501985831698896989e-01
4.828236050798965229e-01
4.748779043940432598e-01
4.352138134519067947e-01
4.355174055691520829e-01
4.877753365200545588e-01
4.364211182205763317e-01
4.685735129385649733e-01
4.978531374509053142e-01
4.785404083693950428e-01
3.993542143135753175e-01
4.552231250843770116e-01
4.617577340583358669e-01
4.393273286348748918e-01
4.954974246589817222e-01
4.872090966692134151e-01
4.524472691367992239e-01
4.368172084168765457e-01
4.392203934115966324e-01
4.783990931439366934e-01
4.842014467909869779e-01
4.564839978898408979e-01
4.160663594915050556e-01
4.475298278556906761e-01
4.286984994559236983e-01
4.342726747100709717e-01
4.581280608978468005e-01
4.372709685700665316e-01
4.131501351946846867e-01
4.423273116733548171e-01
4.033487662486550662e-01
4.658478598395900394e-01
4.500383462440648574e-01
4.523207403087086131e-01
4.599472724818488567e-01
3.822055298976692606e-01
4.133198412065202110e-01
4.927168785240068627e-01
4.555854132590931305e-01
4.461491859892218192e-01
4.517573709871674503e-01
4.779489443097998946e-01
4.294291591403628372e-01
4.489501669218652902e-01
4.569842288758890203e-01
4.834791384166800543e-01
4.527374611035887009e-01
4.903488092601315795e-01
4.083729867225538435e-01
4.355664321128043803e-01
4.802007104389240943e-01
4.446081703993861045e-01
4.486755780263759763e-01
3.942956485348448337e-01
4.306677039390148232e-01
4.549586634927815787e-01
4.433154169866977412e-01
5.130614680325625843e-01
4.636815702124566507e-01
4.222688095021142063e-01
4.308741068541235841e-01
4.451706658019121687e-01
4.788170686978597823e-01
4.696802318959347189e-01
4.448201404404438231e-01
4.309369547250500587e-01
4.296590510612270375e-01
4.121623596723627547e-01
4.707307475366031002e-01
4.557355272877317010e-01
4.801606258558601681e-01
4.729927896438110291e-01
4.691295741430518973e-01
4.320882800457477302e-01
4.886582922571028331e-01
4.335827387941841304e-01
4.407502432116370827e-01
4.466206667088414850e-01
4.408438687468048678e-01
4.314114032164708123e-01
4.098004099564300784e-01
4.472317221937176512e-01
4.387844858557681249e-01
4.245730770374441243e-01
4.551316296363933644e-01
4.189109140929017649e-01
4.406844865921493715e-01
4.825058576274675048e-01
4.417110845698785648e-01
4.679943300986299515e-01
4.073954504552971256e-01
4.695581735974750925e-01
4.419914969133652005e-01
4.204501709510213847e-01
4.493621642981687758e-01
4.413800849143794669e-01
4.341949698144351166e-01
4.637848450955830981e-01
4.918734178214966279e-01
4.563409495746663103e-01
4.189252487217292042e-01
4.895552486003705850e-01
4.379007443290006130e-01
4.523755519197480424e-01
4.702628360585774381e-01
4.748432772068508223e-01
4.574248881071001360e-01
4.726905986025560780e-01
4.807007465012421155e-01
4.793082573918852063e-01
4.811315544127413024e-01
4.198634124915895383e-01
3.861358620514283579e-01
4.759144046031374975e-01
4.555277427791334932e-01
4.085155485190038460e-01
4.769882640533589790e-01
4.500502887740486235e-01
4.879252075350175022e-01
4.593525252454292995e-01
4.563105734428105631e-01
4.407875530718593504e-01
4.336331139307049720e-01
4.375283114487845126e-01
4.083462454106422390e-01
3.768871988140377050e-01
4.118377148578525881e-01
4.260619826248500108e-01
4.090472904616120897e-01
4.313263415194901196e-01
4.756504625723311785e-01
4.312708219795082787e-01
5.060808414259777566e-01
5.173922547044402798e-01
4.376161305428458714e-01
4.315089968880115867e-01
4.315441424710730334e-01
4.714463998532077427e-01
4.517122430126218613e-01
4.150569095659472629e-01
4.439603848277899334e-01
4.244354145738072348e-01
4.241392156509929956e-01
5.035989070410820112e-01
4.537818770291907611e-01
4.526979545416943695e-01
4.490998883849242618e-01
4.427503399203709389e-01
4.974840824241979487e-01
4.790938791497207916e-01
4.172635592224672729e-01
4.793989523674165310e-01
4.243231196740260835e-01
4.241207984710228529e-01
4.866207639325949019e-01
4.558380681838029580e-01
4.604885208751166026e-01
4.809274632550490924e-01
4.095549220633612486e-01
3.987317360721180370e-01
4.402364325385724197e-01
4.757280028610725298e-01
5.037083991534465621e-01
4.504225124679385184e-01
4.544543885437125619e-01
4.560707250392018741e-01
4.625382926650826731e-01
4.733235937618355815e-01
5.038723838831240531e-01
4.443024543923868586e-01
4.395441753424783049e-01
4.735333743730019140e-01
4.688718228829549250e-01
4.343328716523772726e-01
4.578349489518420135e-01
4.752849127330868173e-01
4.239091145366944979e-01
4.367766548019617057e-01
4.767548771391724172e-01
4.575210104087678031e-01
4.283844365903400897e-01
4.123941957487621823e-01
4.568973551126286892e-01
4.580396793972848490e-01
4.210920069483453654e-01
4.772027510592302124e-01
5.062116545857644478e-01
5.390900165368599506e-01
4.566581660309215196e-01
4.533353811493294194e-01
4.991802538394710664e-01
4.783353542983373452e-01
5.137512862550877024e-01
4.381830566805329230e-01
4.528812929985250313e-01
4.237387983327730590e-01
4.497430189732254391e-01
4.169782066007042265e-01
4.590548242658780143e-01
4.596819928097888308e-01
4.403089519137855512e-01
4.851241928009993321e-01
4.392463802165486042e-01
4.147590366281055374e-01
4.621643210004256486e-01
4.660579606656961582e-01
4.488302666191679169e-01
4.451956759775217431e-01
4.636590856760413049e-01
4.826429238256189636e-01
4.599639399849073662e-01
4.859011856884715153e-01
4.472340421265708632e-01
4.710770110622941043e-01
4.599870229077990813e-01
4.570882754311271778e-01
4.309403240754129394e-01
4.064418118064173635e-01
4.260709371701067449e-01
4.006647854618914928e-01
4.331414503380537351e-01
4.235696589839380022e-01
4.549512285837464809e-01
4.722278682761903434e-01
4.746317325893124606e-01
4.152047117779675833e-01
4.200987839227597886e-01
4.082107524972850010e-01
4.196574625533753822e-01
4.591288593135153806e-01
4.878157164039715332e-01
4.406059860533487194e-01
3.893895632173374199e-01
4.901834897784731471e-01
4.678542897165186010e-01
4.259046552764770288e-01
4.191139756373585268e-01
4.840714789365868631e-01
4.213996480575655790e-01
4.248817110226487115e-01
4.576071038547278036e-01
4.231221238842313159e-01
3.458655906485642029e-01
4.615083862685128713e-01
4.397330241501425929e-01
4.526898846824498612e-01
4.229116138949460812e-01
4.724574783084828922e-01
4.739680793138322246e-01
4.597103233097480368e-01
3.886418452255698264e-01
4.637874134855095587e-01
4.504276219886536592e-01
4.580713113979369422e-01
3.897215042505933758e-01
4.410320537299438626e-01
4.232450056107858183e-01
4.748201587405333490e-01
4.682541666507562539e-01
3.773464201122629369e-01
4.418828431025947912e-01
4.371243311693184808e-01
4.493872740741050587e-01
4.498035641674891782e-01
4.458789230987246222e-01
4.853478191657406016e-01
4.429508797996494773e-01
4.484378342990338884e-01
4.959602286924486569e-01
4.527208917391127296e-01
4.328079175569216064e-01
4.531275340517297301e-01
4.880936043269984981e-01
4.160144144599482452e-01
4.289889770189625473e-01
4.584823606132287233e-01
4.740210330340817180e-01
4.486961799582125932e-01
4.818566281801991980e-01
4.542716291570121911e-01
4.524594313381024024e-01
4.477117138489867809e-01
4.576982493901017301e-01
4.295744886843150256e-01
4.993467921138613486e-01
4.750048980719195346e-01
4.017321801954919502e-01
4.818285038226723382e-01
4.445867652305115492e-01
4.464910046500144558e-01
4.486296301881650961e-01
4.571317235276073920e-01
4.158685071964984270e-01
4.745504318294573309e-01
4.588679773774998472e-01
5.036397335165421207e-01
5.408899150346323514e-01
5.008781580373699027e-01
4.599325524987019631e-01
4.469531916299626650e-01
4.837307008981741041e-01
4.783135664313556967e-01
4.865003462732250816e-01
4.937841159153372184e-01
4.732244500505735085e-01
4.965006213195130025e-01
4.900007414710814135e-01
4.987685451470096898e-01
4.789079378251585029e-01
4.876425750318304497e-01
4.602176665559142288e-01
4.352226100630804395e-01
4.818352224030881814e-01
4.340992672505933903e-01
4.318658627447451992e-01
4.789114969033909097e-01
5.093253995771810372e-01
5.131266818516111439e-01
4.608732774975832780e-01
5.016212275712428337e-01
4.677573749580390960e-01
4.725319451307557483e-01
4.371573918539095605e-01
5.082440431328922870e-01
4.933236329978790691e-01
4.226423911212580653e-01
5.010599951121796902e-01
4.184065548035638682e-01
4.679886265151989577e-01
4.666360792253934076e-01
4.669528191759474978e-01
4.667425980196127644e-01
4.780404549567760508e-01
4.744242616985885341e-01
4.575711864334712220e-01
3.948419056257473359e-01
4.535814206694784856e-01
4.568198572380319233e-01
4.367582972682678699e-01
4.448397792155311947e-01
4.257871900903138496e-01
3.883077310877494082e-01
4.268659311916385146e-01
4.452494536097829636e-01
4.550755478392330966e-01
4.405582916668124294e-01
4.733003885294703172e-01
4.450472899154940820e-01
4.389666661218846744e-01
4.149632501801978068e-01
4.518883963226244527e-01
4.457453417151150399e-01
4.293326473071876759e-01
4.162628033946453865e-01
4.974263403329384770e-01
4.598450747129029237e-01
4.404846846962918727e-01
4.255087746438843688e-01
4.512696791008085628e-01
4.414347582149667493e-01
4.572484454915697327e-01
4.752700568717629359e-01
4.490353293676603297e-01
4.202013233717716290e-01
4.580138909776016454e-01
4.409536810256698969e-01
4.779652879797974263e-01
4.504068691281999381e-01
4.049154845115725543e-01
3.943731643997550051e-01
4.260691967673349567e-01
4.586109540073203816e-01
5.485004907924437845e-01
4.804991891183556518e-01
5.052508928544861000e-01
4.613468300042061210e-01
4.894866613469393002e-01
4.384376059710431428e-01
4.612130726788805646e-01
4.637734983719271065e-01
4.791816202685082460e-01
5.214154350967560303e-01
4.126763471504897862e-01
4.586024534659896568e-01
5.183564424381813529e-01
4.934328536347278860e-01
4.729339804361239463e-01
4.687541584196704414e-01
4.924263538368104931e-01
4.859415269533129411e-01
4.222749626219021168e-01
4.625502469944633432e-01
4.479637469515418968e-01
4.424067237996357482e-01
4.309312220159896567e-01
4.411723760126682325e-01
4.408010012599011818e-01
4.297323470610602825e-01
4.584054403025469848e-01
4.108191885634717710e-01
4.320269334325580468e-01
4.597595612639894802e-01
4.301379250120768161e-01
4.330526776789015431e-01
3.767350661455088900e-01
4.598462228445612254e-01
4.580425464849705586e-01
4.519420472586697657e-01
4.622481467193804705e-01
4.408868726844837327e-01
4.123050100223369374e-01
4.621554932375588343e-01
4.472011261852463782e-01
4.195379631721103397e-01
4.691975450272810599e-01
4.422053187661796891e-01
4.441086108118069142e-01
4.775117659534441339e-01
5.079762640076390667e-01
4.472300292249630771e-01
4.400004588090978275e-01
4.475044132877215031e-01
4.489202506409920024e-01
4.633689440804704129e-01
4.930705398025679864e-01
4.583458420065436578e-01
4.730539208727173595e-01
4.489007749218467680e-01
4.720849353810744886e-01
4.586644236701031829e-01
4.717582258982778165e-01
4.597739446486292514e-01
4.892219637678406063e-01
4.645851799082199585e-01
4.507182790330229172e-01
4.383229875908489781e-01
4.893173408599988949e-01
4.753364741849840924e-01
4.983619512468298041e-01
5.028565283987621592e-01
4.807657651338317906e-01
4.870338044721141402e-01
4.892690560433609614e-01
4.819646072507455803e-01
4.817583509406412334e-01
4.846501557113800374e-01
4.751151251682351195e-01
4.369408576061388216e-01
4.565436947274635893e-01
4.578951442815599737e-01
4.886790089138239868e-01
4.049126357262554099e-01
4.349655992537904692e-01
4.026705604784399650e-01
4.267661393847271278e-01
4.491554866246320610e-01
4.222135580532734855e-01
4.454755574927906081e-01
4.026797962665176200e-01
4.261947068156892726e-01
4.656425860145736451e-01
4.504689536762707114e-01
4.785561461591415489e-01
4.255760452065979749e-01
5.185052816177047053e-01
4.901689379454084450e-01
4.777749644560032038e-01
4.554473165597026085e-01
4.665617096944979503e-01
4.568613226236989400e-01
4.798276481339617816e-01
3.849800900664362979e-01
4.569375683775055430e-01
4.773928178427927493e-01
4.050756127525064199e-01
4.660007821278866480e-01
4.173853762381813937e-01
4.203452976760159165e-01
4.746168202432485828e-01
4.296207384674318175e-01
4.433846301956666514e-01
4.672504820957028016e-01
4.478750689866910495e-01
4.247971274682474929e-01
4.840420914717826206e-01
4.606684455935272093e-01
4.173349096743327324e-01
4.346474259398778184e-01
4.754243546700454015e-01
4.578372581056991963e-01
4.435381337470972185e-01
4.870191629374152620e-01
4.968560455189555691e-01
4.688356403107210024e-01
4.715494255346353580e-01
4.741203426216519801e-01
4.172610438855438586e-01
4.784866587094426249e-01
4.349265291126905852e-01
4.245878810423440730e-01
4.705536771085213621e-01
4.925338568359398095e-01
4.460377995881387725e-01
4.271380906281704859e-01
4.320393818033533284e-01
4.296538141342884920e-01
4.031841216419232987e-01
4.133537816810204379e-01
4.165649291321785186e-01
4.185981948245039441e-01
4.786917864075653228e-01
4.601362843737901720e-01
4.748842886536805419e-01
4.241659752915523107e-01
4.286426544821685392e-01
4.100371849189270446e-01
4.579180640636473232e-01
4.072663620910264015e-01
4.444756453910200245e-01
4.532099883140670582e-01
4.468228274448556303e-01
4.186268068394752850e-01
4.339301311378319093e-01
4.382774219004856864e-01
4.075572867880801753e-01
4.460133672156145201e-01
4.437538889330436831e-01
4.816898188310699269e-01
4.554340831549599788e-01
4.373661184867194685e-01
4.647867063885405270e-01
4.538805601476884055e-01
4.428011908692913168e-01
4.573720789088633887e-01
4.226921088486877975e-01
4.605273732947837706e-01
4.908347832675854505e-01
4.520859270344739778e-01
4.094007159253594819e-01
4.002478366459151227e-01
4.305645325283711244e-01
4.365152525286676854e-01
4.205381202479027136e-01
4.378388255479037650e-01
4.411226309108259858e-01
5.076778572297862002e-01
4.899701951660780375e-01
4.511987819454332249e-01
4.942065182469875806e-01
4.469560571550294514e-01
5.145198397266907975e-01
4.801601797806220873e-01
5.259835922335128755e-01
4.529102209416723812e-01
4.869425430935711008e-01
4.382549711936580827e-01
4.553251896914922714e-01
4.731411529701044505e-01
4.976249893691163106e-01
4.752274365379148269e-01
4.904386823361773229e-01
4.453155004947085827e-01
4.244923984489403779e-01
4.378542452023010401e-01
4.369479406999627336e-01
4.357033271104235328e-01
4.468307231484913156e-01
4.680774529130987682e-01
4.602856168302744688e-01
4.663612039696544143e-01
4.633008073013054062e-01
4.697939815839191624e-01
4.769638947631213433e-01
4.619281965869982964e-01
4.289954583783763820e-01
4.720707171022450743e-01
4.364606329195871437e-01
4.565153136418265145e-01
4.240148826423050243e-01
4.660909019271015641e-01
4.873634575634650523e-01
4.782692061146950890e-01
4.506517084393607542e-01
4.700248640244212295e-01
4.415417810633717188e-01
4.848108643123190120e-01
4.779628386389329076e-01
4.518907742860324150e-01
4.548571570993549806e-01
4.998460031777185453e-01
4.694998667388622371e-01
4.725847458381480237e-01
4.516983409509552905e-01
4.985435274958007756e-01
4.469428479354631278e-01
5.055912614968091079e-01
4.235780165651298335e-01
4.487299386322556871e-01
5.078037002062555372e-01
4.513747644654203528e-01
4.227361507358171622e-01
4.109103308314130953e-01
4.886230670206371807e-01
4.355102365379096008e-01
4.321848240339069558e-01
4.606721076005901305e-01
4.306236760724124202e-01
4.734092012372256297e-01
3.983749540729762395e-01
4.649959940954851434e-01
4.951828436866091976e-01
4.644504820211652896e-01
4.617437123171919677e-01
4.303584374422445569e-01
4.105443641676936872e-01
4.257760086596921734e-01
4.697788314093209738e-01
4.489437764458448221e-01
4.521532074870482920e-01
4.558951291081621560e-01
4.570482434134972571e-01
4.514188144704603389e-01
4.922345652737628030e-01
4.455583661138377560e-01
4.737266557106027953e-01
4.531011713895827797e-01
3.737257052306797167e-01
4.237841836672686657e-01
4.950614808967158109e-01
4.726844966697712480e-01
4.644998680040240968e-01
4.526102402010245829e-01
4.291394857236748295e-01
4.563493928277075895e-01
4.388453305318507636e-01
4.367495501631339927e-01
4.904145437700279664e-01
5.114019368660683851e-01
4.662364125540741089e-01
3.957487358629152574e-01
4.616207441627984132e-01
4.869309006031715126e-01
4.363741368453256109e-01
4.480026751311026456e-01
5.207359681034366972e-01
4.815321824928382455e-01
5.013537314418698987e-01
4.912004551938545238e-01
4.717966665928362557e-01
4.828482842342876613e-01
4.260960603143550962e-01
4.148073873076434381e-01
4.780469276174935667e-01
4.385365178659669794e-01
4.769674956712369185e-01
4.149088309927465579e-01
4.624940237772130480e-01
4.393479193505478442e-01
4.656322630429028386e-01
4.567908227123711473e-01
4.717876393444393468e-01
4.647319415976308155e-01
4.337471630092982755e-01
4.059141575027159776e-01
4.600694146067961232e-01
4.473625516503866306e-01
4.656342755117178211e-01
3.800868760148731207e-01
4.165253106031322483e-01
4.258393469333999759e-01
4.157212664518216694e-01
3.990707744749237840e-01
4.276372899690840668e-01
4.043739227780873691e-01
4.359331073308332360e-01
3.925332552609024916e-01
4.335978645097971484e-01
4.310482999715820607e-01
4.476884008289464534e-01
4.024408620733204156e-01
3.929221953392958988e-01
4.044071689543678461e-01
3.880369423306558319e-01
3.943371778600150424e-01
4.500863867923790007e-01
4.337032544519759392e-01
3.860930004626441092e-01
4.361764066364123837e-01
4.078536137422397179e-01
3.958920882800804342e-01
4.361537754666206523e-01
4.276227484275650914e-01
4.342375033484429658e-01
4.440742043377270964e-01
4.186102380680156165e-01
3.932619328044857365e-01
4.508916142591463672e-01
4.022447660122811519e-01
4.276493041885436885e-01
4.061047337655834255e-01
3.710624134903572902e-01
4.354782236912135285e-01
4.229383682769783381e-01
4.311190626192891173e-01
4.102573405695802977e-01
4.090602829989553602e-01
4.358946183419926124e-01
4.175798356434552439e-01
4.330676278747415675e-01
4.485319720955949774e-01
4.695624436073373986e-01
4.639948237742660964e-01
4.522494848514069243e-01
5.036809037708210868e-01
4.624661961445670766e-01
4.392324743021184252e-01
4.549127287744845205e-01
4.223336108864940708e-01
4.390187503298011995e-01
4.532961437747135003e-01
4.187516823829665058e-01
4.242553950641521632e-01
4.531464202234002370e-01
4.706691603787475642e-01
4.693527236099938049e-01
4.674421989958819634e-01
4.784233423957199305e-01
4.756328198983164612e-01
4.730038744880267765e-01
4.514873408475228445e-01
4.804565426083167723e-01
4.469142294432030260e-01
4.702272080912794361e-01
4.758647126659609206e-01
4.508850353822584367e-01
4.663116840689576215e-01
4.231464792096688576e-01
4.097175321014364102e-01
4.236692325259011627e-01
4.480531688204852370e-01
4.592924924642338147e-01
4.625637762652032303e-01
4.353613238747554570e-01
4.635681698163179321e-01
4.290740042018365563e-01
4.468042881716499104e-01
4.585825139721476651e-01
4.678607277143317367e-01
4.852018908972443034e-01
4.674013873450828527e-01
4.830853486650955042e-01
4.695223358171156103e-01
4.653510534224202244e-01
4.472334783931366520e-01
4.318520424000871771e-01
4.548482835874300134e-01
4.632574349382009293e-01
4.787297498094768011e-01
4.678934764441909366e-01
4.750432988795137978e-01
4.756671092190593586e-01
4.342320460450125874e-01
4.476863504988894960e-01
4.607313136997474023e-01
4.477041095412255811e-01
4.441549061242875407e-01
4.481008447742568790e-01
4.876122317141202145e-01
4.658379025947768648e-01
4.634204772338542666e-01
4.532763592970906474e-01
4.629702982086584262e-01
4.782991610718272391e-01
4.842371843453042723e-01
5.042844894204022710e-01
4.194533591598519351e-01
4.135896477919739911e-01
4.534536961148633027e-01
4.721920562122178811e-01
4.301474314587486192e-01
4.595757271535125810e-01
4.064990035509454258e-01
4.246410018951439769e-01
4.515400773805693935e-01
4.908525310645315276e-01
4.345364996617704367e-01
4.306924449487519735e-01
4.421330802024117101e-01
4.284673487292467997e-01
4.287231792442352529e-01
4.641909320363110103e-01
4.187267653933720024e-01
4.101766159160602498e-01
4.197671968833291967e-01
4.557749936225782839e-01
4.370404774115728697e-01
4.463306318731507516e-01
4.749292265198508112e-01
4.935876279368409669e-01
4.521136565852276745e-01
4.697711055792714308e-01
4.395722480566277568e-01
4.607719815779400818e-01
4.124485986922700742e-01
4.620933094807787023e-01
4.783560512411759724e-01
4.739093489043712526e-01
4.623754442575020440e-01
4.642237733011609357e-01
4.652347399382272819e-01
4.482318478390280303e-01
4.680547251359968297e-01
4.463336380895557287e-01
4.495226514326211009e-01
4.547163846857163461e-01
4.450037579054870740e-01
4.881611160801051508e-01
5.167515539947594716e-01
4.995039991026200554e-01
4.126672102002527098e-01
4.328059145323456813e-01
4.481138243111600916e-01
4.927693154800702469e-01
5.089955184992557280e-01
4.908230322932986001e-01
4.589918120553366787e-01
5.040224942278489495e-01
4.301961420244014289e-01
4.538620796467114360e-01
5.135242326308677718e-01
4.678563858197536951e-01
4.991612853632239610e-01
4.554483416419418673e-01
4.841496854550697559e-01
4.522213662723625349e-01
4.944793944434180410e-01
5.505505504626452273e-01
4.882594426124293174e-01
4.429321072641306811e-01
4.654926491268314148e-01
4.823716758103816504e-01
4.684608328515781350e-01
4.578928120710102356e-01
5.006431408337768119e-01
4.856589472207516467e-01
4.299561727674688361e-01
4.564704914690346782e-01
4.707938143613277782e-01
4.405511976616727221e-01
4.342988460704527709e-01
4.733754306335010709e-01
4.292014841416933457e-01
3.694953978949112039e-01
4.646907462389016086e-01
3.771527801925169676e-01
3.885395037267891927e-01
4.335993991757814969e-01
4.465438867736888362e-01
4.199367364960388538e-01
4.781482911300659611e-01
4.582496377092399875e-01
4.637259006903354241e-01
4.429567395183195422e-01
4.558881341784830066e-01
4.671873874574994923e-01
3.621183277580466986e-01
4.207035035165463954e-01
4.131103253536410613e-01
4.783473480783059784e-01
4.762407053494050468e-01
4.890621504079057935e-01
5.229842032030060928e-01
5.122009629364204786e-01
4.779640987551775355e-01
4.448153049461931463e-01
4.449310220509853364e-01
4.688936562254890639e-01
4.859004869441921337e-01
4.805843964230260834e-01
4.681332735294762015e-01
4.484924726049298038e-01
4.541646515700265563e-01
4.395281566161524101e-01
4.585923540502210294e-01
4.213058306030764144e-01
4.672372908003563086e-01
4.584296246765490190e-01
4.337612344243400031e-01
4.721024229382150827e-01
4.467539267409718073e-01
4.054147843818919905e-01
4.207295194962069051e-01
4.631383772671096022e-01
3.957544629627002264e-01
4.227923215660373546e-01
4.042953893680830690e-01
3.783168661444081815e-01
4.382245210025464965e-01
5.059345556097184504e-01
4.266234453839851115e-01
4.398551137581598880e-01
4.595612736931975473e-01
4.649269684255651347e-01
4.591233367285260658e-01
4.036772814393145281e-01
4.852438653977504401e-01
4.560576141862272004e-01
4.796147079502245947e-01
4.367066741641171812e-01
4.857741082946754330e-01
4.658138021420907271e-01
4.653470122240449536e-01
4.883964425093314521e-01
4.239016375691845862e-01
4.468123650568071592e-01
4.215207829737812051e-01
4.729912204698467071e-01
4.591240738909870833e-01
4.706045158597522149e-01
4.254167734635790343e-01
4.405054013898196397e-01
4.779512006764408127e-01
4.550179397969237871e-01
4.629348985712230524e-01
4.269157351776859954e-01
4.564353477960819694e-01
4.670504406099268979e-01
4.832108992443214235e-01
4.319777070330669821e-01
4.463984708231121812e-01
5.018364712385187110e-01
4.532584270934732484e-01
5.447659419307642192e-01
4.142074287195020577e-01
4.132323943256039911e-01
4.423868513911490274e-01
4.770196191394688312e-01
4.277544682485461269e-01
4.364295807068998556e-01
4.589754253600140110e-01
4.710965698042430261e-01
4.738852141747488256e-01
4.637601211265162116e-01
5.159014499781402474e-01
4.540102177284235929e-01
4.657322554905000134e-01
4.955593790119983688e-01
4.996360329282960033e-01
4.703035839014892971e-01
4.938219144071681610e-01
5.016223048628729586e-01
4.951934909941489438e-01
4.827414422205206224e-01
4.301809589938355716e-01
4.141185390594610549e-01
4.299078778637580034e-01
4.183662451912171787e-01
3.946319369522435228e-01
4.247491392812057787e-01
4.811701288874718485e-01
4.204144154016029034e-01
4.695567358835725513e-01
5.070559662792106792e-01
4.479698181829349646e-01
4.593967714352173992e-01
4.879127882680908690e-01
4.908660201096463616e-01
5.057935411929302960e-01
4.701722048809102716e-01
4.631809650052278737e-01
4.440191943469047331e-01
4.326633826332072497e-01
4.623341062988923222e-01
4.551546949379718932e-01
4.061613422046844724e-01
4.492614214672730477e-01
4.127686483478030244e-01
4.923929349690765456e-01
4.450086501781634341e-01
4.355253921118636407e-01
4.131081360971181060e-01
5.103364240430836585e-01
4.894068760560492670e-01
4.700206109241082397e-01
4.012649254922036057e-01
4.550277940448262948e-01
4.811788251438462449e-01
4.941519089306981027e-01
4.170147524388295168e-01
4.373096856193202653e-01
4.664116914841960337e-01
4.582455239783611578e-01
4.549615827418128644e-01
3.988257431191832292e-01
4.788755469700977652e-01
4.466514078401567223e-01
4.620366472554662818e-01
4.345858483258192018e-01
4.130261392765330331e-01
4.393849778959805774e-01
4.520441123299800967e-01
4.115141548203516408e-01
3.821289382708304982e-01
4.659824201454042525e-01
5.142558504170452460e-01
4.851599598149336501e-01
4.597007717544464023e-01
4.694969008027037316e-01
4.892232443394743946e-01
4.680026349836623467e-01
4.545254363483404170e-01
4.428578658058751616e-01
4.580392859410438167e-01
4.456411183741965099e-01
4.625628587699019967e-01
4.609401327009226557e-01
4.038454557647253029e-01
4.009069485596346016e-01
4.215128977127406418e-01
4.049860055535832726e-01
3.976445548558155130e-01
4.305277059849664245e-01
4.559327696354292248e-01
4.098802111710196927e-01
4.231147339400183616e-01
4.305156490830892024e-01
4.346387649584865231e-01
3.898988833678072030e-01
4.630903162998254996e-01
4.538629374023188667e-01
4.784268984513162515e-01
3.988362307725944467e-01
3.730085066003031025e-01
4.277796503211569457e-01
4.470946263855357650e-01
4.607901569596283275e-01
4.502169137096994622e-01
4.527811717477945863e-01
4.888883199883851116e-01
4.755451634051826582e-01
4.438498801885033540e-01
4.882856557578009737e-01
4.937426152217148645e-01
4.400587833616260713e-01
5.018367491864541563e-01
4.799735979566100985e-01
4.360020271832271144e-01
4.893215471370562786e-01
4.565043847333905558e-01
4.389789309586115129e-01
4.681892622537833226e-01
5.136897124875784426e-01
4.773922509946395554e-01
4.723919688310193044e-01
5.238876916552132057e-01
4.531092848946621232e-01
4.732291098231550808e-01
4.042124598994886187e-01
4.243376210557339157e-01
4.116141559122891147e-01
4.503866269967304325e-01
4.373397070485076088e-01
4.374610039204517298e-01
4.341466075357255927e-01
4.922620296765420345e-01
4.376054759301015173e-01
4.443644193620734373e-01
4.725218392856218586e-01
4.640400116297303534e-01
4.540598664311623067e-01
4.626429099238562048e-01
4.940427885196219671e-01
4.454798517891602749e-01
4.870678295078544884e-01
4.318695305250448979e-01
4.631582261305033366e-01
4.737685232791965517e-01
4.569654208647497273e-01
4.625725583849012446e-01
5.018038051150992551e-01
4.235672080393934058e-01
4.797145515921371617e-01
4.566390026245240041e-01
4.317870647100756076e-01
4.344864584622571413e-01
4.241538712259311783e-01
4.600552269991952103e-01
4.533141586020932867e-01
4.286914583581402094e-01
4.256908499514226452e-01
4.623506469836466959e-01
4.557961926529014995e-01
4.672722840589935700e-01
4.473991243245126204e-01
4.481519397910751490e-01
4.250417594114737629e-01
4.737398713940611517e-01
4.607691436135956109e-01
5.168861828647985934e-01
4.355232336578234165e-01
4.426375763041594524e-01
3.967761920652172480e-01
4.715985150203608756e-01
4.399160807603126888e-01
4.654984808201128033e-01
4.030149562743535752e-01
4.672855000850851814e-01
4.236593458043771965e-01
4.346059039097562304e-01
4.943900884551344355e-01
5.040575015681642013e-01
4.807993058912939932e-01
4.602484209370539259e-01
4.889529569047630919e-01
3.750832707474501260e-01
4.702814510407524184e-01
4.391350007642766951e-01
4.347690524006373458e-01
4.393520024840950611e-01
4.813629272751104304e-01
4.908799818402872495e-01
3.841692909878087203e-01
4.426818770331195640e-01
4.517438341599633311e-01
4.457972513358384181e-01
4.509909874649274397e-01
4.455280440145692467e-01
4.556773815451512499e-01
4.858023511919954962e-01
4.438552552866825152e-01
4.519278661691475407e-01
4.300875854825292333e-01
4.348492627488909079e-01
4.041119635000344212e-01
4.791454762519368193e-01
4.629524679932690567e-01
4.398982927557336664e-01
4.840320648601955100e-01
4.801411844947349183e-01
4.605642958387549668e-01
3.654759332420851603e-01
4.215965144092466699e-01
4.944966955709021450e-01
4.639408391900806672e-01
4.003055128329999768e-01
4.496004170888933116e-01
4.605571815657010792e-01
4.229433371871029745e-01
4.701788085879186618e-01
4.416281807396625347e-01
4.370335129891055326e-01
4.846039203552208185e-01
4.420499950663064337e-01
4.555857050808451159e-01
4.849550752212355431e-01
4.416011545029278618e-01
4.546822075942755226e-01
4.818207171769028352e-01
4.685552607956353643e-01
4.821096741125909801e-01
4.424864833658267438e-01
4.674035701336706761e-01
4.775244275579159647e-01
4.949144773385950047e-01
4.576114824921836410e-01
4.884634056507007327e-01
4.854054035306550330e-01
4.337065534360119989e-01
4.804519847715444381e-01
4.997593562727087879e-01
4.405902953849233361e-01
4.234251136329094112e-01
4.524411326279391687e-01
4.659741423530749937e-01
4.578380357607187978e-01
4.712954337449465902e-01
4.577232147339093671e-01
4.704907522943117537e-01
4.162447587542228433e-01
4.763381626768058430e-01
4.621279091805520212e-01
4.274410049432187941e-01
4.808539101983661523e-01
4.248610576121147342e-01
4.274444414977006113e-01
4.410047778735251556e-01
4.486729503850500067e-01
4.714767853187266100e-01
4.591401306321264419e-01
4.528862601297707347e-01
4.501520642463510691e-01
4.470735296780369294e-01
4.812125423279281500e-01
4.740361064779222144e-01
4.699648176614763528e-01
4.688826124254559247e-01
4.533815884485581926e-01
4.529168911526402774e-01
4.362732932964810684e-01
4.575676965765114179e-01
3.922018729242654489e-01
4.071668944534362899e-01
4.742676703336622945e-01
4.861597829888972822e-01
4.738651017073113314e-01
4.734236655939405014e-01
4.238283915300646298e-01
4.529384270574345339e-01
4.457045346732101399e-01
4.490650411853004953e-01
4.594965926286484481e-01
4.529633821105664149e-01
4.340941047450430079e-01
4.463326792017137112e-01
4.768789048212335180e-01
4.188011199616361036e-01
4.701783953758589818e-01
4.378669565141249387e-01
4.689614021646071329e-01
4.564797797541109703e-01
4.390908309097694140e-01
4.629360702906549219e-01
4.117134151892185567e-01
4.448694478356668425e-01
4.492419309570538366e-01
4.503609871127204345e-01
4.213929595862452304e-01
4.526548130272184389e-01
4.483180331787591788e-01
4.278739080448899501e-01
4.478528787527875643e-01
4.199558172224278629e-01
4.620796879915116118e-01
4.309094295384560680e-01
4.548581984459166838e-01
4.637620979291268153e-01
4.188246522070107059e-01
4.814456977012767092e-01
4.922403201170958420e-01
4.499834535274965797e-01
3.760334501687610520e-01
4.622946995217958599e-01
4.552270455085445366e-01
4.974581585177454968e-01
4.608165519472196547e-01
4.593346403554990909e-01
4.823061154578973109e-01
5.136289561385346536e-01
4.865355496831170745e-01
4.189127460098845956e-01
4.479866411347545041e-01
4.691669489656168368e-01
4.285961532949335573e-01
4.532101517106204014e-01
4.719786440709496933e-01
3.853538198272044024e-01
3.416847226454309272e-01
4.023216213548517217e-01
3.645126333319035350e-01
4.121026231492412317e-01
4.618296108541792289e-01
4.785901940952523304e-01
4.654479770854187959e-01
4.803215380984812155e-01
4.608275077442399170e-01
4.761522877297866829e-01
4.432363183918037186e-01
4.724425089182757720e-01
4.758196050244123398e-01
4.649705076266715253e-01
4.910812222068370314e-01
4.478025397239179806e-01
4.764600628784200209e-01
5.402051261556661821e-01
4.778568123984930915e-01
4.680032143993385629e-01
4.378079906031154267e-01
4.825841911696827080e-01
5.159507913778049737e-01
4.965827578600336967e-01
4.343639242859052008e-01
4.540021302702548223e-01
4.873556522595497431e-01
4.809040897265813297e-01
4.756564850676148759e-01
4.842733208170127979e-01
4.443264939301395100e-01
4.473599908520797253e-01
4.201120604058337094e-01
4.539029692590292320e-01
4.428154589669541230e-01
4.442465064777644801e-01
4.907736694995772364e-01
4.586476043957947724e-01
4.688965816304417333e-01
4.166302100428783683e-01
4.117894644262214965e-01
4.570073589130477787e-01
4.078839747546488814e-01
3.960326857787024313e-01
4.126365576101468369e-01
4.334181053313937437e-01
4.709546640104375070e-01
4.252326292954602405e-01
4.682835755242494291e-01
4.853107080052480593e-01
4.598985010873407608e-01
4.461158330366612468e-01
4.544253681002434209e-01
4.690468535657910665e-01
4.144247694375181035e-01
4.284781178704022975e-01
4.279536340787434279e-01
4.589473044817922731e-01
3.671108819169436877e-01
4.247065363044091324e-01
4.446625740713788799e-01
4.332998012861863368e-01
4.021684327502044187e-01
4.088488019059280387e-01
4.344922133162413269e-01
3.870688891780280638e-01
4.197697704238654848e-01
4.670605608333099901e-01
4.453599148203696290e-01
4.405852610348247045e-01
4.737451931467421273e-01
5.041524566903963223e-01
4.892859391098153821e-01
4.553503459803019404e-01
4.754763802282143681e-01
5.017075173070602023e-01
4.280903437211724394e-01
4.474275947390873309e-01
4.103064772121025605e-01
4.527394679765001095e-01
4.605904299656891077e-01
4.771959923118895830e-01
4.839103927119873250e-01
4.991240843141862005e-01
4.787598609291126017e-01
4.686799456533356500e-01
4.508878907316309914e-01
4.114109625032576489e-01
4.403751916475956985e-01
4.575943657472851811e-01
4.210822165108788484e-01
4.162062466144319517e-01
4.484946311721712542e-01
4.256290940639742004e-01
4.205804308477057996e-01
4.724942585974257758e-01
4.336589227210347897e-01
4.469949879906552348e-01
4.593859998795004618e-01
4.347069463873026729e-01
4.101367485787801304e-01
4.266599535440476210e-01
4.848300817046161670e-01
4.298294886910070667e-01
5.012711539864176391e-01
4.382860320585506009e-01
4.806138389515435816e-01
4.565395704357944617e-01
4.271050370446846656e-01
4.897967118214354709e-01
4.536818701823366329e-01
4.904241518611645034e-01
4.020909332895686861e-01
4.577396667752384740e-01
4.292463014246901687e-01
4.980177676357442351e-01
4.387439860614358866e-01
4.337139882643923361e-01
4.085804735567203916e-01
4.414921339994022365e-01
4.335413238421303439e-01
4.343296477415485302e-01
4.128516901283214025e-01
4.298466943650572913e-01
4.537008458608394745e-01
4.547188195343688788e-01
4.135793702062234845e-01
4.697192800433541704e-01
4.731105660320694128e-01
4.749260880925753603e-01
4.710372897463469544e-01
4.387604502795385830e-01
4.609754545000049331e-01
4.974806317013761303e-01
4.629020672441721551e-01
4.940077271140197457e-01
4.721552306340353056e-01
4.707604925247760308e-01
4.488679321946806300e-01
4.080441565109653168e-01
4.512258588283615257e-01
4.159563490575008959e-01
3.947490001004745341e-01
4.603151476505163986e-01
4.685605153062833983e-01
4.303110862495555522e-01
4.196171916336808860e-01
4.373126496671985719e-01
4.777932315159989507e-01
4.405779663895419418e-01
4.842244520722105983e-01
4.498640940378689224e-01
4.541815171754068903e-01
4.875508856101769539e-01
4.688414448774321786e-01
4.360598798207734328e-01
4.496084162055835054e-01
4.586923879479814503e-01
4.744048451497981378e-01
4.632542970637934521e-01
4.629655587796517313e-01
4.645166338133094874e-01
4.971118821593858983e-01
4.596490022455019253e-01
4.470708018093153546e-01
4.214616967679298276e-01
3.976911804721621202e-01
3.952402500163919030e-01
4.585099841703702550e-01
4.266514503310059325e-01
4.927090684041099955e-01
4.350618385238088082e-01
4.628385808048606775e-01
4.568398601490537003e-01
4.683157002582373218e-01
5.089410820628637033e-01
5.199900012177507413e-01
4.662993992413843602e-01
4.909850118809457320e-01
4.653406517740594217e-01
4.703960853554784438e-01
4.718909997246403809e-01
4.113509570966172868e-01
4.771796960317623570e-01
4.607999307120818067e-01
4.735330826201112342e-01
4.477954761512876192e-01
4.696541863885745349e-01
4.575654484254707555e-01
4.580163388485297693e-01
4.575342802976053447e-01
4.118894403163930185e-01
4.620722793548729945e-01
4.658714524457747697e-01
3.866732496611220427e-01
4.500967348652924471e-01
4.196035835297459160e-01
4.395254594049097241e-01
4.125686745744056028e-01
4.394213175363118062e-01
4.350783681020684024e-01
4.519172728578494391e-01
4.352161310450881615e-01
4.753764036254611858e-01
4.339891579737792937e-01
4.087366386366241833e-01
4.282095343962658007e-01
4.307953838651052969e-01
4.086286108577501519e-01
4.474509365214749401e-01
4.087867086042453191e-01
5.037425648669698885e-01
4.820594515631965171e-01
4.538123867692301361e-01
4.390490115023511497e-01
4.393179519021910284e-01
4.041358535254292450e-01
4.033701867309433253e-01
4.131395908190950150e-01
4.155694118052478681e-01
4.262733110928929037e-01
4.560147053105010340e-01
4.109755643099816114e-01
4.148199036029704967e-01
4.880768545851701390e-01
4.436745197815841757e-01
4.508511711751144735e-01
4.719411882528992686e-01
3.740315779828681242e-01
4.201702823286569410e-01
4.616740461282969887e-01
4.627089050907143841e-01
4.903515308314424503e-01
4.807408238893826069e-01
4.571801466248325840e-01
4.383672083846245071e-01
4.836052193104801722e-01
4.082790540141385538e-01
4.376299580914184140e-01
4.734199170747959706e-01
4.446698310769673923e-01
4.618601288993369747e-01
4.993802011004497277e-01
4.704918785939838366e-01
4.446183603679265128e-01
4.655259746224302830e-01
4.483851792156822169e-01
4.129834229426988523e-01
4.703487294133367747e-01
4.722596374341379022e-01
4.635876057394895389e-01
4.698849107628461086e-01
4.628214926424940034e-01
4.544840609078397153e-01
4.352792449694035670e-01
4.440796940751082222e-01
4.645858843752146417e-01
4.984901396583352740e-01
4.666081525112245054e-01
4.499133810648429654e-01
5.093786285851675810e-01
4.985415278095312042e-01
4.809864367004730856e-01
4.702869941170042534e-01
4.338326064238495205e-01
5.169994668353028455e-01
4.621019242689453077e-01
4.430298130326758566e-01
4.944304606331408891e-01
4.735437596337984667e-01
5.267787075046872491e-01
4.805631542007724466e-01
4.261629307513555287e-01
4.655671416696084974e-01
4.590807383345428816e-01
4.479772745278199353e-01
4.390991598648460448e-01
3.999818945242746837e-01
4.418624635688209734e-01
4.385164198857963158e-01
4.530805377060619366e-01
4.401167038785799845e-01
4.274437174709242449e-01
4.610298466109207238e-01
4.561377270552671170e-01
4.203532723215292477e-01
4.149132644105080758e-01
4.383288901626190004e-01
5.172663389387101018e-01
4.780153304859539598e-01
4.510825761944441403e-01
3.939671987686448884e-01
4.195397688250170898e-01
4.420575118521864466e-01
4.495420283506896264e-01
4.527104275130556243e-01
4.496510622991328754e-01
4.562109383838398036e-01
4.524925464316417179e-01
5.024218489316693015e-01
4.654456793131961923e-01
4.688299755032843130e-01
4.276525154464143608e-01
4.747891543744765519e-01
4.772732111060373206e-01
5.015395522756438407e-01
4.386068265646663189e-01
4.405099457588248502e-01
4.603650094224954747e-01
4.679293205894333174e-01
4.811740630384183648e-01
5.039345619974335833e-01
4.331783264296917846e-01
4.409068987025020481e-01
4.348884408587087580e-01
4.676611563226860668e-01
4.538778317912545157e-01
4.707763187951700679e-01
4.457384855853724348e-01
4.816219963357327161e-01
4.072505237416528256e-01
4.190114794802698439e-01
4.513612468435476699e-01
4.443910885290427437e-01
4.073970122051303600e-01
4.677212380192750096e-01
4.471860667869613781e-01
4.015748452269685687e-01
4.455607708786908372e-01
4.787031664181707891e-01
4.501990463014090560e-01
4.765372653034981587e-01
4.860742341276377831e-01
4.515949923467191818e-01
4.996089736296962514e-01
4.708785917836854629e-01
4.583772712004976491e-01
4.679195095091427947e-01
4.490236225590082952e-01
4.273763435034888536e-01
4.634187516443560861e-01
4.389032003483199773e-01
4.958728655316553824e-01
4.798205222689044813e-01
4.763740504887504223e-01
4.849056746417919062e-01
4.324352109920626130e-01
4.041603291418561783e-01
4.204792262456658047e-01
4.420343637344006371e-01
4.331075306899051514e-01
4.142184102618330366e-01
4.586212645863897430e-01
4.231019179975529232e-01
4.908608650089071324e-01
4.408940327684614524e-01
4.320279532144674084e-01
4.857745148881000286e-01
4.344455766601161284e-01
4.346322344946636496e-01
4.802596528871924675e-01
4.447774331903699419e-01
4.720716295505442139e-01
4.418166175657933237e-01
4.723392862096727485e-01
4.907173736235265205e-01
4.289840212419834264e-01
4.638179013313808441e-01
4.377383693647522445e-01
4.599983466437813640e-01
4.435165945109280639e-01
4.704582818343663875e-01
4.680102245123499705e-01
4.693431253609381959e-01
4.349984155704545996e-01
4.172354284397736812e-01
4.206818660981979652e-01
4.505113181224925101e-01
3.992892394913284404e-01
4.006215469477713009e-01
4.042057186573733141e-01
4.096757711310009542e-01
4.216592009051091106e-01
4.175897548525743241e-01
3.769242626928880902e-01
4.120748811877147366e-01
4.282017188253086082e-01
4.201723081049948960e-01
4.578926671826454298e-01
4.096979151428482568e-01
4.767963313501132339e-01
4.421988569172911054e-01
4.032427949578975546e-01
4.183622110090650104e-01
3.959467444722649665e-01
4.464402183229383425e-01
4.132872996560066348e-01
4.471976903120344349e-01
4.113622474199709611e-01
4.806596502652941694e-01
4.530064225626968533e-01
4.487588488206888937e-01
4.688221695701688674e-01
4.365608247271213771e-01
4.456705499833163442e-01
4.463961284856780010e-01
4.432364360953645055e-01
4.407688115852116950e-01
4.383985392610156295e-01
4.455034967334710605e-01
4.856481028116564347e-01
4.304718463266271611e-01
4.694302791376849804e-01
4.880608176445741520e-01
5.030536224689335922e-01
4.362218963556087070e-01
4.354433895588827874e-01
4.150765946118420979e-01
4.685009434911447945e-01
4.408206749856273809e-01
4.087887034496769934e-01
4.550627393540299659e-01
4.532792105913485137e-01
4.132544648609681182e-01
5.039334461481087546e-01
4.991129709921602875e-01
4.642314139833713660e-01
4.569448181254668895e-01
4.613758096387391427e-01
4.844711402905858000e-01
5.290965183518008264e-01
4.846612665947437337e-01
4.289521315727027884e-01
4.688614144118651850e-01
4.382824005144522195e-01
4.478083516760658633e-01
5.007901323994192744e-01
4.704167157469051341e-01
4.491743385464515015e-01
4.662440834642009313e-01
4.304896399859081679e-01
4.476603311029705434e-01
4.049099469543613883e-01
4.661262783541759158e-01
4.847150805266325357e-01
4.380142305201570885e-01
4.799105532995261991e-01
4.435421381514461081e-01
4.596825892147600734e-01
4.682891971992536040e-01
4.625168535293025518e-01
4.861673029883212260e-01
5.001814414929802721e-01
4.814778773275335544e-01
4.423505768992901377e-01
4.214500318323091133e-01
4.187676819605284928e-01
4.278629967383909549e-01
4.333060533614237486e-01
4.707647636458617280e-01
4.537175463536439191e-01
4.494698851457956112e-01
4.106303809485461476e-01
4.393567816261726988e-01
4.396990178335896116e-01
4.622849571847669758e-01
4.842619599846472722e-01
4.757951124185664238e-01
4.270962952302296278e-01
4.280723258311028845e-01
4.242272273530580118e-01
4.522303390485464814e-01
4.749301914138120972e-01
5.278892106102468507e-01
4.761859820446731617e-01
4.752970726984517835e-01
4.560420958590299945e-01
4.594472041350811664e-01
4.095641414080932186e-01
4.729249641289834383e-01
4.408304828853395474e-01
4.825759115102540298e-01
4.640048240214110775e-01
4.645374585285704794e-01
4.849957712315947633e-01
4.490433254340662761e-01
4.858412898394227075e-01
4.683869599444766552e-01
4.704448250940876930e-01
5.026693770045810306e-01
4.572967477016557369e-01
4.858372683136892300e-01
4.892393315131772225e-01
4.854978490317471973e-01
4.897074572974340345e-01
4.470815586267681829e-01
4.960982963469586227e-01
4.542204593667113488e-01
4.339478909737929380e-01
4.515469375694223242e-01
4.504467956124473260e-01
4.013088588422032421e-01
4.286967087202007143e-01
4.007168270940743016e-01
4.606581078206165580e-01
4.149646116225477188e-01
4.403304750168342552e-01
4.597306354036532205e-01
3.753428319589501849e-01
4.452826057530256953e-01
4.339927488077116036e-01
4.145264936547441992e-01
4.478332944229718726e-01
4.464978048088579787e-01
4.666929723078275249e-01
4.382547283592052034e-01
4.443762171426124397e-01
4.414676502537827063e-01
4.652658522278219078e-01
4.908565300794128783e-01
4.519238550178151237e-01
4.325529616253585563e-01
4.749033289075251241e-01
4.977432859373284724e-01
4.464677530118754678e-01
4.641325691147133448e-01
4.829750229014402318e-01
4.487752463621022536e-01
4.493036096337925112e-01
4.666944398917189374e-01
4.726690329224965681e-01
4.506412597920185781e-01
4.340883355644007402e-01
5.001707460821772644e-01
4.382783585130407555e-01
4.084550055451499073e-01
4.208043836606123467e-01
4.798426464627454369e-01
4.472976319939065415e-01
4.513941045232056082e-01
4.391261630784997760e-01
4.593379242951570740e-01
4.495483669025772122e-01
4.389965824791525750e-01
4.324732325707382197e-01
3.837929094079224890e-01
4.624553261986786845e-01
4.657964852539702161e-01
4.585580423712604659e-01
4.355498753687107039e-01
3.992609755088565304e-01
4.230431403453709938e-01
4.295822410079648823e-01
5.074652437574194153e-01
4.395450977829737371e-01
4.418020662234254381e-01
4.656257795934543031e-01
4.264848461809212510e-01
4.391761852358339047e-01
4.926760526650060812e-01
4.909145253612970383e-01
4.608134820409780508e-01
4.934776705687892173e-01
4.714364353878718328e-01
4.546545145163953805e-01
5.089292723569638355e-01
5.086787672934656168e-01
4.737728298833319140e-01
4.571913296505266122e-01
4.689819992309446350e-01
4.686920972358998294e-01
4.858065443512527004e-01
4.682986052735165217e-01
4.657467113586777341e-01
4.427518852343955147e-01
3.940230174888538217e-01
4.219137173628059734e-01
4.410913235092732698e-01
4.595855498861706190e-01
3.994603315489143602e-01
4.398374248495384164e-01
4.744907943070296730e-01
4.476770188499872294e-01
4.524796474887959885e-01
4.334815784008871353e-01
4.262145612856639287e-01
4.243079815714823066e-01
3.970917046316206345e-01
3.948912318110917585e-01
4.553585760880388134e-01
4.095934558758942967e-01
4.453146453589342801e-01
4.752009429523759709e-01
4.831714286790642632e-01
4.397989378624231338e-01
4.716463021654906940e-01
4.367442904251421232e-01
4.440025085878591682e-01
4.653945098663119229e-01
4.208893877865416133e-01
4.239716635996187977e-01
4.512994160734079552e-01
4.676356932360845597e-01
4.734597537129727751e-01
4.363618915007225763e-01
4.818689544774779066e-01
4.628070877167206887e-01
4.731644267540219273e-01
4.419733604512525726e-01
4.668675509366477239e-01
4.732796529763960702e-01
4.944269017522925913e-01
4.641017657764955895e-01
4.929096270248687350e-01
4.713671633566816066e-01
4.444502700681762786e-01
4.596031658700784894e-01
4.358276963887467437e-01
4.537079861120071334e-01
4.391959448204806882e-01
4.347323266226550964e-01
4.082808447248088557e-01
4.640765700985732822e-01
4.257178238903482348e-01
4.553574366228780868e-01
4.648376012431353344e-01
4.144179338378709554e-01
4.423667981500643553e-01
4.710834412994198694e-01
4.340626807372671148e-01
4.256971423844448377e-01
4.551102549512517359e-01
4.219777077404064936e-01
4.451647366243335346e-01
4.727765815097043633e-01
4.327182062324515521e-01
4.234034174952306384e-01
4.604655859513286376e-01
4.424551439801955310e-01
4.769022147513928278e-01
4.525090115610542196e-01
4.356348834304350492e-01
4.393267401931144067e-01
4.390755698460474532e-01
4.741445034970513395e-01
4.562166746764446668e-01
4.207545131159051155e-01
4.301817781201664470e-01
4.447593463536668734e-01
4.856553789455599346e-01
4.502009966149613795e-01
4.498288758748990035e-01
4.532701199594322827e-01
4.352915688175292841e-01
4.472761397076844836e-01
4.326073985475904493e-01
4.661768252618757602e-01
4.526502563884308716e-01
4.491898570531742130e-01
4.613470519743173570e-01
4.765460081578549723e-01
4.679432219426534756e-01
4.483720872366691035e-01
4.701571684201079626e-01
5.097196396423491205e-01
4.890021871223244054e-01
4.313811714184982438e-01
4.637535022417024755e-01
4.658406717751311654e-01
4.697483404710858790e-01
4.388487628733363510e-01
4.822176784246167691e-01
4.418089080017036374e-01
4.349518041415050829e-01
4.444588509189847936e-01
4.042196362237223672e-01
4.463435604948449154e-01
4.375037058072058782e-01
4.593149486295335926e-01
4.320677788900741945e-01
4.659354104453732326e-01
4.612329272383119405e-01
4.023747831599832070e-01
4.548827361457212226e-01
4.501069977413683088e-01
4.423735255511855868e-01
4.776495249009166666e-01
3.889916057991460452e-01
5.074811133833884158e-01
4.636933713525349665e-01
4.460036568350583264e-01
4.710920810493890998e-01
5.095674784027689475e-01
4.323050119801491453e-01
4.406819230152295708e-01
4.947555567165516366e-01
4.280315794747135971e-01
4.756797380965904765e-01
4.372825364643116997e-01
4.721248316746076146e-01
4.532381605538476910e-01
4.328148339311234105e-01
4.287852206022573220e-01
4.626116659801313147e-01
4.149359515550985478e-01
3.865224611619190176e-01
4.703183717352289461e-01
4.245864867825934752e-01
4.269581957561821017e-01
4.504320774177272280e-01
4.528517099438660320e-01
4.268586718502397348e-01
4.547902139770155783e-01
5.040635087553930749e-01
4.115990417293243775e-01
4.489402222904682604e-01
4.674226785647829785e-01
4.524624571244794669e-01
4.534036850812162567e-01
4.102610356437962902e-01
4.538151415163313995e-01
4.707289747682396053e-01
4.657559881145563185e-01
4.827037506671407185e-01
4.627788577873251930e-01
4.625533537327637390e-01
4.596033271356937400e-01
4.503892111828183831e-01
4.447886576705064043e-01
4.622484821478174410e-01
4.891383312580690479e-01
4.301292662296006819e-01
4.644859662792767963e-01
4.837563958289675115e-01
3.910273063865330467e-01
4.060215973251389276e-01
4.397694452098648843e-01
4.671369812996573057e-01
4.524009196419351286e-01
4.210011973277533737e-01
4.376276744308176259e-01
4.747379930108273638e-01
4.764437749027030655e-01
4.782612473522691032e-01
4.384999306443957412e-01
4.491656262345595785e-01
4.604029219563134934e-01
4.603649225570243253e-01
4.522194779149586452e-01
4.659440084496189738e-01
4.205513385109341806e-01
4.136698269953602014e-01
4.869102488343979296e-01
4.404764068337387317e-01
4.261004011978875017e-01
4.327275862675063478e-01
3.846284664655377772e-01
4.266778989731629390e-01
4.357998804778877577e-01
4.051015506427664281e-01
4.551896440637313024e-01
4.272754784292410735e-01
4.548575999445330087e-01
4.834871294876093017e-01
4.444689940159909924e-01
4.589057472293357476e-01
4.643869333219556861e-01
4.481510411208347588e-01
4.337299774075299430e-01
4.604049555126277227e-01
4.527771933611942634e-01
4.359049117531702544e-01
4.201374096773664579e-01
4.255426312117114862e-01
5.164790711739352114e-01
4.514438077862611420e-01
4.560020999561275046e-01
4.543794891472387465e-01
4.549317521515366392e-01
4.685464653459033291e-01
4.513392866558331717e-01
4.401010547358858993e-01
4.384869492448176254e-01
4.030149044180016404e-01
4.297095759848759688e-01
4.379260360220436632e-01
4.371146093231351726e-01
4.538409069082459113e-01
4.805747757535405729e-01
4.688464266499979272e-01
4.709765710897721447e-01
4.433575691273239361e-01
4.728646574700933192e-01
4.823391111423947497e-01
4.837723925062139552e-01
4.723072800500111579e-01
4.273922568072680006e-01
4.516981380915857103e-01
4.280760743118127709e-01
4.125715037840739785e-01
4.273832628186103322e-01
4.280516863367143654e-01
4.736591657793941534e-01
4.297537749005491681e-01
4.709414938350366953e-01
4.513144318313947467e-01
4.804043403314622873e-01
5.033986449412780617e-01
4.865764789485022557e-01
4.698645063510196174e-01
5.054358114407773162e-01
4.602052283775183716e-01
4.470602395555545727e-01
4.422997923176230639e-01
4.988859571773368584e-01
3.798656074944645189e-01
4.295365041429403674e-01
4.714175515923394455e-01
4.362795202194755251e-01
4.422639751419017440e-01
4.363993381033188790e-01
4.800947013631394200e-01
4.566101022831843825e-01
4.330543408065821720e-01
4.905398038855472431e-01
5.050323410465894503e-01
4.542187496619076725e-01
4.787474416407542788e-01
4.617880992094589021e-01
4.841965193832481473e-01
4.866371634372915755e-01
4.801989094862130769e-01
4.006515463792263976e-01
4.608949692812712162e-01
3.892960370782334589e-01
4.357542567745456008e-01
4.517773876362214946e-01
4.126101139777610949e-01
4.445690944529691047e-01
4.299245395905476608e-01
4.288787052834104885e-01
4.800372695960379299e-01
4.779865274771341044e-01
4.582571089191748159e-01
4.405113631154933818e-01
4.889611550679800467e-01
4.466201870791721706e-01
4.358084606561112295e-01
4.378728222052893360e-01
4.279302989816510805e-01
4.282475933820678593e-01
4.478485021024500856e-01
4.626974487548958792e-01
4.473220997981786073e-01
4.885029272342143458e-01
4.494486628285925822e-01
4.929475323372610740e-01
4.637376749812696097e-01
4.756146066556613539e-01
4.713921610947553464e-01
4.854602303885346970e-01
4.605051750857515613e-01
4.752455848871989241e-01
4.968992563771627569e-01
5.033120261470188650e-01
4.139445033789538320e-01
4.623589571140500065e-01
4.835270325389334767e-01
4.142878069372756822e-01
4.596693105199540774e-01
4.471639854476631148e-01
4.470099787778061828e-01
4.876432810083272118e-01
4.643962275189849054e-01
4.611746785416334649e-01
4.615543671473866794e-01
4.651059909645451906e-01
4.456994052678609486e-01
4.608934088759235048e-01
4.639374870378649152e-01
4.412720919910402273e-01
4.610223262227519658e-01
4.616149289824517110e-01
4.585154647930189120e-01
4.518969420445013152e-01
4.663191874226289557e-01
4.601843493076192559e-01
4.892481093412360815e-01
4.585318343661026752e-01
4.659178337993449270e-01
4.805357746264127816e-01
4.273510998437144437e-01
4.656887775697485798e-01
4.299321817368130794e-01
4.551477857628380419e-01
4.478332277118488580e-01
4.738016123602199481e-01
5.047419717074159706e-01
3.954763019401775215e-01
4.020406514765823558e-01
4.829247831333070562e-01
4.805868517354467961e-01
4.753691927008967810e-01
4.190978529240451667e-01
4.484147033477429156e-01
4.519755761600375288e-01
4.717381516428533206e-01
4.767918767518712908e-01
4.519565596803492014e-01
3.932337199082986956e-01
4.275359217286939240e-01
4.160276701418784140e-01
4.481488187962215375e-01
4.630894399568508124e-01
4.533346928179257662e-01
4.268083470030347160e-01
4.583516261363355104e-01
4.325751036683297968e-01
3.982163984895799591e-01
3.960063054448955677e-01
4.440677087574821380e-01
4.405732039188543503e-01
4.487962451027506794e-01
4.460836811705520266e-01
4.829702690391390885e-01
4.496841556263559969e-01
4.734850079657614286e-01
4.706982503305303656e-01
4.990526111305528811e-01
4.980092274577945233e-01
4.207679894815434807e-01
4.826552271003829997e-01
4.471509923828842492e-01
4.734958925612496872e-01
4.399167782494518564e-01
4.408901782209200815e-01
4.283092704102646198e-01
4.485520518164974324e-01
4.640651072447630754e-01
4.274983952427014455e-01
4.664794814804222312e-01
5.403586371861005544e-01
4.352971791292719606e-01
4.965581262407581797e-01
4.731450657370933066e-01
4.449741241859062058e-01
4.354041504320477207e-01
4.291870610775251338e-01
4.518331442396550379e-01
4.401549091997217222e-01
4.672220290666213027e-01
4.027037128389381326e-01
4.168531457239640914e-01
4.394101610595544383e-01
4.427666320016990231e-01
4.433645601782273959e-01
4.374020475387394580e-01
3.832584032993424650e-01
4.181378977674160002e-01
4.730635446441607272e-01
4.533383935055945724e-01
4.461754166871177429e-01
4.269136519131553342e-01
4.445351984256851741e-01
4.135070426582225789e-01
4.372097509835705664e-01
4.194247013335249963e-01
4.852439669413406986e-01
4.205314789717286006e-01
4.494131827910641808e-01
5.111527584520066947e-01
4.711513335635804101e-01
3.870438661054678708e-01
4.467090763637338591e-01
4.367252832453168976e-01
4.506719568787018737e-01
3.788833724453046781e-01
4.723438507685626120e-01
4.524843037525767553e-01
4.054701201685814715e-01
4.711709446174132121e-01
4.486978228100336752e-01
4.760769088517935455e-01
4.738478472144556641e-01
4.292733943779393213e-01
4.169071357390216614e-01
4.243705433133012628e-01
4.547084899364349231e-01
4.197937082472004144e-01
4.476532783496785517e-01
4.571067755529394927e-01
4.316647501230811423e-01
4.472714861658224628e-01
4.330783653634740493e-01
4.035193313493898870e-01
4.375209814232674521e-01
4.519686722625770314e-01
4.903229320436773842e-01
4.869499173333442510e-01
4.099767390724478044e-01
4.553653349585125576e-01
4.717915198041893188e-01
5.120473828684287687e-01
4.644753447157314863e-01
4.670669643019438322e-01
4.647596160810180121e-01
4.174440448844483620e-01
4.867354589932224584e-01
4.724191748262815405e-01
4.448196170306955577e-01
4.090741500926550200e-01
4.547395654529938769e-01
4.539601894036616736e-01
4.614305643715111427e-01
4.444731229085425728e-01
4.829773843866080885e-01
3.952525066343218207e-01
3.704434196660028045e-01
3.988919935841702125e-01
4.092313457981747726e-01
3.917764361223662894e-01
4.496424920155390192e-01
4.241015148605892238e-01
4.430111808952652552e-01
4.217515141943918300e-01
4.808231462866061068e-01
4.845840778859095144e-01
4.422788620788961622e-01
4.593614300243647475e-01
4.440265554344725030e-01
4.906774438547849004e-01
4.772525632299189358e-01
4.510157520614952453e-01
4.826707692771449176e-01
4.901850019040414619e-01
4.312659403095017163e-01
4.965379556800740835e-01
4.644678869977587055e-01
4.371982767188045682e-01
4.010994791094283363e-01
4.122196520454702307e-01
4.409299176907895412e-01
4.997476726877891351e-01
5.015678566249168746e-01
4.153000591542995168e-01
4.169314782866111457e-01
4.154437329563215320e-01
4.635450209355138074e-01
5.032526940575479113e-01
5.026920268295597127e-01
4.736688326400848581e-01
4.389260618427754945e-01
4.494418326723547685e-01
5.083441036378435474e-01
4.692210782951736769e-01
4.619970308581202167e-01
4.988641500314780486e-01
4.579268614626151312e-01
4.627812089284697450e-01
4.612711832481053986e-01
4.343645816117160940e-01
4.793673264728176009e-01
4.738577869647017660e-01
4.476201339128829670e-01
4.522824829017928483e-01
4.481420382420276960e-01
4.849780817508898001e-01
4.838517887172889553e-01
4.296513058651955652e-01
4.628435799843848009e-01
4.697797355071406944e-01
4.686370416689079055e-01
3.995906971391106066e-01
4.596595404389036688e-01
4.903204660949952443e-01
4.663769286638969058e-01
4.671405994827454444e-01
5.083032893552218434e-01
4.727975166622793712e-01
4.937332306470393339e-01
4.631318486860320216e-01
4.943451386505032241e-01
4.744151236570940955e-01
4.851256280899558515e-01
4.778012533041813836e-01
4.460569946534234664e-01
4.424060140490851389e-01
4.703362142219045805e-01
4.777891517770591068e-01
4.737558936550065325e-01
5.149139780407834266e-01
4.622848054768580184e-01
5.058688003992438675e-01
4.441001930368949080e-01
4.064487638656931745e-01
4.729599156821184258e-01
4.512540270396089848e-01
4.899098684641959300e-01
4.533128012451290711e-01
4.950265136126171805e-01
4.727037895953405955e-01
4.350940825660289946e-01
4.684518837856022633e-01
4.765353449700521216e-01
4.924588082550555024e-01
4.919735367534936454e-01
4.897937866628318537e-01
4.464463329439251615e-01
4.309985503944514518e-01
4.976323002307841969e-01
5.144926518969833440e-01
4.833059396843963351e-01
5.110993759102605560e-01
5.075345927530938717e-01
4.816035693423023067e-01
5.075051913194904563e-01
4.198931707427936422e-01
4.376849369575476767e-01
4.287766435418667865e-01
4.420010002509701108e-01
4.263078138324549737e-01
4.676040188595870228e-01
4.192482530332555801e-01
4.214937213603109911e-01
3.793446916396688851e-01
4.624997579762341604e-01
4.601026280421019465e-01
3.821434605519431482e-01
4.445303243505114854e-01
4.466906549134953552e-01
4.817276044363578147e-01
4.570554279564464362e-01
5.058855326835633992e-01
4.259791682108352573e-01
4.658452098042511480e-01
4.085709127004497621e-01
4.320258499592319335e-01
4.504051939977741781e-01
4.418343523450420918e-01
4.663992614063747211e-01
4.427255536275843673e-01
3.884601179542477301e-01
4.031390174871672394e-01
4.218988635188164471e-01
4.304172433724786084e-01
4.654501737135561812e-01
4.732455028194300084e-01
4.423505573654553658e-01
4.442356544870973423e-01
4.173451217997021234e-01
4.564068991967483724e-01
4.848501972358775225e-01
5.069925184433478060e-01
4.589178450243152074e-01
4.532659790141241318e-01
4.149780601446992900e-01
4.454320752528218019e-01
4.171381046168821660e-01
4.092640299871175835e-01
4.668881011197687503e-01
5.061655607465470608e-01
4.471033525644234619e-01
4.674738773907329281e-01
4.878769095712776060e-01
4.682805967031112293e-01
4.619789192435945213e-01
4.652724833223338963e-01
4.226687155213976199e-01
4.818943984160753424e-01
4.355039610395616823e-01
4.552127220834817911e-01
4.389796406079642943e-01
4.490049705002764902e-01
4.310156062160441226e-01
4.690208180512591696e-01
4.625295141270224231e-01
4.926271390552283691e-01
4.965772390101740319e-01
4.758624882299915537e-01
4.129633232515091956e-01
4.529298446364645181e-01
4.337497857112483923e-01
4.826637160287117201e-01
4.358841475943305843e-01
4.452655530695622255e-01
3.949358336395166202e-01
4.073756843768730485e-01
4.285984270266015583e-01
4.111436012320066613e-01
4.565538781091090237e-01
4.600510340515439056e-01
4.836703028421163730e-01
4.563176601319177128e-01
4.628358706501199404e-01
4.900399439944539970e-01
4.850251855871849926e-01
4.330514089639316833e-01
5.043696087011043661e-01
4.415527887706161003e-01
4.265594204945593604e-01
4.402605789334232411e-01
4.293254442846476948e-01
4.342837849266166783e-01
4.594328953680267835e-01
4.690592007069010472e-01
4.561769846957786645e-01
4.165287715692358450e-01
4.580213699510360947e-01
4.119255427667891656e-01
4.621367635555271858e-01
4.679688658511615418e-01
5.000609510612668007e-01
4.646509095521492716e-01
4.923858927879087299e-01
4.516961098369175476e-01
4.834844544507712061e-01
4.983503573872634651e-01
4.764239457722885263e-01
4.739244460556139571e-01
4.480879099448318303e-01
4.670249154187522955e-01
5.067424445868194960e-01
4.888729682231422458e-01
5.116089683939722965e-01
4.277079854962473338e-01
4.741753378209589420e-01
4.935369262260211332e-01
4.615842829412384885e-01
4.723951559778336584e-01
4.651083734837274108e-01
4.594998384676861614e-01
4.619067018446872397e-01
4.479953475095405646e-01
4.368827025013173326e-01
4.553345310455367279e-01
4.368758251373972556e-01
4.478059284977515264e-01
4.551296126143066223e-01
4.764288945277670995e-01
4.837842876899527411e-01
5.136396245526766435e-01
4.822538759136719699e-01
4.609525089718784496e-01
4.951537923572989497e-01
4.540263185930317746e-01
4.858615767149866982e-01
4.275039662952167530e-01
4.286415328856169049e-01
4.518856818783153484e-01
4.267525981729526352e-01
4.380877485073076949e-01
4.485685403099447521e-01
4.324412123664932994e-01
4.365710651237279527e-01
4.538022632186914929e-01
4.990077356286351518e-01
4.337075562470525392e-01
4.288616770824179025e-01
4.159208822059300981e-01
4.593414410955329874e-01
4.095019387354625340e-01
5.011985014163417018e-01
4.860516131675936546e-01
4.214900705385257185e-01
4.544017307067526046e-01
4.861160143002269951e-01
4.548447916099290222e-01
4.108472937501816413e-01
4.759992941671904454e-01
4.340699504618543147e-01
4.240611265453788636e-01
4.727949207368581375e-01
4.637620924446854143e-01
4.713181344102582160e-01
4.940007093490504375e-01
4.586408045335310102e-01
4.692135315801786999e-01
4.720229860877678263e-01
4.050580743546239315e-01
4.832752660880746398e-01
4.630683486848010677e-01
4.801626155929215045e-01
4.561815815324483103e-01
4.437274785524556453e-01
4.302150674346398862e-01
3.923152656704456120e-01
4.376453544297111420e-01
4.527362006020642649e-01
4.625468157952307147e-01
4.041132132836924296e-01
4.320059436644811957e-01
4.627973939171505791e-01
4.274737185549055130e-01
4.259653795314248814e-01
4.497740533374129379e-01
4.359176224946372802e-01
4.513697771910940570e-01
4.810648648092675228e-01
4.456721441864168742e-01
3.741009574766518964e-01
4.013066293021094189e-01
4.426551878175383758e-01
4.419516303409053437e-01
4.011389917357648383e-01
4.558298698627932799e-01
4.513341454802548558e-01
4.910719650125862090e-01
4.629048967678220938e-01
4.710359727806125996e-01
4.704106048488728709e-01
4.778968082896457026e-01
4.801987042946196382e-01
4.308002831757309914e-01
4.202310023112267867e-01
4.248582739824253718e-01
4.598988435567037403e-01
5.006400978317161465e-01
4.685866006197528799e-01
4.939832325219493669e-01
4.717502971545605717e-01
4.701815735966224929e-01
5.175457011095685456e-01
5.163512061682919985e-01
5.075043503341414297e-01
4.893032227537630341e-01
4.894326737382445613e-01
4.826043309096140210e-01
4.542876463136426568e-01
4.610218637343959092e-01
4.718533127895775392e-01
4.913073488566968572e-01
4.875446337527477025e-01
4.866166426365533537e-01
5.142602759043473082e-01
4.596342511848147683e-01
4.679797819627906641e-01
4.887371263430284607e-01
4.806612345884678228e-01
4.444526733295572907e-01
4.390325065977520036e-01
4.535798400979808020e-01
4.754036529294985991e-01
4.764851252335951526e-01
4.386080761169806608e-01
4.293279436211389632e-01
4.232875312585693828e-01
4.244919720178324529e-01
4.288472190899131897e-01
3.806615254193176923e-01
4.666219405990257862e-01
4.715808345861460804e-01
4.300730508126580642e-01
4.415520087321552767e-01
4.508909748413589824e-01
4.407691247439416427e-01
4.758483314666999142e-01
4.752001135123700148e-01
4.296491652154519891e-01
4.300012156187430490e-01
4.765856900999955181e-01
4.893488482197216882e-01
4.559142238623012378e-01
4.376963239613017032e-01
3.873209542696910423e-01
4.667456011377522085e-01
4.660939441889730417e-01
4.362228725578065625e-01
4.592045134732254952e-01
4.882183016216517513e-01
4.807863906212467842e-01
4.687153507326270452e-01
4.307259440545426199e-01
4.604450240657836924e-01
4.229404457611140034e-01
4.184512638194838319e-01
4.390103727542177259e-01
4.548295272772232001e-01
4.095811721989613963e-01
4.388128229474724251e-01
4.582090617932783050e-01
4.614361602799247897e-01
4.593168667836820540e-01
4.297013734416458841e-01
4.742464103238521189e-01
4.547557648735552904e-01
4.456486994460935880e-01
4.857458656842316147e-01
4.885686705818714781e-01
4.840629119164120420e-01
4.930473168096667913e-01
4.601624406711823934e-01
4.502933919273923169e-01
4.407247981282232385e-01
4.079405648867989176e-01
4.379948361301505000e-01
4.754173605738179487e-01
4.817907333736942688e-01
4.399702431199251640e-01
4.745337782241201285e-01
4.574005098627270116e-01
4.782291285268607806e-01
4.457477398935724699e-01
4.237364273575826012e-01
4.272869548668206119e-01
4.659829824919528019e-01
4.430720940495054272e-01
4.601301134534465653e-01
4.394685603019070075e-01
4.255456306722748550e-01
4.295958325777362585e-01
4.321609043764314539e-01
4.237498375883673729e-01
4.572943360282593073e-01
4.662494731712533702e-01
4.529382392135956059e-01
4.737895302734894121e-01
5.093342708808167307e-01
4.936774413785771642e-01
4.782774495327300479e-01
4.740092782938858940e-01
4.660595357398102934e-01
4.604853302778242896e-01
4.537318107836887382e-01
4.638997499124098978e-01
4.573987946235003044e-01
4.453347775270204978e-01
4.064433751243348159e-01
4.700073006240240159e-01
4.718235360630497199e-01
4.355302586492316719e-01
4.910057010531986288e-01
4.803612666900188843e-01
4.646553297474383393e-01
4.578904862755193150e-01
4.372805423348712361e-01
4.396661706159410432e-01
3.859798925143484438e-01
4.421004070355772919e-01
4.383283357433249705e-01
4.381432117752732114e-01
4.520315082297617360e-01
4.665037972806065358e-01
4.896412915173639080e-01
4.448157907984606751e-01
4.534229645003668985e-01
4.707219428782511428e-01
4.656906770155478936e-01
4.944626929097470369e-01
4.402741344788895783e-01
4.976596520917025424e-01
4.561737573056136030e-01
4.732569597105162340e-01
4.871744136845880813e-01
4.886222806615920788e-01
4.604715676748138975e-01
4.672424787959266745e-01
4.421682696648414623e-01
4.892906676462470128e-01
4.307341385923633137e-01
4.453470242945209434e-01
4.465144810934391084e-01
4.918467145402116714e-01
4.628988549020268128e-01
4.429239928208549282e-01
4.707222729347534940e-01
4.427491117290160427e-01
4.107847235749707004e-01
4.455195179684956486e-01
4.812782098346504167e-01
4.662750169699557135e-01
4.810906911641180672e-01
4.526116391349853663e-01
4.983569017479764218e-01
4.923313338402470207e-01
4.807520235496080541e-01
4.759230252432778419e-01
4.454103773346810291e-01
4.557176489488601878e-01
4.257816302712026935e-01
4.299257670123481367e-01
5.149563859135564137e-01
4.603783009115406388e-01
4.280277289097288995e-01
4.725375670610861834e-01
4.451394746855553697e-01
4.375235613526969880e-01
4.102237326514700522e-01
4.073915769691532907e-01
4.781582623165462897e-01
4.559406022657673252e-01
4.978869393104037866e-01
4.594178557106567973e-01
4.654974613181165344e-01
4.464806976302356789e-01
4.778613064174573322e-01
4.444605125263931256e-01
4.583879745453956489e-01
4.333609696058320360e-01
4.415667048922641835e-01
4.270452037924067357e-01
4.371893127454479222e-01
4.426080437774372878e-01
4.367155544347478546e-01
4.187379124301374711e-01
4.351504831727563416e-01
4.869686927054614478e-01
4.605412399493759024e-01
4.654356669580813621e-01
4.306122616318326379e-01
4.233444592860339806e-01
4.652473171659036177e-01
5.189735696489640171e-01
4.798435661679428810e-01
4.966032892882981109e-01
4.402878446878564223e-01
4.870732387353254866e-01
4.550607215213692269e-01
4.595107629463007215e-01
4.641480611396580080e-01
4.970510104918191008e-01
4.739362891268541489e-01
4.793532599140865047e-01
5.256536028828490137e-01
4.864573395163241942e-01
4.963044978716803501e-01
4.843471032060488457e-01
4.881828098996259802e-01
4.755386641162960282e-01
4.295515800051369903e-01
4.677403886033253966e-01
4.254013058374931378e-01
4.043055870532280549e-01
4.400799553505497230e-01
4.212999081855233197e-01
4.443137112327303351e-01
4.380992545696524854e-01
4.516109484145869879e-01
4.124470878150742759e-01
4.102151305188859731e-01
4.558003449868812673e-01
4.762162529859942373e-01
4.713083057204855431e-01
4.588048647469122887e-01
4.279911379880378397e-01
4.319686525287738665e-01
4.400323334096728489e-01
4.644386149352369708e-01
4.247049001288464298e-01
4.642958016646566155e-01
4.273595878883448274e-01
4.603034209841055380e-01
4.702991704425303898e-01
4.148439702599940326e-01
4.193583913461824686e-01
4.483687024920463560e-01
4.376990753363872999e-01
4.593178325183179811e-01
4.770071359537041977e-01
4.200326686545958754e-01
4.240030744545732477e-01
4.847540699088516147e-01
5.001127734639502220e-01
4.785679846917014757e-01
4.447310639883884642e-01
4.232322634049195398e-01
4.491734258412919401e-01
4.134815297429746406e-01
4.398345163864350038e-01
4.365971841213913129e-01
4.559916629110953856e-01
4.070415430641172172e-01
4.604106152904162141e-01
4.356553030943126625e-01
4.232135421924871355e-01
4.292554766931022669e-01
5.058950723201032229e-01
5.123141107453081933e-01
4.275775728025777989e-01
4.551530231087373424e-01
4.743623824477218309e-01
4.636952043247228872e-01
4.541073495550255190e-01
4.536659568143135424e-01
3.978507444793723535e-01
4.825397545568257951e-01
4.627735756247731702e-01
4.231186578485370275e-01
5.052321081206673226e-01
4.594800580414911129e-01
4.968349152718820605e-01
4.359600577343763494e-01
4.859536414013409522e-01
4.920837360360511004e-01
4.328183868685550606e-01
4.851876297320854015e-01
3.922632904861622083e-01
4.590672665582163914e-01
4.995615537679704010e-01
4.658980694078341256e-01
4.743429737077378139e-01
4.403242911354234845e-01
4.602552562446987072e-01
4.556048621705401369e-01
4.315227703561846373e-01
4.545398176285064262e-01
3.919116442658430177e-01
4.765797181126598669e-01
4.339595452816118470e-01
4.574921075647700452e-01
4.367415878609104407e-01
4.265690012608846504e-01
4.085138716208057685e-01
4.545873081108549596e-01
4.844613383993954248e-01
4.267422274670570892e-01
4.175567557257982565e-01
4.402609518282723511e-01
3.986927581086956995e-01
4.107969282387230470e-01
4.379127951240059380e-01
4.093321954834609477e-01
4.272025473539931006e-01
4.308366983447159959e-01
4.325651906183219375e-01
4.493312227791066427e-01
4.506635772791481309e-01
4.154419944682148369e-01
4.225587763604838898e-01
3.931910590884208911e-01
3.928315372390777660e-01
4.464460428077774989e-01
4.550365790327027260e-01
4.408798745987232981e-01
4.212673002910153341e-01
4.391966016353784918e-01
4.740671933084819045e-01
4.371815340015598461e-01
4.268163969824680937e-01
4.504357758766815434e-01
4.325958613097150574e-01
4.041219615013940114e-01
4.141386905757122316e-01
4.255696874600358726e-01
4.453953080908618634e-01
4.589324867587644685e-01
4.651389404116801352e-01
4.913135034653570710e-01
4.156463562221865971e-01
5.258972760567081073e-01
4.911387663187787855e-01
4.353304661227376249e-01
4.531400517989703780e-01
4.401797881553861647e-01
4.241624457697132367e-01
4.480711551167781415e-01
4.196665870626762329e-01
3.774320020172801660e-01
4.659861893834956192e-01
4.424983618700499277e-01
4.395627394539934341e-01
3.983819358449572356e-01
4.464954196995900015e-01
4.556442407188758814e-01
4.099702978689062083e-01
4.360929121302636324e-01
4.679086050119386497e-01
4.992616396088446207e-01
4.554901699341748489e-01
4.849376218617271750e-01
4.366364474915633842e-01
4.789223568832473021e-01
4.944772411887600749e-01
4.608013777615098117e-01
4.866098242976768518e-01
4.671871398941495057e-01
4.476914124096491032e-01
4.261081495481857107e-01
4.317649224065590596e-01
4.487082469499305004e-01
4.715884388141545758e-01
4.912348072482182193e-01
4.375031752159865839e-01
4.546274445192060587e-01
4.330180875975638277e-01
4.382450463654468109e-01
4.594199496012372763e-01
4.771722275876195130e-01
4.262369402691281173e-01
3.526270390739286720e-01
4.586022914904799852e-01
3.892190104897567116e-01
3.970076283400509332e-01
4.075943419659423528e-01
4.386754936980003516e-01
4.256984591962982845e-01
4.326341150405378921e-01
4.370454037525929314e-01
4.219002449725187676e-01
4.505308740477285134e-01
4.624582079571428750e-01
4.818157983293933078e-01
4.414614268032456268e-01
4.425758136997072212e-01
5.106735361014459462e-01
4.833043440998566198e-01
4.299177709789008262e-01
4.703251703800438444e-01
4.551002553361948588e-01
4.976706530200660228e-01
4.634972464170344919e-01
4.549557668770993213e-01
4.092380884744178382e-01
4.679220850624777883e-01
4.693248024802360030e-01
4.566855723671821576e-01
4.057683639619413252e-01
4.466641703726602630e-01
4.587816592947719929e-01
4.758599435375613917e-01
4.494335066141595392e-01
4.235722804172211697e-01
4.348673952035817525e-01
4.170646871079355389e-01
4.399435144699796463e-01
4.798277741304378119e-01
4.577495543476334805e-01
4.213411908945174922e-01
4.665235734338401552e-01
4.900897518984367318e-01
4.700486715556350115e-01
4.179627957798571214e-01
4.640418797906332160e-01
4.487616205043596374e-01
4.238075290610638923e-01
4.271110900366902330e-01
4.127265571384812204e-01
4.595379808096697882e-01
4.421926350155603314e-01
3.663319572558775272e-01
4.011467062047333609e-01
4.497724372924150615e-01
4.109082404968694147e-01
4.169818537627223431e-01
4.545702609559499896e-01
4.325144025814870452e-01
4.150737229363039571e-01
4.852883725375219393e-01
4.536467101525161194e-01
4.293263937432192368e-01
4.451177171731398041e-01
4.818683488760659439e-01
4.727725184732587960e-01
4.255909109182705596e-01
4.519562931861452193e-01
5.033466428122506109e-01
4.830447973556850627e-01
4.742212063548167378e-01
4.703352059128299567e-01
4.439921833109861660e-01
4.522633311283948965e-01
4.529612102836337306e-01
5.053633539441453326e-01
4.751197885603459237e-01
4.712422938752051094e-01
4.842993486550613014e-01
4.499394276937134785e-01
4.500533891102216910e-01
4.651608858433050608e-01
4.998808028048945529e-01
4.415832270641459334e-01
4.763022139251136822e-01
4.873407596714987577e-01
4.312140363674034083e-01
4.416219469401385656e-01
4.282055561783148501e-01
4.788231827425477594e-01
4.375321515660056670e-01
4.074948101865995542e-01
4.185345023795855046e-01
4.501645986856362969e-01
4.218631396235616449e-01
4.999230046963026308e-01
4.231349155362744696e-01
4.248873993571841701e-01
4.249205059924217043e-01
4.517297158233203325e-01
4.256560018144260882e-01
4.311592701971673214e-01
4.333279698976922889e-01
4.213403401028228412e-01
3.713929719190871004e-01
4.552026553884856996e-01
4.702852134579358356e-01
4.326987245901836032e-01
4.825720553187275996e-01
4.243551778008150532e-01
4.442809675432579652e-01
4.168216440919953469e-01
3.877251468967629067e-01
4.214111486384501393e-01
4.349249745900082842e-01
4.782468459440963882e-01
4.269519418630924878e-01
4.160547006043198714e-01
4.519999454303799125e-01
4.278332391189561545e-01
4.770651195981187032e-01
4.373823676761777191e-01
4.847604676498011300e-01
4.415558489532961928e-01
4.282657060985583519e-01
4.876235158002938386e-01
4.598244945724139221e-01
4.618960993498413270e-01
4.304488641769012025e-01
4.096778731087691861e-01
4.413774400515268481e-01
4.373899596370537379e-01
4.263766774657795078e-01
4.743360753353443315e-01
4.549445998363668142e-01
4.401693991467761080e-01
4.646889136670671050e-01
5.015706181990987611e-01
4.706034899916809455e-01
4.643631694335556004e-01
4.169796015494178221e-01
5.023374669693955186e-01
4.463592567188699456e-01
4.595963420885678663e-01
4.173194338150130744e-01
4.246314365113888489e-01
4.602388436870180066e-01
4.687043600612853522e-01
4.495884221888397092e-01
4.539676155295146454e-01
4.561395620183920641e-01
4.922152540211852667e-01
4.740640390567218976e-01
4.713175760072494946e-01
4.924988935903134024e-01
4.496150214719137894e-01
4.579124751470032839e-01
4.556694180747512535e-01
4.595251115909041451e-01
4.842854234358122123e-01
4.308569973872512504e-01
4.429386224960499829e-01
5.006688397502736532e-01
4.544699564876359954e-01
4.847607753256399366e-01
4.904889221076751404e-01
4.946441177303138592e-01
5.013687943134911285e-01
4.925275820088116929e-01
4.463216611899182840e-01
4.220758208729796790e-01
4.577024556656162368e-01
4.237779258461196186e-01
4.911423940725266335e-01
4.863924138285669052e-01
5.114207742483352082e-01
4.567573147583636195e-01
4.577631685310079024e-01
4.709618711377970834e-01
4.799861389144753909e-01
4.412306723535591169e-01
4.585717516215155332e-01
4.682043523824260811e-01
4.656811219315243333e-01
4.430268983741358912e-01
4.271348793227793816e-01
4.205149142931259854e-01
4.243998965108931598e-01
4.607035887924326722e-01
4.732556264283554470e-01
4.927745157459156866e-01
5.247396846552188077e-01
4.886739738937425082e-01
4.575730691994026600e-01
4.710896127320156057e-01
4.772575207414481158e-01
4.166434531195151170e-01
4.550878420709897343e-01
4.589672781495579557e-01
4.969181396746018553e-01
4.797867749972561935e-01
4.660127542420670066e-01
5.363201558362199473e-01
5.122924949455869292e-01
4.486707470088178162e-01
5.048123094542503742e-01
4.409989139744532327e-01
4.999105193341429332e-01
4.859021332210901600e-01
4.782775269674884866e-01
4.988936091025915065e-01
4.854324995281891209e-01
4.997390696016000278e-01
3.978909086587802957e-01
4.438049977462333318e-01
3.817378872814832791e-01
4.567790595825949040e-01
4.128815670604522592e-01
4.575956836076742196e-01
4.177091975701803239e-01
4.134737155142126364e-01
4.165616607344720390e-01
4.568006212565298152e-01
4.719461595479721439e-01
4.062033241576926690e-01
4.112593798590505889e-01
4.242525134303154477e-01
4.405714709327640533e-01
4.184625370870646011e-01
4.155062002586941694e-01
4.302762448882165858e-01
4.345643600263702777e-01
4.159901459617502684e-01
4.222529551746306287e-01
4.289218075319202739e-01
4.410950342027379900e-01
4.453483139828844362e-01
4.751320425258017677e-01
3.963588948752394536e-01
4.785292540874446221e-01
4.450304631180334036e-01
4.697697623479361040e-01
4.569968775848978759e-01
4.240689305680193089e-01
4.519355819406462582e-01
3.878720224994763877e-01
4.421052634557368077e-01
4.279675366813533444e-01
4.217459882820401851e-01
4.045633844382159894e-01
4.215118569084410072e-01
4.412485251240269579e-01
4.760086095564547426e-01
4.512395389616064012e-01
4.419617344726215480e-01
4.028823635496960875e-01
4.054094345824140744e-01
4.491030761090751833e-01
4.425759894516070880e-01
4.951695670107973402e-01
4.664733245864837174e-01
4.601627167539074637e-01
4.243502447151975554e-01
4.581747157707042328e-01
4.610384551939010755e-01
4.359147834131410493e-01
4.488955360530062499e-01
4.822487839685285493e-01
4.832870281095730247e-01
4.710585298235731022e-01
4.258233831539796066e-01
4.615462427744149165e-01
4.899810971114818003e-01
4.332137294031320751e-01
4.310355706087087846e-01
4.566249392331823143e-01
4.370999432754860692e-01
4.594017725939681385e-01
4.778432305822277182e-01
4.339742255641297342e-01
4.481626717426809847e-01
4.574668973004138439e-01
4.432103969388947462e-01
4.269854553726095681e-01
4.242216789481551564e-01
4.530864786133345645e-01
4.633297931027513528e-01
4.739608593762607014e-01
4.587008832107003498e-01
4.375712815425253921e-01
4.842232405392000727e-01
4.104896342732149983e-01
5.061411085160893997e-01
4.352419880270206320e-01
4.753808571618591827e-01
4.458271614754684697e-01
4.364502886302076834e-01
3.807697995171104299e-01
4.103597691464428432e-01
4.266887168620125403e-01
4.300774031624621796e-01
4.562390710060064691e-01
4.874771966489179764e-01
4.014613931958526116e-01
4.208704708831406682e-01
4.684888326439745621e-01
4.271877968000690751e-01
4.556963416739427397e-01
4.432950664270667862e-01
4.273815419406135629e-01
4.541864656730784100e-01
4.672833100866713441e-01
4.316964546853481188e-01
4.829548729291425202e-01
4.140639378980562335e-01
4.769616276858599235e-01
4.455438660011170060e-01
4.198124238019273480e-01
4.401879159411108966e-01
4.567889091754331332e-01
3.892645691076218051e-01
4.252913258220856196e-01
4.355844464631802859e-01
4.280127912539093971e-01
4.326483939340726170e-01
4.740238683098173533e-01
4.718797008354709277e-01
4.398305625792763851e-01
4.444708611716146063e-01
4.810343131540201211e-01
4.620102344311065590e-01
5.109850075519460910e-01
4.632401220758197713e-01
4.618403241577875851e-01
4.558009249722216882e-01
4.490207394517936046e-01
4.196921312786942027e-01
4.239686622710158170e-01
4.134844113605675164e-01
4.206373039745435194e-01
4.226836883439880066e-01
4.065080882544594987e-01
4.761266517300966061e-01
3.889558748315092296e-01
4.245812877240410788e-01
4.002426632487385838e-01
3.925117812481976332e-01
4.124037544880268524e-01
4.447490705029402136e-01
4.509795641519699361e-01
4.139745306028265737e-01
4.358545713591959192e-01
4.457505276816524642e-01
4.293063273806603242e-01
4.271837873287299692e-01
4.402073564887329926e-01
4.297898985257168625e-01
4.482463895000067255e-01
4.607976669300188344e-01
4.140898346482068115e-01
4.278108373372522810e-01
4.609286414510520014e-01
4.236329058924850899e-01
4.307142581114873359e-01
4.635302390401544459e-01
4.569515649867235685e-01
4.538325786460729039e-01
4.601717135391829028e-01
4.546006961624272091e-01
4.603737370795808470e-01
4.531979515049609497e-01
4.489606344991164955e-01
4.606400008922966749e-01
4.375118023032055770e-01
4.314858846966581618e-01
4.455065691869314892e-01
4.890309719540093525e-01
4.822363417633837024e-01
4.687903252367952578e-01
4.517231942094327435e-01
4.284239162413795432e-01
4.498790379705145392e-01
4.431787822270211730e-01
4.619410244277225019e-01
4.348561727776688035e-01
4.538915929416136863e-01
4.048811189213553652e-01
4.715881268831885742e-01
4.820294620621949910e-01
4.647072483438837720e-01
4.362689241681626529e-01
4.611781793030727550e-01
4.662324945037329416e-01
4.422133054478099567e-01
4.659544239527331211e-01
4.710275996001586085e-01
4.497607931366706668e-01
4.338707620129654274e-01
4.912009134447496428e-01
4.856255313893778069e-01
5.098474927404169632e-01
4.772064055433290486e-01
4.405305887715988966e-01
4.057955383662722459e-01
4.506389721435286599e-01
4.750299059444813010e-01
4.892308732906822666e-01
4.736508555688868083e-01
4.538303148614580285e-01
4.531734705576054845e-01
4.583763288173524630e-01
4.496027840445777635e-01
4.360112233639955037e-01
4.747281265538217387e-01
4.361124710813723548e-01
4.573351190870461047e-01
4.231904287421730526e-01
4.861092311393777621e-01
5.152707421459581383e-01
4.677913788800174832e-01
4.864289002626380198e-01
4.926525772483234533e-01
4.340123090926211180e-01
4.584747184846719725e-01
4.286618995388389863e-01
4.696440895810666261e-01
4.611830132242242808e-01
4.705112948543984652e-01
4.606923289548157108e-01
4.695661656636764825e-01
4.999235426637368973e-01
4.961671617987841731e-01
4.512180123969838363e-01
3.957307644543016645e-01
4.460692095460079831e-01
4.596696688847327628e-01
4.179771031373539780e-01
4.337145975155227151e-01
4.574831167620014294e-01
4.755549276716248275e-01
4.856357141017956236e-01
4.477247149338144938e-01
4.771099923714204327e-01
4.524869975370463537e-01
4.569299884268895884e-01
4.639410014649122393e-01
4.296680506177821823e-01
4.200744339362120217e-01
4.481373936155927939e-01
4.847687832028815258e-01
4.440305399476042192e-01
4.776545675441048466e-01
4.132692210464651850e-01
4.417016446089045423e-01
4.165637324062791413e-01
4.680045234801994414e-01
4.421847151312245927e-01
4.992085964984930846e-01
4.680067972103770235e-01
4.150930522443475046e-01
4.420219749758734773e-01
4.611624443397271400e-01
3.920619588878579975e-01
4.218620123680997813e-01
4.274982416379506378e-01
4.546787549860138999e-01
4.536007436609152399e-01
4.359588742892369084e-01
4.891631735689961347e-01
4.522508221839127707e-01
4.520907117913435802e-01
4.793105649416208869e-01
4.555430158673326457e-01
4.428609966449525981e-01
4.448276010152328874e-01
4.259457877982088525e-01
4.707377469272857606e-01
4.745730149612371052e-01
4.413595177467738440e-01
4.747671863713537332e-01
4.683697612731295701e-01
4.723662373531174463e-01
4.894647634203965758e-01
5.104714392769983400e-01
5.031359669949337921e-01
4.744228439370343775e-01
4.539329524897940393e-01
4.335028716478276367e-01
4.718134619435482291e-01
4.432457057980200288e-01
4.666563012344357997e-01
4.253235256584128599e-01
4.414662711521665783e-01
4.505455989529383865e-01
4.609136437185230584e-01
4.262635455432514653e-01
4.614511617399256749e-01
5.040482770948101487e-01
4.601507138538699082e-01
4.484458466900533846e-01
4.532363484755682070e-01
4.088584208830469136e-01
4.441725070993232105e-01
4.594643593040536600e-01
4.372450292676553496e-01
4.510718227599997410e-01
4.560896670425493848e-01
4.349270491038481068e-01
4.091761651953750856e-01
4.388239234968661640e-01
4.398819234388117172e-01
4.484604494383853113e-01
4.615766202294879772e-01
4.691729579343190681e-01
4.610913787597807345e-01
4.701869862409720491e-01
4.801604238677539827e-01
4.427519807783836248e-01
4.842941953489344753e-01
4.510913875305815890e-01
4.398022976569426201e-01
4.559311902941959871e-01
4.398296201938030614e-01
4.674641929728615142e-01
4.296920936296361737e-01
4.642230176154157895e-01
5.080787975178580052e-01
4.249752552286932827e-01
4.871441954476875003e-01
4.746761064126787111e-01
4.497811122022669639e-01
4.418690296820389496e-01
4.156531021356729694e-01
4.244609172756361182e-01
4.113157709648621041e-01
4.753550177805340171e-01
4.114040173258144417e-01
4.836082662694604073e-01
4.612671148519353892e-01
4.456965518043096153e-01
4.467864341165379005e-01
4.012927328650150449e-01
4.883266479783586744e-01
4.817938337315582631e-01
4.772760143936813360e-01
4.198750162676682107e-01
4.378523013217722748e-01
4.327028848560670604e-01
4.336673766789544970e-01
4.445742915850380839e-01
4.490797226966439792e-01
4.349518678458512144e-01
4.809208966934395146e-01
4.634802263762128338e-01
4.453064202366982527e-01
4.251320609964423514e-01
4.161960487071058035e-01
4.693381199457810071e-01
3.801918572933153939e-01
3.497311932631099740e-01
3.760737266573590531e-01
4.405270558298772232e-01
4.260907285388417787e-01
4.269418957035081563e-01
4.431561696900632175e-01
4.388857784449786137e-01
4.040255038714005154e-01
4.468028662997109435e-01
4.304692640584197871e-01
4.500754115856250848e-01
4.242292382664972217e-01
4.560859847995685779e-01
4.614275155514446780e-01
4.159723063863255410e-01
4.601102682184799453e-01
4.446753644926622062e-01
4.610075564128129355e-01
4.159675319482143419e-01
4.452338328889793861e-01
4.204741777092950716e-01
4.266534620210436501e-01
3.964314495368218561e-01
4.719066298012196126e-01
4.351879495304537548e-01
4.327131599589694178e-01
4.324173490620991656e-01
4.647597955571585171e-01
3.950666197318095096e-01
4.572508637016615141e-01
4.503811304631997747e-01
4.051424038417966722e-01
4.386743985167559923e-01
3.913331612002878268e-01
4.429750932139846498e-01
4.648469467049250459e-01
4.945337722601636510e-01
4.574019008129264763e-01
4.613196147621173582e-01
4.662833433523144167e-01
4.382935498477487091e-01
4.366620380616629826e-01
4.129131248014510924e-01
4.365791992883369388e-01
4.389316897074014845e-01
4.410061961384841855e-01
4.448953574406970812e-01
4.532023781905201720e-01
4.195273012771221777e-01
4.529654634807278035e-01
4.555814231242703016e-01
4.751763213815176634e-01
4.487116058453520240e-01
4.436497732071367772e-01
4.320228464186177675e-01
4.540127783778575843e-01
4.853027163598920835e-01
4.712337463520698821e-01
4.610407813971592605e-01
4.785941703135710990e-01
5.217656434212689653e-01
4.674826294063633703e-01
4.460013826191885355e-01
4.503938597930012278e-01
4.710271541749450619e-01
4.213209414431544064e-01
4.313915623491071383e-01
4.383641468546235487e-01
4.685390234873406112e-01
4.414143973315501346e-01
4.915355092203508858e-01
5.028863171570343571e-01
4.450130818814173606e-01
4.373119230385645873e-01
4.097823020938985983e-01
4.111698415038851362e-01
4.361813904294314370e-01
4.243994576582907907e-01
4.327066433021220515e-01
4.517967345099115350e-01
4.412409222997124014e-01
4.385810286985937223e-01
4.818686320835565140e-01
4.348690139722068970e-01
4.642449932529431611e-01
4.646975521836559375e-01
4.656878862235951377e-01
4.289354328536975069e-01
4.606286453337697373e-01
4.015161125460701697e-01
4.288196385803035304e-01
4.313199965027522675e-01
4.072693681202352312e-01
4.492993786564615788e-01
4.407174188968386863e-01
4.374842949854254592e-01
4.643090800419847897e-01
4.660965876856984491e-01
4.342633544821244973e-01
4.325077310194471725e-01
4.369273757812615622e-01
4.365966429306049612e-01
4.348932203313198297e-01
4.873570293409055232e-01
4.342806348892091495e-01
4.389704368009723079e-01
4.539158027327132583e-01
4.823706844593385612e-01
4.316024069321880985e-01
4.746330396606239788e-01
4.540051828548598567e-01
4.610002784368170681e-01
4.515280164958854758e-01
4.615148734257879526e-01
4.500393361217041588e-01
4.547607506560045199e-01
4.995044961114865623e-01
4.935620471503482931e-01
5.020962160089648130e-01
4.972936859487099848e-01
4.629961968232214620e-01
4.593926402972501877e-01
4.360606289913354638e-01
4.534113719645069818e-01
4.393630197356112599e-01
4.344184413917653309e-01
4.641237638937285026e-01
4.747569706658053557e-01
4.585206516136685062e-01
5.095347003798635921e-01
4.021450545011794886e-01
4.434618244284302402e-01
4.720816267080751860e-01
4.679712325409211560e-01
4.709029260421643270e-01
4.692425788917991003e-01
3.998623910225727052e-01
3.646439330632733622e-01
4.679869287440225345e-01
4.162614422025486260e-01
4.441363979549903807e-01
4.788343296100341373e-01
4.296836188811467006e-01
4.824560125003854449e-01
4.772576343681673161e-01
5.088147140667698132e-01
4.575138570875787458e-01
4.342515996122604527e-01
5.112560178575037417e-01
4.819948337486365531e-01
4.979293552430322234e-01
5.011188097949087483e-01
4.771935042465333399e-01
4.863366971963423158e-01
4.977255292643290585e-01
4.785499456078766700e-01
4.422528013558915672e-01
4.719411260000965780e-01
4.447514023457062038e-01
4.457633220399764840e-01
4.718466568785213422e-01
4.896288087793175259e-01
4.746089967189334735e-01
4.808673183420577035e-01
4.361867772707978541e-01
4.614094551898676455e-01
5.082804618610543557e-01
4.755978825572553803e-01
4.630523922222027355e-01
4.282638584100369461e-01
4.544715658541895742e-01
4.741247445129264659e-01
4.373118755716022821e-01
4.392804205925289751e-01
4.360444131194401440e-01
4.539334746812605514e-01
4.355683655009728872e-01
4.348740744008499082e-01
4.511460671550998613e-01
4.728812594642007316e-01
4.598202383197228515e-01
4.619065644494549927e-01
4.874889795209828014e-01
4.557280508480572312e-01
4.653748906408172181e-01
4.717662589165013687e-01
4.645840198608812144e-01
4.617712832886481933e-01
4.285319604866151821e-01
4.317476906254286151e-01
4.571748041082966396e-01
3.884209156453582446e-01
4.673807605310493773e-01
4.686023708005638277e-01
4.251501825608220431e-01
4.657009499905981342e-01
4.405631896975511497e-01
4.315367957074612293e-01
4.330060688981910988e-01
4.425962150444307519e-01
4.367763292905372796e-01
4.566792132538916582e-01
4.094763607135732952e-01
4.307064381590018920e-01
3.901547392837161343e-01
4.505982738210566607e-01
5.006873247851529873e-01
4.912047418545912314e-01
4.052218762214846448e-01
4.460373420421896995e-01
4.413988921511289854e-01
5.083431932921961272e-01
4.578403020326674566e-01
5.127241869540892782e-01
4.785852462728942269e-01
4.131867671459364399e-01
4.648938607091950836e-01
4.821988851572237555e-01
4.580303241976745876e-01
4.337835121074143374e-01
4.780088089071214963e-01
4.343159560993194446e-01
4.108357253645149032e-01
4.426523927843574180e-01
4.329384585665368435e-01
4.663923710798156819e-01
4.379490274112587400e-01
4.552734426740156493e-01
4.591438468767084502e-01
4.496620500742465332e-01
4.320289013707367398e-01
4.292729103887827913e-01
4.664813595153275427e-01
4.709046605088299531e-01
4.662211255116576747e-01
4.489891672833909997e-01
4.816165925965992245e-01
4.281724196941357197e-01
4.762146448761579998e-01
4.337521651780520404e-01
4.692584700279969767e-01
4.571740561385950752e-01
4.411826807904041248e-01
4.253573788074412332e-01
5.222266177402226095e-01
5.421783551395313872e-01
4.894243074827535067e-01
4.772886942329823690e-01
4.779662611859058496e-01
4.554183872300731073e-01
4.786517000665130861e-01
4.722169024674357507e-01
4.650962570348055047e-01
4.590575974492739908e-01
4.980381791345450115e-01
4.472228299749285152e-01
4.582549216947179871e-01
4.520024400084529659e-01
4.103734424935940317e-01
4.045649832791777811e-01
4.229269844042431448e-01
4.877592798077678427e-01
4.511233946216169910e-01
4.637247392406771418e-01
4.440198739955635299e-01
4.273938567695275692e-01
4.780873193725971859e-01
4.796609290257070612e-01
4.703360258014634976e-01
4.837300343141684444e-01
4.409794501659580201e-01
3.978710095305579841e-01
4.428168600821527079e-01
4.575508098521782196e-01
4.208167175910678681e-01
4.480475684242846146e-01
4.400971957858870187e-01
4.567188956261021837e-01
4.053542439942794395e-01
4.477933315659327063e-01
5.207022105079458507e-01
4.657872023593724875e-01
4.519633374314559471e-01
4.670144026566419027e-01
4.483992703621096920e-01
4.835916771148847104e-01
4.877739143346908057e-01
4.367296766453993007e-01
4.803346804853055318e-01
4.550542131320649553e-01
4.614654352917622049e-01
4.643686171004732799e-01
4.609620692508779038e-01
4.844470304335652400e-01
4.761897265364839482e-01
4.846281106648594461e-01
4.813603850754502589e-01
5.184115296577396226e-01
4.950108917425162236e-01
4.342057232377106724e-01
4.573505921670986685e-01
4.695654379301215653e-01
4.417158306301344206e-01
4.624032216503516923e-01
5.201047172334963831e-01
4.496681823419442225e-01
5.093340260890643068e-01
4.704605982847839818e-01
4.576262202777827137e-01
4.619518678871684658e-01
4.689480136242293318e-01
4.224616272273309381e-01
4.861785279646972935e-01
4.272276934161502449e-01
5.069924000031897915e-01
4.781421742629859972e-01
3.891143907821462689e-01
4.419672916163847609e-01
4.553104863714479422e-01
4.288276074411385697e-01
4.502015102342748487e-01
4.484583397782729852e-01
4.654098106825695358e-01
4.157153561954633481e-01
4.482109492097828829e-01
4.951629852977632584e-01
4.595141729222180782e-01
4.291388203204312135e-01
4.726544753339704252e-01
4.495986455121889214e-01
4.409425048992981488e-01
4.446245005765260272e-01
4.349791969757271226e-01
4.526694745891013949e-01
4.538114688028213051e-01
4.146142971081773210e-01
4.492055214274133235e-01
4.424521762633758515e-01
4.625625823451347540e-01
4.437425289101778469e-01
4.705636345381585817e-01
4.684939177747650674e-01
4.685047750544710787e-01
3.983991120223702165e-01
4.866242038857609975e-01
4.355345749915157105e-01
4.453113988130826817e-01
4.337046726725358181e-01
4.217232213915783623e-01
4.782531362208886638e-01
4.220091974717221084e-01
4.424463314413861759e-01
4.268971650944554663e-01
4.578684622432069307e-01
4.468699511219377807e-01
4.579374347587536476e-01
4.638319872992161530e-01
4.449819488158007763e-01
4.318342591463541491e-01
4.222800006041995680e-01
4.335941144285265780e-01
4.029079819979718424e-01
4.608883013192323075e-01
4.483734598356058365e-01
4.531148499640553218e-01
4.242014110158732199e-01
4.904427076973321142e-01
4.491805017649051490e-01
4.622805324736552479e-01
4.387974136748545306e-01
3.875989299747050199e-01
4.063202267444186444e-01
4.277501066052034617e-01
4.511972675626824691e-01
4.692935422604767037e-01
4.406756445778265419e-01
4.442870483614196342e-01
4.548960560155760335e-01
4.185767994725426711e-01
4.479343761820773206e-01
4.243442739547317322e-01
4.094639044913176984e-01
4.365203335732146805e-01
4.918252691542399080e-01
4.727931213291444168e-01
5.037315448337490453e-01
4.650725002147673148e-01
4.860223596083618758e-01
4.348381917905127514e-01
4.288631648375090255e-01
4.693640734821308280e-01
4.432725796377484651e-01
4.558872294503856226e-01
4.595856701106960096e-01
5.174718118267894740e-01
4.321940876172409296e-01
4.638575066091326082e-01
4.178741003743912108e-01
4.164304970121154303e-01
4.667538527124001635e-01
5.205647379580883305e-01
4.826655909934594035e-01
4.450741873928465986e-01
5.037111945538658153e-01
4.229300647832884841e-01
4.369180665897269833e-01
4.141147554600346781e-01
4.303996524695262726e-01
4.534774668701459510e-01
4.946718798056653488e-01
4.630746664002041157e-01
4.699262215162307577e-01
4.952939850185393844e-01
5.213311037940693282e-01
5.414055913140998211e-01
4.701777829566812783e-01
4.399000118141742077e-01
4.504875614892153712e-01
4.407191864959507099e-01
4.303718662227533076e-01
4.894937139114961533e-01
4.764583559341018515e-01
4.504228288228302457e-01
4.713502978807256882e-01
4.431103914858149917e-01
4.201062729146782249e-01
4.515882381999905548e-01
4.275055878952417898e-01
4.826308531568824778e-01
4.355722858640832529e-01
4.918529874950661185e-01
4.431661706200202833e-01
4.747179457928757396e-01
4.716527713040112868e-01
4.959704320710648928e-01
4.637246095172881111e-01
5.125180595649310167e-01
4.944223261589249518e-01
4.575351929747307755e-01
4.529759861326052017e-01
4.728672832059832021e-01
4.930312593095361184e-01
4.748934305245194887e-01
4.421049374619316907e-01
4.510927239187649818e-01
4.687406818367484407e-01
4.815882088372180903e-01
4.803142646182085307e-01
4.947394796909552750e-01
4.406266531053164015e-01
4.555092019749232279e-01
4.508739113153929501e-01
4.291704755487292799e-01
4.600652370293701332e-01
4.358954155828569932e-01
4.446633110177926618e-01
4.384264763296129019e-01
4.577641288891289850e-01
4.532683000021953124e-01
4.233102946368429986e-01
4.562672061179187666e-01
4.728990412240157704e-01
4.881872192183541181e-01
5.054736616259130066e-01
4.841500302687563040e-01
4.685834157744527273e-01
4.450484339871596529e-01
4.506542476569845301e-01
4.717907160869693195e-01
4.457762979563350547e-01
4.653884251781136294e-01
4.469159414732463698e-01
4.738683805922728753e-01
4.261913436360693086e-01
4.279100648755422287e-01
4.787643339138681897e-01
5.046803700946244087e-01
4.567577855938070863e-01
4.837326393753497156e-01
4.760581348312843408e-01
4.318705020832243058e-01
4.638243218432163140e-01
5.045824804797159890e-01
4.784784603843832973e-01
3.985917354323521566e-01
4.316061968994369114e-01
4.126449711109115848e-01
3.915540197344649642e-01
4.297306001170873024e-01
4.538064882154346225e-01
4.767633310362632826e-01
4.387584561403058969e-01
4.691635674173450510e-01
4.394755352581363184e-01
4.025611729911533487e-01
4.363391205640452797e-01
4.358345445616609859e-01
4.492757322714764912e-01
4.491823589903629066e-01
4.192248595306354852e-01
4.408428351719743121e-01
4.500667891871394932e-01
4.218880119670603834e-01
4.967139690095314641e-01
4.542554714546520600e-01
4.266362055401385356e-01
3.754702777896254950e-01
4.177853913606949243e-01
4.482368087115525812e-01
4.120228878947280737e-01
4.649678249821906917e-01
4.494888700172733342e-01
4.342170745672904730e-01
4.608773711121526562e-01
3.619129841842531614e-01
4.599511711310099726e-01
4.023780687601985484e-01
3.802699587060937025e-01
4.121617021983148277e-01
4.387020958679632709e-01
3.935504628697958918e-01
3.914204446325030284e-01
3.723108566714904422e-01
4.480489578806984841e-01
4.314482786563205718e-01
4.331184732486315636e-01
4.359917381264223901e-01
4.538017629019985844e-01
4.625167555309213085e-01
4.515202156183479865e-01
4.439000689502833885e-01
4.320571845246032883e-01
4.131967080595821962e-01
4.611692030582034696e-01
4.701603483235702874e-01
4.189352381967019756e-01
4.723357162033130496e-01
4.516851968431499498e-01
4.620946037933982842e-01
4.710865149257040807e-01
4.855346343022403643e-01
4.377098700992249070e-01
4.193598379601786719e-01
3.997737745735420734e-01
4.575977143197200725e-01
4.950433987331789298e-01
4.571098218288385806e-01
4.492180934356559407e-01
4.546502815903810668e-01
4.816938853778239271e-01
4.640648514821331672e-01
4.572669214140169802e-01
4.671387120064333653e-01
4.823373239682847702e-01
4.304818319004789506e-01
4.374428944736202252e-01
4.655100315340234274e-01
4.876264637042836969e-01
4.592210314165247609e-01
4.474434029993029083e-01
4.654342756811495896e-01
4.561216160372268402e-01
4.151169949713769403e-01
4.431868379200160635e-01
4.357437786104892408e-01
5.251160258873497355e-01
4.422628748541365118e-01
4.597091734802251639e-01
4.756708628408906625e-01
4.653662871319937944e-01
4.532064344608319750e-01
4.195434718538375574e-01
4.239576294577184767e-01
4.581605461404595347e-01
4.890485406404886937e-01
4.527869133049602923e-01
4.099221034156133592e-01
4.277798657830172990e-01
4.215503535582346140e-01
4.379433436502223054e-01
4.660583234242539619e-01
4.503065006403799697e-01
4.533377529453528343e-01
4.159371731288525331e-01
4.649447513912063346e-01
4.247931412893551917e-01
4.361172251353609419e-01
4.338585069597340471e-01
4.743134626458368475e-01
4.365878046831379589e-01
4.163959184204611974e-01
4.343727942049129265e-01
4.323475111736734267e-01
4.291709984799975119e-01
4.319420715639871733e-01
4.477475175619065051e-01
4.666153319328396054e-01
4.688763883779124009e-01
4.651093900207401433e-01
4.657238460367434940e-01
4.133348970330524841e-01
4.532574912449305327e-01
4.427889081677770511e-01
4.587821392775702223e-01
4.857675059820074637e-01
4.895210436858287162e-01
4.511013442952501729e-01
4.956956381684727297e-01
4.580863988690068722e-01
4.869047440932383064e-01
4.486443005023881270e-01
4.914660153576951296e-01
4.824916203772724455e-01
4.641228566893964569e-01
4.396174175373062099e-01
4.851229543731274685e-01
4.575650725491466342e-01
4.121844463191537411e-01
4.876045553015687650e-01
4.467737608379580561e-01
4.301835421165707829e-01
4.279083040219205381e-01
4.388458930783723511e-01
4.569209424977329626e-01
4.279127176611187688e-01
4.430714453704839850e-01
4.958728142440820830e-01
4.050508749767050554e-01
4.435569132762189337e-01
4.191830966714893414e-01
4.020802425038099148e-01
4.116662253175206732e-01
4.160729559948803113e-01
4.272179407643745819e-01
3.973212602772528967e-01
4.439178505254859908e-01
4.505021275416961624e-01
4.723498562177689819e-01
4.631664486380502876e-01
4.474839217850987705e-01
4.369044868994563235e-01
4.604877061043357589e-01
4.748348465959638109e-01
4.700669132525204796e-01
4.101897930908490753e-01
4.610455419000402677e-01
4.734250415437650794e-01
4.777744282196589864e-01
4.545161052945536073e-01
4.521075791386245935e-01
4.467685592636293501e-01
4.624076624584225748e-01
3.891047391489487750e-01
4.091719759193468420e-01
4.663857947454925212e-01
4.520098955973517185e-01
4.366739775917188315e-01
4.418208076154973019e-01
4.196146269727134559e-01
4.496063541252697249e-01
4.484433626721553989e-01
4.673158261829293281e-01
4.537587684847552150e-01
4.501297526333281063e-01
4.529660082811331479e-01
4.467619835023436403e-01
4.371859538059746919e-01
4.376987568055277222e-01
4.482888088271737015e-01
4.697447904067502122e-01
4.667193253273960729e-01
4.710189458140925933e-01
4.324411598867701767e-01
4.848329493306803850e-01
4.500524070531782828e-01
4.706920668118678708e-01
4.625912144472482668e-01
4.488488880755404087e-01
4.487333614057583686e-01
4.476166777035643363e-01
4.608335602723870328e-01
4.839011230492975546e-01
4.775067039172132266e-01
4.669763941009951180e-01
4.885085345714009764e-01
4.394763464308201195e-01
4.780586134972381052e-01
4.611287231814024667e-01
4.164997875838534758e-01
4.200360065301417256e-01
4.600684448551419781e-01
4.678370426240897606e-01
4.668399763924055423e-01
4.910463091695311255e-01
4.466002860373743388e-01
4.707850827002441618e-01
4.923487946086599343e-01
4.697819894482970771e-01
4.983091985795794487e-01
4.711194674115664616e-01
4.632279143732724314e-01
4.648591152848017272e-01
4.537622685991069549e-01
4.622846541038976853e-01
4.552367190257339269e-01
4.508839141881633705e-01
5.244019898930216694e-01
4.465191287031421430e-01
4.757400744644277313e-01
4.268363743992567017e-01
4.673564507044898897e-01
4.473402113534113433e-01
4.639152748235836898e-01
4.536145569437239899e-01
4.330798933866110700e-01
5.007723223090978504e-01
4.700132496392918635e-01
4.485771120032081560e-01
4.403312219753954260e-01
4.347369167866386719e-01
4.598289630879550671e-01
4.652733019672686265e-01
4.285651701499121335e-01
4.010357990573190645e-01
4.154177484509790630e-01
3.960460929116988993e-01
5.000057941579491017e-01
4.908347530106573764e-01
4.741738989220826705e-01
4.681086151774636606e-01
4.898742480439593483e-01
4.848972049167059040e-01
4.938071363864222629e-01
5.282329349352306025e-01
4.473463367426964155e-01
5.173944300230590709e-01
4.812451566297155647e-01
4.397109110279171507e-01
4.952888700853695370e-01
4.848552347388335182e-01
4.948637335674156423e-01
4.869793788691923475e-01
4.378673614726867891e-01
4.629340775855804724e-01
4.567555667934763419e-01
4.387338888004773119e-01
4.791397213834337476e-01
4.499378578509698468e-01
4.478953236924024250e-01
4.704612656112134306e-01
4.438220377051082521e-01
4.480920254565274874e-01
4.658497772655827984e-01
4.109541726471326317e-01
4.331991682062281135e-01
4.340923157226598827e-01
4.497642620762064003e-01
4.256483029729520862e-01
4.278006037762403513e-01
3.736178266686203120e-01
4.125555926307380439e-01
4.532489318661114819e-01
4.814470977348073166e-01
4.793139433991663312e-01
4.640805259805979022e-01
4.389010305897277919e-01
4.503894413272496733e-01
4.394232709055703179e-01
4.614773438502542957e-01
4.541885249706302807e-01
4.777008097748630666e-01
4.733300741754357666e-01
4.634519874953968999e-01
4.790301900257559198e-01
4.183915066886078060e-01
4.396697624613986055e-01
4.786602907026453191e-01
4.404299024092718229e-01
4.413804201275760564e-01
4.220863437284322339e-01
4.517070234097181891e-01
4.465385067595880608e-01
4.496713095053626597e-01
4.699803841011611083e-01
4.152896688724072582e-01
4.240108591420766460e-01
4.294656815195311284e-01
4.706795675190361683e-01
4.149607575095210499e-01
4.484119691219943249e-01
4.509589497050235929e-01
4.435528604701049482e-01
4.324061015888215898e-01
4.310797802501130094e-01
4.681794927867811151e-01
4.430361873096210212e-01
4.737696942104474562e-01
4.769349155304241084e-01
4.560048099396273868e-01
4.246421436398730154e-01
4.650445851279603748e-01
4.493285139659015659e-01
4.517103238697348644e-01
4.940725305369930154e-01
4.876323613090395859e-01
4.703618370538409921e-01
5.204856593361596451e-01
4.824569603683255825e-01
4.797607099427141364e-01
4.654487058633689500e-01
4.670057875584255891e-01
4.630484241549343016e-01
4.834569440336544122e-01
4.401799191599212735e-01
4.264245117658789219e-01
4.203980465295172886e-01
4.415780257341674897e-01
4.623455154216403740e-01
4.486799500970232168e-01
4.330705439688447012e-01
3.917564894392849828e-01
4.471366254874391544e-01
4.834390323133353484e-01
4.353181366231985150e-01
4.858555029371689482e-01
3.856301879164648061e-01
4.057323539299791948e-01
4.039395349707959881e-01
4.509343727827777593e-01
4.541414443230035181e-01
4.974044703192860295e-01
4.500716614251773495e-01
4.586741539449116778e-01
4.523864058490887907e-01
4.955672936289246544e-01
4.739117971040899824e-01
4.496638150825579272e-01
4.801375436040034028e-01
4.584397748907521053e-01
4.853684005085695530e-01
4.463752819712415998e-01
4.631139733508378153e-01
4.570834485192013519e-01
4.710863445146278305e-01
4.931401268780004621e-01
4.767106406276799269e-01
4.795361392625149821e-01
4.570296661079172873e-01
3.962534372398373028e-01
4.610599712819790641e-01
4.670376171678843891e-01
4.210886085599798712e-01
5.023649530549527675e-01
4.174034004430381417e-01
4.467586624819424590e-01
4.671015103307566418e-01
4.916539832607723648e-01
4.859441991681953121e-01
4.462895268681481564e-01
4.929901796035836559e-01
4.792004440937068233e-01
4.561215639236873565e-01
4.870247321585953193e-01
4.875170927101384888e-01
4.746195608211074002e-01
4.925648595814071662e-01
4.643618093401171709e-01
4.527779840124323552e-01
4.650953997118837391e-01
4.794595817463903620e-01
4.476282687181973308e-01
4.803773351477641507e-01
4.594104272338433992e-01
4.543861711256029223e-01
4.891811625905852501e-01
4.741863511142608845e-01
4.305830529159622166e-01
4.732361406557406003e-01
4.482651824850387712e-01
4.485634123797620498e-01
4.637435678858209398e-01
4.523140545376254096e-01
4.716028607105481329e-01
4.504142272963649329e-01
4.425711866378250758e-01
4.718220098906541482e-01
4.631870679810819458e-01
4.496048220364997627e-01
4.624854907194212439e-01
4.483559546300106002e-01
4.460789778695874452e-01
4.394800921597135090e-01
4.413416154985371209e-01
4.511014581702533222e-01
4.397797317238940629e-01
4.141273157084058854e-01
4.433056892321013409e-01
4.272237815285099827e-01
4.943147053724304962e-01
4.894977080260623503e-01
4.626270621120260329e-01
4.494171247704489836e-01
4.596073472578124375e-01
5.357236780460117309e-01
4.476760428017048099e-01
4.859941962956321193e-01
4.657177674819543700e-01
4.488860207665609225e-01
4.264333142876826077e-01
4.782450636824582824e-01
4.552364618951367792e-01
4.675009362851245132e-01
4.861491498042441739e-01
4.643666824325892173e-01
4.332762982251293638e-01
4.862490711897145546e-01
4.407399637312175433e-01
4.678293796684779848e-01
4.691424269271101122e-01
4.689152443860095110e-01
4.874884074138327583e-01
4.580578094564133340e-01
4.294401747430653948e-01
4.549138881129700662e-01
4.224574821322588658e-01
4.331350481859089774e-01
4.300346197675380400e-01
3.841841765675608200e-01
4.608668548734022319e-01
4.325920114459894661e-01
4.562841613560694176e-01
4.106445162318568820e-01
4.293494685668312050e-01
4.328500335934123422e-01
4.621824606671831592e-01
4.949251896022408559e-01
4.833445951237110849e-01
3.969182811740366579e-01
4.385704877439985383e-01
4.844017734932839492e-01
4.383021792593894128e-01
4.961142652924415142e-01
4.806802864913330975e-01
4.548483701979688654e-01
4.811619612263855483e-01
4.523935068719759367e-01
4.276049181910376862e-01
4.570113788326798376e-01
4.177070598542098612e-01
4.677848221040662446e-01
4.469963960807938341e-01
4.549592514391537224e-01
4.955808037903036145e-01
4.716831828158248863e-01
4.727638791103009885e-01
4.241259230392587787e-01
4.860863008872811641e-01
4.113495370627043846e-01
4.345975939686177458e-01
4.918886976751387641e-01
4.687913884416264332e-01
4.855588788744110706e-01
4.454277298983933542e-01
5.038382290923978379e-01
4.249935147365211940e-01
5.071026017340137804e-01
4.637141819162011736e-01
4.558423918561901877e-01
5.017871445550421416e-01
4.727912715456513704e-01
4.433063797507623693e-01
4.759486311583813745e-01
4.711374669025732431e-01
4.527863342477266295e-01
4.841878041734798410e-01
4.370705620475878184e-01
5.030185857731924726e-01
4.381939704570428917e-01
4.733585192370830530e-01
4.531685376468547188e-01
4.929453874285893433e-01
4.600958222389485153e-01
4.599815991953314920e-01
4.664961598849310942e-01
4.586559166511308128e-01
4.567949531052691858e-01
4.539824278439922867e-01
4.750512643778310173e-01
4.672382970310385852e-01
4.550950398601171787e-01
4.761990553845580898e-01
4.501844333846919954e-01
4.481162515519959144e-01
4.553269804662548048e-01
4.992955589279725048e-01
4.695641489299933746e-01
4.650487651011934731e-01
4.758158982208669507e-01
4.476936976454303774e-01
3.903021303185489344e-01
4.572429149572008744e-01
4.771823805623022774e-01
4.262608531114493449e-01
4.391170160540030509e-01
4.549620409192940973e-01
4.460973279228414579e-01
5.033558136917066772e-01
4.897992155469443332e-01
4.792114928548052433e-01
4.411694378782089476e-01
4.938634266626918401e-01
4.335548995294259966e-01
4.246517065868670726e-01
4.450792052995958814e-01
4.664046820056380049e-01
4.299219346648609497e-01
4.535968470729107027e-01
4.251931984500124106e-01
4.777126136806166823e-01
4.637647820365483620e-01
4.300291893460474468e-01
4.175828197449257262e-01
4.138907398529000359e-01
4.690816869144204815e-01
4.472553417255317743e-01
4.656595002598473698e-01
4.499046959599341533e-01
4.492928805310906770e-01
4.766204074616890995e-01
4.419430187238331253e-01
4.457349707666130034e-01
4.050523239279143484e-01
4.803464588988790029e-01
4.537958212400303171e-01
3.970450158575834498e-01
3.984624043858133180e-01
4.532406480168559293e-01
4.231185257269041711e-01
4.194271483664265832e-01
4.253966557555431960e-01
4.700104977295622710e-01
4.323498607769380997e-01
4.484080606601104080e-01
3.893243401915038593e-01
4.642646164543157150e-01
4.012265771741448384e-01
4.111711067444674406e-01
4.515934068010190594e-01
4.520211248059536890e-01
4.766995445959725242e-01
4.553155638045666143e-01
4.532250943648066244e-01
4.588591408370483737e-01
4.596209791302164338e-01
4.656453559240503748e-01
4.921168292837538316e-01
4.572591164232436833e-01
4.496674724263984291e-01
4.475387988751032275e-01
4.463757248830334534e-01
4.439572578086146137e-01
4.263707787294840901e-01
4.338918345401320265e-01
4.343776295087354855e-01
4.631712266051230542e-01
4.463983708581220067e-01
5.073427248527911937e-01
4.250272172558354766e-01
4.364194491707473200e-01
4.035125384910185353e-01
4.209485397804406670e-01
4.767970020111311213e-01
4.909212489876070840e-01
4.825064860202393224e-01
4.739909181323006537e-01
4.860829332379260626e-01
3.914711127433225801e-01
4.586219086875670814e-01
4.636618220411857227e-01
4.341487710880593820e-01
4.748604997622885571e-01
4.689448229971475146e-01
4.176973006391168641e-01
4.225895100576538832e-01
4.411414125728895796e-01
4.583599381535463091e-01
4.238353629072326156e-01
4.745571352098179041e-01
4.886199948013609240e-01
4.512431101807052314e-01
4.512849812140962147e-01
4.306509243799378495e-01
4.686126507619179371e-01
4.590991759883589762e-01
4.735629946831084736e-01
4.923762658394542080e-01
4.897403189374776034e-01
4.634626736319323315e-01
4.602469435386884467e-01
4.059339922004497336e-01
4.760630043180713589e-01
4.315204953144806121e-01
4.286479589500943321e-01
4.420948719244072178e-01
4.151993313706708877e-01
4.238749062567446768e-01
4.164008844308558777e-01
4.246901948055145648e-01
4.264779415057691758e-01
4.142938093687468237e-01
4.426861687153606506e-01
4.372272075393400792e-01
4.345856530679336749e-01
4.162551761493931135e-01
4.098868836195737608e-01
4.707499406247566687e-01
3.981230896410842268e-01
4.540290981828880024e-01
4.532611013886382878e-01
4.560734336954001544e-01
3.961774022701163300e-01
4.836132123025000396e-01
3.958342757506910226e-01
4.367300639681746532e-01
4.816464690905272739e-01
4.075291139675102370e-01
4.539435935950839607e-01
4.475662748601378915e-01
4.172954040137401011e-01
4.471511453193417474e-01
4.112992912202165785e-01
3.991818101147242559e-01
4.139274799250998726e-01
3.585631076518402960e-01
4.046363946247142351e-01
4.125552236630803948e-01
4.199467511092649374e-01
4.087720096300370143e-01
4.358948724558643906e-01
4.458138104114164890e-01
4.144151072219602328e-01
4.449404340443268158e-01
4.045378852120944391e-01
4.210978188683153212e-01
4.435729927705097109e-01
4.129429816162059064e-01
4.132648582837638029e-01
4.453925663100870569e-01
3.717416330520085799e-01
3.535064819763532595e-01
3.907775441047859899e-01
3.687160420950261197e-01
4.221734117619652671e-01
4.045360321324076303e-01
4.102433895883212389e-01
4.321904405853789766e-01
4.186277776954629437e-01
4.898986722114277437e-01
4.652497584719287316e-01
4.870755605572268387e-01
4.535606377982416837e-01
4.401856002485206032e-01
4.390146422903530854e-01
4.760130958625110598e-01
4.497110556332417630e-01
4.963698221967336455e-01
4.099539290352114396e-01
4.171370042655505039e-01
4.456778657454180115e-01
4.473345447438056843e-01
4.205194139434904055e-01
4.652356666619947845e-01
4.265203585756102700e-01
4.268267826874315718e-01
4.138354300950735642e-01
4.294048758535004007e-01
4.275548933299621046e-01
4.223541172260129040e-01
4.457019154945026096e-01
4.350494632931296568e-01
4.607310510092660905e-01
4.328847936142501407e-01
4.384665658547049483e-01
4.947641002177673997e-01
4.550643630228801140e-01
4.532820495320907250e-01
4.599910508409350562e-01
4.184314136383683880e-01
4.251688265177632764e-01
4.280666139567358974e-01
4.296811713750030015e-01
4.187495883031362998e-01
4.015370927326809003e-01
4.336731032459840152e-01
4.675719966124275428e-01
4.703288041863239455e-01
5.115779098063075736e-01
4.997908456440026126e-01
4.575779334130124498e-01
4.752100354402329918e-01
4.410851142779591560e-01
4.881555693056265910e-01
4.486029809518587985e-01
4.487242525988183739e-01
4.522595546581227866e-01
4.821872901590733562e-01
4.418904775108801197e-01
4.969060008226883762e-01
3.958853387578341598e-01
4.866906915927171617e-01
4.729210177380080982e-01
4.109575741112009850e-01
4.376812235038822774e-01
4.045178411749069669e-01
4.204027410430523082e-01
4.278462513786741583e-01
4.158732076942680544e-01
4.369755479343744864e-01
4.528118530902318639e-01
4.509426923070197768e-01
4.652374076376335488e-01
4.498895892047618528e-01
4.679775765327371384e-01
4.333524202948931259e-01
4.630655043198993459e-01
4.245768428904214131e-01
4.762944709454497438e-01
4.688363257010547680e-01
4.617487598839551399e-01
4.427500598936074394e-01
4.479448326090089139e-01
4.749650997461132840e-01
4.727130228319510463e-01
4.390960953845756132e-01
4.659116644140186558e-01
4.459577455424934000e-01
4.508881648157572197e-01
4.770100066253202264e-01
4.453121556413978666e-01
4.440080945554782388e-01
4.667316735065463185e-01
4.669643759282187667e-01
4.801847963580861967e-01
4.650581712656711719e-01
4.584183847601002171e-01
5.057459355535757206e-01
4.750055948426785135e-01
4.479933870976225418e-01
4.292843518315356266e-01
4.439675830827152225e-01
4.599571365330387129e-01
4.665965016443939239e-01
4.072940857175696983e-01
4.335051698163321365e-01
4.913408356070178562e-01
4.795063374658463662e-01
4.685516175221385304e-01
4.489040059402774063e-01
4.414300559299587090e-01
4.038165889900854344e-01
4.529045334102441700e-01
4.198088620263055737e-01
4.763026313021919145e-01
4.332892549846792396e-01
4.812199465879236082e-01
4.886292963601416850e-01
5.234525373642494595e-01
4.721307506292579115e-01
4.504698431535963388e-01
4.574644110648950490e-01
4.819556180634967379e-01
4.604552336534915025e-01
5.138056234598398220e-01
4.936889084699803143e-01
4.440706812521084679e-01
4.693706502321606244e-01
4.731140683819611281e-01
4.556482563085821891e-01
4.540865891377263153e-01
4.578726911980035008e-01
4.428273846649595225e-01
4.578557281038024285e-01
4.365679220933753046e-01
4.432984523287898937e-01
4.566049682603957605e-01
4.285133374907126314e-01
4.286443963803258095e-01
4.185220021911059129e-01
4.452464529720502329e-01
4.135646583239045437e-01
4.369076094076346783e-01
4.249287735207589733e-01
4.157260032069050038e-01
4.558341377703737929e-01
4.823055316390569836e-01
4.501784770061103558e-01
4.971232890154030915e-01
5.065061621145258153e-01
4.630871419488048479e-01
4.033387610195334760e-01
4.375481625359012305e-01
4.277173634457069329e-01
4.759548154546903720e-01
4.718994575544689374e-01
4.150341635860891887e-01
4.206819861973249419e-01
4.388857630805107490e-01
4.290896882851478189e-01
5.026347196279216112e-01
5.042358768037288330e-01
4.758536761107236557e-01
4.571768504406729661e-01
3.675633229406526925e-01
4.657873191710831806e-01
4.396853471658633272e-01
4.604626409432290290e-01
4.198340843926966492e-01
4.888886456062196961e-01
4.647079526512044034e-01
4.444425221575294405e-01
4.792036021077316077e-01
4.485791738309545251e-01
4.897337853648909833e-01
5.091180610092227443e-01
4.760042579666726725e-01
4.694089040456211337e-01
4.626615030973385556e-01
4.575647402355804694e-01
4.686349528149824084e-01
4.491500195591489608e-01
4.323123585144644232e-01
4.464477973199578176e-01
4.451592480715226285e-01
4.585422428477701207e-01
4.341409696917868932e-01
4.508513802969180695e-01
4.782034568628588667e-01
4.902908256830302292e-01
4.443239642019502500e-01
3.520734202081830522e-01
4.096968777108468962e-01
4.240200482894680434e-01
4.317800730787776931e-01
4.542820826600906803e-01
4.727115719062940369e-01
4.823893771160043809e-01
4.811751432683180063e-01
4.525979807682299905e-01
4.404761607021969172e-01
4.661786227335760202e-01
4.045569539951151539e-01
4.659876861524445135e-01
4.291221250284417144e-01
4.439334958234703032e-01
4.543743769696921286e-01
4.696548578119296713e-01
4.341045336384334319e-01
4.747715870682585604e-01
4.550117558596354361e-01
4.313277028967839599e-01
4.212058201228712218e-01
4.355493498345521242e-01
4.825265506196166343e-01
4.602126431324136124e-01
5.135931894302783185e-01
4.824524955996387643e-01
4.245470563087767046e-01
4.516790323450375344e-01
4.472495545109442250e-01
4.861842182393643630e-01
4.515081544788081547e-01
4.534930666126451015e-01
4.792812215321765046e-01
4.359077351233651698e-01
5.010811308164041522e-01
4.707428145237689820e-01
4.821449040398235186e-01
4.706570104716152891e-01
4.896766363274482892e-01
4.571747429836665044e-01
4.472133115227660549e-01
4.802479702461482924e-01
4.806573847770774233e-01
4.602457734253224131e-01
4.952022450846342294e-01
4.521661377074417953e-01
4.502197567860648508e-01
3.966603545670743802e-01
4.802921415463901611e-01
4.549911922708867462e-01
4.629022674777653612e-01
4.442627542111576289e-01
4.148949823840927253e-01
4.866462697900999501e-01
4.732986100796970907e-01
4.628197389365935055e-01
4.689727708696604935e-01
4.115021907677081092e-01
4.597077668378204418e-01
4.631285614260554073e-01
4.268643526432484014e-01
4.394512516978821837e-01
4.523714674850685680e-01
4.561106005997422330e-01
4.190087634631060043e-01
4.461643965687939750e-01
4.170719177181672621e-01
4.930087930370837257e-01
4.983682277157875373e-01
4.615377006664254655e-01
4.273554994646640015e-01
4.144813033054242646e-01
4.755817063283244162e-01
4.558842138666293620e-01
4.564163102987562337e-01
4.740219335021655378e-01
4.280038103321687770e-01
4.520500442859141099e-01
4.734555706374826145e-01
4.452107969186690495e-01
5.004283212681707171e-01
4.519366778811723107e-01
5.215200877021345383e-01
4.939502419783711740e-01
4.749509071505266800e-01
4.621676494621025921e-01
4.647724256400667109e-01
4.290317461537633270e-01
4.079504479281471085e-01
4.716151580917964381e-01
4.380397926795413510e-01
4.247953181807303524e-01
3.749907281987318042e-01
4.608469792977354929e-01
4.595810169591683092e-01
4.632471299688379340e-01
4.759755809664165671e-01
4.312369732427979718e-01
4.864822637811668793e-01
4.698056715184182885e-01
4.775043270092469427e-01
4.053958395097232992e-01
4.415604287475027312e-01
3.765915782508950649e-01
4.489641373399549940e-01
3.982403510411027803e-01
3.992644331374547439e-01
4.119796361479330926e-01
4.355975538286026016e-01
4.810606145741894712e-01
4.548717656116424979e-01
4.610272950206842912e-01
4.583001253207630854e-01
4.608402700459297008e-01
4.141072457249946881e-01
4.634135720816461301e-01
4.315625543627002458e-01
4.420820258591279250e-01
4.358392374490058785e-01
4.618114162480386198e-01
4.120471624477083372e-01
4.245757948339611842e-01
4.528061126186403995e-01
4.277967936565865714e-01
4.902332528009615831e-01
4.547679392939859566e-01
4.759400851550862899e-01
4.555613808043609270e-01
4.093295267567443330e-01
4.605836246268172895e-01
5.040452840545285307e-01
4.315101788826871121e-01
4.589921195945229071e-01
4.080025322479369221e-01
4.386057157740996248e-01
4.218179828517121810e-01
4.599928682540234126e-01
3.812729360945473767e-01
4.437184646926894960e-01
4.823487802618143805e-01
4.974751301322330455e-01
4.469835858341917323e-01
4.453925245069840222e-01
4.563037054402512283e-01
4.501773777244632568e-01
4.340887678188572463e-01
4.384648259285043315e-01
4.666371926046792851e-01
4.964304430900383647e-01
4.717644339724054170e-01
4.550867841938534553e-01
4.443617313814736680e-01
4.685147553225379458e-01
4.581850016452027052e-01
4.838489461745636433e-01
4.388111995091490969e-01
4.402179353338692702e-01
4.324891783077035035e-01
3.983933083334722514e-01
4.910628784648606859e-01
3.987426635005661968e-01
4.359937747902554728e-01
4.402370782627456069e-01
4.174101356985242539e-01
4.701668167289284050e-01
4.735588582517732958e-01
4.095080251417648198e-01
4.457480996947286722e-01
4.458092864684902179e-01
4.252588170422920144e-01
4.638823701245775588e-01
4.802714567561895964e-01
4.541143861356531364e-01
4.093454056017743481e-01
4.367721892083668012e-01
5.079795557690378605e-01
4.375697900635233673e-01
4.736255157687572770e-01
4.717873325244386629e-01
4.038826285829588136e-01
4.211743654820643834e-01
4.304373780988442477e-01
4.469163289407966921e-01
4.408156127336129160e-01
4.688462382719947308e-01
4.752860843867843799e-01
4.297501146001805328e-01
4.499787228408665407e-01
4.691973518803241316e-01
4.652545953843510995e-01
4.403175801995029559e-01
4.531865636390261520e-01
3.980441548513464767e-01
4.236883602230564483e-01
4.518933478313438279e-01
4.588805388964937726e-01
4.417357853020406067e-01
4.912337266419279924e-01
4.830558550622660041e-01
4.641780055516284698e-01
4.191639154434966819e-01
4.328897416315547475e-01
4.444796958920335661e-01
4.085627693819933182e-01
4.449735882740040727e-01
4.325671905125468841e-01
4.560624235884421784e-01
4.325032495326160964e-01
4.540750412441497685e-01
4.899664193853919270e-01
4.647032410475419595e-01
4.370812659905432551e-01
4.352949218744405768e-01
4.621404983444077352e-01
4.474912188619349362e-01
4.417972306664597615e-01
4.461014736012747228e-01
4.442499980536679938e-01
4.540843456389024313e-01
4.091750613285813354e-01
4.558616265447362759e-01
4.347857639822908515e-01
4.569366174973282790e-01
3.844803503286442492e-01
4.508038386447861812e-01
5.000465618775072896e-01
5.039083306572798016e-01
4.572020283300832211e-01
4.481121040157651225e-01
4.660603513116690633e-01
4.708447942768966832e-01
4.825703520024760551e-01
4.505932657651212647e-01
4.859664455404561489e-01
4.869175633640814849e-01
4.395374948689458883e-01
4.708594961077515184e-01
5.099612058672854387e-01
4.720346299802915535e-01
4.260843724625458240e-01
4.503885308278721689e-01
4.234934333863356604e-01
4.000355063005124334e-01
4.828512255438606737e-01
4.572686156033849980e-01
4.812830695114664881e-01
4.814595821376924101e-01
4.160057055529802761e-01
4.449396605724112996e-01
4.642477260368292891e-01
4.351613342988254751e-01
4.474922703916113798e-01
4.558925597686266373e-01
4.417231338707270916e-01
4.222167881657751254e-01
4.253504905913440548e-01
4.317636159766969350e-01
4.407506928830647874e-01
4.452167950479826719e-01
4.883587340771134433e-01
4.900705579897646214e-01
4.763525718648600193e-01
4.759505694683231480e-01
4.906908251702170043e-01
4.940802964750205528e-01
4.635784940519144803e-01
4.681315209846963477e-01
4.841863405748759730e-01
5.010798433211812730e-01
4.867028422586476832e-01
5.091757809724353212e-01
4.660888682858994603e-01
4.477568470936185707e-01
5.002864887140949790e-01
4.269154630412440588e-01
4.765950952669827378e-01
4.476769197522426080e-01
4.565503151538427562e-01
4.376603350286055738e-01
4.513285233214656134e-01
4.379265597842929014e-01
4.747612782852981272e-01
4.581332478518438389e-01
4.284417342598720868e-01
4.421700089088670960e-01
4.213540131950079259e-01
4.419568949850617989e-01
4.654308579610786367e-01
4.419053886088116223e-01
4.391188981985954531e-01
4.538580916719663350e-01
4.781876767392457261e-01
4.258153888778294927e-01
4.111974377038599138e-01
4.674676094653957281e-01
4.804393110822456903e-01
4.298532737690851091e-01
4.360365755237037289e-01
5.216507721046818036e-01
4.502028565529326842e-01
4.997175334085788290e-01
4.685789358397162707e-01
4.653843904399368459e-01
4.664050008497249156e-01
5.055111381211913057e-01
4.752262912657546634e-01
4.743172993255713732e-01
4.293180166292694389e-01
4.753088034020155339e-01
4.528507345451172061e-01
4.961703350301390203e-01
4.688317491566146300e-01
4.450754793941475440e-01
4.704403354373272728e-01
4.992865788661070003e-01
4.601006633408373236e-01
4.743216854786726500e-01
4.824945694263594320e-01
4.331948282356201663e-01
4.341863809955927578e-01
4.744777112083306547e-01
4.364674566925366705e-01
4.686846564173468010e-01
4.253497637869706471e-01
4.560667224570618683e-01
4.633435904968015162e-01
4.608421131840947371e-01
4.695140248778399417e-01
4.542224275816956203e-01
4.708751201584295831e-01
4.653547912483892990e-01
4.809053262445468491e-01
4.916555554258091876e-01
4.524217700812900311e-01
4.548178756977832582e-01
4.312046091455155050e-01
4.808909502969280214e-01
4.794262922468368604e-01
4.315059241023531111e-01
4.642268086317772324e-01
4.582748100925679302e-01
4.574802316132017821e-01
4.568235112709248535e-01
4.350592771146379878e-01
4.773900335680849039e-01
4.363691372204487884e-01
4.492819566001196030e-01
4.293522370581754344e-01
4.822226122791883896e-01
4.323468117402921584e-01
4.322905805619883801e-01
4.183636136579882980e-01
4.449713456033326797e-01
4.583746480463973816e-01
5.033312811259960107e-01
4.385371452741852472e-01
4.505308970686816572e-01
4.013323923183639841e-01
4.586467265772409263e-01
4.334345976318939586e-01
4.647174984028432099e-01
4.471934538507018053e-01
4.483115018019515063e-01
4.463019070060270654e-01
4.660677032242055984e-01
4.213906790248193035e-01
4.631520219606368172e-01
4.477903372437942453e-01
5.190440601552896993e-01
4.505597280688195538e-01
4.607726975004212133e-01
4.732590073655017493e-01
4.576167473603896529e-01
4.668284943073434112e-01
4.549380860282750683e-01
4.205339609666641221e-01
3.989717563123931221e-01
4.169655227041081935e-01
4.386802834443662702e-01
4.526719795101471489e-01
4.489523992489231063e-01
4.796197243171442248e-01
4.315539038742984279e-01
4.456585448118886572e-01
4.505916447087947585e-01
4.428548036925092357e-01
4.502990872495712948e-01
4.454950278496290772e-01
4.617786633441398059e-01
4.129389655949189941e-01
4.403972784547478536e-01
4.585190596109572914e-01
4.494640680024818979e-01
4.617225092840349099e-01
4.425422532140062537e-01
4.394997808926908167e-01
4.837710236545982312e-01
4.276789048555961759e-01
4.655234627861658536e-01
4.624913134254655112e-01
4.233596262980705571e-01
4.868874993217168767e-01
4.628245653270460225e-01
5.110886739942297474e-01
5.055232110169831650e-01
4.845501106904666622e-01
5.045627219258224105e-01
4.754021572153442898e-01
4.535030234732636001e-01
4.631635026538796218e-01
4.370798323308717204e-01
4.555482324706131014e-01
3.769117456224786999e-01
4.557160429831154103e-01
4.284655425432782883e-01
4.509173517932607012e-01
4.248071264724496143e-01
4.619794959109281840e-01
4.889905154838428691e-01
4.846111351076662355e-01
4.977730590875660277e-01
4.793369120457420807e-01
3.839768286267321584e-01
3.855683708159397538e-01
4.493135373474493321e-01
4.154395169932656451e-01
4.401172259842576762e-01
4.444456517832344744e-01
4.267344352371849059e-01
4.910897338589023664e-01
5.118056250792192285e-01
4.908620235178755564e-01
4.905838976212308911e-01
4.581313189954942522e-01
4.210080541064414317e-01
4.375595573983688258e-01
4.660194505369394946e-01
4.479598002975458959e-01
4.653564078391054237e-01
4.761903969986738261e-01
4.556902820697301681e-01
4.951075755205392448e-01
4.387358701766606028e-01
4.613854206915324885e-01
4.605628031976221060e-01
4.290669647690940613e-01
4.465637548859431316e-01
4.195705804926337379e-01
4.288885934174738179e-01
4.628960065517915834e-01
4.770112204943503520e-01
4.725393556873266343e-01
4.569386852396016274e-01
4.326126938797868471e-01
4.782664391952053395e-01
4.218998913327969280e-01
4.661928010084822604e-01
4.537935333884895450e-01
4.489985676721789942e-01
4.382538817835108791e-01
4.946920901914699242e-01
5.150640938933380708e-01
4.329346378246810012e-01
4.528207603743210630e-01
4.951935897308284429e-01
4.845334896405196212e-01
4.813466868527815357e-01
4.163252319114581490e-01
4.083373239713800618e-01
4.750505977714287731e-01
4.799154001530927527e-01
4.346431845189849819e-01
4.204194096282543591e-01
4.087455412381403863e-01
4.314226171887003969e-01
3.938217953180329078e-01
4.317986333015784717e-01
4.846961596882219947e-01
4.566768487776989849e-01
4.375686394568924498e-01
4.329133813772714778e-01
4.756307036510096786e-01
4.395500592086339364e-01
4.827048811630774150e-01
4.557994699900121960e-01
4.599063603459973559e-01
4.100082638073193619e-01
4.279807659133236242e-01
5.022670641405296843e-01
5.060195436025818339e-01
4.799872781190011595e-01
5.107810102377601247e-01
5.072900906145016986e-01
4.528605616915225562e-01
4.644835027335171285e-01
4.299326789610966593e-01
4.833675092065831680e-01
4.465335000375261210e-01
4.322943554055560522e-01
4.727300709829956871e-01
4.933732429804020270e-01
5.217990203212337086e-01
4.728041997710239475e-01
4.177183930354944619e-01
4.462419373037727621e-01
4.357667150164952208e-01
4.096096758818814632e-01
4.300849491311641848e-01
3.756427820613124080e-01
4.081577081259277762e-01
4.634675277922328251e-01
4.586736024522341526e-01
4.672524102618682562e-01
4.812867205269846238e-01
4.271138258929196851e-01
4.436304283819812455e-01
4.288598194682232689e-01
4.885472283652514403e-01
4.472629666369418722e-01
4.198847925671924664e-01
4.300764872428284313e-01
4.290605848140844336e-01
5.047786875519048033e-01
4.178797166870613089e-01
4.552258665627022527e-01
3.907387310709174444e-01
4.594895155274977827e-01
4.225005300021175136e-01
4.181533237984900730e-01
4.444027654305401920e-01
4.288072787952058040e-01
4.287458555214017641e-01
4.287771535366691200e-01
4.392561016081081848e-01
4.172180575290435067e-01
4.295711339760445169e-01
4.084225760304911468e-01
4.362825531340576712e-01
4.425102966521735626e-01
4.565029201356279320e-01
4.536625178406055725e-01
4.756928101359559902e-01
5.006344482515311389e-01
4.750824907848747447e-01
4.643217094845907278e-01
4.482697131596766194e-01
4.758316853686656023e-01
4.782738430089296666e-01
4.186453768579180279e-01
4.091263590493006141e-01
4.443328018577478167e-01
4.616684942720901130e-01
4.335514847120701121e-01
4.678479131220407705e-01
4.325007576473727244e-01
4.471167574733574956e-01
4.392652160002971651e-01
4.113849800820892910e-01
3.702414032572438063e-01
4.226424000446392659e-01
4.229935335925503748e-01
4.410861584268144786e-01
4.712824581623717979e-01
4.758560465332485334e-01
3.837855932357885358e-01
4.534529764340129998e-01
4.569078003890520434e-01
4.413410825071363841e-01
4.407127284517205479e-01
4.614086560650704771e-01
4.657597532994752210e-01
4.664173849671987004e-01
4.514612134894445128e-01
4.536517703771484333e-01
5.156107530137800099e-01
4.398935001198849837e-01
4.464128704500237022e-01
4.703090576147426760e-01
4.661851199352126662e-01
4.586027340279821285e-01
4.356172659024588611e-01
4.635541595129439862e-01
4.751663424251322265e-01
4.700266438391026980e-01
4.687430983001316664e-01
4.364349547160711329e-01
4.389212430623152805e-01
4.331248714926790311e-01
4.377499934931594061e-01
3.942679545592271961e-01
3.762308151145011270e-01
4.140276262296780918e-01
4.453628639201469563e-01
4.215485849074661617e-01
4.579817306563876422e-01
4.422850902284451435e-01
4.856720857908663480e-01
4.564013360364774785e-01
4.156452010552220688e-01
4.452194275117359323e-01
4.623705682994045385e-01
4.137326497698743943e-01
3.830781176562075285e-01
4.119929003553145508e-01
4.669013318648643773e-01
4.239661999910683265e-01
4.726305793451786585e-01
4.366814323056574243e-01
3.818998549929225050e-01
3.962488665582600822e-01
4.539553643839958075e-01
4.118995387198743918e-01
4.481989898867583255e-01
4.405746633256452660e-01
4.339452612617498706e-01
4.079863087607298322e-01
4.859764816991851144e-01
4.408810553598904169e-01
4.512313242074217357e-01
4.583160487924246018e-01
4.520200948477204328e-01
4.498014875971550475e-01
4.863786737365977109e-01
4.707728056883057621e-01
4.744940205733405025e-01
4.435038123087253203e-01
4.377884111842158532e-01
4.625171819221884917e-01
4.560688765721893634e-01
4.538280689478835228e-01
4.263195556086631921e-01
4.474820455604043290e-01
4.451348432806728206e-01
4.382457787254842030e-01
4.414269350764902233e-01
4.616806909731832609e-01
5.168410913293968179e-01
4.510333361226094295e-01
4.363972828405022764e-01
4.638138615191597647e-01
4.203941728784731935e-01
4.068652468235167130e-01
4.701677036139815247e-01
4.528039308750613778e-01
4.173946907575761811e-01
4.107533751181208226e-01
4.687876339916241530e-01
4.659389109515381100e-01
4.720158914791993121e-01
4.717019307317026899e-01
4.829083388887339678e-01
4.585799344128987931e-01
4.785523956157552439e-01
4.419697739416019178e-01
4.042841485162486093e-01
4.194590605237647485e-01
4.602343832430803028e-01
4.330620841776522956e-01
4.559394495916378465e-01
4.378605788055699999e-01
4.815994072092296685e-01
4.551192057066460461e-01
4.432813653177235524e-01
4.891358740753283252e-01
4.876784800259940655e-01
4.440956280572652126e-01
4.773292122970541618e-01
4.694982076986474739e-01
4.130957121730670090e-01
4.934566896063138364e-01
4.812811445578928371e-01
5.129023158840007035e-01
4.337263546268788628e-01
4.501764707351816885e-01
4.937494707211135259e-01
5.025578159218755392e-01
4.560382703258268333e-01
4.878848526685873321e-01
4.627861531777560100e-01
4.339369298540655673e-01
4.252929046349196440e-01
4.832960811736831674e-01
4.310099747200521469e-01
4.280871876794892783e-01
4.496729227480056879e-01
4.417532726030074519e-01
4.118697881276950357e-01
5.010969198070797104e-01
4.071841572881405025e-01
4.664587831320518574e-01
4.536711185461358986e-01
4.755909239718241199e-01
4.178277692118127495e-01
4.917020922220591839e-01
4.247338996187631777e-01
4.527417417573673664e-01
4.628727000704800920e-01
4.617684443959216289e-01
4.826245652745607129e-01
4.754612262172979165e-01
4.333117143923423398e-01
4.870733095623530073e-01
4.603147711667876507e-01
4.455440772522819559e-01
4.916516988113445175e-01
4.826839195327409238e-01
4.941579353862028956e-01
4.452711865099119870e-01
4.884860087172815946e-01
4.527021258023475325e-01
4.557150002362098107e-01
4.488473645981228555e-01
4.789956765028270946e-01
4.761485909494343471e-01
4.708875122268404434e-01
4.701130304289938278e-01
4.656496686531592655e-01
4.713066508313792369e-01
4.981821655913548086e-01
4.760799479517162647e-01
4.551552464933622533e-01
4.445839620376686452e-01
3.940229437187843797e-01
4.635841237058277997e-01
4.714275599451002163e-01
4.365165032046685045e-01
4.152467800287088506e-01
4.500927614644437136e-01
3.886585185635691442e-01
4.169379525066114200e-01
4.266304435940743156e-01
4.416563999572722388e-01
4.417648968246574714e-01
4.361493601698073763e-01
4.421331896836679376e-01
4.193758312880682682e-01
4.285086526698648757e-01
4.886685868223237805e-01
4.731961956336300790e-01
5.028115026424813117e-01
4.475661470089493110e-01
4.199799388643099540e-01
4.480442072636743878e-01
4.408220526800019634e-01
4.492956223198661392e-01
4.708017703746265603e-01
4.193946990152040977e-01
4.207091951882503400e-01
4.328966555372712466e-01
4.363580397980491576e-01
4.386761536135341255e-01
4.760417071473964090e-01
4.464214808974077409e-01
4.470807773294834808e-01
4.911807162997707810e-01
4.583050065037627685e-01
4.189342067752845900e-01
4.393262410463782408e-01
4.392120529403142903e-01
4.105794580780521841e-01
4.530652475193344131e-01
4.549853846051721273e-01
4.150941771889571363e-01
4.388393732374751277e-01
4.254378457552683845e-01
3.847752894918768929e-01
3.975953902258557715e-01
4.045292008322481370e-01
3.911861677223731348e-01
3.606150084458174532e-01
4.012944246121344372e-01
4.559251344577094911e-01
4.120962538482751403e-01
4.361728941060432074e-01
3.973443485509121631e-01
4.562714928721751662e-01
4.404833417731408574e-01
3.415009697959058288e-01
4.675782931030859624e-01
4.271408614219662780e-01
4.272933133747905954e-01
4.736309524679210292e-01
4.193953642687292538e-01
4.429408113199783670e-01
4.313726601910948810e-01
4.122593120796959054e-01
4.209041142375269384e-01
4.615813651006848706e-01
4.339269748172317476e-01
4.405253698495441572e-01
4.217890900597798809e-01
4.161604406616005170e-01
4.392987958635664603e-01
4.242831040867974246e-01
4.340355891488851259e-01
4.405267324085887504e-01
4.677273644843822908e-01
4.472266220566518680e-01
4.541059467636265889e-01
4.347690920570961848e-01
4.270753868358055372e-01
4.749913367803393349e-01
4.556987460904322051e-01
4.487084872301042582e-01
4.053313878253383407e-01
4.345426960728965282e-01
4.080331921563140618e-01
4.111359706628743282e-01
4.509961678089733916e-01
4.647060365524931513e-01
4.243028631364306746e-01
4.502143097701406527e-01
4.396811579476108678e-01
3.967672665070982596e-01
4.778656702919955035e-01
4.768069880268230309e-01
4.432307316956600740e-01
4.797480819003400732e-01
4.961268460316718421e-01
4.832315929936281673e-01
4.753107749045722974e-01
5.149587783200783031e-01
4.422487556441007661e-01
4.121538592369266563e-01
4.727246187224683482e-01
4.260767171759263783e-01
4.225948329354816679e-01
4.571838644065403523e-01
4.295445193103703541e-01
4.085569011118241334e-01
4.512177404201059283e-01
4.602363738296464390e-01
4.527426614940414096e-01
4.420894301934791271e-01
4.505187071028936008e-01
4.359171281714183110e-01
4.292489184118936096e-01
4.664100686635258564e-01
4.286518353957790572e-01
4.218506791083513896e-01
3.983579464716709984e-01
4.123029097043910962e-01
4.405722170715317687e-01
4.450127081676687468e-01
4.692870209928884373e-01
4.543989795023305467e-01
3.987888382195760029e-01
4.309749322449468734e-01
4.048858103703069644e-01
3.860149447148256696e-01
3.937407307426333825e-01
4.358516911777602920e-01
4.207644855518146709e-01
4.393520947435682888e-01
4.106463598103964330e-01
4.461202064767559317e-01
4.723012989069229062e-01
4.748129286073156652e-01
4.731621494575001252e-01
4.625385981425914617e-01
4.027313223898192907e-01
4.540787426828189477e-01
4.267849203490557963e-01
4.518062445181397768e-01
4.416094602313204720e-01
4.511086589784656375e-01
4.273709730204540147e-01
4.869406159037002468e-01
4.801120261854509019e-01
4.943971756639648496e-01
4.810755044579606010e-01
4.277205919197402673e-01
4.522728326184421443e-01
4.489777786172566287e-01
4.243755762502366968e-01
4.541565789404818920e-01
4.560808289529861281e-01
4.758314864952130629e-01
4.504707911065053416e-01
4.559895436293217585e-01
4.411214638227308749e-01
4.441876332483360446e-01
4.844593892078696284e-01
4.715072713696065732e-01
4.498652921042614050e-01
4.361469966118797781e-01
4.805113136840849508e-01
4.613265669355972598e-01
4.141593939148535131e-01
4.113725992596491410e-01
4.237631762462924501e-01
4.637195788062880575e-01
4.416316154252535320e-01
4.544768858488762997e-01
4.334268449213293239e-01
4.612301642590886930e-01
4.595336310842728089e-01
4.486133445381354501e-01
4.537008312236386343e-01
4.589333114245112144e-01
4.811319101105662743e-01
4.701316375941121950e-01
4.535877178605514093e-01
4.463289215010157185e-01
4.643824154962442052e-01
4.635968236594185110e-01
4.490063551813480713e-01
4.540632329545397083e-01
4.594411536392744577e-01
4.620307655559153237e-01
3.929677553780306365e-01
4.733593135827197651e-01
4.498189588715391651e-01
4.520196312401683070e-01
4.679165698153075481e-01
4.198527447557521275e-01
4.126568974811375412e-01
4.389187877864587639e-01
4.326334153223675427e-01
5.089095562875317613e-01
4.677427548028804116e-01
4.281429832989637752e-01
4.288655849143537258e-01
4.065299538993835671e-01
4.548890637278700244e-01
4.064437663873728956e-01
4.151304518233396856e-01
4.869337052100554675e-01
4.398890702716075074e-01
4.621452905942854961e-01
4.455735080841727869e-01
4.550355501647657674e-01
4.820240447849103438e-01
4.619668710023023817e-01
4.234825277611457550e-01
4.616139856714076561e-01
4.007993020225730230e-01
4.353793435294558978e-01
4.984277784550896762e-01
5.294282932500339323e-01
4.885826421298776201e-01
4.137338849403814356e-01
4.712034888628680029e-01
4.915059389740087936e-01
4.761039853633288743e-01
5.297694429687579420e-01
4.816916416165404891e-01
4.647256293137564387e-01
4.536093581817728926e-01
4.397303574555963546e-01
4.327102965199539075e-01
4.757633686410812079e-01
4.534095837179906163e-01
4.598679618813507064e-01
4.997887755833045897e-01
4.706420370651072660e-01
4.644193084829915663e-01
5.073207762080157446e-01
4.911376673589117892e-01
4.719803394496971949e-01
4.751113688499714049e-01
4.892883401322090098e-01
4.697200386200508504e-01
4.371048964240996093e-01
4.817347384000764676e-01
4.994004175607357210e-01
4.654664713013526023e-01
4.618752915702533657e-01
4.656696256520791444e-01
4.341058574492680511e-01
4.654083795481778751e-01
4.881067381070309796e-01
4.394252750714464639e-01
4.349854408999188626e-01
4.727616394691303570e-01
4.597278963470627922e-01
4.838615368771378433e-01
4.599782200290291057e-01
4.706927440895415371e-01
5.072495488305422962e-01
4.785671170892087378e-01
4.623951428272392028e-01
4.616370801910002486e-01
4.746305163752920220e-01
4.779407831494312808e-01
4.719981089009794850e-01
4.694094225671298082e-01
4.956852039137185084e-01
4.960169356237448257e-01
4.820249800406624097e-01
4.644354261120365868e-01
4.416197379745114837e-01
4.328350867210860042e-01
4.417163335077196051e-01
4.022038420922280366e-01
4.486940499248542324e-01
4.263772402516456395e-01
3.870533785579662878e-01
4.737459940891290966e-01
4.815517594899491605e-01
4.603925900545807748e-01
4.035781835377874049e-01
4.242492836414908375e-01
3.941440868129233999e-01
4.535888000598198855e-01
4.119572817101220807e-01
4.046799742906714847e-01
4.665416699148053903e-01
4.395112497637323479e-01
4.442715922105796023e-01
4.000250544158105992e-01
4.833588776547242949e-01
4.257259905300485037e-01
4.277367016046517145e-01
4.487537171083594290e-01
4.855112405754318239e-01
4.743029887957228574e-01
4.329304563507323511e-01
4.397520591434271320e-01
4.694842837490906251e-01
4.891537394043743991e-01
4.604682659423862678e-01
5.088362863063335961e-01
4.926861874527759810e-01
4.813719251508476460e-01
4.672443134062022052e-01
4.836284441128118616e-01
4.665564615922928593e-01
4.472987007404415349e-01
4.156179922843539210e-01
4.505408017836464163e-01
4.359363630782333576e-01
5.133937893903317562e-01
5.177264742834074562e-01
5.262756005506311618e-01
4.723735926665804663e-01
4.839393032414764928e-01
4.991149375090462859e-01
4.738144106145144030e-01
4.747707173511485079e-01
4.710586182353610485e-01
4.460531530860095129e-01
4.659313303353274094e-01
4.808249953449631464e-01
5.057598960630982354e-01
4.715664638077942117e-01
4.772844480521014621e-01
4.501378443511882543e-01
4.712213646614076823e-01
4.760066758271509491e-01
5.108482484231442466e-01
4.876522853676459324e-01
4.680260864828336143e-01
4.796225265938155458e-01
4.526831884278099127e-01
4.596036990191191274e-01
4.372815868807489736e-01
4.223165329508691834e-01
4.451293964079892085e-01
4.792132921660268718e-01
4.502177856836409031e-01
5.200215296974362023e-01
4.321140652691028983e-01
4.347502706307634357e-01
4.214659207793113316e-01
4.137252919217646041e-01
4.519204141574311717e-01
4.726436820824895801e-01
4.284147141722538521e-01
4.655415035246304734e-01
4.147471900144291124e-01
4.827437009723603567e-01
4.349093345853839443e-01
5.159025845460897264e-01
4.732964519389550317e-01
4.896242600608379236e-01
4.605089874417624962e-01
4.802912682416747292e-01
4.393519416443971704e-01
4.766762870641999550e-01
4.420592215327380226e-01
4.390216445048245042e-01
4.326737359302854635e-01
4.005351460095827876e-01
4.257607595088213626e-01
3.928123860519722177e-01
4.143604776832010561e-01
4.391037110211418737e-01
4.179509201216095038e-01
4.511749322638482496e-01
4.250127218233689663e-01
4.342893066418860304e-01
4.563520984111443246e-01
4.683038967962450672e-01
4.153602566937211193e-01
4.400361444514879761e-01
4.319732390549517742e-01
4.789846567279738010e-01
4.274975659290153329e-01
4.242871816158565457e-01
4.254858878011478218e-01
3.874772226362300787e-01
4.620421241321522321e-01
4.267963252044053024e-01
4.556808795454294625e-01
3.987279262975691463e-01
4.451240579333864411e-01
4.571867905754566364e-01
4.529841566123753993e-01
4.549790985658406228e-01
4.445439671432901974e-01
4.358700469154251356e-01
4.489819549262948906e-01
4.586531533534900507e-01
3.781989962016907292e-01
4.696884443978319168e-01
4.586508700323695398e-01
4.379530466458272375e-01
4.816884920933314773e-01
4.505976282546196865e-01
3.935755845472357350e-01
4.180439247700619698e-01
4.597511689782590727e-01
4.133807421558026718e-01
4.963734677485082680e-01
4.845623482013103889e-01
4.618038131638551036e-01
4.927471174205935167e-01
4.788538714310036637e-01
4.862561892356513926e-01
4.056027991811026467e-01
4.253752862432388371e-01
4.004406642309861208e-01
4.156864683261752291e-01
3.981596951438797216e-01
4.367037110796870847e-01
4.493281708011871434e-01
4.269673907570138982e-01
4.725147580031454631e-01
4.718487307055356794e-01
4.678144996902624531e-01
4.680718379450909961e-01
4.855439932730197250e-01
4.412095144993672391e-01
4.199913787764897322e-01
4.204689756517837051e-01
4.452901449522402300e-01
4.293980527960676308e-01
4.618716814467807574e-01
4.059308582801465781e-01
4.287641763907356629e-01
4.152872121113596604e-01
4.029492912379701863e-01
4.631463922953269474e-01
4.739548719920990139e-01
4.295166221539618023e-01
4.642662355030492960e-01
3.723194500024250009e-01
4.043866695353175444e-01
4.534815289053270027e-01
3.988403535952022017e-01
4.296602573856583840e-01
3.901760393054913290e-01
3.979005080203779632e-01
4.513768124445197705e-01
4.519888318730635457e-01
4.765064294628746366e-01
