5.299804320676998470e-01
5.121750261623265743e-01
5.100567668871944793e-01
4.802298053241593756e-01
4.513905427940477777e-01
4.830725198906867801e-01
4.878478173222974279e-01
4.885406710712389411e-01
4.581139433769725877e-01
5.146632975680646149e-01
5.244420724352306662e-01
4.712255452021463786e-01
4.699588013352187232e-01
4.669897001058417874e-01
4.717450489405534131e-01
5.075490789822965088e-01
4.806483737693219016e-01
5.107356226367829599e-01
4.988372986734563863e-01
4.978215554780842100e-01
3.863818824175053734e-01
4.787082352882862102e-01
4.744141856026616311e-01
4.286744636665340003e-01
4.965146082416213025e-01
4.168041476667041501e-01
5.335011097675097513e-01
4.507909487566413298e-01
4.635319443754930546e-01
4.199916887311709868e-01
4.790807504204758205e-01
4.816689750861022912e-01
5.315126595101039575e-01
5.140815460211027865e-01
4.970230083640791996e-01
4.770676134397264789e-01
4.702615686728298106e-01
5.040514299717362423e-01
5.298194696663055536e-01
4.640516124182122448e-01
4.691720597962726336e-01
4.707265296824489909e-01
4.722613245628349832e-01
4.602353256272184723e-01
5.149089786965355131e-01
5.450836316383881330e-01
4.884882024995246264e-01
4.946342842205079249e-01
5.325973165101169915e-01
5.549809997139307782e-01
5.037364785592802763e-01
4.875278494182620492e-01
5.235837799274452031e-01
5.136121746106527830e-01
5.064665030763834119e-01
4.615301709714982326e-01
4.958005447507371488e-01
5.117326307731984159e-01
5.321367081093834051e-01
5.040603647314948477e-01
4.819568265938307117e-01
4.561522652656424537e-01
5.191215857899016406e-01
4.848749345707545899e-01
5.314128246782665599e-01
4.772158849136883818e-01
4.270493742002618442e-01
4.304653134005157478e-01
4.979270997328967829e-01
4.573437353072745126e-01
4.765233005568002556e-01
4.841987924059424353e-01
4.843670179020849176e-01
4.882231507422510330e-01
4.892207539988632781e-01
4.997672756771518454e-01
4.502280236419349824e-01
4.043940740422281577e-01
4.667132011206227560e-01
4.547744517089954419e-01
4.821059739639527164e-01
4.898290511710638451e-01
5.317689694194686068e-01
4.923157842561752262e-01
5.022719914392614893e-01
5.032829702285620543e-01
5.101946660551220925e-01
5.621193873663228313e-01
4.881441939215460102e-01
4.896918571619520155e-01
4.911784494254880507e-01
5.078593637864315946e-01
5.040946467715854418e-01
4.503638881042952291e-01
5.092858037873913002e-01
5.073227522243441978e-01
4.654809491400972998e-01
4.898881691735978428e-01
5.385632588971240864e-01
4.718183317887842954e-01
4.729227412008463194e-01
4.910388778500124340e-01
4.845961781570582438e-01
4.970626447982399720e-01
5.519450235315248587e-01
5.338959482615106555e-01
4.338791181439587419e-01
4.485814593949201678e-01
5.070485574063141598e-01
4.719742121853938155e-01
4.800626572647077039e-01
4.535094710139891405e-01
4.572428317572018175e-01
4.992666769515666236e-01
4.916908107987886245e-01
4.515289094226657696e-01
4.423545661838686471e-01
4.946882736296592809e-01
4.501077910304944196e-01
4.956451441868003349e-01
5.414704169965307567e-01
5.059921952048572757e-01
5.362716521568476891e-01
4.579054787993254716e-01
4.845305068869078524e-01
5.406698320886859088e-01
4.925548268862258161e-01
4.713815914802404472e-01
5.042914760870416124e-01
4.617535836197657617e-01
5.207211697521739735e-01
5.368443436898884258e-01
5.310654984048021054e-01
5.310834136713639131e-01
4.758574025167139343e-01
4.988992645109389112e-01
5.227776655960121310e-01
5.392508917581908534e-01
5.471674184860320089e-01
4.877647786536129515e-01
4.964426416785693297e-01
4.946305815087310154e-01
5.276959243844241421e-01
5.260883860741311091e-01
5.355720191662074470e-01
4.785141548655756361e-01
4.937407981916786537e-01
5.252545371234327298e-01
4.825265269306677762e-01
4.924971825060741049e-01
4.843694210688500035e-01
4.830306148680355571e-01
4.874272023609649285e-01
5.256476633075924942e-01
5.263835664931412195e-01
5.390367769610104887e-01
5.526629728721511592e-01
5.406077245935273501e-01
4.972323792836021994e-01
5.007692812260449156e-01
4.983800936427595918e-01
4.883689350749885749e-01
4.965375023561518497e-01
5.245342895248733539e-01
5.173478973339560305e-01
4.832117176988823259e-01
5.081550873244573552e-01
5.290444039156196876e-01
4.836807175455321572e-01
5.326961002022763125e-01
5.220828717110911343e-01
5.090863904475301238e-01
4.905918764108453956e-01
5.024133727577162478e-01
4.856978752644248720e-01
5.200727305206457318e-01
5.086421542979416843e-01
5.293070677921771772e-01
5.082654502095015348e-01
5.136759773931597328e-01
4.782535239274835481e-01
5.282216475682227630e-01
4.945059815532237280e-01
4.805588776943462426e-01
5.229770411081138271e-01
4.728443502218585004e-01
5.481668779117588874e-01
5.034655044464970697e-01
4.587878637208209209e-01
4.673015937849009926e-01
4.509109540134815797e-01
4.895310587763178067e-01
5.062623789361331283e-01
4.358973724076439238e-01
4.475394443749027840e-01
4.817898806932600086e-01
4.729630174151114308e-01
4.621533721205348666e-01
4.918527182954250954e-01
4.845613261569223784e-01
5.172565300808054101e-01
4.797140854211983108e-01
4.730512721920270280e-01
5.016195578595206150e-01
4.976030317110908263e-01
4.915168058401797047e-01
5.131405096423016232e-01
5.017920663162487305e-01
5.014480411855222197e-01
4.938150908354138058e-01
5.114853248833131083e-01
5.156471900025474397e-01
5.189841853378345249e-01
4.886377793327650876e-01
5.627204809755138593e-01
5.615735203169203160e-01
5.160468508308299063e-01
4.849325621336423309e-01
5.072310002468329859e-01
4.928899648869898287e-01
4.973057606516198548e-01
4.942380264539177892e-01
4.893147417164742108e-01
4.802757318336173253e-01
4.684532840885823335e-01
4.944773429455174840e-01
4.397980790067447798e-01
5.017501040326919348e-01
4.581729253946820180e-01
4.916931216213008549e-01
4.813240515087907068e-01
4.763180401149583187e-01
4.509671743806998867e-01
4.784471314328168079e-01
4.652593186820574434e-01
4.817591511543696248e-01
5.124870955068698830e-01
4.928022436383154847e-01
5.232943575367917655e-01
5.199719618983975611e-01
5.165209920700558621e-01
5.177495471338102728e-01
4.824845969515147437e-01
4.766813056692928985e-01
4.994985528547073450e-01
4.901519773519900092e-01
4.972765666957643660e-01
4.988456805452298193e-01
4.426678986850020592e-01
4.858420416820464771e-01
4.938377317962931445e-01
5.354045734334195172e-01
5.099996731653239079e-01
4.851019129862698676e-01
4.841693190186278639e-01
4.516168861480948649e-01
4.722249708769147847e-01
4.556311699399930859e-01
5.173678327195501137e-01
4.588110247361141814e-01
4.875733234989941267e-01
4.923632000680250309e-01
4.732648657734069841e-01
5.143642293292073342e-01
4.730171346732029436e-01
4.906095660152964832e-01
5.046581826343752297e-01
4.778953446264760929e-01
4.570611482038671181e-01
4.544716705822307024e-01
5.161126023442534905e-01
5.273394175376597826e-01
4.946837521045079344e-01
4.950885252507656875e-01
5.172243421533176955e-01
5.214771227104930684e-01
5.330001292051697037e-01
5.334681768013650460e-01
4.928430583819249367e-01
4.895668891061611960e-01
5.152828763438442872e-01
4.763200889381838388e-01
4.999956713155505050e-01
5.213871999211493469e-01
4.853795812685759992e-01
4.530624741727975469e-01
5.130311897140532595e-01
4.981797309099755822e-01
4.961857606206818705e-01
4.755472585744466296e-01
4.797926739198854484e-01
4.459379028268327105e-01
4.820432749626489821e-01
5.074433728916901698e-01
4.823695152833191169e-01
5.044546873576136736e-01
4.724581635741165186e-01
5.269740629699717349e-01
4.728663262266600831e-01
5.212422798122424705e-01
5.201715639142129310e-01
5.346941466577920243e-01
4.754162267906647532e-01
5.009084774052370292e-01
5.360070004031683988e-01
4.992189121734350032e-01
4.820359467119349484e-01
4.420171647436614837e-01
5.611572318783600855e-01
5.165088767305153761e-01
4.914075047385423334e-01
4.869154748938141486e-01
4.869638274840252801e-01
4.562305149052869879e-01
4.812694410128235400e-01
5.035592729549990265e-01
5.099249722595965428e-01
4.943100778576153265e-01
4.720386136921733700e-01
4.746391138334627446e-01
4.722681922059026594e-01
4.636380677141118123e-01
4.933208396957508013e-01
5.021852874134664635e-01
4.796230868470152120e-01
5.022617404926480456e-01
4.968512014715211200e-01
4.901790591816800324e-01
4.762708771266737084e-01
4.662362461483111065e-01
4.663750670745523408e-01
5.177547138388987058e-01
4.929882186159786350e-01
4.732089999790312640e-01
4.957742313455528738e-01
5.404566875703787909e-01
5.046090601290035282e-01
4.752250367256309893e-01
4.819761189511161392e-01
4.796487785743629995e-01
5.254046875197873057e-01
4.841660897599721625e-01
5.002068763001712437e-01
5.111073626401176906e-01
5.234897947572834109e-01
5.301137784625691296e-01
4.933635896558840606e-01
4.832247479865452999e-01
4.670602151446182626e-01
5.146707933655222389e-01
4.982073512224740042e-01
4.967287406436379227e-01
4.400487548809274285e-01
4.628422673186533554e-01
3.860577237562419217e-01
4.039216694279396114e-01
4.479283946637198088e-01
4.987786044229723936e-01
5.044976588611566060e-01
5.203350058976613512e-01
5.269042680062059336e-01
4.760452594533533532e-01
4.621714034037142649e-01
5.014526350458943238e-01
5.188378012662570038e-01
4.573707939618722462e-01
4.944270817561064457e-01
4.731946383344273754e-01
4.653727118838305032e-01
4.997750117325312491e-01
5.391830828394110764e-01
4.989086047707237959e-01
4.925210080915569666e-01
5.021551589999009302e-01
5.197583967035506181e-01
5.160091361123123610e-01
5.234136379143238260e-01
5.048886384847580677e-01
5.139702245970669825e-01
4.979825250678642790e-01
5.460975813257760159e-01
4.831260670319706407e-01
5.014645047011053736e-01
5.071026236781500662e-01
4.932788656843234976e-01
4.988402345370539503e-01
5.067859975983950438e-01
4.264076846431100742e-01
4.428842116184241173e-01
4.579940927814192819e-01
5.413766927417178465e-01
4.919182202656932623e-01
5.058742223329485421e-01
5.040161762836643522e-01
5.132969799187113713e-01
4.888738744769587363e-01
5.248638393302539340e-01
4.407924532668074935e-01
4.540006407375091202e-01
5.347337990592109236e-01
4.971178972763101722e-01
5.556712534557614047e-01
4.949300238068939928e-01
5.045860711166989532e-01
4.861955371968325057e-01
5.253330546169778792e-01
4.791788326777133289e-01
4.687568897130483525e-01
4.925328319633986984e-01
5.019644575214246007e-01
4.875184346592768003e-01
4.172419876701386476e-01
4.111027924827100888e-01
4.691046895168943243e-01
4.712585581825392000e-01
4.990827161148125302e-01
5.219848279419805337e-01
5.136605904403110934e-01
4.887089690551628673e-01
4.876138068180683183e-01
5.097198092853848506e-01
5.156363692115464303e-01
4.900343741408162979e-01
4.834614576749681203e-01
5.173120966716091562e-01
5.027795763912472626e-01
5.339268498481017922e-01
4.922201189684557443e-01
5.086596290143540200e-01
5.169199024981693258e-01
5.104372559389513953e-01
4.453710561752033947e-01
4.975725125397855164e-01
5.212110145219309709e-01
4.949250980618928319e-01
4.823887067513116800e-01
5.096831997622472965e-01
5.392395863823105095e-01
4.862429210306837835e-01
4.988907811502467093e-01
5.143252591028794063e-01
4.839087470539588098e-01
4.879755207409440798e-01
5.152093622343034696e-01
5.354484320024084365e-01
4.782692207536209938e-01
5.178975704411000747e-01
4.607612517976941713e-01
5.033552768681666123e-01
4.998510327243582130e-01
5.091942355622698368e-01
4.958862214027642268e-01
5.296471222741475637e-01
4.505789734854405149e-01
4.738647721537954105e-01
5.254380683395587504e-01
4.819992605787746243e-01
5.151009748077679529e-01
5.057385688372346699e-01
5.005672342258482566e-01
4.835716894228097029e-01
5.019193796193788248e-01
5.020467459814241806e-01
4.844487394588583573e-01
4.821422980590030494e-01
5.137698771395926567e-01
4.914833213760801400e-01
4.746276285869385769e-01
4.703774823417387618e-01
5.296799393547121371e-01
4.654051929574361535e-01
5.236449221628892703e-01
4.710712232761320450e-01
4.868056488874231147e-01
5.178336450443747907e-01
4.835710070446286868e-01
5.154842546489929456e-01
5.274168803955907592e-01
4.596289758984302143e-01
4.708818486755986799e-01
5.185337370436167159e-01
5.098547280882786970e-01
5.221721258891345308e-01
5.018621943232514093e-01
5.215604173536770860e-01
4.867297664385282219e-01
4.745633067267585603e-01
4.704450250950384937e-01
4.886073912673775110e-01
4.862405589878566192e-01
4.573373308086677858e-01
4.764574340372315642e-01
4.345954585321034069e-01
4.499071863602662202e-01
4.690711411296845101e-01
4.517830209413855047e-01
5.033004109268282011e-01
4.482653641191116090e-01
4.279111201850517299e-01
4.679358466866472832e-01
5.235506275814135746e-01
4.677960347650931827e-01
4.759535753985510986e-01
5.018910502875649771e-01
5.006354913723684019e-01
5.335428549195229131e-01
4.903426939212160995e-01
4.620956955355659534e-01
4.829361043645944429e-01
4.679894626499278565e-01
4.711369470263823134e-01
4.926390350288520348e-01
4.860039842248103925e-01
5.191785912319396568e-01
4.978679762414099930e-01
4.449194885732570270e-01
4.850851934366652851e-01
4.645684847862131539e-01
5.177085490085178154e-01
4.931056567520965550e-01
4.720396820628328105e-01
4.736071838534721690e-01
5.191415226260637228e-01
4.966851790071709072e-01
4.734003088792010372e-01
4.979521334851427228e-01
5.037053401851064871e-01
5.003267619521125642e-01
5.064695802214946863e-01
4.379527662496038309e-01
4.830822851646879856e-01
4.949053713639142149e-01
4.447572229377523834e-01
4.681533862657817902e-01
4.184187959403274371e-01
4.648074594485224753e-01
4.773080569204199985e-01
5.177788459210983518e-01
4.576497593389071694e-01
5.272670580081014746e-01
4.692237688259495720e-01
4.634332066446962828e-01
5.028261786110765907e-01
4.599560382255322155e-01
4.766774728002674544e-01
4.742598895525140801e-01
4.989213804287722098e-01
5.082173437839000441e-01
4.859261945597850851e-01
4.548670639225304013e-01
4.554362753166014688e-01
5.251366831078807529e-01
4.483494669379466946e-01
4.585208653143059698e-01
4.950257070442927732e-01
4.830044919749295618e-01
4.396715957742985403e-01
4.617838162828682425e-01
4.994688924665187102e-01
5.055205259048223265e-01
5.010354166727506442e-01
4.831869289385398725e-01
4.850331096683175858e-01
5.079856901869136410e-01
5.116258582758973494e-01
4.761017077104736095e-01
4.486300233180373631e-01
4.652591461945984053e-01
5.077805621881031906e-01
5.323685693623888548e-01
5.112868391423520675e-01
5.230871750268263343e-01
4.975068191545458651e-01
5.178748851894530159e-01
4.900003432977000917e-01
4.937890344305086998e-01
5.333849309813668560e-01
5.218179942270954053e-01
5.094829243701345378e-01
5.182215272768997405e-01
5.116200818730132216e-01
5.155164541507178955e-01
5.311652397620273414e-01
4.901002490658903366e-01
4.744083374171680356e-01
4.982679619218277622e-01
4.888241557226987721e-01
5.103846505229558961e-01
5.126475835594355157e-01
4.920903455664051851e-01
5.075657497983609989e-01
5.255440900999202025e-01
4.927228773515556770e-01
5.323588750736883979e-01
5.371060860909315782e-01
5.080209258502130787e-01
5.445536951927888447e-01
4.919844995889604555e-01
5.474499735650762977e-01
5.189995449254898308e-01
5.113088107634061741e-01
4.983011746313992241e-01
4.674342560593165441e-01
4.547995558093275714e-01
4.972405880128303868e-01
4.970885530058312129e-01
4.817820769389932201e-01
4.742324607672778192e-01
5.181168803531142064e-01
4.638655991958093860e-01
4.722079325277179218e-01
4.445620399463033334e-01
4.957302225936747186e-01
4.810658335902664451e-01
5.150146151293067964e-01
4.950780034352440517e-01
4.865093325055134810e-01
4.978861498700392074e-01
4.625882913503939764e-01
4.568106497229235119e-01
4.344956754668268806e-01
4.943006227855004098e-01
4.844501419007374854e-01
5.698400520021004168e-01
4.810449058709264647e-01
5.298607786483457982e-01
5.191595271349377372e-01
5.213900743909413160e-01
5.047880631514102268e-01
4.942273877784918445e-01
5.033605243972378851e-01
5.310775823256765893e-01
5.292213948342573415e-01
5.367112547063586092e-01
4.593280109736749273e-01
5.256817151984602976e-01
4.983685485268142257e-01
5.006428154980516743e-01
4.970802522301505655e-01
4.649649891293481940e-01
4.994829106062185220e-01
4.752963492236301768e-01
4.915261820595795417e-01
4.749900813903652486e-01
5.074522085842398944e-01
5.080055465029351680e-01
5.292644118588798463e-01
4.959539945584462428e-01
5.000579530804495354e-01
4.688915405295572825e-01
4.949198442830327616e-01
5.132059573199079239e-01
4.346291407950801378e-01
4.825054254274647181e-01
4.917450276094129658e-01
4.917083000892945588e-01
5.001390494648357832e-01
4.931851675049432893e-01
5.380616720131208286e-01
5.165825085240004499e-01
5.136258294454921769e-01
5.022015453575037203e-01
4.462519921988882254e-01
5.049274109845804936e-01
4.675353548327317865e-01
5.688361983408873890e-01
5.215281365439399242e-01
4.891089525523159565e-01
5.003146924251180572e-01
5.369854143942118796e-01
5.329584375049229994e-01
5.079612452950023060e-01
5.024403235898792230e-01
4.963056046806798016e-01
4.561304349653576007e-01
5.079801028270123364e-01
4.752769688679993054e-01
4.787075035469124384e-01
4.524548956622042040e-01
4.866984232094670459e-01
4.402327513668988779e-01
4.717293245062600393e-01
4.910238269020625879e-01
4.786145652033130804e-01
4.890877633347224807e-01
5.069789351308005010e-01
4.773441611641257576e-01
5.026755276777187254e-01
4.708098660679375658e-01
4.741239885455884595e-01
5.064893459376640372e-01
5.107812291116871073e-01
5.569845724467965553e-01
5.247612116818232142e-01
5.030283550681683424e-01
5.104103770959067532e-01
4.868571263482710521e-01
4.715409442390000594e-01
5.133973282635293511e-01
5.096820175697173161e-01
4.987215997161993375e-01
5.105238432002151550e-01
5.187897108111271249e-01
5.038467355979976414e-01
4.907114426041763733e-01
4.947770577077732490e-01
4.657701336002811332e-01
4.379890746781639477e-01
4.945795504456919067e-01
5.226603191036415241e-01
5.075059185883559199e-01
5.031970468727055001e-01
4.412496058871312465e-01
5.114637106251993526e-01
4.868305347338829914e-01
4.714833311565615470e-01
4.797307535005136403e-01
4.779372005510893473e-01
5.429906076518647984e-01
5.211353717332521951e-01
4.981276056911234096e-01
4.865691043139508953e-01
5.281755348377357162e-01
4.488306293507172140e-01
4.908742315105507625e-01
5.377741519352253752e-01
4.915523635867478647e-01
4.906103503603700400e-01
5.279771234470561625e-01
4.679105837472107288e-01
5.307583078142513733e-01
4.544129983307507170e-01
4.825774241801134568e-01
4.843286631002567955e-01
5.040712475518105418e-01
5.261224593424691509e-01
5.445156265155399744e-01
5.455794462424949920e-01
4.637859715241966496e-01
4.934236049365022247e-01
4.446058613502726908e-01
4.544300628455248403e-01
4.963484443813152569e-01
4.887281590186194902e-01
4.606658147800102299e-01
4.517744999524391236e-01
4.738582618721915996e-01
4.674972744881432107e-01
4.682842698579380847e-01
4.508947074542650757e-01
5.035617784080657078e-01
4.791880132993575625e-01
4.736817728820101325e-01
4.768854547504441377e-01
4.709739711134802720e-01
4.693984458965068662e-01
4.819227994163119977e-01
4.906171121606699992e-01
4.810766146218857231e-01
4.920978295811453962e-01
4.893023204075023225e-01
4.218259866150861903e-01
4.611806365745120262e-01
4.563730864548120603e-01
5.007116920413525740e-01
4.843838428341856739e-01
5.288960465217961149e-01
5.007156084210415692e-01
5.089053532702800808e-01
5.321217025916613608e-01
5.587257970902224091e-01
5.212613057074714229e-01
4.731486115090206557e-01
5.285456942019242099e-01
4.983017551370844123e-01
4.740940451425593172e-01
5.255751754201498649e-01
5.278689332763362163e-01
5.375606413963857078e-01
5.090630760876198035e-01
5.287809125273138511e-01
5.040146937277180106e-01
4.857538933984976159e-01
5.078267652255876730e-01
4.836201066298800311e-01
4.847625288912926211e-01
5.122743798152128436e-01
5.253964573758690415e-01
5.194562055337644813e-01
5.365387750962788971e-01
4.877079390310815055e-01
5.166243319466408135e-01
4.695626866776820285e-01
5.367433687782046103e-01
4.933376069724887958e-01
4.926491643781188978e-01
4.979324974845036333e-01
5.002995476320196699e-01
4.829754575026164454e-01
4.739220882102101462e-01
5.082493697174819136e-01
5.444584031193431262e-01
4.780931091609658123e-01
4.913504350012339872e-01
5.056055198125768424e-01
4.787517704952648501e-01
4.872653021732678003e-01
4.532333088468103455e-01
4.234543626502618174e-01
5.249394898106674034e-01
4.968116870276071961e-01
5.023173258228628146e-01
4.386824317363537395e-01
4.561102497106981901e-01
4.770531440271170709e-01
5.001450851793055596e-01
4.512450315183451077e-01
4.980450566281820479e-01
4.808764822831929076e-01
4.956698803220789817e-01
4.973488920840336003e-01
5.052692309271237248e-01
5.371096546805530503e-01
5.611864400247936757e-01
4.760013334882133296e-01
4.833214309268273889e-01
5.137631515270687510e-01
4.882584770301076627e-01
4.670950515275311132e-01
4.924720149190616181e-01
5.257907016798438748e-01
4.725614847560837828e-01
4.959409518877821998e-01
5.071982521972793201e-01
5.155622778063252420e-01
5.315269213854090236e-01
4.726749607825537214e-01
4.632220273733768656e-01
5.144603858764235094e-01
4.707305517294209651e-01
4.892824732864962667e-01
4.853562354451071981e-01
4.709954307456716838e-01
4.800454537491470886e-01
4.670657240247076958e-01
4.788505238276192788e-01
4.460533319326250856e-01
4.517329684755749808e-01
5.051763889122236062e-01
5.160262308671946796e-01
4.856762131863871512e-01
4.632229270820370504e-01
5.038177978395393941e-01
5.102791552753078719e-01
5.243691604408217133e-01
4.919850661378136203e-01
5.730317555181720923e-01
5.528120546040922179e-01
5.453603684956431774e-01
4.949388196070703128e-01
4.886594021937664678e-01
4.983966333689021089e-01
4.818897075066758684e-01
4.374973882025639527e-01
4.634921250100893508e-01
4.846389547892075433e-01
5.065286905895318714e-01
4.808317384846906850e-01
4.625509328615438065e-01
4.678163991069302918e-01
5.006726512154651143e-01
4.739889794408473911e-01
4.227973102371140879e-01
4.987491842788928098e-01
4.913723943986528786e-01
4.939753132827042759e-01
5.041634716074752109e-01
4.866007555804689466e-01
5.156279407129766845e-01
4.920308433938372916e-01
4.573431559860787199e-01
4.573872444487887545e-01
4.144083525219933173e-01
4.677569824473562510e-01
5.128667258840531318e-01
5.056548427428783077e-01
4.947460346618174909e-01
4.779599097923537543e-01
5.051620453786681564e-01
4.754194702171695708e-01
4.916462144590805217e-01
5.046633476008463015e-01
4.877078736304620299e-01
4.892248343194934290e-01
5.096215049513175277e-01
4.812965305929114423e-01
4.580425919212451347e-01
5.021896281230289194e-01
4.266987855310598321e-01
5.037141588555370530e-01
4.965268006821825231e-01
4.748260747325349085e-01
5.213154902217633779e-01
4.945765607366017780e-01
4.866313491117173484e-01
4.895155049053449003e-01
4.567366948480127697e-01
4.573853861259780662e-01
4.762152497097615900e-01
5.488869447254477452e-01
4.904335699795385195e-01
5.225884933570298374e-01
5.272674923614495412e-01
5.287045438702059341e-01
5.355576000148174476e-01
5.329635241288677161e-01
5.216403714248908363e-01
5.349899441445670201e-01
4.934608638024610139e-01
4.776897180980690938e-01
4.867451595794940467e-01
4.955637801184827884e-01
5.359314045667705750e-01
4.560344318896858984e-01
4.635948427914903802e-01
4.568065365887844509e-01
4.644504041573497832e-01
5.304531926884916704e-01
5.022474689429863304e-01
4.625739619179792816e-01
4.383319766885336866e-01
4.468077355185957611e-01
5.380677067520636125e-01
4.571953640725085477e-01
4.684118031257368808e-01
4.663920884174874715e-01
5.416431820008760223e-01
4.812633143878250475e-01
5.253615999323244523e-01
5.143169781551426567e-01
4.638046009960601901e-01
4.878167101454380372e-01
4.628140663323233039e-01
4.616837467095475378e-01
4.742044030748033268e-01
4.730420876258659701e-01
5.319749981952290874e-01
5.238494714651349415e-01
4.717462515534994738e-01
4.862361282879539282e-01
5.247059239167731759e-01
4.819325862446868225e-01
4.665608320110777307e-01
4.735995626008818182e-01
5.229193496053784473e-01
5.122688098138368229e-01
4.586850783814253041e-01
4.829387634532796292e-01
4.889778395760849827e-01
5.049055981244939817e-01
5.557677036065948872e-01
5.017433265239729101e-01
5.256643055553265054e-01
5.116708956925852814e-01
4.923100291748275237e-01
4.729827450840831671e-01
5.513901591735580476e-01
5.404806244624527078e-01
5.342288560165796563e-01
5.244402347048107149e-01
4.874753591268438657e-01
5.037649160807703419e-01
5.104987451462534853e-01
4.973060627416325818e-01
5.012560496288874790e-01
4.481769571830899190e-01
5.152121106587516097e-01
5.092295950204853705e-01
5.034382733848224989e-01
4.850559888750137216e-01
4.637532623629709305e-01
4.458566055093079461e-01
4.727712026371292398e-01
4.751280255164758715e-01
5.030663218501955081e-01
4.853934583849811024e-01
5.039729949162810030e-01
4.652859159966248881e-01
5.040321360819209895e-01
4.816156062064906318e-01
4.898387110515627918e-01
5.254537217202828181e-01
5.242052503099301486e-01
4.515087169242918419e-01
4.779211102924338928e-01
5.426216363156308731e-01
4.916592891863768022e-01
5.305213524384567725e-01
5.031230193843402310e-01
5.012580627236251640e-01
4.940709158107089438e-01
4.691677940177004236e-01
4.791561652571789676e-01
4.935553047683311489e-01
4.595287233202213217e-01
4.707993679473625459e-01
4.969547498582750911e-01
4.669044450956992831e-01
4.691291211186664478e-01
4.930226265366148275e-01
5.027580619548479568e-01
4.705387787705663794e-01
5.213950469890864525e-01
5.042879662896881943e-01
4.899963914721743308e-01
4.417200766916171695e-01
5.124082044816630210e-01
5.028983410498066853e-01
5.163978483120610363e-01
4.875491696417406651e-01
4.639089470247632629e-01
4.791306427005192492e-01
5.073115865180396478e-01
5.210788141362916459e-01
5.249580807750443556e-01
5.062462794787887521e-01
5.020517181799045714e-01
4.794210185063352281e-01
4.961563680194289172e-01
5.223901782704356567e-01
4.687492997735137057e-01
4.895330119901045718e-01
5.089917349255969059e-01
5.182915216975616524e-01
5.366924913531688768e-01
5.017629776829969357e-01
4.922024877150365518e-01
5.034059485362322173e-01
4.521711045873909596e-01
4.917985015109370694e-01
4.663580762134436064e-01
4.924317646570930407e-01
4.964533595570699287e-01
4.898933685788362524e-01
4.682115812140496547e-01
4.532918885309463741e-01
5.089410720689019341e-01
5.195156600641465117e-01
4.883977579231730815e-01
4.972569580963047686e-01
4.279157411368055275e-01
5.083199412275983819e-01
5.011305440168922765e-01
5.210308526266382856e-01
4.646753158604716161e-01
5.041893325565803829e-01
4.724782794934873631e-01
4.588494597739450898e-01
4.283484931516277072e-01
4.732086652508987745e-01
4.981605836404316423e-01
5.281640097239276299e-01
4.746525732429300870e-01
4.082057555185115705e-01
4.284794634820457970e-01
4.535357002524211256e-01
5.226514302882102614e-01
4.479616424190114299e-01
4.479140151993891150e-01
4.224120554131094996e-01
4.585375446875766259e-01
4.592760465256932045e-01
4.328059173868303855e-01
5.024429074397672723e-01
4.621020527081144413e-01
4.969868269526976912e-01
4.857729870557170315e-01
5.213958122105732951e-01
4.560388707286846532e-01
4.783414843724428378e-01
5.330106229250103356e-01
4.763509975114572081e-01
5.001848799883554797e-01
4.731134038604099534e-01
4.922642117772937365e-01
4.521357048855989547e-01
4.568858645146190445e-01
4.812813436422700986e-01
4.621925593289936129e-01
4.558275031742741179e-01
4.926412112066377857e-01
4.573748622410223064e-01
4.770118353375552012e-01
4.838243074785466558e-01
4.764329932240917720e-01
4.614532599876079999e-01
5.203637695634157900e-01
5.370332275324344318e-01
4.963508923128056582e-01
4.636811345244519211e-01
5.154108744359989780e-01
5.246712029514799536e-01
4.874063569275450813e-01
4.874172810669155087e-01
5.118652024281648005e-01
4.791590200268489030e-01
5.087525780931188013e-01
5.391249559977870920e-01
4.652298013455102854e-01
5.344134952716972364e-01
5.132145631220338400e-01
5.035276961769811210e-01
5.127983223991124939e-01
4.898817686416710449e-01
5.065632681797622716e-01
5.226326181668544679e-01
4.977340634608306558e-01
4.918437208099155078e-01
5.185897485597970036e-01
5.350680698543369695e-01
5.695529396281862056e-01
5.288503654784051378e-01
5.198576890124233518e-01
5.154705107375515682e-01
4.648837464960980936e-01
5.029547943142671507e-01
5.586694495438693231e-01
5.188033392157160861e-01
5.087509348864291958e-01
4.998462887551342049e-01
5.041330667071736160e-01
4.894465227458730805e-01
4.999418002468071776e-01
4.821571696133563067e-01
5.108131105608075817e-01
4.736108714896067884e-01
4.908179665032103012e-01
5.003180567734949458e-01
5.004865759504196765e-01
5.165268678083514420e-01
4.661722767768446407e-01
4.801883223258648359e-01
4.784624543362716587e-01
4.778703153035814277e-01
4.891006974190805212e-01
4.987988049038618588e-01
4.978470233499888153e-01
4.605647978455896796e-01
5.297838351053747452e-01
5.180922047718957701e-01
4.690989452432059448e-01
4.362485246869199362e-01
4.999781764338280809e-01
4.713233860659411523e-01
5.344880601417797417e-01
5.013636543807585833e-01
5.192633828148917052e-01
4.944518217238275670e-01
5.313807693481396033e-01
4.339382856752979079e-01
4.608183019405430181e-01
4.781174689510169218e-01
4.730709464834856326e-01
4.822968534891294845e-01
4.709431771213902218e-01
5.261226247771332298e-01
5.202610451216055365e-01
4.888579447730154737e-01
5.003684276804726272e-01
4.907556226757843754e-01
5.111472008369694064e-01
5.144020908001463166e-01
4.929752935514584156e-01
5.510681574426288254e-01
5.371687750813382012e-01
5.333305648586771364e-01
4.984294937477606879e-01
5.540333187555933625e-01
5.095515448119692925e-01
5.285669345083017223e-01
4.893815642432794988e-01
4.505807828249102642e-01
4.833382618858960145e-01
4.639808139637718321e-01
4.854243065227100140e-01
5.334146751736091874e-01
4.686747125218351795e-01
5.126815778597680895e-01
5.341682488096257675e-01
5.162054535212223794e-01
5.270321946550665659e-01
5.041347951296550889e-01
4.842827149683648913e-01
4.676582308159896728e-01
5.045901587013392753e-01
5.504031314610612347e-01
5.427872608230046581e-01
5.022974042961007024e-01
4.967165335030945816e-01
4.676935457488502479e-01
4.818574953362063096e-01
5.139769340227282601e-01
4.936368243113405385e-01
4.885443009784393720e-01
4.920255331078935424e-01
5.097214079061209713e-01
5.231238763141359271e-01
4.893665371519981266e-01
5.026617264564939846e-01
4.912392619523863191e-01
5.052181592434381585e-01
4.981842042956716732e-01
4.935234701036853577e-01
4.874402165404657095e-01
4.729264825948235607e-01
4.370023097428983316e-01
4.634671625546936680e-01
4.763306875564300991e-01
4.710875218132209441e-01
5.075061682557567844e-01
4.284139018551296196e-01
5.209642498316017223e-01
4.543290688679972322e-01
4.999648832428510437e-01
5.236916828339426289e-01
4.561024677579302300e-01
4.909884597482022661e-01
5.003656675203791426e-01
5.166782536916173507e-01
5.377849945675542420e-01
5.018927624662887776e-01
4.997539901246967897e-01
5.134802215993562458e-01
4.960998393713607624e-01
4.945806486624563236e-01
5.069646614941734075e-01
5.412516529124433706e-01
5.254538017736591904e-01
5.406819956184616416e-01
5.075034430083591452e-01
5.213826280857450923e-01
4.857789243781565069e-01
5.253929909333419079e-01
5.172409978899148442e-01
5.150090402371806375e-01
5.105577651205482903e-01
4.678718009829402891e-01
4.925468673979003786e-01
5.102878427760446645e-01
4.785530774947440169e-01
5.313144029647479671e-01
5.534136526248206733e-01
4.836028059989175842e-01
5.012696918537450363e-01
5.147648130790264398e-01
4.829797185091281309e-01
4.653512826930487623e-01
4.688406525769497346e-01
4.666982845628661059e-01
4.820300148489586878e-01
4.873824356558623672e-01
4.632545251566124733e-01
4.447179608820992502e-01
5.096579451918138437e-01
4.846035166297948393e-01
4.521660801614491021e-01
5.082373586279472777e-01
5.179847368785588380e-01
5.060705745357377827e-01
4.985964452149945769e-01
5.362378915780414701e-01
5.095256680325118692e-01
5.234912042833858026e-01
5.432090699761933372e-01
5.393300113183938649e-01
5.460691090786544688e-01
5.418079054255475757e-01
4.914067309959565533e-01
5.025299422648245029e-01
5.060613568569460874e-01
5.447601719030609191e-01
5.350176300085260905e-01
5.088176744451189393e-01
5.255163351894087675e-01
5.324801070641329570e-01
4.681862806348187633e-01
5.217844895118027848e-01
5.004143433155412435e-01
5.103878493388331883e-01
4.936224585676353138e-01
4.210694371142666981e-01
4.677345233208136110e-01
4.503105999400536241e-01
5.005636871220973116e-01
4.518180989231023736e-01
4.714169303231620645e-01
5.044191254527309320e-01
4.917949272038942832e-01
5.161022934770737036e-01
4.977637284057760403e-01
4.646935790134359978e-01
4.491767883964984387e-01
4.734320240899165810e-01
4.782288710420974365e-01
4.765842426854977609e-01
4.493195499696208683e-01
4.923080242062569667e-01
5.350448902063090761e-01
5.070407264780775192e-01
4.871414568742585827e-01
4.611000623766506323e-01
4.276043589377040433e-01
4.684260998503195217e-01
4.365050185797019200e-01
4.561487141465281336e-01
4.837904777370738985e-01
4.674754711996867984e-01
4.534412361432019756e-01
4.627600236375637444e-01
5.011536614936263900e-01
4.834602488019396627e-01
4.928894197591163762e-01
4.516267238802473272e-01
4.517625002287877778e-01
5.041712112561130832e-01
5.042184580167367036e-01
5.027440915734878724e-01
4.390131659857241520e-01
4.815932696677475144e-01
4.349319546425622351e-01
4.618703238810787925e-01
4.703625491166997241e-01
4.836941895981478612e-01
4.665280490981402184e-01
4.385921808317002624e-01
4.383244469094965678e-01
5.060743271992136361e-01
5.058122998021076233e-01
4.390658754171933298e-01
4.470992434976546748e-01
4.189847141010888398e-01
4.979745449373692567e-01
4.908126792680559958e-01
4.787913125846125495e-01
4.987656920669257254e-01
4.735032580363430776e-01
5.325323139631221725e-01
4.799062930221696388e-01
4.382316154569730893e-01
5.086992714917650815e-01
4.947189810553913047e-01
4.695221598849093625e-01
5.012357226016748157e-01
5.003079675757035050e-01
4.831829480483776917e-01
4.711553592616807284e-01
4.657844539596494582e-01
5.098580161828776269e-01
4.851629536657429131e-01
5.154550373402327912e-01
4.842665384169336229e-01
5.284851875458843606e-01
5.023455667803787827e-01
5.060410244649073963e-01
4.957470745008079049e-01
4.982869831818835249e-01
5.173132996301962327e-01
4.855496639525609393e-01
5.336024603695598278e-01
4.955316726839685826e-01
4.908278764404727657e-01
4.943622176861954820e-01
5.125003824113802953e-01
5.006606458468562115e-01
5.214240936955133465e-01
4.822911218046103121e-01
5.002685637858876877e-01
4.384876063832752746e-01
4.811884097281182715e-01
4.688589533446369528e-01
5.036510994309635336e-01
4.653477737768699773e-01
5.527595811686323302e-01
4.941786225399555366e-01
4.740506669918988503e-01
5.102127973450175658e-01
4.742520113093497969e-01
4.883839786235411595e-01
5.063378027390552649e-01
5.608042583025394379e-01
5.630561752009317633e-01
5.258285709926744378e-01
5.325835617952128231e-01
5.190208261312502236e-01
4.902468196018540669e-01
4.910238211714067491e-01
5.492151652728475275e-01
5.052366963457529669e-01
4.725761186929526847e-01
5.300183644549050221e-01
4.534442794269774590e-01
4.248377312273206030e-01
4.650916019327928086e-01
5.212711534413446701e-01
5.051503439286326724e-01
4.772563085799338412e-01
4.555716697861419973e-01
4.731269082499615086e-01
4.756395809275982267e-01
4.963362235566952108e-01
4.540579031150707157e-01
4.805824189341841302e-01
5.031281480251985627e-01
5.112868026331774951e-01
4.751351898499604487e-01
4.922806023016746968e-01
5.041803899659740296e-01
4.718141647339465505e-01
4.417855904845292003e-01
4.531064397655245601e-01
5.176526209258059952e-01
5.241178861733256644e-01
5.031002264926008882e-01
4.947351603379874230e-01
4.316760492845124753e-01
4.739321903547148440e-01
4.545877141933559185e-01
4.698956328374983560e-01
4.728710501283967527e-01
4.782247910165263738e-01
4.863794557151671083e-01
5.104859650273112504e-01
5.045841462907419972e-01
4.491292405547264166e-01
4.609105005954968193e-01
4.720695033280056241e-01
4.804164539766996311e-01
4.940043958643985933e-01
4.826300679379095793e-01
4.732201073034099648e-01
5.156338919261994613e-01
4.985571664746180076e-01
4.558263240578637188e-01
4.909925057472667720e-01
4.689270474311228454e-01
5.540980772987538217e-01
4.663496217684292011e-01
4.655528628945271308e-01
4.606126315150546602e-01
4.601983553522124848e-01
5.004706138733817644e-01
5.144570586759207309e-01
4.630689614703721313e-01
5.072841764618292171e-01
4.806764262956902956e-01
5.080387046394870820e-01
4.763824650967709573e-01
4.952194193730088401e-01
4.835276185789667558e-01
4.970894073421486814e-01
5.169370603769822825e-01
5.083188174607654597e-01
4.362774711030002472e-01
4.729231084144498998e-01
4.882348141194611801e-01
4.713579209423467975e-01
5.403414218727310425e-01
5.702970393532351689e-01
4.168843905293971863e-01
5.119679376890216016e-01
4.726015306820973150e-01
5.079181448928810072e-01
4.483539401885933140e-01
4.863026743839592436e-01
5.291011876533612268e-01
4.948141242061144807e-01
5.141969680552482824e-01
4.976942246141253245e-01
4.886856890512842888e-01
4.820986565388342138e-01
5.159076300165420514e-01
5.300548298451479567e-01
4.664373355256922760e-01
4.739144464981250859e-01
4.535436434455865085e-01
4.698352663329797840e-01
4.818348497325454227e-01
4.586940055130929728e-01
4.990746412288006306e-01
4.812085530220476248e-01
5.289311323852379232e-01
4.714234228221541034e-01
4.362458275049049816e-01
4.730031023374564048e-01
4.529144170501407385e-01
5.025783908642944553e-01
4.742376857733479611e-01
5.058934315545757787e-01
4.333208522218028880e-01
4.256580364319571541e-01
5.045917947360648581e-01
4.871442276077856404e-01
4.689538722927235614e-01
4.937832905898649205e-01
5.085938039253716791e-01
4.659222726339185550e-01
4.880895218780610945e-01
5.171978154388813254e-01
4.709077853275912551e-01
4.795244403226394669e-01
4.731251585194342635e-01
4.738903985648597050e-01
4.613937564819468595e-01
4.824728630217033354e-01
4.979656281394750361e-01
4.463164979040675773e-01
4.699459199962733313e-01
5.308646503714549159e-01
5.393955938548924411e-01
4.783026698933862120e-01
4.681592112114546511e-01
4.696439968361785233e-01
4.539842103815060481e-01
4.977454647899001716e-01
4.783122929255620437e-01
5.187696499496430302e-01
5.105666699020388055e-01
4.913044951793422710e-01
4.848257020564986086e-01
4.801302804470708452e-01
4.552337734600882535e-01
4.212917473144222602e-01
4.536737165778009229e-01
4.208649485200497420e-01
4.875527581877377448e-01
4.674378960268448235e-01
4.685192083934370810e-01
4.992718665221600460e-01
4.772407388697281760e-01
4.664836691147270509e-01
4.710798485729797980e-01
4.698032603644188288e-01
4.686686776207623639e-01
5.140485517153480233e-01
5.288336653515725017e-01
4.667013888459508597e-01
4.594650168627107401e-01
4.919172514645727134e-01
4.305400413909496460e-01
4.535570753124020249e-01
4.606281091138387795e-01
4.889517031050767959e-01
5.212457104516479145e-01
5.342734094062183692e-01
5.282332822670492423e-01
4.796619936665642014e-01
4.890469626335461895e-01
5.157683789047071699e-01
5.590234296290547134e-01
5.000448222182468649e-01
4.664274801668699122e-01
4.939790058707091425e-01
4.791735541481030314e-01
4.535293444951566944e-01
4.990693231412287600e-01
4.530904869119794509e-01
4.884927316336308833e-01
4.940851314663706750e-01
4.724708584132908396e-01
4.811231372557784880e-01
4.722970176357909611e-01
4.974860990486022483e-01
5.172151503541942974e-01
4.743584414233507629e-01
5.051820347488594765e-01
4.697207314425361768e-01
5.172740669807043279e-01
4.869496413518634714e-01
5.159644314562851219e-01
4.712758752931372475e-01
5.007245872919451335e-01
5.004418540387307601e-01
4.979342134720236013e-01
5.274998844142749777e-01
5.220836331713625267e-01
4.758316235081377354e-01
4.843477934928330786e-01
5.157951272160705702e-01
5.219611548934439682e-01
5.085193963385702398e-01
4.772438633808949171e-01
4.942639472997650829e-01
5.098912759183759080e-01
4.976159518404639770e-01
5.134502723378823186e-01
4.894075363604071804e-01
5.513216386710987349e-01
5.078785578504381171e-01
4.799785357676071840e-01
4.845952538871067805e-01
5.139768191319901147e-01
4.696370911687425820e-01
5.032558694575206548e-01
4.750591991925891544e-01
4.787928470135732195e-01
4.427973436589151546e-01
4.705198150059703432e-01
4.954631999354787153e-01
5.129383716303912433e-01
5.049509817297536118e-01
4.606777256786315777e-01
5.082905180898991127e-01
5.040315212273617229e-01
5.304036699375759278e-01
5.151979572253327921e-01
5.200712536370160066e-01
5.129653185458993292e-01
5.243724203834707609e-01
4.949026878657458717e-01
4.959552009014329133e-01
5.235058767016844694e-01
4.803468050445892090e-01
5.369469248107791026e-01
4.700803757045349252e-01
4.597493844555095022e-01
4.942154447764496306e-01
4.942321964047835525e-01
5.831961747449714295e-01
5.080889116973207331e-01
4.918626453353928119e-01
4.915649722658479437e-01
4.678414482161428189e-01
4.810720192301601861e-01
5.013738879585243335e-01
4.784405536145902582e-01
4.808248404039112134e-01
4.637964642966416196e-01
4.969676116851888814e-01
4.899711856238200824e-01
5.005946734565540623e-01
4.358807404775059680e-01
4.755446558698324111e-01
4.797811601315996044e-01
4.430076980854185664e-01
5.713683182467754751e-01
5.290260833508119154e-01
4.973663483399836105e-01
4.791513487660472581e-01
4.828753018540736242e-01
4.888103197410414436e-01
4.833987038176064677e-01
4.786042243017376019e-01
4.850286132651297488e-01
5.092896521396240717e-01
4.709912700341845615e-01
4.735610413604446900e-01
4.878528792430403827e-01
5.409894725074253508e-01
5.403790964936026064e-01
5.252019938625881457e-01
5.108777502447168217e-01
5.294316542368959766e-01
4.623396253410612666e-01
4.928412924740292467e-01
4.421550135201267606e-01
4.611932380953470689e-01
4.829523294108932219e-01
5.093517583552668038e-01
4.747266284025840055e-01
4.814532459223641037e-01
4.710097021439016429e-01
4.866684155823491342e-01
4.711832367344858108e-01
4.835535318965593632e-01
4.625575180165885647e-01
4.901764972554721878e-01
4.462671345836522474e-01
4.741296149383250613e-01
4.843851938775925459e-01
4.537267459946468517e-01
5.365265062980515420e-01
4.883078409078902005e-01
5.126918860818548973e-01
4.836212536452336730e-01
5.053850215438997484e-01
4.930332248379532545e-01
5.189104794367133122e-01
5.129194375849869258e-01
5.140594366358754996e-01
4.651111621796275575e-01
4.559135140448455914e-01
5.031556763767555118e-01
4.959848121006953381e-01
4.602632866274501966e-01
4.682274064542075731e-01
4.790470688719378201e-01
4.886961836080664923e-01
4.753418077303184774e-01
4.883955243826334502e-01
4.711756095634522801e-01
4.886916982536630982e-01
5.068132847762227833e-01
4.625086381442195527e-01
5.105047971053827682e-01
4.702166406781874142e-01
4.779949928534915071e-01
5.143742029814133421e-01
5.013459808577299670e-01
5.007405124940268459e-01
4.675588537841853798e-01
4.580357425005474603e-01
5.075686832950728755e-01
5.305205638599672646e-01
5.393094858516965795e-01
4.711607896089207714e-01
4.858960338175535298e-01
5.023718494332589657e-01
4.912455280849443717e-01
5.160243312099150881e-01
5.242011604015581749e-01
5.316020638158568401e-01
5.180245459295044208e-01
5.178488925881902238e-01
4.549696516819661252e-01
5.131620571356680927e-01
4.990459685711375881e-01
5.052449523164028733e-01
5.368861463521708011e-01
5.002473286109702100e-01
5.085345331490457310e-01
4.712857826729223709e-01
4.708397953134311753e-01
4.707055393671666921e-01
4.555884901515783181e-01
4.346506330824049802e-01
4.977955582662598188e-01
5.363552719935598123e-01
4.777208185212228897e-01
5.138814734157621800e-01
4.936217745672539792e-01
4.791648124384519369e-01
5.314378669181537562e-01
4.849377355888010444e-01
5.098718637526352682e-01
5.139477042772762072e-01
4.888413877824854814e-01
4.929830611575796717e-01
4.804377218453241838e-01
4.926984280241848979e-01
5.192904764168507770e-01
4.941477737214362564e-01
5.083656880814706458e-01
4.803749405908167569e-01
4.560131552804711497e-01
4.662202463833924893e-01
4.733172501376731178e-01
5.106474193974686049e-01
4.741419443640902953e-01
5.075227028522971695e-01
5.096668679320629503e-01
4.764688166463662555e-01
5.201228517787268579e-01
5.232696652213114641e-01
5.181925906285798078e-01
5.020136655025605465e-01
4.957521313393704609e-01
4.827846824210931809e-01
5.082239969551970438e-01
5.197831128346988017e-01
4.852112086037885796e-01
5.036348984166747478e-01
5.099491484489259152e-01
4.631993973192128911e-01
4.785564668459723614e-01
5.025229797577184243e-01
4.568754787533078066e-01
4.467836430131138514e-01
5.046393479741642096e-01
5.033003289228454857e-01
5.069786873855687270e-01
4.565125475332897365e-01
4.604945168262906119e-01
5.077944474262535701e-01
4.903795981094223322e-01
5.055958480584306081e-01
4.847920495254485762e-01
4.923121724173279978e-01
5.300599970299010311e-01
5.453878940978456047e-01
5.068586935922781977e-01
5.211522977789075917e-01
4.907435368179493551e-01
5.003771753396397681e-01
5.407499113167818505e-01
4.882269717077029059e-01
5.218928812090763980e-01
5.054568521610348641e-01
5.527535796768321408e-01
4.737564086018368203e-01
4.594543832913121628e-01
4.667297456943533818e-01
4.962297173805305106e-01
4.935524485750642509e-01
5.179920800941137937e-01
4.828956419584489179e-01
4.858589232402178437e-01
4.877017198315029556e-01
4.901801463308584905e-01
4.986550815556723970e-01
4.865110687626785224e-01
5.748937493798277343e-01
5.065999975211666895e-01
5.345794117408378954e-01
5.177382168581160515e-01
4.775018481768382728e-01
4.729672750615519505e-01
4.952361512556970324e-01
4.428768076938747189e-01
4.649834621339257179e-01
4.553690200871752802e-01
4.641154348178060940e-01
4.494677197542155667e-01
4.500269592498442606e-01
4.252969553518049506e-01
4.639035582473653441e-01
4.552143120080040517e-01
4.584184737171483892e-01
4.627155650279363708e-01
4.727674123787978799e-01
4.720727058726845726e-01
4.762003054689449288e-01
5.195396135034869856e-01
4.954962674830992730e-01
4.510853751553014490e-01
5.063638392824170165e-01
4.834950604287003295e-01
4.380640425520401782e-01
4.612988590155280288e-01
4.942825849434974161e-01
5.046308946569434406e-01
4.545738529406216921e-01
4.988649974474805293e-01
5.002954510499644236e-01
5.012202229384430385e-01
5.148645409868228828e-01
5.559959479999835308e-01
4.992400219939149286e-01
4.686186468587958398e-01
4.528173458246172456e-01
4.891851670505243388e-01
4.645643032888095436e-01
4.531590915992019797e-01
4.791857792939421268e-01
4.438029163756916362e-01
4.378765844589264100e-01
4.698080522877519094e-01
5.239777546879614833e-01
4.811376026002143758e-01
5.289614759449065007e-01
4.984267064250028079e-01
4.712823635381457321e-01
5.193775474463419028e-01
4.714873265661949642e-01
4.864591151662294721e-01
4.943084248995038843e-01
4.595906175313095310e-01
4.723964158400391078e-01
4.773006694910081338e-01
4.608077126808354795e-01
4.787990329362757924e-01
5.369333366429090981e-01
4.921978573462699180e-01
4.861013629619367893e-01
4.991460635905726750e-01
4.834736230554590453e-01
5.137087301965748143e-01
5.061636349794229606e-01
5.164342425869026254e-01
4.791795623468868004e-01
4.901886431463840510e-01
4.924722622245221171e-01
4.741649104276827176e-01
4.812799814183078007e-01
4.266948989135555537e-01
4.664795387279000449e-01
4.869088441647358989e-01
5.104227648730358391e-01
4.932882729506105068e-01
4.938618694873850301e-01
5.074464238993103837e-01
5.491048252579959765e-01
5.486645764565336592e-01
4.662147035455947441e-01
4.867987740029847687e-01
4.999934582397573823e-01
4.862014206229351987e-01
5.029414864744864433e-01
5.488239273738761970e-01
5.067807199835255849e-01
5.160973093744797291e-01
5.685622819509554837e-01
5.477740000148570987e-01
5.061062441991255323e-01
5.257776183770787037e-01
5.070462669685444901e-01
5.147625148095268388e-01
4.984820596181300800e-01
5.108335131432615306e-01
5.146857611112025666e-01
5.179824361442556535e-01
5.051114230492400603e-01
5.000872879829936224e-01
4.812999423124600940e-01
5.126740052008242898e-01
5.825126834797040853e-01
5.511170313099725826e-01
5.281397110868979450e-01
4.991076002539727163e-01
5.044837853092366542e-01
5.248821092975144431e-01
5.074250559955454376e-01
4.959583552424249864e-01
5.166012667257493529e-01
5.086432910212725922e-01
5.027114808135916268e-01
4.806211922254802760e-01
4.977322771021219783e-01
4.789895683318314279e-01
4.858256888702450205e-01
4.968871290881134994e-01
4.854571007634054802e-01
4.489285571695765809e-01
4.647338372414733243e-01
5.191978037662960954e-01
5.254855885095673917e-01
4.621668402240495799e-01
4.407350525323507906e-01
5.033914642988611687e-01
4.935539468487469827e-01
4.688555613510707043e-01
4.999487744605445871e-01
4.872486466058538190e-01
5.045664682290181835e-01
4.826030596909385850e-01
4.854901669999033831e-01
5.329086132908085194e-01
4.952376156390771444e-01
4.623425690778692476e-01
4.888386989208481914e-01
4.883485489804798019e-01
4.988647180306897133e-01
4.690438388268705072e-01
4.970471593435679125e-01
4.853869267333799642e-01
5.512587443933406606e-01
4.860671665939450548e-01
5.138347744593760869e-01
5.279287204995449789e-01
5.036023939845074571e-01
5.203508144698693050e-01
5.354132212335688257e-01
5.019783724150184145e-01
4.941510844843340355e-01
5.264642184085256416e-01
5.009696903196165785e-01
4.942605425744170944e-01
4.657614163227190573e-01
4.478212681445192245e-01
4.674390416196199105e-01
4.712320757126360338e-01
5.321278896713516060e-01
4.777791462405879819e-01
5.038956480438475660e-01
5.379666339438439193e-01
5.201697450447825277e-01
5.245540196999065596e-01
5.103861693539305522e-01
5.297413300087415733e-01
5.124788893653520194e-01
5.261462830241118160e-01
5.095154256078401334e-01
5.697496288714594126e-01
5.497586789281467823e-01
5.004570909644721066e-01
4.837915852029058272e-01
4.887909800478488220e-01
4.851716839571227347e-01
4.980035363958279504e-01
5.248004063241857864e-01
4.815288209983293322e-01
4.591211924970078906e-01
4.965939919882110254e-01
4.718354974802318469e-01
4.887122442417179968e-01
5.022942741858859028e-01
4.789798015158822087e-01
4.760799953869390144e-01
5.090663137022863882e-01
4.703905782505288791e-01
4.743515930593203977e-01
4.573305766020340224e-01
5.152881932532722420e-01
5.005019487263439038e-01
5.251790558918362217e-01
5.186137484163702016e-01
5.166760497447042688e-01
5.050394905264659062e-01
5.183556311563752850e-01
4.828568644657587616e-01
4.798375083785203499e-01
4.889259589757239954e-01
4.956305430797461331e-01
5.277551278384010613e-01
5.230865907453090546e-01
4.754536736233336836e-01
4.921548515844393901e-01
5.343210743034199073e-01
4.787246099245663356e-01
5.117803478381852678e-01
4.832367025548623407e-01
5.167505692534432038e-01
5.209102572044611579e-01
5.018960771156387723e-01
5.087935407847175018e-01
4.916400721896369008e-01
5.278598738997605233e-01
4.961056786641571681e-01
4.672177633421991660e-01
5.136223208673018625e-01
5.286567064277813977e-01
4.760874956996846152e-01
4.970871695958602454e-01
5.111499233137946074e-01
5.016711859953331132e-01
4.926577732338963678e-01
5.314354564795826796e-01
5.136870260028281177e-01
4.823720461546128213e-01
4.935305736248108976e-01
5.042717687083729805e-01
5.106578694974980293e-01
5.185738054103059547e-01
5.266801732060757413e-01
4.981651097659950955e-01
4.729595071527624150e-01
5.415678931050994516e-01
5.130362830453498724e-01
5.197408273075734275e-01
5.419613869023143238e-01
5.216019147307434656e-01
5.121598729852010479e-01
4.747480644635032054e-01
5.173159687622577163e-01
5.259003629312547501e-01
4.852337509094258872e-01
5.229686125714698708e-01
5.259573405981005090e-01
4.981943118717385710e-01
4.859964214158142282e-01
4.862037462584924974e-01
4.725669675229727251e-01
4.814453718009075733e-01
4.695653128296899403e-01
4.941126700506329739e-01
5.217995510681938676e-01
5.463757262609570953e-01
5.839556741776715798e-01
5.324179356413777375e-01
5.400966459879619208e-01
5.295652577493270563e-01
5.347174819952659197e-01
5.748524366302736333e-01
4.890268697189193992e-01
4.576942979526467115e-01
5.043064633724460011e-01
5.361186842603783420e-01
5.406075830576995145e-01
5.112807354242538960e-01
5.232763344692854535e-01
4.718253694684234612e-01
4.925426951087995553e-01
4.534345069790948202e-01
5.275246085127577311e-01
4.744390121882647859e-01
4.603895427328966172e-01
4.817866617988994515e-01
4.941917165974277770e-01
4.795954706049269101e-01
5.370930048450971439e-01
5.197758226719981778e-01
4.462432510242972938e-01
5.057462120191038579e-01
4.374832031336315930e-01
4.518976750512986862e-01
5.156862659129769488e-01
4.394603420406694716e-01
4.848999857998426144e-01
5.054355066428114496e-01
5.084710911082392926e-01
5.226858056461707314e-01
5.823833821720685311e-01
5.691058724480178022e-01
4.820975780828227197e-01
5.299717001260364491e-01
5.204370338778623317e-01
5.033405795684742223e-01
4.833484433252639434e-01
5.013874587776722125e-01
5.077570124506873839e-01
4.421278739248303280e-01
5.137708871427589807e-01
4.500238270248791417e-01
4.630210412339942905e-01
4.690332814609015077e-01
5.204005223940433300e-01
4.942598903344703198e-01
5.025151507360348102e-01
4.964900823622799275e-01
4.982290932082161783e-01
5.147428756097099933e-01
4.955704325173020397e-01
5.303263370896567075e-01
5.163783630881818576e-01
4.996360132705687795e-01
5.301107794074443325e-01
5.040945016050074612e-01
5.258397052136385419e-01
4.688035643477531655e-01
4.775692312613445956e-01
4.966537988510091317e-01
5.196200050833023054e-01
5.617576167467107640e-01
5.593993789247347914e-01
4.975346308755285718e-01
5.166004424568577669e-01
5.247431366661924335e-01
4.902810910991111659e-01
4.905023468278211229e-01
4.899166405403135305e-01
5.518708683635390466e-01
4.621511273410310872e-01
5.064935825696603722e-01
5.057579939662911750e-01
4.838408565532607009e-01
5.091124264135300503e-01
4.751075384406636681e-01
5.093350721839637885e-01
5.006677307569090685e-01
4.807772179740140150e-01
4.739452459664497130e-01
5.168044113940367668e-01
5.023543588886508759e-01
4.642454883795559817e-01
4.754065413738616797e-01
4.832780621143010769e-01
4.728661531808133200e-01
5.088988199981101523e-01
5.209725745572942879e-01
5.033838780173603977e-01
4.977766479709944680e-01
5.143746594157019292e-01
4.921328962067402224e-01
5.138539858195412258e-01
4.900747824009129006e-01
4.808073658936181660e-01
4.752976285815085356e-01
4.565002336420840856e-01
4.874644971911721303e-01
5.287496424549391616e-01
4.950101681189603697e-01
4.286903398462691417e-01
5.080268334528892371e-01
4.819105244691866963e-01
4.863032126484359008e-01
5.003241478327054015e-01
5.201851421516303642e-01
4.662328394499976603e-01
4.614956000701631589e-01
4.328339485528455710e-01
4.864295336235779921e-01
4.496343889281221862e-01
5.128385163430491112e-01
4.502738394973665459e-01
4.420512187637636314e-01
4.433145356406199000e-01
4.935304799249910501e-01
5.196906443630225914e-01
5.069954902604831837e-01
4.577807537741616084e-01
5.021747185821133774e-01
5.218032774295136011e-01
4.733760622061218282e-01
5.059386797015741344e-01
4.609638999717934338e-01
4.839537906596853012e-01
4.964179824628549564e-01
5.009453023560616058e-01
5.127413871945305512e-01
4.919641297834446703e-01
5.010312812518052938e-01
4.688839027102589263e-01
4.821775949155698293e-01
5.097686983680721484e-01
4.881542538483268912e-01
5.209034417367643943e-01
4.777280704139758583e-01
4.832645641736836861e-01
5.388790621344521359e-01
5.298233828648676313e-01
4.985032387044582292e-01
5.304180563041949181e-01
5.256473253244290378e-01
4.977521542621146100e-01
4.742975086515219263e-01
5.174766751825317090e-01
4.813800255862421551e-01
4.997273805774107847e-01
4.894955316713640037e-01
5.066449331346566387e-01
4.895307642757358302e-01
4.685655586321214594e-01
5.109592804639386809e-01
5.031389454919951154e-01
4.652015029048255923e-01
4.986642867294344139e-01
5.270103882863408362e-01
5.143529859244324598e-01
5.276887716776341719e-01
5.164899737342371067e-01
5.053286916496342318e-01
5.271487197997822838e-01
5.178753799500070976e-01
5.026543001030917557e-01
4.940763190226937773e-01
4.982859275700219359e-01
5.296713551229526029e-01
4.391776748270721509e-01
5.092061798345159929e-01
4.710227244734697116e-01
5.190054103686800868e-01
5.209024794312744344e-01
4.846931305116776723e-01
5.242929454069387152e-01
4.937217618403578201e-01
5.086477947683130107e-01
4.924426217799846017e-01
5.021777918770948812e-01
5.022460871407987693e-01
4.946732224989823234e-01
5.064479558059249431e-01
5.265951510830249038e-01
4.797878706341918154e-01
4.674391861777391632e-01
4.845511299325878096e-01
4.946192737839441578e-01
5.110501521693141536e-01
4.853747293139329400e-01
4.719594313422194598e-01
4.758630480452255007e-01
4.867282354096285624e-01
4.836454582531630741e-01
4.593049744999407880e-01
4.637763082208050669e-01
4.605619086780915472e-01
4.918657826641469333e-01
4.800178731443608404e-01
5.114988833361130416e-01
4.437344505505383951e-01
4.511944804172857704e-01
4.805569715438472445e-01
4.413011932793398651e-01
4.563588618441717371e-01
5.150145366136811287e-01
5.097195040268496236e-01
5.110726326630244953e-01
4.893555309535799203e-01
5.005956510940312576e-01
5.133732379931201795e-01
5.152483389901584276e-01
4.740235483102910319e-01
4.696900301170308101e-01
4.838136480546180174e-01
4.949410273539980309e-01
4.651700768605967484e-01
4.391032063103529892e-01
4.333694193566845487e-01
4.621484693904795993e-01
4.930758822620208148e-01
5.066776587044717894e-01
4.761866117909176466e-01
5.251529431697313788e-01
5.295334257394187505e-01
5.030674912189954107e-01
4.962446178476835890e-01
5.613471232044305870e-01
5.135632583631782877e-01
5.379449181440419947e-01
5.476474187116684433e-01
5.346240690504074911e-01
4.894483651800577984e-01
4.931020264739274794e-01
4.953736340382798864e-01
4.727526605631021117e-01
4.655268391154185892e-01
5.514507027902085801e-01
5.042754015596925266e-01
4.718679777646851980e-01
4.594261294659051087e-01
5.175715003976324446e-01
4.844762023121974015e-01
4.956615472888313834e-01
4.616801469214020792e-01
5.168754261137133987e-01
4.869456416208907124e-01
5.577183949541815178e-01
5.389948713015130233e-01
4.934270603639758779e-01
5.491915531792819216e-01
5.693934120506141117e-01
5.543330066700818959e-01
4.828484634371934536e-01
4.843009744029078689e-01
4.805387645604501379e-01
5.352387957774141780e-01
5.020124073107704588e-01
4.720743932840023027e-01
4.956170040972314172e-01
4.844145735921798201e-01
4.721980024271191234e-01
4.874174816551437028e-01
5.148154382577132537e-01
4.890608968812595880e-01
5.268546624217692598e-01
5.242459593578340238e-01
5.137584503353550547e-01
4.911108935474621240e-01
4.326398809815343305e-01
5.330164950507176869e-01
5.431006279835240980e-01
5.174001474967240277e-01
4.811078072203329725e-01
4.461876110709627197e-01
4.897956100004140501e-01
4.627109005807277242e-01
4.688819638207555873e-01
5.133317858005359557e-01
4.629180807037050482e-01
4.524434108014150357e-01
4.868979662766532712e-01
4.839144810621369697e-01
4.730769673262170127e-01
4.887057990473359648e-01
4.437924405113374826e-01
4.992917070119494150e-01
4.670143062699184111e-01
5.023340969167606751e-01
5.300401803406098455e-01
5.573445475291882723e-01
5.133079782876440733e-01
4.990698431695683723e-01
5.396140449432503816e-01
4.884556971421796789e-01
4.872605443704984274e-01
5.192249094140448662e-01
5.410159001711578597e-01
5.307248086484052108e-01
5.052005829598719133e-01
4.901012532293737012e-01
5.094285712498610730e-01
4.821972055596518980e-01
4.768148325650394814e-01
4.706326433614917426e-01
4.662422453862621885e-01
4.644085231592813834e-01
4.997345476342492376e-01
4.898225723362013562e-01
4.774050938174952963e-01
4.294637910506509670e-01
4.770790597577578285e-01
5.043252778738509523e-01
4.776570986396802554e-01
4.779724366897420973e-01
4.988046315857372348e-01
4.801104778388586292e-01
5.392454078732793477e-01
5.211062143695290860e-01
4.895469022109607549e-01
4.997241853860231453e-01
4.919411645105156716e-01
4.412832874843002351e-01
4.218790443807510782e-01
4.663933487229371955e-01
4.539730126914823249e-01
4.828830757334080515e-01
4.954424416092175765e-01
4.716110241490444888e-01
4.944696767816935679e-01
5.266776977737401833e-01
4.759592010515429350e-01
4.742819205081016398e-01
4.874096566389530261e-01
5.396728830961452505e-01
5.017995832268269396e-01
5.333771232456195888e-01
4.714211699092141772e-01
4.691187903206746612e-01
4.919156000805396389e-01
4.662289986015746845e-01
5.182826433547749190e-01
5.165071501038983603e-01
5.319673985698987195e-01
5.107635265681634840e-01
4.659027640191888420e-01
4.734989202142022569e-01
4.784223085436732359e-01
4.554506668357118371e-01
5.034339593263734702e-01
5.018701283060885698e-01
4.631331692727936877e-01
4.965622833106811407e-01
4.830679569260562523e-01
4.887136115590449692e-01
5.330772810497169667e-01
4.724750356866769252e-01
4.801946958000538612e-01
5.112884217358391048e-01
4.877669267119668639e-01
5.105463722767814572e-01
5.323791284611085750e-01
5.005556284202311579e-01
5.113353368452293601e-01
4.918184331864630665e-01
5.089853757007890556e-01
5.755284643314190207e-01
4.733861731057366073e-01
4.799031058827459284e-01
4.712809525308739311e-01
4.708844292796537379e-01
4.674766379798884208e-01
5.204160060901213969e-01
5.159676796584276026e-01
5.255356033127991378e-01
5.511183256213880721e-01
4.742610022850163864e-01
5.009839940374454237e-01
4.767057000814016177e-01
4.916675790362585174e-01
4.989469336478674633e-01
4.823011648209906688e-01
5.103337845761237723e-01
5.207710701390769747e-01
5.127679711311736721e-01
4.927585724701116776e-01
5.186250185014098513e-01
5.329628513176564164e-01
5.048869329037296572e-01
4.944519312755450424e-01
5.189945001892403154e-01
5.031268447264598542e-01
5.215711332037894499e-01
5.184038634530769851e-01
5.265567752698376847e-01
4.806533734471523100e-01
4.357731391207967375e-01
4.645993243433311215e-01
5.259532887787279343e-01
5.422025301455734025e-01
4.793711232556677748e-01
5.221134290214548557e-01
4.697050699567537624e-01
4.864734120419821894e-01
4.754851749289197294e-01
4.824170489546932283e-01
4.933559318384685421e-01
4.776389370404505730e-01
5.105593201700313610e-01
5.224743337794184317e-01
5.043836991022863092e-01
5.542712359777498543e-01
5.186977373759011911e-01
5.061120396283994571e-01
4.906433553421617466e-01
5.158113302014485368e-01
4.664063492720709192e-01
4.866599179876720527e-01
5.162116879723394058e-01
4.993860542202643860e-01
4.985948827802726413e-01
5.276478093376654188e-01
5.128424570150610373e-01
4.898154710686048463e-01
5.063341094377724616e-01
4.871021741910642189e-01
4.939470314385501215e-01
4.476239082594632990e-01
4.649136622057937207e-01
5.154840948570359460e-01
5.461411988774427240e-01
4.984165958469899405e-01
4.875192412319750979e-01
5.106921503756115532e-01
4.741798859192583038e-01
4.431737433641089741e-01
4.898881096901424592e-01
4.998340396190316115e-01
4.310966458697017556e-01
4.671699769148595083e-01
4.758518020331716225e-01
4.759558921632698891e-01
4.482371525929499390e-01
4.801236535948821826e-01
4.607541030586796982e-01
4.008476040114044014e-01
4.449631428376751296e-01
4.375614247049542938e-01
4.312028721033708267e-01
4.949654194229130555e-01
5.201027475066297701e-01
5.014258697842940427e-01
4.905793594322226947e-01
5.146737727985319921e-01
5.369479519122740685e-01
5.398324371174506586e-01
5.141296881645835981e-01
4.908341007111750032e-01
4.869965862547709357e-01
5.346219046874605141e-01
5.018339374286110433e-01
4.687336226876868128e-01
4.882819479127959994e-01
5.042966948265914517e-01
5.338411554652920943e-01
5.130796853743639918e-01
5.482145303980118234e-01
4.550140195545907540e-01
5.506445877511501052e-01
4.941909594047340648e-01
4.922283564362671671e-01
5.054002815373279667e-01
5.090136971918861608e-01
5.097766687905507244e-01
4.708836920554927974e-01
4.960813232930990080e-01
4.827302902327527123e-01
4.951254437594863611e-01
5.185874271243983147e-01
4.989825950346256644e-01
5.213010761341485555e-01
5.499921987258384881e-01
4.467546654980213416e-01
4.903449303010810612e-01
5.235777014908242766e-01
4.707865113111141531e-01
4.817193543550622459e-01
5.572388561702323884e-01
4.867593521495239828e-01
5.490365479753644973e-01
5.327745728534879488e-01
4.987964968548632694e-01
4.965883164297092978e-01
5.259245115136377269e-01
5.131217420040842248e-01
4.984522422457984825e-01
5.000557980151836279e-01
4.843107627400176640e-01
4.793214581368566707e-01
4.975098254470214365e-01
4.905669665617249930e-01
4.729390466295316786e-01
4.881767610544911484e-01
5.048333652344716427e-01
4.718272079474734038e-01
4.570325295172416591e-01
4.595633509361884417e-01
4.331289697641984571e-01
4.454340322427240983e-01
4.640961522330904199e-01
5.087186291380627612e-01
4.997514777176239043e-01
4.902156202436635524e-01
4.910763906999068840e-01
4.740275461925490541e-01
5.045067637586424514e-01
5.117586682075887516e-01
4.883092521577058198e-01
5.260135190681148876e-01
4.757320589056016069e-01
5.345869385939550078e-01
5.069486880249285399e-01
5.040068839504919795e-01
5.072113467113763541e-01
5.064023647588651311e-01
4.432317168986309452e-01
4.238273242760655091e-01
4.595856841409851068e-01
4.691032056352887891e-01
4.832022826962502626e-01
5.364366319378444103e-01
4.642278906317525156e-01
4.439248276068422649e-01
4.775222319977742158e-01
4.960666007507287811e-01
5.187499157667333494e-01
4.870748812938693328e-01
4.752256984238005799e-01
4.936029060393600787e-01
5.179565410032747064e-01
4.772518434043370728e-01
4.535842273410325420e-01
4.641207338088217949e-01
4.951697962751296367e-01
4.648104761626752346e-01
4.772893661237050389e-01
5.015782348988612194e-01
4.939811663297132283e-01
4.870282389889897257e-01
5.095585785334660889e-01
5.608431611942139572e-01
5.146181103668452383e-01
4.577103567312594823e-01
5.073489820580254772e-01
4.871182217470381159e-01
5.105801665630740338e-01
5.524448752581946342e-01
4.829562925862522227e-01
4.937119640810820886e-01
5.002080125496330965e-01
5.413611011441024079e-01
4.992508926153291782e-01
5.230377861766325465e-01
5.092740869855285624e-01
5.204901272274206070e-01
4.629234438477216607e-01
4.653332169981841404e-01
5.089271377840788313e-01
4.867778047027194188e-01
4.883135212589769236e-01
5.292486957957136529e-01
4.880490386119896717e-01
5.203669613174795039e-01
4.579661117991228880e-01
4.802915550992890026e-01
4.593495430028239346e-01
4.741614930373600489e-01
5.030433557095282948e-01
5.088903408954656982e-01
5.078571194104530839e-01
5.687322075471983318e-01
5.941451314767371983e-01
5.086433769226509360e-01
4.765194350695456937e-01
5.163967537669309493e-01
4.712754974351241466e-01
4.943168549691469016e-01
4.779527138840782841e-01
5.311656444436445579e-01
5.030051846130484394e-01
5.106298446650477940e-01
4.433767009659255742e-01
5.274834438665397807e-01
5.082004258269239294e-01
4.796077050521553309e-01
4.741959918044845734e-01
4.848963277699829266e-01
5.106539144457912238e-01
4.735124700790211416e-01
5.487802114559410249e-01
5.332580122964191149e-01
5.146126362776333174e-01
4.899477496809891974e-01
5.093688688628844607e-01
5.356974952050854721e-01
4.792005262996554826e-01
5.205546976764439115e-01
4.754093167880464321e-01
4.971227341766699115e-01
4.824276842908529761e-01
4.801114077954590775e-01
4.097539560384104718e-01
4.682854942532547748e-01
5.394870799348658874e-01
5.302409046134572979e-01
4.884637064200117451e-01
4.800846606361962587e-01
5.148217896453193276e-01
4.892250045712204787e-01
4.640411657008693957e-01
4.995711458990713671e-01
4.698938977298474651e-01
5.352381231580928267e-01
5.123397456611092915e-01
4.769142952185440598e-01
5.154046122611336544e-01
5.371770874391038619e-01
5.163210441541626894e-01
5.140244295169377198e-01
5.278336346152671110e-01
4.828513992364890095e-01
4.854599885709077745e-01
5.385248318390991606e-01
4.873361404563977817e-01
4.876346321087199343e-01
5.250149835679481791e-01
5.519541896682236271e-01
5.165970396959628230e-01
4.982299411389971566e-01
5.115789227793342553e-01
5.178198371078173157e-01
5.113122853710894145e-01
4.921790332528565015e-01
4.797753226195501930e-01
5.154804392673040248e-01
4.431559888966395966e-01
4.521227510976760233e-01
5.041956344148208480e-01
4.535833748165155055e-01
4.938660816284123345e-01
5.167970847766180098e-01
5.000288462633288855e-01
4.830169390878555902e-01
4.887259646968750149e-01
4.774125770188062390e-01
5.148866517599910431e-01
5.104388250897478052e-01
4.948820570739044244e-01
5.120868322821140461e-01
4.924064581420962705e-01
5.159335329391451230e-01
5.276902572718094042e-01
5.513952057298383558e-01
4.947819054880961409e-01
5.015584428194238553e-01
5.064600974778382669e-01
5.313025238903206215e-01
5.250396196021843709e-01
5.320261405079563799e-01
5.389129883980831037e-01
5.580642293308348822e-01
5.487480309299703762e-01
5.004622627472629093e-01
5.296104393953067202e-01
5.279748520391138733e-01
5.219314620316092279e-01
4.767962819461227797e-01
4.981056319053637771e-01
5.310994618110640442e-01
5.096375973348474808e-01
4.990698933715022600e-01
5.255205395945865554e-01
5.050946394030623177e-01
4.771436772907890478e-01
4.947599658248204024e-01
5.301616606646496477e-01
5.032604012256720605e-01
5.291986756823791049e-01
5.199129938909036186e-01
5.038372841369195276e-01
5.295959729422786699e-01
4.616571003929821893e-01
4.860389904941745387e-01
4.789360503753422038e-01
4.578707306952228273e-01
5.068077404157056431e-01
5.124369676423333742e-01
5.145432179048274879e-01
5.006898353079028974e-01
5.423110814509626287e-01
4.774748207371046771e-01
4.673697928223205511e-01
4.953414192713699316e-01
4.990076737835627552e-01
5.228161321028282904e-01
5.066260966489627426e-01
5.198783880799737744e-01
5.148651541380938612e-01
4.707233367502132171e-01
4.831143691227406944e-01
5.043461942853597613e-01
5.019419765484164353e-01
4.869921204061471443e-01
4.991392653894261566e-01
5.044537946261502537e-01
4.824774278251157678e-01
5.004041613547107747e-01
4.845453479762037996e-01
4.909776674960462106e-01
4.920900210408915565e-01
4.747720628312112057e-01
4.869048005120001354e-01
4.995886697896886885e-01
5.221592951710852804e-01
4.986032393853291889e-01
5.235746587200529323e-01
4.930292019365234424e-01
4.847004991771882709e-01
4.825401782616754454e-01
4.847126710235736269e-01
4.469627966818568998e-01
4.855456966154260146e-01
4.853108718105091368e-01
4.479246889206576765e-01
4.218571138990643288e-01
4.741578208838980735e-01
4.573903999874470716e-01
4.718719329789581307e-01
4.708136426308461853e-01
4.720013906258286318e-01
4.873533171841740730e-01
4.491714441652298051e-01
4.929525204942361571e-01
5.002441563647939127e-01
4.767608828014529010e-01
5.008262217474612754e-01
5.034767458773121707e-01
4.558972142166495822e-01
4.968981744278470059e-01
4.995128714728528929e-01
4.777008324007779305e-01
4.832129537631049132e-01
4.954506114334624178e-01
4.888407254937980895e-01
5.029450843848335406e-01
5.094246952882168777e-01
4.841197550127856464e-01
5.326095682675936471e-01
4.576699413165457031e-01
4.720869124684438645e-01
4.100205379160187236e-01
4.841646358478860490e-01
5.226611320221625778e-01
4.761153202764674686e-01
5.091091695480346457e-01
4.431999496873047506e-01
4.888801638868796595e-01
4.674596885620363462e-01
4.781853042445924906e-01
5.372721912927721499e-01
4.949999894387792088e-01
5.032051538102406685e-01
5.349308112626403044e-01
5.407146957898235629e-01
5.125349192801971210e-01
5.176326906715732479e-01
4.806929048915402625e-01
4.788872239714339618e-01
5.170955973099893299e-01
4.935601542831948851e-01
4.646930554275959802e-01
4.679230384398123666e-01
4.931642402659746627e-01
5.037904410513522890e-01
4.474351213361001389e-01
4.940551847602153157e-01
4.969843735618459934e-01
5.176884217367212493e-01
4.597968522260132418e-01
5.007518233784542527e-01
4.810931574200692507e-01
4.587028026533053193e-01
5.009151975424017689e-01
4.731136235613668251e-01
5.491322359766293015e-01
4.968117109591355107e-01
4.356633716855980443e-01
5.044419532813859686e-01
4.629798613226757675e-01
4.631851307452157784e-01
5.011570116058945423e-01
4.971139075861412682e-01
5.261667080896080817e-01
4.699401692618830340e-01
5.246486593047380298e-01
4.538217049474909670e-01
4.846956428716385212e-01
4.738856608804001835e-01
5.286322769096095664e-01
5.017826768288660144e-01
4.908814263615886020e-01
4.496892508563021251e-01
4.901186365914253495e-01
5.084839454342787723e-01
4.583482963420799638e-01
4.442781720885496943e-01
4.816659462408025005e-01
4.760190416234370003e-01
5.305267002176448088e-01
5.416568750996233472e-01
4.740714950685052664e-01
4.769684015158234813e-01
4.979009251453365703e-01
5.042936777661458647e-01
5.143437581345883247e-01
4.592548894004050419e-01
4.543945338916964838e-01
5.323526923686772161e-01
5.404180141832484185e-01
4.676525375728146083e-01
4.405406372803477577e-01
4.862837686897006351e-01
5.099715036370702226e-01
5.138695952351967078e-01
4.650561385528908520e-01
5.371635561587526642e-01
4.740166275553743258e-01
5.067493094442251378e-01
4.797619477211708672e-01
4.762844569978941234e-01
4.881037188984931330e-01
5.064516144850751411e-01
4.714167989068074882e-01
4.916444562420463904e-01
4.968828425738349153e-01
4.801164746858551657e-01
4.645144055086112833e-01
4.939195643923337542e-01
5.127670109254127695e-01
5.427261333047509462e-01
5.074959822534701459e-01
4.671023855101777977e-01
5.106452502373562963e-01
5.034372174425456592e-01
4.686944589898762725e-01
5.114247267077229875e-01
5.301980686945054755e-01
5.068813821261907160e-01
4.796453858691926420e-01
5.169086287520388012e-01
5.403182024563142338e-01
4.964940411072358284e-01
4.949810569512761438e-01
4.847464856345302664e-01
4.354420097723612493e-01
5.024676564353476316e-01
5.282558114898373569e-01
4.940150494689402594e-01
5.256201589505663518e-01
5.143240709435529245e-01
5.350974502449770132e-01
5.069152687709004290e-01
4.738145465394333899e-01
4.667993872096520835e-01
4.732210025165221046e-01
4.829545764799883512e-01
4.665701379233131996e-01
4.729996342163427236e-01
4.980360895208157390e-01
5.173307293135368523e-01
4.763656207862900227e-01
5.102031689201430575e-01
5.369523570364636011e-01
4.887858204485856506e-01
4.638141399861691050e-01
4.756827967730619666e-01
4.672108014144036314e-01
5.010623302606030949e-01
4.721914106735382033e-01
4.755891455092031705e-01
4.768201240764230464e-01
4.905970195470035211e-01
4.682423250169256979e-01
4.715475425557938416e-01
4.854002870150642135e-01
4.600088077010672793e-01
4.689486829317351391e-01
4.671987618148937260e-01
4.763068268866042509e-01
4.461426820942382410e-01
5.105786908635092658e-01
5.163763650385846393e-01
4.863220151845343842e-01
5.154563207461531071e-01
5.169017200775591903e-01
5.007297734111894050e-01
4.695919085095104362e-01
4.969418994155303526e-01
5.105462473954792690e-01
4.833886161613452082e-01
5.395934227453904608e-01
4.846301196653650667e-01
4.853097773129056436e-01
5.056266603172051566e-01
4.897765786139358091e-01
5.015229783755760229e-01
5.234034445439471606e-01
5.033891906373911818e-01
4.795224059257623406e-01
5.236938426256364520e-01
5.114897525839300352e-01
5.075438360476406396e-01
4.987713477117933780e-01
5.197744121341660861e-01
5.339399035448756381e-01
4.921815000579087829e-01
5.244894138091925617e-01
4.813952836475478558e-01
4.761396526472059243e-01
5.133032023093337948e-01
5.334195095033238410e-01
5.091564881946802901e-01
5.016370701000344434e-01
4.482221295452337717e-01
4.593747642806524922e-01
5.021198413565496343e-01
5.058947044060924103e-01
4.718385248882237537e-01
5.101302008090564666e-01
4.669860336917006083e-01
4.848444559073839533e-01
4.691975549843536153e-01
5.114703515365950359e-01
4.707503608484243096e-01
4.688444417492051985e-01
4.779767467170467077e-01
4.626713610560877488e-01
4.752794417716158515e-01
4.786269053700123455e-01
5.014959780424244062e-01
4.698085756136159974e-01
4.738514110044864114e-01
5.012939482673636205e-01
4.772432148775959115e-01
4.713560025564892952e-01
4.634728200596582859e-01
4.877682104827754661e-01
5.283469229996294869e-01
4.511169522508458596e-01
4.940367142198926476e-01
4.790986924503039535e-01
5.051099123554242398e-01
5.013516275893437069e-01
5.022721277156987352e-01
4.869760199833724768e-01
4.709100964010257684e-01
4.576910984054009535e-01
4.923867268336996617e-01
4.611506862860745293e-01
4.831022265266583515e-01
4.831883486546529882e-01
4.910675740313026894e-01
5.175167207772849443e-01
4.986228370183767300e-01
4.683811690097089420e-01
4.766138932951559104e-01
5.293179008595548796e-01
4.565023557191553172e-01
4.815521782724604405e-01
4.092411965526119855e-01
4.514841651061985428e-01
4.754746112011913883e-01
4.545423646622736014e-01
4.335788208449912751e-01
5.327281058936514935e-01
4.738470470279832480e-01
5.292448928557542676e-01
5.083633473146657034e-01
4.441685705867354228e-01
5.063114037034366355e-01
4.749099102840074749e-01
5.035620633320049278e-01
4.880470227085413337e-01
5.380401925659554774e-01
4.862896181360645831e-01
4.874960716359478252e-01
4.292698170741897079e-01
5.074829436767127611e-01
4.830081943354805896e-01
5.130775717576526729e-01
4.831786381996912016e-01
4.810161235296084303e-01
4.831162526242605004e-01
4.583656303745744509e-01
4.554531734357002426e-01
4.882787685291541391e-01
4.386518743423440392e-01
4.441911393447846024e-01
4.848323426633804889e-01
4.842683195668586182e-01
4.800744997196384478e-01
4.537145521003306259e-01
4.677116090629607204e-01
4.817424648354085015e-01
4.688007091039124719e-01
4.473571876666877500e-01
5.023673910441479595e-01
4.506982774428784921e-01
4.175797230665274640e-01
4.365376418854951535e-01
4.327942536047884037e-01
4.451879846765724458e-01
4.586181167744754483e-01
4.571952172819533367e-01
4.599153948778960665e-01
4.659312141307460631e-01
4.354265327493765381e-01
4.994021222944686755e-01
4.287509846670434777e-01
5.148527678142611474e-01
4.969447160412598374e-01
5.255553274523651064e-01
5.043867195925577640e-01
5.024320507100035194e-01
5.352912946513510573e-01
5.367332532716923010e-01
4.833566245978094256e-01
5.053152154341269409e-01
5.154497224213021589e-01
4.781395503588877771e-01
5.331778430113790490e-01
4.474641909795022965e-01
4.952052559646378249e-01
5.039834772608751123e-01
5.103475059308765216e-01
4.990985406676079483e-01
4.650505941853220193e-01
5.102280975934173624e-01
4.357100331650319847e-01
4.489925915747829954e-01
4.654873952824129524e-01
5.345121339544869343e-01
5.068855761046037189e-01
5.029518373964381173e-01
4.901214518410664245e-01
4.667677037423162978e-01
4.600060697325219494e-01
5.078853542760178863e-01
4.924045760967588614e-01
4.702303166503411513e-01
5.228052148543148592e-01
4.875393339630613165e-01
5.043673903408059100e-01
5.350260402650608427e-01
5.389519472955037749e-01
5.288009536443317726e-01
5.105221363788224886e-01
5.150515711193424107e-01
5.000364701920618771e-01
4.585046501404228536e-01
5.321571670452925895e-01
4.940419371511162172e-01
4.860505914555511842e-01
4.983290198725754960e-01
4.854097098411584987e-01
5.167445618701841381e-01
5.113774141827389652e-01
5.150469729982501965e-01
5.127598893278738634e-01
4.920343403464365606e-01
4.820504376516954181e-01
5.150893681858011997e-01
5.163556170750960295e-01
5.110096992497685786e-01
5.221253197615539632e-01
4.753106779785543079e-01
4.766410948836353190e-01
4.837864361896936360e-01
4.795731642191809474e-01
4.665760197752232830e-01
5.115150894328225339e-01
5.330203637044088616e-01
5.471305273063106211e-01
5.474489575652814466e-01
4.831791681705144836e-01
5.144778368201408103e-01
4.570620926201242606e-01
4.793805823489666329e-01
4.949006073515002657e-01
4.707061149770336295e-01
4.640892457909042701e-01
4.845052771827796922e-01
4.707212815977140363e-01
4.627139039297500367e-01
5.025514321056858691e-01
4.647104774233644098e-01
5.193629653445710481e-01
5.187372501596316798e-01
5.004586405674981142e-01
4.868080194284329920e-01
4.787570315572008961e-01
5.401093422370041308e-01
5.034927017876433819e-01
4.811203653388324564e-01
4.352663179915400860e-01
4.877160009024704146e-01
4.645673932573700093e-01
4.883467779150638122e-01
4.879359853890918308e-01
4.505015041113898944e-01
5.057513336775458779e-01
4.909274706184187376e-01
5.012840103808391401e-01
5.088036767671325622e-01
4.400927719860231457e-01
4.745981233542274635e-01
5.019840683868792564e-01
4.234889389879529231e-01
4.783449159589546751e-01
4.717555919562238520e-01
5.075207637490125601e-01
4.646143542276424676e-01
4.775362540913172249e-01
4.848605729431038625e-01
5.179857578516036121e-01
4.814223288898364927e-01
5.094948063144084660e-01
4.532380876416392534e-01
5.209262887942354148e-01
4.935524369314734927e-01
4.533873395298497755e-01
4.831929347035239797e-01
5.092918793500037511e-01
4.860794437724764161e-01
4.583798785825191069e-01
4.694262889817752971e-01
4.783856434154273307e-01
4.796199608961747018e-01
4.687696790774286137e-01
5.120837060601505231e-01
4.856199024748686921e-01
5.134144656327441769e-01
5.367204715209983323e-01
4.822283830965659601e-01
5.158025660617757691e-01
5.271036657028689287e-01
5.279385051017365660e-01
5.265970813197408118e-01
4.648592710577696963e-01
5.041257537223402529e-01
4.811882267766054988e-01
4.767771343639412573e-01
5.015186401136547678e-01
5.263211440054971213e-01
4.843814826827061437e-01
4.917316625400542929e-01
5.181190602752097085e-01
4.942109676073100366e-01
5.212223855632676095e-01
5.140103090266339159e-01
5.186269917924452022e-01
4.956575617716187376e-01
5.153755881349066925e-01
4.834409405590892606e-01
5.378645096432902450e-01
4.889543088280129401e-01
5.321882688822742180e-01
5.085794152654643518e-01
5.088121728919521303e-01
4.853256502192387911e-01
5.244865165413600261e-01
4.804968488257788106e-01
4.692072783632103561e-01
4.769734901156005846e-01
4.603982367197810288e-01
4.624399603734372644e-01
4.352118696488164185e-01
4.694637048599181184e-01
5.088104976228786658e-01
5.039302654620565480e-01
5.083160718202485162e-01
4.707360662880397673e-01
4.878908806454640978e-01
5.060397127121712968e-01
5.115159235280085648e-01
4.809729192316329893e-01
4.544473482302142098e-01
5.017972245107312768e-01
4.847739910590435075e-01
4.873502184999519704e-01
4.881443249181005029e-01
4.841152739868767596e-01
4.959847606064800019e-01
5.559965235584307663e-01
5.362684033314691900e-01
5.114648151296607992e-01
5.016709664458689488e-01
5.378957735461659118e-01
4.671409916744681534e-01
5.071040932895263253e-01
4.730648504752012484e-01
5.426058293059115023e-01
5.137902337240606299e-01
5.020893893106469497e-01
5.119755801975759413e-01
5.028222262023560596e-01
5.145729701716217352e-01
4.986604346824539125e-01
5.166133875865166480e-01
4.475170831023344564e-01
4.786560138949191301e-01
5.370203275553068201e-01
4.837377834225506379e-01
4.939291901089138404e-01
4.967752922084040512e-01
4.590535171552049820e-01
4.923884489959742816e-01
4.996334363484640773e-01
4.733368165055059640e-01
4.723317857025917110e-01
4.720098843929968480e-01
5.045159642260457211e-01
4.696041619254190391e-01
4.707192643314972447e-01
4.407316830147055553e-01
5.314881610185377969e-01
4.211319602081212143e-01
4.782629921583950727e-01
5.080530345328891917e-01
4.555239458489068194e-01
4.241392220606879371e-01
4.809736422596843086e-01
4.760310990537072184e-01
5.062755046970014439e-01
4.807805288494151896e-01
4.763887463616296447e-01
5.115111702479089306e-01
5.137344783973271101e-01
4.664352784517852291e-01
5.038120952427731503e-01
4.884958819071602010e-01
5.008092121010934150e-01
4.912461410400918438e-01
4.730736508229590465e-01
4.794739472815128800e-01
4.291414287187502175e-01
4.117765316508055218e-01
4.531321720570401501e-01
4.334077490090630924e-01
4.944839912380887270e-01
5.378816453520566254e-01
4.857281873662653293e-01
5.136188442132366694e-01
5.049091425879890238e-01
5.372493942827342162e-01
4.998478879352257209e-01
4.659629385921508771e-01
4.941178231678684529e-01
4.767461278834539962e-01
5.293129592579324250e-01
5.041403636719058445e-01
4.941924484570422993e-01
5.052079215204949847e-01
4.958366867123559785e-01
4.788726573821292520e-01
5.055403905644025864e-01
5.314907575216597513e-01
4.760720272275602571e-01
4.609530622444490966e-01
4.439156546103683043e-01
4.946569166332708267e-01
5.099212815631043449e-01
4.557921303761167664e-01
5.067813154021181266e-01
4.800729833201338170e-01
4.991182562094035324e-01
4.755562065151355822e-01
4.976651403018294562e-01
5.041862353915114170e-01
5.019866783798060395e-01
5.010233010861951941e-01
4.715102364539930369e-01
4.987238665347121791e-01
4.380429766594395313e-01
4.536502842001401969e-01
4.781559103487700857e-01
4.849266198748213852e-01
4.819325843584594260e-01
4.488726453961790486e-01
4.954666309530572632e-01
4.365455628248068320e-01
4.704473696897532586e-01
4.506460276855052127e-01
4.568505709485883859e-01
4.738834069043908470e-01
4.212760481031601056e-01
5.080821300987926614e-01
4.971952895876861622e-01
5.019703658132256274e-01
4.388842655186021569e-01
4.528097234364442114e-01
4.985542099479456923e-01
4.998441296689407065e-01
5.092441915597394342e-01
5.185630066384252501e-01
4.750877557786117311e-01
4.699040167373702559e-01
4.805519004375733427e-01
4.861479723802181740e-01
4.684947194450553298e-01
4.668097923956049944e-01
4.754187368376938672e-01
5.192440597695414661e-01
4.977850125285871452e-01
4.570601493422370432e-01
4.570299978304357413e-01
4.863130818214200235e-01
5.180096730073039391e-01
4.709165791996764439e-01
5.320897649838102206e-01
4.975049715006359952e-01
4.660360540432029186e-01
4.251032101978255429e-01
4.627830509006346515e-01
5.633831642358669844e-01
5.288434010685727493e-01
5.281633949356179247e-01
4.901717340672496759e-01
4.535183996588588173e-01
5.014535860722156846e-01
4.810976418434538271e-01
4.719411906511591925e-01
5.183646489576149152e-01
5.232948699753485755e-01
5.317946712951772126e-01
5.219725579394149939e-01
4.639255186768897476e-01
5.162539969983945820e-01
4.910511048378080057e-01
4.485983876182921826e-01
4.547906155907074366e-01
5.229608364918659769e-01
4.722146503377767646e-01
5.202710181080295593e-01
4.674757893007364662e-01
4.726207655843878142e-01
4.701799096151155766e-01
5.137455145289651082e-01
5.186066804887199400e-01
4.353132670687950845e-01
4.617052223367357211e-01
4.594703160397856645e-01
5.089852510406702724e-01
5.224978851316316453e-01
5.092454855304334727e-01
5.144268985103329639e-01
4.984057187071786466e-01
4.474292473106988854e-01
4.589598731636028162e-01
5.093491959160835192e-01
5.202650644735373753e-01
4.844605881633204381e-01
4.902933419775900026e-01
5.066940800480448370e-01
4.670083602609080287e-01
5.007501124400962622e-01
5.021420370916505060e-01
5.084245251889357720e-01
4.837326431836364016e-01
5.137881725424444657e-01
4.972484108783866152e-01
4.843956190445898868e-01
5.020694383887829293e-01
4.761536217070589383e-01
5.053305956392772913e-01
4.805153044830032250e-01
4.875807130471578876e-01
5.174224169882916113e-01
4.780432740509666933e-01
4.839777644571190418e-01
4.682448174471515179e-01
4.785324224701819062e-01
5.019183611866608885e-01
4.684419258145996467e-01
5.098229429799370216e-01
4.615405050386865438e-01
4.682985325957927936e-01
4.274203691298952834e-01
5.008035372283633491e-01
4.904812720186491060e-01
4.276488002814764489e-01
4.500927229043821809e-01
4.852820548870396267e-01
4.334734145482328493e-01
4.657867175418182182e-01
4.975236542192057465e-01
5.335585412392945814e-01
5.068060989747470435e-01
5.273756496258013016e-01
5.054989261897566699e-01
4.962798665069171333e-01
5.055142982578528787e-01
4.748904870986788151e-01
4.250639395620320893e-01
4.657706098357529134e-01
5.199738944823136810e-01
4.824819815110821253e-01
4.380777608890539798e-01
5.455552923411635113e-01
5.345212313256854086e-01
5.119165230047186821e-01
4.940166233500509207e-01
4.969760686809162054e-01
5.069791321117748106e-01
5.031231664863541342e-01
5.496654535289059451e-01
5.039332432429485253e-01
4.529153556535668312e-01
4.605185992782118709e-01
4.972384153151673813e-01
5.365231098393310472e-01
5.218199817951945096e-01
5.106447857465842288e-01
4.783405422653844719e-01
5.829510335412358968e-01
4.755021378100809937e-01
5.071133206602591592e-01
5.364900474008532649e-01
5.097344497683118369e-01
5.205086885667561392e-01
4.952919615766434580e-01
4.836550929155610246e-01
5.139700999965001182e-01
4.668739476796980314e-01
4.739310797010456433e-01
4.901925336258011190e-01
4.353243952547782847e-01
4.993293389398428817e-01
4.706229481614879750e-01
4.705876980808716969e-01
4.796677224492279512e-01
4.980025340628301267e-01
4.774574981281756725e-01
4.999739981112985010e-01
5.243706706531220396e-01
4.772916544507145309e-01
5.114200821718549728e-01
5.121650574328739935e-01
5.048614848467394278e-01
4.879775581011135954e-01
5.196226529738732225e-01
5.012123673418491521e-01
5.061542654550580389e-01
4.263443845367987928e-01
4.780106392485451994e-01
4.970669468580609651e-01
4.661879143632738920e-01
5.002598805228015699e-01
4.793005985381950662e-01
4.444601917853183148e-01
4.584445563186008155e-01
5.386234721053211327e-01
4.979810481446533266e-01
5.071365397768400340e-01
5.173558948057416229e-01
4.927765120809922128e-01
4.596328999334544640e-01
5.294333414496292800e-01
4.740977543059606836e-01
4.939180592277988002e-01
4.768809164715098192e-01
4.865438975206958228e-01
5.143956897470803868e-01
4.882100428402698089e-01
4.794960382704864799e-01
5.023553262901397920e-01
4.669446576483148315e-01
4.781129823394738021e-01
4.748272889366944582e-01
4.671806285629925282e-01
5.061598727219642768e-01
4.743905861593100126e-01
4.915324448188556072e-01
5.080954347593175102e-01
4.825042532185475075e-01
4.926901106852105694e-01
4.670828921867000716e-01
4.659094599728488273e-01
4.596602746188545030e-01
5.092210376578518716e-01
5.164858325167150932e-01
4.963752715581167818e-01
5.428581958740615887e-01
5.261624815334495775e-01
4.591748190068553614e-01
4.826928301203542993e-01
4.921698523498797551e-01
4.644671254292422335e-01
4.891406097911096262e-01
5.015895301710386889e-01
4.808518195398622241e-01
4.878102169233728413e-01
5.021734169511362644e-01
5.190421160449885107e-01
5.214550796699967128e-01
4.667980415223913493e-01
4.881858267277440211e-01
5.234959779401189284e-01
4.805820690808025319e-01
4.623517988624074038e-01
4.449969475894018367e-01
4.947417371732262259e-01
5.010962255070987581e-01
4.677985389834670160e-01
4.978066042292522697e-01
4.345964286717724501e-01
4.839698844382198661e-01
5.795394999205368824e-01
4.576990031515105750e-01
5.258487091661475654e-01
5.165167923789230064e-01
4.973769735318526175e-01
4.755314681940891464e-01
4.853404230464843927e-01
4.748449090710186171e-01
4.621467148093272859e-01
4.577641380110576974e-01
4.735579552047814444e-01
4.422050739302665900e-01
4.660086710293405710e-01
4.959504872747135806e-01
4.722417755618936175e-01
4.204915233222548121e-01
4.795417153271389066e-01
4.739076396487736931e-01
4.991577196743124945e-01
5.125224780248901491e-01
4.964433680917637592e-01
4.818124194978721242e-01
5.291953448955538652e-01
4.780681824424947712e-01
5.189037341275568593e-01
4.398401712817461284e-01
5.180083509053972080e-01
5.113808349099077111e-01
5.333565380264534417e-01
5.296352230766054880e-01
4.698147976939922033e-01
4.779542595127503901e-01
4.716473085664265041e-01
5.301904077534220772e-01
4.934150684282649912e-01
4.712905895712231619e-01
4.920395634694038622e-01
5.228113029655299115e-01
4.852173662548581734e-01
4.732586109102022154e-01
4.467670351785147931e-01
4.863606825999348127e-01
5.147689041121230602e-01
5.090944451875770715e-01
4.879477948408978416e-01
5.164641691066972351e-01
4.551251984784310811e-01
4.818752767966635320e-01
5.170135293248742103e-01
4.705553743320531335e-01
4.923124096518913806e-01
4.365181350132927296e-01
5.139217225637481290e-01
5.161071282788258774e-01
4.912508648913574971e-01
4.830098152255961064e-01
4.991320825004835759e-01
5.299477677989999913e-01
4.822641656595830773e-01
5.460334726843972808e-01
5.320824357705756791e-01
5.051110242863033895e-01
4.795269401851059987e-01
5.315710741076395962e-01
5.138819201179118945e-01
4.929217829208666357e-01
5.011619576273464993e-01
5.015749050748496973e-01
4.944568345669057008e-01
5.181717280460863551e-01
5.338791857757225756e-01
5.244167631290956866e-01
5.555852534941521093e-01
5.009430644531708277e-01
5.275765363171184275e-01
4.752864661017863757e-01
4.675244519278430877e-01
4.860614391266910861e-01
4.502449915441240624e-01
4.996092199425630764e-01
4.802276535988783679e-01
4.754981229191735936e-01
4.978855248929003885e-01
5.027766702420525258e-01
5.553346723325199852e-01
4.728355017635476609e-01
4.858822480913890240e-01
5.088967671319973851e-01
5.101664790130646665e-01
5.310854074545970915e-01
5.138458270675755335e-01
5.208469926730883159e-01
5.005792489693995373e-01
4.565696867552122007e-01
4.899365859418322033e-01
5.032702933181353311e-01
4.938583843493177250e-01
4.925672436617949401e-01
4.567614339244865374e-01
4.667498369565316052e-01
4.443134896710185244e-01
4.299829797200806492e-01
4.382712341029146863e-01
4.844997070507183756e-01
4.147694409703393537e-01
4.786184258210395281e-01
4.999528986434377265e-01
4.250519137565745287e-01
4.231322222648357112e-01
4.625903873423019563e-01
4.735757086107046376e-01
4.612561382235916829e-01
4.628333524211098449e-01
4.982008703600979693e-01
4.884365659449323993e-01
4.909186344749951747e-01
4.934179175668936823e-01
4.966452122422407300e-01
4.833850869023660346e-01
5.185031868425327151e-01
5.096162783794033757e-01
4.895819358927562259e-01
5.467322900489464121e-01
5.383223480520717974e-01
4.953127269498686092e-01
4.715978288283257380e-01
4.729433900052532613e-01
5.459736861840930322e-01
5.181873298823751472e-01
5.276820640460376799e-01
4.852468552531918333e-01
4.933262112326493032e-01
5.192653959048965095e-01
5.015271973730336397e-01
5.065278021539542097e-01
4.850700040241225364e-01
4.998808525354331844e-01
4.750031008309347214e-01
5.200190892516142194e-01
5.293801022511098742e-01
4.600282744448831451e-01
4.856896184784806891e-01
4.786584118546766131e-01
4.475525051425717771e-01
4.973448697052008094e-01
4.586245711230271249e-01
4.789353976406046653e-01
4.722563709924004205e-01
4.974581981126127705e-01
4.730219904703798495e-01
4.602142080955902159e-01
4.729261311265163803e-01
4.815196830567770037e-01
4.876864011999694215e-01
4.628384793321948520e-01
5.658989570917463130e-01
4.810190224238719559e-01
5.402826835438319097e-01
5.045354158319533822e-01
5.188543495840104436e-01
5.296170163818387788e-01
4.674461176768930359e-01
4.882247929343539461e-01
4.102827252017185455e-01
4.795921269024288058e-01
4.542764105552706821e-01
4.774821681102190407e-01
4.731115268353524583e-01
4.821451338633567230e-01
4.721895516087294964e-01
4.767350494470670164e-01
4.897117391993278668e-01
4.379793114794880426e-01
4.585668059726692447e-01
5.389395643537024938e-01
4.859589065880339787e-01
4.826186111495030517e-01
4.539341838058184031e-01
4.805382738999451897e-01
4.809482198909723061e-01
4.888813751552009146e-01
5.017238290547818558e-01
5.249588987735563927e-01
4.875705927754346303e-01
5.046979997021013853e-01
5.113434599884246756e-01
5.169207369665816953e-01
4.804491225347367056e-01
5.161059409928038244e-01
5.113124171710751176e-01
4.722116039426251799e-01
5.094576466458390351e-01
4.856860441351490421e-01
4.954799811689667988e-01
5.235669812450589600e-01
5.627977588536061671e-01
5.126200104636843280e-01
5.228507530475282605e-01
5.498954162003656387e-01
5.245983593397028910e-01
5.117644418320362876e-01
4.789923252351754313e-01
4.545303258386843570e-01
5.040470559012690810e-01
4.674491583294727026e-01
5.198381519011144869e-01
5.031029237228986650e-01
5.076242665734390647e-01
4.684962001958773992e-01
4.657444350157348700e-01
4.618637128564033190e-01
5.099908273314905927e-01
5.006698197275402107e-01
5.037089952440721996e-01
5.297331749317154559e-01
5.035255111816488993e-01
5.291234402858424613e-01
5.273847774750409778e-01
4.755766685535965377e-01
4.926721292510461980e-01
5.070528551284367857e-01
4.905158462049370449e-01
5.048489712133464868e-01
4.312402736057505126e-01
5.248329585640750805e-01
4.688681758176092007e-01
4.875407486169224813e-01
4.350392380108251134e-01
4.900975441945867872e-01
4.633246758164807910e-01
5.020924120251742950e-01
4.722035986873246993e-01
4.632275676894468397e-01
5.001470169709839597e-01
4.379357942139568971e-01
4.251971557182910311e-01
4.908010118909005293e-01
4.604625972405937961e-01
4.455301068591230873e-01
4.001383203623434248e-01
4.191968976648812739e-01
4.448236680322640302e-01
4.788580688138239783e-01
4.466201606196468776e-01
4.795701190175756246e-01
4.535282671074212235e-01
4.543370432450041241e-01
4.815848774960775347e-01
4.349632313320376253e-01
4.695738078628204359e-01
5.364846253021491318e-01
4.984692476113317672e-01
4.841703148641486321e-01
4.910670563673728561e-01
4.965343667308867448e-01
4.882719127664031378e-01
5.047837087240742981e-01
4.737739032924456195e-01
5.153981649404490994e-01
5.157287916039120512e-01
5.404811283630278629e-01
5.035470579452724360e-01
4.694930989091194440e-01
4.671916031768514332e-01
4.852013940713424955e-01
5.381325980056133051e-01
4.695195492757160971e-01
4.699493315890471701e-01
4.885188021815864978e-01
5.337222207817834407e-01
5.063674241093675255e-01
5.070657151748931835e-01
5.008451845409074288e-01
4.721249133325137737e-01
5.133629774501853316e-01
5.127858355917775945e-01
4.883444037234893620e-01
4.843576770414714239e-01
4.977409909280787748e-01
5.615429184642242166e-01
5.176077206140814457e-01
4.848147823279442825e-01
4.823736302190724801e-01
4.914926713829017024e-01
4.999806955558770416e-01
5.255881097755558118e-01
4.988036878757191595e-01
4.959040098538135544e-01
5.134424939217897554e-01
4.954871982902904204e-01
4.845936751873018977e-01
4.517149154854104842e-01
4.897590641734370642e-01
4.900542323090374963e-01
5.228037030130839868e-01
4.560574938982715487e-01
5.280323826005786092e-01
4.978724462655989003e-01
4.298789846678989779e-01
4.272925628268411380e-01
4.925887623426273842e-01
4.275184396791718577e-01
5.407976950255809490e-01
4.755713955065952736e-01
4.814712095079565768e-01
4.861036533189448949e-01
5.187842773680773067e-01
4.720100227820988592e-01
5.115578397150247758e-01
5.285672342141047864e-01
5.131311817173705991e-01
5.319981701358619253e-01
5.520264554825390357e-01
5.483990557477210759e-01
4.734356816645161059e-01
4.633502410781680236e-01
4.792493063592734304e-01
5.176874993342461817e-01
4.793895048457749164e-01
4.546765931278354267e-01
5.089988285774124099e-01
4.628016432177598505e-01
4.542084528148644385e-01
4.529230939437223769e-01
4.682238240732116696e-01
5.104215936707097168e-01
4.653174757492430924e-01
4.992374363334906584e-01
5.186416663230440927e-01
5.076436963609544106e-01
4.751753001234872986e-01
4.783234316468791270e-01
4.388568108534864343e-01
3.955099576197718125e-01
4.628468780820810258e-01
4.823952308334401584e-01
4.821044882755159966e-01
4.082842685220170464e-01
4.692657177894134501e-01
4.844022745288528720e-01
4.980479336628961251e-01
5.223747309137080075e-01
4.759394278259816979e-01
5.121451887454407936e-01
4.978775779549984293e-01
4.649971125238345770e-01
4.772401526458355803e-01
5.048675869286310958e-01
5.165056283078014454e-01
5.058030663105350655e-01
5.193369516009621600e-01
5.265170868642141677e-01
4.691224848935819924e-01
5.782961409264089081e-01
5.187877511058286428e-01
5.222459048571427287e-01
5.167263485483547525e-01
5.262534114704676691e-01
4.995160741705402807e-01
4.917031107911066234e-01
5.115308808475494962e-01
5.155673286736794925e-01
5.234980755337890201e-01
4.732711260252141505e-01
5.053098003945449834e-01
5.265837188492951126e-01
5.236000048320270661e-01
5.070721805536223536e-01
5.380865712967471959e-01
5.064475176855669503e-01
5.108391468072812636e-01
5.190934425620383763e-01
5.347420073369872906e-01
4.852787744984531360e-01
5.301814961424752282e-01
5.115279093038925806e-01
5.356747564025348129e-01
4.693849507021757850e-01
4.448622881070883328e-01
5.357564379436228208e-01
5.071066248986948466e-01
4.584863601097272090e-01
4.672999880359365865e-01
5.088331601964529716e-01
4.843361408108136645e-01
4.445888233974492065e-01
5.182011113058262453e-01
4.801342284056537846e-01
5.506162212064141803e-01
5.465734996360285258e-01
4.805772483285885022e-01
4.830671000590358033e-01
5.116296883797805117e-01
4.469879347355680821e-01
5.206610075301356666e-01
5.119164124116659664e-01
5.040865197515161933e-01
4.967054070377354136e-01
5.141692025680734135e-01
4.730420331659440647e-01
5.323113524675179287e-01
5.090238999181991852e-01
4.722194210989730245e-01
5.237846698748289676e-01
5.284718995589290369e-01
4.974716667071454324e-01
4.728658613031564428e-01
4.910191043820802403e-01
4.990830452099224157e-01
5.058657427521723315e-01
4.572781909167160652e-01
5.044361365759368887e-01
5.104079758455529747e-01
5.405674484975271366e-01
5.165270720117165482e-01
4.927624899635734135e-01
4.505915136875106031e-01
4.355046202482313888e-01
4.817893427954904051e-01
4.979046900609298554e-01
4.815368406335118201e-01
4.372658687148715528e-01
4.573731915062816400e-01
4.720956026698866492e-01
4.771130618819064417e-01
4.718793058742766222e-01
4.900129688023102670e-01
4.806168616980762143e-01
4.925955399264042023e-01
4.847683527585510133e-01
4.672080106072267203e-01
5.127550366203126320e-01
4.841437295761539805e-01
4.681006519919171938e-01
4.440583820728999931e-01
4.670640269735028549e-01
5.021305237829700729e-01
5.043112790514687749e-01
4.846036366826426134e-01
4.802373643544805559e-01
5.131775023131891489e-01
4.825456583045579229e-01
4.853175821819541436e-01
5.023498907026682225e-01
4.802172185925800418e-01
4.474667552546937044e-01
5.032220236791219437e-01
4.968818850168481571e-01
4.888977824165228747e-01
4.905309082388547570e-01
4.820123899168801684e-01
5.160761031173779489e-01
5.149742735063352894e-01
5.397590454168983420e-01
5.481716498232784840e-01
5.265681005949507387e-01
5.068966577846814037e-01
5.269946964853435833e-01
5.231235154927936781e-01
5.343023840144450753e-01
5.324696312856399549e-01
5.278017251448616776e-01
5.292212605328749930e-01
5.022812195664686508e-01
5.181985298162368192e-01
5.358652859664285728e-01
4.674490317081301249e-01
5.121860295557226772e-01
4.844991092536268251e-01
5.207756672633386819e-01
5.036862282144838332e-01
5.047563823744903866e-01
4.712847854444848772e-01
5.226520476111019553e-01
5.153365445557445135e-01
4.793407486329417933e-01
4.950509438113545602e-01
5.430350122509550737e-01
4.816242642288991460e-01
5.167337517974479599e-01
4.739656915066259857e-01
5.066046177497144365e-01
4.330771189880223693e-01
4.842091295054370415e-01
4.996168848435195708e-01
4.851338616305793106e-01
5.123873262751899027e-01
4.969546134955122318e-01
5.089691502732480721e-01
4.499786255759519182e-01
4.793116939249041364e-01
4.749330055780815463e-01
4.396526599057345441e-01
5.257690974408433249e-01
4.360408632175933885e-01
4.361848829386312798e-01
4.587194335882319174e-01
4.870878759102668654e-01
4.628466105400816932e-01
5.075009995465292745e-01
4.783110151111831798e-01
4.886418004151908967e-01
5.211868624763995594e-01
4.725544361805540938e-01
5.076873548164821948e-01
5.419342439516608989e-01
5.054227166860377762e-01
5.051101898967566006e-01
5.050951644829129172e-01
4.912095671252112439e-01
5.155785719674351730e-01
5.009073660864991062e-01
5.143620235469259505e-01
5.102174883132996053e-01
5.219110443744278127e-01
4.977469538983507191e-01
5.088800629372262074e-01
4.929900212755885525e-01
4.684911455866443419e-01
5.033348127877262934e-01
4.475435419966719008e-01
4.535010670883173889e-01
5.094427962402143795e-01
4.856901624499946890e-01
5.154676738267103264e-01
5.060030668331121362e-01
5.270533295205461766e-01
5.065469721027017203e-01
4.689297417608230267e-01
4.866718608717937045e-01
5.458461920965301806e-01
4.968870033923482032e-01
4.583032949081590202e-01
5.313137912066859814e-01
4.838724787401494920e-01
4.629250790557209450e-01
4.907996461239417796e-01
4.982101991116267281e-01
5.352680139841450302e-01
5.005484381042923925e-01
4.689088019252676820e-01
4.768211239873503260e-01
4.684256708845086492e-01
5.135886617323909276e-01
4.882152127629696969e-01
4.371214666761882306e-01
4.670059649730159412e-01
5.059968714336195994e-01
4.834307944279438995e-01
5.045471569382526944e-01
4.975345689040058805e-01
4.756975869290641645e-01
5.005727008801121869e-01
4.948229350260639481e-01
5.144813287221370324e-01
4.967852758775860300e-01
4.580889020570031445e-01
4.433701673648148822e-01
5.194010721113272444e-01
5.033162417578781467e-01
4.613533867894789586e-01
4.764197814430441991e-01
4.575292668983797495e-01
4.421249826736135535e-01
4.828636199268555029e-01
4.953904364612454758e-01
4.805036016495547457e-01
5.387030231658312962e-01
5.064438128554656915e-01
5.391787241434873312e-01
5.079596114089691694e-01
4.790235375875810941e-01
4.925091814920911082e-01
4.916061594701324755e-01
4.730429449460640812e-01
5.078338160990731875e-01
5.370605864361691628e-01
4.802335645789277963e-01
5.010142663875717384e-01
5.127455788261882086e-01
4.901441351907913635e-01
5.112889740877822886e-01
4.915998848452030612e-01
4.998415659941136679e-01
4.790086010779338044e-01
4.504223138342557387e-01
4.873715059365236191e-01
4.850771226120269008e-01
4.957143242223641666e-01
5.011954900231644361e-01
4.782446649351673740e-01
5.318925706338051285e-01
4.833323597209708833e-01
5.480014922768113861e-01
5.255433279470127506e-01
5.198607404350529260e-01
5.257828150179436610e-01
5.102755362785892368e-01
4.667216377454255216e-01
5.025305543917557571e-01
5.239322397709711421e-01
5.427776617558239813e-01
4.965332971077885404e-01
4.651688264121289773e-01
4.751656481338187854e-01
4.921195303254369824e-01
5.007773447190861926e-01
4.582141489184048955e-01
5.022907344673053220e-01
4.761657440427891075e-01
4.945109145378495108e-01
4.816321373148596541e-01
5.276030371922236784e-01
5.366753448330907617e-01
4.976836072911313136e-01
5.090047594211934978e-01
5.397760652570030571e-01
5.293546609448817053e-01
4.948216720058715157e-01
5.061325718527960316e-01
5.553912684378901066e-01
4.666201273173557484e-01
4.717238126093362682e-01
4.821290987150669283e-01
4.958204878051559739e-01
5.279600105491224493e-01
5.091033813705915234e-01
5.093731029177144265e-01
5.335749699790320877e-01
4.892116596662539618e-01
4.836438784232212629e-01
4.509979400899808977e-01
4.645729124351780093e-01
4.791613970172003967e-01
4.823686942022198942e-01
4.881132480707390808e-01
5.217041221074352197e-01
5.308235096551762178e-01
4.690183671753596073e-01
4.982372233564377750e-01
4.956520811181853170e-01
4.946316555836355877e-01
4.978878273322219772e-01
4.991361774097786697e-01
5.026976491956927084e-01
5.120870519588246461e-01
5.272818792699704993e-01
4.809912418560754466e-01
5.385556483026605612e-01
4.961165617997800870e-01
4.600832677995591591e-01
4.944314868141704844e-01
5.107466570387835247e-01
4.907606625488219465e-01
4.851217449874017928e-01
4.909572766638315433e-01
4.729164701684626104e-01
4.993253314560576195e-01
5.238254129193432584e-01
5.098979746960323745e-01
4.968082728011525284e-01
5.326788978986081169e-01
5.168345886654505117e-01
5.178943200512320377e-01
5.542970989619578903e-01
5.055409043008453063e-01
5.200804184751394166e-01
4.991991340428642010e-01
5.228744695398495068e-01
4.975490008565014999e-01
4.990427244618209079e-01
4.624336758917841350e-01
4.923437633971759486e-01
5.435104067675179396e-01
5.275032398352019758e-01
5.256628176703909139e-01
5.264214591522156095e-01
5.078432743243534997e-01
4.882757273341338244e-01
4.741063047046618073e-01
4.966527160280851394e-01
4.960830154084011623e-01
4.573264210273840780e-01
4.690807971883922400e-01
4.529268763526862474e-01
4.614105473376482469e-01
4.994064112426532254e-01
4.620722033136152040e-01
4.402877453555834042e-01
5.086850121484373100e-01
4.773529000292628943e-01
5.287369822012480958e-01
4.656624677757664199e-01
4.246573643185821423e-01
4.120844133235002094e-01
4.850571848428466559e-01
5.273758368639752669e-01
5.077302890237072042e-01
4.969023419103912875e-01
4.618232272597391219e-01
4.661216440035703679e-01
4.636495699704025752e-01
4.736153182546062879e-01
5.294405827214508919e-01
4.961059893368213181e-01
4.312506438887631632e-01
4.708042741761138128e-01
4.786420817975483577e-01
4.509190345272927614e-01
4.425283666421820916e-01
4.578610156742811688e-01
5.024795037930347430e-01
5.182968843915065627e-01
4.900230652569467771e-01
5.252114521810884451e-01
4.605649645018077276e-01
4.621547736913094728e-01
4.656244410325410255e-01
4.697427152174762366e-01
4.774286226245841314e-01
3.937008333948469607e-01
4.667631592719449496e-01
4.864067504946909537e-01
5.089187566771855575e-01
5.085546444155144563e-01
5.081628597083628351e-01
5.327047991969897645e-01
5.020172086056534644e-01
5.108219358742792648e-01
5.022515221773442562e-01
5.401780890299069382e-01
4.887004216809443524e-01
4.586882975022670839e-01
5.077828145328746601e-01
5.104611139224207728e-01
4.846303881402825864e-01
5.308283808304471441e-01
5.028094331316816934e-01
4.728391248777741307e-01
4.472689367769052682e-01
4.918207795443776398e-01
5.098343299464362932e-01
5.079063896219156993e-01
5.143671695318416948e-01
4.815828303929722831e-01
5.358874496674411736e-01
5.041763786052564367e-01
5.122091633074492556e-01
4.949992613695021748e-01
5.110656912751805336e-01
4.911322361492323485e-01
4.779561952425313565e-01
4.962523152035235308e-01
5.317669242066958013e-01
5.717090756346931979e-01
4.926203642466293608e-01
5.127731861614704956e-01
5.126235047060506700e-01
4.696412537218491168e-01
4.432964889500162209e-01
4.957826144117409850e-01
4.700744439837011290e-01
4.807454470869487184e-01
5.150923743916642206e-01
5.097348332950439875e-01
4.884919240523442063e-01
4.778231527555413805e-01
4.826298755942852181e-01
5.308391354947766816e-01
4.591466967386028664e-01
5.095878517479612846e-01
5.212549585520193096e-01
5.146601374535358930e-01
5.277937584489232892e-01
5.098022944161723080e-01
5.178323747972922719e-01
4.915843183439547182e-01
4.442647753949710010e-01
5.020758854778942792e-01
5.310973449199954954e-01
5.183716593421049401e-01
4.830458278045945963e-01
4.917297924282058585e-01
4.522806830112513499e-01
4.555017139998272513e-01
5.026410601755786356e-01
4.559827833292389720e-01
4.175872624304096670e-01
4.199406630131327089e-01
4.660798946032760348e-01
4.692680176674418613e-01
4.934884308831497535e-01
4.817973427779718709e-01
4.993698645353682464e-01
4.865647579338440165e-01
5.418759164031512476e-01
4.585648540154756425e-01
4.763502171473291691e-01
5.019810373710061890e-01
5.162039833665741373e-01
5.148949064787912144e-01
5.361283795365388016e-01
5.194003036148020502e-01
5.100357355118839697e-01
5.089618945584090115e-01
5.140986361372340552e-01
4.986450515491400726e-01
5.405789925250358285e-01
5.598177970744125931e-01
5.122943393174164139e-01
4.995239873533443564e-01
5.036335457412972616e-01
5.262714456211322611e-01
5.356958479339897217e-01
5.263709458060285007e-01
5.245597929299732343e-01
5.374967997311905776e-01
5.358209917352619867e-01
5.088521385778040917e-01
4.757393546903405102e-01
5.266223897331703263e-01
5.043004794135672597e-01
5.011797552049604976e-01
5.083561123309436880e-01
4.698523803251410946e-01
5.085867476048174796e-01
5.167124159836250508e-01
5.406016320703174172e-01
5.387405031903002017e-01
5.191445585298096743e-01
5.011430880401486210e-01
5.073771277406698976e-01
4.893338070785102634e-01
5.158758001860125342e-01
5.559514092552083619e-01
5.070489309168049186e-01
5.017439370560996537e-01
5.047349694247423857e-01
4.677284320542133833e-01
4.948374213679281874e-01
5.027111999979413381e-01
5.168875734989114568e-01
4.852391087468828634e-01
4.370103131458091261e-01
4.787926208003598916e-01
5.602019001093874184e-01
5.372757236905680855e-01
4.906080903640223645e-01
5.111191207053906727e-01
5.229377454082287935e-01
5.267215080385473369e-01
5.167212823947304745e-01
5.156158370458485685e-01
5.314478229480265048e-01
4.878525305811755031e-01
5.352608247580957768e-01
4.735744769122179343e-01
4.657207520652597577e-01
5.087971826346643356e-01
5.001887058743752501e-01
4.767944456436413181e-01
4.460136512806057718e-01
5.014400359793064199e-01
5.102913532717702205e-01
5.138295705973912053e-01
4.994169986478474987e-01
4.912860066064151376e-01
4.880034495234597536e-01
5.216692214828965168e-01
5.209978805602010210e-01
4.654711623566172296e-01
5.367940502267712910e-01
4.870140166711001695e-01
5.578446901686400228e-01
5.376754559238301479e-01
4.970480276308519296e-01
5.449611988518359151e-01
5.011903444543253094e-01
4.716435207036719368e-01
4.924785253230283266e-01
5.000632156570050668e-01
5.123359183857246757e-01
4.874906504794545570e-01
5.022091362569457429e-01
5.335047438989056756e-01
4.625737793525822594e-01
4.656365643330459547e-01
4.799744025995457131e-01
5.160823425583533908e-01
4.513289099709197894e-01
5.339093487384811709e-01
5.121825556461370166e-01
5.041993718544003356e-01
4.679494028522698246e-01
5.287898710189995466e-01
4.185599726552625688e-01
4.252040768046213559e-01
5.098007714302121851e-01
4.641377228126509769e-01
5.070025554657734412e-01
5.083789144393672244e-01
5.168262552118669806e-01
5.335660269751756335e-01
5.024973519953097600e-01
5.047134472190228927e-01
4.926451407543809280e-01
5.291812690603980851e-01
4.791428163492567616e-01
5.353110841051071933e-01
4.659438874860494795e-01
4.773360689224029341e-01
5.225538066977368779e-01
4.938327668834534001e-01
5.059880470509093842e-01
5.380791602024194153e-01
4.634405210788433149e-01
4.709588130906594006e-01
4.840018868802138385e-01
4.626030996314077215e-01
4.781759233216531513e-01
4.963506338310340049e-01
4.577551152872749163e-01
4.653749203757192032e-01
4.501638890261151493e-01
5.137430221890791904e-01
4.788851325011459492e-01
4.453913416094474331e-01
4.944777763603595000e-01
4.996579229679944389e-01
5.022901411483613465e-01
4.598995396517156498e-01
5.140901667194812674e-01
4.697481569038393645e-01
4.910391846997114174e-01
4.722779515550742935e-01
5.077330420464226668e-01
5.123180872810426667e-01
5.203678510700313620e-01
5.332418104442582241e-01
5.747342081091169064e-01
5.719370107075315568e-01
5.225860973525578990e-01
5.276876097495974971e-01
5.100149303797497646e-01
5.058839372969853310e-01
5.079737150435901238e-01
5.599843147834056012e-01
4.765481130672405419e-01
4.902359690641502343e-01
4.808880668112507362e-01
5.258350171093283398e-01
5.480719130983863208e-01
5.241998939744119124e-01
5.694325067051934086e-01
5.496794576466699223e-01
4.985977046968479431e-01
5.089366821337697466e-01
5.321767389669621595e-01
5.436002650298265015e-01
4.646581709027826634e-01
5.076991568129370913e-01
5.083944952496469716e-01
4.930783383334789716e-01
5.160364584798081689e-01
4.779294727583479063e-01
5.488775145537697631e-01
5.296754112047177276e-01
5.273246760642109621e-01
4.909679473523709814e-01
5.066750466026873623e-01
5.067267678879339154e-01
4.873099000356160282e-01
5.204282390318379914e-01
5.139299914096669974e-01
4.744883285991000621e-01
4.871803345974642374e-01
4.971290941588338286e-01
4.846193672667595820e-01
4.745258440516608722e-01
4.709848084088769649e-01
4.686395752576343332e-01
4.973967876496037666e-01
4.816832810756123684e-01
4.787575063692076083e-01
4.647651414274311388e-01
4.789341146086374401e-01
4.413793565904511329e-01
4.608212648283200319e-01
4.879304553529550392e-01
4.760409756023277761e-01
4.989300866310015792e-01
5.165138278056595755e-01
4.775550688902688856e-01
4.900157057004565497e-01
4.559616596888381168e-01
4.743117787151206466e-01
5.026409707086707535e-01
5.031600018489551518e-01
5.192718839608320147e-01
5.038720159944889421e-01
4.540876540294159214e-01
5.205676197902850966e-01
4.484239307610155545e-01
4.907107020798972541e-01
4.389931939614529210e-01
4.849774427266127508e-01
4.757210990977865372e-01
4.716274574838369427e-01
5.024763032207152369e-01
4.891472625151064291e-01
4.694707276452459443e-01
4.870102181943351538e-01
4.760203656086474111e-01
5.261919994444882454e-01
5.189975483672600864e-01
4.778698005968512463e-01
5.437206225380747382e-01
4.688092983130541236e-01
4.468770908690475885e-01
5.148818256279288352e-01
4.855776839167016967e-01
5.217667550930512599e-01
5.361386101633045520e-01
5.149282041143308231e-01
4.407681379896570828e-01
4.614288986798645298e-01
5.095270664707552966e-01
5.251528002017240571e-01
4.911504581444019468e-01
4.840442976616182169e-01
5.385962917628468460e-01
5.002605976499003848e-01
5.125928740495419023e-01
5.099580930773865983e-01
4.515976253466620349e-01
4.932806436063100208e-01
5.468991883324639813e-01
4.952262431015886368e-01
4.890395569289247568e-01
4.646916031432828387e-01
4.886762191550055312e-01
4.779776148545946124e-01
5.051763934344704055e-01
4.619632233402011234e-01
4.809224015886582326e-01
4.720986643684877415e-01
5.047551979018123358e-01
5.157679206233176661e-01
5.139033552583129882e-01
5.105295891834180644e-01
5.040439480805863903e-01
5.112381512729045063e-01
5.084030141592797980e-01
5.583460031322824424e-01
5.008514136440624931e-01
4.966022711638025666e-01
5.165197006894574061e-01
5.013331475172835283e-01
5.385470383943027350e-01
5.795420292647861515e-01
5.375256959810477131e-01
5.047793177110407870e-01
5.342222429942043993e-01
5.059864211548823487e-01
4.746054063130055733e-01
4.648085331662217268e-01
4.880552365717663044e-01
4.876524884020986828e-01
4.634751706686930373e-01
4.294573420367776007e-01
4.470442557643606873e-01
4.694788266437721069e-01
5.246198329756875944e-01
5.065746092143966761e-01
5.035658499285939893e-01
4.926415036241159617e-01
5.494305106946412165e-01
5.411770951655370254e-01
4.994145565608196224e-01
5.168684245456816040e-01
5.039657942275269642e-01
5.100570483798196886e-01
4.874849092775305204e-01
4.707989655899920689e-01
4.599271610398704691e-01
4.876568469279315421e-01
4.876866258232906981e-01
4.701835184981313920e-01
4.530250037411179820e-01
5.149443861718290272e-01
4.977875740030691665e-01
5.173939979464401429e-01
5.325054078993389783e-01
4.653415183627951923e-01
5.174896809250151275e-01
4.805360284644829005e-01
4.619244866473371514e-01
4.786776055483691894e-01
5.195179857906008225e-01
5.225097630454884623e-01
5.038309685264908966e-01
5.174148274759354793e-01
4.356499903175261590e-01
4.776494128684906082e-01
4.947008122977101241e-01
5.107141846226543880e-01
4.858886856662577580e-01
4.711822948916546405e-01
5.004077988212302097e-01
4.607661068370524360e-01
4.615062319403366309e-01
4.758648441227526504e-01
5.178091427522391044e-01
4.681583903298073279e-01
5.129596399690679043e-01
5.078552651083511060e-01
5.155230085963808939e-01
5.216085055845527396e-01
5.115004668615977801e-01
4.732808114129544164e-01
4.548267377752315821e-01
5.193211495278986511e-01
4.618925729672759828e-01
5.348938992127070247e-01
4.327698414073332667e-01
5.079416933102121057e-01
4.662170479048241001e-01
4.750370941805991953e-01
4.909436881636709549e-01
4.721375582179895836e-01
4.600339427022230865e-01
4.653781367201622055e-01
4.904683945040576587e-01
4.486567234357902723e-01
5.164979983594857327e-01
5.138883156007040265e-01
4.805991082296930395e-01
4.907896099525148048e-01
4.491316211733468733e-01
4.413576296444399194e-01
4.828852035897092665e-01
4.803543683250027785e-01
4.535482221292166383e-01
5.199833630705414933e-01
5.156472053185163773e-01
4.712558567384554919e-01
4.515619162952832499e-01
5.185806187189568872e-01
4.648130073222402903e-01
4.821173592321313928e-01
4.634894351370184573e-01
4.838179719966061998e-01
4.638505226045332441e-01
4.525684048129015036e-01
4.434969747198157508e-01
4.745272631004034403e-01
4.532661870839571061e-01
4.931467381389058602e-01
4.944037747259947269e-01
4.742596957240764466e-01
5.240812787318323007e-01
4.792994347103125552e-01
4.801801833700845012e-01
4.990412628987075938e-01
5.196840175703343334e-01
4.922806131324880541e-01
4.925855273571626003e-01
5.196400411809261044e-01
5.070380619728049876e-01
5.177760475572248389e-01
5.006798552154193560e-01
4.787570747153627182e-01
4.766190455927892811e-01
4.390197137548175199e-01
4.577534025038792476e-01
4.709996120220819038e-01
5.114995146158579642e-01
4.577813699868054642e-01
5.177305973781071158e-01
5.224553593094354298e-01
4.750253991886586036e-01
5.126194639718684165e-01
4.957094286615197354e-01
4.704329028140767366e-01
5.029605871167512898e-01
5.062270507306306788e-01
5.438330167372804613e-01
5.139271586010311088e-01
5.199422416501702227e-01
4.947197082687290748e-01
4.967597672706630108e-01
5.371628290505315872e-01
4.572534463460625198e-01
5.049725558713461515e-01
5.157798196902423360e-01
5.228636227039044071e-01
5.611748496649645590e-01
5.106735338862513629e-01
4.888932305431814562e-01
4.817558809431680689e-01
4.350983371894018847e-01
5.051476192250418107e-01
4.353107541723531537e-01
4.739838288663924537e-01
4.609463078139446890e-01
4.873149601939431586e-01
4.664911312988252456e-01
4.867461280040447091e-01
4.730117329144752358e-01
4.431854070674984269e-01
4.862239852345214275e-01
5.380725160527084494e-01
4.366099643915569706e-01
4.995512439841576779e-01
5.344293980621813711e-01
5.221932653950572822e-01
5.581794443178826892e-01
4.786417968014574642e-01
4.982461377072087694e-01
5.042415525819077260e-01
4.816480068841462736e-01
4.566268948723213317e-01
4.799751415500664309e-01
5.306359407602406764e-01
5.153483643919181123e-01
4.940841589469506245e-01
4.625618783172948389e-01
4.976344000358300934e-01
5.047298843114413902e-01
5.163162043996049055e-01
4.746193698337028977e-01
4.926745968711144785e-01
4.709543660835276979e-01
4.726173452408195530e-01
4.764170663308624487e-01
5.231030278609348771e-01
5.348627440047349912e-01
5.071800310531339173e-01
5.004744286272188036e-01
4.718501234191170846e-01
4.608532625634750857e-01
5.239027345877245168e-01
5.242126220218912280e-01
4.553298602362137459e-01
5.127777930791355132e-01
4.487820758315938519e-01
5.162998994453363855e-01
4.889277090939665449e-01
4.957552951325655544e-01
4.955077027272962176e-01
4.509815682566194472e-01
5.000751349795299339e-01
5.043432577841542308e-01
5.428411397381430747e-01
4.950344874137740381e-01
4.863199025589262092e-01
5.170566757842766092e-01
4.865050195990449078e-01
5.110048734171733775e-01
5.267704255309009209e-01
4.775804849711987043e-01
4.901133168028896092e-01
5.239312896494904281e-01
5.276064838250604794e-01
4.784411341984962096e-01
4.806872645824906143e-01
5.328087112364426892e-01
5.174240359224439034e-01
5.112876097771730244e-01
4.944944213097668406e-01
5.113689437363351242e-01
5.400621665136989824e-01
5.165668350682365295e-01
4.844311595863503017e-01
4.866260324204753629e-01
5.043298438131569306e-01
4.983495855160006149e-01
4.963057444281187558e-01
5.458391510828455306e-01
4.639124648968684927e-01
5.477401226238750587e-01
5.149780324745100168e-01
5.150644363369653034e-01
4.994306923312744617e-01
5.284065889156319695e-01
4.934721134138829735e-01
5.042598976233011454e-01
4.791689980726523967e-01
4.916145269890229152e-01
4.809035575149588349e-01
4.474235721805944199e-01
4.548646164496942812e-01
4.676418053461245949e-01
4.318793267595146812e-01
4.465350613912379418e-01
4.669745791315986216e-01
4.530349880559072506e-01
4.669248656420064147e-01
4.438882727239200632e-01
4.689193086949971501e-01
4.274233156600718564e-01
4.922234068881289892e-01
4.488246801876993874e-01
4.183542154662537316e-01
4.508677306881463953e-01
4.695075561900693417e-01
4.744968914728802667e-01
4.992316110128900419e-01
4.537160963759554466e-01
4.239698190059491001e-01
5.363564026391544060e-01
5.193770378412815303e-01
4.841022821194521097e-01
4.676984917334316982e-01
4.863452169754092780e-01
4.755357451419285342e-01
5.104764531782731707e-01
4.841423816644135902e-01
4.871673574539999163e-01
4.706514934442972975e-01
4.918563269814286154e-01
4.682875975889885245e-01
4.908660657463366772e-01
4.444596740101829369e-01
4.630209339294253934e-01
4.548037739485420450e-01
4.918612695889634789e-01
5.132646484230657391e-01
5.043932884698116847e-01
4.578812141175620520e-01
5.024907993935292527e-01
5.149346368425071763e-01
5.017890555351192106e-01
4.918676187099220165e-01
5.496748874741667068e-01
5.449920877376179806e-01
5.028813399522936711e-01
5.519435305874474951e-01
5.330662044070556549e-01
5.088130564783368559e-01
5.098970148253147983e-01
4.751434405136748529e-01
5.130666170994441222e-01
4.821684265770889155e-01
5.028604969012142600e-01
4.794905639521406804e-01
4.941794945047285337e-01
5.205345991749290580e-01
5.493633967499877979e-01
4.947765052876318403e-01
4.859008777920711397e-01
4.982987604389277903e-01
4.788243831497002168e-01
4.687129408815847165e-01
4.967662619551787562e-01
4.836991742998478228e-01
4.637715683806064026e-01
4.827270459989307372e-01
4.990257270548955626e-01
4.676074670891038343e-01
5.140619494152622870e-01
4.866292278990296261e-01
4.628393268876465627e-01
4.946956331803936124e-01
5.008677672971960648e-01
5.570227928198456802e-01
4.993109642650231939e-01
5.173077744492556862e-01
5.215035235611273912e-01
4.727236536548850565e-01
5.247894702379717335e-01
4.534792833373259557e-01
5.306370635490519350e-01
5.241271026426519430e-01
5.105052410301251786e-01
5.195468988604006189e-01
5.222171489661210364e-01
4.616751649382018208e-01
5.108590285287685218e-01
4.476607000479959630e-01
4.529512577616676139e-01
4.954919722069957566e-01
4.736892675081977866e-01
4.951447775703477494e-01
4.919952099255351929e-01
4.963216005275996601e-01
5.186419098483773249e-01
4.619435401665645813e-01
4.895924326197220733e-01
5.119776234509653134e-01
5.057820652651586757e-01
5.135833571788431806e-01
5.255503889879857837e-01
4.946420400529364936e-01
5.239159036275850001e-01
5.254823522234166600e-01
5.499272723836962085e-01
5.128860435271290763e-01
4.923731270892979794e-01
4.426931934558705484e-01
5.070348045974543139e-01
5.148716766921492827e-01
4.664985024463643715e-01
5.017961977336058421e-01
4.998934017176409617e-01
4.825680952969549353e-01
4.973953202992067446e-01
5.228295590572457074e-01
5.011713326134371593e-01
5.151345251926876534e-01
4.676346463908368500e-01
5.113928969750543008e-01
4.672136333736339742e-01
4.852987524190924273e-01
5.358121119131551424e-01
4.340768816074708214e-01
5.043317345079165737e-01
5.062007294003577629e-01
4.887990838352962997e-01
5.015444156634792927e-01
5.100690651284571775e-01
5.152910341114631532e-01
5.238942833166913005e-01
4.746222865251128464e-01
4.645545122219700840e-01
4.976996770704451567e-01
4.863686425237687128e-01
5.124643786469040840e-01
4.988563424151379322e-01
5.212510026203631686e-01
5.370824153113967769e-01
5.324802515065317765e-01
5.146896900883287662e-01
4.653812177773105074e-01
4.949921298167360706e-01
4.961467351530637337e-01
5.446816573373418624e-01
4.962529973699033592e-01
5.257971383128127174e-01
5.110991575399702613e-01
5.082541494584204012e-01
5.252502983998963426e-01
4.970383223167308961e-01
4.628224990641633396e-01
5.303253126897711223e-01
4.981549935765490211e-01
4.854236687988976451e-01
4.787753893578869935e-01
4.827672446023426045e-01
4.891284475755116601e-01
4.925113657987787441e-01
4.524298225111529348e-01
5.169706526865990304e-01
4.877461000459636931e-01
4.720980804818628584e-01
4.173359455045393407e-01
4.610586211999507245e-01
4.708210561524606153e-01
4.785903963034927044e-01
4.707087038369027199e-01
5.379599897508763329e-01
4.853225745522134482e-01
4.797129426429934673e-01
5.206375111683009260e-01
5.096343691622178262e-01
5.052760009096621818e-01
5.065577232935397634e-01
5.637108842371714168e-01
4.605609119838524612e-01
4.915703195609884002e-01
5.231183844818535489e-01
5.026686821073884648e-01
4.722074995289735067e-01
4.709045394178580923e-01
4.448075297304411313e-01
4.373092320982954195e-01
4.279257915158572456e-01
5.517841284285958103e-01
4.603721287976350052e-01
4.975311795947395810e-01
5.110819429311365125e-01
5.120840802062200936e-01
4.905697954519356863e-01
4.898257736434902254e-01
4.777050159884325686e-01
4.879383229639104869e-01
4.783270172850504487e-01
4.519534777795573000e-01
4.975496361744328189e-01
4.911032005092761388e-01
4.616787846774610959e-01
4.855149603986813056e-01
4.946434812228167055e-01
4.952891848584639045e-01
4.804257487280986227e-01
5.076393590235642739e-01
5.269973292472908133e-01
5.410402531826971062e-01
5.391674098407549520e-01
4.987900816261909842e-01
5.289480848394967349e-01
5.260728438252031403e-01
5.392343430315666986e-01
5.319679041838412115e-01
4.877790541289029891e-01
5.378396647700767197e-01
5.274807465655637628e-01
5.167090732373824657e-01
5.298619782182080185e-01
4.906876366235402576e-01
5.046844266502952259e-01
5.142472729809151044e-01
4.665067198023303274e-01
4.865746233087179795e-01
4.798362725288551900e-01
4.792255798015879753e-01
4.387794261313366362e-01
4.697926515064363429e-01
4.632165563507932293e-01
4.656787842075188477e-01
4.567261381142736498e-01
4.211428355586778749e-01
4.342418378592146633e-01
5.146295064574920586e-01
4.995549890069838628e-01
4.995319581260193043e-01
5.015980937014414831e-01
5.086407104472158158e-01
4.735218725810482754e-01
5.543259320988033201e-01
4.824232878279189340e-01
4.735249071674579868e-01
5.147872109274939101e-01
5.002118298125192153e-01
5.109529864238153696e-01
4.711962069302669809e-01
4.681753789650203723e-01
4.826975212046129560e-01
4.592088361620247361e-01
5.371814614450646230e-01
4.636400331146842690e-01
4.988538477002550930e-01
5.223825145872500464e-01
5.527039152968563629e-01
5.374431862944186733e-01
5.139359256552625821e-01
5.485311000236142709e-01
5.403657229350988800e-01
4.860705635414783732e-01
5.375914980146606625e-01
5.138989353223960554e-01
4.935700010626692391e-01
4.704901174025173938e-01
4.135669410573021287e-01
5.231823134106940998e-01
4.772756918454075237e-01
4.565034607226435837e-01
4.887700167434327336e-01
4.969059374493015602e-01
4.894855399422552988e-01
4.960606384240859867e-01
5.155060327212059867e-01
5.268602657010285073e-01
5.073526075608529862e-01
5.123827190946821375e-01
5.416499241989779501e-01
5.261039727299008373e-01
5.167267636988941426e-01
5.618858769768921846e-01
5.292754429725639032e-01
5.622917934772515558e-01
5.411841291552782485e-01
4.640005516418482245e-01
4.983203264719029413e-01
5.291807347902190983e-01
5.717615602858580059e-01
5.132840065520299921e-01
4.955812334220566773e-01
5.434382311707820490e-01
5.111733982717991953e-01
5.090470992119815463e-01
5.090039693270680399e-01
4.955488103887146778e-01
5.116940171880391963e-01
4.675581823282592420e-01
5.017689034414462013e-01
4.983515494938215995e-01
4.688247846809182606e-01
4.993856856756379581e-01
4.875270798672659001e-01
5.061281320163114605e-01
4.658738431899517307e-01
4.520896557589770270e-01
5.050903950045929625e-01
4.767188906354140610e-01
4.505569396590136666e-01
4.598471666895836973e-01
4.591703109213702283e-01
4.722734843960829099e-01
5.237244727387148080e-01
5.157937133810720498e-01
4.501470727585313303e-01
5.094028378527185597e-01
4.764934172883903418e-01
4.546729494399998073e-01
4.564610402573718306e-01
5.101056331118152265e-01
5.095467617552258410e-01
4.829013117439360792e-01
4.519985814495535159e-01
4.903106674965740375e-01
4.483126204773784651e-01
4.949819548476973585e-01
4.555692075458838142e-01
5.123586588280041321e-01
4.820939377319306551e-01
4.654748476522796996e-01
4.995139774442413638e-01
4.952501365491266405e-01
4.727905399945161458e-01
4.853885025324771174e-01
4.673693033668893659e-01
4.613204323274672780e-01
4.606667353364279904e-01
4.894092063000877180e-01
4.997862316955085094e-01
4.492255836390596224e-01
4.165136726372323794e-01
4.814696789972928714e-01
4.457587473847355874e-01
4.592441151438239055e-01
4.277373248303490416e-01
4.538808753938944895e-01
4.399099919820567139e-01
4.852537382826614953e-01
5.284016811408428493e-01
5.026207338261285962e-01
4.664944245494846986e-01
4.719819591551981386e-01
4.649125016359182960e-01
4.589728189467831565e-01
4.865886999383654543e-01
5.023844700030312138e-01
4.526424937934896420e-01
4.834854254961081232e-01
4.984696812427895085e-01
5.218700548956807239e-01
4.851431742576119421e-01
5.159251790469486787e-01
4.840130401746869371e-01
5.105429849492982841e-01
4.782860288388455228e-01
5.216595729509541091e-01
4.690501931986217343e-01
5.138253791346795163e-01
4.811705484028174773e-01
5.103197318286578632e-01
5.120039061871013431e-01
5.068869232148640602e-01
4.515992096052074967e-01
4.671790193355165877e-01
4.302197276165979911e-01
4.675011184401160480e-01
4.605678397819135128e-01
5.049172756738240508e-01
4.656832490690925863e-01
4.695684595867202771e-01
4.804131673179952156e-01
4.715644401048554313e-01
5.315001833898674866e-01
4.792720759575538891e-01
4.960180188487816610e-01
4.311433077799124991e-01
4.601691614424917587e-01
4.655412369316662691e-01
4.886002130490908479e-01
4.816818356979358784e-01
4.979896642157987663e-01
4.663547172985193501e-01
5.186219729949775870e-01
5.160172255067636549e-01
5.073605328761848776e-01
5.167634656828180573e-01
5.836886195796709975e-01
5.142840130758412620e-01
5.099640552683962769e-01
4.957943447427954897e-01
5.053131608622526416e-01
5.079354016792217985e-01
5.201541208054769605e-01
4.927089688366048104e-01
4.632497912091406711e-01
5.049233199047787890e-01
4.812096538852503325e-01
4.726983556818392107e-01
5.147418552784678303e-01
4.952160776984212975e-01
4.652538895102341643e-01
5.052756244485800963e-01
5.038310173178104368e-01
4.729360949910390577e-01
4.443384278813157229e-01
4.445647059898066300e-01
5.154870882815660860e-01
4.946499966758702294e-01
4.947586002871628974e-01
5.047913940178341274e-01
4.736595835430212897e-01
4.984365220101899530e-01
4.975944905959615028e-01
4.817778719529434706e-01
5.165654331076852124e-01
5.041846152770693701e-01
4.884832923509236924e-01
5.042252868674362842e-01
4.529091526368466125e-01
4.974623536722047046e-01
4.683044460856256030e-01
4.857955187684561138e-01
4.698436461460911429e-01
4.332315627341010722e-01
4.450417285340884099e-01
4.700208305115522456e-01
5.005516720023868160e-01
5.153615673666107622e-01
4.595123033311176997e-01
4.663829262590185043e-01
5.350670960323291592e-01
5.287825904041270064e-01
4.873078436444625572e-01
5.459057761118274454e-01
5.212314431726864372e-01
5.594922069823691224e-01
5.196648649127928454e-01
4.815121394114419417e-01
4.242471291997250149e-01
4.900347627449750387e-01
5.104084880727055573e-01
5.173052538238600562e-01
4.720976110412737903e-01
5.541479441902614766e-01
5.181098442970105689e-01
4.980002493338042124e-01
4.950438184220268822e-01
5.087231078369536252e-01
4.205235425653285342e-01
4.796159061801809620e-01
4.575864739501473433e-01
4.718302379505778243e-01
5.029223555410369251e-01
4.520473791823775844e-01
4.922796790455989391e-01
4.473723603993458586e-01
4.843296872928606889e-01
4.618861749760732049e-01
4.483394608107315049e-01
4.727350121355369805e-01
4.761554234813958342e-01
5.141192409378069206e-01
4.501962404553504493e-01
5.459266070367649881e-01
4.787137101907883441e-01
4.802856713161965940e-01
5.023868494203105328e-01
5.073353478932755012e-01
4.715648279180745805e-01
4.784118617696579978e-01
4.816586409169333893e-01
4.971827530617669022e-01
4.854766266215316262e-01
4.744072148680394951e-01
5.303056408059745319e-01
4.974738830138128454e-01
4.759537745723441127e-01
5.092922486735811383e-01
5.328436572107286828e-01
5.141142611666444928e-01
4.896709555191718910e-01
5.187807990732548058e-01
5.041630687254671228e-01
4.758860395909584318e-01
5.116708121336164261e-01
4.859147849070206138e-01
4.885719346080362735e-01
4.696372947119981101e-01
4.649118917535404183e-01
4.843901855816634128e-01
4.242185240321358908e-01
4.138592731622610654e-01
4.464811371020120934e-01
5.188008714083790496e-01
4.571362820304832320e-01
4.766457160802520243e-01
5.000682145602027839e-01
5.234849612424843368e-01
4.919217604853839410e-01
5.259296075223142131e-01
5.009859013345097090e-01
4.960078463132708282e-01
5.059410325522046836e-01
5.095284571003138030e-01
5.509717649545392559e-01
5.411672504040420106e-01
5.140374095294188983e-01
4.853551513536001338e-01
5.509183249293916340e-01
5.561997003154840469e-01
5.171796675902129437e-01
5.626276696767152918e-01
5.344494054324000487e-01
4.978614525317731077e-01
5.100981403809696779e-01
5.105035899897922835e-01
5.132970580818906337e-01
4.688715133196244556e-01
5.121946997357640363e-01
4.946092412169426633e-01
4.841956213091099248e-01
5.195881418333090362e-01
5.320120865326933846e-01
5.289033368107020072e-01
5.122918525056925354e-01
4.898265232282043025e-01
5.150899201946714800e-01
5.373132173118242427e-01
4.734430493651797800e-01
5.272012939195005465e-01
4.414077534706364880e-01
4.541305613419693854e-01
4.655388438044291144e-01
4.533392954105158190e-01
4.986210791013453991e-01
5.283227551469397154e-01
5.243327942470771275e-01
4.847867393440395967e-01
5.072574156841050952e-01
5.049266834835984818e-01
4.956562086306940396e-01
5.391730120067795839e-01
5.258045711487431273e-01
5.216128863498983304e-01
5.051961035261333111e-01
5.110114998708323863e-01
4.566536115678355157e-01
5.109386019909891719e-01
4.775730907582719231e-01
4.656148932539163066e-01
5.101542472579004839e-01
4.921817328545628478e-01
5.228080382856264974e-01
5.350160956472042040e-01
4.831028074432231478e-01
4.866918126114078702e-01
4.898056437667567264e-01
5.062642460530729638e-01
5.161874249437872209e-01
4.764070654030519991e-01
5.155500115159151742e-01
4.940954295902566518e-01
5.140659342521907149e-01
5.306784975592762077e-01
5.004902009165882459e-01
4.793583419964998482e-01
4.435865423580641065e-01
4.467639523971229099e-01
4.853544873274300842e-01
4.464693483363946780e-01
4.459820618095241551e-01
4.943783459237908740e-01
4.791553010849484706e-01
5.165181167637905579e-01
5.105160401559631911e-01
5.292563782101362690e-01
5.062763696387695411e-01
5.266828794725548768e-01
5.166148654803013329e-01
5.668794935342046371e-01
4.795527763976820124e-01
4.730122243175214347e-01
5.015002589615165096e-01
4.737542961150613685e-01
4.696432608137994791e-01
5.253070651476468012e-01
5.231970432917545377e-01
5.184772665842624084e-01
5.166477058561078639e-01
5.262128752638011164e-01
5.295168739613947961e-01
5.233015303333472534e-01
5.182756498862196581e-01
5.219369500935702177e-01
5.135903889154529445e-01
5.231791601721094143e-01
4.367209714884618399e-01
5.233014236036472866e-01
4.771323689048220240e-01
5.333231050223926628e-01
5.182567533705502161e-01
5.334610070977250373e-01
5.025547261795609844e-01
4.907752509674329633e-01
5.185827268951123115e-01
5.167976372173872512e-01
5.184901205822790571e-01
4.945115357535624367e-01
5.272008881213503528e-01
4.642103057365047913e-01
4.981096894798233699e-01
4.951866764456120951e-01
4.972008889770958007e-01
4.975006438187735136e-01
5.338649721590460473e-01
4.727771288477200518e-01
4.863352571253788392e-01
4.247075677119312997e-01
5.315131968582375022e-01
5.174231229553312161e-01
5.071790922721998163e-01
4.822596594173853002e-01
5.080920300864086858e-01
5.042385807767266748e-01
4.621169777331586848e-01
4.573379286376288988e-01
5.276796692758526364e-01
5.310394801160969180e-01
4.795523089526565474e-01
4.982808663437054419e-01
5.047734164340405005e-01
4.819763902818990919e-01
4.754887722933067717e-01
5.179644918824374278e-01
5.287493366691849994e-01
4.672414494830696152e-01
4.942482129137164559e-01
4.976164456875571962e-01
4.243456641721563005e-01
4.672048788441063860e-01
4.752316953337946681e-01
5.008170198471467716e-01
5.211587205741382567e-01
5.091895769701370034e-01
5.094389860719020779e-01
4.986658990910219358e-01
5.431175969237310719e-01
4.624800222818950535e-01
4.799718309515444425e-01
4.787162282689021442e-01
5.014953579446626009e-01
4.838541383545933439e-01
4.856397309632448644e-01
5.066058902609780201e-01
5.055363432883432928e-01
4.843687409808512534e-01
4.808471573273839228e-01
4.671775485748485002e-01
4.417542088555723723e-01
4.660546132366605310e-01
4.944929678177136800e-01
4.594051478022904145e-01
4.476287262777323694e-01
4.790977573622618446e-01
4.289110268854710584e-01
4.778369472223886194e-01
4.973918879955043226e-01
4.541892963749097345e-01
4.827302557753381795e-01
4.619257390487617743e-01
4.960980067896522683e-01
4.977063164275400964e-01
5.174295913465716268e-01
4.722244959100722617e-01
4.926745983621758085e-01
4.610850144158287756e-01
4.287834992120609923e-01
4.240804229267260417e-01
4.058355380677683977e-01
4.393529973462313998e-01
4.630449076206287207e-01
4.973624656619556883e-01
4.771703305326968625e-01
4.992852988618930454e-01
4.865039965142130551e-01
4.711169895437486432e-01
4.641745184985470174e-01
5.063364145349815715e-01
5.097880346254096695e-01
5.009332998817096483e-01
4.838467336278954867e-01
4.399839126548152901e-01
4.775465019159877422e-01
5.205529521031693196e-01
4.742030362043866965e-01
5.091423434484093624e-01
5.075861028112810258e-01
4.935186325288140052e-01
5.270682501059541503e-01
4.960408118478783490e-01
5.057792333212489666e-01
5.031159067492844139e-01
5.715450051409564081e-01
5.448659124233184992e-01
5.284393105941482816e-01
5.123984884553431929e-01
5.156933012067610456e-01
4.843998056481211290e-01
5.030019776813382526e-01
4.793167619173492322e-01
5.228330169899921831e-01
4.944299827316072093e-01
4.683698682450965767e-01
4.821479604552434406e-01
4.993286594543570045e-01
4.811739050858812594e-01
5.264013698601603952e-01
4.974217683177794003e-01
4.831523025197003163e-01
4.596925223826921481e-01
5.420145103391665886e-01
5.407497189658002634e-01
4.791978023174952583e-01
5.055755189052103526e-01
5.125129289326849635e-01
4.667849596419266778e-01
4.898337881870939436e-01
5.046721744393585229e-01
5.217568939847799792e-01
5.257251211830309412e-01
4.747667718061594488e-01
5.227871252891096443e-01
5.085546338759123763e-01
4.815437188970374538e-01
5.003216890627905089e-01
4.920546277861665985e-01
4.819716334342227237e-01
4.960206838377951843e-01
4.769797849155173464e-01
5.078572395644398441e-01
4.775998388507151082e-01
5.007387334726779438e-01
4.778825331145040156e-01
4.811408067540901556e-01
4.871221846851824799e-01
5.022570694315364737e-01
4.912202753087961948e-01
4.892062290182616624e-01
4.949049828747351110e-01
5.339388798613847742e-01
4.696838471657583947e-01
4.985198934523181746e-01
5.175604002521628777e-01
5.206795952575633546e-01
4.692604917383178531e-01
5.088985798489458201e-01
5.297948608462421660e-01
5.244849956584917150e-01
4.800036646300233634e-01
4.872999463609765103e-01
4.706348455180088264e-01
4.825382698936834247e-01
4.559242015263450520e-01
4.623109745343320642e-01
4.605722577895141612e-01
4.900330004241332249e-01
5.132571107505954355e-01
4.554875151332085648e-01
4.600793894843241416e-01
4.792706293958471364e-01
4.794986701148875041e-01
4.820232593047170666e-01
5.263556316384481182e-01
4.468971218195053607e-01
4.752346689622969356e-01
5.093119413391453687e-01
5.259301259721167465e-01
4.875922162974122287e-01
4.915142303812208846e-01
5.045248200555005891e-01
5.220897871636087650e-01
5.068622215352638349e-01
4.758329950370898120e-01
4.707382327200702044e-01
5.395611439581446955e-01
4.901063563023534964e-01
5.085112616711117139e-01
4.849613884533554575e-01
4.799761237457961793e-01
4.859368130826117738e-01
5.038919059091273578e-01
4.977788329888978014e-01
5.082660216616327054e-01
5.170494771739000406e-01
5.175058643465157981e-01
4.698979550813385253e-01
4.622431201345416074e-01
5.318288561837717365e-01
5.249821364430204973e-01
4.855748033721217216e-01
5.015904811972784483e-01
5.034378361927888124e-01
4.992383941757100874e-01
4.839255857817435502e-01
4.962619199316874452e-01
5.157871331621561861e-01
4.877225881435394150e-01
4.783508947331379102e-01
5.322812602827921014e-01
4.780266698301141592e-01
4.882866548791546801e-01
5.287581168997230741e-01
5.145932521129722437e-01
5.300246390374545591e-01
4.959060456657187199e-01
4.599240884275737073e-01
4.891216763579609994e-01
4.533490024174868238e-01
4.242821896896601386e-01
4.242259186064876730e-01
4.644013585223135676e-01
5.486737420272478349e-01
4.925847506438949530e-01
5.139073312653864578e-01
5.026957438215787777e-01
4.605996957757617638e-01
5.064561779068604830e-01
4.739705575361835010e-01
4.647937518337541540e-01
4.185002310938307213e-01
4.885984897634723656e-01
4.495731319817565241e-01
5.362821440759468761e-01
5.063952767324328974e-01
4.835697321720212050e-01
4.672699869808547013e-01
4.311298696876089687e-01
4.520870014855071228e-01
4.523007373297327494e-01
4.814312488096703646e-01
4.750278536185605915e-01
5.016907959879499668e-01
4.988967552467706845e-01
4.794189518231311009e-01
4.890695950691994476e-01
4.840234509021312248e-01
5.316882354523302379e-01
5.471730345392412653e-01
5.290028340844969978e-01
5.334528326182722546e-01
4.751635194673122231e-01
4.945833061933278541e-01
4.410829467262107340e-01
5.247103695904138387e-01
4.907014099739327451e-01
4.926590339476467628e-01
4.831049932462953000e-01
4.898258488348140038e-01
5.081858834306548500e-01
4.802031785390941110e-01
5.126310079990054058e-01
5.135647062360542137e-01
5.056801695169856892e-01
5.106288532661164004e-01
4.723723138372980523e-01
4.736628281568479037e-01
4.244137440845164311e-01
4.622657870885377718e-01
4.313043574226338994e-01
4.978710073127251556e-01
4.580688506472151422e-01
4.542428823300742047e-01
4.836254933938378131e-01
5.227082067306445534e-01
5.187696082296611166e-01
5.119969235100211291e-01
5.036066175106734821e-01
4.570846033103875827e-01
4.817370264368177613e-01
4.868636300605062028e-01
4.546063790500011192e-01
4.477662618010055384e-01
5.068510629582263505e-01
5.111267652500115499e-01
4.915584107317739759e-01
5.031022875384867366e-01
4.750306360278562789e-01
5.218641528364880156e-01
4.612183465529055559e-01
4.881188638346436459e-01
4.942546471633381122e-01
4.635652488498198665e-01
4.619341994490146486e-01
4.958374171782607975e-01
5.045371914255155632e-01
4.458370554020186782e-01
4.753251459854012095e-01
4.783006191659480710e-01
4.918737791486155753e-01
4.744182914800367801e-01
4.928125746449500411e-01
4.958041602122994496e-01
5.220244557820048481e-01
5.031522099447904850e-01
4.541606807877203722e-01
4.609356678134957086e-01
5.267906360950183053e-01
5.248367345708306875e-01
5.001365328618019301e-01
4.812193729013587440e-01
5.163942926522098187e-01
5.120830452702919144e-01
5.160682632490150024e-01
4.406765454096223666e-01
5.199862580434370107e-01
4.837897085479778148e-01
5.376246057897828834e-01
4.848327939166865441e-01
4.993375312689742884e-01
5.096100640300282869e-01
5.213778161773511277e-01
4.914099032557262547e-01
4.641288261937628334e-01
4.927567797855341158e-01
4.742788368728259596e-01
5.205716094107571967e-01
4.980220957325008913e-01
4.797769470408290160e-01
5.007978249784138525e-01
5.049961199895575126e-01
5.229987756980288838e-01
4.840398531071691823e-01
5.272571482733788839e-01
5.076919429362166669e-01
5.621802026012914233e-01
5.075908624916677381e-01
5.374819775896875207e-01
5.209999200007577880e-01
4.729498321181646592e-01
5.291033890699530229e-01
5.287982245948426030e-01
5.041949179495289757e-01
5.143418933202021925e-01
5.448634996508121553e-01
5.124287296274482317e-01
5.000245761838050251e-01
4.964045056317367699e-01
4.650352991050024642e-01
4.875747659315154969e-01
4.697616831088232692e-01
4.183025342703067251e-01
4.759969358293831831e-01
4.729244540259356921e-01
4.796583260316733544e-01
4.846459971226075858e-01
4.935393750600571283e-01
5.132807490633507497e-01
4.855220811583748075e-01
5.104293949029131694e-01
4.621228634232842358e-01
4.824366226152522197e-01
4.827260048608581489e-01
4.900101919921984184e-01
4.839477644209706497e-01
5.167504743331854389e-01
4.823310565438532760e-01
5.091933707615093896e-01
4.902220711820405308e-01
5.078071307585102501e-01
5.453307860592582212e-01
4.977500582125445883e-01
5.346511372435346354e-01
4.741988599942276728e-01
5.114122844913198129e-01
4.844288483325643879e-01
5.246149723654789376e-01
4.613589698237388070e-01
5.216199896760201904e-01
5.123165103187568015e-01
5.125589527756813091e-01
4.920260554394513819e-01
4.920850899029429182e-01
5.035587498174091126e-01
4.879481381342073432e-01
5.215973001410014742e-01
5.202198790640431003e-01
5.243903621877590293e-01
5.097918981670800376e-01
5.019216994178145042e-01
5.317574846841720548e-01
4.915724753997360863e-01
5.013919030894609108e-01
5.182270138382557567e-01
5.536279903420504578e-01
5.470499813476913387e-01
5.185440961627206802e-01
5.413810202727568077e-01
4.913104426284863324e-01
4.559320276150958251e-01
4.469287856158959960e-01
5.347497209289935327e-01
4.807890249915899306e-01
5.105369073991485873e-01
4.518637285869310238e-01
5.171372250591586006e-01
4.890664772270059135e-01
4.552424431365520441e-01
4.816860204884729213e-01
4.702213304201171007e-01
5.379311407168293480e-01
4.851092076477524495e-01
4.779414345035358780e-01
4.613940126644009432e-01
4.839634989874297966e-01
4.919472429832481564e-01
4.399664842147066324e-01
4.623685259622814514e-01
4.865683530993603068e-01
4.531641374700974279e-01
5.148928809175249421e-01
4.855404545912997971e-01
4.472453230138284663e-01
4.973707665839165459e-01
4.479746993236470853e-01
5.402737484027471115e-01
4.451172058745288540e-01
4.989020675419335582e-01
4.850456601575091065e-01
4.621343281239090328e-01
4.847939262346096512e-01
4.657489030194705282e-01
5.119703905232714236e-01
5.004134432603547511e-01
5.038887944193353174e-01
4.885361303470125427e-01
5.010972478158597365e-01
4.990044636230815400e-01
4.598336082410675041e-01
4.813769670025376257e-01
4.925888277188267828e-01
4.737228118962868439e-01
5.050130506722594337e-01
4.708988696211266478e-01
4.793161843799818578e-01
5.062947449073138539e-01
4.920643399074179358e-01
5.250037630108620457e-01
5.285114590424244696e-01
5.131364906207683818e-01
5.366923172597383163e-01
5.270589469740784017e-01
5.007790708495670762e-01
4.533923243370845957e-01
4.736517266081272659e-01
5.060908593739631423e-01
5.115651430470748995e-01
4.741249454897210058e-01
4.730187414640756871e-01
5.049910189961065443e-01
4.716720002002465217e-01
5.013039077409573441e-01
4.746883715843625007e-01
4.434275832109840221e-01
5.102742671351717663e-01
5.082305378074520874e-01
5.127319638411793612e-01
4.835916982738435177e-01
4.996433469583638209e-01
5.014397271518012955e-01
5.214711473977925449e-01
4.918244094769922969e-01
5.022864192432692221e-01
4.987477964520408702e-01
5.145027864781777094e-01
5.042069576582123291e-01
5.469547488424163495e-01
5.115622451084327338e-01
4.940849272356918620e-01
4.712436704427842016e-01
5.072251964117175937e-01
5.004663660267794079e-01
4.824805400810573408e-01
4.982530418916933379e-01
4.988582744616774090e-01
5.231462621563759408e-01
4.582192811321628700e-01
5.238005855651464149e-01
4.880459908011442471e-01
4.754523988510820920e-01
4.767171235448762756e-01
4.571473633474603115e-01
4.704873089201570546e-01
4.370204642188066924e-01
4.809947880431093559e-01
5.008293084132249273e-01
4.912264743322942717e-01
4.705997850972774010e-01
5.411404433490322186e-01
5.472568544784490729e-01
4.817670383188715211e-01
4.605367371571649771e-01
5.000476710806438518e-01
5.379742001276011099e-01
5.112468759614257063e-01
4.775871148010010225e-01
4.808643349003699496e-01
4.986541671793428554e-01
4.457121679717536700e-01
4.606418442202141472e-01
4.530639498662483167e-01
5.321982721728308885e-01
4.958279199317953689e-01
4.892500251871793049e-01
4.765882935569534240e-01
4.785680515819166758e-01
4.804246057868630793e-01
4.957254816677211240e-01
5.015968761778553109e-01
4.395428010035171140e-01
4.676325688268400671e-01
4.688635269161325891e-01
5.156411653315539079e-01
5.035180202535501914e-01
4.883993841528284641e-01
4.655188315707707858e-01
5.090033401608045072e-01
5.016371747091663558e-01
5.048411601551709982e-01
4.873977279030767273e-01
5.316705596006674472e-01
4.971875277353293709e-01
4.670507738360154537e-01
4.788480865695276534e-01
4.430741899450247323e-01
4.978214374854318947e-01
5.111881815856714750e-01
4.366382836747718654e-01
4.717307332871248926e-01
4.633569365605886281e-01
5.086369268526095277e-01
4.878287407770990902e-01
4.930135933471112564e-01
5.167296511830159478e-01
4.974098625319874900e-01
5.005413112922488805e-01
5.041733817430398279e-01
5.051209540855636781e-01
4.796866338035820632e-01
5.261443163772150378e-01
5.231222920327832648e-01
4.838475339091448113e-01
4.720071120932333164e-01
4.737085371855037086e-01
4.761392368189974467e-01
5.106736715431750007e-01
5.061928095205047162e-01
4.919585964151957369e-01
4.983028741744337520e-01
5.604405564312746613e-01
5.388974597319510229e-01
4.965352264809231309e-01
5.011748040511458946e-01
5.183495612278271603e-01
5.048851275020006524e-01
4.615720139891998364e-01
4.763809135130602224e-01
5.189364835508052387e-01
4.851896934853808796e-01
4.934277728248671613e-01
5.582043221976012992e-01
5.463943414493759310e-01
5.016604616646325177e-01
5.135062352581346579e-01
4.940744223855568773e-01
4.988459953450967710e-01
4.698038859892816888e-01
4.462517204908733048e-01
5.162712054800636663e-01
4.824962790005683511e-01
5.203161638351262441e-01
4.820555355740581138e-01
4.900789362783047332e-01
5.005108320486896245e-01
4.943551623765625180e-01
4.890626595180107561e-01
4.775276297336102926e-01
4.717335561526307397e-01
5.238848643240771041e-01
4.936511763562492217e-01
5.097082218606946435e-01
4.946192569629290769e-01
5.128646604630423544e-01
5.113253897004549353e-01
4.625013881672286331e-01
4.456639328353580454e-01
4.861177779543885413e-01
4.954623080389430889e-01
4.932401438471500366e-01
4.595307561669461083e-01
4.694152467309581911e-01
4.339440817114088023e-01
5.081996956440132385e-01
5.235268805149224658e-01
5.074573571425859964e-01
4.778490994146086246e-01
5.072236417775000117e-01
4.845976066447589270e-01
5.565223563157910558e-01
4.990019407785862282e-01
4.851414118438701628e-01
4.874088750693036931e-01
5.050972850857288199e-01
5.141651744375940192e-01
5.288905198317552792e-01
5.531593486840126195e-01
5.401650737288518078e-01
5.074725099513577309e-01
4.918053813829683651e-01
4.768930613260262685e-01
4.723352037258407576e-01
4.795347488556188087e-01
4.607032839251476442e-01
4.384311392810593122e-01
4.371747603768618151e-01
4.819536288158036141e-01
4.101831072879007500e-01
4.688670166027075759e-01
4.449607763844439234e-01
4.813194516845615278e-01
4.469718650731672738e-01
4.702174661095050445e-01
5.062961157295422510e-01
4.965371327591828754e-01
5.272566663415695354e-01
5.310197656110201558e-01
4.883168934741551337e-01
4.871004068817230137e-01
5.401532816478569199e-01
5.108557582218806736e-01
5.078871437984296966e-01
5.094333035920973751e-01
4.781306826410505195e-01
5.376879188421439526e-01
5.254765597184570813e-01
5.465991140162960171e-01
5.360152332504660722e-01
5.239651362494195386e-01
5.245661013919244997e-01
5.349525430150329219e-01
5.057382686121106863e-01
5.072340016642095106e-01
5.012300019059773293e-01
5.364624404877844643e-01
4.949676831624638673e-01
4.930459995533306716e-01
5.474597224654702554e-01
5.128907545397283219e-01
4.696718710133758745e-01
4.836641054671721451e-01
5.376768505517510732e-01
4.835566086706941658e-01
4.892069158013215291e-01
4.843332083430312851e-01
4.844900609232465349e-01
5.021338107657565830e-01
5.061256162671095016e-01
4.944329593308847137e-01
4.629280458480110605e-01
4.770634343081104345e-01
5.346709333690923271e-01
5.222121163022983570e-01
4.843330991796747087e-01
5.026284616964495910e-01
4.877414145835750059e-01
5.060408551233999130e-01
4.736432311510655468e-01
5.085450664532050746e-01
5.167354123766420004e-01
5.153656450093466734e-01
5.053179311285384001e-01
5.006677905436588416e-01
5.074586503723211850e-01
4.601394682003900893e-01
5.028532017916841346e-01
5.115133698356461034e-01
5.027778615414030261e-01
5.024985562911647996e-01
4.931810428468897389e-01
4.904514226389881659e-01
4.940151632675738869e-01
5.507656971470273888e-01
4.902273037114825427e-01
4.423875960950655051e-01
5.002872473382150575e-01
4.378808624866156185e-01
4.873810751523539042e-01
4.822302955096751109e-01
4.947282766391327691e-01
5.080848071844314973e-01
5.165486208876494123e-01
5.210084251934936628e-01
5.085283126055069047e-01
5.167405516821702571e-01
5.055148623540833830e-01
5.289409418420455422e-01
5.080147513897423917e-01
4.430623484658668954e-01
4.485550203881908393e-01
5.120790884673395160e-01
4.810630793842579078e-01
4.331234693897848542e-01
4.688593980362265046e-01
3.988455552700725937e-01
4.692244873300062680e-01
4.645741571940479875e-01
4.915093131964155537e-01
4.774720207120926041e-01
4.558725645128330894e-01
4.420512252491066718e-01
5.201785728577159595e-01
4.898525506913486427e-01
5.225026813017232818e-01
4.673484517395669613e-01
5.493507575352127859e-01
5.026254524982664007e-01
4.877646653058723691e-01
4.814857449268423739e-01
5.262545005114770413e-01
4.780815301794889560e-01
5.125156386118998597e-01
4.974801021034125914e-01
4.933448897892916407e-01
5.106628711134076903e-01
5.551208584777631572e-01
4.935633017587580662e-01
5.131393071436046727e-01
5.272215088933127625e-01
5.454167711306782129e-01
5.075140131354306527e-01
5.025634420895384036e-01
5.444227519006096250e-01
4.968237239388356152e-01
5.094688315738220563e-01
4.675868980836606625e-01
4.486132343040081794e-01
4.985889870536190926e-01
4.546182802151469415e-01
4.864366783998703703e-01
4.474957406986131425e-01
4.781300753157645134e-01
4.785240426350808596e-01
4.781490542830936219e-01
4.684060477926696442e-01
5.282835198954139999e-01
5.046960245432809966e-01
5.040671599367709810e-01
4.613439425012317296e-01
5.028020965163603195e-01
5.089993405928464609e-01
5.312866817964362331e-01
5.104237513179347152e-01
4.630375865648309053e-01
4.872101184943775642e-01
5.113606865805832014e-01
4.635575681897243228e-01
4.714768568694163720e-01
4.995479814673731700e-01
4.806260072701728503e-01
4.860821791149974036e-01
5.071931758851523364e-01
4.937141778299719563e-01
4.770392127232098711e-01
4.946941541054452052e-01
4.957263000137601683e-01
5.039097405264683083e-01
4.923166066359312421e-01
4.740608501414504961e-01
5.213590455599083073e-01
4.794011677255577419e-01
4.775149717583818676e-01
4.973875716061874064e-01
4.808960731784950315e-01
4.974511971399791510e-01
4.747150873808843596e-01
4.528973633048916092e-01
4.233114628252730438e-01
4.484880296275966516e-01
5.031347404933476097e-01
4.917646392913443965e-01
5.186629760467369454e-01
4.392308326580564026e-01
4.693376001484387272e-01
4.305467349313816250e-01
4.454980587053827268e-01
4.869964741018389942e-01
5.017368576933601831e-01
4.668411618802259522e-01
4.685195108279279763e-01
5.024248485091322713e-01
5.169093852536632561e-01
5.094169909554607800e-01
5.105268363063922843e-01
4.613151370889401193e-01
4.999322488954097699e-01
4.999587544641218018e-01
4.937644677810843485e-01
4.900128216521521529e-01
4.881275697472577946e-01
4.715448179954613850e-01
4.677484198699588536e-01
4.887498068903399218e-01
4.760684689220834320e-01
4.638565793722383979e-01
4.711071899285692588e-01
4.802937341001823346e-01
5.027768209437576408e-01
5.159527974550419671e-01
4.970261806908828350e-01
5.012815320383076090e-01
5.167767958762591318e-01
5.025996718637205651e-01
4.813304096835511747e-01
4.765776911866883570e-01
5.655671734224954061e-01
5.103280338070838029e-01
5.029552889947307426e-01
5.242140408227013992e-01
5.148400881688884878e-01
5.250994469419660859e-01
4.945877818794611191e-01
5.094236705792576370e-01
5.283839897461709567e-01
4.914039929044496935e-01
4.991291847418423688e-01
4.611110170937242625e-01
4.624053087191820066e-01
4.424464701551157897e-01
4.041197769757986502e-01
4.269210651652534105e-01
4.553257860387001643e-01
5.196299250986233798e-01
5.155448573812141388e-01
4.575271595247683010e-01
4.509483997204551398e-01
4.861447269397579096e-01
4.584376352240654984e-01
4.701514659630884885e-01
4.463216143010227399e-01
4.682580308705321936e-01
4.672593345637173767e-01
4.409940775473354946e-01
4.994958827190560946e-01
5.165544569662061658e-01
4.926873349065147845e-01
5.423693066987448352e-01
5.056103056656193750e-01
4.350260261606980206e-01
4.347854545129520298e-01
4.823979234371743585e-01
4.974450113089066150e-01
4.901377723072978254e-01
4.796327284713223782e-01
4.784255225714880155e-01
4.497770285209793384e-01
4.565879819568635645e-01
5.253262152666928753e-01
5.216859682819064981e-01
4.751102227130584166e-01
4.912716133198088975e-01
4.682831330011019699e-01
4.574667940737059957e-01
4.953860999719455482e-01
4.787095427642796275e-01
4.496069671318052019e-01
4.527160241312940259e-01
4.193883674425921693e-01
4.618855596167117383e-01
4.496765131191704512e-01
4.798998629351531320e-01
5.163260464391060678e-01
4.636052438848888846e-01
4.722965778431448269e-01
4.946977599939508807e-01
4.905813116637930404e-01
5.122047660439037475e-01
5.087492076974191590e-01
5.338349583384216501e-01
5.165373482173066799e-01
5.014514656470060450e-01
4.929776488699689763e-01
5.228075113231201998e-01
5.439175544626932979e-01
5.554923737183308230e-01
5.364119003992265933e-01
5.451584693106180657e-01
5.662923317969363879e-01
5.567503970551791470e-01
5.441701945095221982e-01
5.584558989614867297e-01
5.637195066835718471e-01
5.192268008224497633e-01
5.346375341539930659e-01
5.209637407802906184e-01
5.220509389567523639e-01
5.473176238836204854e-01
4.946691721499299477e-01
4.491027098533586503e-01
4.872346892559886733e-01
4.876909584516803120e-01
5.018716982929322112e-01
5.238181754464200646e-01
5.518297583428768416e-01
5.184990294155746859e-01
4.954622870280890878e-01
4.972089941864665241e-01
5.054896992591406679e-01
4.802366013349369522e-01
4.957155465344051382e-01
5.083865592064200634e-01
4.499375279996911114e-01
4.721100158964851023e-01
4.636569457045250919e-01
4.652451845396297081e-01
4.712315167943593730e-01
4.424052091659542718e-01
4.800772635254943466e-01
4.363706751590538668e-01
4.664245775489393453e-01
4.676346320579997107e-01
4.873846014524314540e-01
5.130268679908133178e-01
4.875346055287766989e-01
4.848024098524308934e-01
4.719060260734537771e-01
5.208243365072143805e-01
5.013027544110316702e-01
5.128684610524274490e-01
5.160469515346270963e-01
5.118093512231629560e-01
4.737995755182884405e-01
4.719386184192876921e-01
5.079356329394668634e-01
4.417326130556741837e-01
4.867001681048077621e-01
4.754654864902879696e-01
4.455957002191114347e-01
4.563688201662768340e-01
4.518130400730111518e-01
4.490521348548197067e-01
4.072293102071117832e-01
4.406499202541915294e-01
4.321776404861084053e-01
5.089607881685587198e-01
4.437264730954681435e-01
5.025555592678395689e-01
4.603203732038649298e-01
4.489254602946669559e-01
5.179153525352214738e-01
4.517608465573709764e-01
5.111289296906462720e-01
4.487241870426018631e-01
4.280934633361854758e-01
4.592677956637722381e-01
5.098358449555852046e-01
5.192111532189540579e-01
4.974142830405735016e-01
5.214571299417193329e-01
5.124235063508343346e-01
5.083496103353729589e-01
4.522824615656275138e-01
4.648817504561069125e-01
4.378267168412062205e-01
4.847287972285550528e-01
5.232380110528657147e-01
5.076277915991844747e-01
4.897895798925055999e-01
4.754860802043353596e-01
5.100575482442487596e-01
4.839597003539683473e-01
5.072340899747611598e-01
5.043610168043618502e-01
5.172757128133274040e-01
5.148803654906417560e-01
5.275228979216957104e-01
4.632447996719861738e-01
5.105074356356564813e-01
5.377318808045008502e-01
4.806418178690290421e-01
5.037789154536923553e-01
5.306377214906657924e-01
5.210524878622545542e-01
5.261936241400176906e-01
4.928084157037428970e-01
4.955051010864565120e-01
4.904200624279851928e-01
4.728709026016912342e-01
4.768376353316605698e-01
5.538073583673942535e-01
5.240339054596457879e-01
5.144485198307802154e-01
4.592236012416718305e-01
4.520504737608861401e-01
4.960825032803605761e-01
5.234420082236743710e-01
4.934027701734292615e-01
4.994282103729172917e-01
5.133822469494379037e-01
5.207578535008957621e-01
5.712940766694976080e-01
5.554034032740970961e-01
4.990436080554188081e-01
5.216214012693363156e-01
5.006966189089759878e-01
4.767430298185986182e-01
4.949990473961889959e-01
5.242036096878951446e-01
4.898897936310066537e-01
4.866029439328038442e-01
4.676088296733637018e-01
5.037179804464273492e-01
5.337425302933298532e-01
4.264803278157457966e-01
4.738675894520032461e-01
5.024814980405972742e-01
4.601956755022675871e-01
5.459215708536678813e-01
4.642000456201341163e-01
5.107467974739300365e-01
4.998275850725885094e-01
4.836912033779129372e-01
5.095179686256536833e-01
5.310232966887762363e-01
5.109876072349924803e-01
4.645196388719607383e-01
4.910955450786295695e-01
4.802863800687118823e-01
4.618516500620439835e-01
4.446998435966985075e-01
4.771605118372137522e-01
4.913187751797916114e-01
4.726171878947189597e-01
4.313817462109907352e-01
4.661877466090462718e-01
4.994975899565490818e-01
4.820815320264725257e-01
5.136576866448483436e-01
4.918565495883336358e-01
4.971784749716046670e-01
4.662775847171020116e-01
5.007786735433915615e-01
4.951065729177877572e-01
4.914389618512528535e-01
5.138847832214086253e-01
4.963694718789226079e-01
4.956634239269626097e-01
5.249090960837097253e-01
5.378142938128168682e-01
4.990946484268088956e-01
4.925626424282689708e-01
4.989433263766204774e-01
4.743064315137157649e-01
4.572562022662186032e-01
4.933046453002488674e-01
5.019621778856829808e-01
5.201074316006444320e-01
5.173655062277023875e-01
5.503760532028116881e-01
5.020568817648135562e-01
5.111827158312726160e-01
5.027055808844806961e-01
4.967651497339380384e-01
5.167855431893406681e-01
4.934991662820626956e-01
5.304007704969583292e-01
4.818201449198179498e-01
5.175273146581691464e-01
4.897382707715395855e-01
4.793349899072584797e-01
5.000697315213995520e-01
5.013345943506644087e-01
4.243172352027583250e-01
5.296832998147171789e-01
5.064520621019384938e-01
4.645564163489350196e-01
4.945137873435372367e-01
4.880808685179782724e-01
4.857772244412966733e-01
5.383455307424881431e-01
4.898338143682333667e-01
4.623652101444453155e-01
4.953800666348007198e-01
4.954785236097180023e-01
5.048933582380222829e-01
4.990248483178727490e-01
4.737580756910547697e-01
4.900697702096611375e-01
5.339788570326942097e-01
4.790095025328146572e-01
4.387740012351449836e-01
5.325404594482812115e-01
4.862035748566644888e-01
4.980501982467277489e-01
4.941476044688262181e-01
5.079629287356843825e-01
5.029640914180836253e-01
5.192529107768987240e-01
5.148283606787374955e-01
4.985259791666408202e-01
4.944225106757695332e-01
4.809213028407985369e-01
4.774894734966192988e-01
5.265989766694790797e-01
4.930060574924559624e-01
4.827271833754021579e-01
4.547193612792043149e-01
4.691770702764722079e-01
4.943344307960456652e-01
5.101123115838683830e-01
5.162723722091073775e-01
5.138749217629984267e-01
4.608703648071356129e-01
4.306402007314927838e-01
4.911698940552055581e-01
4.884223822149350580e-01
5.066134637449525302e-01
4.780135139361648688e-01
4.981164733406013290e-01
4.748162024131293846e-01
4.139011707664944639e-01
4.209311419336593252e-01
4.764545058431325364e-01
4.092246748882869545e-01
4.239350056464973315e-01
4.450286601719667390e-01
4.433720815911152413e-01
4.293528566855103756e-01
4.652324497093880962e-01
4.959848806443811764e-01
4.830291852687612630e-01
4.919073596278714100e-01
4.577464953607429665e-01
4.920262945683984146e-01
4.591770852279863924e-01
4.972784676569966811e-01
5.055617487832897439e-01
4.629694829696383573e-01
5.229081128572863335e-01
4.694553266661556923e-01
4.868194756437439485e-01
4.934757712597652723e-01
4.640640385826984571e-01
4.839046378045229191e-01
4.922043054846899079e-01
5.013044718974506431e-01
4.651717526604254305e-01
4.268304864607050941e-01
4.756505931673348786e-01
5.015249178064300484e-01
4.716133735525537274e-01
4.995689349019984404e-01
4.817444776667861306e-01
5.311486859855482079e-01
5.085874641554311015e-01
4.674930052401252700e-01
4.928664158379422178e-01
4.975336120983755994e-01
4.983420992018665618e-01
5.034053314330507733e-01
4.629419274815758101e-01
4.998214338919491073e-01
4.647942789282233367e-01
4.892512169861074067e-01
5.077712560472203984e-01
5.089828524639745666e-01
5.082636125272825822e-01
4.819417673804751168e-01
5.056577070662852114e-01
4.980568130127795978e-01
4.921468282962923602e-01
5.116376210636551791e-01
5.330855670224808884e-01
5.150224103351582761e-01
5.202475144509208782e-01
5.291483522033183506e-01
4.923704331770587528e-01
4.775892710165837718e-01
5.113631114118964982e-01
4.928623076765807354e-01
4.810667016213988068e-01
4.923138330837928955e-01
5.186499600885697836e-01
4.934899342142036183e-01
4.970759322402540925e-01
5.279703604658128047e-01
4.912985280927001375e-01
4.546531582609054656e-01
5.090864266946887318e-01
4.844563661711754343e-01
4.692515113548250683e-01
5.313875326780507224e-01
4.988688440609624353e-01
5.300812127099591153e-01
5.111566087077117349e-01
4.733110337540045176e-01
5.156403852119800790e-01
4.782278660299812967e-01
4.442297501039415009e-01
5.021163498195365671e-01
4.692856705603878908e-01
5.060965952117804090e-01
4.715096126188687564e-01
4.642545574763604077e-01
5.033622629979094265e-01
4.815744570674242997e-01
4.751538258384157554e-01
4.072095731518284856e-01
4.743048518060469787e-01
4.324584711640247492e-01
4.840650905799832038e-01
4.785570879596797722e-01
4.875179414218822616e-01
4.521886746485227482e-01
4.732212534739210774e-01
5.177513084576956803e-01
4.615117666200891922e-01
4.384571152165359642e-01
5.002666470400904952e-01
4.678934993536331133e-01
4.849491305743055536e-01
5.021844575729870197e-01
4.981336734920100984e-01
5.147607215251518431e-01
4.850874534171960573e-01
4.932935540716785749e-01
4.821959781271581424e-01
4.976749883213956172e-01
4.991652080954577797e-01
4.981021623624813932e-01
4.979951813516304560e-01
4.765220635175159147e-01
5.057741676198328484e-01
5.145252599054502829e-01
4.955211652020750090e-01
4.845785814004425762e-01
4.987377650457859857e-01
5.422006777696436464e-01
5.252700655506032934e-01
4.693145682902107318e-01
4.776100701606090793e-01
4.783305224121003341e-01
4.463195265757567420e-01
4.840304470878684651e-01
4.932445588113439916e-01
4.808363325439441449e-01
4.701475963941601499e-01
4.893194025678875292e-01
4.624832099217944248e-01
5.282225431037145258e-01
4.540471704917597440e-01
4.710397297156931340e-01
4.550537299030686933e-01
4.487119876146458131e-01
4.515366411618944587e-01
4.624534408218978765e-01
4.871137081418238646e-01
5.127088842036719996e-01
4.692516023800895053e-01
4.803463178920802656e-01
4.859246109423668303e-01
4.920621197996346563e-01
5.153122985157608804e-01
4.321116164594882014e-01
4.677524688503684192e-01
4.813639689823001055e-01
4.738433433308331111e-01
5.162374029746621407e-01
4.781427504550229135e-01
5.401353986674374275e-01
4.966283706441627088e-01
5.135333888934492386e-01
5.124982808877164286e-01
4.958091254967597061e-01
4.981910333541866853e-01
5.004348357832717475e-01
4.850609209549202605e-01
5.386019714161256466e-01
5.261336104550035087e-01
5.093458955194378746e-01
5.132630761928026475e-01
5.480884291853996837e-01
4.998520010574765693e-01
4.820122799115678647e-01
5.091436897711344445e-01
5.201547152396378548e-01
5.047159357610447872e-01
4.883370656377109542e-01
5.303869776363234756e-01
4.813093757843451836e-01
4.608921599416842541e-01
4.650350331879107846e-01
4.694209923967985754e-01
4.882020875311519625e-01
5.311471168526012976e-01
4.918002940724283678e-01
4.838502292529709981e-01
5.113476835581259872e-01
5.083338864769084697e-01
5.020834014178866544e-01
4.816092957163375377e-01
5.390889817049242527e-01
5.148839304908705561e-01
5.105156248786864026e-01
5.119928532550075406e-01
4.565870120451422376e-01
5.199584519394350179e-01
5.258920208883395286e-01
5.114009766611731234e-01
5.412329250095778699e-01
5.381793659366520544e-01
5.009796231983670856e-01
4.989264430853918020e-01
5.129520361937865980e-01
5.313492849123431228e-01
5.385256001862717135e-01
4.934997617834408490e-01
4.871280797512176353e-01
5.011122951694849670e-01
5.096338407513657520e-01
5.002288429259510449e-01
5.154948832903654132e-01
4.917270702456563169e-01
5.242496157023761594e-01
4.802645639398895883e-01
4.647387017746495430e-01
4.815227408633499517e-01
5.170453082401731404e-01
5.343215397883214202e-01
5.222183984534842782e-01
5.120155133385925206e-01
4.924890208945478798e-01
4.631458708599480723e-01
5.069689253200342360e-01
4.974594566829630415e-01
4.805164025970498076e-01
5.165965761231872122e-01
4.702120509864778919e-01
4.828150968711195090e-01
5.596302392509953094e-01
4.507835136220491035e-01
4.666543715569101414e-01
5.383352127938522136e-01
5.471938070378409291e-01
5.089164939329691162e-01
4.792794839006392360e-01
5.158295362906241133e-01
5.136698759316457030e-01
4.955763677295816905e-01
5.142572894789109172e-01
4.899128828289375237e-01
5.189157127833624594e-01
4.882225623406157844e-01
4.894166767956498187e-01
4.996034875528236885e-01
4.588849318002521382e-01
4.958839619662204767e-01
4.740709561672110661e-01
4.962997360823191983e-01
5.313398116738825561e-01
5.091042867604729238e-01
4.714561119525340072e-01
4.943308313878053140e-01
5.068534501853515506e-01
5.321237466842830832e-01
5.186463364088448325e-01
5.110733455489151478e-01
4.808318489885179958e-01
4.793503606838305231e-01
5.019933385233649181e-01
4.387932300160528043e-01
4.944523956632645989e-01
4.571574222691180411e-01
4.558256046075956913e-01
4.727564195283650572e-01
4.665757211163558682e-01
4.977154880664990677e-01
4.941444502498691937e-01
5.365454855287207225e-01
5.025198228909029119e-01
4.796277958580324463e-01
4.601705050085280191e-01
4.823331843057917512e-01
4.382589970295710513e-01
4.669391455745146025e-01
4.848373735974146337e-01
4.813853679891661463e-01
4.457889253804910301e-01
4.868143992726462477e-01
4.873496030016057357e-01
4.612424267103114595e-01
5.060089475730144004e-01
4.401387193406351983e-01
5.033458457769606209e-01
5.337831933695431630e-01
4.611719963095330388e-01
5.142670415901768877e-01
4.248831355390983444e-01
5.135166576619186740e-01
5.252976048947496368e-01
4.652632877569787828e-01
4.916945712026846160e-01
4.960944889320173523e-01
4.681928991464182066e-01
4.709353141571213652e-01
4.848341462531529644e-01
4.926425740981951740e-01
4.910765014639937864e-01
5.190004407104061857e-01
5.123371222800747748e-01
5.110120540498926944e-01
4.907838474862870060e-01
5.334287042072649587e-01
5.050936683598177268e-01
5.073470983137164936e-01
5.350706634658929373e-01
4.221538903889177630e-01
4.620175391100858064e-01
4.779337351487323304e-01
4.814990934771622433e-01
5.015885141514178081e-01
5.354057623403986055e-01
4.718398635012369668e-01
4.761367808849196193e-01
4.986478099142750420e-01
4.647103812584394422e-01
5.205806813191753424e-01
5.572224620797652239e-01
5.344618091935431359e-01
5.036432657979987848e-01
5.241130584727442532e-01
5.415873330035076982e-01
4.828859955311676222e-01
5.355697542883529616e-01
5.122114964751373067e-01
4.999760086631184208e-01
5.074669363925192744e-01
4.869094879025161471e-01
5.416713036965354888e-01
5.174715793402753228e-01
4.888737883702480858e-01
5.267199072042058061e-01
5.386311035666436764e-01
5.107284782978406268e-01
4.896818308817346144e-01
4.447815838964021551e-01
4.956444672806286644e-01
4.847129118612641951e-01
5.178203052233186776e-01
5.051655699710460024e-01
4.997597513978284112e-01
4.971005453720530598e-01
4.564970015933278447e-01
4.495917373565241348e-01
4.809263134579028764e-01
4.896156154977228114e-01
4.868140543770047013e-01
4.720926530063453419e-01
4.810168406652696738e-01
4.478995504849136999e-01
4.918388514382140975e-01
4.488683376558478266e-01
4.963705197651165357e-01
4.914177325696297283e-01
4.934619450681562158e-01
4.901444284563394871e-01
4.989698002147615608e-01
4.302081539013679623e-01
4.392599611993889264e-01
4.654177032508500234e-01
4.398122073419105660e-01
5.202656275436173816e-01
5.456019813475826430e-01
4.892571278978375404e-01
4.893357014687217954e-01
4.869340756044325258e-01
4.642343567462438036e-01
5.360984267340069831e-01
4.714657076175140515e-01
5.060172311239231613e-01
4.552445790707819739e-01
4.341279274784423103e-01
4.554297159096678538e-01
5.182511504749504061e-01
4.918388624662787256e-01
4.481188091181116384e-01
4.845634185662779925e-01
4.882689780230513588e-01
5.149562114408152702e-01
5.202898569458024314e-01
4.808303467208525639e-01
4.362882831967123676e-01
4.259218652957645901e-01
4.536951255968502128e-01
4.269566557131655449e-01
4.872745528200243537e-01
5.023576379550327431e-01
4.737109921080689956e-01
5.118336894880807231e-01
4.749180007773612378e-01
4.620577550182576876e-01
4.496285574483216974e-01
4.634480353667430053e-01
5.089922806799255239e-01
4.830895767417305309e-01
4.881686532741133511e-01
5.242362325848534121e-01
4.742226929492157073e-01
5.677264293807173789e-01
4.925921339712455715e-01
5.267472369073729066e-01
5.181138189984213493e-01
4.959111481397986410e-01
5.031797595796559941e-01
5.222154652553381293e-01
5.123742764578183007e-01
5.042120509541081486e-01
5.276776167749295254e-01
5.421953606330499609e-01
5.779237083969043232e-01
5.714330807249607957e-01
5.678913835775518670e-01
5.318347499308616610e-01
4.937991464664838182e-01
4.951485382142246094e-01
5.141538120200248585e-01
5.107187388665483940e-01
4.813492176575157044e-01
4.358713412520054398e-01
5.109466177611895477e-01
4.877099360607594636e-01
5.319086560440847711e-01
4.896337363875679638e-01
5.001803244958770156e-01
4.867629225829061546e-01
5.277978074283410370e-01
5.102075956287308589e-01
4.895934791795488739e-01
4.877388151536350969e-01
5.386603641603241455e-01
4.394007303717165636e-01
4.133691665822402661e-01
4.722026252869298002e-01
4.965683401457898771e-01
5.139244122423498595e-01
4.509243898987454480e-01
5.056195936333571783e-01
5.142121241868546910e-01
4.749545201405679373e-01
4.853785542662904517e-01
4.828091994841733348e-01
4.916241970257044236e-01
5.278570821584162021e-01
4.814027851244220280e-01
4.642972360311834468e-01
4.935251186916642663e-01
4.834186860069170089e-01
5.040523241159656775e-01
4.668671627983577155e-01
4.866245051394189614e-01
4.996471982971252279e-01
4.982074123960624212e-01
4.414940496188393126e-01
4.792161397123463895e-01
5.032808232923074998e-01
5.139787846707732921e-01
5.242344821871782745e-01
5.053674309805619158e-01
5.530192890489363799e-01
5.562035264669317192e-01
5.230374055340554218e-01
5.295981902526288865e-01
5.206763357329782238e-01
4.380443770087684707e-01
5.232757630029772900e-01
5.444213006827921530e-01
4.860809722677663647e-01
4.826636320527085688e-01
5.063564649015112051e-01
4.659311833117952828e-01
4.527185974301116134e-01
4.834710223299130138e-01
4.807350029429967031e-01
4.971506522213509083e-01
4.902150574520729442e-01
5.363779128306109811e-01
5.006807177047507551e-01
4.682986641976786268e-01
4.408568840074034156e-01
5.089919525063553163e-01
4.939766803164191700e-01
5.146792520689896788e-01
5.093945373145923883e-01
4.655016652913072650e-01
4.913772238332916320e-01
4.981973008547510018e-01
4.894352488257130429e-01
5.193049425220671589e-01
5.378518553031801375e-01
5.084196841659002208e-01
4.986955638444515171e-01
5.011068297195109267e-01
4.835944350897682931e-01
5.250231019722483294e-01
5.327640913400276679e-01
5.263070354024366182e-01
4.966094296974151168e-01
5.247142002263306404e-01
5.124403952524926309e-01
4.902205027579698005e-01
4.784681446870424626e-01
4.750524125434995026e-01
5.292911902348322872e-01
5.432158186413131862e-01
5.007090884682989795e-01
5.323331666406940776e-01
5.098868528929954014e-01
5.179149971432639443e-01
4.980649194000286162e-01
4.381240257292849383e-01
4.749626752234238913e-01
5.117074857342269745e-01
4.679418481845193378e-01
4.774258368610483361e-01
4.907090182277286661e-01
4.841283710075566238e-01
4.325335003024594616e-01
4.819035917337777253e-01
4.656068311947286764e-01
4.642316709957436394e-01
4.834408872575003957e-01
5.158906414082847780e-01
4.751367810819165927e-01
5.059169226724142820e-01
5.287427874908791070e-01
5.097532689239780979e-01
5.276217629452716329e-01
4.492597605518691695e-01
4.697529858118729140e-01
5.272846518715822439e-01
5.041764512433739576e-01
4.819332947567959158e-01
4.875718253313973682e-01
5.491563099770353507e-01
5.029902022040775300e-01
4.929966229493931151e-01
4.658227005789855046e-01
5.204964351659731037e-01
5.372980625769065988e-01
5.056196765985747632e-01
4.995679500939344542e-01
5.230437036058688260e-01
4.492239324810537449e-01
4.841423085127231629e-01
4.979725829604873533e-01
4.863971750015936291e-01
4.965496730928889435e-01
4.490252836349983845e-01
4.988627569616849722e-01
4.335440849844166555e-01
4.700845332579754454e-01
5.414482596801934999e-01
4.874998736971535851e-01
4.815880451372858140e-01
5.375386150744895231e-01
4.821571485516746303e-01
4.673171608054770831e-01
4.442328265261523135e-01
5.220169795634090892e-01
5.536279264955595858e-01
5.486878455260282283e-01
5.349904295811442889e-01
5.025894438681194343e-01
5.010898117583173494e-01
5.310997513315579566e-01
5.005381598017328848e-01
5.438000352639864587e-01
5.281968606944895672e-01
5.490519653382950338e-01
5.072518553206789571e-01
4.644879464977862416e-01
4.812959828197556633e-01
5.063379150739711898e-01
4.801926064498298063e-01
4.878500306543727683e-01
5.176632023904746971e-01
5.207532204815427113e-01
4.655914332569763836e-01
4.659662411106078594e-01
5.027752446212795379e-01
5.141749270159626795e-01
4.899606070831851734e-01
4.905350842486378982e-01
5.050008330539468293e-01
4.797201966962251207e-01
5.107049210796522631e-01
5.136022617575759508e-01
4.719972345009250114e-01
4.734997864231492160e-01
4.676054005167444294e-01
4.623735292830332688e-01
4.944585268003127143e-01
4.949500122380076639e-01
5.447700282548951778e-01
4.728850323105273090e-01
5.245435965454152694e-01
4.769203935365559088e-01
4.543099770609943522e-01
5.442129283733359024e-01
4.571145824930039070e-01
5.122702396773014533e-01
4.681529036865725857e-01
4.531377263421207391e-01
4.671299348519749595e-01
4.278120084007839274e-01
4.315526555840731859e-01
4.462682215035463362e-01
4.802134312530492166e-01
5.059993860076417160e-01
4.544861137434620391e-01
4.692133932267962271e-01
5.692826774728384498e-01
4.547873669185383272e-01
5.093181556947361521e-01
4.873884600956791546e-01
5.053089381537892999e-01
4.444227341942283971e-01
4.724738035538053049e-01
4.443320770668066078e-01
4.720270693497152781e-01
4.840727654764208632e-01
4.740012573160346521e-01
5.155315678067143859e-01
4.904897369452713152e-01
4.737084956429351013e-01
4.707613479673538048e-01
4.727852631457751809e-01
4.814590886160833305e-01
5.064832250919603096e-01
5.210774221630781744e-01
5.447809242805564667e-01
4.716066570615324860e-01
4.802684427348231644e-01
4.978596085994828058e-01
5.441089631429908424e-01
5.147759392319460892e-01
4.912822534952535070e-01
5.126450972432133879e-01
5.025122324693768183e-01
5.051825109355838617e-01
5.205038285453464919e-01
4.981575260714457554e-01
5.240205470149773559e-01
4.649052625336901889e-01
5.256861996077383248e-01
5.633994302157672163e-01
5.354094840510001951e-01
5.063784706940168689e-01
5.264323774938637346e-01
5.045107119144005559e-01
5.010976274734071367e-01
4.856386289646104082e-01
4.646600455799791973e-01
4.495662318304732286e-01
4.687562801798505485e-01
5.096202255442336959e-01
5.288821904485409009e-01
5.144728914349797622e-01
4.813993563648241714e-01
4.693073311441629536e-01
4.988082119793880165e-01
4.803292103845722694e-01
4.468076650985490783e-01
4.691547026070118642e-01
5.012921280847623118e-01
4.969594464319809779e-01
4.608376741441931879e-01
4.672602218673647667e-01
5.429229093556894314e-01
5.000505198070680501e-01
5.038470858775622174e-01
4.844381770258840425e-01
4.700079238600620157e-01
5.020828163861358329e-01
4.649657587186892260e-01
4.863470169816849209e-01
4.664430088772590910e-01
5.059352604289657496e-01
5.133575743702836203e-01
5.010991816484133832e-01
5.183048912074265102e-01
5.258330546832781227e-01
5.086746516489212278e-01
5.154200295385404917e-01
5.417522192617767463e-01
5.265837572615554851e-01
4.734112274529037045e-01
4.983422927417813786e-01
4.898498249026434492e-01
5.127533802607253666e-01
5.031956853418695363e-01
4.898430764832725215e-01
5.286757507367542130e-01
4.948406702127721157e-01
4.970745013543788615e-01
4.373001365011842112e-01
4.760590230789138455e-01
4.578442929956348384e-01
4.635925644831702108e-01
4.802372231930769897e-01
5.442800984656682717e-01
5.199967543831486294e-01
5.036569411055388246e-01
4.771228970588916041e-01
4.660034198607783118e-01
4.393382752842996952e-01
4.976808062684369149e-01
4.806174081986723801e-01
4.849069998121864900e-01
5.127371709991203064e-01
4.974886279635846176e-01
5.027429973870558566e-01
4.601791126284909828e-01
5.223128829889380764e-01
4.843425808781771646e-01
4.849227338919800956e-01
5.643521393915116313e-01
4.526472666649284382e-01
4.665643730089841790e-01
5.010214459684999566e-01
4.847660456310619037e-01
5.100026780405990667e-01
5.412919093810805160e-01
5.206832807252388395e-01
5.482516624589517384e-01
4.626747104315026005e-01
5.135944359528026304e-01
4.372773392495833966e-01
5.287822708028193652e-01
4.936931175248125969e-01
5.300166724106841754e-01
5.400298284439624119e-01
4.819542496343225402e-01
4.939885612845625329e-01
5.372661780396449371e-01
5.036724006390150832e-01
5.330612328676046507e-01
5.073127394998145911e-01
5.294205092166393012e-01
5.179268437378625745e-01
5.135460573224585046e-01
5.168164716626102440e-01
5.183192481338863011e-01
5.449072177687886986e-01
5.038929350285475950e-01
4.836661563347924297e-01
4.828845269110716432e-01
4.914536133848505517e-01
4.929981884556173255e-01
4.566344653650093455e-01
4.475398941165007471e-01
5.181640370014983787e-01
4.981061712718969359e-01
5.229558891698672385e-01
5.160640919031845852e-01
5.232917583492578961e-01
5.189452015227586923e-01
5.075033085913334130e-01
5.260083715069269195e-01
5.241088558173871981e-01
4.973495717997373222e-01
5.459471221175786759e-01
5.473232979863957848e-01
5.189324299514648242e-01
4.791551120563763977e-01
4.779491537116490329e-01
5.125704324906473763e-01
4.924118763328551029e-01
4.936899475577843366e-01
4.779850226911221966e-01
4.977800227916151510e-01
5.006427326820598322e-01
4.807496327605758069e-01
5.272088066006738183e-01
5.335413306546906709e-01
5.434774517698515162e-01
5.401954222261718952e-01
5.263360827670231501e-01
5.414623111821985635e-01
4.802699409954989118e-01
4.890903470334458936e-01
4.786556734089116305e-01
4.436755023266913400e-01
5.049005956519733163e-01
5.059929754051887274e-01
5.006493733105242816e-01
4.878821395428530328e-01
4.504861171326091096e-01
4.626021565998163498e-01
4.608053058551096481e-01
4.630674367329288832e-01
5.287049696279876310e-01
4.883349982633274355e-01
5.128355772382510169e-01
4.867394730457579866e-01
5.082914841506529502e-01
4.659328935983446107e-01
4.601836448678724989e-01
4.983396879146798630e-01
4.937824983780729204e-01
5.388832587016425535e-01
4.848507379107533932e-01
4.904129958570421777e-01
4.437910131429448346e-01
4.746326417227504924e-01
4.761891861755156441e-01
5.490562542498318432e-01
5.046156502798799792e-01
5.102354916353818437e-01
5.165539821129001563e-01
5.294808886578831197e-01
4.591613575365355859e-01
4.561626459455092042e-01
4.884000954578251452e-01
4.499217422132638644e-01
4.685068645690699252e-01
5.023207795277334631e-01
4.735193604557138003e-01
4.848801347026731046e-01
4.897255450726619719e-01
5.180149620225812379e-01
4.723767981014420636e-01
5.234592938529561978e-01
4.900772841520108503e-01
4.753342131540360116e-01
4.515658785316350454e-01
5.438794370972477310e-01
4.817516732117137490e-01
5.536184017943888147e-01
4.926827529943570427e-01
5.144770990729981008e-01
5.141070116254577993e-01
5.045901769852819685e-01
4.845431919283522126e-01
4.835941995041459496e-01
4.968261403160190159e-01
4.638838771831028662e-01
4.742817971769540675e-01
5.061037686036181649e-01
4.824830348968948690e-01
5.398347545433608285e-01
5.018649247040394279e-01
4.764354122455899399e-01
4.588100181559313095e-01
4.691472107448120266e-01
4.549320322432498509e-01
4.354514876878573526e-01
4.835095884075161221e-01
4.706377758374237774e-01
5.256763819846009822e-01
4.635684399744884332e-01
4.557164815207127018e-01
4.654154803861300094e-01
5.154367953889814613e-01
5.341353996169285745e-01
5.315585173594810087e-01
5.313218195787127174e-01
4.846848409383897049e-01
4.899201036960189604e-01
4.612912200791103867e-01
5.131136814544730029e-01
5.008147376528980788e-01
4.887128656417535355e-01
4.973422654402432364e-01
4.378039349097736510e-01
4.818007647979333230e-01
5.113997927320795833e-01
4.623734255511805502e-01
4.859049587549120197e-01
5.206689274933050671e-01
5.301822928535409041e-01
5.650397560821206477e-01
5.504641378980428268e-01
5.248902028370111550e-01
4.894297358188371971e-01
4.916769747560093551e-01
4.965085526846896302e-01
4.921044918018201986e-01
5.137862897625822267e-01
5.303385621050172860e-01
4.867911083061374766e-01
4.541261933273475493e-01
4.952341708584258595e-01
4.832071610512307935e-01
4.947895644375756574e-01
5.113298829326581307e-01
5.162974337821615300e-01
4.906465325642966890e-01
5.201290049806984728e-01
4.787936190142447201e-01
5.040830117967621815e-01
4.478688854325460489e-01
4.805282624708320238e-01
4.789091676877279546e-01
4.801405256607883532e-01
5.264241655389778618e-01
5.103788157390495295e-01
4.493261938328561023e-01
5.155995290009621757e-01
4.873894042450255815e-01
4.624605091349240360e-01
4.979652602684671581e-01
4.916260360768515691e-01
5.013053085928841357e-01
5.106154474497619500e-01
4.874007326922683014e-01
4.466079825198084330e-01
4.849341761505040482e-01
5.041494333285826412e-01
4.880122154089726605e-01
5.172004633391489303e-01
4.590788806691472046e-01
5.183320239693751663e-01
5.032068983185936650e-01
5.232753246187136220e-01
4.725720379967346396e-01
4.666182955493571316e-01
4.702790786525428701e-01
4.790317656279595715e-01
4.642155825590684737e-01
5.190712110494839493e-01
4.846528269031391556e-01
5.071848642563859810e-01
5.391219468564242279e-01
4.965491419611995361e-01
5.089064119242749928e-01
5.160560998887402384e-01
5.590742393485377271e-01
4.816707281230977467e-01
5.024226366424843215e-01
4.842561991121314136e-01
5.230606517625195906e-01
4.700133147506187492e-01
5.218613689152366009e-01
5.545599035451145298e-01
5.073935830762587029e-01
5.214277884954748865e-01
5.211479194244422741e-01
5.786922761858928066e-01
5.168349703295604947e-01
5.453856483063223015e-01
5.602163223881940768e-01
5.497843222255806017e-01
4.623378970952045641e-01
4.941270945735320441e-01
4.581814444967666211e-01
4.991337719282359364e-01
5.335334295708851204e-01
5.021397187155955955e-01
4.793547079615178008e-01
4.813669054555012039e-01
5.038817476584469546e-01
4.592521751322174439e-01
4.943413745889284616e-01
4.763585648721631594e-01
5.076832305962729608e-01
4.631209823828318362e-01
4.467089059813887930e-01
4.649201614629559498e-01
5.085549805160752834e-01
4.823121072117502739e-01
4.920970132295851007e-01
4.910464229371804268e-01
5.226364432683422434e-01
5.059007120578936645e-01
4.576604549118604148e-01
4.482377438109734769e-01
5.314990693588637072e-01
5.245205337286862335e-01
4.802316666059629480e-01
5.158174712833338837e-01
4.866892908783260197e-01
5.096407576865672473e-01
5.011947417384984282e-01
5.227647758161225733e-01
5.335905056974944438e-01
4.793287051078407579e-01
4.862228731605636733e-01
4.751218606483731399e-01
4.926903625298191258e-01
4.635620560898728315e-01
4.723991683823192123e-01
4.846498247743692422e-01
4.764686520204274300e-01
5.106956511995462966e-01
4.586931096935930041e-01
4.978009438033619283e-01
4.993768920025756786e-01
4.863882147324034011e-01
4.602515402397999722e-01
4.682850714268430026e-01
4.664546127005055332e-01
4.878588543868416227e-01
4.469246738034508559e-01
4.904765311547857332e-01
4.515457649010032326e-01
3.789610688875112987e-01
4.053203838566318273e-01
4.403659826519115139e-01
4.355020721020518293e-01
4.671037441598652196e-01
4.251537443758801604e-01
4.703847269467810177e-01
4.580502276569018427e-01
4.624471429226594266e-01
4.644173915485705906e-01
5.044930359099997208e-01
4.479495046387637069e-01
4.933844341443191506e-01
5.208748530976787805e-01
5.363642515524357224e-01
5.080258856208181850e-01
4.922735039959404979e-01
4.742078081131274048e-01
4.875692839391521649e-01
5.083674217423583830e-01
4.512524166194697428e-01
5.176902014777469141e-01
4.562060747825028573e-01
4.991607364770200284e-01
4.548665825533108609e-01
4.992000954584541184e-01
5.092969030013481113e-01
5.597548371204312811e-01
5.085595616074533032e-01
4.913195310816180772e-01
4.892696195429070416e-01
5.294118319667147077e-01
5.345451329818446951e-01
5.101603725056674810e-01
4.866842655170884879e-01
4.994486489499333493e-01
5.398537214809348006e-01
4.617452168371642962e-01
4.611383715238224212e-01
4.959479391026623274e-01
4.414256722874895233e-01
5.260054330523260546e-01
4.872707070495903015e-01
4.870627795872276566e-01
4.971062777458446491e-01
4.981682452666540417e-01
5.733312399432339834e-01
4.910206669334031826e-01
4.792919324086226118e-01
5.123969342362837409e-01
5.112954207844063736e-01
5.054606337568821051e-01
4.905646094111775213e-01
5.516587992265526985e-01
4.982808652255919513e-01
5.103363614086796618e-01
4.929250978293235330e-01
5.251278792599362033e-01
4.825782581526363857e-01
5.200505765699291461e-01
5.001580251715660452e-01
4.788732779902147851e-01
4.866388881504765673e-01
4.647570162473141364e-01
4.952140427847421256e-01
5.101254392321851183e-01
4.507107272845760626e-01
4.857790032952492010e-01
5.153311533145730206e-01
4.836350632754332635e-01
4.668224917031633669e-01
4.615410981284407410e-01
5.039765027489866434e-01
5.233554133149621590e-01
5.087527465649228642e-01
4.748471213336636354e-01
5.027653169155836821e-01
4.816230400731568717e-01
4.267721147407938509e-01
4.844916799813764330e-01
4.715750676775721795e-01
4.518578221772550640e-01
4.584634856652791690e-01
4.755201617982090512e-01
4.473989120450966861e-01
4.825017631811975294e-01
4.621222194618495593e-01
4.746483013121775008e-01
4.938595087006946716e-01
5.037761014957233829e-01
4.640747666241417102e-01
4.979017194389006584e-01
4.865784487243067780e-01
5.181481680784638666e-01
4.750771607486707349e-01
4.586516079555381098e-01
5.040591783267759363e-01
4.937327032308838626e-01
4.745244087291680679e-01
4.781671048153320336e-01
4.512313728564437687e-01
4.893157699634494429e-01
5.341617913053273714e-01
4.884910551078064378e-01
5.370175288249912082e-01
5.158515324708674576e-01
4.964684423415350878e-01
5.044451535303453582e-01
4.681481372578401023e-01
4.714252576779336956e-01
5.155139769646177594e-01
4.467819658464161625e-01
4.537727450230173987e-01
4.610859130563080832e-01
4.846158582141944504e-01
4.678748865308939853e-01
5.551998657305250440e-01
4.782949275800646438e-01
5.267540076582017949e-01
5.161878080706393535e-01
4.812739826005311139e-01
5.137507827753239331e-01
5.259839242514339208e-01
4.798240924125732332e-01
4.603397906643472703e-01
4.898727865797038450e-01
5.198778870586830969e-01
4.508781288920336583e-01
4.627492592644146807e-01
5.075195544926107694e-01
4.961118110293274985e-01
4.812574020036192723e-01
4.786198111868407157e-01
4.976684654446371092e-01
4.979597652396883789e-01
5.186423368923379629e-01
5.331999801041129583e-01
4.842934188763611258e-01
4.596488656929999528e-01
4.976197088686464820e-01
4.936464587315256280e-01
5.327762707507991413e-01
4.848003702051166819e-01
5.276113955532527600e-01
5.062909222657657748e-01
5.524759830005268046e-01
4.707726041513061732e-01
4.779731783055640726e-01
4.864405957939784142e-01
5.082468974396250339e-01
4.693416327922140807e-01
5.127137353603060665e-01
4.968656450641103506e-01
4.869456548584443212e-01
4.862358106367791200e-01
4.868800462224358583e-01
5.026421436063734927e-01
4.699562432228545084e-01
4.888046824604578289e-01
4.991158003015310207e-01
5.359685780064867844e-01
5.104440038163132742e-01
5.244095844282781194e-01
5.126193711011157728e-01
4.970751938633315437e-01
4.972710154594928156e-01
5.317391686288837072e-01
4.783283371812324103e-01
4.906781195822202957e-01
4.813496659063120076e-01
4.893752578822027632e-01
5.206988539110223302e-01
5.131725442471061216e-01
5.250447029182340186e-01
5.034626433354100206e-01
5.123570923826497037e-01
5.138135231301477202e-01
4.807036867446400352e-01
5.112651041532016993e-01
5.601021699814928700e-01
5.428182248094404194e-01
5.203163370055896575e-01
4.733060605197071391e-01
5.091200662892062523e-01
5.229998429144550043e-01
5.336134246749857368e-01
5.297364110728479680e-01
5.067869443073792501e-01
4.869713505360239725e-01
4.882895850140443472e-01
5.109678106708428480e-01
4.724975063704005551e-01
4.701659637670932979e-01
4.655487063354189492e-01
4.961809387728464693e-01
5.005305058646634109e-01
4.978358157907504800e-01
5.212969070927550019e-01
4.853286189637121550e-01
4.660150264552384014e-01
5.197117653026519513e-01
4.869438084495240071e-01
4.026100444063113182e-01
4.678488248091959845e-01
4.414167736907518291e-01
4.864765007761424065e-01
4.943093888320734264e-01
5.200140592628812453e-01
5.336914142400525085e-01
4.779359689273955936e-01
4.762362310177147839e-01
5.173448733652534770e-01
4.935453014183216469e-01
5.222004282146982534e-01
4.918924995382990550e-01
5.187803277536566782e-01
4.743769412946405861e-01
4.686043259549291240e-01
4.871042157632552438e-01
4.981348377306274999e-01
5.038691529318447548e-01
4.706167478163024165e-01
5.120307844653686491e-01
4.580790859124955205e-01
5.224863938159330923e-01
5.059184644717570345e-01
5.082699465241202752e-01
4.961184051806711293e-01
4.660568265427106893e-01
4.896462844042862583e-01
5.040611765157840818e-01
5.250122911244859969e-01
4.925664542002857749e-01
5.469894679740552323e-01
5.230742661297174134e-01
5.179925712036883567e-01
4.616701032365028157e-01
5.019514654521164410e-01
5.563799641586563149e-01
5.193000456990193303e-01
5.065314010066989114e-01
5.088977920978604574e-01
4.955977350549463645e-01
4.993729691909025714e-01
4.691415832675733255e-01
5.139204206059376778e-01
5.031159231442488000e-01
5.210974365209324333e-01
4.760308910117749259e-01
5.105187535159277923e-01
4.695281000334967092e-01
4.945842141267152159e-01
4.911754157130405751e-01
4.812924240795440345e-01
4.774717402168613400e-01
4.650071711353823134e-01
4.796566699293584590e-01
5.429243795341173184e-01
5.022390403067786835e-01
5.347162341678844966e-01
5.232509067460116015e-01
5.329131272178422307e-01
5.766103996001744614e-01
5.364381139842719914e-01
5.112796941201005474e-01
5.566302285780521109e-01
5.087168241896454779e-01
4.949771170463350689e-01
5.333024926660859810e-01
5.263000731283236089e-01
5.170708795172865857e-01
4.897012811902137774e-01
4.442722876267579113e-01
4.713014058109695759e-01
4.957748236031461753e-01
4.692899978638416236e-01
4.901160419070834662e-01
5.204358928765260295e-01
4.986831060638624580e-01
5.250430845287870074e-01
5.373911100114957540e-01
4.969804694860329164e-01
5.114011129803370803e-01
4.864165846616599342e-01
4.971568964139038149e-01
4.713105724010790976e-01
4.556360641707959958e-01
4.686398026119040217e-01
4.500031442805576543e-01
4.516552991466140088e-01
4.833480806645201189e-01
4.857107900159146063e-01
5.093826336103227659e-01
4.858728490009343037e-01
5.112687254406755866e-01
4.915459657083883771e-01
4.588212983134400957e-01
4.610335038742114366e-01
4.941445486851331337e-01
4.918936335895184309e-01
5.031391255046542277e-01
4.739193523954198795e-01
4.923333114180715175e-01
4.877367285998003288e-01
5.317323733016374732e-01
5.235007335926331606e-01
5.208075298253544982e-01
4.519597129966704263e-01
5.333070114558374764e-01
5.178625034671135996e-01
4.983531210009494727e-01
4.890436585550466120e-01
4.965427344413885780e-01
4.571262322170639991e-01
4.768295634058152266e-01
4.897407657925710311e-01
4.786150378085209378e-01
4.866391975668985515e-01
5.130849691860395190e-01
5.140548993123313926e-01
4.798414436174516240e-01
5.008411817236545494e-01
5.370193569994006211e-01
5.295602396287457658e-01
5.101776193169229590e-01
4.840401597982943449e-01
4.671174580952989208e-01
4.804143898486816777e-01
4.841738449698272384e-01
5.265618487160272920e-01
5.338803199585555603e-01
5.315138427881654914e-01
4.609188280758773071e-01
4.704739978327193706e-01
4.991445562801175018e-01
5.548554984264812973e-01
4.671290585891192948e-01
5.143200410405343037e-01
5.024776408269138184e-01
4.947498954177051433e-01
4.864102173554114006e-01
4.859247088222394262e-01
5.303492541918939374e-01
5.141837898827352760e-01
4.899213560919050692e-01
5.057465185384678596e-01
5.405189646348023125e-01
4.996513593084543348e-01
4.867887945103061553e-01
4.652644614738052908e-01
4.855712844854918608e-01
5.058067436329061195e-01
4.787810138043930297e-01
4.859317663462492387e-01
5.219029653878436426e-01
4.633575826439951806e-01
4.695373119540972584e-01
4.823763997934061298e-01
4.526054276013630751e-01
4.341636561212309786e-01
4.392002332229122397e-01
4.582869383737291358e-01
4.895321892789102902e-01
4.774382878467999247e-01
4.627905353369777264e-01
4.819009460410658696e-01
4.980291244307115117e-01
4.896040194303867277e-01
4.769298978075962592e-01
5.108950292031911866e-01
5.573205454002333470e-01
5.125264392456179152e-01
4.542032796293385966e-01
4.946655029176037499e-01
4.900296827442568448e-01
4.652306945455556009e-01
5.157981447505136652e-01
5.389086521199618618e-01
5.089496379775979573e-01
4.827161532395621291e-01
4.983792610295674774e-01
5.340333137077118986e-01
5.112248377750248096e-01
5.190073010151884381e-01
4.790204034369238140e-01
5.007012753043962316e-01
4.775620190888408834e-01
4.968950967794550366e-01
4.637401625272185579e-01
5.027767580443955886e-01
4.681468445219481023e-01
5.162363302251867792e-01
4.690586452063117973e-01
4.945551514578385710e-01
5.153279939331543158e-01
4.748115474804271985e-01
4.700268394583596576e-01
4.223843451271567240e-01
4.654867771206136484e-01
4.634570191658443084e-01
4.548166832876242571e-01
4.733236228190648154e-01
4.793886582822263764e-01
4.978483322322169724e-01
5.128766985226338448e-01
5.008116904033170780e-01
4.713528101563717598e-01
4.787240589734712559e-01
4.765783268277412610e-01
4.889164902163270487e-01
4.874639232113954224e-01
4.913813469316385962e-01
4.594656678057901233e-01
5.107077102835738680e-01
4.849059761946323821e-01
5.053893782497035359e-01
5.155995019636637755e-01
4.921263290838947535e-01
5.047016199464202657e-01
5.402911780015154930e-01
5.353626205532203697e-01
4.732676094217199703e-01
4.731480027839868319e-01
4.892588814259771213e-01
4.939124492880129225e-01
5.032794203437487290e-01
4.479159412774226801e-01
4.988103638471623191e-01
5.088790241423895022e-01
4.960791646249840259e-01
4.708029221928404229e-01
4.589015240211744007e-01
4.961514299624584234e-01
4.808995130013260511e-01
4.663806455045018673e-01
4.978214268765624451e-01
4.752852157318120385e-01
4.849135635302522784e-01
4.845043631960855857e-01
4.742627888811721260e-01
4.908029800176887947e-01
4.758957084086062883e-01
4.986615429140258682e-01
5.081592919717025092e-01
5.043762864614531605e-01
5.234301619654840865e-01
5.245729634877089875e-01
4.982230833902235312e-01
4.910480646163056240e-01
5.322906408354366459e-01
5.345407721047460425e-01
4.507731957981039317e-01
5.114785387732772026e-01
4.562593374786708678e-01
4.766691986085607735e-01
4.758068556251831560e-01
4.549596207805467474e-01
4.583925230782278093e-01
5.000654813316267600e-01
4.630212873177950161e-01
4.962711304714840788e-01
4.785606658934286606e-01
4.541638091638663388e-01
4.451127910726388470e-01
5.018100860229931515e-01
4.480007446225920398e-01
4.706890496979204697e-01
4.905418996732915926e-01
5.341975406534686943e-01
5.036232331800712947e-01
4.983842991793000499e-01
4.695875644294388862e-01
5.454566981509865187e-01
5.146487000317411242e-01
5.049898310420881664e-01
5.555092523760110090e-01
5.047734812952469063e-01
4.984640472573843017e-01
4.851997566054318534e-01
5.182300132382501312e-01
4.610441981233441289e-01
4.453165497975293818e-01
4.851034588674240089e-01
4.749571038433436088e-01
5.125420656273647069e-01
4.978099116291415660e-01
5.348300593315737927e-01
4.833398086960954965e-01
4.839411721616834750e-01
5.281972527972040865e-01
5.012015058575942650e-01
4.997414666306244646e-01
4.973876663186244662e-01
5.099642736403720011e-01
5.088678900103678071e-01
5.426665967256050216e-01
4.802279672540780142e-01
4.704635257824825167e-01
4.535896155510115157e-01
5.076058225764550347e-01
4.770234174398223503e-01
5.122116338446727202e-01
5.135095220590724097e-01
5.200034197105880551e-01
4.916824002482252931e-01
4.836827704937023964e-01
5.113751035793494548e-01
5.049258221598994512e-01
5.055624578600409480e-01
5.564325488095520633e-01
5.025027829836159476e-01
5.052979548005555044e-01
5.018658477781648974e-01
4.799621974616433140e-01
5.212478020551623015e-01
4.646268379368382884e-01
5.203880173123072161e-01
4.899812130442228186e-01
5.064866823267741847e-01
5.072856355764098213e-01
5.059912787725164840e-01
4.825081314242353203e-01
5.129076121827786938e-01
4.899415829920454324e-01
5.111451194542276921e-01
5.208774283773285330e-01
5.105680513495964856e-01
4.561272192616445120e-01
4.508297764878855252e-01
4.713873124317833341e-01
4.785382217358608581e-01
4.539782935829723143e-01
4.349187752581416544e-01
4.991669780694719671e-01
4.618854785711339894e-01
4.939602059549419444e-01
4.885273124997246974e-01
4.646552243942765337e-01
4.973812653369978909e-01
5.006577560063663057e-01
4.471849424617537205e-01
4.923446305126094047e-01
4.871219982358006018e-01
4.613034208048291118e-01
5.103633102376287090e-01
4.909221422717957584e-01
4.751268954498923947e-01
5.462599630263441641e-01
4.583779528715306584e-01
5.023456643846383463e-01
4.643389850574741184e-01
4.492192866970693976e-01
4.430289818312692085e-01
5.029711287461374747e-01
4.508005120399683485e-01
4.975900423789634264e-01
4.765860697468952134e-01
5.277969429013810165e-01
5.035136692303145978e-01
4.919711571652556903e-01
4.982278578052602436e-01
4.863526618033300331e-01
5.283724250303476477e-01
5.157674773474125729e-01
5.444539738382592198e-01
5.408169047493903703e-01
5.249183374591893658e-01
4.889637535924291067e-01
5.406009435958701870e-01
5.015330836275035953e-01
5.003648911951268374e-01
5.197527884630844808e-01
4.886431379768224059e-01
5.076249745344246778e-01
4.923983484459639182e-01
4.837826988124889205e-01
4.475985654678462655e-01
4.663933717061077844e-01
4.722458409147946568e-01
4.874941282764619910e-01
4.728832526923907320e-01
5.018096281319016638e-01
4.862918638554314943e-01
4.537600941758330730e-01
4.686312731071129445e-01
4.557910197552108578e-01
4.825102291183132053e-01
4.250575125875885041e-01
4.443261893978357469e-01
4.339303407844010696e-01
4.781942296093030786e-01
4.858301297348963099e-01
4.673014447365050894e-01
4.947907918410912043e-01
4.885673182796776981e-01
4.862012837262727483e-01
5.174294913403738594e-01
4.723977247794167722e-01
4.775269785894528662e-01
4.314007244656256623e-01
5.013144217493179511e-01
4.878935127011566064e-01
4.956684790333413249e-01
4.796646076235283607e-01
4.794930417261712430e-01
4.836803861549183736e-01
5.188892122615089697e-01
5.577452538614339206e-01
5.365081979401054024e-01
5.410760759510054863e-01
5.087772464836582964e-01
4.762019509038618037e-01
4.577159033427473656e-01
5.037259089886557684e-01
5.233807295066345011e-01
4.843745015867306214e-01
5.285481409020306165e-01
5.236969347981754730e-01
5.012727641765263309e-01
5.267414053967917065e-01
4.818768084043855704e-01
4.480682942288392590e-01
5.373999097135706560e-01
4.539898327427012159e-01
4.391705502800476446e-01
5.053474946546082647e-01
4.501579995817197033e-01
4.503372234881342639e-01
4.776886379611162137e-01
4.756754473339899203e-01
4.956210040255383253e-01
4.709033586213697831e-01
5.208752005370999028e-01
4.890170461969136073e-01
5.100940915947328458e-01
5.176861267229136976e-01
5.193338788367428682e-01
5.174656071984796712e-01
4.908260095378013110e-01
5.135637269230624025e-01
4.858026955414601056e-01
5.008811989760058037e-01
4.596896587733108053e-01
5.197117879278182473e-01
4.960246408306345778e-01
5.036269040243130934e-01
5.371507657990559625e-01
5.101781740007450550e-01
5.267998384112446697e-01
5.221612611959650652e-01
4.985350351706777650e-01
5.022198463045147721e-01
4.898121500851574384e-01
4.913749692187197038e-01
4.627563219918381376e-01
5.091088022619923992e-01
4.906805616244799273e-01
5.081392637341903828e-01
4.694542079891257380e-01
4.997430124947143670e-01
4.524680774648451309e-01
4.603248227557671934e-01
4.420219146202160054e-01
4.894360543384136397e-01
4.735991692199493786e-01
4.839528833890654469e-01
5.010159520244360509e-01
4.779701630333056950e-01
4.678563081450487493e-01
4.664454110388200903e-01
4.923388062921868480e-01
4.673275022517031640e-01
4.897021865990533462e-01
5.064635648661236500e-01
4.905713220885192793e-01
4.838371546433554160e-01
5.214459318527459031e-01
5.278806459019491637e-01
4.922787898023814890e-01
4.758495147092930422e-01
4.828168922766246096e-01
5.021799693568030909e-01
5.050944611367225168e-01
5.093051347548818164e-01
4.949197431992244933e-01
4.657001780146399761e-01
5.288169777432457641e-01
5.374164853254640439e-01
5.420750417006651167e-01
5.100751242977286104e-01
4.975702307901397892e-01
5.274319920247817484e-01
4.919956104548650067e-01
5.186920079792615157e-01
4.857102069268227074e-01
5.282190263094067584e-01
5.262786984782260591e-01
4.883406239627002265e-01
5.275891872104576663e-01
5.524243688936084640e-01
5.070738563595434956e-01
5.256603913350387236e-01
4.871445838655878435e-01
5.157852681900174652e-01
4.702636324623529207e-01
5.135189494145374622e-01
5.030245712468059960e-01
5.688633447100104323e-01
5.145261858186602755e-01
4.918724203075313106e-01
5.304370056631345642e-01
5.060036047015153970e-01
5.041586764795771280e-01
5.112394675888841666e-01
5.195653600627228030e-01
5.019072086957798717e-01
4.839213240145467387e-01
5.425033423091598639e-01
4.977170467507189833e-01
5.050703866315440216e-01
4.628979041502639391e-01
5.365347381863291298e-01
4.522962895668449779e-01
4.968596240929255003e-01
5.302413076121356150e-01
5.442052007765805222e-01
5.132640048916716768e-01
5.267814703014421784e-01
5.088641432333860237e-01
4.645828356795381198e-01
4.728377108763001102e-01
5.020768766115761839e-01
5.165413836070497089e-01
5.002831004702102957e-01
5.031033992433194824e-01
5.173138712752062274e-01
5.187114792182342393e-01
5.211484509316254288e-01
4.692801901568327549e-01
5.485658345957810100e-01
4.883534270484051198e-01
4.962962222729576656e-01
5.531854782497144241e-01
5.052437939754348406e-01
5.316130287954066169e-01
5.022799302968961044e-01
4.453787008148492044e-01
4.892195942140752374e-01
4.726815655313189590e-01
4.911112054600680343e-01
5.413140926899043803e-01
5.410353076540063144e-01
5.183852041447276626e-01
5.013441653900797546e-01
5.125161148271324407e-01
5.003794376602286320e-01
4.954167553929315071e-01
4.808668259376755461e-01
5.316524526508289439e-01
5.161732705346200323e-01
5.038309282971673575e-01
5.463657392355097953e-01
5.544030892196886162e-01
4.980185304863824491e-01
5.043388861364420661e-01
4.934235307630685519e-01
5.472292844312670601e-01
4.806672154140085862e-01
5.362044239075220986e-01
5.363146677075190105e-01
5.083294715593612567e-01
5.081001029703726690e-01
4.725092731163942350e-01
5.146063642208251743e-01
4.566198269776985952e-01
4.541676213475633883e-01
4.973021892904297414e-01
5.047511751126952939e-01
4.681379315846765921e-01
5.391650929847812135e-01
4.906829913335662430e-01
5.182422765651172325e-01
5.262434113232107302e-01
4.839271426057338288e-01
4.488632640337608115e-01
4.870709240906002102e-01
5.406808630315763642e-01
5.369220589452108339e-01
4.924086403859819216e-01
5.128718999366088660e-01
4.610445904779891246e-01
4.902778199626016131e-01
4.595389205151410028e-01
4.724130952206228584e-01
4.622847646655455223e-01
4.248325817986644548e-01
4.456715377731469974e-01
4.222747514959258042e-01
4.756740234724712857e-01
4.425606461053818164e-01
4.806859238752121399e-01
4.684513266770372053e-01
4.700330947879201027e-01
4.535895674572918423e-01
4.621628423325045421e-01
5.417335513635990196e-01
4.983596042488476763e-01
4.768255157973729785e-01
4.341293488391638200e-01
4.831703136163442713e-01
4.615066308328594213e-01
4.776425370791853031e-01
4.731140261332634767e-01
4.661248548894196819e-01
4.797755839926520771e-01
5.095223343756061229e-01
5.309862745252935667e-01
5.120430471026592434e-01
5.322288293727265307e-01
4.781790922808211719e-01
4.983914884603500295e-01
5.137565459581840965e-01
5.130064114945900311e-01
5.109183920635980147e-01
4.934239862385825792e-01
5.510097855332805050e-01
5.006330270508001501e-01
4.625418089250074583e-01
4.668378201994688448e-01
5.045700967356745448e-01
4.565956929679000353e-01
4.908078033912655069e-01
4.611610925662692484e-01
4.918674757785418405e-01
4.544679081807393994e-01
5.212831189790698705e-01
4.911060730798516571e-01
5.078332924766820744e-01
5.002558203772451417e-01
4.793622499537998349e-01
4.474972535588961353e-01
5.182370957286863700e-01
4.869473095062936130e-01
4.580349758295647056e-01
5.095071900519090313e-01
4.952605774175282138e-01
5.065974259586487616e-01
4.949125945003494120e-01
5.266370750597166861e-01
5.472991411109978666e-01
5.177752837472466840e-01
5.111917936309462451e-01
5.194465074847277597e-01
5.084811255651870976e-01
4.940988950804987567e-01
4.863775329724941976e-01
4.849438699550318588e-01
4.782162630189061847e-01
4.902503120442986972e-01
5.077573234269248115e-01
5.042332691171521608e-01
5.379588181104761890e-01
4.963733472383177747e-01
4.765419851750065661e-01
4.972230269624215437e-01
5.120994727664048840e-01
4.639803967620935166e-01
5.120704850517756590e-01
5.021309829869764485e-01
5.106128515018865111e-01
4.847946800248204013e-01
4.549424318858421024e-01
4.621754713650784163e-01
5.079616247756495451e-01
4.617326406712718989e-01
5.173788374072093577e-01
4.851692018668932183e-01
4.905146915977225408e-01
5.061166678644433148e-01
5.268481117278209780e-01
5.386874430077828180e-01
5.231400175519225204e-01
5.130462655952269246e-01
5.356689274612125296e-01
5.174811440500961535e-01
4.658033028018216948e-01
4.673452581561999830e-01
5.447071376350821614e-01
5.269480458222361996e-01
5.376917256135801404e-01
4.588091134473828436e-01
5.012227668353016474e-01
4.987928857593755261e-01
5.083118949130929209e-01
5.176170114043463499e-01
5.256104793717606416e-01
4.894251794424868129e-01
5.146632985081118772e-01
5.301855443517458077e-01
5.088575717707762847e-01
4.871381444533033900e-01
5.391681011952660363e-01
5.234720737527374101e-01
4.821902458009562076e-01
5.253075156959787773e-01
4.920419931783155398e-01
4.546507908961667788e-01
4.847208485620993490e-01
4.768731864551601918e-01
4.903649280016823542e-01
4.810506616358208865e-01
5.029798758246853962e-01
4.975735411862951540e-01
5.450773237023707196e-01
5.376137702453970268e-01
4.822121399678321318e-01
5.427320104579856919e-01
4.855509939788806850e-01
5.184775369493532793e-01
4.851146174720951665e-01
4.981435376987043417e-01
5.544329775055971687e-01
5.187095620184055678e-01
5.372894575900253322e-01
4.883012904832251255e-01
4.587873350497483349e-01
4.826858361353679738e-01
5.111260528581137441e-01
5.013654963088215455e-01
4.913959340356233163e-01
4.911951072098284521e-01
4.675977470531477165e-01
4.671975486550977164e-01
5.219539476116312748e-01
4.829405376862924149e-01
5.053027088229111730e-01
4.915828450137327832e-01
4.969693716431772823e-01
5.089164642287342666e-01
4.725000134597842072e-01
5.167386514139326037e-01
4.635932994284849840e-01
5.199320262551085925e-01
5.204484353935575625e-01
4.963231225397290447e-01
5.443778044811834471e-01
4.662675249429593105e-01
5.203725709606236149e-01
5.379894358471321025e-01
5.227439718938520219e-01
5.595252683417665240e-01
5.165845007360484464e-01
5.396534226157524428e-01
4.970157118229609483e-01
5.512562990860394585e-01
5.433688765453021929e-01
5.101107041808685683e-01
5.068397843271400527e-01
4.906212037516925473e-01
4.881498863872434368e-01
5.576512264639594818e-01
5.254662254493064344e-01
5.132686168217714950e-01
4.855137643426756244e-01
5.313685481826043722e-01
4.834144203783393157e-01
5.070310641765797266e-01
4.787550646945847310e-01
5.180165417025810459e-01
5.009226475930369515e-01
5.023995464855341986e-01
4.987161410056707989e-01
5.185422776178155724e-01
5.256359983441535322e-01
5.080001467172811092e-01
5.411035361743772309e-01
5.226711237810778288e-01
5.009945738962252593e-01
5.043220570427840999e-01
5.266866465602706437e-01
4.647377904146104965e-01
4.590240888926464535e-01
4.904486680538683308e-01
5.259819338508175957e-01
4.968632220786619591e-01
5.114759577176363203e-01
4.874175371943459401e-01
5.496904300952626388e-01
5.260344374907091058e-01
5.737101355666367475e-01
5.125183742855052849e-01
5.270398484973181086e-01
4.997353079025368960e-01
5.267916800218461759e-01
4.856985340823537500e-01
5.185158939781048248e-01
4.709919336254039246e-01
5.079180516951831148e-01
5.073976747212101124e-01
4.963549060363838250e-01
4.653357863282293061e-01
4.097379906569411645e-01
5.171204241412934444e-01
4.425230140864324646e-01
4.783973296958792254e-01
4.664518141781119898e-01
5.024180838256342430e-01
5.137763685789622503e-01
4.668496474866519197e-01
4.605680601191971535e-01
5.213125984560006421e-01
5.278719596834577921e-01
5.082032358168722119e-01
4.822511312781282977e-01
5.298232250113321662e-01
5.243923367857163953e-01
4.844632310755113136e-01
5.367701565643585582e-01
4.888438322824701365e-01
4.441971025281927221e-01
4.662874407182192038e-01
4.645438014832273810e-01
5.160207543195107771e-01
4.796732532795960902e-01
5.176602109810205521e-01
4.898993307145302345e-01
4.539361478683661688e-01
4.596666908635447246e-01
5.081122542796127073e-01
5.261571534448674647e-01
4.504123351631619809e-01
4.395648652055416661e-01
4.665675285595307642e-01
4.980167737008125983e-01
4.764532700639323992e-01
4.509739701304616433e-01
5.046181532406004422e-01
5.343942944050574795e-01
5.177578934998032789e-01
5.098344951685507276e-01
5.063633415408933525e-01
5.292101377633662285e-01
5.104520527734800472e-01
4.877010471784364865e-01
5.373960505701304013e-01
5.295187467116306834e-01
5.071973196891869096e-01
5.501483954522305986e-01
5.266390836537588882e-01
5.169596560984233147e-01
5.123475412413833752e-01
5.060862539500992074e-01
5.372944655990393725e-01
5.470083474858490336e-01
5.026094579763555892e-01
4.857320321343311376e-01
4.901362126624444482e-01
5.032126265452996350e-01
5.195200646665728561e-01
4.815763061481057594e-01
5.035672003548186115e-01
4.773540840434514210e-01
4.883693491624477856e-01
4.587721091916269200e-01
4.941306120446246064e-01
4.538722111504370216e-01
4.727349409397449409e-01
4.885207816948697879e-01
4.590035934629891901e-01
4.817600047287826648e-01
4.789187497478747391e-01
4.890925581755910523e-01
5.197296872197733064e-01
4.735674172142487204e-01
4.548688132636811154e-01
4.356525449649937265e-01
4.794612707988109568e-01
4.459574193095354744e-01
4.704200366900097574e-01
4.600077896350798778e-01
4.150971184259407143e-01
4.723924233930854033e-01
5.271554155171203071e-01
5.176957700577639043e-01
4.779482588351421368e-01
4.947970572741234863e-01
4.683124136320773734e-01
5.014386102771938303e-01
5.142848572431948373e-01
5.393167932414879573e-01
4.977470857632798062e-01
4.755749821685988366e-01
5.000621455132531201e-01
5.091178727868351794e-01
4.815969821364277648e-01
4.603873747127263383e-01
4.560049263540898457e-01
4.888990081597271997e-01
4.782184471163337669e-01
4.376835806222073577e-01
5.235283642808512550e-01
4.663731476846131319e-01
5.000047302330301591e-01
4.384031561320573811e-01
4.364368701623740909e-01
4.158494257428816399e-01
4.778140674106766128e-01
4.595450858261865834e-01
4.811428060378082350e-01
4.942386813642442589e-01
5.229525615817451900e-01
4.840663810667898415e-01
4.852697167453979277e-01
5.042250585013711150e-01
5.154246441712382332e-01
5.024927411515557329e-01
4.889055130332918275e-01
5.149960995891894600e-01
5.038011170964629137e-01
5.130252368728507317e-01
4.933044608020785704e-01
5.042108267912031039e-01
4.895661636144701401e-01
5.059512549292681793e-01
4.716768987687701142e-01
4.867915201224143895e-01
5.056386885207676540e-01
4.909216824174338356e-01
5.187426379413128119e-01
5.087750408911240196e-01
4.961876379819746274e-01
5.000508813065798197e-01
5.055521539949944243e-01
4.941153143720639074e-01
4.856536464005296039e-01
4.722068078783478451e-01
4.775066861717929823e-01
4.659720684117586997e-01
4.794447000307260343e-01
4.844838666769618052e-01
5.202118282431111851e-01
4.902901064819252808e-01
4.844113998352824746e-01
4.717066124153038720e-01
5.052895815010641778e-01
4.714353416889842108e-01
4.736599200815619359e-01
5.119960639591054630e-01
4.817112988060877621e-01
4.989624647735352858e-01
5.040491845492259815e-01
4.879466238826637436e-01
4.673388565867775402e-01
4.828447814597446319e-01
4.608117759231497024e-01
5.091162475553318023e-01
4.999820204609318752e-01
4.972648981567960313e-01
4.929336862313370982e-01
4.485491979092064430e-01
5.131963005937678624e-01
5.097273180362890121e-01
5.471083773079838952e-01
5.156412119754444356e-01
4.946685899959564758e-01
4.895712302289131901e-01
5.262856336024025472e-01
4.906997099894227499e-01
5.356176759067251547e-01
5.264601689042623933e-01
4.741844255162080413e-01
5.232568649409081729e-01
5.102230333055153277e-01
4.988242933425447445e-01
4.844880497288275301e-01
4.849743413452906049e-01
4.765253334344910496e-01
4.727861359419004428e-01
4.702017086854378136e-01
4.386635916151695458e-01
4.595977265631211450e-01
4.741837777203196658e-01
4.395838298466565042e-01
4.844038711342294468e-01
4.777052167236606195e-01
4.449567072226879860e-01
5.092035638097089922e-01
4.619698573135652131e-01
4.422571505014103455e-01
5.230147838810077499e-01
5.070308014864154389e-01
4.968010454903792339e-01
4.891729432453382764e-01
4.694655847044022501e-01
4.627955271087137445e-01
5.063095391871808015e-01
4.847129194218047776e-01
5.147126306876621538e-01
4.965441358109549119e-01
5.047878426904808258e-01
4.678714487350287832e-01
4.935998301157256130e-01
5.221108009486734591e-01
5.049825715084605982e-01
5.042559266569740517e-01
4.793406289392896369e-01
4.925253500939157925e-01
4.842409074536376812e-01
5.044580394768197751e-01
4.740807364688406911e-01
5.011142023193538853e-01
4.775795166365729982e-01
4.920585302680585693e-01
4.545853095369145058e-01
4.844026070200479483e-01
5.023710795532672080e-01
4.879127685332789732e-01
5.011968906692209069e-01
4.882315750222184780e-01
4.902291709254843477e-01
5.394060313638590065e-01
5.179413351616973804e-01
5.047813129442029201e-01
4.779298940128737239e-01
4.827756413542015346e-01
5.176121071307400179e-01
4.344157568778184708e-01
5.108132678513670477e-01
4.848686329927127669e-01
5.149391171345407692e-01
4.597635896285536261e-01
4.987912682111053098e-01
4.989231402179461483e-01
4.829056329229527988e-01
5.160746681407092362e-01
5.217915214213060260e-01
4.710811481217053731e-01
5.190087371883763678e-01
4.712947819746523548e-01
5.202055975501378438e-01
4.800436941240062705e-01
4.717344288800046637e-01
4.698558330708872410e-01
4.718627600364417307e-01
5.087560731747515774e-01
4.728833083352917965e-01
4.642439131912709516e-01
5.149102116925230455e-01
5.173349661582273828e-01
4.721393108749714074e-01
4.821066616348436695e-01
5.278950286536834291e-01
5.094275738407940679e-01
5.384682731614626183e-01
5.572434255787045432e-01
5.133643987026004218e-01
5.178854307010298808e-01
5.123958580894304449e-01
5.347682767161698880e-01
5.168178315149661861e-01
5.293360270095210929e-01
5.412529053373628107e-01
5.100317833395034972e-01
5.234074055870459041e-01
4.679770341097301833e-01
5.316161712840385967e-01
4.780819958156322103e-01
5.082710792658018395e-01
5.078079690076759967e-01
5.081098691031634695e-01
4.885194147247176599e-01
4.884096978673715950e-01
4.981349863048771254e-01
4.936081516486353626e-01
4.858570565493803839e-01
5.232192960895504230e-01
4.898135489476013182e-01
5.342608502971463169e-01
5.131314445617123354e-01
5.168753257153186897e-01
5.172389465026021593e-01
4.980415322162194403e-01
4.838969892133932471e-01
5.079728426933894925e-01
4.896668926989275472e-01
5.255648483636707891e-01
5.136777355125906608e-01
4.915792573926632270e-01
4.757373850963043105e-01
5.193637340759825749e-01
4.858235320917336231e-01
4.796020384460866204e-01
4.518481038553293638e-01
5.218106343620242393e-01
5.087166680601715729e-01
5.245711558081102011e-01
5.089276060007659197e-01
4.904613615530776793e-01
4.842566989264319721e-01
5.128123469007788149e-01
5.248159152052788157e-01
4.776238001419016999e-01
4.580237012354616555e-01
4.977567489182783134e-01
4.349653147575883172e-01
4.679929613778857633e-01
4.895295207940069115e-01
5.092520877966418835e-01
4.539947016448333539e-01
4.346035441630820562e-01
4.477081962442698293e-01
4.027507832719404712e-01
4.564260111189832325e-01
4.806525636929094292e-01
5.486923003268059373e-01
4.712906720723050724e-01
4.807468971959727444e-01
4.610710450135294125e-01
4.716253159100999848e-01
4.731593519700577066e-01
4.872130190795620486e-01
4.912300987782053374e-01
5.083374460531382422e-01
5.241397828164360284e-01
5.153678130611331065e-01
4.960325466556044227e-01
4.881265830469971312e-01
4.937611011346185186e-01
4.864391700983687894e-01
4.808678380596377866e-01
5.276981875813120393e-01
5.051714769813387962e-01
4.728966767351180378e-01
4.957720975143988240e-01
4.479891767652263712e-01
4.553480451667484274e-01
5.054424468813571991e-01
5.293020124158357431e-01
5.121412317737233932e-01
5.063534093880099896e-01
5.089236685866760368e-01
5.159831402319962068e-01
5.016878785687710618e-01
4.411754425403388580e-01
4.885120992532533402e-01
4.773771414101373733e-01
4.973452439736009700e-01
4.995695653627040822e-01
5.160712341593380881e-01
4.773421407443498299e-01
4.887896550163261522e-01
5.276636984633444882e-01
4.976924106837440909e-01
4.799719209967056588e-01
5.186247292663557218e-01
5.149998407022929880e-01
4.755327412329111159e-01
5.261652695724027273e-01
5.261016788032769620e-01
4.586972957461767364e-01
4.944705162575299684e-01
5.095488402820311791e-01
5.310083885810784610e-01
5.107125595223084291e-01
4.746811966123443138e-01
4.921404538714491128e-01
4.749250891270452302e-01
4.810602264415365648e-01
4.619027158304927494e-01
5.153524500005648434e-01
4.532989673083934745e-01
4.563550383356219098e-01
4.953124517175966357e-01
4.554083345585335230e-01
4.881031083774412527e-01
4.813479944472566774e-01
4.736145111333011637e-01
4.780208827757276846e-01
5.013645266016993896e-01
4.843771407052057665e-01
5.151813651903377478e-01
4.954232195592432886e-01
5.295413270102286019e-01
4.853754215290058127e-01
5.186474846893120993e-01
4.700524608444612285e-01
5.139351143560166868e-01
5.129001747845595149e-01
5.026248672396522732e-01
5.091207224564022749e-01
5.101237812136353300e-01
4.797900959777209873e-01
4.569792066339861125e-01
5.026170557163069930e-01
4.916220109543665284e-01
4.991112257121164686e-01
5.315136303625871417e-01
5.214611648703482150e-01
4.857385059826838658e-01
4.922808348724198035e-01
4.834540628182059097e-01
4.990090595563936859e-01
5.039533919992643662e-01
5.252641075763373468e-01
4.852775696766815638e-01
4.597420072318668116e-01
5.257011380830092229e-01
5.119354656310807217e-01
5.220690080737689920e-01
4.864633596358653445e-01
5.309994490836642544e-01
4.613168836743098966e-01
4.873486987189848962e-01
5.010847099545691075e-01
5.366666155436060626e-01
5.491718974381937235e-01
5.310394739708337308e-01
4.796078900178767368e-01
4.709086536587877014e-01
4.655486548705065064e-01
4.914811856797340894e-01
4.595709392565857088e-01
4.102031470997110629e-01
4.888161697408416329e-01
4.886343298313902683e-01
4.574882645835258721e-01
4.653020412243826232e-01
4.574928147063217487e-01
5.085631044536804701e-01
4.825113489560060032e-01
4.636822213149099925e-01
4.943918993585614818e-01
5.172500508164715738e-01
5.124599264652106578e-01
4.774917435184259373e-01
4.685044484940418252e-01
5.390009409816343133e-01
5.204612201086765699e-01
4.781159810003577926e-01
5.264281713888862013e-01
4.998399464792905866e-01
5.219952425138363328e-01
5.352202178927035758e-01
5.075104648506139071e-01
5.069402194740870726e-01
5.155788870483949404e-01
4.972511353918919741e-01
5.092277235059391449e-01
4.976404273723386007e-01
5.104655782292296662e-01
5.307032745807652718e-01
4.877976553751709465e-01
4.805226570376571749e-01
4.736173114441681875e-01
4.993591404464869932e-01
4.546735826250620782e-01
5.054211834157136263e-01
5.271194760408043356e-01
5.510133567692789835e-01
5.456953836870883645e-01
5.194698949997379467e-01
5.802167265155180331e-01
5.040096871676064127e-01
5.288456905544810516e-01
5.039800921454355986e-01
4.709424969531896266e-01
4.719219881997809840e-01
4.453115057065691884e-01
4.941996267106321117e-01
4.472066792081979547e-01
4.548074809383082506e-01
5.018582016718251548e-01
4.799694809563195830e-01
5.109068169009425286e-01
4.855804347166197132e-01
4.842416193883252729e-01
5.213864089696058635e-01
4.396503875889050672e-01
5.088461430816446640e-01
5.412842885028886775e-01
5.041883750929306851e-01
4.746669294229579616e-01
5.233539450297268747e-01
5.162587784316430284e-01
4.821796783827554389e-01
5.120094877743645023e-01
5.037023085516191268e-01
5.290926358904913807e-01
5.022707617271285896e-01
5.239299013632177093e-01
5.482588499145544247e-01
5.711714246885803981e-01
5.071046987637699566e-01
5.369001801675968855e-01
4.882611400288742187e-01
4.909434242012267746e-01
4.493941160996405282e-01
4.559004617898861911e-01
4.966778171729539504e-01
5.145357313656355736e-01
5.202914887370430064e-01
4.428402210686483986e-01
4.600216094443016490e-01
5.084019476921604053e-01
4.741005325222934497e-01
4.814927812724140721e-01
5.058901283784014158e-01
4.947030640143977864e-01
4.925640494610174502e-01
4.642256710052873325e-01
5.323068086833041557e-01
5.370158171938951286e-01
4.842947418768161483e-01
5.239304464800426109e-01
5.102205101946925003e-01
5.474233353742569141e-01
5.020585006025530816e-01
5.261864484167868561e-01
5.238216592163958962e-01
5.401087417916394795e-01
5.150374558597315966e-01
5.021058109108108569e-01
4.522619758766533993e-01
4.937427131610825914e-01
5.051771095217774121e-01
4.522022200565271599e-01
4.935160593303339338e-01
4.544400514257578849e-01
4.525824725252201586e-01
4.343647831945309234e-01
4.662756657601631605e-01
4.871628992450812712e-01
4.507458533760590469e-01
4.875899895887824687e-01
4.642544180254339348e-01
5.040506155139969913e-01
4.857848427834428051e-01
5.066672055743188796e-01
5.282543567567071774e-01
5.017555670816763458e-01
4.928751300692981729e-01
5.032416582033196750e-01
5.229260224141957236e-01
4.777728938951921744e-01
4.880327769164276575e-01
4.863174446285625230e-01
5.266225565474442760e-01
4.853891936405815288e-01
4.525552089756645358e-01
4.558064884074098932e-01
4.683148518240918823e-01
4.668330779393086161e-01
5.193356741913803809e-01
5.077708941553933375e-01
4.509340806653515110e-01
4.797649144921907194e-01
4.846792174670239706e-01
4.665386379431420982e-01
5.190025537205444905e-01
4.563203550661950603e-01
4.662650061355858022e-01
4.920204053018583101e-01
5.421562603877920772e-01
4.709083914638786394e-01
4.958322415736819422e-01
4.711115314073390792e-01
5.123412580423443163e-01
5.157782839991992274e-01
5.089754566438690064e-01
5.338972651543939518e-01
4.668096413970703185e-01
5.421207191470205355e-01
4.904180397054450080e-01
5.069096982643418459e-01
5.104027279980105636e-01
5.056906647066963245e-01
4.892626687441853917e-01
5.100490633748721025e-01
4.817227355618604601e-01
5.209567039048251802e-01
5.273969615422208213e-01
4.991000160818041542e-01
4.855345840605113650e-01
4.781863154938386096e-01
4.731041820564790834e-01
4.546770085534139194e-01
4.797882678374961740e-01
4.583056613263827295e-01
4.974234717116981508e-01
4.186715486773404105e-01
4.625909770073528549e-01
4.269361223564985819e-01
4.763794040503186999e-01
4.245389823690245978e-01
4.820565495260675237e-01
4.847796056815807386e-01
4.677877872538229731e-01
4.899957569800628687e-01
4.433630396734538626e-01
4.662555479608761488e-01
4.183914100031239092e-01
5.110778042752974759e-01
4.793966015336875719e-01
4.790143013094280700e-01
4.786535787250842944e-01
4.801936733180857120e-01
5.154857383150368566e-01
4.984672018250058678e-01
5.018769020555219340e-01
4.965630479285831900e-01
4.762057236896314327e-01
4.703753529774180042e-01
4.782240239674670490e-01
4.835881398326216107e-01
5.032195308975998538e-01
4.784981137976364041e-01
4.704298152883026884e-01
5.114184152317680088e-01
4.851671742087540484e-01
4.502011026037779917e-01
4.871485886811315891e-01
4.599921915339692524e-01
4.427147127076467292e-01
4.665184156210965272e-01
4.638815672465653184e-01
4.487638012775765350e-01
4.575425922987196303e-01
4.790211192109851690e-01
4.774349044135965947e-01
4.872656233056238406e-01
4.867910429162707331e-01
5.302635902055820027e-01
5.097727304788908231e-01
5.394274123799165377e-01
5.224557651623887855e-01
5.060936669567583923e-01
5.012760949788515052e-01
4.529115892996367632e-01
4.612452590337958180e-01
4.737363874978569589e-01
4.599150853434105235e-01
4.915618692561466441e-01
5.122117641487816675e-01
5.260551761813538896e-01
5.013455987199799679e-01
4.747861418561687419e-01
4.812473286357515367e-01
4.833907940775613032e-01
5.230601411032589354e-01
4.814502484451403941e-01
4.801534951297326548e-01
4.949618207556967242e-01
4.945651899332507706e-01
4.968943843703824692e-01
4.870606614113341393e-01
5.112406029498837157e-01
5.165690460134977346e-01
5.017977163338330771e-01
5.052232421319242661e-01
4.763768975860751542e-01
4.930000399718592607e-01
4.634591816819753074e-01
5.055937509534470520e-01
5.007940078897771263e-01
5.002523565828121965e-01
5.008937248444993440e-01
5.103053648821662680e-01
5.013782056892585048e-01
4.827732069977346274e-01
5.140564050399422102e-01
4.859634887670811754e-01
4.667274992622119090e-01
5.191839147211356753e-01
5.496854667804995653e-01
5.284721678788676380e-01
5.014728599010537247e-01
4.686118050313075600e-01
4.561039796344311670e-01
4.914659547399914952e-01
4.882778510477402967e-01
5.296631339941542116e-01
5.279489292600993977e-01
5.618208058215820033e-01
5.399105969898116975e-01
4.809687765153582428e-01
5.066115580961401132e-01
5.238201602089708198e-01
5.351640549254250701e-01
5.193475887050973405e-01
4.861145756937030882e-01
5.013131412585912772e-01
5.053924559259437288e-01
4.935749754830069391e-01
4.941265830479099064e-01
4.764986635690439121e-01
5.049105973430615402e-01
4.989350960930794554e-01
5.220432400803362016e-01
5.111383255092618594e-01
4.939904118968752589e-01
4.379819887338699536e-01
4.667433439187766986e-01
4.850859423920747537e-01
5.048139415771876193e-01
5.045768512397150740e-01
4.279150557267752952e-01
4.418124878745223194e-01
5.071735501634849763e-01
4.724799782486005517e-01
5.025199106004798466e-01
4.682536793135620989e-01
4.476955326172325500e-01
4.580401296737305894e-01
5.053261077707973392e-01
4.803201953398998914e-01
4.632830491819623919e-01
5.096880880723664298e-01
4.702373589355457462e-01
4.758334556221605616e-01
4.659984685201476462e-01
4.874011252033334518e-01
4.695810512492951116e-01
4.335679919542712035e-01
4.593356797552662352e-01
5.055335732460987108e-01
4.655101991163740904e-01
5.204143017278777261e-01
4.679381069857536102e-01
5.122502059364116844e-01
4.985451895521442744e-01
5.315636701125743269e-01
5.016242437794774522e-01
4.542729787878642678e-01
4.227159467977707474e-01
4.899912310408874871e-01
4.621947874131056011e-01
4.879145898750030241e-01
4.870652750705619649e-01
4.820422975072419791e-01
4.758148543795545082e-01
4.897666437540414419e-01
4.723155147130337350e-01
4.581450445825413498e-01
5.483629924697320801e-01
4.731370122384930821e-01
4.492229716475582002e-01
4.851090158926392171e-01
4.499649781433161522e-01
5.018851571708157211e-01
5.299917557202282747e-01
4.698986849881487404e-01
5.202313564963968462e-01
4.913088599304720749e-01
5.091223309679682174e-01
4.981058315157783634e-01
5.019110465289609024e-01
5.031819342946448614e-01
4.779789678477700532e-01
4.993334795026323492e-01
4.616080953923428210e-01
4.807911803541827789e-01
5.229583854823827149e-01
5.248676410203996223e-01
5.308793479030016194e-01
4.956104453834013213e-01
4.734188259969529522e-01
4.888385965645707376e-01
5.054050175011847168e-01
4.965445247511140470e-01
4.609118500912073313e-01
4.667799571269889980e-01
4.735842789995626800e-01
4.419452507629639815e-01
4.972831414758322466e-01
4.409204693003603293e-01
5.296985990549867296e-01
4.410217656483775284e-01
4.678602981336955624e-01
4.441460945781919301e-01
4.817255283605993421e-01
5.480205666357924610e-01
5.192450519255997765e-01
4.941828667972467115e-01
4.764837427519225121e-01
4.499542388333860332e-01
3.964849139047004201e-01
4.988648186858024580e-01
5.349367127067510275e-01
4.850290611455809198e-01
4.777245623612440539e-01
4.846233581531018686e-01
4.880824647379723991e-01
5.305129672277265618e-01
5.229771019717703862e-01
4.815956417743118556e-01
4.662214263582153961e-01
5.062674149991295280e-01
5.116082931401202405e-01
4.604801133235903454e-01
4.230178290807641850e-01
5.133728760952145365e-01
4.534332053097380189e-01
4.760676513657080000e-01
4.725443466543143844e-01
4.921254180031950365e-01
4.937009246559498354e-01
4.417915030054046510e-01
4.574036870556730250e-01
4.489398614437848933e-01
4.696417641968577694e-01
5.271402805856947316e-01
4.554741138620542196e-01
4.634647597403953601e-01
4.937420331595506195e-01
4.973989425901667039e-01
4.647597392469668409e-01
4.955677363789543488e-01
4.994975049189683269e-01
4.815443887420725599e-01
5.167288019229075990e-01
4.888867841847194806e-01
4.554466566746926959e-01
4.702452652812171841e-01
4.603725891155884820e-01
4.679041097663714788e-01
4.899800282726876066e-01
4.831317040814715469e-01
4.735475536733261270e-01
4.309827161720264366e-01
4.961739686985068842e-01
4.963897115068192645e-01
5.001795176001889720e-01
4.587812947319068746e-01
4.991171668485440138e-01
4.746781570182947996e-01
4.997810069045713899e-01
4.701098237407438929e-01
5.285651044641330731e-01
4.474826613281709387e-01
4.866464962536819483e-01
4.377796446866184521e-01
4.923930840208897708e-01
4.655099495268105736e-01
4.895165657717940877e-01
4.687006554608393327e-01
4.804539657182722023e-01
4.272387017403445619e-01
4.848891225807820948e-01
5.056881672439199615e-01
5.098236919319304450e-01
4.893538228694300218e-01
5.407283018028445909e-01
5.227096783184684847e-01
5.412159175685241630e-01
4.794236526905636397e-01
5.349610977514684951e-01
5.253177940471838170e-01
5.489244004341924388e-01
5.152074710923099099e-01
5.219038205304216138e-01
5.208474644397724784e-01
4.846251555233281882e-01
5.238568934590658310e-01
4.914155729442393206e-01
5.208102199299051716e-01
5.065070105357177832e-01
5.258851493219642848e-01
5.250731985090141274e-01
4.811446900082266831e-01
5.177097920143141074e-01
5.080660968996291160e-01
5.153008433516741427e-01
5.563043908928202441e-01
5.180991973533930484e-01
5.457613023151028919e-01
4.890825746328039680e-01
5.415450452264607417e-01
5.061061003111186896e-01
5.302002166441743825e-01
5.144590806305469055e-01
4.691728581855053593e-01
5.056836499482968428e-01
5.160641870331983405e-01
4.972831648873459742e-01
5.097630313283625370e-01
5.251595178512777906e-01
4.926397991305416779e-01
5.584459530378261816e-01
5.413889842952815945e-01
5.382001226353154699e-01
5.476212101438741042e-01
5.163890108090425368e-01
5.306004098891455856e-01
5.583708715850315141e-01
5.586214098964166208e-01
5.362029832544064067e-01
4.897748697020177788e-01
4.698715458447418336e-01
4.114543473475462121e-01
5.059540805155123833e-01
5.611316394727068335e-01
4.913929271367668550e-01
4.866741368601029127e-01
5.022886808752634602e-01
4.780006877856357028e-01
4.161272023860214109e-01
4.788881977703942083e-01
4.934493338424436604e-01
5.320293197552766751e-01
5.262743562827630894e-01
5.197543059055020898e-01
4.881539640494039767e-01
4.974468052810129270e-01
5.183389208125396275e-01
5.422244864524524699e-01
4.990204619880688752e-01
4.869127011902871227e-01
4.900883411506946064e-01
4.997155771220485598e-01
5.433380608923630284e-01
4.992363014539500932e-01
5.405129935876741287e-01
4.898018561082702615e-01
4.994294688327785559e-01
5.248374093134368090e-01
5.414436276278381532e-01
5.168710405712880762e-01
4.974699383430589150e-01
5.131433979890415165e-01
4.927017107925034667e-01
5.401023265127256057e-01
5.162514413062992968e-01
5.483081738487848300e-01
5.027392806430449612e-01
5.279181433125205158e-01
5.323180560252467330e-01
5.167474710172411667e-01
4.586476337207291976e-01
5.234933606999749856e-01
5.585705121648577576e-01
5.550951224095774794e-01
5.192106080231191356e-01
5.196891468683771942e-01
5.191138080970590929e-01
4.764717717769412220e-01
4.890075474769615127e-01
4.983831289814321663e-01
4.535381130283285822e-01
4.473597943222971662e-01
4.897492262987885314e-01
4.867220318806970147e-01
4.952188734310924434e-01
4.782034589947196657e-01
4.489054195135122605e-01
4.363010320055960567e-01
4.649650450147163605e-01
4.692183733431640746e-01
5.212199422933607718e-01
4.880936911440760251e-01
5.235773571761402900e-01
4.643958429009098499e-01
4.575407103166124201e-01
4.662192524894899770e-01
4.941334511193676837e-01
4.406660023513614410e-01
5.075113719700921067e-01
3.880482027953129909e-01
4.107479657736985423e-01
5.112776564726988493e-01
4.769742269151450165e-01
5.015759725811925751e-01
5.120758195094330389e-01
4.733780812716112396e-01
4.626614895494424173e-01
4.848752296328053268e-01
4.612759288861372764e-01
4.585125214814342320e-01
4.644232310781737927e-01
4.765891344324273970e-01
4.858103437231884314e-01
4.912680334302110818e-01
5.159753991348855484e-01
5.373941302493133731e-01
5.201260723690556143e-01
4.281235924269901627e-01
4.489862995518775768e-01
5.138858660721206117e-01
4.816663244735604477e-01
4.584914407984327922e-01
4.793414314742635018e-01
4.872926148411548808e-01
4.543261492989310590e-01
4.721061478053076854e-01
4.726337564810222935e-01
5.225653566792821669e-01
5.160770941221719532e-01
4.760725626936227473e-01
4.831291842418463101e-01
4.853173529970598588e-01
5.253038710298387759e-01
5.099605831627300745e-01
4.630590169703980297e-01
4.928115889917762393e-01
5.102931862938016039e-01
4.962054397919214432e-01
5.234831283245322542e-01
4.909926063841643096e-01
4.864027040451746609e-01
5.132132594147043037e-01
4.929502971643846543e-01
5.096941593094251877e-01
5.417855354485269226e-01
5.175719994587202333e-01
5.535133469296446007e-01
5.396779370279742860e-01
5.352748328324979932e-01
5.286103827263646249e-01
5.498868271552590503e-01
5.138508420342037253e-01
4.896150077604232154e-01
5.004224349128658655e-01
4.521889104541428894e-01
4.340309645080369649e-01
4.531913150688711700e-01
4.547850273661240839e-01
4.904557573952743055e-01
4.886178059892724579e-01
5.101393542714338647e-01
5.055627359695713530e-01
5.081471207568947213e-01
5.044183978812506464e-01
5.019357179491237275e-01
5.122850109677736796e-01
4.803324511093163274e-01
5.122176782132966677e-01
4.697715264533857127e-01
4.575937314511331899e-01
4.248678399131520789e-01
4.675840448239648173e-01
5.058628823569112365e-01
4.842999701190952022e-01
5.063823973999997952e-01
5.015575535344422020e-01
4.780775614349853098e-01
5.160164266500335550e-01
5.179666809510834469e-01
4.702130335966041574e-01
4.681561502536630837e-01
4.925091705394480379e-01
4.948685846003028077e-01
4.692853977370289309e-01
4.676919850281505142e-01
4.946405408373845680e-01
5.271695221619526750e-01
5.036252985825866446e-01
4.876060192977720864e-01
4.964879602041128992e-01
5.223650081911491716e-01
4.858724261033940395e-01
5.221229948712720059e-01
4.901770574217754750e-01
4.806911365847146844e-01
4.516457880705057049e-01
4.889679481972815100e-01
4.844913861104245822e-01
4.768669121790474752e-01
4.971890461343608791e-01
4.400800838763290757e-01
4.202744305528297586e-01
4.863005505258900518e-01
5.101102353207923601e-01
5.032279175195608634e-01
4.623927768534257243e-01
4.475711786498995925e-01
4.414600315501792105e-01
5.153154484417052927e-01
5.137181944611981521e-01
5.271930069381929318e-01
4.926920361489479649e-01
5.193173772665473642e-01
4.328920239306718321e-01
4.285883339039401885e-01
5.008668705189706083e-01
4.664676236266508957e-01
5.054525163597669568e-01
5.031318992123436917e-01
4.677866788925045261e-01
4.611558510438102942e-01
5.130613685054368212e-01
4.774314535686031147e-01
4.801063332309601361e-01
5.244533340010097966e-01
5.359409733374668194e-01
5.289955269903655610e-01
5.564119519690656768e-01
5.210662859298967886e-01
5.026732544337367825e-01
4.718364017111368325e-01
4.779809592127164941e-01
5.153617579793559056e-01
5.441321197963572276e-01
4.761738640461385397e-01
4.459180253197472243e-01
4.793782027707912952e-01
4.779400872477964080e-01
4.656238024237169815e-01
5.096844945720333531e-01
4.945543401174773979e-01
4.669870385989921546e-01
4.714550518766829623e-01
4.905196869774581248e-01
5.082269971350144022e-01
4.765971090525302767e-01
4.824546811049569284e-01
4.016398055824078051e-01
4.866439541635127486e-01
4.767493432137852594e-01
5.593084128336474059e-01
4.886206578630252206e-01
4.883758220578661713e-01
4.677217101906727681e-01
4.993630360406557944e-01
4.744982435563822598e-01
4.895365243516572873e-01
4.559497445466171861e-01
4.856434234547769568e-01
4.845052322588928040e-01
4.232269115087780031e-01
4.922510076170325544e-01
4.952771071855874285e-01
5.355206683982945970e-01
5.241395321681627806e-01
4.969038712839247696e-01
4.894306672276430570e-01
4.886110666351392018e-01
5.001308352339116636e-01
5.789358815509317857e-01
5.823175092137020670e-01
4.839872011496641480e-01
5.316816615210750996e-01
5.385418352748922999e-01
5.490998477949912138e-01
5.361165422552746085e-01
5.346663917504838048e-01
5.054480650828797605e-01
4.879208314212949982e-01
4.812401216924160896e-01
4.943174415727625282e-01
4.474461834945815952e-01
4.412331844090836008e-01
4.949855852136355039e-01
5.038130176072619371e-01
5.546141722823174636e-01
4.993169270542584526e-01
5.240395259312203846e-01
5.352770675772493547e-01
5.094002231824965587e-01
5.394451721216688700e-01
5.217619187809127146e-01
4.505187387521597531e-01
5.357252906051623853e-01
4.629431816254044318e-01
4.625010412504452217e-01
4.514449297781468196e-01
4.601265010326952565e-01
4.683938915223249122e-01
5.164809866035579011e-01
4.942394966433661940e-01
5.067568764964447414e-01
5.191080153755271986e-01
4.779646538476473583e-01
4.997327411000519470e-01
4.370231633639614088e-01
4.841516791000300413e-01
5.000790863644046791e-01
5.181756377958797177e-01
4.881793676917559610e-01
4.663083705284081226e-01
4.672317446570609656e-01
4.945575225094649419e-01
4.746945940290100419e-01
4.639389469310795655e-01
5.081964627733117634e-01
4.594289656814130596e-01
5.040068335375496034e-01
4.771637560989169802e-01
4.840258012332175896e-01
5.029259980439653166e-01
5.060918208006387475e-01
4.794705461035483895e-01
4.892860118772212608e-01
4.731328199146547231e-01
4.965436049976060251e-01
5.033992337018762253e-01
4.749673309088651152e-01
5.176975079992998108e-01
4.719859147170832880e-01
4.597861334177268944e-01
5.011215050801776094e-01
4.753108764946938347e-01
4.874084192006010174e-01
4.918997270335287997e-01
5.008990519993158363e-01
4.724674779642687450e-01
4.630417589902134923e-01
4.725444955434623395e-01
4.691786911286771056e-01
4.447516810852071290e-01
4.967142468499189945e-01
4.557532918614145001e-01
4.345150330314622722e-01
4.512304913291373953e-01
4.693265344875587886e-01
4.745511503418400889e-01
4.599014259657346892e-01
4.654138455298326704e-01
4.918740178874023705e-01
5.090792431183354116e-01
4.615026168578133525e-01
5.231388417527640389e-01
5.158578242162992211e-01
4.741800448617083941e-01
5.116539596371130205e-01
5.088927436617718403e-01
5.248780830265750152e-01
5.023949794843313166e-01
4.892693860978742371e-01
4.898201513314028310e-01
4.667097315180296913e-01
4.673906276711612406e-01
4.666311620465675714e-01
4.633622994701000475e-01
4.926934429139310234e-01
4.947384678497208088e-01
4.539950138303445182e-01
4.250256600043847977e-01
5.088663247123621503e-01
5.163693360094669949e-01
4.445810106872866707e-01
4.732079731832327663e-01
4.337157401784145216e-01
4.579361185110555899e-01
4.765110173573086083e-01
4.634777444523283108e-01
4.535935986663722774e-01
4.729869550203136264e-01
4.191677264660970681e-01
4.445775331821672505e-01
4.806456389234263216e-01
4.189340607926945181e-01
4.654470645767804227e-01
4.620634154365722002e-01
4.353507967192259964e-01
4.455596060341177056e-01
4.814348692574387800e-01
4.830816778209288676e-01
4.878871452566945766e-01
4.504147268006262750e-01
4.934933422243825696e-01
5.217600268186546320e-01
4.376620756497180409e-01
4.371284993485911041e-01
4.991356939240275681e-01
4.938398506909539853e-01
5.256012140517560827e-01
4.877377743268372368e-01
5.143945333116330954e-01
5.141600477446388595e-01
5.152377817083864109e-01
5.363389048294889827e-01
5.005833764720101220e-01
4.749948528604862052e-01
5.067562556051690148e-01
4.838578700858985893e-01
4.745437658140039261e-01
5.024394470555220149e-01
4.614404770078147089e-01
4.807120968829665664e-01
4.558466016466813375e-01
4.885434353941545127e-01
4.595308703892417301e-01
5.185376125525044122e-01
4.883151950949344289e-01
4.697964290288351163e-01
4.819358723516095067e-01
4.849407368489340731e-01
5.030088743528698947e-01
5.174368005052913944e-01
4.862050955992074375e-01
4.982221546622767616e-01
4.876808462987901605e-01
5.488093788903150028e-01
4.739929113685626416e-01
5.165746388242213882e-01
5.003094957316064351e-01
4.974172686132066756e-01
4.727616179297687848e-01
4.553415316289030623e-01
4.917730876728070299e-01
5.070567062291524429e-01
5.351490975693236063e-01
4.996117405135739875e-01
5.126975141910504741e-01
5.337076594426013454e-01
4.632939239745900717e-01
5.110059520152140378e-01
4.507109170664769793e-01
5.434272762036198579e-01
5.114180419992864213e-01
4.975996498594952855e-01
5.640670887602271533e-01
5.242010659860607547e-01
5.366908018193841112e-01
5.157765668055434016e-01
5.365493671060843628e-01
5.159166712841695146e-01
4.826352746087068102e-01
5.048833041939031485e-01
4.974599391671422066e-01
4.900435205520395909e-01
4.904221477406669472e-01
4.900778005010753002e-01
4.600566274689804058e-01
4.399360295834590651e-01
4.644841548595780023e-01
5.376537048699888688e-01
5.202349660997951375e-01
4.736572466636025380e-01
4.876591601058153369e-01
5.083753590520745380e-01
5.317284161573748724e-01
5.118098843211870141e-01
5.189135172027604659e-01
5.277137617082739984e-01
4.805482592768577366e-01
5.378616716133376441e-01
4.959295077108118455e-01
5.113261493610238295e-01
5.061724808531896658e-01
5.020255598881534498e-01
4.989154637449374485e-01
5.297876494936243352e-01
5.137577754794542262e-01
4.907554583537902526e-01
4.849944150980070590e-01
4.761105449579337567e-01
4.838910267139143184e-01
4.509275588724510619e-01
4.277016480445808844e-01
4.656149692746555657e-01
4.811269671859222385e-01
4.328385945428109838e-01
4.142997241808771824e-01
4.788698956258347073e-01
4.767294729398212083e-01
4.887647154187901299e-01
4.327547959103995034e-01
4.827841340600876330e-01
4.707957172309635285e-01
5.063118336595112678e-01
4.514568016969561781e-01
5.262294052711443682e-01
5.547732073225355443e-01
4.871173907695793281e-01
5.079247570548470758e-01
4.804776404677850166e-01
5.061716020168014474e-01
5.526675577727836464e-01
5.219671459586006090e-01
5.141878637317900402e-01
5.158942805407975563e-01
4.862555888202110266e-01
5.435261689505730409e-01
5.207080053293009492e-01
4.992967891874765529e-01
5.669274120755014579e-01
5.043836099870501188e-01
4.733779965279975022e-01
4.997327783793363287e-01
4.962561769000750633e-01
5.198112596273072317e-01
5.296658542284010673e-01
5.006117215579510837e-01
4.848373080496384269e-01
4.794799790610407841e-01
4.872841282572373256e-01
4.835710038482183837e-01
4.618133299874976894e-01
5.047053515537157642e-01
5.065123422467522341e-01
4.836645155900335391e-01
5.033939313450642716e-01
4.577992090458416485e-01
5.071194809296530881e-01
4.933076191341219663e-01
