5.133330455686481164e-01
4.827513074507003288e-01
4.404410294613603227e-01
4.798217202820216354e-01
4.677658381132147603e-01
5.073689239831075115e-01
5.040648570476574664e-01
5.193100989354721975e-01
5.053465972368011982e-01
5.142526811909935436e-01
5.255087199290133793e-01
5.082082220496373370e-01
5.520526596713626333e-01
5.031083001473196648e-01
5.142361688792463914e-01
5.045733379559935727e-01
4.815100427152335660e-01
4.997560007319107878e-01
5.344936961547057663e-01
5.000043559420519479e-01
4.916541591972535263e-01
4.899150168400208116e-01
5.197271132516267933e-01
4.960319249923853535e-01
5.129385786112545809e-01
4.733880058356178533e-01
4.687411373457661123e-01
4.600655182490753781e-01
5.093124498315523274e-01
5.128638865824936000e-01
5.055348748074667276e-01
4.609234001247663470e-01
4.993188043722080471e-01
4.989882978649416434e-01
4.836256572019451694e-01
4.635918834562994806e-01
4.974328209339687334e-01
4.819118357895570415e-01
4.621888934860843845e-01
4.623364899171689690e-01
4.996651768426849660e-01
4.923888726004135852e-01
5.558038456063696398e-01
5.080854375680812218e-01
4.657046158076411646e-01
4.587616946799339956e-01
4.869062503270816245e-01
5.041901008204917600e-01
5.366208097279667744e-01
5.129289478504738264e-01
5.023424493569501603e-01
4.723727037146234209e-01
4.994308417058105909e-01
4.698946845769578773e-01
4.203388388516547947e-01
4.926187511858300949e-01
5.288127741879353749e-01
5.119967718755986663e-01
4.393456365251159346e-01
4.740032117254218691e-01
5.029108423224575297e-01
5.342786349056333206e-01
4.713169589618003696e-01
4.833779360295140659e-01
4.581494394521631874e-01
5.123792266803208761e-01
4.695444424503064096e-01
4.943415194337441587e-01
4.665742537571846427e-01
5.066513309813565069e-01
4.408844638763611545e-01
5.189033158233287146e-01
5.094883934604408360e-01
5.070946552211142988e-01
4.765824862639336801e-01
4.917766567601818406e-01
4.620100030962095983e-01
5.495494496324886402e-01
4.907330845386084772e-01
4.463745847972399039e-01
4.640299849411694266e-01
4.609728556963929025e-01
4.764024329037609973e-01
5.125128279255934949e-01
4.960241166954005854e-01
4.440002776342378277e-01
5.112741204304120934e-01
4.473147654786405747e-01
4.659242810327391959e-01
4.589094166127945518e-01
4.977258758743136613e-01
4.551883177293028493e-01
4.702686434851957031e-01
4.449788985523491780e-01
4.765446135365291047e-01
4.566270641791373985e-01
4.420897188971090741e-01
4.842397980340161223e-01
5.020482492474364067e-01
5.229686450828382460e-01
5.331699362382327223e-01
4.822083327595920732e-01
4.923114942882510503e-01
5.044703499813923964e-01
4.921994472869696824e-01
4.534544281814241184e-01
4.887308812635081656e-01
4.810548800585260909e-01
5.092393280364523322e-01
5.083353916806143680e-01
5.052876992175190374e-01
4.823021595242099058e-01
4.863688987555119247e-01
4.824962149278469448e-01
4.538723549138378166e-01
4.698473501973049471e-01
4.643704502040069682e-01
4.785349988581578673e-01
5.034355471667952830e-01
4.321226897941383704e-01
4.550824901458709326e-01
5.225051079163687273e-01
4.858830073700662888e-01
5.091088058564270380e-01
5.412687759800347553e-01
5.316623777926428041e-01
5.021022112049907671e-01
5.127542499534113452e-01
4.967559375848238923e-01
5.215057673073556499e-01
5.041916218843534025e-01
5.097601935748061752e-01
4.956673672874177261e-01
5.018773962704002889e-01
4.651453762457778973e-01
4.780689819057410972e-01
5.027391401780193503e-01
5.057210584098350559e-01
4.604539952981514528e-01
4.986555514627991625e-01
4.635336349417855661e-01
5.187167910311250019e-01
5.505855021089572920e-01
5.291709452526474067e-01
5.243686064072109465e-01
5.147189613450362522e-01
4.864806199008426257e-01
5.430070032645365474e-01
4.949780604162485331e-01
4.878226301472852189e-01
4.721708963250794144e-01
4.925417095430511538e-01
5.069129696316356792e-01
4.903202462682842433e-01
5.042299323669906519e-01
5.035215434106016241e-01
5.067045468633631922e-01
5.214714447112720475e-01
4.869560386458833823e-01
4.820625337759660289e-01
5.092717663288292007e-01
4.696425515335965195e-01
4.878376916644184269e-01
4.845246161315099331e-01
4.400171285091919460e-01
5.008370758977612747e-01
4.687056412512118353e-01
4.489199381730812899e-01
4.904226013022242592e-01
5.134925395857201647e-01
5.129117954452885320e-01
5.016031350444138948e-01
5.045867678737774309e-01
4.807013987267180766e-01
4.646515025491130824e-01
4.902488194769441532e-01
5.199380820125856228e-01
5.237369781604001018e-01
5.242948365618176343e-01
4.656569109635767534e-01
5.091858453965679709e-01
4.848087018273357085e-01
4.510110093559582256e-01
4.758033446073377526e-01
4.794126958833658803e-01
4.774513304406434178e-01
5.072966524878311789e-01
5.222288868418860641e-01
4.729080290422036370e-01
4.665217384968497472e-01
5.087063771250464050e-01
4.764575576064331019e-01
5.043348787613344264e-01
4.867624752476996663e-01
4.686165200602391279e-01
4.676648551401998422e-01
4.678321894034134787e-01
4.958290713616890777e-01
4.593241208130646736e-01
4.398906205652886037e-01
4.642533514785395221e-01
4.567424201336384160e-01
5.034140192205813769e-01
5.006976242676915989e-01
5.021636993597237142e-01
4.916396594249835550e-01
5.064894546446802037e-01
5.041002118085718964e-01
5.527151813202375585e-01
4.984593915754280125e-01
4.322564684323504380e-01
4.617645254840069269e-01
4.838755719665650545e-01
4.706347505541189635e-01
4.997122861104120739e-01
5.275344940578209352e-01
4.949110313558424679e-01
4.727075072296985647e-01
4.763604925212299723e-01
5.400117873841154825e-01
4.696343770269724160e-01
4.812158930237905863e-01
4.800164964591343564e-01
4.813615443200576216e-01
4.691064318828621627e-01
4.560370327375118937e-01
4.982027484193053968e-01
4.803008031980515180e-01
4.865114141378554247e-01
5.225225025619464336e-01
4.824814094856889057e-01
4.885747018245459872e-01
4.639150648015561984e-01
4.936094060798097982e-01
4.812398203903660021e-01
4.682113132680172374e-01
4.204229180622372497e-01
4.430820272495785694e-01
5.468063783943288847e-01
4.937537938581069152e-01
4.961268843599364597e-01
4.934222547528619995e-01
5.247384526341806188e-01
4.808722751519430294e-01
4.618564845767005322e-01
4.797167967592936288e-01
4.799222636726663271e-01
4.956319183868653222e-01
4.867777083940723060e-01
4.915203493069424390e-01
5.307800460493915518e-01
5.223413265728434896e-01
4.889215741153534744e-01
4.775055099246733326e-01
4.745714531509902523e-01
4.990536528374487912e-01
5.323489963180910722e-01
5.410372350943092323e-01
4.978164737164564313e-01
5.265995216332323148e-01
5.268852897509470612e-01
5.022810019037957652e-01
4.984676493375191919e-01
4.962165938864927517e-01
5.327282850282135662e-01
4.706265296638447726e-01
5.386941972125904865e-01
4.420290053713578082e-01
4.447774079970083783e-01
4.712101940194771688e-01
5.111525316261568141e-01
5.173304189344837267e-01
5.137903071477508687e-01
4.826363057352182073e-01
4.708690995517691991e-01
5.189675850178046002e-01
4.760141528502621622e-01
5.317047145854273404e-01
5.107127514313418715e-01
5.489800121706884806e-01
5.305400907792687804e-01
4.763541701861762623e-01
5.138071451667897138e-01
5.497093618932639147e-01
5.443708927663954977e-01
5.037077646489651617e-01
4.533963729696371958e-01
5.138913312576757209e-01
4.942376846516233768e-01
4.838513438457712756e-01
4.755334010172730386e-01
4.829063706722619420e-01
4.781018843867963497e-01
4.879152454630816815e-01
5.221892207188989499e-01
4.700572113206681335e-01
5.270873032689020743e-01
4.574538574826582105e-01
5.206621706408883776e-01
5.121106538640382011e-01
5.617096685362533703e-01
5.424704514414012690e-01
5.127619564030697630e-01
5.187848245651368595e-01
5.316045511489947417e-01
4.768133467412037363e-01
5.203406864786426222e-01
5.478742334336371700e-01
5.584210671033437157e-01
5.199280693241571383e-01
4.902394218526189840e-01
4.703095481354452323e-01
5.427509137545932782e-01
5.162071412539483983e-01
4.720803315557805524e-01
4.736962552046902197e-01
4.697840921307930850e-01
4.571939938888784916e-01
5.030717837253383395e-01
5.136117610184856019e-01
5.112388599881804163e-01
4.667048659126722954e-01
5.015234246193337464e-01
4.677756656613077935e-01
4.812676150199429737e-01
4.820724933583542260e-01
5.004149575599603494e-01
4.918831680607887447e-01
4.928973667582983165e-01
4.911981166805275967e-01
5.287750228164711519e-01
5.100003285862247937e-01
4.857960825387075965e-01
4.806320707711614348e-01
5.320454998699480909e-01
4.937913194378508175e-01
4.771385807174595151e-01
4.872488245712373600e-01
4.978330551480096289e-01
5.050365670796553852e-01
4.968614335440980079e-01
5.391365000701072718e-01
5.411636146868735731e-01
5.244006998559878063e-01
4.904185058923154483e-01
5.149575227984370951e-01
5.108783631852206186e-01
5.170777700416540057e-01
4.870126648766138766e-01
5.086519266052689225e-01
5.154089533089245556e-01
4.758681288182527447e-01
5.016162457038749745e-01
4.965583246542823459e-01
4.842840170084732887e-01
4.911612391003886136e-01
4.785072491650361748e-01
5.080283729068795218e-01
5.065849390824508358e-01
5.170106467114656823e-01
5.160637426810098516e-01
5.134768662982549525e-01
5.231690145213327980e-01
5.311472884229915259e-01
4.384216294806768666e-01
4.854001286839481066e-01
5.038860152184703178e-01
4.664319279655661510e-01
4.770471657429663503e-01
4.507376651604772522e-01
4.477383601127762347e-01
4.399700867095331924e-01
4.471299322528524689e-01
4.459164479904458855e-01
4.133608736681345652e-01
5.270871262799918799e-01
4.963979422042635314e-01
4.763651341892116697e-01
4.970363043014670024e-01
4.947491311388537705e-01
5.104443570543031328e-01
4.428524899903317769e-01
4.971341530358437955e-01
4.872757654873232647e-01
5.253096150905673944e-01
5.454262273333079225e-01
5.026249672490347153e-01
4.858561409382843310e-01
5.147024894742334711e-01
5.433392607650127104e-01
5.425425769252519848e-01
4.506844345363318904e-01
4.802418378722762005e-01
4.513657937642865936e-01
5.254628310791674695e-01
4.639079391939668895e-01
5.076924859519124089e-01
4.913565202884264682e-01
5.063964242871206167e-01
5.204793422945944714e-01
4.828273249118408272e-01
4.637372366820035618e-01
4.835564012390071720e-01
5.554107249834507876e-01
5.279092236663001092e-01
5.220543381676030492e-01
4.758737990165590181e-01
4.205551614862040877e-01
5.128364771578695080e-01
4.610562427987134337e-01
4.892023643675930678e-01
4.548583835854159707e-01
5.358591834172914403e-01
4.816293274945294134e-01
4.712439577049283290e-01
4.679415834422245846e-01
4.865444781417892495e-01
5.339083151213646072e-01
4.987897632119291935e-01
4.760989319007127296e-01
4.747599262699802591e-01
4.743030845903553616e-01
4.810733391425298100e-01
4.971342300239360301e-01
5.041022858481105651e-01
4.857461637167165280e-01
4.857601561940991242e-01
5.156401269752969307e-01
4.374002408058563773e-01
5.318906431375687305e-01
4.847558441156274434e-01
4.931702666339317642e-01
4.383360649419629773e-01
5.278666272668655068e-01
4.704046335023100434e-01
4.710594868311940853e-01
4.800432959461289339e-01
4.947903585185264297e-01
5.024476276728927493e-01
4.864452689433359511e-01
4.726418512208019895e-01
4.864118479180843946e-01
4.891303795665289389e-01
4.844052618973994084e-01
5.125874359724386098e-01
4.770331062466821592e-01
4.963084498665478739e-01
4.880708522300938879e-01
5.022147168770909609e-01
4.997636383496404378e-01
5.065242386631906291e-01
5.377304302097615230e-01
4.816487742608356326e-01
4.947919162495642009e-01
5.053705318707478744e-01
4.264597835636934620e-01
4.958292477946137367e-01
4.891250836027237203e-01
5.119028945340576842e-01
4.975557502701464796e-01
4.885158883361621074e-01
4.745859075945709771e-01
4.656430359144797526e-01
4.361260165286871548e-01
4.888087479378466771e-01
4.742949503716482607e-01
4.897911398047023468e-01
4.457975593562044647e-01
5.271740308094140515e-01
4.777294635383164678e-01
4.534124322500596160e-01
4.468518841794110741e-01
4.531254247003406732e-01
5.298004469054926613e-01
4.952493068279344990e-01
4.983322569279632908e-01
5.258971527565277082e-01
5.389199230773258353e-01
4.346443280901375328e-01
5.111552860593571168e-01
5.003262000869748150e-01
5.080130676623936248e-01
4.882321090952355114e-01
4.789652836567639405e-01
4.740786354675952108e-01
4.612664979645798580e-01
4.933447238674464885e-01
4.574039888342858462e-01
4.661962176053837115e-01
4.673117696474217153e-01
5.103185319186107627e-01
5.084200325909917773e-01
5.260606226405689645e-01
4.809365328305025278e-01
5.089900782465788254e-01
4.938450581281508267e-01
4.618460812891111988e-01
4.583258230807459865e-01
4.677004374339209236e-01
4.420067177695225502e-01
4.721251236301980958e-01
4.585402587051703449e-01
4.386625596499118540e-01
4.942088299166605969e-01
4.676553998225803643e-01
5.272122364416876872e-01
4.820329996725571942e-01
5.186100052341798827e-01
4.441217992468169951e-01
4.872657753023501570e-01
4.916074121776433103e-01
4.730450089213368847e-01
5.116931137576393729e-01
4.691025351150963085e-01
5.043639630504426208e-01
4.242698919322960838e-01
5.126897437583314288e-01
4.990966252224506294e-01
5.211871664720906239e-01
5.036835644752482022e-01
4.885259666855777394e-01
4.837034776200204167e-01
5.149556654347063889e-01
4.955374136550264041e-01
4.908495799829435402e-01
4.970172538814650598e-01
5.120535237908622195e-01
4.677294000334660251e-01
4.875266269646474360e-01
4.803341110451164742e-01
4.966186371984419590e-01
4.803567089794239520e-01
4.867403336441895600e-01
4.910368730475696553e-01
4.689180579985228192e-01
4.987826567297769520e-01
4.766087847872914618e-01
4.552025256064367587e-01
4.494801334152830341e-01
4.215491404267046605e-01
4.138217183625467199e-01
4.415135717793852721e-01
4.047205533048711668e-01
4.272527808263870686e-01
4.472180876012371020e-01
3.982325629782097476e-01
4.563560900995982106e-01
4.636037230430109513e-01
4.792911587512508897e-01
5.082013064002444125e-01
4.489059447130555047e-01
4.889601536645722946e-01
4.851092728566736012e-01
4.785013227948730075e-01
5.098998758725913349e-01
5.181144022328627585e-01
5.130253628807430744e-01
4.903515075730395800e-01
5.113035989729948216e-01
5.050672639936677477e-01
4.914242003714737739e-01
4.881846560978534422e-01
4.944040188326272456e-01
5.129056159447978880e-01
5.036990112664463393e-01
4.753573325175664555e-01
4.651644992615969754e-01
5.368982029606395034e-01
4.845445233006299146e-01
5.406810711275633619e-01
5.103271238497189000e-01
5.222863099377025309e-01
4.793682938740106980e-01
5.162820318564580457e-01
4.535400635830211247e-01
4.755078042847323827e-01
5.095321263915578713e-01
4.538500769997051987e-01
4.994614507403463133e-01
4.721238222596265688e-01
4.584951523138465768e-01
4.586799989976528824e-01
4.939273595010427731e-01
4.375806868441547426e-01
4.573612547087926861e-01
4.959487388896400839e-01
5.059588863417179283e-01
4.894377255742598520e-01
4.456891639824135387e-01
5.160239589377996205e-01
4.796631663003188550e-01
4.947112059742345691e-01
4.810431561288218694e-01
4.818638096407373839e-01
4.963797303896594904e-01
4.896973124725369497e-01
5.330886130190937156e-01
4.699115321822579516e-01
4.946996696902862256e-01
5.311553363464311950e-01
4.487891790998733699e-01
4.510607359955930429e-01
5.118788699069483084e-01
4.653208723475678599e-01
4.894161066646885438e-01
5.398860854231247730e-01
5.447497835315112669e-01
5.181806602916302351e-01
4.883454523889663168e-01
5.269690867857635963e-01
4.335651292362791009e-01
4.908750498223083958e-01
4.617939485784827713e-01
4.626906428190324938e-01
5.074260360901188260e-01
5.121760318108621313e-01
4.789226853352115398e-01
4.601803005524998103e-01
4.809473179759586325e-01
5.026126931984562507e-01
4.913053442036179885e-01
4.892338411406239040e-01
5.213793700740726456e-01
5.115914904096647842e-01
5.301391871824480129e-01
4.349024374577397101e-01
5.156325291661498778e-01
4.989866767204417242e-01
4.968793538755215122e-01
4.731826147571107088e-01
4.522379360485205835e-01
4.790284257836854298e-01
4.936397402330337525e-01
4.755315990609766397e-01
5.338432049567360949e-01
4.843572886493303642e-01
4.769208246090473891e-01
4.967635915635937871e-01
4.658375686663563386e-01
4.773259425197713957e-01
4.665287862431858334e-01
5.187463394490544610e-01
4.939115623996225835e-01
4.971421751843357328e-01
4.782117643569384069e-01
4.907160032840200414e-01
5.269617331326312826e-01
5.815916086917773953e-01
4.981790674901326876e-01
5.207829872329954313e-01
5.233533220523487461e-01
5.412058121641706299e-01
4.778505621191743158e-01
5.120170435044998358e-01
5.137438657502345629e-01
5.279736035699934549e-01
5.168650515466451933e-01
5.350355942567726064e-01
5.188773432672985075e-01
5.003961047542397900e-01
4.720536751160276934e-01
4.562956514175338651e-01
4.636772916483999918e-01
5.079190665729933496e-01
4.877497290101447391e-01
5.507243773702402700e-01
4.790067696551615350e-01
4.820006657799912886e-01
4.552038478614435224e-01
4.753472320862552336e-01
4.764348695588352389e-01
5.328830594310383084e-01
4.990078370817567777e-01
5.017909317474632536e-01
4.905860357521185655e-01
4.576308419154860863e-01
4.816814876760878161e-01
4.958000183201766720e-01
4.958690295140466553e-01
5.066483769724288155e-01
4.633254466047377895e-01
4.664451874973937762e-01
4.834128580130878650e-01
5.176146817357711871e-01
4.973027076904705801e-01
4.878383700125127342e-01
4.896421430697726618e-01
5.043247159309925953e-01
4.522026866360303599e-01
4.583790420278757161e-01
4.789665934899810518e-01
4.851896975312947613e-01
5.038414375813589086e-01
5.243483221489226853e-01
5.346234788456880604e-01
5.150265229497505981e-01
5.033641989974018127e-01
5.339431093656535898e-01
5.098553441113633511e-01
4.818548494729618104e-01
5.016555312022661361e-01
4.789353989371394893e-01
4.681515914843354942e-01
5.123525216992692588e-01
5.120298700994927454e-01
4.985463994532535748e-01
5.379034170172185547e-01
5.244470623732102599e-01
5.351825887891905609e-01
5.405370277430487924e-01
5.101658194343962061e-01
4.832825818282222574e-01
4.690404951063327221e-01
4.843961914669197011e-01
4.940091965795858076e-01
5.093904245585751944e-01
4.921077428839396029e-01
4.872305469515837983e-01
4.812393938225771883e-01
4.841670943794939008e-01
4.433622576666484405e-01
4.723068089528585367e-01
4.883314436431785421e-01
4.572838311942787892e-01
4.350244298201620952e-01
4.672634129583066454e-01
5.050946587106792673e-01
4.771705275051157935e-01
4.813559255232583434e-01
4.608393211045182514e-01
4.838501191151464709e-01
4.778343960334879292e-01
5.108801976907371145e-01
4.739080530170838301e-01
4.634974575912607642e-01
4.945148290787066969e-01
4.637195958567343346e-01
4.843978244774013731e-01
5.653756408858946481e-01
4.948826551707239396e-01
4.964843221326236677e-01
5.187261752008448523e-01
4.993980567589539898e-01
5.540710148556212689e-01
5.323230030476456820e-01
5.175923744360944045e-01
4.804125781096004189e-01
5.160287592133732115e-01
5.354509580466403351e-01
4.256575113543034083e-01
4.608373626040471183e-01
5.143229195303256063e-01
4.893118764487567329e-01
4.944247196817358470e-01
5.046689343640097247e-01
5.084264705581067467e-01
5.226773054103543981e-01
4.724337086358376681e-01
5.280583285208703126e-01
5.283775061223497937e-01
5.199731160275082864e-01
5.188638184792734309e-01
4.611872591887928308e-01
5.158663423492128031e-01
5.090777983351189029e-01
5.037297334380573810e-01
4.713455264701749137e-01
5.151931116292208790e-01
4.709481692963297661e-01
4.671933485540744613e-01
4.411277148456456687e-01
4.757646857348682978e-01
4.316777063141701287e-01
4.631677482971173210e-01
4.720400836818948176e-01
5.153900364478151142e-01
5.108873752028080251e-01
5.206143165863251765e-01
4.774821889496659866e-01
5.117301151882823751e-01
4.700491039436769936e-01
5.070827454796347222e-01
5.139584635595612072e-01
5.196259875363334890e-01
4.971745052419336286e-01
5.271044542249255782e-01
5.089576405845717133e-01
4.745515181248650682e-01
4.985532511507896891e-01
5.323004506369276578e-01
5.454218844370866126e-01
5.224816530199352105e-01
5.011356573043673768e-01
4.797490418500493514e-01
5.266900039364889041e-01
5.274546580765649972e-01
5.095755576341466364e-01
4.595631150181195834e-01
4.763996033077050329e-01
5.491533913848730686e-01
4.823218382249402358e-01
4.706279403631438152e-01
4.594112951598093297e-01
5.184197418878011554e-01
4.953558653128751210e-01
5.060327335261289861e-01
4.732579972696717707e-01
4.451050515169472366e-01
4.804672302586081578e-01
4.678694665195680669e-01
4.915902074655888465e-01
4.681186899799890666e-01
5.318896670495779633e-01
4.839769564691877579e-01
5.278140614322739399e-01
5.313448077354537835e-01
5.382954888088014034e-01
5.012201346334876906e-01
4.658086478915109407e-01
4.740390541376089950e-01
4.694783577087388582e-01
5.348980906196497687e-01
5.222237558634219567e-01
4.668996060127416081e-01
5.208575977175020633e-01
4.337955468583812868e-01
5.096329543816217056e-01
4.755523475410972645e-01
5.056882392132070470e-01
4.735409012642461946e-01
5.162501152237435331e-01
4.969716316425155100e-01
4.807069532598687300e-01
4.682685065462669494e-01
4.771812646638394773e-01
4.965818126089676654e-01
5.183586300574595240e-01
4.809149678649489723e-01
4.655935391742031526e-01
4.315092770996953875e-01
4.766769264720673305e-01
4.738075520440400146e-01
4.845691702436540349e-01
5.326833520715571479e-01
4.840664071522870482e-01
4.955150653786592474e-01
5.033010408379897660e-01
5.105802608500680240e-01
4.724418375340019849e-01
5.274336843218804249e-01
5.053125123508744876e-01
4.969425463890168038e-01
4.836960981903398737e-01
5.117502985812405480e-01
5.386644497198547210e-01
5.289243339493767682e-01
5.163545852329581853e-01
4.715585642269720656e-01
4.949289861081831443e-01
4.953893669097186314e-01
4.664049339600324640e-01
5.067903413341812158e-01
5.374557953045563385e-01
4.992774666276011408e-01
4.654217081293840486e-01
4.969351805344524031e-01
5.205129796086941374e-01
5.126860293151632719e-01
4.754754779904728501e-01
5.336446481485692672e-01
4.660328186366425318e-01
4.676659951487613931e-01
4.894555837144293764e-01
4.854650208647706688e-01
4.825583912785892382e-01
4.449712717070483103e-01
4.904024013821978167e-01
5.122689697345671478e-01
4.926042502701212800e-01
5.000242333730477995e-01
5.201745485052758911e-01
4.980116257100987709e-01
4.471135432434219514e-01
4.748715952995827272e-01
4.687992133197721456e-01
4.765632156972257061e-01
4.501657119703748045e-01
4.239736822468731514e-01
4.535603690600483184e-01
5.404167716154936185e-01
5.078807294708213016e-01
4.800153959417154392e-01
5.051707577681283645e-01
4.954406902864402773e-01
4.541729778055356714e-01
5.010814317432896736e-01
4.341625021638074733e-01
4.419445781471624812e-01
4.717792964848546711e-01
4.973989171041152679e-01
4.749796647988926424e-01
4.829947544618271027e-01
4.863580079626597663e-01
4.560040903496868081e-01
4.886898118102841471e-01
5.040453179188778554e-01
4.439000493464880237e-01
4.792041884675208863e-01
4.809090348734035292e-01
4.968914398048911996e-01
5.024645270560740284e-01
4.691049335961937627e-01
4.767525301473160559e-01
4.541761435235688871e-01
4.825232510461914814e-01
4.916159450629651873e-01
4.700425532139060336e-01
4.762145949992317995e-01
5.039154116165569519e-01
4.538042668887093400e-01
4.788360517593212018e-01
4.841118919332935144e-01
4.165108535156047398e-01
4.819407264029447191e-01
4.693706850584005719e-01
4.682918413708521688e-01
4.447026293890463111e-01
5.083021812898778080e-01
4.898140921408545845e-01
4.672996835754247291e-01
4.499368045371788249e-01
4.782478069301986379e-01
5.063727404978759505e-01
5.409663550191969872e-01
4.747343943831786039e-01
5.156390556711438755e-01
5.111846545535395636e-01
5.192895386335834029e-01
4.758217885425334859e-01
5.298468504279387759e-01
5.020905677425530067e-01
4.744579957579139196e-01
4.738603221820665290e-01
4.445684118716393129e-01
5.090858804178122199e-01
4.837717143995272084e-01
4.919754800893388902e-01
4.909253783291949169e-01
4.788536654759830702e-01
4.780592756301904611e-01
5.118699531119721424e-01
4.747881094792668066e-01
5.235087015905095509e-01
4.772989181708349182e-01
4.799465745075184864e-01
4.585603890563591523e-01
4.828421544465600346e-01
4.602757145449657417e-01
5.179240838577739980e-01
4.783658873623297114e-01
4.773769136352973841e-01
5.074094680426808335e-01
5.139844595887529399e-01
4.707764902390248474e-01
5.145049209949236202e-01
5.425704980746466344e-01
4.881864124056400356e-01
5.260197693293483523e-01
4.498717972032571510e-01
4.932062154593062631e-01
4.757485557591378256e-01
5.245914414339137855e-01
4.945226250471173035e-01
5.308956839317153786e-01
4.718178839311480410e-01
4.699321351552707693e-01
5.109050458579862397e-01
4.975907690459296928e-01
5.013378172264214561e-01
4.868882085481772704e-01
4.811546411433502146e-01
4.908406854266600394e-01
4.935325241797557383e-01
4.761436966470576904e-01
4.894462392536178541e-01
4.606784167215829395e-01
5.027391907603243615e-01
4.400585698535622314e-01
4.777686866965349388e-01
4.632884045052713118e-01
4.881240324803360342e-01
5.288991492429371277e-01
4.932935319647490102e-01
5.100474699058841210e-01
4.853335988984834315e-01
4.843775326429507477e-01
4.639100906136642832e-01
5.267544469205234225e-01
5.300004613854218949e-01
5.314959018139596703e-01
5.200766366860877232e-01
5.125441862297774875e-01
4.869513335070521642e-01
5.262709665899379941e-01
4.853540959929351639e-01
5.102033943340489319e-01
5.265712273346910832e-01
4.898735503253638934e-01
5.697773624435038542e-01
5.401683569562532039e-01
4.780466286398966091e-01
4.816334714052151744e-01
4.906489363031010797e-01
4.467248613771124810e-01
5.165292944774237949e-01
4.615028999798644338e-01
5.092354695224882155e-01
5.231484442105773791e-01
4.959827600595188013e-01
4.779391115398393119e-01
5.340818209403316308e-01
5.040938438354686246e-01
4.957105396558672550e-01
4.698016996491608532e-01
4.663577492989841033e-01
5.363586540695980398e-01
4.366743665798801244e-01
4.710888102458553606e-01
5.086519527669225438e-01
4.838003603451225265e-01
4.940611696357865568e-01
5.138199773817976324e-01
4.586319585278529898e-01
4.780745552965177669e-01
5.095940254071039677e-01
4.639264920968869110e-01
4.309762375252431110e-01
4.937268657486930112e-01
4.897435879562318517e-01
5.065595059305133541e-01
4.859772240771890184e-01
5.307372640253092966e-01
5.187018556837273975e-01
4.943316195691885850e-01
5.061052405284599542e-01
5.263137306481908695e-01
5.078604368033532435e-01
5.477268623629719668e-01
5.067561605702486371e-01
4.807283281347421444e-01
4.886143284147812516e-01
5.151116615876470961e-01
5.060764668384354348e-01
4.990057216579186217e-01
4.574010085444714102e-01
4.971174277994775403e-01
4.415803505124676342e-01
4.291047519828952717e-01
4.460290214346152027e-01
4.967108039675564024e-01
4.656278130502968238e-01
4.595089970270876401e-01
4.732066192759394330e-01
5.003386325826987280e-01
4.997257863192905991e-01
4.787855616008108717e-01
5.142969169708495603e-01
5.268157610705950233e-01
5.234923702804313850e-01
5.063555959137056028e-01
5.282149246257549224e-01
4.912982727114110770e-01
5.652443188003161145e-01
4.758499726151708131e-01
4.723663359475558932e-01
4.863834373670117284e-01
4.947556649905048287e-01
4.864286480615922503e-01
4.739203251914863579e-01
4.521527745029179091e-01
5.419866867729026261e-01
4.860891525758178622e-01
4.667457477998390170e-01
4.769864966451407007e-01
4.533697366838805309e-01
4.739957086750879456e-01
4.267700217611883895e-01
4.550553362394641477e-01
4.843490451131376440e-01
5.017420446184539529e-01
4.917112590157456387e-01
4.479864391892616760e-01
4.698206080221330461e-01
5.018477531191741781e-01
4.855306406123939822e-01
5.026959705137694634e-01
4.877623442534091969e-01
5.268152468784612630e-01
5.296683701075191042e-01
4.692058530333121924e-01
5.080777763208675912e-01
4.847264689296565399e-01
4.846916632931193014e-01
4.997056789713860137e-01
4.956357219974519834e-01
4.784393765521466890e-01
4.994832042583182141e-01
5.213863552222109954e-01
4.480402500751737294e-01
4.803616875507000783e-01
5.003372266069328056e-01
5.181023299832965279e-01
4.939134013399205103e-01
5.501097377718120462e-01
5.231409321122960643e-01
4.942534370817828759e-01
5.028088437555039425e-01
4.729366536886673300e-01
4.499635869719587622e-01
4.841787632043521583e-01
4.853017347404878779e-01
4.275690604922082194e-01
4.380768743256052700e-01
4.536095077252307872e-01
4.365004780973624765e-01
5.074510031512307062e-01
4.666180253838176917e-01
4.668181792179234568e-01
5.293399115417297685e-01
4.662339201271341049e-01
4.863157804543339902e-01
5.216924658661848957e-01
4.888742702920698124e-01
4.943557666078138846e-01
4.586935459473704402e-01
5.013000225324283354e-01
5.671659124987250555e-01
5.225960518942311950e-01
4.445427186322233326e-01
4.919161610801811024e-01
4.754221948146957755e-01
4.523465643290303650e-01
5.470856963158625685e-01
5.158572010884956427e-01
4.915490250654452886e-01
4.953791006034140021e-01
4.821268666133365910e-01
4.615051897710942264e-01
4.849633788334875018e-01
5.070461264348793406e-01
4.458653180734164501e-01
4.182898353542675030e-01
5.235200059134368367e-01
4.694401576629323447e-01
5.158537771963818130e-01
5.553620595785011549e-01
5.004505713046153437e-01
4.831581447683913622e-01
5.003272039401218674e-01
5.053713777092959658e-01
4.922847730393509202e-01
4.743400555845859734e-01
4.719075726456629649e-01
4.982500377344118436e-01
4.793510744642424659e-01
5.013221775829020954e-01
5.021555226768780189e-01
5.378423373909377858e-01
5.132908964448844591e-01
4.865141412842506896e-01
5.195903106141257499e-01
4.723901493673038354e-01
4.868794884223127672e-01
4.818064155776468627e-01
4.613107287593768424e-01
5.130424380309068777e-01
4.770198679211100634e-01
5.259259342758926259e-01
4.735213467824873623e-01
4.223802139213911344e-01
4.516237173112714887e-01
4.511036951977640541e-01
4.370879373697518777e-01
4.252075516739588501e-01
4.348542635004496448e-01
4.898549360573037914e-01
4.904554168968499051e-01
4.639887488440957997e-01
5.261380011615899299e-01
4.391825407654655899e-01
4.896604872978454481e-01
4.841099681851886438e-01
4.450364669122281458e-01
4.816348467764919872e-01
4.211805747093442798e-01
4.854721260997160726e-01
4.773272648579223731e-01
4.966643045135517021e-01
4.729536619133151154e-01
5.147030840917098393e-01
5.159741048525386953e-01
4.667272724008403872e-01
4.634182990911884237e-01
4.938268988024239192e-01
4.588052023000404045e-01
5.022261387247747288e-01
4.863928319793212052e-01
4.403656243179705498e-01
4.909799315558951993e-01
4.980975745822087131e-01
4.420177053268873335e-01
5.121472260740342897e-01
4.462326423817750132e-01
4.965130791152866374e-01
5.166497339203672823e-01
5.189926318219429957e-01
4.551902599521640003e-01
4.395150791037250038e-01
4.620022279386569175e-01
4.741489722548180574e-01
5.053341656591562314e-01
5.151962011130459818e-01
5.123813952801576921e-01
5.218592418600203064e-01
5.169467662238220740e-01
4.974264823230581389e-01
5.007428914234163253e-01
5.131319220257153368e-01
5.304438721624848974e-01
4.770254579336866696e-01
4.558158782453677338e-01
4.695819675610879984e-01
5.183095890537962047e-01
5.176875721567923971e-01
4.992816500098329335e-01
4.701480588238641234e-01
5.243672088725308544e-01
4.912014086960860837e-01
4.833693085206361428e-01
4.425129105473573077e-01
4.517782406382688243e-01
4.804056846922594715e-01
4.724757766556902383e-01
4.842414173378842279e-01
4.712813912989475273e-01
4.623882784565873094e-01
4.644800341959521295e-01
4.504225072499509208e-01
4.553893515478475984e-01
4.913707820417129168e-01
5.144211417322152036e-01
4.898413852586345762e-01
5.019797203856456447e-01
4.397300597608256867e-01
5.008781021916169918e-01
5.162895478897301382e-01
4.994768481812029703e-01
4.760742358945316832e-01
4.638341859937383793e-01
4.799981522225864050e-01
4.895793992764962410e-01
5.286816694060904043e-01
4.710785186259693891e-01
4.758779747103860092e-01
4.876133219623204340e-01
4.777342327164979530e-01
4.375199740340688925e-01
4.869527888227012102e-01
5.207811679048176545e-01
5.244659570685040739e-01
5.244015442247950132e-01
4.957157620723263713e-01
4.948142471574435985e-01
4.585865965299273928e-01
4.892045110052571921e-01
5.035332868368691539e-01
4.543380094814453152e-01
4.700734225291584023e-01
4.691837935170566909e-01
4.849559335312587094e-01
4.632500561452066457e-01
4.569344250009115815e-01
4.539925531183402474e-01
5.236641492292297695e-01
4.465129491495723468e-01
4.569468761586076844e-01
4.998645133138723828e-01
4.998369693102475697e-01
5.294886153566891185e-01
5.158859770841189851e-01
5.188078177402031255e-01
5.088548740453420205e-01
5.009153901582594770e-01
4.181252484033248229e-01
4.461769688465226369e-01
4.644066015927517665e-01
4.345442917194556887e-01
4.467032106803767166e-01
4.735019360833246926e-01
5.256729510143922646e-01
4.338658307398187697e-01
4.728243161964194030e-01
4.367374584314231978e-01
4.996940722843544735e-01
4.714116397934292046e-01
5.121892857377586816e-01
5.133419056485999388e-01
5.032046927272423309e-01
5.063796049474753591e-01
4.735869185225730638e-01
4.825034866412387657e-01
4.607360773225515627e-01
4.916620631007044828e-01
4.830822492147288094e-01
5.014253863273577805e-01
4.795693968388052841e-01
5.071950018084507850e-01
4.987733562230532991e-01
5.169658347538509391e-01
5.247483108473958158e-01
5.012009205971345027e-01
4.585596148194606148e-01
4.460694379797066622e-01
4.838605153846632367e-01
4.733490780615891014e-01
4.987047060653496677e-01
4.875509504154085239e-01
5.245448502673676350e-01
5.012058531712546561e-01
4.667875878186325544e-01
4.477460093653395923e-01
4.678602077386057601e-01
5.139246850936642907e-01
4.980556539030520091e-01
4.344316889154142824e-01
4.522142669761851086e-01
5.173180332780903390e-01
4.858116946247443835e-01
5.056521982287803807e-01
4.259412982746506593e-01
4.672836696920672495e-01
4.726584533894059859e-01
4.675923463502107413e-01
5.234244728046985040e-01
5.032516573561340856e-01
4.877091954227274484e-01
4.820058906308804514e-01
5.509779979086074642e-01
4.980976689366693466e-01
5.042642729852653272e-01
5.451756610594397090e-01
4.660100597327916372e-01
4.971570034174514485e-01
5.031798123048146776e-01
5.014583652341951803e-01
4.839603972448027203e-01
4.961375138744890667e-01
4.698549830266717242e-01
4.723664560797860013e-01
4.594919132080695912e-01
4.865835259138223678e-01
5.011891543957834871e-01
4.702710870487418759e-01
4.772582568210654852e-01
4.476313721136177537e-01
4.532128666753181823e-01
4.914920532200570680e-01
5.075410910276343390e-01
5.206619635489737608e-01
5.187963007453327835e-01
4.803048772406233180e-01
4.913941151799262608e-01
4.949035285974966447e-01
5.102870061745602426e-01
5.110654579769787764e-01
4.634718520114006202e-01
4.767462493222292541e-01
4.729547264065965817e-01
4.617699646446963846e-01
4.507296318767928245e-01
4.936027253224496425e-01
5.365561200866501013e-01
4.887655727788232651e-01
5.345444765186642133e-01
4.544267397752084769e-01
4.675366271503648141e-01
4.943569899100347942e-01
4.905735528369210008e-01
4.356206642116556282e-01
4.508381968706194898e-01
4.657604464826932134e-01
4.723950160699079137e-01
4.900221614242500356e-01
4.812794355114647371e-01
4.566519853081035807e-01
4.534738217526224635e-01
4.897652346059890860e-01
4.907871258063018494e-01
4.645523594018642899e-01
5.006658516788193847e-01
4.528312069418680696e-01
4.151778328404358565e-01
4.646632366156107641e-01
4.802879186218168006e-01
5.157772079906970397e-01
4.539972824332897949e-01
5.428795533728727474e-01
5.203192559302053377e-01
5.161305665191077141e-01
5.576580729457272234e-01
5.581080708993917394e-01
5.210999480259881356e-01
5.358876569894862607e-01
4.631994013129625554e-01
4.558191721516059447e-01
4.976397600831273249e-01
4.620714021536678207e-01
4.944998194027661054e-01
5.110550122014601016e-01
5.425401195371325480e-01
5.414744094737091729e-01
4.860507777404099450e-01
5.466069126093219266e-01
5.422149879541569018e-01
4.932962326021752553e-01
4.981965506835724922e-01
4.727959188404887714e-01
4.550194790522731347e-01
4.622196501495178800e-01
4.993514353483759494e-01
5.149697787019877904e-01
4.720901684292307943e-01
5.217333608329935979e-01
4.439333649733994136e-01
4.759228633033129041e-01
4.898192262153127641e-01
5.346887182405855032e-01
4.755014742678650430e-01
4.671462112778670406e-01
4.927774711243662065e-01
4.759673353274927465e-01
5.108416009270821956e-01
5.143876487079945825e-01
4.875071340949852505e-01
5.013864416487980868e-01
4.960708025167362423e-01
4.954026972280740626e-01
4.247636234079115169e-01
4.651294147407582513e-01
5.017497444459444456e-01
5.079781836723534783e-01
5.074463305881895536e-01
5.105144279209972158e-01
4.560855382770934163e-01
4.577494897953299224e-01
4.531482419283908714e-01
4.870641926690303380e-01
4.822826619835988149e-01
5.009186457498771006e-01
5.039214171019015254e-01
5.177675837054592778e-01
5.287003208759585293e-01
5.055878001680285116e-01
4.918522565419239378e-01
4.645699247105433694e-01
5.386728229354875719e-01
5.598826806206922413e-01
4.854898000056381835e-01
4.827768364499668841e-01
4.887407263317911643e-01
5.111615936387708947e-01
4.635954721005894341e-01
4.892242764725987514e-01
4.797188071618798122e-01
4.620508629787920540e-01
4.965772916207644716e-01
5.276678650259799541e-01
4.929397837731440690e-01
5.043852060718636565e-01
4.577431018535276785e-01
4.807475718429651823e-01
5.030292767680373256e-01
4.946960878158709329e-01
4.918449157569867447e-01
5.130957463141209152e-01
5.070055329902725116e-01
4.662190773147460443e-01
5.140524541662531144e-01
5.144014570967198052e-01
4.906189456571538043e-01
4.802633471708150359e-01
5.139679559797927233e-01
5.115809452449718853e-01
5.057643126519069110e-01
4.884969615540736831e-01
4.908739910250831673e-01
4.651122861727489122e-01
4.696913672930037031e-01
4.760679940882560079e-01
5.120558026128148033e-01
5.280796189572289911e-01
5.388086568499371731e-01
5.151968730668760044e-01
5.395682838617468224e-01
4.967512453716121379e-01
4.987705124841797510e-01
5.148636314402770253e-01
5.305349262197825988e-01
4.717349876532698771e-01
5.359013613119101294e-01
5.264701340861541734e-01
4.826827004746596095e-01
5.213294327937765260e-01
5.151907619716741271e-01
4.880476815736969898e-01
4.853705424656616363e-01
4.724977268399142560e-01
4.279119943908784585e-01
4.649267179526556104e-01
4.810822636631805205e-01
4.792544319048163137e-01
4.924388191161682138e-01
4.903914807540294407e-01
4.701149037729388525e-01
4.624493242088386080e-01
4.632998949554105184e-01
4.746402304411891371e-01
5.013845305924173879e-01
4.853070358286291075e-01
4.382040730867731160e-01
4.919274358679360248e-01
4.992953510416210938e-01
4.960978440846290916e-01
5.339176196473941483e-01
5.100448678487405907e-01
5.223577503069234407e-01
5.195964909227441808e-01
5.211406545151011649e-01
5.346827572070339540e-01
4.915100587253304898e-01
5.031838744969324706e-01
5.245058220689107209e-01
5.428674511667253011e-01
5.328270527928327116e-01
4.973873467037920881e-01
4.847682415574305903e-01
4.860105441138591331e-01
4.622332193185093585e-01
5.077809826675431237e-01
4.938350957409168296e-01
5.070021186257612777e-01
4.901659575916843536e-01
4.751773926640234236e-01
5.014637882224380894e-01
5.183724263996385417e-01
4.870986743169014588e-01
5.200112147725409750e-01
4.724008581328001388e-01
4.951391866242308426e-01
5.304984648531422264e-01
4.959394314230958223e-01
4.978732262483534510e-01
5.378982962570457715e-01
5.343266048244807997e-01
4.975104253597296688e-01
4.946721193926196247e-01
5.136065377157950085e-01
5.034386058887911908e-01
5.043514393424223252e-01
4.962885564417265361e-01
4.845818137817479720e-01
5.044575813722413926e-01
5.042744266365454253e-01
4.563895529592079114e-01
4.895793014438300506e-01
4.898698644013363968e-01
4.694540875052137241e-01
5.350283162951834370e-01
5.280231230148157984e-01
4.988913116054902175e-01
4.980905003095481565e-01
5.157637953418563459e-01
4.329666891215868119e-01
4.537031276996745799e-01
4.973986365955295752e-01
5.218564485384059592e-01
4.939153583233179545e-01
5.044694097932822530e-01
5.370392653833186980e-01
5.102761645294500159e-01
4.864041453721643649e-01
4.695150247440234015e-01
4.416730031258420119e-01
4.472546541641941875e-01
4.728795378484310086e-01
4.825352159951440956e-01
5.305533237997296370e-01
4.833567990726808095e-01
5.191153599497247972e-01
5.551259352597666119e-01
4.840816501118117565e-01
4.776299150317934727e-01
4.435967251746784079e-01
4.874164611515262591e-01
4.720656206589606274e-01
5.224319785178546116e-01
5.367779016212970156e-01
5.064294233811753587e-01
5.305687638967536701e-01
4.848555387922779958e-01
5.064979067991604023e-01
5.013042902817084201e-01
5.178954053752434783e-01
4.844891994520132417e-01
4.411147489034212277e-01
4.664590781535652431e-01
4.534603728382622934e-01
4.621950659094166691e-01
4.509895854484271549e-01
5.625534984269491279e-01
4.542759695420158228e-01
4.722857791887841161e-01
4.408130280867345596e-01
4.457900625544842788e-01
4.895242991795229481e-01
4.746706095892949118e-01
4.614158835571197104e-01
4.864523059114088666e-01
4.773267227326659090e-01
4.949413246898596852e-01
4.774522036788209634e-01
5.321339220642236079e-01
4.827633170998202328e-01
4.878121071510218010e-01
4.885545278079083675e-01
4.870327462471409907e-01
5.063854531504455858e-01
5.090568061554213708e-01
4.970162519226345998e-01
4.757035445155841091e-01
5.030305875800801241e-01
4.422331575003093374e-01
4.634936824686337609e-01
5.034637964900290363e-01
4.741587383354810559e-01
4.677248112670144287e-01
5.127229514278496270e-01
4.862921995474842607e-01
5.179485196655023715e-01
4.674224988679154813e-01
4.497548815307821912e-01
4.841936959469632096e-01
4.156433584998424635e-01
5.067346844010911511e-01
4.859443915928232660e-01
4.741507237978840328e-01
4.543013508596201455e-01
4.575050487847482916e-01
4.777526990836473142e-01
5.082861784975095665e-01
5.645016332123559133e-01
4.911573084294969527e-01
4.700241934490442808e-01
4.886430092995199259e-01
4.763909096898575890e-01
4.809927045651967714e-01
5.276250330476099926e-01
4.944926100246502809e-01
4.535010859012703066e-01
5.017545171664503645e-01
4.903657667610930027e-01
5.501392605446400186e-01
4.972340602604605753e-01
5.026151784884543838e-01
5.044687608283343616e-01
5.042087808335141697e-01
4.564756275700622146e-01
4.911287715143841104e-01
5.187412039659557994e-01
5.014916608592917546e-01
4.679023176713110188e-01
4.672930693845587236e-01
5.030368442952068975e-01
5.261342250738124671e-01
4.732277343419943327e-01
5.126419367021659568e-01
5.398117587283836061e-01
5.165499780141054043e-01
4.835095582740001063e-01
4.724446689322971960e-01
5.014526634341026634e-01
4.636218024670532012e-01
4.889728537478165715e-01
5.122889919308125650e-01
4.846684601336369025e-01
4.363970358980490127e-01
4.759612768545968819e-01
4.889820079515961870e-01
4.663287208922779481e-01
5.027816034061143302e-01
5.136897673526900077e-01
5.008472749906600630e-01
5.020164706819455480e-01
4.995674142278832552e-01
4.726055487138425271e-01
4.881692602204218412e-01
5.178423801087496114e-01
4.907242262386707354e-01
5.367201482557668601e-01
5.287773291768050887e-01
5.018869250687831851e-01
4.979378316742486543e-01
5.221222246102310560e-01
5.014143906035867237e-01
4.910152290649572593e-01
5.298697113959152105e-01
4.930997533016414081e-01
5.493169187892786853e-01
5.289591399086801538e-01
4.985293927727569852e-01
5.123248259271246940e-01
5.263413539551534681e-01
4.865333563132019368e-01
5.262184832670911971e-01
5.173807291388733409e-01
5.362409892499212516e-01
5.268921301841129612e-01
4.907698422112740100e-01
4.970650362354016027e-01
4.899827692259297596e-01
5.084358500584316154e-01
4.726510174929195451e-01
5.124794997949496667e-01
5.279412319411594945e-01
5.167552076342060152e-01
5.020729772084803200e-01
5.253309503775008826e-01
4.708422301073156846e-01
4.630676077499359389e-01
4.930923110999833048e-01
4.357500753040464136e-01
4.577010838012526284e-01
4.551751983321670192e-01
4.481634431254078454e-01
4.891636484977777144e-01
4.687138028210250940e-01
4.588850769824455722e-01
5.088962607313184394e-01
4.993880820333561621e-01
4.619844251095936993e-01
4.913304625971285922e-01
4.663358616897435582e-01
5.187262529189534677e-01
5.149282245139609193e-01
5.090757317175808039e-01
5.665013121321491596e-01
4.676128140113562925e-01
5.029248688115925958e-01
4.858390014906399101e-01
4.977397685620975620e-01
5.195665125876282042e-01
5.173263308090922941e-01
4.988100553948936478e-01
5.136507108743584293e-01
4.459287650293500271e-01
5.144527793903969082e-01
4.718746610119813889e-01
4.807052963457932870e-01
4.996630772627330130e-01
4.970576055347888933e-01
5.197592417447731705e-01
4.926182275329280547e-01
5.321080358723997428e-01
5.292681133712282548e-01
4.961598447775739107e-01
4.956659218070104123e-01
5.423478548385314291e-01
4.573607360404139399e-01
4.900502021327943769e-01
5.096633170655120448e-01
5.416999483996361997e-01
4.770980749335403948e-01
5.073973665589402993e-01
4.841264053612109874e-01
4.674564142155031576e-01
5.190107915378959769e-01
4.814994714288396427e-01
4.838981684426990060e-01
4.916392612868825673e-01
4.824458679908759096e-01
4.824567214718907260e-01
4.905010910068507424e-01
4.582822196530569325e-01
5.170569286661884645e-01
4.854957667428028145e-01
4.538794323316683310e-01
4.755914909588443429e-01
4.972021718717503647e-01
5.303898654578819150e-01
5.026229816789794524e-01
5.167885195832860878e-01
5.248778741928098457e-01
5.212184200437675052e-01
4.536610283249901121e-01
4.680458268297125191e-01
4.801814359277906674e-01
4.737145323107073702e-01
4.061996127712759197e-01
4.218472060480018548e-01
4.121904739417204255e-01
4.963542662506347791e-01
4.866898766015558264e-01
5.038008558126735315e-01
4.910417741654251045e-01
4.867872977550296576e-01
4.583005971341436724e-01
4.550238858454404012e-01
5.254809485645376421e-01
4.484215122528064645e-01
5.278396047152829063e-01
5.133140043446974277e-01
5.229011343424349034e-01
5.272189243123307500e-01
4.942464002291986902e-01
5.055376329009519942e-01
5.135845024644206669e-01
4.680381456773530791e-01
4.633968962076723819e-01
4.507036127451631846e-01
5.029006488385480145e-01
4.725302460435805152e-01
5.194831624687507032e-01
4.457518214809784718e-01
4.688002840140640393e-01
4.656166402365659041e-01
5.082734565776325653e-01
5.213639962562999219e-01
5.246124194414909514e-01
4.715045611927017877e-01
4.669014916475782151e-01
4.821504197675861580e-01
5.291270822485452108e-01
4.442564875721914941e-01
4.728623981182766278e-01
4.741242647854120862e-01
4.714170128445973607e-01
5.450278793550801248e-01
5.228652234317956449e-01
5.259602048703870825e-01
5.407522428361005717e-01
5.317638624381199053e-01
5.355364854053521473e-01
4.906360728612157440e-01
4.462621143591276041e-01
4.754720584860732124e-01
5.064382191741920725e-01
4.627531621737338008e-01
4.922156171267008107e-01
5.036435955902921480e-01
5.100172221478807000e-01
4.745528397818419286e-01
4.662615532541874441e-01
4.790036622585210346e-01
4.930253886583895184e-01
4.992687508856867851e-01
4.949569902608726979e-01
4.770078341563663837e-01
5.194069624373013339e-01
4.758912113242289577e-01
4.653190597602315792e-01
5.004401873346743246e-01
4.781451486915198057e-01
4.679993970262646408e-01
5.335056083054650067e-01
4.885936669271472299e-01
4.410272428049048510e-01
4.565795256719646922e-01
4.523124132037665279e-01
4.647452787721586542e-01
4.932752478370057148e-01
5.135807316428969704e-01
4.905256889280854571e-01
4.957080313551283646e-01
4.988923762592970546e-01
5.490070535725265488e-01
5.409585618551663311e-01
5.238415005752738995e-01
4.940356638749714979e-01
5.274454726492978640e-01
4.921480455254820807e-01
5.250734476154383934e-01
4.712780997909183922e-01
4.884251269349776381e-01
4.912795933358944933e-01
4.818932032472403315e-01
5.542753466411746155e-01
4.834416437006228140e-01
5.030360565273134243e-01
4.795468250591597426e-01
5.220910392528712585e-01
5.061859811433369050e-01
4.930116224563324545e-01
5.267408614337364403e-01
5.147012824075261062e-01
5.218353985215385960e-01
4.804069175306522888e-01
5.169379232462908424e-01
5.212030394750132301e-01
4.946334067340193985e-01
4.828327303276201410e-01
4.992159474870086489e-01
4.856910124162640008e-01
4.427572962562612569e-01
4.848540432986535031e-01
4.747407311384168049e-01
5.154689591710186480e-01
4.980266115767871815e-01
4.971223755374410413e-01
5.003364525782746375e-01
5.154560156479883748e-01
4.764235402898259197e-01
5.038139185957541955e-01
5.603486770900564240e-01
5.198237132436784869e-01
5.027797935552363873e-01
4.572555064323280960e-01
4.237720628115118626e-01
5.083796741064300351e-01
4.909255401731239532e-01
4.676804975157924371e-01
4.583607908428831701e-01
5.062806204003802435e-01
4.725448131797552742e-01
4.676930715343980416e-01
5.167235808917504114e-01
5.015158280534628421e-01
4.612259151066934182e-01
5.165958997254420648e-01
5.547969710189681880e-01
4.993088461344499240e-01
5.088758394447275846e-01
5.364752975305446814e-01
5.220040030787048702e-01
4.865974329953095534e-01
4.995604883177702793e-01
5.419688801174286086e-01
4.851455309553928674e-01
4.995240931003927520e-01
4.714454897938529787e-01
4.768269169800686824e-01
5.464184104738848413e-01
5.008669628662295592e-01
4.833802288938146008e-01
5.315232686493439607e-01
4.892646997293238487e-01
4.824695646671883775e-01
5.535710952875593227e-01
5.309246916218925971e-01
5.324735467707915060e-01
5.355973613200554206e-01
5.610786197843482537e-01
5.431815958857121318e-01
4.913537798124865685e-01
4.764417970813534797e-01
4.955231925111275859e-01
4.932662242652842144e-01
5.308652857464052355e-01
4.663460867602619575e-01
4.566703390569545329e-01
5.264018930045386568e-01
4.753295495294895256e-01
4.794192621015982425e-01
4.955053529118076949e-01
4.703998427778854352e-01
4.854908635566773656e-01
4.979412056229021166e-01
5.282553716557001344e-01
4.962204027596773814e-01
5.472838388229508411e-01
4.995099684477224966e-01
4.788795695713116696e-01
5.022741632249630994e-01
4.960876375563738616e-01
4.602948502503410588e-01
4.866271866389808021e-01
4.449100811695959057e-01
4.693939484802402973e-01
4.921112847664783629e-01
4.201900290727649256e-01
5.008891799480122975e-01
4.852168672882685163e-01
4.785405315723937902e-01
4.741312014407784714e-01
4.799984882732832858e-01
4.778797207392821988e-01
5.220999727327279016e-01
4.891482843641898892e-01
4.988788298737490412e-01
4.537986026493798786e-01
4.483811906477315756e-01
4.993296892625442851e-01
3.994874473837270457e-01
4.651465092455212003e-01
4.823388792461937302e-01
4.804665190185923862e-01
4.716063979597814315e-01
4.843492242092751199e-01
4.594948333835627285e-01
5.251498372013712057e-01
4.790652436610278730e-01
5.175774789945164489e-01
4.221046729917834472e-01
4.895167663610195397e-01
4.632194844755379015e-01
5.271421593652325654e-01
5.452023468526926431e-01
5.464216526000863494e-01
4.947965926607350573e-01
5.155532272227084656e-01
5.421951682514238868e-01
4.821747454953276280e-01
5.007077599407570023e-01
5.121453633871049238e-01
5.186877723879239621e-01
4.756732830126233491e-01
5.365741760317359610e-01
4.992430629630446592e-01
5.150807312730983911e-01
5.306325788537937793e-01
4.889129402734364582e-01
5.087203645754406756e-01
4.811455184110245420e-01
5.359845401873892801e-01
4.682080078040640192e-01
4.419359712295904963e-01
4.510119081974847122e-01
4.707301313913822005e-01
4.621154490580837715e-01
4.677812303530802795e-01
4.854356437397472357e-01
5.120879394744074498e-01
5.237029958018774023e-01
4.942970336290274935e-01
5.110863081472404312e-01
4.896810734900881590e-01
4.720671664712248194e-01
5.045107377399238313e-01
4.913741142338057810e-01
4.838038093670901096e-01
4.857187164629113152e-01
5.261583632653823450e-01
5.052297403764034467e-01
4.664951554646918352e-01
4.986669532564909635e-01
5.234834556680916240e-01
4.725292564715272703e-01
4.923749410281270666e-01
5.132714381946423821e-01
5.361796236910950642e-01
5.213558844446973817e-01
5.371804425265034322e-01
4.964111536534868141e-01
5.186607354436413297e-01
5.003684018603523631e-01
4.761684348144044066e-01
5.008559849584105494e-01
5.364193202958090767e-01
5.209936160228572088e-01
5.395461953467159955e-01
5.165059032266757777e-01
5.349714529987047440e-01
5.192425778935039204e-01
5.256358689287915498e-01
5.412589030783117039e-01
5.458677543552240552e-01
5.342183234129442848e-01
5.331021631348717982e-01
4.945788998963594474e-01
4.966328430406308225e-01
5.281059113356931789e-01
4.623565285866376717e-01
4.685979561519676984e-01
5.411506808553305792e-01
4.598206394175708978e-01
4.373004226408434558e-01
4.997780175011463100e-01
4.805231147258316460e-01
4.904199908570696098e-01
4.823368063702448971e-01
4.812716668981907864e-01
5.103386685012069046e-01
5.454600848704513893e-01
4.704535930135132493e-01
4.354210061811524812e-01
5.143992098271348290e-01
4.805399598775346170e-01
5.069007953868358562e-01
4.708977836941258266e-01
4.601044783788522663e-01
4.753950935094211627e-01
4.979021086570908916e-01
5.047801964368715533e-01
5.291624857188804709e-01
4.638956951426160824e-01
5.002440737183680985e-01
5.038912522039439290e-01
5.455137128170222116e-01
5.160024516135890416e-01
5.264143604400660648e-01
4.940568352328185697e-01
4.685926283713345297e-01
5.173689120000630748e-01
5.356825181528066526e-01
5.306351545093692668e-01
4.617251367477542279e-01
4.522928928693478734e-01
4.630395726557540170e-01
4.848164521121781645e-01
4.904133213091333432e-01
5.050839961998390137e-01
4.508680911580226214e-01
4.890560509350516671e-01
4.373602892992696223e-01
5.196698011241878135e-01
5.147721560213943670e-01
5.055955231372328829e-01
4.800256124241822908e-01
4.681964754569337694e-01
4.468273115294749132e-01
4.391042286488811008e-01
4.495569305699487761e-01
4.713372793212458611e-01
4.845979736237105429e-01
4.389458320690116655e-01
4.634769686387647525e-01
4.660793796524246302e-01
4.564847969453629806e-01
4.522930916471192830e-01
5.197998902135879673e-01
5.141947968095460508e-01
4.695209329629585482e-01
5.254399145906901714e-01
5.191695069729173051e-01
5.250725479576024979e-01
4.815495180496495720e-01
5.107537339913630348e-01
4.998780049321046026e-01
5.122783966330822780e-01
5.080002777823450222e-01
5.065409469160020439e-01
4.793155772849389540e-01
5.219014822432701539e-01
4.869914157945609001e-01
4.737377762755660138e-01
5.069703122327349210e-01
5.293246288226942653e-01
5.014025085891095079e-01
5.457565508264623499e-01
4.893731467326340456e-01
4.820606518585089928e-01
5.299482701811942809e-01
4.898946143987629176e-01
5.012722105569051845e-01
5.090947258632345651e-01
4.667856581924848536e-01
4.473346013231115914e-01
4.785873070164291532e-01
4.886154822168826684e-01
4.513746322352743534e-01
5.229577787904552411e-01
4.635044686285236804e-01
4.611734920258077630e-01
4.593247771278515246e-01
4.360473082243675469e-01
4.332880286160108452e-01
4.454057041404081430e-01
4.867893027916223581e-01
4.831462007317656182e-01
4.733565241163755211e-01
4.893902235701619308e-01
4.921149319122828936e-01
4.697615527778878364e-01
5.039936802702293939e-01
4.589602999929808247e-01
5.220684117441850569e-01
5.353787477962056451e-01
4.705559540827378151e-01
4.889077053493651182e-01
4.952561958072788095e-01
4.931280657036652970e-01
5.358464608110633520e-01
5.073490882377794664e-01
4.658405046822569617e-01
4.382031629328692057e-01
4.577832947522809115e-01
4.628588136061814184e-01
4.282021714325781048e-01
4.815588130568595471e-01
5.072232642933153235e-01
5.095205160234524966e-01
4.951533459665501957e-01
4.875613555168080704e-01
4.708791529435663037e-01
4.387922897748961493e-01
4.638717107713351551e-01
4.692134759390877985e-01
4.501015226658867108e-01
5.111262061023500447e-01
4.862851697941801277e-01
5.387690215192001419e-01
4.807903520914712514e-01
4.620775763212326970e-01
4.540628944834512182e-01
4.954777945008029261e-01
5.155669562775192505e-01
4.837751487387219607e-01
5.089413904273861755e-01
5.003670831795609120e-01
4.644079575585390862e-01
5.064932263514672073e-01
4.654003594740890870e-01
4.773446381656695769e-01
5.445165113471968077e-01
5.045375246860347440e-01
4.937498772978871631e-01
5.674905054442406227e-01
4.899215470124905214e-01
4.691882045882014296e-01
5.199903402566012911e-01
4.641447814487549839e-01
4.638160446276454740e-01
4.754736607508225354e-01
4.570040890865627037e-01
4.606320989689084988e-01
4.969518413039786808e-01
4.196845015982137994e-01
4.687433675361644680e-01
5.024570041792808528e-01
4.822836789050269912e-01
5.435820949784094802e-01
4.718388578242180831e-01
5.221097577040922921e-01
4.874258794349944912e-01
4.677813600734717636e-01
4.757317230856865642e-01
4.592240489305752793e-01
4.813612273270969077e-01
5.156977821713142340e-01
4.998938074680980281e-01
5.343623227763806272e-01
4.521141454062340692e-01
5.089364225440407008e-01
4.373263137894094488e-01
4.947976025706932734e-01
4.788418267702113651e-01
4.871024995358432252e-01
5.183699844746594287e-01
4.840467820750299355e-01
5.061521907925775610e-01
5.410687718427151793e-01
5.178838149102289456e-01
5.135230465921848397e-01
5.168237198225820173e-01
4.824372313256169442e-01
5.517254768240374974e-01
5.119516900226127598e-01
4.959573431633583773e-01
4.741658703179362777e-01
4.464119357492133400e-01
4.587382073008735017e-01
4.702474371403376208e-01
4.570962763972956089e-01
4.821497067505189915e-01
4.877928639262170130e-01
4.338095361569995201e-01
5.078563002275443550e-01
4.662122337787079074e-01
4.372136877302050251e-01
4.211644305493844054e-01
4.518744346537294510e-01
4.427009261910125892e-01
4.634373166161217528e-01
4.877102288259849705e-01
4.367358731249293413e-01
4.957794604374041181e-01
4.916594190697470834e-01
4.520027359228340202e-01
4.612401542364686913e-01
4.613987022912279246e-01
4.599934189906592641e-01
5.151656554356340845e-01
5.436835998035427497e-01
4.853147867592166875e-01
5.110834793073645299e-01
4.818121399313710085e-01
4.768087324691608342e-01
5.104955440989095150e-01
5.468358377184676655e-01
5.369887527967658336e-01
5.455424116547942237e-01
4.937731673066904081e-01
5.364991296844451307e-01
5.096681997132457287e-01
4.693997811001245357e-01
5.160020736648897044e-01
4.806893412430470192e-01
4.822081564695591682e-01
4.916486447713983576e-01
5.100794584946519716e-01
4.887675527362220773e-01
5.080584479261696096e-01
4.779835654843269666e-01
5.245899505345110736e-01
4.912838058067484082e-01
5.161368727785584642e-01
4.492600652530283067e-01
4.721302593833075489e-01
4.526222840110612489e-01
4.548744664208476118e-01
5.000884672305782042e-01
4.554268065423053846e-01
4.735911211320722458e-01
5.131345427252670399e-01
4.625699359184913817e-01
4.813070972022707728e-01
4.868672849691182969e-01
4.779299420571368473e-01
4.759615608938263520e-01
4.772881320370874203e-01
5.067672371814465615e-01
4.669228051143679559e-01
5.403996288883118337e-01
5.123629158181481902e-01
4.908547531124476393e-01
4.977556125683409993e-01
5.086830083921972667e-01
5.218969105349259285e-01
4.954137563796287558e-01
5.073285529515342285e-01
4.924702881934525656e-01
4.774249307369325956e-01
4.817547098857292154e-01
5.123408824470609968e-01
5.254100910550979497e-01
5.229221171699901527e-01
5.124069605181161835e-01
5.011270246271577467e-01
5.280389210681979417e-01
4.928294050952773953e-01
5.174129290626953148e-01
5.055183537509370106e-01
4.782897965166300613e-01
4.434881389101222315e-01
4.628064069253908230e-01
4.794351762822904317e-01
4.850295230828745030e-01
4.805297485560391935e-01
4.669855500066030229e-01
5.241094897813023401e-01
4.514549300907088614e-01
4.734327126652743134e-01
4.807736202214959453e-01
4.081569122638688540e-01
4.910471956486433531e-01
4.962862378877683778e-01
4.335555121277777091e-01
4.763021846840799767e-01
5.104955358810028265e-01
5.276481165407094220e-01
5.224471197201200345e-01
4.882449872952219216e-01
4.866127159188502471e-01
4.656412079166564189e-01
4.741126048180914210e-01
4.776121450113611777e-01
5.144873386156068040e-01
5.370812251314601715e-01
5.220268661275389022e-01
5.359110382950229567e-01
4.819153812489181399e-01
4.706893018743660284e-01
4.895896035997853168e-01
4.004795217707511346e-01
4.762383624032629492e-01
4.703391986278719350e-01
4.958029699199464346e-01
4.948846125627497372e-01
4.930787919837396061e-01
4.696057139675743342e-01
4.913128498218780615e-01
5.346715690196836013e-01
5.746521077996942228e-01
4.021781317017990576e-01
5.030643145013289352e-01
4.791135702892535542e-01
4.538125593646907818e-01
4.787328161525098436e-01
4.624839978845562416e-01
4.697578492506641612e-01
4.571960160437129050e-01
4.844169754958378427e-01
4.463737409494846209e-01
4.373228813574925322e-01
4.594167860134482084e-01
4.628978297269860653e-01
5.028918120551483240e-01
4.632125114029018165e-01
4.517010655617431092e-01
5.039566664874937096e-01
4.460569205756971800e-01
4.693774033049707972e-01
4.498180153198041986e-01
4.796365402622039253e-01
5.305387040394949905e-01
4.970228094483402637e-01
4.902497904453846922e-01
4.860235069912778871e-01
5.225866069505943345e-01
4.811359280150536155e-01
5.212835991019975079e-01
5.021881960976445347e-01
5.235099065550975483e-01
4.856128620985613598e-01
5.021130979097664371e-01
4.910245005190352341e-01
4.658168274870538861e-01
5.058464237218204262e-01
5.226398106781924291e-01
4.639101076740081986e-01
5.219198599400056704e-01
4.772157184525652740e-01
4.849364914304586383e-01
4.609585394880419407e-01
5.012436658799414024e-01
4.430840724158394694e-01
4.810483639201490469e-01
5.106490324905574862e-01
4.956468010342099939e-01
4.838347433840452516e-01
5.165670697341734341e-01
5.121863535758409691e-01
5.153308944850303330e-01
5.118586895794210445e-01
5.234826536038164058e-01
4.938248656675239268e-01
4.912763795084398866e-01
5.083380834892318179e-01
5.332855863729599744e-01
4.864961392552611397e-01
5.299894149003714361e-01
5.096438287942185452e-01
5.033458785262692192e-01
4.914993514170888922e-01
5.088753425080180248e-01
4.720190047521213850e-01
4.622568950428331269e-01
4.883050508228761188e-01
5.085946829877092679e-01
4.714222687576222759e-01
4.654696397334684987e-01
4.911912795672596643e-01
4.559113472317202209e-01
4.415417050386580833e-01
4.468124231949257008e-01
5.007596822505497869e-01
4.818566319991875457e-01
4.304871647087107345e-01
4.781355478945151227e-01
4.861681139516609296e-01
4.915857786401782170e-01
4.343116435208362880e-01
5.132000567145813541e-01
5.387038227790497125e-01
5.026056370527020034e-01
5.760351108583682267e-01
5.343545680069329284e-01
4.955655527389858928e-01
5.157898534228061438e-01
5.262558835345561015e-01
4.806781463478652650e-01
5.313300904410157566e-01
5.159485240048183874e-01
4.990267986692561997e-01
4.986158818377401936e-01
5.243331506450880086e-01
5.131033335052697097e-01
5.390880970233228320e-01
4.933268549869314068e-01
5.367034514176590720e-01
5.063059678301307098e-01
4.633485115858211323e-01
4.702639623921773815e-01
5.179193847327074884e-01
4.916815002898066167e-01
4.961799308972442701e-01
5.091873684410921364e-01
4.920258796169180715e-01
4.784579438336492574e-01
4.632553964102024135e-01
4.525021028021051772e-01
4.816361606975374521e-01
4.702237351171029145e-01
5.118650884649513788e-01
5.180518285011900259e-01
5.266359699664651117e-01
4.636533553745816882e-01
5.054360296175880451e-01
4.630490150400605742e-01
5.074066779716849274e-01
4.797631153165026197e-01
5.003544549487489723e-01
4.966262207524835270e-01
5.281707493481313520e-01
5.234525099775475532e-01
5.027433595691356283e-01
5.076782013592509024e-01
5.168683270662299822e-01
5.080660779589988296e-01
5.180144987797459244e-01
4.864353827858521329e-01
4.976043292376429727e-01
4.650171696472801264e-01
4.754398383422675511e-01
4.976100107891636704e-01
5.195528660277444200e-01
5.136267431142244044e-01
5.077144043737840118e-01
5.654347412324947086e-01
5.335197772668388572e-01
4.737237164220136076e-01
5.145865119811661170e-01
4.891720903712970525e-01
4.928669718558442714e-01
5.004717853804048211e-01
4.795621663762763554e-01
5.230672159395735044e-01
4.800531388157011081e-01
4.562802736705450779e-01
4.707355790494148762e-01
5.137059707061673031e-01
5.290079901613264912e-01
4.839129478870240475e-01
5.148860790521724295e-01
5.080776153066037804e-01
4.874803413646572881e-01
4.768821402725242353e-01
4.323573544113136768e-01
4.550583809177539685e-01
5.013999522338635773e-01
4.487120435617280578e-01
5.397904177678790605e-01
5.023595972765995121e-01
5.543801296645526344e-01
5.421808862863031209e-01
4.721822256802095663e-01
5.099492195322908872e-01
4.805217603271778604e-01
5.287513764547500106e-01
4.879567420317398874e-01
5.237855367422613595e-01
4.621575824185681913e-01
4.706485173928410815e-01
4.728726355630335498e-01
4.989642580002688343e-01
5.249957798480270332e-01
5.432948681884448572e-01
5.198656998689601405e-01
5.205785904203926728e-01
5.189644479733160898e-01
4.992138520506825272e-01
4.905756505333801476e-01
5.148144499984419475e-01
4.415165874477469665e-01
4.826366686903646452e-01
4.931343711273858954e-01
4.969926041495504876e-01
4.723132920422739023e-01
4.984095323767030461e-01
4.647751892892141301e-01
5.084544632654700580e-01
5.344617010903124354e-01
5.141298618872963688e-01
5.148841597592436203e-01
4.669125730739447366e-01
5.143037593275568975e-01
4.495914393508037010e-01
4.912824837160932878e-01
5.051981547131331185e-01
5.244204957790994381e-01
5.316683358332131570e-01
5.094475839931741357e-01
4.850634520433971253e-01
4.546818476229490535e-01
4.926269417127556172e-01
5.361402815347988682e-01
5.066740726060540156e-01
5.155753046420142871e-01
5.080318717923633098e-01
4.861533755821701441e-01
4.617767456295588380e-01
5.051542808818713093e-01
4.725061793838810642e-01
4.904991614422020141e-01
5.068140879638163288e-01
5.162076556351341550e-01
5.164172253639495169e-01
5.501582726057849815e-01
4.766407558450634907e-01
4.960947233239275667e-01
5.288591766770275315e-01
5.232725060285243757e-01
5.030652851718312446e-01
4.821382982052493937e-01
5.268762759430923870e-01
5.107031818121035016e-01
5.094739087674828859e-01
5.090937185561632550e-01
5.241871346143295307e-01
4.688570314020339413e-01
4.636430992993343936e-01
4.772541248122188495e-01
5.118475941765221471e-01
5.166965990095641059e-01
4.616858316070571178e-01
4.776997433308793894e-01
5.222743651587723468e-01
4.368761050824118142e-01
4.194308097136081881e-01
4.667916154360101655e-01
4.777328385598311744e-01
4.877404968425675391e-01
4.942210431170682150e-01
5.265005946542913318e-01
5.179620203060698591e-01
5.227241091604060141e-01
4.861501791455385968e-01
4.247748608223277933e-01
4.892433041205493938e-01
4.957892833063811677e-01
4.764769814974643136e-01
4.851702281814472273e-01
5.135655920509936134e-01
4.665059029496974596e-01
4.798084182786022667e-01
4.613251569869891155e-01
5.084954783155197777e-01
4.771304261884172226e-01
4.969122019492903664e-01
4.985821758929160907e-01
4.446791105455004667e-01
4.463892727456684195e-01
4.878436380534948991e-01
4.827962774187378736e-01
4.866738814815176339e-01
5.050866286216473267e-01
4.608144706277282343e-01
4.787024132095821782e-01
4.511832741185143325e-01
4.734258097546183985e-01
4.982208889855233025e-01
5.183602969006217975e-01
5.024685023491363145e-01
4.930451518665911470e-01
4.831723518221338054e-01
4.674648873809326699e-01
4.662607684723596435e-01
4.270055872379844297e-01
4.643336387053690339e-01
4.804624234222999446e-01
4.568064648942088968e-01
4.526694811216356862e-01
5.050876672171564774e-01
4.631638176791199046e-01
4.772997192967525781e-01
4.882836866951717480e-01
4.230531449336698557e-01
4.374184322687801330e-01
4.608818873417926953e-01
4.818910991254608533e-01
4.539361575663845572e-01
4.640994452662304259e-01
4.532337910997227270e-01
4.357623295886214887e-01
3.883710109810056266e-01
4.708738073939353064e-01
4.498934078699133865e-01
4.790853889993842429e-01
4.551274029237711849e-01
4.806287241901666119e-01
4.473054276615853753e-01
4.601656554433473101e-01
4.018948741006937997e-01
5.013246150270220802e-01
4.740910916672791964e-01
5.131075877576523059e-01
4.921644142746426920e-01
4.879406042183908054e-01
4.526232515122868838e-01
4.812008945449170461e-01
4.945406010424901466e-01
5.087802389140007042e-01
4.566091564803091973e-01
4.809183935156360890e-01
4.661601790495242814e-01
4.937900794757400513e-01
5.139258906888433120e-01
5.020985539636005912e-01
5.347769523622724064e-01
4.977491518176110352e-01
5.268328227573856326e-01
4.930862483186717604e-01
4.476817629124310582e-01
4.584033728344847347e-01
5.376887456863234105e-01
4.794363306398917168e-01
5.217309975297524938e-01
4.690361105107455075e-01
4.972526495965980398e-01
5.280048467441408322e-01
4.297782123892864847e-01
4.779338315288827466e-01
4.841906825749527910e-01
5.277862140207012498e-01
4.545054204974772194e-01
4.809441793682783794e-01
5.119501335672820286e-01
5.123204705269780446e-01
4.839092319689891064e-01
4.901007574774399189e-01
5.442278813706894480e-01
5.275202921730612893e-01
5.326985900630828441e-01
5.614259811210517981e-01
5.316056641366844193e-01
5.136389046421210303e-01
5.480168570907187897e-01
5.256783230704387133e-01
4.827166027980719920e-01
5.316906632181854775e-01
5.030723901900314710e-01
5.563574063562337635e-01
5.325718750381653877e-01
5.218314177082495897e-01
5.050514328412757381e-01
5.009126066501129459e-01
5.215024639794122452e-01
5.001449360914124176e-01
5.111900110937820374e-01
5.362582026426735426e-01
4.974366852637269187e-01
5.191868052346134688e-01
4.727753636748333599e-01
4.779438637726305950e-01
4.714779879585626610e-01
5.109410280451666120e-01
4.004045833112552799e-01
4.726887552241360591e-01
4.673234440286372915e-01
4.862274204719343462e-01
4.635557773582875685e-01
4.674152847279064993e-01
4.417629379081270402e-01
4.808784256460637008e-01
4.714901857668897245e-01
5.250339794764574686e-01
5.021106337728813429e-01
5.277889056196810591e-01
4.732729627708820441e-01
4.674733432646970277e-01
4.665877506650329964e-01
4.579534346748220797e-01
4.624057978639192767e-01
4.647310996717065601e-01
4.943292434239105471e-01
4.685180802649651088e-01
4.473236044875044115e-01
5.190870758884389424e-01
5.346074228881355639e-01
5.076683999279359982e-01
4.914602723177318722e-01
5.017354465767662752e-01
4.849005788338404122e-01
4.511919567093378158e-01
4.840006099955448393e-01
4.452007609609020533e-01
5.344988739214914242e-01
4.789292607702059223e-01
4.466517370577975932e-01
4.943500930913373170e-01
5.102161602462387258e-01
5.132136992064155745e-01
4.750758519802030788e-01
4.829788547905084495e-01
4.946254107389693178e-01
5.000765258928723256e-01
5.111304479751163088e-01
4.960792209907034511e-01
5.310412786897319437e-01
4.892305402123773850e-01
5.285825635634721076e-01
5.119805984334833138e-01
4.986873990547956992e-01
4.905978223412832961e-01
5.027880254477699040e-01
5.194335893106165614e-01
5.208433115770747523e-01
5.207193813087176437e-01
4.859247039096600829e-01
4.981927170539344751e-01
5.112483967786426442e-01
5.103081216701597089e-01
4.821779069668057915e-01
4.846622325944503484e-01
4.738447056516771894e-01
5.164944532199143845e-01
4.823442780229808546e-01
4.621863811669201239e-01
4.574437807271539702e-01
4.628330215040580287e-01
4.973120872725685371e-01
5.353143411714498257e-01
4.588827768461237189e-01
4.832247101259428690e-01
4.677047569936159110e-01
4.817720634205348573e-01
4.637094078414297771e-01
4.674078389375933007e-01
4.430711931273538240e-01
4.727080178839873636e-01
5.025733439790519563e-01
5.026690099454141913e-01
4.675854955635388444e-01
4.548340048064937191e-01
4.916615011323505202e-01
4.677990940444780588e-01
5.096924740669797060e-01
4.676556145402140929e-01
4.293614918845691797e-01
4.856861920148056178e-01
4.933165035964849898e-01
5.496643434012224994e-01
5.003959246107896330e-01
4.774022090632638604e-01
5.259032437170347851e-01
4.922583198945142402e-01
5.213473950362706999e-01
5.019259149731399861e-01
5.014432087317125530e-01
5.270685504444874159e-01
4.996051676823886623e-01
5.560248304044105305e-01
5.297369617894359672e-01
4.637426428790335509e-01
5.470887006332394442e-01
4.462239644826846985e-01
4.477307453294024908e-01
4.599183108304488177e-01
5.071804382857753035e-01
4.667252151578033526e-01
5.366261536534130405e-01
4.774084474278473267e-01
4.762226806011196079e-01
4.918677073433805891e-01
4.865391255460923547e-01
4.839624330651965400e-01
4.557693678229707279e-01
5.040870665084825619e-01
4.862986089827613934e-01
5.114571320814603750e-01
5.229393311977930114e-01
5.063091154266163851e-01
5.309861731474665447e-01
5.052449239075020859e-01
5.259026375547469767e-01
5.237935180738777508e-01
4.966498225520166176e-01
4.785374692007787201e-01
4.822037338031134324e-01
4.962569671380365754e-01
5.131480169113386003e-01
4.903816935503157448e-01
4.919654649977190930e-01
4.736864779074167475e-01
4.397545381813288135e-01
4.837337045214632480e-01
4.985203125628713816e-01
5.112409221907360246e-01
4.618174584003117422e-01
5.239902256083139864e-01
5.046882746024550226e-01
4.903724698583650787e-01
4.588686246829296045e-01
4.885033571802675501e-01
4.835977757259059540e-01
5.311142415983467480e-01
4.980802964928419119e-01
5.249879960237345822e-01
5.089929772833212684e-01
4.921138879395794974e-01
4.739269973938345926e-01
4.930430344920804231e-01
5.479130768170331622e-01
5.159159377994876339e-01
4.806936096360203137e-01
4.973901301782964746e-01
5.238413775584632726e-01
4.697114868692675582e-01
5.579081710079559775e-01
4.984751659241737909e-01
5.110193115201510095e-01
5.138199199807598205e-01
4.669667708927147665e-01
4.784467720692758275e-01
4.850775378531542725e-01
4.602618839741796641e-01
4.963234237663270987e-01
4.773878396955776870e-01
5.047267428340563855e-01
5.072844539705668732e-01
5.126151495729472929e-01
5.264809245095926071e-01
5.433680132332621149e-01
5.387419734561254003e-01
5.164015861082029701e-01
5.509828913677445872e-01
5.352729124512204395e-01
5.015163337778670849e-01
4.946342993051202619e-01
5.172571592557820841e-01
5.225480612365008826e-01
5.305652231191779755e-01
5.457917842874868697e-01
4.459662920322623458e-01
4.105786143920163722e-01
4.470975348417305373e-01
5.013485690534643657e-01
4.722371058790472143e-01
4.725349763253676172e-01
4.920711183048153137e-01
4.850809429018650976e-01
4.772460640220667627e-01
4.694990713266042892e-01
5.283283504002441733e-01
4.794204464322233128e-01
5.687515717202280552e-01
5.301004241285096619e-01
4.924247092707696449e-01
4.948169679219993067e-01
4.935133553228714387e-01
4.674972307271337280e-01
4.487644474746600443e-01
4.336232134406076688e-01
5.498449538604809339e-01
4.824314089805551431e-01
5.217952615513892223e-01
4.660423835381140023e-01
5.097497080970034844e-01
5.121589989183947811e-01
5.297243228788002245e-01
5.087368178129116902e-01
5.038111475856467125e-01
5.031424580024912441e-01
4.829721642457426301e-01
5.143707253548776004e-01
4.689908703948686974e-01
4.940988602557193632e-01
4.930771913975551257e-01
4.753083860195579380e-01
4.808479354099597924e-01
5.052822261976304130e-01
4.555068804707964603e-01
4.854716632470999493e-01
5.050495848888808537e-01
5.350738165128069435e-01
5.049180350879195478e-01
4.729542408230041906e-01
5.017526525318269925e-01
4.698137552039851617e-01
4.791261534496961683e-01
4.688142743287055381e-01
5.180265668516017552e-01
5.118254110707399773e-01
4.771500667127546169e-01
4.715270690930351005e-01
5.040236640607459462e-01
4.360168382872801063e-01
4.788833353137865179e-01
4.749139965932155927e-01
5.168549867775816820e-01
4.872322854540728221e-01
5.012114645523384482e-01
5.026555657553946066e-01
4.920535552478246810e-01
4.509100298388931116e-01
5.032007105518240264e-01
4.655149119026307791e-01
4.787159495710968660e-01
4.875078227812423837e-01
4.626058157654468483e-01
5.036458319084370361e-01
4.468214336489277905e-01
4.942366634799505443e-01
5.019024645104560589e-01
4.447360627980991299e-01
4.544063293178965401e-01
4.427958022628754597e-01
5.090080206950063912e-01
5.755570836068630847e-01
5.202411851952449817e-01
5.130891884771765499e-01
4.949763836874512268e-01
5.141650784247758788e-01
4.586776154740590528e-01
5.261300967282996899e-01
4.910350234101809597e-01
4.891687068189852772e-01
5.017508390801647122e-01
5.182389276713758042e-01
4.594318072471104131e-01
4.833816512532043697e-01
5.291369339152413032e-01
5.136418002890000833e-01
5.065913365540221092e-01
4.747154003763701668e-01
4.892859363290692487e-01
4.689088990775164278e-01
4.959559199818590058e-01
4.539416965953361749e-01
4.551255389499804793e-01
5.209837982789855548e-01
4.940454838581826991e-01
4.788437942391053914e-01
4.851330137669492282e-01
4.640026267071425958e-01
4.735510079167238318e-01
4.766089658225648451e-01
4.662870269144618884e-01
5.059771084794744134e-01
5.101249819872685221e-01
4.760481475922727079e-01
5.134539444207684156e-01
4.738174582862929030e-01
4.774695688260268134e-01
4.989910920850664788e-01
4.912287245626337784e-01
5.135605199136339394e-01
5.566497896192098560e-01
4.830741708145180335e-01
5.195300951912341647e-01
5.266525404925702647e-01
4.751571746635926408e-01
4.530602737729890195e-01
4.872549922874344630e-01
5.397952136561223746e-01
5.185310158184094353e-01
5.162198005809639501e-01
4.961866250834616188e-01
4.663879952706842524e-01
4.697947241028070930e-01
4.919821756574440652e-01
4.830630707306157179e-01
4.729999382604537228e-01
5.042216914866165522e-01
4.661681148555759657e-01
4.389687372796410303e-01
4.907304815913990925e-01
4.306897290654425059e-01
4.862473617707113727e-01
4.525956509868538369e-01
4.393233986143852965e-01
4.710625908156761410e-01
4.868575599233789797e-01
5.334230863213228480e-01
4.990510791020415504e-01
4.925389676766565583e-01
5.025027481990170797e-01
4.922838930855468198e-01
5.015070989169330140e-01
4.649117041416831464e-01
4.800216405220179561e-01
5.028203356484336473e-01
4.585662886823900775e-01
4.459343548459017148e-01
5.013225251333854882e-01
4.664349214435653534e-01
5.321739609041411523e-01
4.927959518558895358e-01
5.223786170567691345e-01
4.772308701909789286e-01
5.287170296083332222e-01
5.023021106098937150e-01
4.984115473354486792e-01
4.685988645009402376e-01
5.178454250004734805e-01
5.119061198188441519e-01
4.906010376459816746e-01
4.953936476375286890e-01
4.766868016189887425e-01
4.849046545855509316e-01
5.011914615364915226e-01
4.943897692125498455e-01
4.689080951344158921e-01
4.613735309452485778e-01
4.794300515440136357e-01
4.719197027385577670e-01
4.604552754534138592e-01
4.531972528511004072e-01
4.266056742017966807e-01
5.352784778873634908e-01
5.322690416699997762e-01
5.116923996001587760e-01
5.180820221032608197e-01
5.302991100908897026e-01
5.035809467072756007e-01
5.225491956086438794e-01
4.584067569641701034e-01
4.638299211722761162e-01
5.020321844680396550e-01
4.849661753515591145e-01
5.147072354073395362e-01
4.981875303021982004e-01
4.977147272051807847e-01
4.798898857702672549e-01
4.952636472570065007e-01
5.225790202590953060e-01
4.910765829338173405e-01
4.908246804380181905e-01
4.924666459438402644e-01
4.976851773064073226e-01
5.025519163364130515e-01
5.017637457862464956e-01
5.234798662648388889e-01
4.711917541587322122e-01
5.369341200958144267e-01
5.145737224843712765e-01
4.932058016391721589e-01
5.201856393287282998e-01
4.738652877549280329e-01
4.894711611725804934e-01
4.802996177258047061e-01
4.732463922335136686e-01
4.804568602218203255e-01
4.905732578224502038e-01
4.944827183151427885e-01
5.082675050672339490e-01
5.432653622547656269e-01
5.053335715135006678e-01
4.350632281535514179e-01
4.944998716657983961e-01
4.914945279004744871e-01
5.349081572868088497e-01
4.320640607396004640e-01
4.673863619107832545e-01
5.233495298988080080e-01
5.275669097453876688e-01
5.030826191389645707e-01
4.907909125479043566e-01
4.547574514470783535e-01
4.635160213112768934e-01
5.164884723060438887e-01
4.853933797172786946e-01
4.481594479655900964e-01
4.680330045633141478e-01
4.880319015576333741e-01
4.847478667872573976e-01
4.687777281045081290e-01
4.614075034567821643e-01
4.659905868575929810e-01
4.758085577855344916e-01
4.987354253170243057e-01
5.017748318904569071e-01
5.213463678384498978e-01
5.055692793109356487e-01
4.723469493465477509e-01
4.713462421771560940e-01
4.758619619584010807e-01
4.877192012828802659e-01
5.181144672196793532e-01
5.122472071551941175e-01
4.852216142129164855e-01
5.009643776856447239e-01
4.659438494326391123e-01
4.592511030572860586e-01
4.626662482740858673e-01
4.325028576009166681e-01
4.768641659666386645e-01
4.685751217921990119e-01
4.716122395755455998e-01
4.989303368107316228e-01
5.245993063129303913e-01
4.885254157859430513e-01
4.645455117133341916e-01
4.718633252859097960e-01
4.720290912900152458e-01
4.961631999123176096e-01
4.550151663159004989e-01
4.804075439199170794e-01
4.985731385131366156e-01
5.200915636481601156e-01
4.643821684987239906e-01
4.714390104789237257e-01
5.124236922878064870e-01
5.130866628740825552e-01
4.867782641430498103e-01
4.964542455366767193e-01
4.848470866386619393e-01
5.444224283201667403e-01
5.200072679170011369e-01
5.033289606521431647e-01
4.738655465560565605e-01
5.071965346473986669e-01
4.793374557552678161e-01
5.256610264673610144e-01
5.169350143932327502e-01
5.218007881566166795e-01
4.725978090044576363e-01
5.107166025841395340e-01
4.844668613332394069e-01
4.886578636648489793e-01
4.348052666986347292e-01
5.060172584607949275e-01
5.038366706096518710e-01
4.646471768885797049e-01
3.968265264503685885e-01
4.849392373733515949e-01
5.079103438362535528e-01
5.118187753821694663e-01
4.897070980473600676e-01
5.113400376074858089e-01
4.515155898671080470e-01
4.800313659485812567e-01
4.561415199152338285e-01
4.914028041680469361e-01
5.072128208770020352e-01
4.938185833608748077e-01
5.171661449605672312e-01
4.975735434848764793e-01
4.827841634433061024e-01
4.963558850722106786e-01
5.178026126784343042e-01
4.989609868060883024e-01
4.932879358593435515e-01
5.008552872409977041e-01
4.714970849847769374e-01
4.942688241628221402e-01
5.081605551682154553e-01
5.048712191397703997e-01
4.865316942181812654e-01
5.116434378623905266e-01
5.392180078868415993e-01
5.089314709636837408e-01
4.973372950863609865e-01
4.960292225228241092e-01
4.839691296617720240e-01
4.834750190258082503e-01
4.846711496612112202e-01
5.164822338723447093e-01
5.480652937474264075e-01
5.287571554327794576e-01
5.219136321511204102e-01
5.515038440572009870e-01
5.180127824260495339e-01
4.965795504546499095e-01
4.610242442800018825e-01
4.985996370037671932e-01
4.875624204692230457e-01
5.045872721229914815e-01
5.268307656183667254e-01
5.204482571172932559e-01
5.311005158223823797e-01
5.038647194152363618e-01
4.874254881222173652e-01
4.644200200663108902e-01
4.768112582503670760e-01
4.977760196322011943e-01
4.886608133043933710e-01
4.399507986372946933e-01
4.747476755984540997e-01
4.433718556657895715e-01
4.475587800862815824e-01
4.680652442640312327e-01
5.004583379617429939e-01
4.177965584180592384e-01
4.495916831087273802e-01
5.044466169777913622e-01
4.856390402020002162e-01
4.872834158685457884e-01
5.388258099824132508e-01
4.914787540973026281e-01
4.655538649456089084e-01
4.953176728087437253e-01
4.690590297709225642e-01
4.641901736561921399e-01
4.554644678193868756e-01
4.953591259014216708e-01
4.984532137509612992e-01
4.998194901411776581e-01
4.931364482310660602e-01
4.671293731801112181e-01
4.803790075430173223e-01
4.613964827926912426e-01
5.000949772368225021e-01
5.211655928814760141e-01
5.068049639366646320e-01
4.927488065743487744e-01
4.481682167618422086e-01
5.095831482781433275e-01
4.552486909152128614e-01
4.893896455047190286e-01
4.601241124239762170e-01
4.723070996457144344e-01
4.809427649531374249e-01
5.047014980256906425e-01
4.518864717854195190e-01
4.405444019609746076e-01
4.386902561100323172e-01
4.439221454632328312e-01
4.716111395390095162e-01
5.214840984935251722e-01
4.412868559421297965e-01
4.700335695972657768e-01
5.154640039670707052e-01
4.617667373956066967e-01
5.018939647578413155e-01
5.159668092871779743e-01
4.893877438408520963e-01
5.113886201068531534e-01
4.871747483128079370e-01
5.190504096753167929e-01
5.295556878509334320e-01
4.969003768420046652e-01
5.343377388821679563e-01
5.025894676282494089e-01
5.211872018968755071e-01
5.063821871534496255e-01
5.453637203110776044e-01
5.327579868853850042e-01
4.954894578475377842e-01
4.479143049601916893e-01
4.927074833182186753e-01
4.747878322152988551e-01
5.064833198521113689e-01
5.133926178336960522e-01
5.021926850124864838e-01
4.827288262907444283e-01
4.855465238152579244e-01
5.321282180491979652e-01
5.450667289445604302e-01
5.253697564411786702e-01
5.049751198920389150e-01
4.799590795005189703e-01
4.765518419846754838e-01
5.378842092532321040e-01
5.171453215676830029e-01
4.850600811692362679e-01
4.745434533384998987e-01
5.361920444746699488e-01
4.997466541035051057e-01
4.732881287093817502e-01
4.908444870884763889e-01
4.842855637258872137e-01
5.014397019815223233e-01
4.873389787221236169e-01
4.962452673756144739e-01
5.004624852621329945e-01
5.046593157731623647e-01
5.298023625504700851e-01
5.161127250690266122e-01
4.632724870352475377e-01
4.753271164197929166e-01
4.941304795216442391e-01
4.693623022475726381e-01
4.513947281885027363e-01
4.708730289910412203e-01
4.667033545518389781e-01
4.855932046797343249e-01
4.311451996438181444e-01
4.165752360224970197e-01
4.485520982153728964e-01
4.458647221426820795e-01
4.774124975085684008e-01
4.174975908565590754e-01
4.641386907063078104e-01
4.991748989706696338e-01
4.919149813586996545e-01
4.769613527880738335e-01
5.321761978591076359e-01
4.977139356496428912e-01
5.030347272441197948e-01
4.728313252532665434e-01
4.864414687586829378e-01
5.018600979365952508e-01
4.893305795891281229e-01
4.894041028380052838e-01
4.919394391067719585e-01
4.668820344095312991e-01
5.099678282051063327e-01
4.991531466234316872e-01
5.215967293404946137e-01
4.759249100713745517e-01
4.355942946356459178e-01
5.164342252661916488e-01
5.097809434468733025e-01
4.379522792604621517e-01
4.784840401189877634e-01
5.115994809881844185e-01
4.310172861708808090e-01
4.786809984869756507e-01
4.463553238891539987e-01
4.602105638809175225e-01
4.889914537556134810e-01
4.499659553809254309e-01
4.821137225554668615e-01
5.047234408569948316e-01
5.003065673978912553e-01
4.922255841536757326e-01
4.801812962481695757e-01
4.680471533385952010e-01
4.879525949012163966e-01
4.606927804254032921e-01
4.422339111507694875e-01
5.114594907963565529e-01
5.157979488704707016e-01
4.926776663364875186e-01
4.609289389361189704e-01
5.338347619396571764e-01
4.764498483945835972e-01
5.067996434012401741e-01
4.648352856831173274e-01
4.572441757899939896e-01
4.922646652048222604e-01
4.682293200038381564e-01
4.455349854179526115e-01
4.622259471999324854e-01
4.704097440055914903e-01
4.762134122828967087e-01
5.122074577911389648e-01
4.924787671766856501e-01
5.176378176583222857e-01
4.886627936755487678e-01
4.891056806987807981e-01
4.896706087055222589e-01
4.995215970673958505e-01
4.886782439956277591e-01
5.048916046828317850e-01
4.830202086785087556e-01
4.910236972587850857e-01
4.646368732458317496e-01
5.048714618995595593e-01
5.007840379668754283e-01
4.999648084729209629e-01
5.313005287416548983e-01
4.989398601352280083e-01
4.928054657301550456e-01
5.025620749913720653e-01
4.981284637732857346e-01
4.780799964737151853e-01
4.537010343916884070e-01
5.101137392847631125e-01
4.635001520590021906e-01
4.913845995409749645e-01
4.370933916837517752e-01
4.697976425655642774e-01
4.487331890108979815e-01
4.447309028284514021e-01
4.814555025654120302e-01
5.372687956540117549e-01
5.082744685254806383e-01
4.945053655376866475e-01
4.850145425046720193e-01
4.703434166393901106e-01
5.267606362532587516e-01
5.274138900197278268e-01
5.103533544034549729e-01
5.149212640364227989e-01
5.074557050598591523e-01
5.048515966315428871e-01
4.977247589329074073e-01
5.151324476671264030e-01
4.820417590111149564e-01
4.825879266869836925e-01
4.944415487454159042e-01
4.631683263155828567e-01
5.484497602650967307e-01
5.698892203336042295e-01
5.267668037902948353e-01
5.507850803435362375e-01
5.097280656990917924e-01
4.968673516276247426e-01
4.709259879396339166e-01
5.488861770014147323e-01
5.057925853356491919e-01
5.010481026816935302e-01
5.253259550903695008e-01
5.049301257982531377e-01
4.628047580533715677e-01
4.880767713395511853e-01
5.070893607265924974e-01
5.011943527900096784e-01
5.025348817482722108e-01
5.187857802342760172e-01
5.138487007033410991e-01
5.000056054858089682e-01
5.306440743918828806e-01
4.879022824090039068e-01
4.711624470958295507e-01
5.009086758426192221e-01
5.002948353967440198e-01
4.943013866846686644e-01
4.716460968080833926e-01
4.881432715583736703e-01
5.443041453248635975e-01
5.042629334294513876e-01
4.939307879131896173e-01
5.220438173769978984e-01
4.808611289032893032e-01
4.351044662648152483e-01
4.549340655157096958e-01
4.736319575056213704e-01
5.116873467974969447e-01
4.949129283708413873e-01
4.864652510706096722e-01
4.834086966001282515e-01
4.727234628711653452e-01
4.585081248739307780e-01
4.698856613321464315e-01
4.493713900544399342e-01
4.717232300709333082e-01
4.972642258375708502e-01
5.228735480555434245e-01
5.275769797646225889e-01
4.932950137744596120e-01
5.122001359744069449e-01
5.188498412783246749e-01
4.861941129335831668e-01
5.020628851365600553e-01
5.029124786616719911e-01
5.163881458044460304e-01
5.065680134641632471e-01
4.493359109718244038e-01
4.920548696759038387e-01
5.339198432389714588e-01
5.308571495612988134e-01
5.058986608884330494e-01
5.585423752984332024e-01
5.315717596928311028e-01
5.374695556372385274e-01
5.398542958156855587e-01
4.938463284429148170e-01
4.996107590089376438e-01
4.926910047630594924e-01
5.302506265385605877e-01
4.789867101755000411e-01
5.263911920238887321e-01
5.366872186648847798e-01
5.045474881966678371e-01
5.299054131550305913e-01
5.012701931567162816e-01
5.272683773475900226e-01
5.368019121598697208e-01
5.005364313743217997e-01
4.995218966470317823e-01
5.402959637370252644e-01
5.101916172671929761e-01
4.565829948183173226e-01
4.584268671521312677e-01
4.509843393108457499e-01
4.644732822036619080e-01
4.495272243579397919e-01
4.849573540509656278e-01
4.361612928534183697e-01
4.526423969454412277e-01
4.516957278159882683e-01
4.833198767622352010e-01
4.916933496080446719e-01
4.856463208783505792e-01
5.230414737050137486e-01
5.006349609577666060e-01
5.864429917931305303e-01
4.916192881779550827e-01
5.550274999284438016e-01
4.854827590942598636e-01
5.288623127817987379e-01
4.994218642219841464e-01
4.548162885760811958e-01
4.964077150045715370e-01
5.167045839856713174e-01
5.093184901123285480e-01
4.923249649427426378e-01
5.048961899603074954e-01
5.296080265593811065e-01
5.286268097231054952e-01
5.452291817564764997e-01
5.247231332145163574e-01
5.484607284575553354e-01
4.616997389170138244e-01
5.107854703000417329e-01
5.095920518753188633e-01
4.956273244906123643e-01
5.462014838927251592e-01
5.111852392550336743e-01
4.913401446047666599e-01
5.190426508331510425e-01
4.588653931707088462e-01
4.850258022547823122e-01
4.493211447224322863e-01
4.516025163958607425e-01
4.598988841249133097e-01
5.115530294247084830e-01
5.270914162323808716e-01
5.315041637171626920e-01
5.283180310256626599e-01
4.887252020289094001e-01
5.098481492054528497e-01
5.048711658095197397e-01
4.451230897643407847e-01
5.085808469091854800e-01
4.898017414850615592e-01
4.995594684016760323e-01
4.724527539910795548e-01
5.040900104021730499e-01
4.980459609382498765e-01
4.898738306349306737e-01
5.126222189043899702e-01
4.898039717345047395e-01
4.552992003453437686e-01
4.545033314363928212e-01
4.432273460535138820e-01
4.430039401194642013e-01
4.611042246640500997e-01
4.584601297493652305e-01
4.584808623634558655e-01
4.918786376767233515e-01
4.650484540314876458e-01
4.527356008133635035e-01
5.054827494365468077e-01
5.033775074349376988e-01
4.776613601696143574e-01
4.958540250647360259e-01
5.206560479025738042e-01
5.033388065279953416e-01
4.622092244036998254e-01
4.747238055488536834e-01
4.978147201450696668e-01
4.976615316845180992e-01
4.910332975493057472e-01
4.916374184230282718e-01
4.692057901024964117e-01
5.077233363539622735e-01
5.064000679569764518e-01
5.122793331384511983e-01
4.969114569853697594e-01
5.006976066272961212e-01
4.941905118996038904e-01
5.101532381819754436e-01
5.284790293508540016e-01
4.755011179471071436e-01
4.738893163145451171e-01
5.058919117491382789e-01
4.808158380471400650e-01
4.679777996388556072e-01
4.825499384931750679e-01
4.921188815488085622e-01
4.957659412444721525e-01
4.837307218708550294e-01
4.904939357817383883e-01
5.004797864879700908e-01
4.856133694365746822e-01
5.001491218986777731e-01
4.843980833930075502e-01
5.047358292603901786e-01
4.787882489461814384e-01
4.783658169381445613e-01
4.758480748528018389e-01
5.188722936531184882e-01
5.086677553129084206e-01
5.042373265246415937e-01
4.766072516586999375e-01
5.172494458952690000e-01
4.977508219468518291e-01
5.377737567431631893e-01
4.765235288780114709e-01
4.989633266769434305e-01
4.712451692247309198e-01
4.907593950788913806e-01
4.866804120398699474e-01
4.770875475852852099e-01
4.846920078535531529e-01
4.761802077038491676e-01
4.575465734481415914e-01
5.029761956283929081e-01
4.934201665265611769e-01
4.365242221907326137e-01
4.474870341047968436e-01
4.310385082394657674e-01
4.485530197464313584e-01
5.017794526753079909e-01
5.203446363682775466e-01
4.689274894642480596e-01
4.972963569909629733e-01
5.105565878385786016e-01
5.174982309348296061e-01
5.255218294180515892e-01
5.097648332929595183e-01
5.174414387351564670e-01
4.713282404386701652e-01
4.717596565156796928e-01
4.925220864223314177e-01
4.715244636806095735e-01
4.726094075092810431e-01
4.944000012969190783e-01
4.906564632704190076e-01
5.234331289535643084e-01
5.065846562619282789e-01
4.636586640901474987e-01
4.422261554169783504e-01
4.257609655660262171e-01
4.594972574255512532e-01
4.995780774464136931e-01
5.019470797833351927e-01
5.241120501758856909e-01
5.115826587571178363e-01
4.847123786234376341e-01
5.147294796500166969e-01
5.917486969180005829e-01
5.166140620491614932e-01
5.088912754754931766e-01
5.225129527120764283e-01
5.220060709417525535e-01
4.688398501085300207e-01
5.114427843778258653e-01
4.769296546449490748e-01
5.117791736392225399e-01
4.574940673629377397e-01
4.981848691544707441e-01
5.015877345926242903e-01
5.103163266269308274e-01
5.144233985389307096e-01
5.133672146212342469e-01
5.182795482728285164e-01
5.158716881244834740e-01
5.013303266080886278e-01
4.764799355762452393e-01
4.689531998276108005e-01
4.522710110386846116e-01
4.460137801328074025e-01
3.994135440640968482e-01
4.638999731950866900e-01
4.484406866853568041e-01
5.038633376336626446e-01
5.077830858012358783e-01
4.961262676445773456e-01
4.632304545478900804e-01
4.528944194608485185e-01
4.900119973432417453e-01
4.875451603759096697e-01
5.259400942449358185e-01
4.863785705711241025e-01
5.267788029737238142e-01
5.143637981390895009e-01
5.147316970334889774e-01
5.214482132565519956e-01
5.320535848494061248e-01
5.754508818663501835e-01
5.540270743624010619e-01
4.878402316961134577e-01
5.008261764186268117e-01
4.888437432540638228e-01
4.987883019427736264e-01
4.758827003894714469e-01
4.817267865558726991e-01
4.806199241472439709e-01
4.813843117694492912e-01
4.614312195420940954e-01
4.890556770233241979e-01
4.504202323533324503e-01
5.075211803040405867e-01
4.860608959836175136e-01
4.983359312742591807e-01
4.939080983780841372e-01
5.105280562940552880e-01
5.090365047168496915e-01
5.016967821648966597e-01
5.140615985215082340e-01
5.283811344966113932e-01
4.771452204116216067e-01
4.881727193306972246e-01
5.467772571811571058e-01
4.957243303269279200e-01
4.948095052517634262e-01
4.732864750185888925e-01
5.070694229192437286e-01
4.673562941761207901e-01
5.300735969022546401e-01
4.464846889926213924e-01
4.894212063006967983e-01
4.832943955090646115e-01
4.807746950776147221e-01
4.785057783161674183e-01
4.704713599333964491e-01
4.255923975252180469e-01
4.726201567864193320e-01
4.797203055286554108e-01
5.181242329063859842e-01
4.929885375825652227e-01
4.915053938285787738e-01
5.115033950071309343e-01
5.055915202777067075e-01
4.708066133542300746e-01
5.204382153190694194e-01
5.010200555284349822e-01
4.663409763899756255e-01
4.904400069444714294e-01
4.992614680020029394e-01
4.968881268831713549e-01
4.489274764609434420e-01
4.941803573222025014e-01
4.780954742729067730e-01
4.879148719406795620e-01
4.853526843456016926e-01
4.754531345337800197e-01
4.673503801795143020e-01
4.674283408603307488e-01
4.848479259936040453e-01
5.278938891323617932e-01
5.157692451879173356e-01
4.948671575268912548e-01
4.593385594999221389e-01
4.701865434611398054e-01
3.838530503579432596e-01
4.604627203577119632e-01
4.927667777057320175e-01
4.271795101425110985e-01
4.973162717730210680e-01
5.063793068939957953e-01
4.585112970811271449e-01
5.069440757899140726e-01
5.156504004521096363e-01
5.191165954167160645e-01
5.472252609036638571e-01
5.521886213022152434e-01
5.414673922578737697e-01
5.419059137565696016e-01
5.107502383970465853e-01
5.225673320435230140e-01
5.356922865417670376e-01
5.134962616332936491e-01
5.337775756676472749e-01
5.604587050991723940e-01
5.175441477809374913e-01
5.458318913237373282e-01
4.745279269496489039e-01
4.939617528547529113e-01
5.373387616794259580e-01
5.115103937622740293e-01
5.159328924689191576e-01
5.097247079531455061e-01
4.863857734454362092e-01
5.209557260923755040e-01
4.981681159156203798e-01
5.188264251181389231e-01
4.851158905592078407e-01
5.107977846397803168e-01
4.627174696494584238e-01
4.605725659628771562e-01
5.132908057004795799e-01
5.521634357551343797e-01
4.961654723401848210e-01
5.192592525479157173e-01
5.158563340953489229e-01
5.070427243787262173e-01
5.072689730009443121e-01
5.511175797269934895e-01
5.006914718201017633e-01
5.294871069899744764e-01
5.400638923560844296e-01
5.375657720588989941e-01
5.123474477197648147e-01
5.155505093469958666e-01
5.259070081043192291e-01
5.043778879604648990e-01
5.396130947193619187e-01
5.435682094798434116e-01
5.250295259493399369e-01
5.196004291253101259e-01
5.009491746403026413e-01
5.165456329463912200e-01
5.258120196349509445e-01
5.100293793043073620e-01
5.174336245798072387e-01
4.952071373266516696e-01
5.303427095611564779e-01
5.156384359313433974e-01
4.823976507579911810e-01
4.381392850478950107e-01
4.334366474922820012e-01
4.586535476650001053e-01
4.970564617364891524e-01
4.515646436888265391e-01
4.543933821796310446e-01
4.463963913188891408e-01
4.368831389175397706e-01
4.828967676244956264e-01
4.610224093910268439e-01
3.960697340648382525e-01
4.494099866660119513e-01
4.686197794322242149e-01
4.497422753252482419e-01
4.878736043567609704e-01
5.041899689304444321e-01
4.069947152189670736e-01
4.004131978076793663e-01
4.954799009451322234e-01
4.748665168960686800e-01
4.896607759677581440e-01
4.386476338553110255e-01
4.675648801398527010e-01
5.016518728218959389e-01
4.874655671760372289e-01
5.013572555852381374e-01
4.837219763378719506e-01
4.643010981205966115e-01
4.705219067232179753e-01
4.999373469102942891e-01
5.257274953295176800e-01
5.335455484008698734e-01
5.074845904986607925e-01
5.228657067410660275e-01
5.139125768356119783e-01
5.232067065872696432e-01
5.285344054555153326e-01
5.231245325573931071e-01
5.165134747410002891e-01
4.959536335483321068e-01
4.844290365318386637e-01
4.686431424544657554e-01
5.120219773195064938e-01
4.991963975611566906e-01
4.908399002890628249e-01
4.941375527737785212e-01
5.085413770590383464e-01
5.160348082475264553e-01
4.919693245272778737e-01
5.152702971017567579e-01
4.562537110143628505e-01
4.662685471672691762e-01
4.841074270147628922e-01
4.380224804385230986e-01
4.800573740154880364e-01
4.974274318531681782e-01
4.740941927547843715e-01
4.755280087346536178e-01
4.254469473318488459e-01
4.757656997567605295e-01
5.234826484398408253e-01
4.543824163351044554e-01
4.815382019948115655e-01
4.787026035176801253e-01
5.097085991946854744e-01
4.957242958932748800e-01
4.768752348010353859e-01
4.769857719953008446e-01
5.108163930800370123e-01
4.624907789297256211e-01
4.653093737392489659e-01
4.989210053077473006e-01
4.577306580765244659e-01
4.960100282376040948e-01
4.407918409723083908e-01
4.668390034017176893e-01
4.797687562938732775e-01
5.204615956900324747e-01
4.881458841171931740e-01
5.195569523666653255e-01
5.427408059683069830e-01
4.757839574130435789e-01
4.902315029367180221e-01
4.397538262593203573e-01
4.968357378376444533e-01
4.349352644636950149e-01
5.050890187061474190e-01
5.078012654194397069e-01
5.076397806923282907e-01
4.620217598330697006e-01
5.091817265266898040e-01
4.976386747042164660e-01
5.091949930795958146e-01
4.818903805173657129e-01
5.020451789459901004e-01
5.224175564745041633e-01
5.044023251254812212e-01
5.039056503235176399e-01
5.349106981073681322e-01
5.025294175325759616e-01
5.287011714427933828e-01
4.714723502491410811e-01
4.902109659351466253e-01
4.844979261770162582e-01
5.199111643444503938e-01
5.157222810230613907e-01
5.177957384301280497e-01
4.753835761353125688e-01
5.090339732436829356e-01
5.433498271433530036e-01
5.377127382245043830e-01
5.089933297801894074e-01
4.737869135544263144e-01
4.641977040444278946e-01
4.782672977415378668e-01
5.108796326400332211e-01
4.669221469514840406e-01
4.696525859526156088e-01
4.442896435451316739e-01
4.482665173881406617e-01
4.678346493459651922e-01
4.245035913552301365e-01
4.653692739085918961e-01
4.428150906377870677e-01
5.052912155121493942e-01
4.884060575634154300e-01
4.834705168062704561e-01
5.331705200886331930e-01
4.251300036402093085e-01
4.945505729259106475e-01
4.891673378003572048e-01
5.165992734038190592e-01
4.821239141269563766e-01
5.374223925842206429e-01
4.841807514646676580e-01
5.124317384347185644e-01
5.178018428023448694e-01
5.479462460601211005e-01
5.333414057822436494e-01
4.943198560787148699e-01
5.041091397120074369e-01
4.837466468440660972e-01
4.780416745116853883e-01
5.130680732938753819e-01
5.429055857980680244e-01
5.028333640813337224e-01
4.860723502281427688e-01
4.857627089930434683e-01
4.567660489525333101e-01
4.452324363548496033e-01
4.482534073461926227e-01
4.686763318403184830e-01
4.948604457766639930e-01
4.926142016511344535e-01
4.426602831468332555e-01
4.499081898286863002e-01
5.324661274458194482e-01
4.817193688298947452e-01
5.165685526308256836e-01
4.801200580040991817e-01
5.419925802291941652e-01
5.357344532865676578e-01
4.986085933605041154e-01
5.172599189717110857e-01
5.365294195766103780e-01
5.283306579069213527e-01
4.557748022780728769e-01
5.436699498095969307e-01
5.206701667777204889e-01
5.255546582497774288e-01
4.819745215438450692e-01
5.407289947394419150e-01
4.721669037672793778e-01
4.390374525936633354e-01
4.812808624138555369e-01
4.912358029223970468e-01
5.197602274226582608e-01
4.782408043461050529e-01
4.845090658177149123e-01
5.219591715838713952e-01
5.175837783587123875e-01
5.020876141300446571e-01
5.250530378392956887e-01
5.449782006089171071e-01
5.193986381034457755e-01
4.674317244748129041e-01
5.078126663826268983e-01
5.144053891750938190e-01
5.091250227017570795e-01
5.543895114311253591e-01
5.105946065415694068e-01
5.129191950585137993e-01
5.109767136374926411e-01
4.898693580444686280e-01
4.748128781726931313e-01
5.235487720266557288e-01
5.163901974043669796e-01
4.924883794603291398e-01
5.385790068179157064e-01
5.411327891287850411e-01
4.946290561407049036e-01
4.747649188429729494e-01
4.523720982219410214e-01
5.287963702327012072e-01
4.967229277937827425e-01
5.019319922158822500e-01
4.936923061004545588e-01
5.155229059540005210e-01
5.140999973348235885e-01
4.407348052654090353e-01
5.018574420569246186e-01
4.625605217409491376e-01
4.680105085432638146e-01
5.044227292276423080e-01
4.442483511843677291e-01
5.050281168307166890e-01
4.669248723404981205e-01
5.062420182650391176e-01
4.846647667807847393e-01
5.097952237647317419e-01
5.158445649156947477e-01
4.915686934831321464e-01
4.851296975453730509e-01
4.943494260037761823e-01
4.990398879164618107e-01
5.102231497869523791e-01
4.787661191763916135e-01
4.458728081067492854e-01
4.475308817521173044e-01
4.762577254828933015e-01
5.224064031202261260e-01
5.292470184167961111e-01
5.036781796095355368e-01
4.785037076005131396e-01
4.616420913334742249e-01
4.402207462086858980e-01
3.946916094955318921e-01
4.273606035856492569e-01
4.431365729281704913e-01
4.732711640455802282e-01
4.558718801653626196e-01
4.930509659035418046e-01
4.932141220129095949e-01
4.925255774164043476e-01
4.510047875292623742e-01
4.964803150034390877e-01
4.699655905596100691e-01
4.665536828395612234e-01
5.126788567467228663e-01
5.232486788308148284e-01
4.363391981706213896e-01
4.474551130656522213e-01
4.836735704845555039e-01
4.967889480623300935e-01
5.228652756762571796e-01
4.793498833639346923e-01
5.118350035392540409e-01
5.370874889750620884e-01
4.695276037172385064e-01
4.909269220393898125e-01
4.898485635225561796e-01
5.128358671381998413e-01
4.599685349817829727e-01
5.020814407009089875e-01
5.057588845287410706e-01
4.675316300978735740e-01
4.730289606184672757e-01
4.723170351205843165e-01
5.050588895139512813e-01
4.503548838887294625e-01
4.426143358510749026e-01
4.748350786545862401e-01
4.748254520674356494e-01
5.378247633589182675e-01
4.972589094996537895e-01
4.863232582928735392e-01
5.117474450518073592e-01
4.587734280391508879e-01
4.647626347960633342e-01
4.945414363677675396e-01
4.974007169917049054e-01
4.818059942411448415e-01
4.978288186692760298e-01
5.100568114797109365e-01
5.542178086120506109e-01
5.240558272704500808e-01
5.326043381527988396e-01
5.035531178655902051e-01
5.057365346365851888e-01
5.356545595897157508e-01
5.074434646992407316e-01
4.839065599116447736e-01
4.903061178927706210e-01
4.914504036379234164e-01
4.922016795320115490e-01
4.617486563705661129e-01
4.130985698764338965e-01
4.419238818644061206e-01
5.226901806896607772e-01
4.998771400966934286e-01
4.636374617102815843e-01
3.702338986417231803e-01
4.005354821363302231e-01
4.252216906515646211e-01
4.622459794265575406e-01
5.351931365423587827e-01
4.483075994155004129e-01
4.881344337095318564e-01
4.395484022380648503e-01
5.142990510885628863e-01
4.620834758246670781e-01
5.385993234751185188e-01
5.378214587035796690e-01
5.339895820286318928e-01
5.036406088809529669e-01
4.813498053162594825e-01
5.196415370879879925e-01
5.210868849164846939e-01
4.869403437164039339e-01
4.975977660437966299e-01
5.061278050906872217e-01
5.013365311314093020e-01
5.056614304430309126e-01
5.366638030397387071e-01
4.656705679266447961e-01
5.009094161370418741e-01
4.744100169613462703e-01
5.232360110610414505e-01
4.971978486747218318e-01
4.325515634244456731e-01
4.674722719445302821e-01
4.646208219669682449e-01
4.317234527450458104e-01
4.641383336559103401e-01
5.067398592995564499e-01
4.612824371632022191e-01
5.089076398109025900e-01
4.712553535019459172e-01
4.683059045404501797e-01
4.708910556318742779e-01
4.835120385079814120e-01
5.047550317994733415e-01
4.257078454428955272e-01
4.628329764600152552e-01
4.803514139907594793e-01
4.941800650896421843e-01
4.714259050999378697e-01
5.021874335371665499e-01
4.617514777631876455e-01
5.221029742503285886e-01
4.679858677820619706e-01
4.132957699445696242e-01
4.359962726859463733e-01
4.298166463272589666e-01
4.749847045952417801e-01
4.681764562002116992e-01
4.940790245034036299e-01
4.462905013357565953e-01
4.512839776475241482e-01
4.879269802722601690e-01
4.158985682761258684e-01
4.623558382031490166e-01
4.382991468578059657e-01
4.410851490637239802e-01
5.096552024846872087e-01
5.097095782359880589e-01
4.848771075254387775e-01
4.962854338440465529e-01
4.839340404278106300e-01
4.608643275545752926e-01
4.904794014475420405e-01
5.264412766648121078e-01
5.348571565262614236e-01
5.238523746732335340e-01
4.858562813129522207e-01
5.164468119700527104e-01
5.245223010689024079e-01
5.178054828013453070e-01
5.117187818734054705e-01
5.126553064175327634e-01
5.385086192982266873e-01
5.396104989425722920e-01
5.120588985116494296e-01
5.179556234140134663e-01
4.767024854019220048e-01
5.001845271023850348e-01
5.062256611574093013e-01
5.113291141096023562e-01
5.034483725981806490e-01
4.642856208031450604e-01
4.772271622895566390e-01
4.913324444725594708e-01
5.025730726811462601e-01
4.893104379919378522e-01
4.595397434576247719e-01
5.030458139928830619e-01
5.248343469563810926e-01
5.024101977878380199e-01
4.357956931500508446e-01
5.029795105444543335e-01
5.419729435842147725e-01
5.432036161704618671e-01
5.207388207710099692e-01
5.303375899080194911e-01
4.723628863303800940e-01
4.681216108808886611e-01
4.717471466955374115e-01
4.761517351489699124e-01
5.006051838678780008e-01
4.994071346860561866e-01
4.746631990395491218e-01
4.905786076481241653e-01
4.397281800283746600e-01
4.630810687881942167e-01
4.925394145900058307e-01
4.421432468774564861e-01
5.098425255893914709e-01
4.860487375412179678e-01
4.853390331033559657e-01
4.883442255191735581e-01
4.560564911128732746e-01
4.517034633013167766e-01
4.935398943596084331e-01
5.097368701408048208e-01
5.487295305918215016e-01
5.241831367605244152e-01
5.081203098881268421e-01
5.179375100017452604e-01
4.793201241959157977e-01
5.098610259093252495e-01
5.078521474101438393e-01
5.038521028818790937e-01
4.624852141844130182e-01
4.913211553809891385e-01
4.851433232782235150e-01
4.657432213383305153e-01
4.585937725664902542e-01
4.881419160204169549e-01
4.432741498891098475e-01
4.779298870867806914e-01
5.169883785159302692e-01
4.808818224875987535e-01
4.756916970942052791e-01
4.691322531790805273e-01
5.043819481831601781e-01
4.636969174016752349e-01
4.363096942796447775e-01
5.234183586378001740e-01
5.037487916144589573e-01
4.658217297363660414e-01
5.408321965991911284e-01
4.832795659556320955e-01
4.945573402438974142e-01
5.147810908563544841e-01
5.047588139590666323e-01
4.586322460142596147e-01
4.434900906086882699e-01
5.296029151329273432e-01
4.954970295318942286e-01
4.914131315692144009e-01
4.538525507608238141e-01
5.214304154129675295e-01
5.105788119112567580e-01
4.541524544286832943e-01
4.956530409281208471e-01
4.646338070079623628e-01
4.789272778705663258e-01
4.934773293127541760e-01
4.583770216864102021e-01
4.219705912936677072e-01
5.059091822633708935e-01
4.861638701603859802e-01
4.845118558110808049e-01
4.833368336054312264e-01
4.624339075537209354e-01
5.258430342335714824e-01
4.596085774265136203e-01
4.657263367188898551e-01
4.884790313572207610e-01
4.914522735463006664e-01
4.983492670035318262e-01
5.082485226855523175e-01
5.239169874594995502e-01
5.247184502804776995e-01
4.752404747422678821e-01
3.900095813222900221e-01
5.015203021046253928e-01
4.748677797710498250e-01
4.932081584454217627e-01
4.787545541513099634e-01
4.981362617802979065e-01
5.027387275726430405e-01
5.103528084608415227e-01
4.937928910377592517e-01
5.182516073388764299e-01
5.163245405873686522e-01
5.370315511381223983e-01
4.997149331709541675e-01
5.273998319690018644e-01
5.082237093128285643e-01
5.059958387364840160e-01
5.237636671069585415e-01
5.072094152132426981e-01
4.463096404184648258e-01
5.226105620066191504e-01
4.674291663218977932e-01
4.310691467538802502e-01
4.921261495936898878e-01
4.757035326796295038e-01
4.024041484370607935e-01
4.754146880831889299e-01
4.711923473597007250e-01
4.891576117713701821e-01
4.781749007338448321e-01
4.352814344097972743e-01
4.871916908437383120e-01
4.849633616411636039e-01
4.783794299198143585e-01
5.168290039106997469e-01
4.760630993149588819e-01
4.904311262448922681e-01
4.660790163341908543e-01
4.604497459129460735e-01
4.913716451888370251e-01
4.705171674393522907e-01
4.606274277040539600e-01
4.380913449548411998e-01
4.731387563273788954e-01
4.532103084623721467e-01
4.521985009379544951e-01
4.210249520469060425e-01
4.759049766041177354e-01
4.972688756012164091e-01
4.460847084167901544e-01
4.972259215198173155e-01
4.899705210122383692e-01
4.956270829371409170e-01
4.407119666290512661e-01
5.136624081664776797e-01
4.807063398227540141e-01
5.441574571531536675e-01
4.953236859707850770e-01
4.655194215814956737e-01
4.772477450367017537e-01
4.992241176262704472e-01
5.107856775442393138e-01
4.911672583044430218e-01
4.968778166795135842e-01
4.728079592034037937e-01
4.998558292334716047e-01
4.674067492929626089e-01
4.330507603968676844e-01
4.769625806044826555e-01
5.439321452249966660e-01
4.722865942349402935e-01
4.758452657599018809e-01
5.322121345629587941e-01
4.904489368921005621e-01
4.843052931928143456e-01
4.556585958498038935e-01
5.247692691990405445e-01
5.299181249921047776e-01
4.717002292359310234e-01
5.049257038412738874e-01
4.524438197380957205e-01
5.073198476028656367e-01
5.300250042020197005e-01
5.087039129134444115e-01
5.040988089279209161e-01
5.231384136861408907e-01
4.894928063707941202e-01
5.106674456356080638e-01
4.759798028179202944e-01
5.147914554632347928e-01
5.155897430203509879e-01
4.473242556483076893e-01
4.233529875971022705e-01
4.881675534981418929e-01
4.518925070947679701e-01
4.309475390538807793e-01
4.627463384675997715e-01
4.489265902810793407e-01
4.336124194195427606e-01
4.377896426002720331e-01
4.415589723036953407e-01
4.186284413293894224e-01
4.385108192495566493e-01
4.994102021855334472e-01
5.378188105357508686e-01
5.421381921689309991e-01
5.037682719598184367e-01
4.827552715413184203e-01
4.581028307774695496e-01
4.632606291696329537e-01
4.864591847403028635e-01
4.293079990243798827e-01
4.665078847374127813e-01
5.128235606971878191e-01
5.174299096910923712e-01
4.784836694964957893e-01
4.725793466108818563e-01
4.776399029071476954e-01
4.778395653876479909e-01
5.241421229016927086e-01
5.302674950386717656e-01
5.001037206994584094e-01
5.078506797029337383e-01
5.335581792664906287e-01
5.059885983062758497e-01
4.927319653146635670e-01
5.067299516046145369e-01
5.543864027600955424e-01
5.319913307015490256e-01
4.986347896685702219e-01
5.194882918409122752e-01
5.052502881147195035e-01
5.202368853579517616e-01
4.941066345372997493e-01
5.098268768318594546e-01
5.085724557334270202e-01
5.262385235500304237e-01
5.237131642623262806e-01
5.036205809859496396e-01
5.006163793404445617e-01
4.784946016735370233e-01
5.342501611599174138e-01
4.998761214508760653e-01
4.707087093417527957e-01
5.097198872585793072e-01
4.682331922277306879e-01
4.593147459507313513e-01
5.033724504883843043e-01
4.481739778054080747e-01
4.961364984359540320e-01
4.642218514843066135e-01
5.055350914643408355e-01
5.022355377353444617e-01
4.967105794551197051e-01
4.683232896332727435e-01
5.061695013087670336e-01
5.266457667340603832e-01
4.982489398896369770e-01
4.962771915957351343e-01
4.479762407285536874e-01
5.073868781898029923e-01
4.843041276355071756e-01
4.827588052366723059e-01
4.906234845903814090e-01
4.836191202256753252e-01
4.962453672062965837e-01
5.300589547111536071e-01
4.723368666155030593e-01
5.267564778528487368e-01
5.079709193106163312e-01
5.197551212591997594e-01
4.920669726211944761e-01
4.986347704836717187e-01
5.171306494182681401e-01
4.850329395242676256e-01
4.791841033637015412e-01
5.100508586400390731e-01
5.265935464360681495e-01
4.989801769065915771e-01
5.107633676363492192e-01
5.276437314288479064e-01
5.050115388896252444e-01
5.210164314635197247e-01
4.837667099211599431e-01
5.127345073689291155e-01
5.088150098821883072e-01
4.918962905037086442e-01
5.030587467997705842e-01
5.301854978301667742e-01
4.972275670085491983e-01
5.031713763239913373e-01
4.731714061488123124e-01
4.922097023622996059e-01
4.931175614923674622e-01
5.112368112048596425e-01
4.725037756226206920e-01
4.777307998051483762e-01
5.089776828092816841e-01
4.942193319382195971e-01
5.268291480525515436e-01
5.276924834304823619e-01
5.285108809837860688e-01
4.819138702300177490e-01
5.542868463749232033e-01
5.271324437195925583e-01
4.927602950969954265e-01
4.760514273505707106e-01
4.517745440400949275e-01
4.440213461830970765e-01
4.613545720472947420e-01
4.555211361156178973e-01
5.019546578354296962e-01
4.899927977957473368e-01
4.315312258265918133e-01
4.101825976006197583e-01
4.858551578095833823e-01
4.766881727233814869e-01
4.318130702618551697e-01
4.888967076708207737e-01
5.101193044073000227e-01
4.770394823150453933e-01
4.553997449090536609e-01
5.109891756908603311e-01
4.828938955533371713e-01
4.614800162104915060e-01
5.068787035518368400e-01
5.472243085952503971e-01
4.622742628116774943e-01
5.080165880427084391e-01
5.026511103138768810e-01
4.814748913148689247e-01
5.183518489717723332e-01
4.888086878941872992e-01
5.386717359124330029e-01
4.696100007138351295e-01
4.924895737018099573e-01
4.918195737987064997e-01
4.537839987975094136e-01
5.095932464336628831e-01
4.542740917496260189e-01
4.939441988812992568e-01
4.695014898308175755e-01
4.665698646718474119e-01
4.486036400287639614e-01
4.477456324255665310e-01
4.730082936478843258e-01
4.991484811954721157e-01
4.439263358675670235e-01
4.687079735691813687e-01
5.503803323478869691e-01
5.187263467235091463e-01
5.400989011556651676e-01
5.221930647134288561e-01
5.060326810282578247e-01
5.328543423942503354e-01
5.033108181020855554e-01
5.051847824987505398e-01
5.601543761325771253e-01
5.845877573746698364e-01
5.309135530026194427e-01
5.059604997170109586e-01
4.956359003386309747e-01
5.338108949559196015e-01
4.532123020383568845e-01
4.944865508836714385e-01
4.982291925300450508e-01
4.968949731017641702e-01
4.652640039855054366e-01
5.071273250963783674e-01
4.323140959010300377e-01
4.634665363597799681e-01
5.163293727922614318e-01
4.912634907339230028e-01
5.066843953348453278e-01
5.090902183166394757e-01
5.307385951364577137e-01
4.296328012581205336e-01
4.959966285424398102e-01
4.712903448590647359e-01
4.614825027957691339e-01
4.764161459147711053e-01
5.226924009316339381e-01
4.878930614373069297e-01
5.076297601887191924e-01
4.734595944193479289e-01
4.799270501730549809e-01
4.598055471699168395e-01
4.984453581498974328e-01
5.004725914076735283e-01
5.064813920581150430e-01
4.646293292137139708e-01
4.236842608159364088e-01
4.780803692597851429e-01
4.546689124727723019e-01
4.389086891716609262e-01
4.099096014662471088e-01
5.063748353094535970e-01
4.751026096586838943e-01
4.944031704526042903e-01
4.412141994357231534e-01
4.301709131867104130e-01
4.881393634171229401e-01
4.695527308535659139e-01
4.809361931167963622e-01
5.125278347571680104e-01
5.327773104735988863e-01
5.033593532653637403e-01
5.081671612991044418e-01
4.104850542658343149e-01
4.881181732006978358e-01
4.680462992784714671e-01
5.054149151992080036e-01
4.815519925047183070e-01
5.201761850905215478e-01
5.152579669504551152e-01
5.386961357261315086e-01
5.459942702427684758e-01
4.721401280714418447e-01
5.156897503685778927e-01
4.865204088265864257e-01
4.780578296824297135e-01
4.753816357970509499e-01
4.897982396470971778e-01
4.735352371276859706e-01
4.730397231615535159e-01
4.587509499503363841e-01
5.217137471722761433e-01
5.014337937167454573e-01
5.185382640026083845e-01
5.391041020063418454e-01
5.045014235665191693e-01
4.938792888380340584e-01
5.180590757493771514e-01
5.091127439488219997e-01
5.090948629371307987e-01
5.011308741731973493e-01
4.501093024730545844e-01
5.038129506867546903e-01
5.052827856459009004e-01
4.680505546069818612e-01
5.238044489451497698e-01
4.793141235866545946e-01
5.286976550867641400e-01
5.140569065020081929e-01
5.304028738624735340e-01
5.083075713876682444e-01
4.973745977078776748e-01
4.724706114734289475e-01
4.870976128879376810e-01
4.890352719823686245e-01
4.820044912679509186e-01
4.782801284723167123e-01
4.839194945312610963e-01
4.589428860137513833e-01
4.430136161011415941e-01
4.726215344854778899e-01
4.400054669860768986e-01
5.046923562763876436e-01
4.727743988754216642e-01
5.003719534148608483e-01
4.879179255594638942e-01
4.599009240051173397e-01
4.729132572042587523e-01
4.868254677857910551e-01
4.973343150289968317e-01
5.278668279609693981e-01
4.766255705726637482e-01
5.362419961912433530e-01
5.088001241900028671e-01
4.810925775618603017e-01
5.150110407883221608e-01
5.292352095275980606e-01
5.032578070515355551e-01
5.214616073323454781e-01
5.510991539954313012e-01
5.135744511330859741e-01
4.760203818122868413e-01
4.835062079018000447e-01
5.362868510425087276e-01
5.085838876197720237e-01
5.059886886997019273e-01
4.880536260542203686e-01
4.745296445787050010e-01
4.854601633798295568e-01
4.767308943706019542e-01
4.940189395203345990e-01
5.123997047373949343e-01
4.812197335763129802e-01
4.820215581338052613e-01
4.842107157003762152e-01
5.144242906710947416e-01
4.771459171264151311e-01
4.694321510149432886e-01
4.503094613116300216e-01
4.602957183486657278e-01
5.127830160799974335e-01
5.106943857637870066e-01
5.245535383386324968e-01
4.952270011693480911e-01
5.178952266667701254e-01
4.982146098374654053e-01
4.744502409783454278e-01
4.888211611349064234e-01
4.633938893322564478e-01
4.779714708265765943e-01
5.155285370921696142e-01
4.889377291402275949e-01
5.233105041661942902e-01
5.111432849352762764e-01
4.078780274505171000e-01
4.271077945334190717e-01
4.623110562114875477e-01
5.409091172010538351e-01
5.114700897761795817e-01
4.937574235828590119e-01
5.145010461810389790e-01
5.160557086242962832e-01
5.349106871949624864e-01
5.093740262862795909e-01
5.088006202522938892e-01
4.460018539008027694e-01
5.071490120604658092e-01
5.058427653371763144e-01
5.553874350397014492e-01
5.164417506684531034e-01
5.211809499250009692e-01
5.113065025265863817e-01
5.178672352271580515e-01
4.869707126655625218e-01
4.896717037884820156e-01
5.110364038641054263e-01
5.165095640026508006e-01
4.629904579318300240e-01
5.250216454274950761e-01
4.845421413342733130e-01
4.935870563554740076e-01
4.729199422184645618e-01
4.485495286709675899e-01
4.843991248637862790e-01
4.449431937666833425e-01
4.840863891148595166e-01
4.699089449299443388e-01
4.947899726381713159e-01
4.944644494326276285e-01
4.766742722408605637e-01
5.165674071685587565e-01
4.894510976751619280e-01
4.510667083173514613e-01
4.438138832300931313e-01
4.598149289896698577e-01
5.537528498513606401e-01
4.887392085839951661e-01
4.904481162286621343e-01
5.215900412881453452e-01
4.718637695648330577e-01
4.632931355550988783e-01
4.744564484953353589e-01
4.306135945621178407e-01
4.647609917880515251e-01
4.916596378219976748e-01
5.077630487681000782e-01
4.772988419164290730e-01
4.906592891042094173e-01
5.290111628346106931e-01
4.872677949420836652e-01
4.911960714291295771e-01
5.195476801959192370e-01
4.820155124230933175e-01
4.578865766838173812e-01
5.070830445960163857e-01
4.668770873486823847e-01
4.929381531783432191e-01
4.895154418805247043e-01
4.953466253984428191e-01
5.286549254515404694e-01
4.973652648170424073e-01
5.450179200233683519e-01
5.377259628611733566e-01
4.999369277175739201e-01
4.793670605681727426e-01
5.090077749545178776e-01
4.531250224299331331e-01
4.694464406092713205e-01
4.992831421419571813e-01
5.047950483124972187e-01
4.792857006435269906e-01
5.283331863358142755e-01
5.283725804804836335e-01
4.876683628698457174e-01
4.990789973186188222e-01
5.110291359050525006e-01
5.356225842642986512e-01
5.277050578691211413e-01
4.981796045852924237e-01
5.224029376260640456e-01
4.754967514592042255e-01
4.801418977448957404e-01
4.976229654608742003e-01
4.918029744871229014e-01
4.816197435152659301e-01
4.940560136409675729e-01
5.336884588240184968e-01
5.199685706633920823e-01
4.736850600645618470e-01
4.546928424090206922e-01
5.014684830061496568e-01
4.966462712348023723e-01
5.012074288185988102e-01
4.898423318165840423e-01
4.761253035966037661e-01
5.202704136588550687e-01
4.941736923252975644e-01
4.545057805292417874e-01
5.225283948551241453e-01
5.638769220687989137e-01
4.812803180621268995e-01
4.600641450259181364e-01
4.455809258448761856e-01
4.594962864016733928e-01
4.752401027836281044e-01
4.855198626245236238e-01
5.444867126439167926e-01
5.421554620135303759e-01
4.916198646266784489e-01
5.061069851609031334e-01
4.787648969882326022e-01
5.073110780417815491e-01
5.084268518593696440e-01
5.006766833365002833e-01
4.992414772348389151e-01
4.602902037131846313e-01
4.487120557537195298e-01
4.655279658940059129e-01
5.412761890472460591e-01
5.213387460518112970e-01
5.163384942525374166e-01
5.285107766230427995e-01
4.972920148724223610e-01
5.302705573030925823e-01
5.319157722874456873e-01
5.119812677363346776e-01
4.761932106254598285e-01
5.187904264795899500e-01
4.641763906327261990e-01
4.844473493526562091e-01
4.590086589375672044e-01
4.778341928985876397e-01
4.922567477586401452e-01
4.394028320277322264e-01
4.117556474518798693e-01
4.405004735342740729e-01
4.857727512248763979e-01
5.017489802640667795e-01
4.479446724200914498e-01
4.788116239186647749e-01
4.638265462684234564e-01
4.879150643383668440e-01
4.591674176262823814e-01
5.137086988307199009e-01
4.917061326910178720e-01
4.938660334530896034e-01
4.940804267839596919e-01
4.695196584383692362e-01
4.359550681149113593e-01
4.382779612203727138e-01
4.184601748062252158e-01
4.856169057545781098e-01
4.554866856967034194e-01
4.823311950266135906e-01
4.540660710759269469e-01
5.191650232324240832e-01
4.785421614482971431e-01
5.014876292191120521e-01
5.253064731987364677e-01
4.841497748159004355e-01
4.907211767995740548e-01
4.651943817806442616e-01
4.811612445199373589e-01
4.773258247533902487e-01
4.938801739926565459e-01
4.881887403471915632e-01
5.228328218062784360e-01
5.211765554696475844e-01
5.240896445136363768e-01
5.294314627636589332e-01
5.312462465054029748e-01
4.887691402050904355e-01
5.333586874772938691e-01
4.577107644382740759e-01
5.093341876305464977e-01
4.966829189490184482e-01
5.167739266014781396e-01
4.721873616004088059e-01
4.895770245696025591e-01
4.996903505851283400e-01
4.829164825260590654e-01
4.718290610173525579e-01
5.296683126649187612e-01
4.976235909754687659e-01
4.838818260689591866e-01
5.004600856252423569e-01
5.221180888576691936e-01
4.957275486793313868e-01
4.607891040909407043e-01
5.210809963160963898e-01
4.782269256031223548e-01
4.599098141093271308e-01
4.687169819902594625e-01
5.196204205142088695e-01
4.381159630105327385e-01
4.566684835341274229e-01
4.986389287104545098e-01
4.461173963496576911e-01
4.573771243154788890e-01
4.588418142832839663e-01
4.527648384558623507e-01
4.615647283105859811e-01
4.505868479376586300e-01
4.477807086924464053e-01
5.121670629969042876e-01
4.179047448145433719e-01
4.045983478956528545e-01
4.458674380755030531e-01
5.103755117565482724e-01
4.799044560901085110e-01
4.791179386457055100e-01
4.815313755627618209e-01
4.866183565467626648e-01
4.653867911526478052e-01
4.380715883074802752e-01
5.218090618553302695e-01
4.505993878888948645e-01
5.127384141064851297e-01
5.110755051125677184e-01
4.600370927323370052e-01
4.780936192487381109e-01
4.700930531634410214e-01
4.729679153529411928e-01
4.970459814366606222e-01
4.781105648347596104e-01
4.940948229605356401e-01
4.489124219666618121e-01
5.018093935310325993e-01
5.137128323499089433e-01
4.811985634602259920e-01
5.018111486929891507e-01
4.534872659996192490e-01
5.001498220996825061e-01
5.009202301958024517e-01
5.115936330647435915e-01
5.336936318467125906e-01
5.235976225666804096e-01
5.197143243604023244e-01
5.008230262871344873e-01
4.947645883239854547e-01
4.950098404242335715e-01
4.998031307587292305e-01
4.725545029205707737e-01
5.234627762759380687e-01
4.799576357830149242e-01
4.546473008735045784e-01
4.619684091459919095e-01
4.614290871770411195e-01
4.619373641797979158e-01
4.811354361992951079e-01
5.213869626438579763e-01
5.524750514207544816e-01
5.182085992336602498e-01
4.850808194458018918e-01
5.183515672928897811e-01
4.957379419774913809e-01
4.816516628885341156e-01
4.897425413652270465e-01
4.743863631169912831e-01
5.178187404736497301e-01
4.659612189999692844e-01
5.080301399124185213e-01
4.817528250175350246e-01
5.001108522410468993e-01
4.857540283531996406e-01
4.739345959479757120e-01
5.004449946014331019e-01
4.126354529065557886e-01
4.476693795272290721e-01
5.112567624701300772e-01
5.100422261946497837e-01
5.590076590608871188e-01
5.125167071901453042e-01
4.900427144330551377e-01
5.211708926742185666e-01
5.497291412008530331e-01
5.206607792441251270e-01
5.640427495693871585e-01
4.952293894246496131e-01
5.150268894778925466e-01
4.401485934812202627e-01
5.158262104079315291e-01
5.058925673284764279e-01
5.128782878509245968e-01
4.837483718317805437e-01
4.978271718234497656e-01
4.953857156695286035e-01
5.327855509630303743e-01
5.089367659681862666e-01
4.884403811467181722e-01
5.138746912603350259e-01
5.262569613890383247e-01
5.329834940618729533e-01
5.083535713314533133e-01
5.091030540345643507e-01
5.158408250066115475e-01
5.252440588164980495e-01
5.485070781249493654e-01
4.941907001719139658e-01
5.298182877745416519e-01
5.253031327912198734e-01
5.070678265847672339e-01
5.174909756365553282e-01
5.290937178232848481e-01
5.296269541191300778e-01
5.049595473079729890e-01
5.046616427257051285e-01
5.272187308910414316e-01
5.200524296034075844e-01
5.034012764591484501e-01
5.127311131780288855e-01
4.947464700572578034e-01
4.891904413656371631e-01
4.304992729486739611e-01
4.872403737423205983e-01
4.991841945472612618e-01
5.487800633217367885e-01
5.329487395612232392e-01
5.133135439979834569e-01
4.853864580548639673e-01
4.888385834131458441e-01
4.980987580286260208e-01
4.993054655926100760e-01
4.947193109349974915e-01
4.795674471239528280e-01
4.702936753638538026e-01
4.439546426751320163e-01
4.703034082482381861e-01
4.739839539335054530e-01
4.329963630481253323e-01
5.035592559568830007e-01
4.606190821714947758e-01
4.554383693817156686e-01
5.133470639753480169e-01
4.536313821683803926e-01
4.946483546558357869e-01
5.147382704297185363e-01
4.593772329176918912e-01
4.861302908152178026e-01
4.912633111887244053e-01
4.723364085264742385e-01
4.744612148199151558e-01
4.926368242211430770e-01
5.154640195139167380e-01
5.323020786741432531e-01
4.836105454566205220e-01
5.382340706029147270e-01
5.428897250400562813e-01
4.710568560724193721e-01
5.068224319953352763e-01
5.026031677677277321e-01
5.393171351771993693e-01
5.059421219042277151e-01
5.099549717920118796e-01
5.067405830916131837e-01
5.230644574969506300e-01
5.078883682401605926e-01
4.714078728026086518e-01
5.095777271021438848e-01
5.049344266806057302e-01
5.003977081393886639e-01
5.005596761753250412e-01
4.910509650982813890e-01
4.773854239569005897e-01
5.395155812815345397e-01
5.080725353378178211e-01
5.379822315013015332e-01
5.089461763851010900e-01
5.266114669804250470e-01
4.628670913412146204e-01
4.770969846985227969e-01
4.706505704768332854e-01
4.710682860883875778e-01
4.628940771865630577e-01
4.993120734419143614e-01
4.820775513027698578e-01
4.869798275316234992e-01
4.688348386219816089e-01
4.967019992650885674e-01
5.081065547071798028e-01
5.013916903604052067e-01
5.269318449024431583e-01
5.198310218830117790e-01
5.317151079436576167e-01
5.009746222529698478e-01
5.248198659939097288e-01
4.796963327473257044e-01
5.410708037312442764e-01
5.274961613108828384e-01
5.052630548284648970e-01
4.783909737991712818e-01
4.755213973293571095e-01
4.344409751779729767e-01
5.113890653297772371e-01
4.556386955631801516e-01
5.027039939953564796e-01
4.828989107324208052e-01
4.982105504354061298e-01
4.785206686166239565e-01
5.219291106786664303e-01
5.450194462161688236e-01
5.107892051019573554e-01
4.330306007043929206e-01
5.042778047558120758e-01
4.358862585467508932e-01
4.674099458740423874e-01
4.820767339064487289e-01
4.756905501384591783e-01
4.790694637804305822e-01
4.730919655891181463e-01
4.817007921375174306e-01
4.836166146465839533e-01
4.873568756210593933e-01
4.713756011416213587e-01
5.157649017297990524e-01
5.109970365223449607e-01
5.009403102889605774e-01
4.593099465194195874e-01
4.658244425778607645e-01
4.273634791622072937e-01
4.797971848155435093e-01
4.562339628677292702e-01
4.968015538904435036e-01
5.114651500587001909e-01
5.062547573428844983e-01
4.898082860038885933e-01
5.370262453792828961e-01
4.976670160756117567e-01
4.951824147383289687e-01
5.194908667076582054e-01
5.069203077511644784e-01
5.265433725454218283e-01
5.360691255426381918e-01
4.789693574368387163e-01
4.887079574854480413e-01
5.052157449899479236e-01
4.731055500028193417e-01
5.075157849961652312e-01
4.343870492706173869e-01
5.256375687668761731e-01
5.063249903630012705e-01
4.939529031678244753e-01
5.011245210779988746e-01
5.167512544616784664e-01
4.741012660937322098e-01
5.206829734595168624e-01
4.786966490553773435e-01
5.253844603381250256e-01
4.753036329490310519e-01
4.646156631055193276e-01
4.301564174446225186e-01
5.074704988960501151e-01
4.764473243213398490e-01
4.722400768074926924e-01
4.946738395522501941e-01
5.013453407931758310e-01
5.054470019953410942e-01
5.585021100539951933e-01
5.621027836292304958e-01
5.051190708997719270e-01
5.171016519246045551e-01
5.104168165672589019e-01
5.359295830265110583e-01
5.485078764370981963e-01
5.094649845392551502e-01
5.077265334736237312e-01
5.196989098198387946e-01
5.318805507605625094e-01
4.878931671790096014e-01
5.108307063338085596e-01
4.775509420443742048e-01
5.234327454494900334e-01
4.799784921530410586e-01
4.772250450965536683e-01
5.094738749818035206e-01
5.205172603469431225e-01
4.820220541870858244e-01
5.424880589592717683e-01
4.939964899333155190e-01
5.261347397756354072e-01
5.147334438812846136e-01
5.327285870963551773e-01
5.092617872116161903e-01
5.110840142264658770e-01
5.223468993778610514e-01
4.808151247520334182e-01
4.902803866910512842e-01
4.786861723238525212e-01
5.179207105844579884e-01
4.728471338703023052e-01
5.087542472815778094e-01
4.777873625539251212e-01
4.792259848415914014e-01
4.567654985631778852e-01
4.815426822103301974e-01
4.626193062345868579e-01
4.625494456075093797e-01
4.497379469057313228e-01
4.978937320436599423e-01
4.777365389251393424e-01
4.645260324244062655e-01
5.022003197752937798e-01
4.628195475283991001e-01
4.360195445236522138e-01
4.668149987180749694e-01
4.954603545693050393e-01
5.019724783582675265e-01
5.506678400095661452e-01
5.081077584212018161e-01
4.809621386457775261e-01
4.812459285573179590e-01
4.757556659553874301e-01
4.869591395049400750e-01
4.678428767010654465e-01
4.611254609461099552e-01
5.410687407106484770e-01
4.536803825921166822e-01
5.103547426861212433e-01
4.758737696406563633e-01
5.257989695373497252e-01
4.691516173831362102e-01
5.410745428536856139e-01
5.117922606377428574e-01
4.834072285097680277e-01
5.075061659829233074e-01
5.256619179160733069e-01
4.825378713659574936e-01
4.959850493855194054e-01
4.935332744151808559e-01
5.229674265890726925e-01
4.766301656825288058e-01
4.549376786958082008e-01
4.864314575770960491e-01
4.679148663201203040e-01
4.475312006324215219e-01
4.787876202464549924e-01
4.737272524484970049e-01
5.121108359548265376e-01
4.762370686026595745e-01
5.396577074630569681e-01
4.751614445940391396e-01
5.234603913187360069e-01
4.878377935300995949e-01
4.747095449657644517e-01
5.107123652313109163e-01
5.349203611681880854e-01
4.934508460664166485e-01
5.032503235535427111e-01
4.287146840546338100e-01
4.283107458552855018e-01
4.680406495000214440e-01
4.858565563531847542e-01
5.525915636519124208e-01
4.545453099843877465e-01
4.800630472608961585e-01
4.849960082673227535e-01
4.949241739629707815e-01
4.437695583357975648e-01
4.918862490293215428e-01
4.871761125995796027e-01
4.925166612293990775e-01
5.125810450115795280e-01
4.922888570831577826e-01
5.190767138973123584e-01
5.049926206764061565e-01
4.840347274234676478e-01
4.850985329103920107e-01
4.865344649154149659e-01
5.109643001176916721e-01
4.953176100532817872e-01
5.083570072187251210e-01
4.561713101484217714e-01
5.047489425452766909e-01
4.761321334471323996e-01
5.383219142697697190e-01
5.008396241790503689e-01
4.859922814579569206e-01
5.274794522063025459e-01
5.182141051893645045e-01
5.258011004403143618e-01
4.910948348800983077e-01
5.090955896862248142e-01
5.010524047606151887e-01
4.952743326325226847e-01
5.229505806581160599e-01
5.242502477575390341e-01
4.856248900171588057e-01
5.112386704997780029e-01
5.212156940328738219e-01
4.785930501698054118e-01
4.861650409751224200e-01
4.924944484882929352e-01
4.801396304343491517e-01
4.843749577466529566e-01
5.017347104602835062e-01
4.832612541748602109e-01
4.510064795159562379e-01
4.981692954595671186e-01
4.826686095890955763e-01
4.945671099707241170e-01
4.706466971316919934e-01
4.806141935037279711e-01
4.709571249044983698e-01
4.640379579807157318e-01
4.628079108655854257e-01
4.400537307699611822e-01
4.905250346304121378e-01
4.827190300495734498e-01
4.610013046962444516e-01
4.872045385207415813e-01
5.378732722530520372e-01
4.717166278797568224e-01
4.944432710918557627e-01
4.837009634819393056e-01
5.198205571116605306e-01
4.524226376215554346e-01
4.541940935455641148e-01
5.245774610638637148e-01
5.107290456652935351e-01
5.029615973883906355e-01
5.211694637999640944e-01
5.210577429893840096e-01
4.932382550287560119e-01
4.486604767543336814e-01
4.957735279737259804e-01
5.235609029973088413e-01
4.895587261094997977e-01
5.124010375407948015e-01
4.642725411070102726e-01
4.712589174066854070e-01
5.126896695581162344e-01
4.753032706029207688e-01
4.745753643713674919e-01
4.802425199461015648e-01
4.991499674529749075e-01
5.007345920422408003e-01
5.042372131251129375e-01
5.207989860424784290e-01
4.631358708957680759e-01
4.937730703979962277e-01
4.439725230828509561e-01
4.561619306431579091e-01
4.421224502621236008e-01
4.583976011966202080e-01
4.786101311592427243e-01
4.905897202949466851e-01
5.042162535480393393e-01
5.235682893467386023e-01
5.092460911852484395e-01
5.202752124360356945e-01
4.967246815705426144e-01
5.091877014610506347e-01
4.741240221225514473e-01
4.437243709936730673e-01
4.872900571195398212e-01
5.106312464322754208e-01
4.869815805976754897e-01
4.394298181057064712e-01
5.225678008974151689e-01
4.760260425766928982e-01
5.088365972108634949e-01
5.175971944758479548e-01
4.988697488883719333e-01
4.804526091219358253e-01
4.606646474024189697e-01
4.626752598406949635e-01
5.000277729434896568e-01
4.156797579979339963e-01
4.540956392050154999e-01
4.817912300275392634e-01
4.993084572149072975e-01
5.262241814548747065e-01
4.771199344743215498e-01
4.785805905479017519e-01
5.452801247415365316e-01
5.000905756240329181e-01
5.052031132298117067e-01
5.110161201767028372e-01
4.813740797641101743e-01
4.938794090476809617e-01
5.074108481816268501e-01
4.896714838786482282e-01
5.351975665310892971e-01
4.734310513269056608e-01
5.457126132622172054e-01
4.573879863787692623e-01
4.915851195165840681e-01
4.903669196252631313e-01
5.288085762839984660e-01
4.973216280593711347e-01
5.070430811320588704e-01
4.749335296811798557e-01
4.767281660918760156e-01
4.910664301204049620e-01
5.173931396634006141e-01
5.226083261182441486e-01
5.253649987630214513e-01
4.903292391116405580e-01
4.863307034387345240e-01
5.180518262993463185e-01
4.577858362031194117e-01
4.986327956247819104e-01
5.004682716840305190e-01
5.019935414666572004e-01
4.817489279048897677e-01
5.015499269963381579e-01
5.000074233755363862e-01
5.330206638914761763e-01
5.293519818046279468e-01
5.474309787834085173e-01
5.041534838256568340e-01
5.187328922949433485e-01
4.924748705580211938e-01
4.925345827002906574e-01
4.184135948276190287e-01
4.717597309336921119e-01
5.143269742954804657e-01
4.810254936196295406e-01
4.670206502709604024e-01
5.438633578873497409e-01
5.396522408592883124e-01
4.815350739506415456e-01
4.654740706316532473e-01
4.834910949008762726e-01
5.052672787025388468e-01
5.224982895592704679e-01
5.014117092493968197e-01
5.450424809310270291e-01
5.033647434646512098e-01
5.104875393829597652e-01
4.974517432972287989e-01
4.850702444657244428e-01
4.955437904789487535e-01
4.976625180245484170e-01
4.934862431487532231e-01
4.760035938277604184e-01
4.964282173731985881e-01
4.764025903404615070e-01
5.038665243213111822e-01
5.170485922637124698e-01
5.111934243342047823e-01
4.246456729092984994e-01
4.687903197676005496e-01
4.788801497329450707e-01
5.065931458836280266e-01
5.158943195900604906e-01
5.327421500576209334e-01
5.363076228741082696e-01
5.360759221153461596e-01
5.245205209989665107e-01
4.880005618911222864e-01
4.660767788573392245e-01
5.153337272592038998e-01
4.803638948085008908e-01
5.135655887593555402e-01
4.882059609748663487e-01
5.028074697959491468e-01
4.936902199009503556e-01
4.869177721934440095e-01
5.085429732050069651e-01
4.456306010242126470e-01
5.014780551928192942e-01
5.094685505111306023e-01
5.109132004818929262e-01
5.272344428428905605e-01
5.126646271006151112e-01
5.240747580198240607e-01
4.934073775033578912e-01
4.722664982025833735e-01
5.133852280480707408e-01
4.755254830519782816e-01
4.736912355679723241e-01
5.283870038515392498e-01
4.131674806603425343e-01
4.452000466352138419e-01
4.635171808279173744e-01
4.849362122539785935e-01
4.935123215573995470e-01
5.187956661281979409e-01
5.298024194656449914e-01
5.166064938320638067e-01
5.091311146008145050e-01
4.981835803829797737e-01
5.038898405520799706e-01
4.764027253405680451e-01
4.785865295361753646e-01
5.076990941626449150e-01
4.995291525610940919e-01
5.378195340105359490e-01
5.247884342892539244e-01
4.612048936526931819e-01
5.199530476188539696e-01
5.042676189001233933e-01
5.552815672184965301e-01
5.007894036247980685e-01
5.172646110883619697e-01
4.804412276073392052e-01
5.418271033241988111e-01
4.712542594882986879e-01
4.724930068975657371e-01
4.627864937205244944e-01
5.089400109483430690e-01
4.847856370609434640e-01
4.754461893088684499e-01
5.130030805333615218e-01
4.517504532856406740e-01
4.764895258197254235e-01
4.462990246478719669e-01
4.878565451165070566e-01
5.136148761068000113e-01
5.088883733409581556e-01
5.354058934850439710e-01
5.218060550938730113e-01
5.327608143793927109e-01
5.119796781012678766e-01
4.984246290894746023e-01
4.783187101065121127e-01
5.018992379443488749e-01
5.209762770084893635e-01
4.857824444006364484e-01
5.273964581798650242e-01
4.881798070332314943e-01
5.064070436365047945e-01
5.017168225120111069e-01
5.269460673657041516e-01
4.857225164147669916e-01
5.319960249744966063e-01
4.800479868286968710e-01
4.789602966521134264e-01
4.731709631196936439e-01
4.610508529996237836e-01
4.822683136672553661e-01
4.772846815615616745e-01
5.091089016208248941e-01
4.973963306612518287e-01
5.620689053902033772e-01
5.010532987965297114e-01
4.974334871479560438e-01
4.991012349901384759e-01
4.959222544156500767e-01
5.432651361630911335e-01
4.942756024301989126e-01
5.502881519412574640e-01
5.018875374514444321e-01
4.558948242303572651e-01
4.813166648727519870e-01
4.940809226334374471e-01
5.127266389450206852e-01
4.929577557053388959e-01
5.003510531479303802e-01
5.183122055069558920e-01
4.786438240751123563e-01
4.871563425090018606e-01
4.591533096489427423e-01
5.282225460381031468e-01
4.334433681577511965e-01
4.753773621820368556e-01
4.905809439003775418e-01
4.788790357393716834e-01
4.903614408160137939e-01
4.839897432318407966e-01
4.995337992669556804e-01
5.260038977030558893e-01
4.649387823615814819e-01
4.895189363680934602e-01
4.764173766053670378e-01
4.947898168444950229e-01
4.821470847442664853e-01
4.687046905506819794e-01
4.845884349156069359e-01
4.656773019137557812e-01
5.082456621074734615e-01
5.443772836130394976e-01
4.991270916984753003e-01
4.839842213740759846e-01
5.021364982961284973e-01
4.989823696371677997e-01
4.892116835136829933e-01
5.474387903367354813e-01
5.204925702845494273e-01
4.974846431358706522e-01
4.787121222455039682e-01
5.494087279208510477e-01
5.090055442371905770e-01
5.429457160531232507e-01
4.699613606976825175e-01
5.159902898387024317e-01
5.461625320175046427e-01
4.783617802118081408e-01
4.788999168231042325e-01
4.906485982757969322e-01
4.493885924972930157e-01
4.916707046763658662e-01
5.022722827144227020e-01
4.467458565825154215e-01
5.058111420336568465e-01
4.955607032966417025e-01
4.802035542095602350e-01
4.834743139747263441e-01
4.499076990220824412e-01
4.901466236546341837e-01
4.906524928478390724e-01
4.743801166297322291e-01
5.419628205313877789e-01
5.109892938901268167e-01
4.610697557465587848e-01
5.086122101785673921e-01
5.516891204837378604e-01
4.993846686766688636e-01
4.834816943893193719e-01
5.040497204864308189e-01
4.957559041198663641e-01
5.308083749998380174e-01
5.054848321466642869e-01
4.974481104960310485e-01
4.985683359125171465e-01
4.580563496889374919e-01
4.700928084722577061e-01
4.662573275291902464e-01
4.994834562721121030e-01
4.502420261528919943e-01
5.378976138704559817e-01
4.826246064693995863e-01
5.115720985083977990e-01
5.093909394199033214e-01
5.046995569068998266e-01
5.110763320124045439e-01
5.531719340454479550e-01
5.312301405162532797e-01
4.907331095684165922e-01
5.079968812718786975e-01
5.176036796267583506e-01
4.936810341808762215e-01
5.139168524963223517e-01
4.746503877490857448e-01
5.120591776936799233e-01
4.910025015568999507e-01
5.090902205487878307e-01
4.874731802613677667e-01
4.814819261121948690e-01
5.027345414521127154e-01
4.961923365576735856e-01
4.743150884903087894e-01
4.812759611305099106e-01
5.010668152421028365e-01
4.686352098679821276e-01
4.492107343407578668e-01
5.084556958304560226e-01
5.371223270370385494e-01
5.078229202928244979e-01
5.056262697020720287e-01
4.777348906814543050e-01
4.748389805189199842e-01
5.085619828217998739e-01
4.546212727040882529e-01
4.722354055237570902e-01
4.481411003728643094e-01
4.584733576344482975e-01
4.961417365583029593e-01
4.685780780132236534e-01
5.209213272236348224e-01
5.167246203294942886e-01
5.111348420567334294e-01
5.474364317296592786e-01
5.064894353364747248e-01
4.973456463536117811e-01
5.259584967381280007e-01
5.425539029037002026e-01
5.425292428806756106e-01
4.877918797906755088e-01
5.112405633953106543e-01
5.239189259221921358e-01
5.086473451708612981e-01
4.951339139445462001e-01
5.039285907037004408e-01
4.844775275582215435e-01
4.559060753469836302e-01
4.826450576821155192e-01
4.819817088043947262e-01
4.972485774969124805e-01
4.872392464951393332e-01
4.901627689564448387e-01
5.217044339229532923e-01
5.180023992007060096e-01
4.816702166750564396e-01
4.587301818392355290e-01
4.985521296094213572e-01
5.188613498698972926e-01
5.189580884693012486e-01
5.106248071142777123e-01
5.444201930990950622e-01
5.553038516172414951e-01
5.186743419952639655e-01
5.064258248705603149e-01
4.792657771290085300e-01
4.700376623673127030e-01
4.503204116950119684e-01
4.330824874920600198e-01
4.863671125599510758e-01
4.660075248361373879e-01
5.196530582787456387e-01
4.691344158886773807e-01
4.426433316820417851e-01
4.300918225835794750e-01
4.847095951378087575e-01
5.081360174723645873e-01
4.795755767913185696e-01
5.233221068976837698e-01
4.818966354313588552e-01
5.143062802607573092e-01
5.321855496231763238e-01
5.006320259889370794e-01
4.781031110125091299e-01
4.885824493055898055e-01
5.252568333238306630e-01
5.084919371371526831e-01
5.552267401206780750e-01
5.100204450169130155e-01
4.920942293737225470e-01
4.994635904853003683e-01
5.208070702748759384e-01
5.616752768294566156e-01
5.279317160615075721e-01
5.449064907314603579e-01
4.880826800861574610e-01
5.259052057197554086e-01
5.115415506900757858e-01
5.224958966153790962e-01
4.809005737310926842e-01
5.347236560753023671e-01
4.946899331088720486e-01
5.065107444030332307e-01
5.191681693016768628e-01
4.920770798710145111e-01
5.259722798604450356e-01
5.066878122283575703e-01
4.987764210651944863e-01
5.365408045391703018e-01
4.835960680138075563e-01
5.093364076736368595e-01
5.008232018961887855e-01
5.248703933924263598e-01
5.062148066933629398e-01
4.667795498058700532e-01
4.840526329319423948e-01
4.426839984154150587e-01
4.910543589361689998e-01
5.209251456031972483e-01
5.191603366873825953e-01
5.091010689508874698e-01
5.209541997015099124e-01
4.784860605843012649e-01
5.099196355327677566e-01
5.491883710324652057e-01
4.959489609357514150e-01
5.239688326692329978e-01
4.746910137045395328e-01
4.791226788521030788e-01
4.762709894948667366e-01
4.856764330744690050e-01
5.086781002379734407e-01
5.360469082161007925e-01
4.924252299846336722e-01
4.731989458039684293e-01
4.599710875956932732e-01
4.846036966603385343e-01
4.834623007257666805e-01
4.920669652045657760e-01
4.750313063298882699e-01
5.289824274414470784e-01
4.750576560708034135e-01
5.010729169571436215e-01
4.996454028218811905e-01
4.766802429314520029e-01
5.234748908966044834e-01
5.257972162686214146e-01
4.923764576942226134e-01
4.958962761634850280e-01
4.955462059655818541e-01
5.076852091130242828e-01
5.023678844935371979e-01
5.033616227059763970e-01
5.214187760336888022e-01
4.899010314918866293e-01
5.283664806571921613e-01
4.767632761003327002e-01
4.864802171533331721e-01
4.681027764476928810e-01
4.663441856387534612e-01
4.802865603111777792e-01
5.112653269527006605e-01
4.571253918705101560e-01
4.455211254640490948e-01
4.754988486893062527e-01
4.647316745884145228e-01
4.698740993987893244e-01
4.646965331576540237e-01
4.346251936854110820e-01
4.623124439034825839e-01
3.993342842512571655e-01
4.548601886446571041e-01
4.351087140268791176e-01
4.872189061208508365e-01
4.533953752250617919e-01
4.562568978400570741e-01
4.298520572049535637e-01
4.484113676297212803e-01
4.444605837974228701e-01
4.634062038713728238e-01
4.368428836717898611e-01
4.819313868680735746e-01
4.667210541807031987e-01
4.742654201622472088e-01
4.497747833156978126e-01
4.327010112990499757e-01
5.125339377052473555e-01
4.273457467976617408e-01
4.647366812669007086e-01
4.953712557608098144e-01
4.983496884199897226e-01
4.934248496290175590e-01
4.930302861546570492e-01
4.561834305335173978e-01
4.752304079073537690e-01
4.891247066464593507e-01
4.933670669138878750e-01
5.316460962285625147e-01
5.051280122085626267e-01
4.987096746429312000e-01
5.130432435721449247e-01
5.091880855540903417e-01
4.932539614717968424e-01
5.044417658000176496e-01
5.360035315654434473e-01
5.578856939860310504e-01
5.444600918305083637e-01
5.330081253873448777e-01
4.882826820113720934e-01
5.066844921602438045e-01
4.910524119561326395e-01
5.219701792196601575e-01
4.866436269345493781e-01
4.967568031573999510e-01
5.552171177807740943e-01
5.467470837517636184e-01
5.275250834901320518e-01
5.052505202068482415e-01
5.109319554610102232e-01
4.826353137702840690e-01
4.852220051467653339e-01
4.417111929226667510e-01
4.699878935441113570e-01
4.915694550883746849e-01
4.788740383900720876e-01
5.469822556003786085e-01
5.118888774351635362e-01
4.946701967294468982e-01
5.053355804007517715e-01
4.503171215853213893e-01
4.816937249433204671e-01
5.294716529949521355e-01
5.105085365766337535e-01
4.963328913325362191e-01
4.641613057384842422e-01
5.502652902781455246e-01
4.920666267690407825e-01
4.632437329163257012e-01
4.930377828406086738e-01
4.475677554835868488e-01
4.902273772153135645e-01
4.647020366652191981e-01
5.164439591002347729e-01
5.247905997753655738e-01
5.085769360454345245e-01
4.748753636787242938e-01
5.232796266522641293e-01
4.974061227496213711e-01
4.436075038378265445e-01
5.015848280083288202e-01
4.584024942280461867e-01
4.970535188172037211e-01
4.886972533512442540e-01
4.557566288263204535e-01
4.518624922058249171e-01
4.425578463615265079e-01
4.821102278635417959e-01
4.248592573374233572e-01
4.888743529641939589e-01
5.165847707332211769e-01
4.880372061010808671e-01
5.052071752170311791e-01
5.135085379846352494e-01
5.246984373422720616e-01
5.286133924310019161e-01
4.540684608252557597e-01
4.860518505532284150e-01
4.785494314126363391e-01
4.825141637820183349e-01
4.490402114687963020e-01
4.810143068107259334e-01
4.701069810701968277e-01
5.144664605254012368e-01
4.906111006104065253e-01
5.322453423815959317e-01
4.630018362006496635e-01
5.050122693120348005e-01
5.090616642883410981e-01
5.405818274825050507e-01
4.859888127491440168e-01
4.992050225875559466e-01
4.551437375016637032e-01
5.187854273930674331e-01
4.523987826321398953e-01
4.705584063207513545e-01
4.992522498707501200e-01
5.061742394925181632e-01
5.155532374874219892e-01
4.422473706145166883e-01
4.491746394075112891e-01
4.693726605703290033e-01
4.781635325698039840e-01
4.959875890209520244e-01
5.115390976857255856e-01
4.866376355558658662e-01
5.080481426914509324e-01
4.846120890237293199e-01
4.904605021805197862e-01
4.889454772645658309e-01
5.007003555224180946e-01
5.651276134461529210e-01
5.162368368625049886e-01
4.772199271352750571e-01
4.835390241237047526e-01
4.621884088523773859e-01
4.524923160817884149e-01
4.932653704982571385e-01
5.030387965579677934e-01
4.896641385642950262e-01
4.905690674186792832e-01
4.870302497343524384e-01
4.835607558313010923e-01
4.371167586894427748e-01
4.510108858744735771e-01
4.819727936750050068e-01
4.905920352795337669e-01
5.249765623825852767e-01
4.785320348901524468e-01
4.657475872794669125e-01
4.793327069122489958e-01
4.940520334891019272e-01
5.000723187271881587e-01
4.528724838990919044e-01
4.382874403201153513e-01
4.715755819406859395e-01
4.970791374542156693e-01
4.748563482414147607e-01
5.094409370045926977e-01
4.873803672300048850e-01
5.117344818206511770e-01
4.699812292630636268e-01
4.531059922498469894e-01
5.098253981038871618e-01
5.132064117113889212e-01
5.120708815354085841e-01
4.997393435319504862e-01
4.724112398211277042e-01
5.012037246471592322e-01
4.963196802145500852e-01
5.366946275699751023e-01
5.726174297979312877e-01
4.615659280735123771e-01
4.854210620132698439e-01
4.685490976375034089e-01
4.329322630502582259e-01
4.309034084974628920e-01
4.531797593860941165e-01
4.507092964084087883e-01
4.906860950186704429e-01
4.964223193372462317e-01
4.828498845867117417e-01
5.109261689965949316e-01
5.604100911262969165e-01
5.245723488792485290e-01
5.137947103784651359e-01
4.789552789881336148e-01
5.236779901172426976e-01
5.091788628123322669e-01
4.669140008829140154e-01
4.508551966790306786e-01
4.957574984563973830e-01
4.939678883940824550e-01
4.541993225649613719e-01
4.026452080406779932e-01
4.518088759003506261e-01
5.114006711381918757e-01
4.478876284084193360e-01
4.639095234360365860e-01
5.097769246254816311e-01
4.785363306513659154e-01
4.913286115087446837e-01
5.239663394664528795e-01
5.181637342760452292e-01
4.872778614004688036e-01
4.891058191175999270e-01
5.133498442014637897e-01
5.583539794732945705e-01
5.130122243639611002e-01
5.159376923110304825e-01
5.045238123256494678e-01
5.058893734866045655e-01
5.388369421290764016e-01
4.665486348571925013e-01
5.368938849957863857e-01
4.969557507614285052e-01
5.111795329014193756e-01
5.512756764130734011e-01
5.416695052371058861e-01
5.237804736932868410e-01
5.422541875745560125e-01
5.227943847230772656e-01
5.157835098487874026e-01
4.796926261682712411e-01
4.935597257654649184e-01
5.178002218409156754e-01
4.878892441413907322e-01
4.577646776765001979e-01
4.689740495643260898e-01
5.062925321888446240e-01
5.142212011956368567e-01
4.763298815069894609e-01
5.352542002757056938e-01
5.234028738994803698e-01
5.069885067689139380e-01
4.910962688569693868e-01
4.710500908415868326e-01
5.420606192583429239e-01
4.752629716922249226e-01
5.054202645939666061e-01
4.883592783494211109e-01
5.072230029483242308e-01
5.113855908367824776e-01
4.723758849191467823e-01
5.016961235136980779e-01
4.621279322448912374e-01
4.522171252089980387e-01
5.181888532368416067e-01
4.707359227971993354e-01
5.037364824237633432e-01
5.214842598695715870e-01
4.943757681261998216e-01
4.735720668427101376e-01
4.954726554539480854e-01
5.390019910196162112e-01
5.256752216774339681e-01
5.185730800949165387e-01
5.000896971204971120e-01
5.087523704897554122e-01
4.621550838110360382e-01
4.804139860804519935e-01
5.279419597477820192e-01
4.746059780563096631e-01
4.784013870521894307e-01
5.405218183748468075e-01
4.994260088965961075e-01
5.057720018701696851e-01
5.159928365782123771e-01
4.719007703455141423e-01
5.165462974671330976e-01
4.531691287537148449e-01
4.834807303929611888e-01
4.749208353951332451e-01
5.048843887449168122e-01
4.669084686385616134e-01
5.082595464960257825e-01
4.914486722619691439e-01
4.505607866452656096e-01
4.954686162211272560e-01
4.472381213307803915e-01
4.908319706128541071e-01
4.885340043954300993e-01
4.868401245770406782e-01
4.629272079807257301e-01
5.088409779933589228e-01
5.010820075164666987e-01
4.791889598587635857e-01
4.898986142298168422e-01
4.660066954086464763e-01
5.293895362238923985e-01
5.073993805511752830e-01
4.878973391038319840e-01
4.863529277058633582e-01
4.881489334948469483e-01
4.939464368299588681e-01
4.342704515076380445e-01
5.478319561751933131e-01
5.007372228034514539e-01
5.557118852236906381e-01
4.847630042229111869e-01
5.301881123602956158e-01
5.015840096798875880e-01
5.203041187306681747e-01
5.113850284108271138e-01
4.854792617277795541e-01
5.129634060837928722e-01
4.636348200664227037e-01
5.038539966855833940e-01
5.231650961509508591e-01
4.709115627029087925e-01
5.238286174571071818e-01
4.774408548137151209e-01
4.840214164534384356e-01
4.709893965270872673e-01
4.964332458370135370e-01
5.189641280112862187e-01
4.845115705849780130e-01
4.761942576132605076e-01
4.654356782849771168e-01
4.784069317471487670e-01
5.205007231597859052e-01
4.520382237589976038e-01
4.260830233452006510e-01
4.897275202036577846e-01
4.545758768658982873e-01
4.730041091175022916e-01
4.813353666599767822e-01
4.679812930434926188e-01
5.140953801013791180e-01
5.398860971149009869e-01
4.651133313758294419e-01
4.626480586231662140e-01
4.863203749663430608e-01
4.678445270521343624e-01
4.727328025524893951e-01
4.601340415600720934e-01
4.322610554827484020e-01
4.889060552045281227e-01
5.171662688474685243e-01
4.926110732089288846e-01
4.681351680300572249e-01
4.637462859802539694e-01
4.835639192968449462e-01
4.899040808846945039e-01
4.327837708681806506e-01
4.715159591731229449e-01
4.203141247039571260e-01
4.853418151365125888e-01
4.727771166939733760e-01
4.729385212028310859e-01
4.802952469837057370e-01
4.528423087619693477e-01
4.820844386907374712e-01
4.860611835523990787e-01
5.091758788702364091e-01
4.683183685149105435e-01
5.074376911814182378e-01
4.869291719292336285e-01
4.826091676202819980e-01
4.528370298198276522e-01
5.319556498444313331e-01
5.046320590600625877e-01
5.009865292620939714e-01
5.022648626523460447e-01
5.050779123882971344e-01
5.106352075663447287e-01
4.967380635703811387e-01
4.910290603218521732e-01
5.043141330364571129e-01
4.320392710159204896e-01
4.623729030507350846e-01
5.456266683080832625e-01
4.868718405871632071e-01
4.564823809647111652e-01
4.780953176880064492e-01
4.650112347600755536e-01
5.083706133959490225e-01
5.033372616091733587e-01
4.817944912969691629e-01
5.167724327414520147e-01
4.588763261858202491e-01
5.079889755401154616e-01
4.882737313191989337e-01
4.555764511217107460e-01
4.479231806963169249e-01
4.732603148675952887e-01
4.724975995037674070e-01
4.700182762005659098e-01
4.392411556101590842e-01
4.915035741690658710e-01
4.531531425990763529e-01
4.459900636704826060e-01
4.188221262502789810e-01
5.274209991633262984e-01
4.665696888558034106e-01
4.856498195013328467e-01
4.859284499288477610e-01
5.295711348665321783e-01
4.781295854054876671e-01
4.978833816769879239e-01
5.251891862013128298e-01
4.668422242159671609e-01
5.010876265141412933e-01
5.052589175204961203e-01
4.826409289520837698e-01
5.285602616469547987e-01
4.793990460628507200e-01
4.869566120222126315e-01
4.932251441040400031e-01
5.144498615076765757e-01
4.528224677851794833e-01
5.027316168688171771e-01
4.607386113312075260e-01
5.327147019826827812e-01
5.543091703013567351e-01
4.985425405529598786e-01
5.235818163206716891e-01
5.341020536533291896e-01
5.432190660706829322e-01
5.329780218915781687e-01
5.060912328866152832e-01
5.087773291663354458e-01
4.855009325012114574e-01
5.132017905090843213e-01
5.455185090789924640e-01
5.527843544306633161e-01
5.178578305886054611e-01
4.783118031498661549e-01
4.914497933148905817e-01
4.761232360794296903e-01
4.880735988891403698e-01
4.715338544156395528e-01
4.938797897470605935e-01
5.050890471290663264e-01
5.046729409610131167e-01
5.126458846703425554e-01
5.038058467329855628e-01
4.627509484733230427e-01
5.340392276201811894e-01
4.938445537609491565e-01
4.861435047786808461e-01
4.269202992628480797e-01
5.079234551180248358e-01
4.747998136896234844e-01
4.854121496620326659e-01
5.154655041671355464e-01
4.739604863371268961e-01
4.881577122177027106e-01
4.984586331293930916e-01
4.865217582292859499e-01
4.630454369159929251e-01
4.193928852390950146e-01
4.001050173726286574e-01
4.480327461150150348e-01
4.950263856955157693e-01
4.931507143683083738e-01
4.755006974550994858e-01
4.129534376773365545e-01
4.396960493938344428e-01
4.635296704683951607e-01
5.222678061254268922e-01
5.244111222220267932e-01
4.768029361042003256e-01
4.814254579314721227e-01
5.243075604108643484e-01
4.669567212049106075e-01
4.889340041744996146e-01
5.054021141908786596e-01
5.237845777503837841e-01
4.961855295585090309e-01
5.227960827077866579e-01
4.860389502166553299e-01
4.295366383534179322e-01
4.770595993045271821e-01
4.797617343216659669e-01
4.854346165689649162e-01
4.587612761634469738e-01
4.790048944935449415e-01
4.643363271824281213e-01
4.660377448922850552e-01
4.848277332595209987e-01
5.187048150423655413e-01
4.854017709258801050e-01
4.699070633300407862e-01
5.047913794051434033e-01
5.076961830299683287e-01
4.629075393975410901e-01
4.686563137711398652e-01
4.619262194094600482e-01
4.991532966258623305e-01
4.931907884085856564e-01
4.815910852848599988e-01
5.009239684325175190e-01
4.478802642751439911e-01
5.239337373602772630e-01
5.322092897985243320e-01
5.089604035607723231e-01
4.625948654738146204e-01
4.623359770925613565e-01
4.776352097729927859e-01
5.061062036165522304e-01
5.077272961434702303e-01
4.865949530799181244e-01
4.909083866664817331e-01
5.110175078974652507e-01
5.240162136200634535e-01
4.985217131994806872e-01
4.654092908926282801e-01
5.110295204159432947e-01
5.471148329775836761e-01
5.251433081215636234e-01
5.256043366723768262e-01
4.856940512371574203e-01
5.015415356711208084e-01
4.752050238521227654e-01
5.281197314685983635e-01
4.559242736292380971e-01
4.758832682045197049e-01
4.861204036087177216e-01
5.134547754924748686e-01
5.150421386439200111e-01
5.277488217749090049e-01
4.760053928070129836e-01
4.977916305004116970e-01
4.972302628014423354e-01
5.225732980207187239e-01
5.564452262351297085e-01
5.022051202013642079e-01
5.159093164381418628e-01
5.052667198228091294e-01
5.154257136024497088e-01
4.865659150802862931e-01
5.165176872474540604e-01
5.006525339512010175e-01
5.140437161192276116e-01
4.481209500281523872e-01
5.362991068038096554e-01
4.851219340520531165e-01
4.850665025723323032e-01
4.832875442201703953e-01
4.995557610706367058e-01
5.031987931761588984e-01
4.408976705353208070e-01
4.985649086162295407e-01
5.023335223009766093e-01
4.507674308822512965e-01
4.665246747387463699e-01
4.685535090097709965e-01
5.082631737353062729e-01
5.102742219101743526e-01
4.932514524984400461e-01
4.889876986127230651e-01
5.108829786537030238e-01
5.036846308368866376e-01
5.103264621978719218e-01
5.635743868166549486e-01
4.932853154534196372e-01
5.415339437990198679e-01
5.023789695182744319e-01
4.729008826009187816e-01
4.995883884503194428e-01
5.252713634713831459e-01
4.957516844305299708e-01
4.990679373342802871e-01
5.044890968555492128e-01
4.922769950942171291e-01
5.075762788032998074e-01
4.972047698406051874e-01
5.015799235594003980e-01
5.212480422060717933e-01
5.306911041367516901e-01
4.855334748580388826e-01
4.922654486436727206e-01
5.203797539015486695e-01
5.757426514142087726e-01
5.158306216050192461e-01
5.202134636414188495e-01
5.276807715365584572e-01
5.164688139584092674e-01
4.999994604573017587e-01
5.202325391409270416e-01
4.835714858924647919e-01
4.847891591141721412e-01
4.882052149326302493e-01
5.375303136970568385e-01
4.771662152952886315e-01
4.825159682980321718e-01
4.974247782948876817e-01
4.718787576530594219e-01
4.994090279807439359e-01
4.733195629401112381e-01
4.724112384203023596e-01
4.650746730051358857e-01
5.109027386036404383e-01
4.473658493789209878e-01
4.770157949284941079e-01
5.002272178028521754e-01
4.920135763517633487e-01
4.903079383101512367e-01
5.072057906222661172e-01
5.033871575909021345e-01
5.058551216453103239e-01
4.957259384362343035e-01
4.814482505905103293e-01
5.310087173577328068e-01
4.961364161269458117e-01
4.893498236802917289e-01
4.922372898721149026e-01
5.052042763536335190e-01
5.240757102328941208e-01
4.697851903061245338e-01
5.245625896808985278e-01
5.043346777280377502e-01
5.058400581923974126e-01
5.292434981354131596e-01
5.107700938669803570e-01
4.957533152604007842e-01
4.833304218768615934e-01
5.308392173925733371e-01
5.055071559786477042e-01
4.741021613437388371e-01
5.055010624271193409e-01
4.690433025486044349e-01
4.351745277628387143e-01
4.865345127274903203e-01
4.605507330896767559e-01
4.690376381713045051e-01
4.647666854607585551e-01
4.713958073553788930e-01
5.068766766434433801e-01
4.998427381048447526e-01
4.596554876082321051e-01
5.048803491362090501e-01
5.137503389719684233e-01
4.631727923531070990e-01
4.715313576920944771e-01
4.847394533619023838e-01
4.711445025466958203e-01
4.694209775452440336e-01
5.170602898569383044e-01
5.139091177100044705e-01
5.218372779948707851e-01
4.794299754537797997e-01
4.854764551498069181e-01
5.162538628119358597e-01
4.972050164992080079e-01
4.768583010264440536e-01
4.861825472094891687e-01
4.686967353183869589e-01
4.966796044820338540e-01
5.289343959435450770e-01
5.636391687326335331e-01
4.524462334063798497e-01
4.616257822922153475e-01
4.654038820231034546e-01
5.061210995418662373e-01
4.755090279208675219e-01
4.768402868055408583e-01
4.409533826540508183e-01
4.519187507571635898e-01
4.699800459331428537e-01
4.695977060875001219e-01
4.945194957387138435e-01
5.345479274711226747e-01
5.109817298883649883e-01
5.119073849380129104e-01
5.030997081621725320e-01
5.088979882378206199e-01
4.914182431169720755e-01
4.868645642093844539e-01
4.913876710697903660e-01
4.568543302917361104e-01
4.734387311696085510e-01
4.747360013860544292e-01
4.769007564055232629e-01
4.979261869799821993e-01
5.050812368166803790e-01
4.817940159960863999e-01
4.993830638394171628e-01
5.165212735218647211e-01
5.261814573340828360e-01
5.153564578912652738e-01
5.064570210400130001e-01
5.353904477712577714e-01
5.034815058171124846e-01
4.734934865694331863e-01
4.610260360182514283e-01
4.858043937072953899e-01
5.005767733763962779e-01
5.450591203406732754e-01
4.633104732031966821e-01
4.755600972969439844e-01
5.349413403688503266e-01
5.329618911426213801e-01
4.383836714351861952e-01
5.298742007815498978e-01
5.352959907366124925e-01
5.076123444210999258e-01
5.142138603040877776e-01
5.128820665844134874e-01
4.432472684287006026e-01
4.617824751243054804e-01
4.761697700179810533e-01
4.384942188868659052e-01
4.518398957192630849e-01
4.897398340660654714e-01
4.958244810335866726e-01
4.661206888986713093e-01
4.983364642179499149e-01
4.519906664007368180e-01
4.815842160752307199e-01
4.747320684335332164e-01
4.383448809142733715e-01
4.676909586240727279e-01
4.332052812032325395e-01
4.603144635848263055e-01
5.015935704971227205e-01
4.614997437178660067e-01
4.875709641099608693e-01
4.523771042963944389e-01
5.436194847644884032e-01
4.938183173127706493e-01
5.125410051860417315e-01
5.404243747164109157e-01
5.196541702819149622e-01
5.478338930290546083e-01
5.364419693882793716e-01
4.934687877401676137e-01
5.044237575839575216e-01
4.691630538469965805e-01
4.998276331118577387e-01
4.856562873853125240e-01
5.168282500743293095e-01
4.861493394879443652e-01
4.842615878468758961e-01
4.725386399767638745e-01
5.006084975543950710e-01
4.806588663663916017e-01
4.229993116654748864e-01
5.218505683195261424e-01
4.809446623851911795e-01
4.633244570084555924e-01
4.830169742542482769e-01
5.352731848153405858e-01
5.136011364439369009e-01
5.214443988680111941e-01
5.080291588420410287e-01
5.015343223153789776e-01
4.851033294901064830e-01
4.872772537701097750e-01
5.030171488409246328e-01
4.800189219487164261e-01
4.909658110797747166e-01
4.789751503634201435e-01
4.892452766534238773e-01
5.040468405200939639e-01
4.755180310291542423e-01
5.262067095855520460e-01
5.088048348984068880e-01
5.037774608140984656e-01
4.761695199479520912e-01
4.792663295231197051e-01
4.626836435446298745e-01
4.839925395994469359e-01
4.844420942586040724e-01
5.415622525568698498e-01
5.059818584664275143e-01
5.281349103652875909e-01
4.975520748991517639e-01
5.282187576693068154e-01
4.658218300114086441e-01
5.075399292203343071e-01
4.604875805227282015e-01
4.869055829270729774e-01
4.887032655644419910e-01
4.912126641351556855e-01
4.847575588213683950e-01
4.300824534246574515e-01
4.889306290207638406e-01
4.586464419674404214e-01
5.075491070543863836e-01
4.961544856809006476e-01
5.064247902453755668e-01
4.771605673511332690e-01
4.988883730137177452e-01
5.010519750535483707e-01
4.399336900481366497e-01
4.417132136254790509e-01
4.868770973584838901e-01
4.996407977627069785e-01
5.434712007269403289e-01
4.742841337484478559e-01
5.519197581165249389e-01
4.880057577917774614e-01
5.210073447556274884e-01
4.555898821346719973e-01
5.030222603746812293e-01
4.642892569511506973e-01
4.853735690767893018e-01
4.898341638195787828e-01
5.482182265230052254e-01
5.475529334035107443e-01
4.994483827395108655e-01
5.080113499782206166e-01
4.598570229842405821e-01
4.685245161269142589e-01
4.838083116373622650e-01
5.075415933336118179e-01
4.997871677080882313e-01
5.092164104485289444e-01
4.535806803946094146e-01
4.970800282015416238e-01
4.674990597563977723e-01
4.516557945232543836e-01
4.936138603326828966e-01
4.831612648789043174e-01
4.593234742110978708e-01
4.610944496866068443e-01
4.776153878527195640e-01
4.384100950000970331e-01
4.925240843537628810e-01
4.682778575531759691e-01
4.997903835407300210e-01
4.670261916718491113e-01
5.105580517439179955e-01
4.471816269333042659e-01
4.618123620208532398e-01
4.060795332465070295e-01
4.774360693935515987e-01
3.936306772369393414e-01
5.266046855470043475e-01
4.936573108301668400e-01
5.137484490464674369e-01
4.852997688534848031e-01
4.420983762064636391e-01
4.763456038819384730e-01
4.718875699033523441e-01
4.930899091662873102e-01
4.620110816289221822e-01
5.037686840775609243e-01
4.904022443722398927e-01
4.992913804379235931e-01
4.785849841563113438e-01
4.938284516505352939e-01
4.960998395549238160e-01
4.703290201907108781e-01
4.502840295849153129e-01
4.657376555514963212e-01
4.963899807695093536e-01
4.733244795789615100e-01
5.450780894646688468e-01
5.439459262202690493e-01
5.011171834678729287e-01
4.865923586666467404e-01
4.654972420687833456e-01
4.541569143259827079e-01
4.340257321851597738e-01
4.971596023345601356e-01
5.099999413258401448e-01
5.169050450792279650e-01
5.219940479271542033e-01
5.050982327179757148e-01
4.941912145182663640e-01
4.838951114102338358e-01
4.979370871114886521e-01
5.149703218226008294e-01
5.183722217789319409e-01
5.108531082675002999e-01
5.126838816793899412e-01
5.243706001877650458e-01
4.867528372624789768e-01
5.350734693120021701e-01
5.451856674307650197e-01
5.595553200843513819e-01
5.262926097382181201e-01
4.951176538072251665e-01
4.691220655651369698e-01
4.995133986611647869e-01
4.932981758060239197e-01
5.347207935557146685e-01
5.061185436853304909e-01
5.456598955825401331e-01
4.908959287912615377e-01
4.967509521909496684e-01
5.096023663883126886e-01
5.227700576742940752e-01
4.757111614142002787e-01
5.006541294587317781e-01
4.539319220501323304e-01
4.405211615210963272e-01
4.934839095420642807e-01
4.635982688448829214e-01
4.940855656733370571e-01
5.465724268818019649e-01
5.472159525466474550e-01
4.693425327292515270e-01
4.731669103840497881e-01
5.020748600669333594e-01
5.220132970936570693e-01
4.896494937745144993e-01
5.588062491218489525e-01
5.201818143292777918e-01
5.113193332125207657e-01
5.218282948644955566e-01
5.161863843380160022e-01
4.631925265349126630e-01
5.370450804948408985e-01
5.053183316628749866e-01
5.378418695316828924e-01
4.375040080470376513e-01
4.733823294075974464e-01
4.986781407720752846e-01
4.916709580410063563e-01
5.083044251693304982e-01
4.718294828776489203e-01
4.928797378404520257e-01
5.234116279049488840e-01
5.130314913880705818e-01
5.046348195733335595e-01
5.568031567380210545e-01
5.152277274401497742e-01
5.253273349542272319e-01
5.436381208676911436e-01
4.847334373588444989e-01
4.940901906186245807e-01
4.828691919117721887e-01
4.985874804528098170e-01
4.770732915246408967e-01
5.059749815034763065e-01
5.101711726870648000e-01
5.238537447916875589e-01
5.257990481245726766e-01
5.240370408741494845e-01
5.127896564160175918e-01
5.609013242644728114e-01
5.294104034184456964e-01
5.103469616597442471e-01
4.855611456443955642e-01
4.863932069922397017e-01
5.254762337081220203e-01
5.272957645171966190e-01
5.158653635849712593e-01
5.279303707281408631e-01
4.926752851375715836e-01
5.081500352515061492e-01
4.896675464315161652e-01
5.206844844196102384e-01
4.882987386051471645e-01
4.638615438815898440e-01
4.852013964242097854e-01
4.775601942974586622e-01
4.439720742838327849e-01
5.586996345844019718e-01
5.148825869399251687e-01
4.983273518367850041e-01
5.146233337925514295e-01
5.160788936648751379e-01
5.287902045378948257e-01
5.285146320581467494e-01
4.847400871046702031e-01
5.192508277329331845e-01
5.405728777008972363e-01
5.286579314189325807e-01
5.244642182377547979e-01
5.026113958257947267e-01
4.870640717081630711e-01
4.794851751264157524e-01
5.034697652154179748e-01
5.035314123933279928e-01
4.767911769166156555e-01
5.453294932760304192e-01
5.044601761701316134e-01
4.866724303840985200e-01
5.217423811889746466e-01
5.093935066853793048e-01
5.493196220937177632e-01
5.097824366623784353e-01
5.186032540338558761e-01
5.301609330484443605e-01
5.182010457450949570e-01
4.745389629384352270e-01
4.972847904566985444e-01
5.049598328571034411e-01
5.041134179730047959e-01
5.568091468011151512e-01
5.399969324269716653e-01
4.854503994984418758e-01
4.849242813639268457e-01
4.577004328419839174e-01
4.886450258300987226e-01
5.429375029332447200e-01
5.003446690942826569e-01
4.975897542501924731e-01
5.044589860196364572e-01
5.235212791262064957e-01
5.013457543016157647e-01
4.793349395415325565e-01
5.305536125862979624e-01
4.946952234473506738e-01
5.064639876213932190e-01
4.788942075241628960e-01
5.469485969038230255e-01
5.056881283282698147e-01
4.521229085907346734e-01
4.756246627316454423e-01
4.922463148308047209e-01
5.155982636024458721e-01
5.090879792932554437e-01
5.159392736762248299e-01
5.049561343471083985e-01
4.817141117325525190e-01
5.079874701430179273e-01
4.871079026144172763e-01
4.871007689388264228e-01
4.815749985317138160e-01
4.446645210243995727e-01
4.823713300530326764e-01
4.784345902649624338e-01
4.836976359387144542e-01
5.027623559888789728e-01
4.444287774740810493e-01
4.846413079680603198e-01
4.658947833798184335e-01
4.932738285040713655e-01
4.255003400334155805e-01
4.911502216278884614e-01
4.857862852406096277e-01
4.921026110824889832e-01
4.836965823649432283e-01
5.015658116780101761e-01
4.910217749281926558e-01
5.447404784343921058e-01
5.232547169830534806e-01
4.923968684223918313e-01
4.577213973608311726e-01
4.810550334028946828e-01
4.965533906575304024e-01
5.235502199989977568e-01
4.911531952700157744e-01
4.587460731158431448e-01
5.261994570373089708e-01
5.099256838488027688e-01
4.653269941049132941e-01
5.205673823078326157e-01
4.827890783221525650e-01
4.615081313282635711e-01
5.058427646956629165e-01
5.183334345275926180e-01
4.804934203413767091e-01
5.194176611688642309e-01
5.233492855504238150e-01
5.381315076081494286e-01
4.900046941239954434e-01
5.410201457328384089e-01
5.017887653328328978e-01
4.621912498393714319e-01
5.304731303814138599e-01
5.328490994262238267e-01
4.805343689043960476e-01
4.926246372623555581e-01
4.678874845475082811e-01
4.663244531130671944e-01
4.857648509563924355e-01
4.815976474098787596e-01
4.744570532827843690e-01
5.050730604253830247e-01
5.072728483653649034e-01
5.111376804310273636e-01
5.380462427437467943e-01
4.886038421659638087e-01
4.689386276027299738e-01
5.003354106726510819e-01
4.526975209441694292e-01
4.288753662235887387e-01
4.984132961188177391e-01
4.896776040833966670e-01
4.919104310553493176e-01
5.248145102995149802e-01
4.822919672656142964e-01
4.299860318776169699e-01
4.438939579133999724e-01
4.799187692947088357e-01
4.641395675561478806e-01
4.718506912882799442e-01
4.996304024034232127e-01
4.637330664943437042e-01
4.609289026612813367e-01
4.798276889229280417e-01
4.498993744075426848e-01
4.512339544542813830e-01
4.468448093264250631e-01
4.983395405645756893e-01
4.342481190536883195e-01
4.474986397180668596e-01
4.919676389880206502e-01
4.018214575936872035e-01
4.751846782147086112e-01
4.622111480905247705e-01
4.647751345539602452e-01
5.014303628093810250e-01
4.794608553157785891e-01
5.066687617779430663e-01
4.999543847100892391e-01
4.990937575253285852e-01
4.935653623603963869e-01
5.056672577233169985e-01
5.165035162439779448e-01
5.067799233019087968e-01
5.377818766947868312e-01
4.985050988686924311e-01
5.035286481842899953e-01
4.670548732452111107e-01
4.724283365224998810e-01
5.027506643111439022e-01
5.051862494409876669e-01
5.003498238673870224e-01
5.100210229993847877e-01
5.222866307054083723e-01
4.781159257873420221e-01
4.889123218316817621e-01
5.223655923342918062e-01
4.852015277446859454e-01
4.916439983123177537e-01
4.856988445046339642e-01
4.588957941526703443e-01
4.894478832578509353e-01
4.815239137649479084e-01
4.876317719588628696e-01
4.980833916953522622e-01
4.720987200670043182e-01
5.374414664939930475e-01
5.042603745472967747e-01
4.896711358890389887e-01
4.619696423501944427e-01
5.469606233772132953e-01
5.423231306306929289e-01
5.215492629545287473e-01
4.577400997183416198e-01
5.012355527502265762e-01
5.257326508924977659e-01
4.703450089020708158e-01
4.919555896843215148e-01
5.299267249164799631e-01
5.199332880472399276e-01
4.738178479048967828e-01
5.238496868413676788e-01
5.376228337148056813e-01
5.120889688734349132e-01
5.132938467401281235e-01
4.768363242474417119e-01
5.376808173067754160e-01
5.200757648679025236e-01
4.991742960914868910e-01
5.197144604322161410e-01
4.827435466709046330e-01
4.921225047575936706e-01
4.782366334148185349e-01
4.856430185178084447e-01
5.050014593310964139e-01
5.196995513520298315e-01
4.821483588281571531e-01
5.056334980910697219e-01
4.994671770571378344e-01
5.073658271666957598e-01
4.839806081889600486e-01
5.288694141915005753e-01
4.873878264711145603e-01
4.657082419826955588e-01
5.223509101724335135e-01
4.839440526261814535e-01
4.928566680340914496e-01
4.914222185671751064e-01
4.855949997772501248e-01
4.506863536357589850e-01
4.576762326819163174e-01
5.176346079452300852e-01
5.361076407764577834e-01
4.828957374291804050e-01
4.851622937047662121e-01
4.849095891728644192e-01
4.417177331484928859e-01
5.038732329280652955e-01
4.613868618217804585e-01
4.529383694757118661e-01
4.658245883155494038e-01
5.297174839095780685e-01
4.615103186445144168e-01
4.686189278361643229e-01
5.854423545854408051e-01
4.838376342874833869e-01
5.225782163735170904e-01
5.084468734382330268e-01
5.092804327111868368e-01
4.409905977769044139e-01
5.109105479911629777e-01
4.916892532421340278e-01
4.821635396922354100e-01
4.837515511457955997e-01
5.205438854321126074e-01
4.792092198973807449e-01
4.766270526693668907e-01
4.714868492544490031e-01
4.654735730209487166e-01
4.645546459068380929e-01
4.070941926610424089e-01
4.970417874326970020e-01
5.327246282853081993e-01
4.740450555403462607e-01
4.705853833224212801e-01
4.722435155855681521e-01
4.906987095666753840e-01
4.462604365975068599e-01
5.193815207620066099e-01
4.953454964984651543e-01
4.364376358760623797e-01
4.702146433052527552e-01
5.101505474192562506e-01
4.501346871474672939e-01
4.416837374855587250e-01
5.005118314499088505e-01
4.715825888009705369e-01
4.791874576031601163e-01
5.115720232740345041e-01
5.383502125673558236e-01
5.073431992464398910e-01
5.151019290874956358e-01
4.657313059784381482e-01
4.688712900863852839e-01
4.579861296887057787e-01
5.010526372400153639e-01
4.988780880159609521e-01
4.926404623901452506e-01
4.996380942073381792e-01
4.731630845164253585e-01
5.232115591088060125e-01
5.013356682479058746e-01
4.838454700210466086e-01
5.106444317051495041e-01
4.886657920908296648e-01
4.842708495572788374e-01
5.318553629932467608e-01
5.035297566771888000e-01
4.740697955655432949e-01
4.597442541458548471e-01
4.829385579276777585e-01
4.909283246364523068e-01
5.162935394723628946e-01
4.811597871159642992e-01
5.055367168314454096e-01
4.795274573382652394e-01
4.849158021955827791e-01
5.313282316183646214e-01
4.854693255053659784e-01
5.044432765400488350e-01
4.699381847033410331e-01
4.583355120979124009e-01
5.057031710290778026e-01
5.564988637438261776e-01
5.068524407820129696e-01
4.621264873371961346e-01
5.093570039876600397e-01
5.045790768401141602e-01
5.060979307292564622e-01
4.773809154856052395e-01
4.814832735502180272e-01
4.701720784649966456e-01
5.171596040985959597e-01
5.153180367889915736e-01
5.126981372080033905e-01
4.654687008066848986e-01
4.796619164854031836e-01
4.809726882237509993e-01
4.858119248427181791e-01
5.065310573533973182e-01
5.247758336516541444e-01
4.929270331838812580e-01
4.924076456735158036e-01
5.025138860577806899e-01
4.953465731848075149e-01
4.687433402103857172e-01
5.136123328875233929e-01
4.731076200784892771e-01
4.799318778134123997e-01
5.049006215054302471e-01
4.876515645025724099e-01
5.431402667379703342e-01
4.966357145610801327e-01
5.246967611842907608e-01
5.054095385809398433e-01
5.224783292583786709e-01
4.712333792988803172e-01
5.637656371586597936e-01
5.756743351869832992e-01
4.747726508619081742e-01
5.039201248812629208e-01
5.105919739142895653e-01
5.043658129339096963e-01
5.133732684729608309e-01
4.606592107176373796e-01
4.833387024747429761e-01
4.795161374037402724e-01
4.433362761374377015e-01
4.986549997691107627e-01
4.706422583912874824e-01
5.269848871529733136e-01
5.624100908818482347e-01
5.117479374925603119e-01
5.055406689455635982e-01
4.514703416265150593e-01
4.445034549971801363e-01
4.698427141222192849e-01
5.070708069400581275e-01
4.804170544004096599e-01
5.101130469743796469e-01
4.807608130635478982e-01
5.204433787240688725e-01
4.812449362975703693e-01
4.832330975993699429e-01
4.460838787631685731e-01
4.552119697377648433e-01
4.724873228839898687e-01
5.133131777782125038e-01
4.907961486238199278e-01
4.210092850067204684e-01
5.127426767878691116e-01
4.568848074674870530e-01
4.816147688428276674e-01
4.964383471695196781e-01
5.120547787777499638e-01
4.730323753719652968e-01
4.778493303036684403e-01
5.005631757571181728e-01
4.288702244079561909e-01
5.054538155411673062e-01
4.530248730127253154e-01
5.080576687311325612e-01
5.634348453535572565e-01
4.474525097976640442e-01
4.484026401377471660e-01
5.052894301699971669e-01
4.862381213268816560e-01
4.730800223180448016e-01
5.078049642251352136e-01
4.835801501606317720e-01
4.388572444931644889e-01
5.004727647551987513e-01
4.700790210869262298e-01
4.627306919383906147e-01
4.660846326837450038e-01
4.725850784735825538e-01
5.115809689661219295e-01
4.326935081914862757e-01
4.350483054105496183e-01
4.933455786527910503e-01
4.778895323759637659e-01
4.650096919478315938e-01
4.476614555557586472e-01
5.065738309137282069e-01
4.408635157233716795e-01
4.879244030383640962e-01
4.911669597610311411e-01
4.999843595503722926e-01
5.096063898713576457e-01
4.812097313265660814e-01
4.827507597889811874e-01
4.068840780002571655e-01
4.921934528758129535e-01
4.878671454997076107e-01
5.246007295829218098e-01
4.762083387154256164e-01
5.107929049441423119e-01
5.173459071676642651e-01
5.108030203276321402e-01
5.117750393267285203e-01
5.556638415042493007e-01
5.206416685570088854e-01
4.965351539939314440e-01
5.102658563142695725e-01
5.336104007268367422e-01
5.054948609095768486e-01
5.624037635499598009e-01
5.053556021105454210e-01
5.046025141335194197e-01
4.675337789555257251e-01
4.708284379186277180e-01
4.859104058237124768e-01
5.151126256164898498e-01
4.681741188543299126e-01
5.094276673326171290e-01
5.195055605683435163e-01
4.219697275286833915e-01
4.738499311754983956e-01
5.207133063711955057e-01
5.027754418355002697e-01
5.046066472393513358e-01
4.921459316938033290e-01
4.972897606709885121e-01
4.785806567858801874e-01
4.783775548587215765e-01
5.400104833634458146e-01
4.966268932330766273e-01
4.954882769605738480e-01
5.046141594154873733e-01
5.326705121953851929e-01
5.139350254260323103e-01
5.206502651413780214e-01
4.991959330732944622e-01
5.269100850662411517e-01
4.925867632034680033e-01
5.067450103144540696e-01
4.907894017876165416e-01
5.024794953684691423e-01
5.449217806339013981e-01
4.976528210795360119e-01
5.129724823883574647e-01
5.479843724558668416e-01
4.873715023382356182e-01
4.858656113752846673e-01
5.293830435330717510e-01
5.476595277144812313e-01
4.917372815590012602e-01
4.657645468702663605e-01
5.214863427145582930e-01
5.195507932028365916e-01
4.877161838966107554e-01
4.603083210524986923e-01
5.373643800738912013e-01
5.141055695546087323e-01
4.940647551616507149e-01
4.872605174622966495e-01
4.758364993917408303e-01
5.460887633863471535e-01
4.682601330315582788e-01
4.874500094188234933e-01
4.551547557925431642e-01
4.917225696569986759e-01
5.126397087681356934e-01
4.541482455339438951e-01
4.658644867240436804e-01
4.399291731572919639e-01
5.063213297333782892e-01
5.077932730635579262e-01
4.612591357578470497e-01
5.016558720471632205e-01
5.098508524838274436e-01
5.039016645823404250e-01
4.947193765827548328e-01
4.855328016897046406e-01
4.678728647883988456e-01
4.683384379271739451e-01
4.591262555041216165e-01
4.493548450870705202e-01
4.550093877524157837e-01
4.871259152276568583e-01
4.833769262827598556e-01
4.874939301287727900e-01
5.051399357382184707e-01
5.098592629599513204e-01
5.042386971358463477e-01
5.389755569763460263e-01
5.226465259533777941e-01
5.317123948435048542e-01
4.726118837779775816e-01
5.020839772596651374e-01
4.907471558707756643e-01
4.974047958933986990e-01
4.814298133454643636e-01
5.253691830555072828e-01
4.696531574909166284e-01
4.875248395300724735e-01
4.359600806668200712e-01
5.138291738183189405e-01
4.887442305315549129e-01
4.643225572510397692e-01
4.457156726788110701e-01
4.730678831018678143e-01
4.860864913216492722e-01
4.699473299709811536e-01
5.075590009872362751e-01
5.170212580207281805e-01
5.036047126939822149e-01
4.933904622200224743e-01
4.423013123501469690e-01
5.274875537716022800e-01
5.150900951303833963e-01
4.719817898407746015e-01
4.891350413221026150e-01
5.139456993021596087e-01
5.154771128956709969e-01
4.615372018718965630e-01
5.253613292126892986e-01
4.995654046343041554e-01
5.053941955280378817e-01
4.223432393552832287e-01
4.693344987611216546e-01
4.946858999400802759e-01
4.890545989151455220e-01
4.581061998077062269e-01
4.453159885426217768e-01
4.758273025785705324e-01
4.898969486131116713e-01
4.821345297921424411e-01
4.854704939675791309e-01
4.902322928937911661e-01
4.595425564308537325e-01
4.771721262483192283e-01
5.078909234186408383e-01
5.641706524378394816e-01
5.195702403714693718e-01
4.709896291770227506e-01
5.269337595178998912e-01
4.682196873052558717e-01
5.136999773125235924e-01
5.113302288996502964e-01
5.353276553307582120e-01
5.147288171589863293e-01
4.796513454793810971e-01
4.954538493390435727e-01
5.295562416773369474e-01
4.580522120749070392e-01
4.755710124558963359e-01
5.086926735841058589e-01
4.474325590821485177e-01
5.014914036912071493e-01
4.616103445329522437e-01
5.017688516707790036e-01
4.998202751500624430e-01
4.780197596517761216e-01
4.632429458994164473e-01
5.003897567627169085e-01
4.648225370104146492e-01
4.419677814372945934e-01
5.241226637991087678e-01
4.632120614839208561e-01
5.092713866553533197e-01
4.757324282448980868e-01
4.675752191678722580e-01
4.943701252649860267e-01
4.255469941606699891e-01
4.781659165098974817e-01
5.224362433036717768e-01
4.935658710973774843e-01
5.218786951758209725e-01
4.214523516627129984e-01
4.883809629671274632e-01
3.897527929922907086e-01
4.660389445732671110e-01
4.707448442520456577e-01
4.750614355109012421e-01
5.229119866597397026e-01
4.476202111078554369e-01
5.144424100148548007e-01
4.676593088365507134e-01
4.530294613830051498e-01
4.568531627058032840e-01
4.587312119356539153e-01
4.636434586301268479e-01
4.449764365884370521e-01
4.678783123632637153e-01
4.338768825095553061e-01
5.061223207709889538e-01
5.341040922468414109e-01
4.611185836377826863e-01
4.587343834393047270e-01
4.990583862753729671e-01
4.737490020269674029e-01
4.601963813045935048e-01
4.747492444831372116e-01
4.518358083357665311e-01
5.352422170981536720e-01
4.756002192794211991e-01
4.777864876174247044e-01
5.170016117194062844e-01
4.829616205944777807e-01
5.051506141468762312e-01
4.557584543159839963e-01
4.888199907774187780e-01
5.011758965701652579e-01
4.716442100548031702e-01
5.294523356923030999e-01
5.050467053451812571e-01
4.859856294964546297e-01
5.275234390373576554e-01
4.864327176754483784e-01
4.974389943362999000e-01
4.834919294401621714e-01
4.856867494889838821e-01
4.912884543849668773e-01
5.273541450033637501e-01
4.832355239905223865e-01
4.655466345549460483e-01
5.297971763974067549e-01
5.203710573066023803e-01
4.709496411965937712e-01
5.055961126126876648e-01
5.097998699329725492e-01
4.792584834028226215e-01
5.216189540729720964e-01
5.085002635939842586e-01
5.060891491918771967e-01
5.025769010046619023e-01
4.938525518937875169e-01
5.264875369096015945e-01
4.971041600207926625e-01
5.378267475815173837e-01
4.854477953711024418e-01
4.616562880658632295e-01
4.933621714906419875e-01
4.724358336722093155e-01
4.837804359214400995e-01
4.805344232294009865e-01
4.900558891976111164e-01
4.918155538380259428e-01
5.101179113572831270e-01
4.917662756749263675e-01
4.581470260795335592e-01
4.950186436353794517e-01
4.763781517919815633e-01
4.684751379846538999e-01
4.329492535911880768e-01
4.647359574073205435e-01
4.996420160633300300e-01
4.522208249951054082e-01
4.608220211396737431e-01
5.058959660513622225e-01
4.573165120862274224e-01
4.951428214904585734e-01
4.691555339310944372e-01
5.237621872642271859e-01
4.690587567870874719e-01
4.929416830149803141e-01
5.103162374639689247e-01
4.752351419261625631e-01
4.754902175240187656e-01
4.846948637292287088e-01
5.105509499557051578e-01
4.984585578790158289e-01
5.094666828165220762e-01
4.741963369033079800e-01
4.720926456711743713e-01
4.291169280072809622e-01
4.435279463136356792e-01
4.778035564789475664e-01
4.718190617079148219e-01
4.472277402519682643e-01
4.982086711607356944e-01
4.741925906956172554e-01
4.292890569116252775e-01
4.600935989635529522e-01
4.963045832207942931e-01
4.806718685595610108e-01
4.872201458689970899e-01
4.884686901470342013e-01
4.686351799556804920e-01
4.935347704793868195e-01
4.874258654607368513e-01
4.681909353521053196e-01
5.056588214893893429e-01
4.712269424359325498e-01
5.021877396658401826e-01
5.036212569896948432e-01
4.837525660161365870e-01
4.666121716582415924e-01
4.780169819220700389e-01
5.086086458264691412e-01
5.110203407213993465e-01
5.125935918502319000e-01
5.126122142748416044e-01
4.998776347362750005e-01
4.834519678506346008e-01
4.733956149482854148e-01
4.914730333760771175e-01
4.617132701242116499e-01
4.906262722908778517e-01
5.029278458130890250e-01
4.817594747481685480e-01
4.988055599261176920e-01
5.521156550498635962e-01
5.372623101166640325e-01
4.649722054892121426e-01
5.034205750743978580e-01
4.643983850995572205e-01
4.637748650400411177e-01
4.651263614779491129e-01
4.384141059982568644e-01
4.497458794946150307e-01
4.751412547804195752e-01
5.176469515660057086e-01
4.339890473407568283e-01
5.113031728413115484e-01
4.526236444691317251e-01
4.686636915852862573e-01
5.040012257971816512e-01
5.180327221443404850e-01
5.237930967504345059e-01
4.947721807001307370e-01
4.669073376563869227e-01
4.716817390874958882e-01
4.603157918450181407e-01
4.645963214344951964e-01
4.576991034044834983e-01
4.010517952174454948e-01
4.526008515767588336e-01
4.521417029057239745e-01
4.928698969119669759e-01
5.180756811574029896e-01
4.632611496871829604e-01
4.574365445324606871e-01
4.798368118870268151e-01
4.450391950402262098e-01
4.663368447333234856e-01
4.889065468701814798e-01
5.192157282603581114e-01
4.845966185952764183e-01
4.839966047394863025e-01
4.814598075074222328e-01
4.911483065665366854e-01
5.199600199075889995e-01
5.054736987393052550e-01
5.024691084461299084e-01
4.410522523465820743e-01
5.039041539970579020e-01
5.067238546089596340e-01
5.026071646132871384e-01
5.328403206697439609e-01
4.969202661451189718e-01
5.521636108703715795e-01
4.916790712550404563e-01
5.328658406460032859e-01
5.212287882179886811e-01
4.765189469652076903e-01
5.115928219238593533e-01
4.658253993979041274e-01
5.234664957927052109e-01
5.206375772037036276e-01
5.335709439415018407e-01
5.008168424367870353e-01
4.928232973701175412e-01
5.184344513798000431e-01
5.315200820491275957e-01
5.069875466331643654e-01
4.840514525250722566e-01
5.111336473110726919e-01
4.638083339240892111e-01
4.508973634616596504e-01
5.144311300732740122e-01
5.061275008188246272e-01
4.423338409579637975e-01
4.700095677585439669e-01
5.019292058414409619e-01
4.953083066824374714e-01
4.763072094230742515e-01
4.553971760602989471e-01
5.133415067283323419e-01
4.106976708396911646e-01
4.715912120160674625e-01
4.624312377102984817e-01
4.545360374393007663e-01
5.127350714381392338e-01
4.682963365697182523e-01
4.844793539842513486e-01
4.526766712561982597e-01
5.262218882634885908e-01
5.406081555017492324e-01
4.574519184511233183e-01
4.694727160167257995e-01
4.567598613882052905e-01
4.683164840801804507e-01
4.962272865518095877e-01
4.738881955430293003e-01
4.757142795528699342e-01
4.788339262625348480e-01
5.191658816416950817e-01
4.894898917785462933e-01
4.640985602862925385e-01
4.621138790522889561e-01
4.666019417629169719e-01
4.900572986637868889e-01
4.899864615174307492e-01
5.139751364529597799e-01
4.949008871572250223e-01
5.094277273697304098e-01
4.724408436096286246e-01
4.749241643185125872e-01
5.006956874140890967e-01
4.871071255121348642e-01
4.869364859612474450e-01
5.308355502616867172e-01
5.061653705777647838e-01
5.295148729587104697e-01
4.778091825345712751e-01
5.131980097672836916e-01
5.281772285046043569e-01
4.971040180379211471e-01
4.604366846969005778e-01
4.797106138733316927e-01
4.425867556743337539e-01
4.548259053301210719e-01
4.460526164255310677e-01
4.717496813280806500e-01
4.006703614635874211e-01
4.727880257636206673e-01
4.337542402687141196e-01
4.845074987587186244e-01
4.579784553602810893e-01
4.805404093262382603e-01
4.457639456546368950e-01
4.111587240338676619e-01
4.632900745956427535e-01
5.325782611250586829e-01
4.998973626667203018e-01
5.122048110233246021e-01
5.438460811698844211e-01
5.025055771086581746e-01
4.383945311510303311e-01
4.862529928445302185e-01
4.712751358244574029e-01
4.598159519663085337e-01
5.104540099652137286e-01
4.967322196776319809e-01
4.601302822952107463e-01
4.638524935289394802e-01
4.628629483578670656e-01
4.820583139323340038e-01
4.834070320071288118e-01
4.841294059078714018e-01
5.491515777176991797e-01
4.843782876321109931e-01
4.846765191891008184e-01
4.605275345391054986e-01
4.796734661964097701e-01
5.046042778829882280e-01
4.627449531068568711e-01
4.569573639038728152e-01
5.114561054006552254e-01
4.995141627204311985e-01
5.032514971349359989e-01
4.437968758225279142e-01
4.799453766720058745e-01
4.605737181896177312e-01
4.652973692873249578e-01
4.660470670894893974e-01
4.979646506450823296e-01
4.579391576861311930e-01
4.952053878145645238e-01
4.720461028955639238e-01
4.484765103609753001e-01
4.501283940781569681e-01
4.712971811356039264e-01
4.817654542580485089e-01
4.924662975875346294e-01
4.850704698964988792e-01
5.362716033264165461e-01
4.866634313234433629e-01
4.925034581779936804e-01
5.699288665449243618e-01
5.200859639236201648e-01
5.175646779608067405e-01
4.780436073443600220e-01
4.807814886282870681e-01
5.177985095588851783e-01
5.206962941984616400e-01
4.887491521964066332e-01
4.632997108380220164e-01
4.809275974727851288e-01
5.166473947491588836e-01
5.086817301874815289e-01
4.694106391762693509e-01
4.812080289341177930e-01
4.755895838105803075e-01
5.217149306516459806e-01
5.244729066054769628e-01
4.722693680441463204e-01
5.073901759712107218e-01
5.058309221504518893e-01
4.842367757745962842e-01
5.062671944552631365e-01
4.894902819680763129e-01
4.611118067896198824e-01
4.518118522222899780e-01
4.402444062854737883e-01
4.873256261593433281e-01
4.962311855796481819e-01
4.755866689181990625e-01
5.405783214546437954e-01
4.843113011248827426e-01
4.940161310214523649e-01
4.893820568926684489e-01
5.066590963695962735e-01
4.709773299720057538e-01
5.144938683231982113e-01
5.250278874983201893e-01
5.082118059863499626e-01
5.250680177157439621e-01
5.158384298103820820e-01
4.634595104423829826e-01
5.018971991963638857e-01
5.299181065234047638e-01
5.129624931848564273e-01
5.124204035463660878e-01
4.811242533170521085e-01
5.088648793474784826e-01
4.863901215185543192e-01
5.153160347473803027e-01
4.827576971342382173e-01
4.810478923911331584e-01
4.780460660602941503e-01
4.440927874500864569e-01
4.712750806689363081e-01
4.955993782123154223e-01
5.388014993077465675e-01
5.243319532012714612e-01
5.242126559013232656e-01
5.005316348333136434e-01
5.217548850856021936e-01
5.304714695954522163e-01
4.844021448853123579e-01
5.198156752499877298e-01
4.755533045851161322e-01
5.224436325447199270e-01
4.902986114511763138e-01
5.364039528865033324e-01
5.106714344680489681e-01
4.973286178773052013e-01
5.351971140187330445e-01
5.075898818822585090e-01
5.142534909553201361e-01
5.203086309729623160e-01
4.974539301601098584e-01
5.217983518776546648e-01
5.085093775580843412e-01
5.243372322774207950e-01
5.019361155401885766e-01
4.967598352143150486e-01
4.770638122465582498e-01
5.016606877616724969e-01
4.680382527073765897e-01
4.939962540667346413e-01
4.824485323604004727e-01
5.082250972528026267e-01
4.727843455019603569e-01
4.899549484695224222e-01
4.962676896646210367e-01
4.690023110864446898e-01
4.641979213904335877e-01
4.876669568928393983e-01
5.079018187071233648e-01
4.784352594986718277e-01
4.779811465063109610e-01
4.477149847436048824e-01
4.305631395476419709e-01
4.640017405110620219e-01
4.957676831940898698e-01
4.615248101529628166e-01
4.568381987684945189e-01
4.517945692968453053e-01
4.962908288463647732e-01
4.537677220182342319e-01
5.006453081993653687e-01
4.672503192557596607e-01
4.867499905552020167e-01
4.622857356486945735e-01
5.134521603865038752e-01
5.143488373123087376e-01
5.183239498353841013e-01
4.986414253092442683e-01
4.781497563535591078e-01
5.224250591819183942e-01
5.006577107863421361e-01
4.569002878276147150e-01
4.786979735342541953e-01
4.618886563748918483e-01
4.769616758889493879e-01
4.793329768454813733e-01
5.013088397037561705e-01
4.834481796952934118e-01
4.872935823018637591e-01
4.994248525262556249e-01
4.849697511598068389e-01
5.010047359017588686e-01
4.993514159452299150e-01
4.312248970518131053e-01
4.905562988293218352e-01
4.373056463663210769e-01
4.538246334221979761e-01
4.852592087693372580e-01
4.658082720534956755e-01
5.132947861814906032e-01
4.786329606938095615e-01
4.865331815139394278e-01
4.853292349656523341e-01
4.890573485258064568e-01
4.508683673984228979e-01
4.945696240961389156e-01
5.152205596924351871e-01
5.003458857499250012e-01
4.963878206306431840e-01
4.992621510362968418e-01
4.984586965779210788e-01
5.010976149349561926e-01
5.209447926476560298e-01
5.182311878665974980e-01
4.832260913519612622e-01
4.985462711211366416e-01
4.429387880018481050e-01
4.871675289460154490e-01
5.008530100124350959e-01
4.980347551192987332e-01
4.867098826259742550e-01
5.058581690019197108e-01
4.798598481069429322e-01
4.296011269271942656e-01
4.904436382802789818e-01
4.845747933996113477e-01
4.822699877814747293e-01
4.749870697224082283e-01
4.462338896075255801e-01
4.003569212147807255e-01
4.543531659452645921e-01
4.177115783392228443e-01
4.899673179702160319e-01
4.326948172301523510e-01
5.029215260921993114e-01
4.508583744992909481e-01
4.973690825463168985e-01
5.112004117815085458e-01
4.544008422116316837e-01
5.043397571719170358e-01
5.110967089609648184e-01
4.664890221576747931e-01
4.966816687286356169e-01
5.147111892388382959e-01
5.321816321139052341e-01
5.143952120714491150e-01
5.531367120948411653e-01
5.019585484098161299e-01
4.740247929994642617e-01
4.915487592991289456e-01
4.922266408902911672e-01
5.197098862733460223e-01
5.416454109078483459e-01
4.695414026536404717e-01
5.193572547969245168e-01
5.302818546667719124e-01
4.998289558096650209e-01
4.924199516157635736e-01
4.878329247867759788e-01
4.649952668495322405e-01
4.978476760123289879e-01
4.780695938314749038e-01
4.638984671429096096e-01
4.561939877475174043e-01
5.061929552954975708e-01
5.048224721496613610e-01
4.810167778292084306e-01
5.076061401878919632e-01
5.224956895709672589e-01
5.124140682276183689e-01
5.562705568787492671e-01
5.008534980642078693e-01
4.855852981825411474e-01
5.278364671154849308e-01
5.356063572267159012e-01
4.794126963699312238e-01
5.071937034520456189e-01
4.456720014095671978e-01
4.774902780247028411e-01
5.206355464163854307e-01
4.812260287007308346e-01
4.794046254617155278e-01
4.923816768678051514e-01
5.231190028827855665e-01
4.695512510808151352e-01
5.250476376330355244e-01
4.650643288078258886e-01
5.079305913369516201e-01
4.847127809138130905e-01
4.877680479164989702e-01
4.747966722569422759e-01
4.998582849921326954e-01
5.360408409468518931e-01
4.778664846625909624e-01
5.069160772564291761e-01
4.803669149180376241e-01
4.871148584893034705e-01
5.057871149291667257e-01
4.774997658080580853e-01
4.443048049606274086e-01
5.549033695369018915e-01
4.803620498326013899e-01
4.513687618699009918e-01
4.783313186805107087e-01
5.248795777639113647e-01
5.174522475938364563e-01
5.312391308982873372e-01
5.081632639125560624e-01
4.912980885281139076e-01
4.615364479815496357e-01
4.572330437347052468e-01
5.163084166277208675e-01
4.871508626245621976e-01
4.694530346323479431e-01
4.958720227293206828e-01
3.914975402967096341e-01
4.419455845274766759e-01
4.836052482636523098e-01
4.953010705408980585e-01
5.128295209173987512e-01
5.231883252372756532e-01
4.999223672872475377e-01
4.842002605574750040e-01
4.669636589477954569e-01
4.953856950988227981e-01
4.890877557571739476e-01
5.328416213108135846e-01
5.142650880416278492e-01
5.109066534345114707e-01
5.391727944457165300e-01
4.338995682316444391e-01
4.959567336011499461e-01
5.038453188264719884e-01
5.191711937295596657e-01
5.288158122339431388e-01
4.884039699859598072e-01
5.021148884762015596e-01
5.251585600974375545e-01
4.964272876442429316e-01
5.318826412678330229e-01
4.987393673329365007e-01
5.031015970696374184e-01
5.050501620473180076e-01
4.802738500948151579e-01
4.519310542521331464e-01
4.709850854773229845e-01
5.230056201638867419e-01
4.856187149275257853e-01
4.658945682375782438e-01
4.492893804158414328e-01
4.647639773984349465e-01
5.301848368334729500e-01
4.911114067243120829e-01
5.065097755179571726e-01
4.754632589988126434e-01
4.668959718548655879e-01
5.193684552702075852e-01
4.534362177954400219e-01
4.268490872593688756e-01
5.030939907372873332e-01
5.030958544983228364e-01
4.845335444771776134e-01
4.913524405715947729e-01
5.504021379862488184e-01
5.206951343121588582e-01
5.109613669425987492e-01
5.184107597394511657e-01
4.811147388661447533e-01
4.766377696434392908e-01
5.025032986911075472e-01
4.771978506376396423e-01
4.888421967428252524e-01
5.092782356563915203e-01
5.228013937532475230e-01
5.257408719937000097e-01
5.192883341558072186e-01
4.883184446105577337e-01
5.428581401580542254e-01
5.272050216682916401e-01
5.279343556244624480e-01
4.964350695681959413e-01
5.096131508303300972e-01
4.756383273216129859e-01
4.509655196309529379e-01
4.805654126757643585e-01
4.769576982848979796e-01
5.245950957820751936e-01
4.521735200190927784e-01
5.193066153309896515e-01
4.650558663138599780e-01
4.640784429213670736e-01
5.305503703215430633e-01
4.728884069255434031e-01
5.292228844633153351e-01
5.062441603723536465e-01
5.285972581257584180e-01
5.016586390155861608e-01
4.534524904174689341e-01
4.438284087914143861e-01
4.497278892218961044e-01
4.402123499677312313e-01
4.344960608777426181e-01
4.768938182628882916e-01
4.974036376646372992e-01
4.673770072540479603e-01
4.991425829507756262e-01
4.465720572610570316e-01
4.672316656498107235e-01
3.998209392382404137e-01
4.756019025130626132e-01
4.269160573570632278e-01
4.760581237510879138e-01
4.569355037111021423e-01
4.824712632377768373e-01
4.876019322567538561e-01
4.987357878785936283e-01
5.101685621154745665e-01
4.428034509506165173e-01
4.859261991832806160e-01
4.985897073069961438e-01
4.925975310540511298e-01
5.001016431835272336e-01
4.910753237310111485e-01
4.718353494975920381e-01
5.137482271132407519e-01
4.538473868276087786e-01
5.101298705934685929e-01
5.301376191813774730e-01
4.488262945274640869e-01
4.772342268102299223e-01
4.391647848136113197e-01
4.981051965017249672e-01
4.993863563360064761e-01
5.302779683318246118e-01
5.102332546381385114e-01
5.292629186172324030e-01
5.315745585376688842e-01
5.096203618476973229e-01
4.780475149773168453e-01
4.800486111463895811e-01
4.956740205162002422e-01
4.762360463666274746e-01
5.147232772083273344e-01
5.056091731148953938e-01
5.133546422536995335e-01
5.406893077143573034e-01
5.006248720063306568e-01
5.339203114414358131e-01
5.158598403984973046e-01
5.149292031613841303e-01
4.983552357476580541e-01
5.448880457920185494e-01
4.619212608195315539e-01
5.159069628689589848e-01
4.492148168243713657e-01
4.821120634445968389e-01
4.703563233577845448e-01
4.834803777212027809e-01
4.926072497911720416e-01
5.142513624430057328e-01
5.280419145602468500e-01
4.726800213946482643e-01
5.149220478809043433e-01
4.994630857888127662e-01
4.940597626461953884e-01
5.006012021108170451e-01
4.630708026439291913e-01
5.289375183372539979e-01
5.313336145700282565e-01
4.981733953604550180e-01
5.166501307028511514e-01
4.714479529836466121e-01
5.072417175315931948e-01
4.863497619184807830e-01
5.176568628704460995e-01
5.249199771422589089e-01
5.064014568558709017e-01
5.002109061911612642e-01
4.733692088818073351e-01
4.803229586378895410e-01
5.092274244871813904e-01
4.907774832594125614e-01
4.238915919073552585e-01
4.739578076187390132e-01
4.559754212091515768e-01
4.870568638783233650e-01
4.863012933293063278e-01
4.895544509077435769e-01
5.181507817619880329e-01
5.210911721917772521e-01
4.705753371767619764e-01
5.284158015890298987e-01
4.819586647078490937e-01
5.143665778571696601e-01
4.845995148420706444e-01
5.087473066996263116e-01
4.644978156376510237e-01
4.818965955069103857e-01
4.741155856466279794e-01
5.222478395121044059e-01
4.671782817977316871e-01
4.962792520120445916e-01
4.885881934710434860e-01
4.879388149689428134e-01
4.990177311437926644e-01
5.052598496052524979e-01
4.875525531871812146e-01
4.709723164916872484e-01
4.985078032756259381e-01
4.426629376613554490e-01
4.704799652583399050e-01
4.925866406683377385e-01
5.101404801304493253e-01
4.996732257406658051e-01
4.954910647696794679e-01
4.377641633656328413e-01
4.430027315520712050e-01
4.569855125630600257e-01
4.649118745328880697e-01
5.030008130118572840e-01
4.732104896774212976e-01
5.058437460078760717e-01
5.067952941043126769e-01
4.778089626838000759e-01
5.174266011363878315e-01
4.997330312138161257e-01
4.913124582329322365e-01
4.777700959081112586e-01
5.116199334027478063e-01
5.089475978414996771e-01
5.024781771303570288e-01
5.210264972905970238e-01
5.435169543257000191e-01
4.551865873856100198e-01
4.678525076353405310e-01
4.902372577392059005e-01
4.733665628086469734e-01
5.222859995977342518e-01
5.230076650600903321e-01
4.949189214464115860e-01
4.996514467453735953e-01
5.054822564015425401e-01
5.360652066607217714e-01
4.952181219685131142e-01
5.205519891458866288e-01
4.927477137715597921e-01
4.523697754084536893e-01
4.905299086493734029e-01
5.242019265026776065e-01
4.811447490117860548e-01
4.781242696343250831e-01
4.906679712040811769e-01
5.273388252701538548e-01
4.748298929946523916e-01
4.814546920492410731e-01
5.000885574296459746e-01
4.570735237870770518e-01
4.897463125771549519e-01
5.259893353543400041e-01
5.036299156063027693e-01
5.162849161400485665e-01
4.790764050571382771e-01
5.014121848769312884e-01
4.691745612121758779e-01
5.035846502696729177e-01
4.984887807480229416e-01
4.996611774917069093e-01
4.767890789185533773e-01
5.109751095597508952e-01
4.930430104379571188e-01
4.423724974353915873e-01
4.279944426378762268e-01
4.282021644009241235e-01
4.929045037821813136e-01
5.555041161656818494e-01
4.891109667687680851e-01
4.795594503883398585e-01
4.653648102884859195e-01
4.739383417208617444e-01
4.680651816882689387e-01
5.116316520067539786e-01
5.099235208258401375e-01
5.205429303084206927e-01
5.056776201792503311e-01
4.970541516281535843e-01
5.255259790551843890e-01
5.252825901755666660e-01
4.790936368016931457e-01
5.098395219717090088e-01
5.051829096065837410e-01
5.093248375949044338e-01
5.119041051149546551e-01
5.112115942555731651e-01
4.929265991351165499e-01
4.563831471067164580e-01
5.446555674054662788e-01
4.961234702906847094e-01
4.619890065510592336e-01
4.660554215208556061e-01
4.781312411395853834e-01
4.476455082588059464e-01
4.473096392847237812e-01
4.181943226437119798e-01
4.901504772951081335e-01
4.744161987830055049e-01
4.812909408826344659e-01
4.751670329506655355e-01
4.823012255147120508e-01
4.629765905377103974e-01
5.065980014439028789e-01
4.863080024502551835e-01
5.449508835580307853e-01
4.990246810981881498e-01
5.206129037078033317e-01
5.767896959207490237e-01
4.944194718602748506e-01
4.833060041565052645e-01
4.569530154642988395e-01
4.662334966690710458e-01
5.038351437407787570e-01
4.781568196933378978e-01
5.587658545000306898e-01
4.862940889828518687e-01
4.838776705901204345e-01
4.723197315979493216e-01
4.841065753073352518e-01
5.291724110132419723e-01
4.829995851157239395e-01
4.872619756737922581e-01
4.977122839557875933e-01
4.696591835466618625e-01
5.112019281181531261e-01
4.693678965179739482e-01
4.869271062780050618e-01
4.901136770190212544e-01
5.203872096753107135e-01
4.911911416935925145e-01
5.464090645227792642e-01
5.217704060949548417e-01
5.184837854685480085e-01
5.067027234161995963e-01
5.520638470556267219e-01
4.922003945504446754e-01
4.998366852270647587e-01
5.163484744458550768e-01
5.139082409211820357e-01
5.304337506648610923e-01
5.226322207306441925e-01
4.764842151542080240e-01
5.043419206544637046e-01
4.835340726648260645e-01
4.951644916075739200e-01
5.225700938919096705e-01
5.132923613629003512e-01
5.053717574130460743e-01
5.020779398539106930e-01
4.843894546088520769e-01
4.809739460356351470e-01
4.559156730567340277e-01
4.638655186470165837e-01
4.712757148467384694e-01
4.618223551086458323e-01
4.738109544064871281e-01
4.747573138302798590e-01
4.557222821239765853e-01
5.205186933081177303e-01
4.901886913611733787e-01
5.142040243439353064e-01
4.863548917122647031e-01
5.035694741444197708e-01
4.704873694900618131e-01
4.856907704931018865e-01
4.527864114993058742e-01
4.992529851992095202e-01
4.416957892121103346e-01
4.905010080478744428e-01
4.335767255995772174e-01
4.457672973652686554e-01
4.613169995449014071e-01
4.599723872951237413e-01
4.318427078721557844e-01
5.155412701740904602e-01
4.595142324241389686e-01
4.903458450715453831e-01
4.925318810424292315e-01
4.434086848802164527e-01
4.797671865946679937e-01
5.194149742673314085e-01
4.837356578036323129e-01
4.887442527040842255e-01
5.018665773056428803e-01
4.874489220993015737e-01
4.967110411741174625e-01
4.680282805352850017e-01
5.300638087267683929e-01
5.086530151474194517e-01
4.744750966418453952e-01
5.416084779958640905e-01
5.358432759308888738e-01
5.002049247756698014e-01
5.358293001959524293e-01
5.172656824095146488e-01
4.878487049048515489e-01
5.353935021098622515e-01
5.175289560969321689e-01
5.339001340779733207e-01
4.733743831779031463e-01
4.895093208940272667e-01
4.781036261283799771e-01
4.667596391769023301e-01
4.683201855455854656e-01
4.937301226199419801e-01
5.440904129465899963e-01
5.240145571015093484e-01
4.892632997075314627e-01
5.168167344452415657e-01
4.997205227865144650e-01
5.232889002103574549e-01
4.853450119215286795e-01
4.892001829934896628e-01
4.981215759084601236e-01
5.348416427423795527e-01
4.935388181534826058e-01
5.426345855949639141e-01
4.526751454862649182e-01
4.939801975107048770e-01
4.717301233512628533e-01
4.915695690997803347e-01
4.912521407559947706e-01
4.968774309760661811e-01
5.219298518851835933e-01
5.005270295978876405e-01
4.971949681304481117e-01
4.804569763692285722e-01
4.737343798913326021e-01
4.599724971047214339e-01
5.262628526611481394e-01
5.084198591790798361e-01
5.025579408567236728e-01
5.354400078584606870e-01
5.211951827773939616e-01
4.911772835637311929e-01
4.852836035394974545e-01
4.868973838686558864e-01
4.812801008851765872e-01
4.647758853727820272e-01
4.414867598089025069e-01
4.101646661086595369e-01
4.211073250159124148e-01
4.665732642235692618e-01
4.972102237342670428e-01
4.869873371512008497e-01
4.703944035918755651e-01
4.892139591841667134e-01
5.343567844485115348e-01
4.576793216166984424e-01
5.271169824339955179e-01
4.952576000939654111e-01
5.088035359766743815e-01
4.451932399435902799e-01
4.991159016558023298e-01
4.604637331095801089e-01
5.069456209011076186e-01
4.731904230516024157e-01
4.730099662735884891e-01
5.260252587726569340e-01
5.065864351484850037e-01
4.795507883814067451e-01
5.349558519963609760e-01
4.968144011290998030e-01
4.858319746740413225e-01
5.084492158708269205e-01
5.138204838224382787e-01
5.032508520257016338e-01
5.294905124454407641e-01
5.662817733923318775e-01
5.020423508856136641e-01
5.171606047943363427e-01
5.185202681295467686e-01
4.838166667830989809e-01
4.850375608200422350e-01
4.536158710138249450e-01
5.363125343794287181e-01
4.969476466133753711e-01
5.340797303568930454e-01
4.852407275374953644e-01
5.334073457451649070e-01
5.449885062428986293e-01
5.074100602905680102e-01
5.434572988901646973e-01
5.664549239323776186e-01
5.251967607460036325e-01
5.034065313575539768e-01
4.902049762042751113e-01
5.766364675866405554e-01
5.322874610647451155e-01
5.019853341067336272e-01
5.221345140962175835e-01
5.379442450907724327e-01
4.246290213770841371e-01
4.544580022856108403e-01
4.466439108795889901e-01
4.672228724238616238e-01
5.088399212158566387e-01
4.974343298666814017e-01
4.762824443106183914e-01
4.955552318714629978e-01
4.502049293005802588e-01
5.256635289794642230e-01
5.011313162863523241e-01
4.926134673414383491e-01
5.312965755558011205e-01
4.813400698972986058e-01
5.056896728343560632e-01
5.660271917518312490e-01
4.739271892782941920e-01
4.888008827080368435e-01
4.802989592412104658e-01
4.856325589699607148e-01
5.181751849647390218e-01
4.786695428616539183e-01
4.640125267527709374e-01
5.319537291134838197e-01
5.155114666367922593e-01
4.681700710744693406e-01
5.156083886431831464e-01
5.244502703635762764e-01
5.285419836998647147e-01
5.245610467619784556e-01
5.073548714167369633e-01
5.198654432892835242e-01
4.756629331044996412e-01
5.412602980060026159e-01
4.837133898531307818e-01
4.892063789836130216e-01
4.895791315241458386e-01
4.918252440461444164e-01
4.831541517476173331e-01
4.793029494116382017e-01
4.675096650921837238e-01
4.611292558443914613e-01
4.823072676368960754e-01
5.082455667602133742e-01
4.953834511082135794e-01
5.246277504955559889e-01
5.263962062041493972e-01
5.455938369555936029e-01
5.013179474984424955e-01
5.321550438774368397e-01
5.117074661121626677e-01
4.826427409799985968e-01
5.068482485437955098e-01
4.970757203095512722e-01
4.677670760207225387e-01
5.069065098407913306e-01
5.360616888391556145e-01
4.736978463490142399e-01
4.607804691806893782e-01
4.843901040172562955e-01
4.914802237706101806e-01
5.017939903876096341e-01
4.520219619566053781e-01
5.184653437249814312e-01
4.968588235294263411e-01
4.911476890034462972e-01
5.030820021174238210e-01
4.583326288181851504e-01
5.027970437484725608e-01
4.448079551657486697e-01
4.577804876842268555e-01
5.259266681647849495e-01
4.733179587483969386e-01
5.240253714343149349e-01
4.803978254120500613e-01
4.783364485660476784e-01
4.787220424574186728e-01
4.879072806525089900e-01
4.915266338009038338e-01
4.853868190110756653e-01
5.057683249829604266e-01
4.666919993828861357e-01
5.033587234461404103e-01
4.576954118015829076e-01
4.989437858222845468e-01
5.012789683189070589e-01
5.503291737991115040e-01
5.303770023977355530e-01
5.147206786229855391e-01
4.621033553203478528e-01
5.031690437079139322e-01
5.173466960195312048e-01
4.984298961212693668e-01
5.019321145661761463e-01
4.748474765034045308e-01
4.854189672042984460e-01
4.861347714800130504e-01
5.080893834262626418e-01
4.857814494239481862e-01
4.948415729091981130e-01
4.781418120886792300e-01
4.706777694322122341e-01
5.085266571161464189e-01
4.780970062547167942e-01
4.841937854831266375e-01
5.175885910992999994e-01
4.852752411539917876e-01
5.182349986089139771e-01
4.906896741654263039e-01
5.241434407545607632e-01
4.819343675217899747e-01
5.167263962904464769e-01
4.933159720567767415e-01
4.934460880187668264e-01
5.306455949339626832e-01
4.612563620719231094e-01
4.910860175538216410e-01
5.054492415810457606e-01
4.972841894858017753e-01
4.780867670407258907e-01
5.057577658353533678e-01
4.231582472177025656e-01
4.576902238632155062e-01
4.366583413449828810e-01
5.082074610512182788e-01
4.822836405350356959e-01
4.674168203828353851e-01
4.745268269854755472e-01
5.059222847853758198e-01
4.663905170035010372e-01
4.733494567824509947e-01
5.587670345305160158e-01
4.911498748319274577e-01
4.860809249219122941e-01
5.047566566055390336e-01
4.571079787454092602e-01
4.689446438702896680e-01
4.931534911093101159e-01
4.873129970323347715e-01
4.869519603161528432e-01
5.168124624238537024e-01
5.466049243102930610e-01
5.093082104490354034e-01
5.353939209302722713e-01
5.740724650481420221e-01
5.566153983148305340e-01
5.478975165303971995e-01
5.304595899636190826e-01
5.128267934821281182e-01
5.200035974309433762e-01
5.473351965435876432e-01
4.769785270289498280e-01
4.858645507197272284e-01
4.965476278980462954e-01
5.171060724598445235e-01
5.352910909487262892e-01
4.804623634257804143e-01
4.389555952393282001e-01
4.575977202002094457e-01
4.461388496295216055e-01
4.999445698815809802e-01
4.381666684813479984e-01
4.788074680924742643e-01
4.977032919733677674e-01
4.526195197705388251e-01
4.772795750912111057e-01
5.104302932522015723e-01
4.837482803137581056e-01
5.061711420054951782e-01
4.943224542182174108e-01
5.140778008445621161e-01
4.662075262803995757e-01
4.383664929024571610e-01
5.208310751794222870e-01
5.264427693587949708e-01
5.533168604654342682e-01
4.874480905993888169e-01
5.367145101799655205e-01
5.075853633256729447e-01
4.926636317139582166e-01
4.976193462149891000e-01
4.756305527597907701e-01
4.937548504538620819e-01
5.460187578222504001e-01
5.071688528339904911e-01
5.189585322393854838e-01
4.406681237125744666e-01
4.459268923274306018e-01
4.757090286366924548e-01
5.290119174836220850e-01
4.895839675197961038e-01
4.692455658979667321e-01
4.722390283460276006e-01
4.886762313898994070e-01
4.810299401986554702e-01
4.820890520801746071e-01
4.788991425009777592e-01
4.963080689597453299e-01
5.144281678665999502e-01
4.908956486163383315e-01
5.513456979892192855e-01
5.458454978493538778e-01
5.370392727624927476e-01
4.987891403749530883e-01
5.524998252876222038e-01
4.823971227896530767e-01
5.064545930555888198e-01
4.676998673307033449e-01
4.709786269767573530e-01
4.745458984126568192e-01
4.696861483761612943e-01
4.818820463695399625e-01
4.619110391570973584e-01
4.706121956008220142e-01
4.865208389117653409e-01
4.927959472981367495e-01
4.194537482386130889e-01
4.190545912868948730e-01
4.606449339773742713e-01
5.299357474406427571e-01
4.567478744225388354e-01
4.963415404809218834e-01
4.620299363075021093e-01
5.007043560018492601e-01
4.840730238202455293e-01
4.799099691953055413e-01
4.551626145309369820e-01
4.339049475819860557e-01
4.791031384212904309e-01
4.790389143728032151e-01
4.985302800891142638e-01
4.534269405412406084e-01
4.907883673693920756e-01
4.398656454559457529e-01
5.134076810245504774e-01
4.749794091387669615e-01
5.107361350583462523e-01
5.071658182516552982e-01
4.882551245567833265e-01
4.780150698382594765e-01
4.808115207565707427e-01
4.828839762407718950e-01
4.921424680732796042e-01
4.677034007434280327e-01
4.774626128584260609e-01
4.889258922221864645e-01
4.884622969564433870e-01
5.178888197437505614e-01
5.189062888330034928e-01
4.571996921716204865e-01
5.028099657704644398e-01
4.367363260544157022e-01
5.124947740410071839e-01
4.894564223987413754e-01
5.106353050516247993e-01
5.033640411744566556e-01
4.794100577274107433e-01
5.044609184533587198e-01
4.800722301669265168e-01
4.793370722265080097e-01
4.748374857111354874e-01
4.763238183553981653e-01
5.326120171948602877e-01
5.070260291803935226e-01
4.896933672041032248e-01
4.930061216923103951e-01
4.826055517998183442e-01
4.855867713389794837e-01
4.003159730679793915e-01
4.361123691025931559e-01
4.231857651848828783e-01
5.188972850247518531e-01
5.362900470059137614e-01
4.759574883551186408e-01
4.722547663817284191e-01
4.919855724357953264e-01
4.994603266634979333e-01
4.582992668038302075e-01
4.406447969822733790e-01
4.426544711108980623e-01
4.453889280669790507e-01
4.787207401825010478e-01
5.016960158561077909e-01
5.063258566127181171e-01
4.315790587053622840e-01
4.678616367446440383e-01
4.963729224365744930e-01
4.602703765198399855e-01
4.732778563427106344e-01
4.996283125484710097e-01
4.727282031055956013e-01
5.309983425518879363e-01
4.928082366796152636e-01
5.181769405896311520e-01
4.730110920228820515e-01
5.052885187768919595e-01
4.783600670562822010e-01
4.991988370463868452e-01
5.141420355415426968e-01
5.496078107110884403e-01
5.017973530043517982e-01
5.093914387770619445e-01
5.416969408405378772e-01
5.228681867560975860e-01
5.394654438301729193e-01
4.888978783763958669e-01
5.554849650565494290e-01
5.159983063698608818e-01
4.392419181906367376e-01
4.697665595259850613e-01
4.837031307969517080e-01
4.853114811023422348e-01
4.325589341019794865e-01
4.716931510857224064e-01
4.771774295374796582e-01
4.862106891811099896e-01
4.751103776190591654e-01
4.740174212644014395e-01
4.757443924009031599e-01
4.400097525188840231e-01
4.692014361426402602e-01
4.893258955708399971e-01
4.940176505921913264e-01
4.867995494305979443e-01
4.863474938902002664e-01
5.087766060016158942e-01
5.080204615645256272e-01
5.145887343787596269e-01
5.155330490054436110e-01
5.390923731870952418e-01
4.482242425053163948e-01
4.648219146758924558e-01
4.998968324413528008e-01
5.457602662977932839e-01
5.080124910811949501e-01
4.725425412862133689e-01
5.231384031292484194e-01
5.224776056222063536e-01
5.390489281942860700e-01
5.400962809465784664e-01
4.902000692293284612e-01
5.046722145607784871e-01
4.975725357317713482e-01
5.009218341575000233e-01
5.258441501100881155e-01
4.575612637973158758e-01
4.847908959558108744e-01
5.342976563129419043e-01
4.964476846849476543e-01
4.792463426790745662e-01
5.058277440756507870e-01
5.311036286709860388e-01
5.224793125476104860e-01
4.963211450270266778e-01
4.876604774807827836e-01
5.045611423477003310e-01
5.041896265967753532e-01
4.728724395351770471e-01
5.317416019430387664e-01
5.091264299935918114e-01
5.066004921736699806e-01
5.006169388023786748e-01
4.510685552464620551e-01
4.466968712492355720e-01
4.596615917109351801e-01
4.797060590652738599e-01
4.778528976611399193e-01
5.174889355411080860e-01
4.974286756683651278e-01
4.544383547332058182e-01
4.322838271228855445e-01
4.675763147035489897e-01
4.840040560085653865e-01
5.153108343161851845e-01
5.134460898484722868e-01
4.961960174000101809e-01
4.621220613166819868e-01
4.747276856371078213e-01
5.530642055285581726e-01
4.849075631655533347e-01
4.586129126977283588e-01
5.198398398319127311e-01
5.084866326995732821e-01
4.320879072004665256e-01
4.741643407393806853e-01
4.636843947482677808e-01
4.854939554466298213e-01
4.831716284860827493e-01
4.730610924795060068e-01
4.957287077613746762e-01
5.082937365265275398e-01
4.851911183340606448e-01
5.047339580284904148e-01
5.233965928268493606e-01
4.985300543495927994e-01
4.972361730436325455e-01
5.010887939808803537e-01
4.626301725679344834e-01
4.434276407857450364e-01
4.900916281176692091e-01
5.237787833114740943e-01
5.059924821693800867e-01
4.939478226318765319e-01
4.725018387789569063e-01
5.219019048557885787e-01
4.807851397329343524e-01
5.283957545016408908e-01
4.891242821084202941e-01
5.300360941994975983e-01
4.858343796191034181e-01
4.653596752864974651e-01
4.596202133670543311e-01
4.301834417349897910e-01
4.538548753916971656e-01
4.533285976739055423e-01
4.339393988422188819e-01
4.618234917152728158e-01
4.793868694961301302e-01
4.964342452181453313e-01
5.008636625868893022e-01
5.401722575019020089e-01
5.064880532212751030e-01
5.080632078678958274e-01
5.109595245248584883e-01
5.050222596722698798e-01
5.130092619546060551e-01
5.140322423038704569e-01
4.745787102266008639e-01
4.936057255246504294e-01
4.992607713434428218e-01
5.096786393208782018e-01
5.234990913417284508e-01
5.152535359746664989e-01
5.455125390958067699e-01
5.380124496260859646e-01
4.870545855944269364e-01
5.402706760976196954e-01
5.023735594670049043e-01
4.346422630459537695e-01
5.039940946002090527e-01
4.972855701476706636e-01
4.643501832806378182e-01
4.794262000571911653e-01
4.809520403651461051e-01
4.265329544039169196e-01
4.579470299834658142e-01
4.944169431829293360e-01
4.350777669692674765e-01
4.837781473654016451e-01
4.985825155751907323e-01
4.878560288188307226e-01
4.698879807530458308e-01
5.069067135629151677e-01
4.886127098572263239e-01
4.991487763747008977e-01
5.117248835641530214e-01
4.966360718602272351e-01
5.202134257653417970e-01
5.385511405756233660e-01
5.359384839102205866e-01
5.041751994284251470e-01
4.840581428176121692e-01
4.672761414318984396e-01
4.752647839299447008e-01
5.030638663918974851e-01
4.745697931730572527e-01
4.924662644560356961e-01
4.731533268490013544e-01
5.415204726914506494e-01
4.942921956610545897e-01
4.906130996803961808e-01
5.314275379203116101e-01
4.864799118610967366e-01
5.298852137304137511e-01
4.694356450366077294e-01
4.512494367203116474e-01
5.060640994412852756e-01
5.390635652887364460e-01
5.042136714425535793e-01
4.910962121257546609e-01
4.595626422530915134e-01
4.877747455502152718e-01
4.985074993102531216e-01
4.981349617580778100e-01
5.405572604717083784e-01
5.009280256537208542e-01
5.265102233550111865e-01
5.063033133575517430e-01
5.149273746534857032e-01
5.280959086591157092e-01
4.907694158593149947e-01
4.897595381023823191e-01
5.249780626031899100e-01
4.975163482809698556e-01
4.617053034075493390e-01
5.268998519272936054e-01
5.607122672209399195e-01
5.147918301452950596e-01
4.677124587860586047e-01
5.243495718581931975e-01
4.714660377908574396e-01
4.798354824785766026e-01
4.994947405877690483e-01
5.370062470027803236e-01
4.927634801691314070e-01
5.159570498523150528e-01
4.997418134489785557e-01
5.105083076455837476e-01
4.544882700411643772e-01
4.638780619825235152e-01
4.550786363579833460e-01
4.595526162936856007e-01
4.914353351318594409e-01
5.037102849521184478e-01
4.917422127355393635e-01
4.873196852911556576e-01
5.381027835599021536e-01
4.790515444609126927e-01
4.953802962486479888e-01
4.755813219281224136e-01
4.930780284642649058e-01
4.566727689669408674e-01
4.876624214683329961e-01
4.287347202214751296e-01
5.043111864454390414e-01
5.076611323892930017e-01
4.992163506061917944e-01
5.047424524875864238e-01
4.826293087376592461e-01
4.647787482742358756e-01
5.015138887247542199e-01
5.039000590229314458e-01
5.252249408746734183e-01
5.264073912389061194e-01
5.383452102037060705e-01
5.184247716354665192e-01
5.368804299119682710e-01
5.143315809348074641e-01
5.284200082503357487e-01
5.486403984474262918e-01
5.201642105289305817e-01
4.957244976820204818e-01
5.364104231638272546e-01
5.061911708231360274e-01
4.804921724707756914e-01
5.057633316429541726e-01
5.292960486947104748e-01
5.059825565712442463e-01
4.942728637149746973e-01
4.500791491679551060e-01
4.857042078173353650e-01
4.876200830741461156e-01
4.824610607616923175e-01
4.767614161410691498e-01
5.199452330280510681e-01
4.911889858353530314e-01
5.137248944254635408e-01
4.651842011815846001e-01
4.827762593061520890e-01
5.038903350278004512e-01
5.168054443265523989e-01
5.121874203028781158e-01
5.052116767592840230e-01
5.262441535325048658e-01
4.835834616495149341e-01
5.292952177298777539e-01
4.725868355480598582e-01
4.994483271996753571e-01
4.617431101520748093e-01
5.437403172546070307e-01
5.190655865066562402e-01
5.372708318543663042e-01
5.432191337889893390e-01
4.768322949965003721e-01
4.736373699267017456e-01
5.148347991328217077e-01
5.241101397520411265e-01
4.905903695248708951e-01
4.628312688956609522e-01
5.134202982346258715e-01
5.052786298465629100e-01
5.271544660974105678e-01
4.777007879576674609e-01
5.179196247846753476e-01
4.859282054145653285e-01
5.320074463615104277e-01
5.156181704513083108e-01
4.926476000228676155e-01
5.029998476787571615e-01
4.938614300012714176e-01
4.818343316802743415e-01
4.883449828748995247e-01
5.037636400002553083e-01
5.097064250214843328e-01
5.213537864468096306e-01
5.249163194736882199e-01
5.001637486256333975e-01
5.141163074644166109e-01
4.906967140863308097e-01
4.556726409433868308e-01
5.181980544267460465e-01
5.418840877713848592e-01
4.930784019113734762e-01
5.040007137687509964e-01
5.155069037148566347e-01
4.881903253494063732e-01
5.475645436299585445e-01
4.967733859581962008e-01
4.318275719811899838e-01
4.394527737338443929e-01
4.863945714271222243e-01
4.639850185675534200e-01
5.586999995398986840e-01
5.459513128011224126e-01
5.085789512335123774e-01
5.224719773016116564e-01
4.928848794222647767e-01
4.815158059207897412e-01
5.076901235136590529e-01
5.209834550376857276e-01
5.093432096925726293e-01
4.959700134773459834e-01
5.130389748443291431e-01
4.912945675056920591e-01
4.860677156819757094e-01
5.126327094380768168e-01
5.167979002881278872e-01
5.167707340248490766e-01
5.093203365253301529e-01
5.144597650390861920e-01
5.109446746153433194e-01
5.178677887152233206e-01
5.248944040085153917e-01
5.197418041464449967e-01
4.129632027364997793e-01
4.940533332068292593e-01
4.825424371348636665e-01
5.004471152636310594e-01
4.909424196795008632e-01
4.548343762121669909e-01
4.841204894579650975e-01
5.169369007034000374e-01
5.077887661678106568e-01
5.057315951037038015e-01
5.045179571228561866e-01
4.796054356368865124e-01
5.191909005820963818e-01
4.933996016457138367e-01
5.250526871958725028e-01
4.632256133474542126e-01
4.531606281171431383e-01
4.744098968047631981e-01
5.174371426131822993e-01
4.734693600590448304e-01
5.081511443738510048e-01
5.068548888873937175e-01
4.516881082978325135e-01
4.855891069766256618e-01
4.705789720217293248e-01
4.653451364378846655e-01
4.806770680026915543e-01
4.881458778064969861e-01
4.886691613136931456e-01
5.068429413268474848e-01
4.909586962568858737e-01
5.113288776923720080e-01
4.906845751735658401e-01
4.996100087130588840e-01
4.694295090185930941e-01
5.388661506468478413e-01
4.563532568942899048e-01
4.611060476902227867e-01
4.704487391326405699e-01
4.936227600617560385e-01
4.871740271808336353e-01
4.656291239744210220e-01
4.711410014442077854e-01
5.094996936687916644e-01
4.365847489919374436e-01
5.155866896446218428e-01
5.051974180431593187e-01
4.711703251573824969e-01
4.450208952071926793e-01
4.664007254254620150e-01
4.685415513567671164e-01
4.169213383764341363e-01
4.761824321819503880e-01
5.118154159822179139e-01
5.113021527314378645e-01
4.360476351171213016e-01
4.992475848095870861e-01
4.851761737921913009e-01
4.978771546312804608e-01
5.051777539636301828e-01
4.745485123586819509e-01
4.859981520219440188e-01
4.949544977736061169e-01
5.316704356300596679e-01
5.124790007988957452e-01
4.916161948053255903e-01
5.121261044177077837e-01
5.011762238423133065e-01
5.359739461740637978e-01
4.995310113268355834e-01
5.148023411729927279e-01
4.886671474802621873e-01
4.752956843097559947e-01
5.058845628457900867e-01
4.884058730203212906e-01
4.888356912447178182e-01
4.771865968524670598e-01
4.762959014469034802e-01
4.855055755877841772e-01
4.871344842029884936e-01
4.576555587965070448e-01
4.874292854550938969e-01
4.582821745289369364e-01
4.803391699013025429e-01
5.293257503484661841e-01
5.088137901372523642e-01
4.841534236779513334e-01
5.229177725327571746e-01
4.827515963429447332e-01
4.782360699426788098e-01
4.730641419328666109e-01
5.026910314686127146e-01
5.017689550959096856e-01
4.962147866643820682e-01
4.956634191055759309e-01
4.931855007398475710e-01
5.266281336003184599e-01
5.139855089294346202e-01
5.359052396864051326e-01
4.889931213355550588e-01
5.257468360196195789e-01
5.415955133633564289e-01
4.965154699988919007e-01
4.844361034543959721e-01
4.852280967078717033e-01
5.188497526679710647e-01
4.912219594147927415e-01
5.040985390433385671e-01
5.044599631152394403e-01
5.366169798355657772e-01
5.055596454318279642e-01
5.266348248217490591e-01
5.269820884623480639e-01
5.161067827142858944e-01
5.013770786831079906e-01
4.844160535331183404e-01
5.083901982886200877e-01
4.681722617015461885e-01
4.245817603775111637e-01
4.452480892523836276e-01
5.117799075324614977e-01
4.805072376347185870e-01
4.245243469258433433e-01
4.630843186805171929e-01
4.878371347419966919e-01
5.424867627253211477e-01
4.978648081598245345e-01
4.824682822583950537e-01
5.477696067625955623e-01
5.233474068046198857e-01
5.040554912295021062e-01
5.114451339143399888e-01
5.229643637816721036e-01
4.894274371709448346e-01
4.985979577805950691e-01
5.492031133541326327e-01
5.007336034694467308e-01
5.146517245927650919e-01
5.040587232897664194e-01
4.718481918562177913e-01
5.330686001343052371e-01
4.963971925225386106e-01
4.618565592917784346e-01
4.848625386809812254e-01
4.843821774427268800e-01
5.081714414805792446e-01
4.871130784162704397e-01
4.742425286887748670e-01
5.113119471221648782e-01
5.366901569853729237e-01
5.155001765142583903e-01
5.138335732715012538e-01
5.350416138172612301e-01
5.144199192141600818e-01
4.932253798168596548e-01
4.972670361695457619e-01
5.387268253622621295e-01
4.942950132896927196e-01
4.978673132710130789e-01
5.070313363919043415e-01
5.472287154310254698e-01
5.295319739249260138e-01
5.283579357173125990e-01
4.795101612725575224e-01
4.712994143583945639e-01
5.274716672368706671e-01
5.262433973844018453e-01
4.970716778405500080e-01
5.346624993673256832e-01
5.153363613290379286e-01
5.125904141097094024e-01
5.324602601071526387e-01
4.543118634993463800e-01
4.781625863552448896e-01
5.185733732781560024e-01
5.236561238870296453e-01
4.970225222666870279e-01
4.854568381594887017e-01
5.059110296012512276e-01
4.901784500164348413e-01
5.026231537168442953e-01
5.154161775888126407e-01
5.403682906440318012e-01
4.748714469923643877e-01
4.787796198785680968e-01
4.949214471027682527e-01
5.103788199550864935e-01
4.551355803119195853e-01
5.142200556789312538e-01
4.431244068854534590e-01
4.694481178459628534e-01
4.874649899037430956e-01
4.696945475328190289e-01
5.060125003388119547e-01
4.974186542605109063e-01
4.425401903414654670e-01
4.789185557113694869e-01
4.570849366587724227e-01
4.865660683826268373e-01
4.653157499094550120e-01
4.471766269554470208e-01
5.011603878183162886e-01
5.272409825536025219e-01
5.192265629859044163e-01
4.858529544117992649e-01
4.648099436961793396e-01
5.146565078751872413e-01
4.681202314748213467e-01
4.963488312271400749e-01
5.253814253055001382e-01
4.901896549778445022e-01
5.157117470845054008e-01
4.818352783458551003e-01
5.064227246104960889e-01
5.019085504443674406e-01
4.865171102318932572e-01
4.953424692657253936e-01
5.105515682185786108e-01
4.818769293443648793e-01
4.773275531888086509e-01
5.143046003419634582e-01
5.329063571632108864e-01
4.666891895079618435e-01
5.377662886367401418e-01
4.954884616464464986e-01
4.661167110008316294e-01
4.857903826828675053e-01
4.895670709107455831e-01
5.325351299862538523e-01
4.800671242600121902e-01
5.121579741432199517e-01
4.730225103271027964e-01
4.851935010761893041e-01
4.976150973104708219e-01
5.048718045021938217e-01
5.138186345867831184e-01
5.270425804947531656e-01
4.710596507198236971e-01
4.208586954842755690e-01
4.236085101438036848e-01
5.048544614684410403e-01
4.706705306762763441e-01
5.020371272668924245e-01
4.940404051057464274e-01
4.059198648304020440e-01
4.588141200517859564e-01
4.556267747653750533e-01
5.033541762952040699e-01
5.253494472810064098e-01
5.418455799450401233e-01
4.871060598505487782e-01
4.762725332090186336e-01
5.199404894733361537e-01
5.291188403999603773e-01
4.550366321867521102e-01
4.715086300406438613e-01
4.706648891727046036e-01
4.981642532379930155e-01
4.738159809761680608e-01
5.008529017545985118e-01
4.276348309681978765e-01
4.886839614774549645e-01
4.879762082453720229e-01
5.181039559287116125e-01
4.822448404118858112e-01
5.036181873601565107e-01
4.519123417527823316e-01
4.375079883641891376e-01
4.443004343714955784e-01
4.594983640801781899e-01
4.958044092262248737e-01
4.759336348207020007e-01
4.906424247627269586e-01
5.052545853736092329e-01
4.860495365137958435e-01
5.078902116667124433e-01
5.226872812989613593e-01
5.270708974310849282e-01
5.240170996609785359e-01
4.703037372528478532e-01
5.014021677449989056e-01
4.358498568522159999e-01
4.952283580471151803e-01
4.943114819663193549e-01
4.902659032848531440e-01
5.053574758772090281e-01
4.807767945452434688e-01
5.005724277932002142e-01
4.947359021586462680e-01
5.432629185257242810e-01
4.657897897645966179e-01
4.718025001600376633e-01
4.352520410463282530e-01
5.156245031737893836e-01
4.884715367021090215e-01
4.892481241118450952e-01
5.100216362636716960e-01
5.049481412762675259e-01
4.726846713176717230e-01
5.148194132123737887e-01
4.618495392287893520e-01
4.774680436037428977e-01
4.569516108408959720e-01
4.579957725881798614e-01
5.352079306531409841e-01
4.725812623874288132e-01
4.711790055639423214e-01
4.712171713541993823e-01
5.381071940919668339e-01
4.635584783009271126e-01
4.561892523544612832e-01
5.332909342076049830e-01
5.388197094371426354e-01
5.099424351773246267e-01
4.967977049290877578e-01
5.331238588677450485e-01
5.174385537034176252e-01
4.953233506580532741e-01
4.839289500545079781e-01
5.072153755396692221e-01
5.309500404428805220e-01
5.089002056101539218e-01
5.363734357626043225e-01
5.256348245158682930e-01
5.237715711878571101e-01
4.978373010214043326e-01
5.074457360004447359e-01
4.693463962018434854e-01
4.993312983826094231e-01
5.355205568643285341e-01
5.006301673877286973e-01
5.143604385735005557e-01
5.229033576602830635e-01
5.069514007885645990e-01
4.981236015144511198e-01
5.015883480740158662e-01
4.947435614232563172e-01
5.244719568807491017e-01
4.870136814341668452e-01
5.115873550459180130e-01
4.997323747484207490e-01
5.349882850839916548e-01
4.798213716143209240e-01
5.139745396286867773e-01
5.046922842416363686e-01
5.108605528649281524e-01
5.083402071822470392e-01
4.900866024833711032e-01
5.155501210097922504e-01
4.986637027552777157e-01
4.476470565638832055e-01
5.088749702143864351e-01
5.127923504580228498e-01
5.013428018301121503e-01
4.780320179009292514e-01
4.624476827873570395e-01
4.697972596628854358e-01
4.677735615091191401e-01
4.929405496155269129e-01
4.759242498003356525e-01
5.160966780591261793e-01
4.983588834749211882e-01
4.746001995484246394e-01
4.755838955104839672e-01
4.565765811855038159e-01
4.960963044553549639e-01
4.255870037926735572e-01
4.254894634997676839e-01
4.727210149756388979e-01
4.554131487617861795e-01
5.197399157013440352e-01
4.442932311559946723e-01
4.731031810102891422e-01
4.993728264947027706e-01
4.672319421330005107e-01
4.964971548755864328e-01
5.329207004261804492e-01
4.876222767251189860e-01
5.077007733059144545e-01
5.134770768177838729e-01
4.818808053895006771e-01
4.976690858329975153e-01
4.992566516036233137e-01
4.863608337372491985e-01
5.103579633074286637e-01
4.988897414331397995e-01
4.948643326820730270e-01
4.977173397815548572e-01
5.019443311610531921e-01
4.974252261134093356e-01
4.948542143354827116e-01
4.831779037320582115e-01
5.039102057892043129e-01
5.110990731613982430e-01
5.588875528287087224e-01
4.845772692952207694e-01
5.230836728208732023e-01
5.187234306715587939e-01
5.273604923499422004e-01
4.891056869487731551e-01
5.090053886570957697e-01
4.862724529172703924e-01
4.915213573876885955e-01
4.906757811785673606e-01
4.919973394179025794e-01
5.029378634658624447e-01
4.683344964960424184e-01
5.181437173617893244e-01
5.280141153211682647e-01
4.741320287519849574e-01
4.896662112300415037e-01
4.806767930654483045e-01
4.968968611372836519e-01
4.949817245579200553e-01
4.755565732122829514e-01
5.210387042066502161e-01
5.017519274892900949e-01
4.798645919018161288e-01
4.683908677125288023e-01
4.641274841023239062e-01
4.827542996406451459e-01
4.948316980307633783e-01
5.513779581417949105e-01
4.995076935782384320e-01
5.034045094674924892e-01
4.757244714625902260e-01
4.667409033099561011e-01
4.927694521051929066e-01
4.543011301349176301e-01
5.110276681360311768e-01
4.759314499152136890e-01
5.020158291100996761e-01
5.199465676708827644e-01
5.243263795195353127e-01
5.194714748251491043e-01
5.409520333482745746e-01
5.322388349711401068e-01
5.078015122847114871e-01
5.520781430908549003e-01
5.412058663654755186e-01
5.001192547549311307e-01
4.540253384528550873e-01
4.942536168477278946e-01
4.997254107542495882e-01
4.654442266183364540e-01
5.134584307720905239e-01
5.517229850298532856e-01
4.770967518496745940e-01
4.842376117581308481e-01
4.570063739864472785e-01
5.014891291398444473e-01
4.838280121320712168e-01
4.950367581286833074e-01
4.792185715826359216e-01
5.115981307230069719e-01
5.010295980153403050e-01
4.830008982519919392e-01
4.403061879606854911e-01
5.140010533671335313e-01
4.553112541755989229e-01
4.683054631767291087e-01
5.469669962954437636e-01
5.017367979921683041e-01
4.908512127847370898e-01
4.552546306743187610e-01
4.732069617916573878e-01
4.766208700139432652e-01
4.828507376041301646e-01
4.888773007095221779e-01
4.605899088988999468e-01
5.185907743964079941e-01
4.940967231590990827e-01
4.540035872303570530e-01
5.082132693540724055e-01
4.967461867512023010e-01
4.516602533183493029e-01
4.735345694649398807e-01
5.070621665980712400e-01
4.537371164092108278e-01
5.272002020179213932e-01
4.914815595396955783e-01
5.110077561392791790e-01
4.868056438654702056e-01
5.116940133053501372e-01
5.240487309349617373e-01
5.319501170592200179e-01
4.898145452630926489e-01
5.189815206575704165e-01
5.109738768232258144e-01
5.227931986646873197e-01
4.704863064258004712e-01
5.130558723206839478e-01
5.100646157825893257e-01
5.585259602684200519e-01
4.918431722865342359e-01
4.927306965997080290e-01
4.797998306680807956e-01
4.790099033668048789e-01
5.138758877356468524e-01
4.383262972319891260e-01
4.676832237620540123e-01
4.808849281920931085e-01
4.466596283619739816e-01
4.834752061278566604e-01
4.955462440015703240e-01
4.938787021281386691e-01
4.970382322186580049e-01
5.137166602191119980e-01
4.541960130926913086e-01
4.960631153775655888e-01
4.744175119960185594e-01
5.543651312325746927e-01
4.875273398794122137e-01
4.928242469483211097e-01
5.251825626267242475e-01
4.889891036484156350e-01
5.034904937318201990e-01
4.765832190637596666e-01
5.304277352792700073e-01
4.703530476405349270e-01
5.150801112073296606e-01
5.503928017221760838e-01
5.135703329044848386e-01
5.014307225662080203e-01
4.788587223434337403e-01
4.729845929521048764e-01
4.852902258981032779e-01
4.733771388179054962e-01
4.912195543745748183e-01
5.016036267427649298e-01
4.328005218127533582e-01
5.137874605633333536e-01
5.044325440481652878e-01
5.015285777096181175e-01
4.627020472527744177e-01
4.736935857092743896e-01
5.137800058826514915e-01
4.662332308590922958e-01
4.903422576089584983e-01
5.150389354523717822e-01
4.985423385726158174e-01
4.763523508883851787e-01
5.427083565306587420e-01
5.214096094070598264e-01
4.860304374178693321e-01
5.166472375584221233e-01
4.900899852414258850e-01
4.751857997575135717e-01
4.950584979951811460e-01
4.781904974957613685e-01
4.640004261347715486e-01
4.634594499341320728e-01
4.869263506743954362e-01
4.788902521157854530e-01
4.899391682804470904e-01
5.344813468453228911e-01
4.650596538409526581e-01
4.338418173516070397e-01
4.836347143742458776e-01
4.864578434370018800e-01
5.010696537438092957e-01
5.218246349239831217e-01
4.577276600982749799e-01
5.007737660615169117e-01
5.040763039174535054e-01
5.358246153714286697e-01
5.089451490801604194e-01
5.017810512428362291e-01
4.827383170566334480e-01
4.486512603727821347e-01
4.519234043892913499e-01
4.284920754766061157e-01
4.787826421277770472e-01
4.856202580884440012e-01
5.145653581362411577e-01
4.952976927377137906e-01
4.862711568232623849e-01
4.691730897854132776e-01
5.209781096527794642e-01
4.870144387253119156e-01
4.872342356945585928e-01
4.908303281877536839e-01
5.250595298401934397e-01
4.649904896392639819e-01
5.111367984952652765e-01
4.926507546033856433e-01
4.654825640017853927e-01
5.014338385930513509e-01
4.612615392161217853e-01
5.197434866295316258e-01
4.963008835837441901e-01
5.264827668051150766e-01
5.507536260754559709e-01
5.175397586820592588e-01
5.032208869880591129e-01
5.013799958475153584e-01
5.438369157031450740e-01
5.374505625232526285e-01
4.774828448070776443e-01
5.095534891681268164e-01
4.838504425385351526e-01
4.998831953898212888e-01
4.699432610147269984e-01
4.765608630141176527e-01
4.701169063869558018e-01
4.920861014834302938e-01
4.749574973016643109e-01
5.242944113658971617e-01
5.255161567791667432e-01
5.197304389427066518e-01
5.111376150881652425e-01
5.395050325571316696e-01
4.668848026783901650e-01
4.687695163704738155e-01
4.628642043188399002e-01
5.433502398070382267e-01
5.077771089291940321e-01
4.437520534159205554e-01
5.034421356940319559e-01
4.808702201353172723e-01
4.625015097727008251e-01
4.993022269159689275e-01
5.235950336815315964e-01
5.089825268553879178e-01
4.972431137466841733e-01
5.207124978755767186e-01
5.338766142994652020e-01
5.219531294599238924e-01
5.171484129458180368e-01
5.551797513322256350e-01
5.117706374878996378e-01
5.338971683696820403e-01
5.594016584877574694e-01
5.083182820533777013e-01
5.107516941764992380e-01
4.824293697300255923e-01
5.294126341473939235e-01
4.936908352051430637e-01
4.981213896971459776e-01
5.441877595249153821e-01
4.740097840590532519e-01
4.566828583260373886e-01
4.617823063170098941e-01
4.759947210969020515e-01
4.659327058803884314e-01
5.061402868054041271e-01
4.537006151675825327e-01
3.977239103365465267e-01
4.735257476340239968e-01
4.399714779437281509e-01
4.489136875945279881e-01
4.053508335293328213e-01
5.333602817009964747e-01
4.871734232404773546e-01
4.767110962548464781e-01
4.573894689811492942e-01
5.097030033781705383e-01
4.502925134147574560e-01
4.649984679085425454e-01
4.864030737075610844e-01
5.062090019495776305e-01
5.026071099503117701e-01
5.114626296188952148e-01
5.051953029242963744e-01
4.919457699989284172e-01
4.905323472922384909e-01
5.273820566717883906e-01
5.251703973976598050e-01
4.559975536136632313e-01
4.661450208112246640e-01
4.924591774521124843e-01
4.646845227454660110e-01
4.763514602411122456e-01
4.549017376576836580e-01
5.041146978812892643e-01
4.452979885294738871e-01
5.158557819735007932e-01
4.994661546980099787e-01
4.799255619691477626e-01
4.721969517875654887e-01
5.286424292705261818e-01
5.214057367424457246e-01
4.912883180804678562e-01
5.083255186380785107e-01
5.076365679394039265e-01
4.859866290898904873e-01
5.156623444731972539e-01
5.133475881015219233e-01
4.713903977873794560e-01
4.583733804552223567e-01
4.807911390051123890e-01
4.680440376267966385e-01
5.009582625062983796e-01
5.471672850767389518e-01
5.466217670977808751e-01
5.509045570404619285e-01
4.960152815924518954e-01
4.997241444596020044e-01
4.244922072456032147e-01
4.872098810861629770e-01
5.165381651475208225e-01
5.048951227452789237e-01
4.836098814566032744e-01
5.364050434869742645e-01
5.293818503187265323e-01
5.532916314343673259e-01
5.255819692105944130e-01
5.244740889454794219e-01
5.038179471172905544e-01
5.299005215246730405e-01
5.265274329838398604e-01
5.229606586644416355e-01
4.998816014818319720e-01
4.920825226869871005e-01
5.171027448012768257e-01
4.666270165307550566e-01
4.805125025176965048e-01
4.676745345871493043e-01
4.536120423385148204e-01
4.838878107600038114e-01
4.773760224732539470e-01
5.033842299453529234e-01
5.143639976369042133e-01
5.013650244802579925e-01
4.804972216951756692e-01
4.676354865757861856e-01
4.838667186758230376e-01
4.753138538948868952e-01
4.750102713459865567e-01
4.745773595504814701e-01
4.040548664509687748e-01
5.016015210626805221e-01
4.847373821304022945e-01
4.283512157613422189e-01
4.489272022058140577e-01
4.286592557244527368e-01
4.599635873447927015e-01
4.806827839981636652e-01
4.533391685113289382e-01
5.110231233550994734e-01
4.727006298985891308e-01
4.592572578518643867e-01
4.798575657495077196e-01
4.277585667104601419e-01
4.524462320001157445e-01
4.184381140491954532e-01
4.163772949540670010e-01
4.673073208260782874e-01
4.493211720888831695e-01
4.752569044228300288e-01
5.062903869164614434e-01
4.865480429343562729e-01
4.861907426545952760e-01
4.735672803001496067e-01
5.221682509130600724e-01
5.012896932753750923e-01
5.152061235577819476e-01
5.145646447689801173e-01
5.197091071032746701e-01
5.523970261441717433e-01
5.188142117695531130e-01
5.431805900640699347e-01
5.283103163637332678e-01
5.165056104111790392e-01
5.401723343238089559e-01
4.756687154174377707e-01
5.195562956954299372e-01
5.117988439086497143e-01
4.950897070451111825e-01
5.090101483065071486e-01
4.711121968241307467e-01
4.942798880013415386e-01
4.603059442995945383e-01
4.993413856507769033e-01
4.805421460585594384e-01
5.347772672507697944e-01
4.695454373164958950e-01
5.046042480159581567e-01
4.414316965588678254e-01
4.277854894507181482e-01
4.372642355849388207e-01
4.401539341242736714e-01
3.845630721141393149e-01
4.511020914269258109e-01
4.054611164619313368e-01
4.077050126371459249e-01
4.142174411795093714e-01
4.264720109134383930e-01
4.645987407704834649e-01
4.599313760023561737e-01
4.612396966938013820e-01
4.737126165892770469e-01
4.480386952542432799e-01
4.743506010796944006e-01
5.114377641554662679e-01
5.098440651253092204e-01
4.951300004497555252e-01
4.988029211158998555e-01
5.157052293012471811e-01
4.924588527048259778e-01
4.743601395970097889e-01
5.161504992503139766e-01
4.574825631779335655e-01
5.165604021995253703e-01
5.159633306447508616e-01
4.914245954529503080e-01
4.619056314013596509e-01
4.225174614793837380e-01
4.951157953052388594e-01
4.723183319701143579e-01
4.900972845366152186e-01
4.494269576075122230e-01
4.827743524724157909e-01
4.796743879787433440e-01
4.807976522552581122e-01
4.927656539047434725e-01
4.753062713121971039e-01
5.211638730276698661e-01
5.016418613164940199e-01
4.981432684765573771e-01
4.746941766986488287e-01
5.278430695682311269e-01
5.106385011157836828e-01
4.836660620880578465e-01
4.750911369708322729e-01
5.004195622494770346e-01
4.838853454673665566e-01
4.792688891801410445e-01
4.991913482241094879e-01
5.073647960561465942e-01
4.964080667445355810e-01
5.214843941769100599e-01
5.261652321909310315e-01
4.942981908707345107e-01
5.068066232959540507e-01
5.177814279014567589e-01
5.147228455167875971e-01
5.154501385517429313e-01
4.832149005844779133e-01
4.405619701479369654e-01
4.980829529785935628e-01
4.468589000515856835e-01
4.447309549531452966e-01
4.657762340423836633e-01
4.459892474338196244e-01
4.242640146202814044e-01
4.690031951457169779e-01
4.530693384565873116e-01
5.089349510228299289e-01
5.051266686359150437e-01
4.929142660604748372e-01
4.676969476497648270e-01
5.030112215555498922e-01
4.826832813225718222e-01
4.780161634477775867e-01
4.808445317234112948e-01
5.186585966593171282e-01
5.343507656175390252e-01
4.677481238249631690e-01
4.887925368025071160e-01
5.246740524133558514e-01
4.957899277984931241e-01
5.239725264198262789e-01
4.981516541511196161e-01
4.907285623325610135e-01
4.450705903745401093e-01
5.030518934329392122e-01
4.278575767289591880e-01
4.525581488695678556e-01
4.646138364859420666e-01
4.912640211987691630e-01
4.046564169142584655e-01
4.657939849625272744e-01
4.494995597417261735e-01
4.629515523136134569e-01
4.627139230711649343e-01
5.299017817231717054e-01
5.341733504353430861e-01
5.210183127189680352e-01
5.125018573723557624e-01
5.000912162997304122e-01
4.942151361475526916e-01
4.778034089317800270e-01
5.143114586154121648e-01
5.140560635625416319e-01
4.652789887084627929e-01
4.894364298360816545e-01
5.297900516731525178e-01
