4.866115604338923650e-01
4.385674717968341962e-01
4.516101328684658522e-01
4.436989255226368445e-01
4.532378515143301034e-01
4.864841268811730401e-01
4.559016300720963311e-01
4.227617943041468429e-01
3.960486119071092159e-01
4.407471876207179062e-01
4.615156974679476276e-01
4.584365736982561890e-01
4.689178005052703768e-01
4.392878158625231344e-01
4.957604195210142950e-01
5.001301786214342737e-01
4.840824877538308368e-01
4.693505149144678867e-01
4.781088119950866466e-01
4.673011845381177531e-01
4.479530467162194940e-01
4.367780333667091175e-01
4.716670697466840978e-01
4.757959976316838979e-01
4.470797446998443503e-01
4.648426281086311396e-01
4.806735940009201347e-01
4.765515570880002882e-01
4.302111764458967924e-01
4.657788245348062905e-01
5.079996015086348793e-01
4.431704990608112404e-01
4.245446682147093753e-01
4.302143323970117339e-01
4.324072197519117644e-01
4.491790713284290470e-01
4.600139541279585353e-01
4.539350998333346876e-01
4.971657894344817530e-01
4.592528109073578668e-01
5.052469321098993493e-01
4.403136810615423391e-01
4.884233324739541415e-01
4.828145978289307139e-01
4.503195042405768733e-01
4.632847392472503878e-01
4.771603017941533631e-01
4.512558574084290508e-01
4.485423725430683350e-01
4.539039229332203496e-01
4.432395252778712491e-01
3.990432898273948981e-01
4.470966515837503930e-01
4.691807843401026301e-01
5.028414852964070425e-01
4.776230652187027359e-01
5.178243640079619459e-01
4.467529953410336319e-01
4.554290085505960928e-01
4.323662372029651868e-01
4.656746775799519011e-01
4.409693665535640572e-01
4.530549874252450815e-01
4.400192214094927889e-01
4.604677622638559953e-01
4.286512401068683364e-01
4.174989581687568174e-01
4.254591016252523006e-01
4.508129195932732980e-01
4.720586371349551058e-01
4.340334828129306932e-01
4.414917938943460629e-01
4.407442707506409318e-01
4.502726425711001124e-01
4.538055832878132301e-01
4.187499586420203590e-01
4.599974166360281114e-01
4.422934962166885087e-01
4.320003110955159542e-01
4.523400634864593317e-01
3.997149786761422519e-01
4.073691459006955617e-01
4.248716640827152613e-01
3.971261759234658295e-01
4.560258227387992136e-01
4.660156409572054903e-01
4.350724161963087089e-01
4.506880256582566080e-01
4.403800163986003602e-01
4.893365577854275061e-01
4.924816032497560947e-01
4.593504670198296225e-01
4.524144436423465088e-01
4.052869115918565912e-01
4.562661680818230758e-01
4.004096162149562987e-01
4.154659433772267541e-01
3.863768080103595626e-01
4.040841620896427622e-01
4.591115884968567928e-01
4.754722418201006717e-01
4.412500496898678071e-01
4.887094054716508706e-01
4.799430420093521166e-01
4.654788803735576130e-01
4.382139195488270467e-01
4.624415344245554893e-01
4.252054018118613388e-01
4.468488915399965733e-01
4.077838965164917728e-01
4.986010785400554202e-01
4.440397398651276806e-01
4.665802172324715613e-01
4.685267585199984763e-01
4.569998920722886937e-01
4.827651705382777769e-01
4.732346110631732716e-01
4.551894446122676796e-01
4.702441594310984296e-01
4.604235565473940861e-01
4.721273861777262604e-01
4.730629561372823311e-01
4.857624811637681339e-01
4.532009991417755290e-01
4.504109308683174606e-01
4.529365925401029891e-01
5.235041772408963734e-01
4.271766780243919093e-01
4.446557949839070045e-01
4.281676482841554887e-01
4.599787309910967070e-01
4.488272212026763186e-01
5.040907738731209564e-01
4.986280397120963492e-01
4.751892172421582905e-01
4.736534881965696053e-01
4.389539915753274402e-01
4.509216286098437498e-01
4.870595703471845006e-01
4.973746711936627984e-01
4.635657423698728574e-01
4.757788929122477306e-01
4.743947922271430917e-01
4.574573982056741039e-01
4.538363193479087454e-01
4.549349879231741056e-01
4.574040119442992491e-01
4.363469226446010651e-01
4.484882527903186755e-01
4.594763355176852970e-01
4.729445442622029483e-01
4.801950677513633359e-01
4.390577991106992539e-01
4.669539933498206286e-01
4.254437559069836894e-01
4.241395261304821696e-01
4.322997098732642707e-01
4.085124708154493356e-01
4.421501046025084203e-01
4.773117019912641035e-01
4.921927505744491671e-01
4.962288314929772515e-01
4.480167047912373968e-01
4.417817723519818496e-01
4.523951996218021354e-01
4.660171060343044624e-01
4.565228216566610819e-01
4.858260842333885776e-01
4.561318874910486043e-01
4.434709994521248144e-01
4.420544408051653162e-01
4.257220725499659686e-01
4.198827962451733842e-01
4.265691644372844316e-01
3.974982721557786536e-01
4.378020766579583389e-01
4.245218965820821144e-01
4.593817196412288140e-01
4.434612173101045718e-01
4.130078947020580094e-01
4.546007518753106269e-01
4.481751767629531535e-01
4.667094777641460634e-01
4.890446850745602814e-01
4.726399695152441183e-01
4.425762333839008411e-01
4.613078214483903872e-01
4.494091314187746988e-01
4.312540507221272468e-01
4.449094275334442572e-01
4.614480819166025261e-01
4.609810178235694833e-01
4.591465331713370235e-01
3.854042606674621396e-01
4.320007332820859358e-01
3.881783123297906646e-01
4.333968312692340064e-01
4.248292378284019288e-01
4.734997019801953644e-01
4.559759933801285081e-01
4.224560590926501047e-01
4.865907660165934012e-01
4.288890466555822512e-01
4.066970836669948075e-01
4.356986630019808460e-01
4.491400742520145761e-01
4.315518625127990893e-01
4.348300619846444115e-01
4.688612728102443672e-01
4.466756212678890114e-01
4.631085269401966076e-01
4.980313326272425845e-01
4.706068577083278304e-01
4.499263894089824412e-01
4.305220618583855408e-01
4.836669354201488247e-01
4.381757584645847858e-01
4.584499507309103827e-01
4.574420516671966475e-01
4.742585584946657495e-01
4.513932155757227060e-01
4.524790109261671578e-01
4.358543591292933783e-01
4.322561007236397357e-01
4.719906156895799509e-01
4.506288850780937882e-01
4.341646351928888925e-01
4.288390114030929401e-01
4.810840596780922018e-01
4.737182043228467809e-01
4.869043758745431050e-01
4.905669987105300001e-01
4.727751262637007734e-01
4.312102312047711439e-01
4.512787962293675625e-01
4.673179425845082613e-01
4.679619097662394700e-01
4.734440815732359753e-01
4.303675666694706803e-01
4.375109994916455691e-01
4.708146699571666982e-01
4.445389815695415248e-01
4.257178397353396093e-01
4.958750129657975014e-01
4.690815308348316726e-01
4.841667565437720588e-01
4.591799124015224498e-01
4.724255439818479396e-01
4.629309847940360489e-01
4.101041701729340461e-01
4.896171433989947586e-01
4.356794678592328940e-01
4.535839843332281074e-01
3.978449523870705717e-01
4.689703260522198880e-01
4.416544858712250221e-01
4.509602003684194949e-01
4.273862459229516020e-01
4.731165917874011750e-01
4.856906790345297820e-01
4.521578613582029060e-01
4.519216690916678103e-01
4.443488861463004702e-01
4.304635649395023300e-01
4.783579103563270762e-01
4.266308682878500735e-01
4.339848317715931936e-01
4.361003642571293915e-01
4.656323882263955216e-01
4.288851399087080796e-01
4.189355218334163689e-01
4.497278150323366641e-01
4.009897189823907748e-01
4.164336010228535390e-01
4.236614022593364615e-01
4.611450535489221014e-01
4.535124027027121474e-01
5.068595848067447562e-01
4.709814822063488338e-01
4.724574736893439320e-01
4.489722941457375827e-01
4.652769415028924493e-01
4.488538277167092305e-01
4.330236292545455723e-01
4.251009530154880034e-01
4.517259596464384130e-01
4.962276276314302459e-01
4.405667000781814946e-01
4.397378418798145727e-01
4.864327569260373796e-01
4.156087805409253710e-01
4.748603291815027827e-01
4.336259084596547075e-01
4.364455329080535462e-01
4.031675470687344776e-01
4.389500542638770098e-01
3.965798320588714843e-01
4.022295688753747545e-01
4.417752797905293849e-01
4.007268114448484519e-01
4.271438124247145529e-01
4.581669263448747142e-01
4.583733698522832190e-01
4.749258929679100460e-01
4.370108208052072007e-01
4.662112408028641353e-01
4.300943666127463594e-01
4.349350687870816579e-01
4.710112010295933183e-01
4.730847808628716455e-01
4.355875999858361269e-01
4.421736960640585412e-01
4.270457476718216849e-01
4.511101669904190592e-01
4.297895255308712970e-01
4.158216511264967719e-01
4.139724933593317280e-01
4.511192393008411905e-01
4.787911869412905808e-01
4.193789094661791728e-01
3.750268015536691868e-01
4.295746033222181404e-01
4.296482088726235604e-01
4.489633306557417880e-01
4.910489206269288975e-01
4.527054801345636870e-01
5.050655280005417191e-01
4.274068731118051967e-01
4.257701442831512417e-01
4.032768401898123023e-01
4.620657163012883428e-01
4.371796645754056354e-01
4.617598938661349739e-01
4.681940631581952283e-01
4.364850725536052467e-01
4.506243147396505333e-01
4.542913685098925458e-01
4.255081105891190818e-01
4.431468993466965989e-01
4.205007566774676686e-01
4.221992545453253642e-01
4.378622084041303708e-01
4.509475047934331515e-01
4.634269168241595405e-01
4.106024550212967195e-01
4.495555753709454816e-01
4.955586107764059500e-01
4.754346616991955154e-01
4.599222272056635585e-01
4.269457596523925647e-01
4.569748970200310234e-01
4.466826891986307446e-01
4.320125114940699396e-01
4.521057278886195796e-01
3.901744313439449163e-01
3.679255638847822030e-01
4.080010391217754329e-01
4.020533415833145163e-01
4.591363163122867408e-01
4.711241894309463607e-01
4.480489950071891436e-01
4.407165324046934951e-01
3.916461668738194235e-01
4.524838557016647722e-01
4.469362159366820908e-01
4.406751425835233604e-01
4.410337566083720184e-01
4.716446336673821849e-01
4.683172801661980578e-01
4.393468519098051583e-01
4.339465452087205022e-01
4.658380705244126174e-01
4.670779977775459391e-01
4.794887385300484195e-01
4.811227627163492948e-01
4.539072280332154818e-01
4.888901373737583045e-01
4.349350841059942407e-01
4.605102080699098321e-01
4.359658743683339499e-01
5.001390256599815842e-01
4.504134863716252601e-01
4.639001474941867320e-01
4.285345439084033980e-01
4.549295201818995826e-01
4.225696047796890786e-01
4.402141566593681388e-01
4.542791679286679041e-01
4.465537636551508704e-01
4.829881915729672404e-01
4.977803710772301105e-01
4.622184667577619588e-01
4.287259371644751571e-01
4.497874333363581778e-01
4.570465771130417520e-01
4.449858600755899896e-01
4.643434298638167701e-01
3.967705471492714020e-01
4.299403900657469690e-01
3.920278856611156826e-01
4.469317768441831151e-01
4.487089272447958854e-01
4.590698979025822912e-01
4.372102150130609544e-01
3.935635362604993914e-01
4.379535106491507790e-01
4.434890819960217723e-01
4.403774195570180350e-01
4.191150682193837129e-01
4.674415946089796048e-01
4.546886558489853236e-01
4.593740330341948286e-01
4.333717611431260885e-01
4.603056127398827413e-01
4.718355788129903194e-01
4.962945514674778624e-01
4.223145449034393373e-01
4.498064331512638958e-01
4.567956659550785337e-01
4.519352242891014892e-01
4.337590994215003715e-01
4.462555005903014460e-01
4.285674098495332873e-01
4.332892277241550127e-01
4.064751757364576390e-01
4.053297632024324137e-01
4.700791429616569816e-01
4.060843403278968089e-01
4.255224327474391166e-01
4.638254827082295972e-01
4.105295304318043459e-01
4.281944218856177375e-01
3.776806177523380215e-01
3.884910909877161700e-01
4.321260873769814381e-01
4.154888801200986581e-01
4.350769384094583248e-01
4.441875034163372260e-01
4.581496038462139486e-01
4.456234988134868402e-01
4.224896021878130625e-01
4.469247330251430173e-01
4.413258553769282000e-01
4.483802037400480001e-01
4.626930285693226508e-01
4.905590582410342959e-01
4.287756639299706851e-01
4.863679970722564194e-01
4.445757108588608286e-01
4.430083939885336997e-01
5.179154935641154811e-01
4.506943784966987998e-01
4.312142094343701659e-01
4.921725124789704808e-01
4.693229926250113704e-01
4.008989964516941895e-01
4.481569739304643862e-01
4.032291281652353176e-01
4.029619773717503239e-01
4.190538265475474144e-01
4.536366311912938820e-01
4.254947835932931244e-01
4.550546106732585305e-01
4.804870162371216447e-01
4.148823814151329503e-01
3.840049401942263185e-01
3.924149115728574055e-01
4.803454869031512087e-01
3.814508734759408659e-01
4.464498228262216983e-01
4.408122075877861090e-01
4.373953233007736863e-01
4.319518990923572055e-01
4.308187022825265555e-01
3.976582328729866833e-01
4.139697457795226132e-01
4.607249546262933149e-01
4.487419639768269741e-01
4.739224743123744421e-01
4.653365135323325741e-01
4.528011777325518517e-01
4.110095476690831529e-01
4.459775552639471674e-01
4.321753344027780552e-01
4.105418898394270211e-01
4.238046960057696433e-01
4.192939841306685955e-01
4.495491910582889994e-01
4.351124049546891692e-01
4.124985636489072460e-01
4.512688324015346475e-01
4.445250454130256212e-01
4.189352309352308845e-01
3.965454098659406679e-01
4.141852958569089416e-01
4.068626364271323292e-01
4.482352843405462695e-01
4.195405149357510632e-01
3.647022660923828208e-01
4.286443059297900260e-01
4.195203319979700640e-01
4.555389316601902161e-01
4.294035934423163781e-01
4.790551807526918227e-01
4.570483214836758568e-01
4.919734488911089998e-01
4.154111267950590380e-01
4.467009350380777288e-01
4.309056013672331598e-01
4.138266570982162551e-01
4.719810545733201246e-01
4.374410670976254800e-01
4.838586411669332787e-01
4.824939285000306999e-01
4.599738310131986641e-01
4.328504560133414891e-01
4.393093505878931659e-01
4.487389592204364397e-01
4.592195736904663428e-01
4.422700255543847159e-01
4.481702622974303996e-01
4.369558476702175009e-01
4.221499185581278346e-01
4.467965147537722448e-01
4.522865517866477281e-01
4.314941758815684092e-01
4.055318949368201809e-01
3.844124394064137862e-01
4.288517617616825484e-01
5.185091561983519171e-01
4.533471082607539171e-01
4.592154753107464127e-01
4.655452282327410263e-01
4.394127726509399201e-01
4.795907503043777553e-01
4.782013034204774526e-01
4.986026938218149351e-01
4.423117198837236974e-01
4.928972353269793216e-01
4.308712442573879864e-01
4.059717668710404737e-01
4.380933039380163208e-01
4.693059836807689233e-01
3.507895106451461853e-01
4.359671958088514598e-01
4.126440958125577874e-01
4.328978267348464470e-01
4.098028860930015282e-01
4.235997437137179467e-01
4.123798488747032476e-01
4.620839659004675748e-01
4.800453481755286300e-01
4.672560568309102602e-01
4.815683125407433929e-01
4.621172239171975060e-01
4.443344149927227482e-01
4.407091322666339961e-01
4.559113185995304907e-01
4.309828007311756193e-01
4.563032948034240754e-01
4.746604201050860783e-01
4.585253990290158455e-01
4.665237236450726632e-01
5.050821106702834129e-01
4.592504644690482141e-01
4.340870876368548847e-01
4.381090846136029837e-01
4.371527182029995018e-01
4.524121204806841878e-01
4.594668727821243359e-01
4.587583699711401675e-01
4.910774837880256261e-01
4.477326478570280988e-01
4.703511499011647778e-01
4.566551012632837359e-01
5.094670235439168193e-01
4.283184946056957099e-01
4.474979325059412205e-01
4.610174113419997499e-01
4.639229099152587521e-01
4.225898174953201525e-01
4.546683085277076763e-01
4.215620468071276661e-01
4.812653513898414448e-01
3.977910829785813451e-01
4.687097901121334287e-01
4.539511886632379700e-01
4.340655748318856810e-01
3.984635119205456877e-01
4.448543403690154996e-01
4.615583271184385272e-01
4.408577481008635890e-01
4.679818929336956312e-01
4.808319712752613939e-01
4.170438021734086398e-01
4.249184290195522906e-01
4.155794136261472538e-01
4.412257848839864494e-01
4.516443508063434087e-01
4.728116827206721995e-01
4.265153760564399099e-01
4.975603946546680589e-01
4.425813937831947209e-01
4.387505385268328784e-01
4.500177747276146722e-01
4.413176282350727564e-01
4.613393434851214558e-01
4.217689091024327541e-01
4.519037074067100979e-01
4.445070627895364446e-01
4.143348010973367246e-01
4.726550531893414786e-01
4.560905673515208147e-01
4.420024902767892283e-01
4.246675729887737782e-01
4.419229076968794190e-01
4.419918144708372965e-01
4.342312632108033532e-01
4.688390770892164050e-01
4.497171245550189433e-01
4.667047823392218575e-01
4.687830250575215074e-01
4.034748396253827751e-01
4.433175262870679978e-01
4.185877790146021460e-01
4.396750068257975208e-01
4.573723514760229536e-01
4.450603672891677021e-01
4.124180941583889815e-01
4.414720818910669586e-01
4.461310925437263486e-01
4.409630066075275745e-01
4.802484742579704036e-01
4.214948297600859539e-01
4.932848937726800331e-01
4.432128445071903955e-01
4.381987785606784036e-01
4.572868158420758111e-01
3.985348187400216124e-01
4.370723635900465309e-01
4.308133527315879951e-01
4.297306066334816155e-01
4.433439140218137786e-01
4.559738201454553441e-01
4.106584509280559736e-01
4.739075022396488368e-01
4.762351165599487679e-01
4.236439508458032521e-01
4.479964638804942445e-01
4.371052789334494149e-01
4.489763009764358159e-01
4.210010029281285315e-01
4.687469605672783812e-01
4.420343603073866312e-01
4.118410949210320471e-01
3.999362755222141685e-01
4.161107262388027417e-01
4.780126057660085692e-01
4.577309435494087975e-01
4.214999953213923733e-01
4.880364695045062984e-01
4.331093110474490970e-01
4.564645424445320510e-01
4.496857751167648298e-01
4.743154326056542303e-01
4.866095678169729544e-01
4.634451467337107333e-01
4.851244020947286240e-01
4.585139451954594048e-01
4.844530333881552076e-01
4.942685602411459600e-01
4.369670868227032989e-01
5.090121524280044607e-01
4.798632058265377420e-01
4.059804317901178350e-01
4.176683484155037096e-01
4.357988140576472547e-01
4.718877165732598411e-01
4.659209759185708455e-01
4.480051865663928767e-01
4.723526087756682590e-01
4.556603280023834857e-01
4.940572277044095184e-01
4.453124593792356922e-01
4.189728770671591329e-01
4.789156106758682419e-01
4.546057980816531341e-01
4.612534181032568181e-01
4.702094133706873902e-01
4.655814839348122458e-01
4.999062923218133836e-01
4.593731924340026529e-01
4.595837876379760267e-01
4.612417404661524611e-01
4.524518514330307939e-01
4.643711672730435613e-01
4.273816351396166890e-01
3.986026967426139489e-01
4.578244470828860546e-01
4.565906842852614500e-01
4.371623603651592638e-01
4.585492090081564887e-01
4.394340881851996894e-01
4.580953732538041723e-01
4.641144489298751341e-01
4.343349448874764818e-01
4.448577796282233709e-01
4.448599970792642133e-01
4.818689669165870382e-01
4.728890149744821025e-01
4.965513267300800671e-01
5.030993185736796214e-01
4.488526891181646716e-01
4.684990815010747212e-01
4.808999887299524323e-01
4.375377734087044779e-01
4.786150328558751443e-01
4.423564011642199811e-01
4.625047357105295243e-01
4.517304875299559819e-01
4.332703703507053694e-01
4.353626642026182658e-01
4.150840118123657607e-01
4.366878606814107999e-01
4.481082776530864731e-01
4.543818023728096733e-01
4.789147407587792116e-01
4.655454657120001727e-01
4.728585223013129224e-01
4.418535322898829443e-01
4.565707335801255096e-01
4.592135676278119027e-01
4.284306808137577360e-01
4.382735563375384502e-01
4.560699760965158389e-01
4.193668038967792722e-01
4.456597669691746422e-01
4.436478761719693797e-01
4.820059516165705604e-01
5.099627314823688140e-01
4.559203673540015989e-01
4.893572167126847283e-01
4.480709986392089061e-01
4.337891593775716204e-01
4.211811732585540868e-01
4.848368647519278873e-01
4.633015335112063426e-01
4.607317496716689664e-01
4.102403022789063991e-01
4.459036749972825620e-01
4.978784048024303410e-01
4.275960665054645005e-01
4.307939935160338130e-01
4.128554245336463202e-01
4.681480338482215675e-01
4.427811481321614617e-01
4.094719909158009985e-01
4.218778222242273168e-01
4.195314889690344162e-01
4.914932005554882855e-01
4.672264283232625548e-01
4.491986547847245936e-01
4.702208253961335793e-01
4.359329383973289396e-01
4.072630514326093243e-01
4.481357891720197939e-01
4.752045531226413155e-01
4.624019972132518141e-01
4.504062060527949107e-01
4.595411720618278184e-01
4.116055861468992938e-01
4.404876111423670637e-01
4.213079350155937708e-01
4.011899638477891550e-01
4.776549128709369763e-01
4.112486624140565539e-01
4.590478852316557390e-01
4.403910703661063075e-01
4.683340219550108374e-01
4.709902181969351509e-01
4.902220345720733619e-01
4.629704522593202642e-01
4.511762091120778417e-01
4.615376328903561531e-01
4.711118676411550354e-01
4.700731245674981129e-01
5.007603003236588135e-01
4.183780942929072322e-01
4.400938700289449557e-01
4.364578402893353193e-01
4.321332693753663357e-01
4.676474804270056018e-01
4.726790909178161249e-01
4.724578527785032733e-01
4.827048373086907374e-01
4.939892693504489563e-01
4.451694106428343289e-01
4.676719820946465545e-01
4.493964614774418331e-01
4.579492309901272984e-01
5.026859297019957706e-01
4.759170953098522117e-01
4.141710068143376056e-01
4.395338868271849719e-01
4.431016002070387594e-01
4.612963923530258303e-01
4.399367878418668498e-01
4.455899643156793766e-01
4.492507755301676231e-01
4.148608310736004445e-01
4.177174008967989849e-01
4.088599153524782870e-01
3.809034027911726294e-01
4.024232573197016882e-01
4.583210958036759153e-01
4.078959901859697812e-01
4.393759703062518618e-01
4.639306547459903785e-01
4.697822253437475282e-01
4.203658715578701410e-01
4.023842677367864828e-01
4.221876147238032839e-01
4.277481304111256932e-01
4.466841368808462942e-01
4.216055733770269209e-01
3.960113211499142749e-01
4.675420229233560043e-01
4.545105079214009636e-01
4.948725355036393547e-01
4.814325097477922255e-01
4.536699058506090676e-01
4.417703282450116120e-01
4.889582930790090654e-01
4.647441477740412719e-01
4.850415688058916652e-01
4.649442757372713730e-01
4.676860091273427611e-01
4.425115785763917842e-01
4.511806302481600195e-01
4.424062951660148180e-01
4.331344676711806341e-01
4.210637536927857028e-01
4.918536703296333412e-01
4.290007050023947333e-01
4.890542772178337327e-01
4.775929817848118542e-01
4.676083553358957312e-01
4.472932085319726858e-01
4.315504143378390833e-01
4.750689806494019507e-01
4.881012676892805269e-01
4.433580391296976786e-01
4.165724199708024100e-01
4.370768212242170936e-01
4.319922867511172271e-01
4.869610777827919623e-01
4.586943059091820318e-01
4.858952648935463414e-01
4.391630804123886622e-01
4.149983210873835482e-01
4.456911768276279329e-01
4.137467609410128699e-01
4.466148541627079638e-01
4.850870029046732146e-01
4.382594849306146734e-01
4.770331059148412711e-01
4.538310227170848088e-01
4.698509860799388038e-01
4.656969575559485319e-01
4.516473838953781184e-01
4.683068912661207950e-01
4.364739715119139163e-01
4.696375228024039505e-01
4.290887256916005033e-01
4.772822228752018892e-01
5.200960524595529266e-01
4.615984012269601644e-01
4.759120959867766398e-01
4.789053251204995476e-01
4.531741902906729624e-01
4.802649917777289668e-01
4.898959839163448127e-01
4.339636696178908459e-01
4.548611813414759619e-01
4.598023478584357671e-01
4.300401372337236405e-01
4.615661884718779140e-01
5.094503493971732633e-01
4.526116420631243753e-01
4.290291219949304291e-01
4.579242523336456983e-01
4.387088859213358338e-01
4.489509654459972188e-01
4.542864705138798809e-01
4.396341880248930134e-01
4.830061839968415316e-01
4.619244676310903519e-01
4.578711865865620068e-01
4.585144511238425924e-01
5.066553544753330529e-01
4.580350836732769437e-01
4.657298140761630401e-01
4.714114537003295524e-01
4.598206711584459927e-01
5.000579732280484579e-01
4.646214322022707566e-01
4.371251480435238701e-01
4.536569884133115904e-01
4.937256373821350408e-01
5.278140683760514928e-01
4.787578786259846786e-01
4.512366611453542675e-01
4.804310352595998479e-01
4.430286559714339822e-01
4.778318405568631744e-01
4.644950352510047176e-01
4.429052046509161511e-01
4.506426159242222229e-01
4.280994810474814671e-01
4.312015841198183486e-01
4.025242661307585901e-01
4.134833634317242046e-01
4.316583645890021415e-01
4.737797376337844479e-01
4.594831347168101265e-01
4.485348330618509904e-01
5.049912608498102751e-01
5.020998354281562825e-01
4.983822980906016387e-01
4.101186216349216873e-01
4.645301228499995050e-01
4.248546608187475648e-01
4.672584107579460522e-01
4.341387209408412717e-01
4.069107237708404767e-01
4.576828473525452745e-01
4.451708016760958508e-01
5.159610290435443503e-01
4.576164321515724387e-01
4.445383468472925981e-01
4.183991118454040148e-01
4.468163245320470045e-01
4.467106452681881557e-01
5.051111623333636169e-01
4.639223770319818585e-01
4.450782128816754279e-01
4.158535513852331111e-01
4.552925865165829422e-01
4.673196082099313475e-01
4.717659291584325176e-01
5.062321562834302124e-01
4.593318553530438275e-01
4.480483618996221606e-01
4.435326533414261641e-01
4.740857744810991203e-01
4.527350037315897580e-01
4.666359956900055783e-01
4.208723705594605291e-01
4.924352518749179342e-01
4.728706696850094038e-01
4.495229930055902323e-01
4.618555239204244489e-01
4.630702358627991622e-01
4.412106598949869785e-01
4.619620878476561887e-01
4.273962933603812075e-01
4.821949752039601522e-01
4.638840389649447893e-01
5.155560805880819997e-01
4.814179374845001247e-01
4.943845967278819864e-01
4.669225450763705987e-01
4.881731378374098429e-01
4.876904361152526457e-01
4.546896611748290629e-01
4.587559773224446080e-01
4.855999365092763531e-01
4.690914948898687875e-01
4.309164125008020374e-01
4.282529886266465691e-01
4.541685732585987734e-01
4.044910679701429479e-01
4.634955140620790059e-01
4.817959541384943534e-01
4.294301030265705310e-01
4.535712680262858898e-01
4.277635980484416067e-01
4.263832072189365774e-01
4.479086162498908674e-01
4.432467240465654545e-01
3.858582853417341640e-01
4.591320533628458489e-01
4.570303521285922765e-01
4.686791368972132443e-01
4.427162858223287478e-01
4.635440394410779708e-01
4.581945295226050874e-01
4.142035606651694457e-01
4.396581791630756464e-01
4.676805361205740308e-01
4.156913100908193326e-01
4.274230718383985606e-01
4.117908725879790288e-01
4.794332002431006545e-01
4.027479556253839021e-01
4.372342386521513857e-01
4.002897540744132510e-01
4.063822620411015052e-01
4.543511765410521708e-01
4.567616964522509537e-01
4.282891183626048037e-01
4.279220617128239867e-01
4.118078154891660070e-01
4.576835232947001897e-01
4.122900374631690013e-01
4.534163308435921191e-01
4.187670655266221287e-01
4.579578002085477606e-01
4.561319538818727204e-01
4.856331278791167771e-01
4.595818276449941675e-01
4.436941202347534086e-01
4.386769760587097000e-01
4.843454286354370586e-01
4.679087281155462907e-01
4.695331234908665108e-01
4.318099177923718779e-01
4.435927516166852658e-01
4.903819535279753117e-01
4.521227139759220748e-01
4.510156581053721969e-01
4.024359518448583084e-01
4.774941766479706695e-01
4.539096408089898227e-01
4.467326982030530025e-01
4.661607281802154223e-01
4.965681253895041225e-01
4.937386772179805927e-01
4.503605808836384505e-01
4.822037751686135687e-01
4.554434358766769053e-01
4.391688323433674546e-01
4.598668552512882313e-01
4.519983751470192379e-01
4.310693696727370128e-01
4.499702193298610320e-01
4.428136674887837576e-01
4.499833477792676839e-01
4.660519682634555183e-01
4.556129076011641299e-01
4.793508116758932180e-01
4.645138470613128789e-01
4.476939836039117160e-01
4.591407224680230104e-01
4.749582596810962842e-01
4.503652267527848974e-01
4.631660343561901927e-01
4.422583781668941727e-01
4.486696408410564274e-01
4.706568503410903936e-01
4.918038741914362300e-01
4.183250906889671716e-01
4.482704666033374141e-01
4.469070101900577408e-01
4.272587647499139218e-01
4.437351893427174954e-01
4.733335950227591238e-01
4.367682845877053910e-01
4.572291820667976348e-01
4.386015876419295800e-01
4.595392440557696245e-01
4.592501008798864914e-01
4.491813029271812807e-01
4.470201417735456539e-01
4.196136452311456932e-01
3.965234123692285007e-01
4.467606298743444504e-01
4.677804318032712239e-01
4.268932880247422457e-01
4.082716792924758198e-01
4.480043081721667986e-01
4.338616780346279400e-01
4.679504401577831429e-01
4.086242573613775853e-01
4.320441699801793045e-01
4.584849159856199119e-01
4.154950189881690403e-01
4.722672616978162430e-01
4.646835123354169927e-01
4.371919692078810593e-01
4.371289238447791381e-01
4.632972933490799861e-01
4.859708488353741695e-01
4.604976310441900589e-01
4.608699909125207328e-01
4.877053044400003201e-01
4.691530200823910701e-01
4.897152061923872868e-01
4.874658340471810791e-01
4.407668462986502611e-01
4.779888592507516298e-01
4.560732964706407655e-01
4.664971722842419788e-01
4.957118095876674735e-01
4.696132158349828334e-01
4.913997769422522865e-01
4.842985664276716062e-01
4.478359693701998712e-01
4.821182815397465071e-01
4.606762241272820968e-01
4.532234035595055222e-01
4.668470048606342959e-01
4.489841743923221884e-01
4.439465084059763811e-01
4.838673951454063316e-01
4.357960470035192047e-01
4.129434589843402614e-01
4.552543666682005719e-01
4.004029852194136985e-01
4.649480578476226644e-01
4.322631241791460299e-01
4.145336515123591026e-01
4.470263782367931982e-01
4.039294055061726230e-01
4.152221174302336282e-01
4.632903762308255846e-01
4.125497317119874996e-01
3.848881025396537758e-01
4.515244143725692938e-01
4.581893428910391863e-01
4.569723019776121276e-01
4.303699743033867486e-01
4.408907599552346901e-01
4.558181527044492531e-01
4.369660946837318205e-01
4.474999659498479221e-01
4.381642891992900690e-01
3.804601690570822980e-01
4.225532973979478912e-01
4.341829442202689848e-01
4.349352677803580147e-01
4.488391957855154546e-01
4.876650601740740165e-01
4.549594122667730001e-01
4.351751376245991398e-01
4.302597711299271377e-01
4.297053587135211128e-01
4.511619830854111113e-01
4.572533451452727160e-01
4.378446183009313541e-01
4.409958068348878157e-01
4.404225097875136830e-01
4.041660511028342118e-01
4.673755954738135765e-01
4.222762134627411346e-01
4.176847252466286964e-01
4.299362830299305327e-01
4.406516337950545092e-01
4.397219205022565025e-01
4.419516402848600034e-01
4.129497487142624323e-01
4.541014568003043927e-01
4.457020048287230751e-01
3.938282746362506415e-01
5.132993239500330818e-01
4.049381339867723084e-01
4.080052661565749528e-01
4.554971405506036408e-01
4.137503501375638937e-01
4.346282384762305551e-01
3.921512065584499274e-01
4.761519788451890056e-01
4.398991812009218072e-01
3.892947886253100287e-01
3.953589462889267048e-01
4.425159059270125095e-01
4.212466930948076116e-01
4.678996674981645287e-01
4.524177781374592033e-01
4.230202501579516938e-01
4.569809061646574744e-01
4.184241811150893331e-01
4.408203773724314600e-01
4.403599437261430660e-01
4.364365094962531777e-01
4.212571190539078358e-01
4.288770347196590449e-01
4.199190613542834738e-01
4.775479151251717513e-01
4.686484081935264334e-01
4.727089895761241722e-01
4.554708926210112585e-01
4.772524296848123515e-01
4.606009034725562223e-01
4.759888332968607583e-01
4.431619847832001247e-01
4.730529210018922237e-01
4.668678579032045639e-01
4.586127261503322172e-01
4.499144897596751291e-01
4.154906939809430710e-01
4.619203073847674701e-01
4.378025801207138801e-01
4.554190152736085073e-01
4.730009143171636232e-01
4.728213594580898405e-01
4.837118103157092008e-01
4.791291025492742661e-01
4.211324471882260112e-01
4.518210742761670784e-01
4.581228105767162218e-01
4.795425992214826794e-01
4.362666348288920526e-01
4.741161532493723407e-01
4.741240755766252812e-01
4.920846043192787511e-01
4.827752571388342351e-01
4.776704437495232214e-01
4.911390031785515253e-01
4.440596287669899001e-01
4.312598565763092751e-01
4.789096738509443507e-01
4.863165602403519139e-01
4.371512386366367409e-01
4.307875069929958389e-01
4.684960296423482107e-01
4.765824066537722725e-01
4.593893776204024393e-01
4.865594082199018455e-01
4.145773342598610967e-01
4.662757255738654294e-01
4.027413752167269267e-01
4.220049402598868848e-01
4.438201707186838485e-01
4.430821365334659534e-01
4.555766517960299633e-01
4.610945387872579793e-01
4.232358684178679775e-01
4.808208200795179854e-01
4.695892830089388736e-01
4.457626154184966549e-01
4.644012346285639192e-01
4.632409045702770567e-01
4.383051457601832013e-01
4.489417485728028900e-01
4.948900631727669031e-01
4.579961015732242902e-01
4.357330455658958157e-01
4.180459786950594947e-01
4.802258408005642965e-01
4.866020884144733327e-01
4.751707460368653213e-01
4.400623692810174958e-01
4.456452186441993701e-01
4.326328752091042618e-01
4.879552218067715330e-01
4.664889311691011176e-01
4.663620938851085751e-01
4.462740048304120188e-01
4.835280449038308337e-01
4.580742340786992939e-01
4.661869358141704223e-01
4.626251357169034462e-01
5.032539821238193323e-01
4.670367365955747085e-01
4.423628813788674230e-01
4.517407137102216752e-01
4.398385662651859151e-01
4.824873243466827888e-01
4.118034747378085392e-01
4.834304558615182823e-01
4.230158812375494071e-01
4.607309954500641291e-01
4.195061017308421292e-01
4.191839889096244942e-01
4.484611719520105177e-01
4.555542680352355767e-01
4.144973700790078319e-01
4.473822786379802463e-01
4.658787440767395704e-01
4.759602030806069362e-01
4.199749991542108263e-01
4.187397344685960254e-01
4.139037355423139108e-01
4.484624213280100080e-01
4.665680676749513478e-01
4.878771134668715703e-01
4.592408810225200311e-01
4.477674491727913764e-01
4.708065241360395170e-01
4.495396544022435825e-01
4.666400829512069581e-01
4.552767358007480669e-01
4.419880722289978858e-01
4.571595561606500158e-01
4.587232999225472341e-01
4.335366930980412703e-01
4.397477457940969225e-01
4.412621498446119839e-01
4.538846005103620018e-01
4.396480914997977774e-01
4.470173059962109785e-01
4.475284278853059461e-01
4.544438019245092830e-01
4.551178007031324024e-01
4.090613671168508159e-01
4.495471776972348454e-01
4.685466201507598183e-01
4.740478464168147998e-01
4.493655747514591070e-01
4.956871446882613608e-01
4.543283777694103187e-01
4.591931033081049773e-01
4.042065642681014759e-01
4.654224556789098854e-01
4.571952649859980511e-01
4.451869989587213250e-01
4.618414634915296579e-01
4.541203395290340228e-01
4.262897188656629699e-01
4.397372564986304910e-01
4.304523066560725919e-01
4.132366955345925796e-01
4.176985105753005523e-01
4.243041029020366839e-01
4.315693314521016899e-01
3.993345072981196453e-01
4.035044334981404690e-01
4.420657239047567910e-01
4.341896230379402311e-01
4.330852545529785824e-01
4.591897865455619177e-01
4.165351059558968227e-01
4.702098199921733723e-01
4.597598339952594926e-01
4.734370932056713999e-01
4.284322717214654741e-01
4.747103435409875671e-01
4.379180052003925905e-01
4.704490180570334301e-01
4.667231646668431599e-01
4.686579057633614154e-01
4.232087276219100302e-01
4.477036621080247025e-01
4.670300657514449005e-01
3.736884299619877559e-01
4.160734785781531886e-01
4.117065718237130079e-01
4.896469941902443224e-01
4.462658842691307193e-01
4.414360403304707914e-01
4.240127844592343487e-01
4.445067272333353969e-01
4.668039010833422431e-01
4.314566821730263513e-01
4.694480693687024253e-01
4.629456720289522043e-01
4.606591600837549039e-01
4.723235062140834772e-01
4.387332399581197473e-01
4.298217897678425214e-01
4.586429026050243274e-01
4.589676263003433232e-01
4.483914424623319794e-01
4.348174157372747262e-01
5.180894190835426683e-01
4.961247340383923565e-01
4.714861320644406772e-01
4.924442384406786943e-01
4.848336874891696624e-01
4.900258263616470433e-01
4.715856340190766605e-01
4.816790519590992692e-01
4.464733900082236140e-01
4.474893670443386151e-01
4.106477656002657239e-01
4.098223539718848230e-01
3.948836802859124750e-01
4.074865587373578957e-01
4.251659649006248598e-01
3.990398627423709099e-01
4.678929673256227439e-01
4.476498046471945602e-01
4.103738350978701765e-01
4.627598270485108745e-01
4.627484464700757916e-01
4.681698006527860167e-01
4.539016413557650509e-01
4.432872276521127031e-01
4.383651898951322345e-01
4.823627982328579367e-01
4.673467049467025514e-01
5.073229252433058001e-01
4.640847962863396403e-01
4.874846299883641709e-01
4.208651602593904695e-01
4.695256072872729391e-01
5.115008815838343326e-01
4.016107392092939654e-01
4.498851734790250689e-01
4.238016079406275449e-01
4.745327048567591910e-01
4.497312194236067762e-01
4.545760691407016441e-01
5.086156857649285490e-01
4.457115811978776265e-01
4.489539169398992779e-01
4.252570609122309220e-01
4.984611915693394346e-01
4.738199489618279969e-01
4.539628747056428382e-01
4.510559954652130776e-01
4.301525942301961947e-01
3.985427066995558820e-01
4.173031646103084746e-01
3.932191714144077643e-01
4.267684950137832223e-01
4.148549002598342916e-01
4.105304234935153174e-01
4.312527665601020299e-01
4.807186155892513302e-01
4.088561266865897714e-01
4.163101094568926741e-01
3.990892495382089011e-01
4.808262145713758651e-01
4.054780651899289046e-01
4.631194755717801259e-01
4.835510794703941628e-01
4.620940749278478199e-01
4.777618590066688986e-01
4.285238328065962832e-01
4.837938455569468221e-01
4.307277600905533022e-01
4.178219346490486541e-01
3.893123632262245337e-01
4.247974174744125753e-01
4.043436730490173603e-01
4.739940880544299961e-01
4.360385331948730681e-01
4.532384075579845018e-01
4.507446802033633904e-01
4.365939969527006248e-01
4.281148840623519858e-01
4.716290732303531907e-01
3.974494637228292437e-01
4.321947890325913422e-01
4.645983421318566342e-01
4.071018551140064279e-01
4.210075678363095486e-01
4.442079196199109070e-01
4.359529837817037179e-01
4.930283732560746257e-01
4.791026711376586977e-01
4.168643976982246424e-01
4.579483675757093364e-01
4.781855895192153039e-01
4.304337951794468542e-01
4.886947312032660085e-01
4.622552233242998021e-01
4.303124822004515404e-01
4.711863186635661949e-01
4.367147111169951135e-01
4.750482480423231513e-01
4.817853015765088953e-01
4.425978739444564325e-01
4.368904913063457185e-01
4.465125447093387101e-01
4.544708995024013265e-01
4.774135305193799028e-01
4.361685199301169047e-01
4.495856359899259580e-01
4.350662029767177197e-01
4.660610144009031397e-01
4.426047267129619156e-01
4.904961176028377889e-01
4.807032076622965722e-01
4.629646838656537589e-01
4.709725583327785681e-01
4.681366011800721649e-01
4.610974085636663777e-01
4.362990996496740603e-01
4.904197981981157084e-01
3.852505432851249800e-01
4.341902017457130447e-01
4.744588172149339367e-01
4.501968963546005287e-01
4.643722793701300922e-01
4.343181350081080638e-01
4.756918100128228466e-01
4.307387572863604075e-01
4.107223219251262547e-01
4.340246200400223464e-01
4.535445416728338119e-01
4.480172770502248714e-01
4.306291653614837678e-01
4.559115425945396427e-01
4.340062209230292622e-01
4.622068971900190615e-01
4.490392646921276265e-01
4.973077005046744326e-01
4.461185791750515439e-01
4.434615904905283568e-01
4.648507028023632914e-01
4.560618476515360120e-01
4.601691961624737592e-01
4.236946423678685791e-01
4.071367127873015135e-01
3.877499291539055482e-01
3.628210182509914450e-01
4.280986688180237754e-01
4.521656921748733460e-01
4.132470576158378539e-01
4.411531895190546892e-01
4.722445619946291639e-01
4.362700868074779192e-01
4.695763841498543090e-01
4.138813999843888869e-01
4.193486134312071623e-01
3.908240336984978303e-01
4.593126150816949638e-01
4.055919592121725592e-01
4.283192435738110704e-01
3.877997471148936226e-01
4.700702288869946788e-01
4.450560588545305896e-01
4.751770867745042648e-01
4.539654097657364606e-01
4.370380373199757029e-01
4.226045465309216653e-01
5.079414868084496382e-01
4.669322856497809537e-01
4.488488042763262853e-01
4.545989528328540641e-01
4.193036311269663918e-01
4.532358333871272515e-01
4.306967215206379263e-01
4.296385713946284657e-01
4.512884290797638531e-01
4.033067626029405162e-01
4.431369015978610104e-01
4.855267760453684800e-01
4.566526268752488238e-01
4.756255673608681400e-01
4.595003051650660142e-01
4.474170438765159297e-01
4.428095976355034269e-01
4.447636953528157355e-01
4.415711146338656690e-01
4.606506389984788008e-01
5.030556638638536970e-01
4.200698606445552596e-01
4.670659741893017913e-01
4.720378028688993477e-01
4.930404873508271169e-01
4.835239213229416966e-01
4.573826352315415456e-01
4.118866531019071964e-01
4.202653959910005455e-01
4.064353521113614476e-01
4.379207602253284426e-01
4.091028858361723253e-01
4.235351080670347601e-01
4.517087761886032227e-01
4.534787754552154215e-01
4.596901135208954492e-01
4.696562216027412862e-01
4.259303324204395946e-01
4.860051107022579364e-01
4.988308590825894506e-01
4.488720113792426525e-01
4.482089398301375982e-01
4.741463265073058708e-01
4.784976148554905828e-01
4.431221171414052584e-01
4.310358516401293638e-01
4.318428583260804365e-01
4.167550078319158802e-01
4.281427673756630914e-01
4.800524893004641247e-01
4.745358561730554370e-01
4.905072890661227314e-01
4.449517832870051870e-01
4.544168279103877328e-01
4.349868925082576721e-01
4.559794252692868644e-01
4.393256132855155593e-01
4.603577902668227750e-01
4.590123327075243953e-01
4.221057272074160704e-01
4.719735255744859637e-01
4.301229800266513359e-01
4.921254329179958753e-01
4.447394439357045259e-01
4.757523035678500878e-01
4.366582689602611644e-01
4.892716932126516816e-01
4.926778394443327436e-01
4.701339844658669054e-01
4.842835262847356437e-01
5.248997274643474320e-01
4.769856649932083803e-01
4.257474040302178797e-01
4.954467209716724163e-01
4.413543143942554314e-01
4.631101603713657089e-01
4.649563932242849473e-01
4.574957721792108356e-01
4.265790091881345170e-01
4.918619649558632623e-01
4.667942454138919173e-01
4.708367438831697616e-01
4.361325689535782146e-01
4.257039820682669284e-01
4.580516527779639468e-01
4.918144151196470748e-01
4.529878716226029556e-01
4.681699802381085740e-01
4.729097197107800521e-01
4.357720137814511951e-01
4.844517024373214409e-01
4.823972634147542515e-01
4.688558093788777192e-01
4.599213215729212045e-01
4.854082612000765184e-01
4.597899906252891911e-01
4.331658431536542508e-01
4.189541690096396653e-01
4.427566080742419974e-01
4.847284093956188977e-01
4.827708615459868069e-01
4.449182816667712759e-01
4.439099364856931573e-01
4.461413266325966465e-01
4.366432524244341362e-01
4.588323992144900942e-01
3.987167210174066279e-01
4.620707827132715106e-01
4.687299402143462190e-01
4.744828716151545667e-01
4.806865339577785501e-01
4.810117335736152078e-01
4.777944108545899571e-01
4.934437516899817799e-01
4.656958116417562743e-01
4.806787981024864265e-01
4.742445732899960853e-01
4.650171104054667270e-01
4.961482715857826742e-01
4.629656917187712217e-01
4.498800477807112785e-01
4.671858939229837082e-01
4.177356934195031180e-01
4.556919407353055562e-01
4.637325154051428200e-01
4.491390755484915287e-01
4.536673595818518923e-01
4.997633706687493182e-01
4.387561771930128529e-01
4.725427947645303162e-01
4.509092455768817786e-01
4.646800857755328806e-01
4.421693172542516814e-01
4.615233381350867248e-01
4.363299459496157717e-01
4.425310712940402347e-01
4.492023191505926105e-01
4.519324144738577909e-01
4.756671856144260579e-01
4.221711207816618572e-01
4.719618531526978411e-01
4.701110234562847490e-01
4.581303551098254156e-01
3.649800087150583128e-01
4.219780648042261717e-01
4.299124439127025576e-01
4.400493616599697733e-01
4.453191160140161364e-01
3.944601455301257609e-01
4.527321787598335145e-01
4.210462896553256451e-01
4.252756958697080369e-01
3.676365186569731103e-01
3.967755964833769577e-01
4.025474958428927885e-01
4.101239631133139496e-01
4.288548105546992062e-01
4.673991250406844267e-01
4.336866752338023323e-01
4.116057673486645530e-01
3.985751048289681298e-01
3.953597693789500100e-01
4.240241131409543396e-01
4.040166794263934658e-01
4.195965410368518445e-01
4.522344947419211780e-01
4.415768876087250994e-01
3.859649383497787412e-01
4.355243053340113191e-01
4.412648792787825514e-01
4.508636604886975818e-01
4.616405770279036758e-01
4.727511959501829453e-01
4.422998122740419702e-01
4.352540016080155283e-01
4.347070753844454738e-01
4.250977741631952189e-01
4.389490099442783788e-01
4.385775928945613855e-01
4.254402509832954649e-01
4.415705198728079317e-01
4.702945716628694761e-01
4.572174706018223289e-01
4.235155733220983820e-01
4.598416528397832326e-01
4.578044753269345790e-01
4.130031746238702617e-01
4.256328084439606196e-01
4.758334973012569025e-01
4.470846888025963306e-01
4.333342077344183862e-01
4.448599628767767600e-01
4.981124228245527030e-01
4.631592138482789611e-01
4.516182985848157250e-01
4.772476283229230565e-01
4.438670981548529237e-01
4.795809557132973966e-01
4.317291228593646557e-01
5.056283640184161543e-01
4.376386143350809443e-01
4.182013354275598838e-01
4.653468974391957724e-01
4.247604940846839150e-01
4.551731403884152205e-01
4.245682090357517091e-01
4.387912802393859057e-01
4.187025387751160399e-01
4.227311333935609983e-01
4.309593202598482886e-01
4.375162563340495026e-01
4.540903294313259342e-01
4.409163215903614819e-01
4.474161132576112143e-01
4.290776079250264163e-01
4.126718593059411355e-01
4.519543717015508388e-01
4.588814400990994247e-01
4.292046556442807859e-01
4.651720569397109206e-01
3.446203650310585287e-01
4.355027165594579364e-01
4.363580954678175083e-01
4.571791175557033404e-01
4.168810195288723541e-01
4.389119211852275937e-01
4.920433477666832367e-01
4.145671669806471615e-01
4.246227829899566486e-01
4.559721301054745490e-01
4.641143157402989883e-01
4.932733170393774902e-01
4.462468017245594942e-01
4.741137784952472733e-01
4.690359507432390052e-01
4.750862694427326338e-01
4.643004918265954406e-01
4.715452628134462754e-01
4.759630423208000560e-01
4.629728241908478426e-01
4.616637219957364646e-01
4.865757873346626683e-01
4.389087546361482572e-01
3.969299312400773605e-01
4.703243091560188049e-01
4.580885563018134987e-01
4.586793500702788795e-01
4.467777563007849229e-01
3.897147483766604803e-01
4.461365213628956661e-01
4.171099469879206434e-01
4.472544841605360366e-01
4.847655261153623885e-01
4.491295693032408831e-01
4.220160726868622536e-01
4.818380267752820911e-01
4.896411439961624312e-01
4.356871603531980441e-01
4.933482157998072548e-01
4.975019443125084373e-01
4.826804584768435991e-01
4.667407050389867917e-01
4.674394522671495023e-01
4.796779119970334126e-01
4.587126258918410304e-01
4.323097438641269608e-01
4.290997555078566172e-01
4.075503840436226488e-01
4.505411131820992177e-01
4.485400405265890789e-01
4.371140979660688153e-01
4.306065410830228202e-01
4.685400798127627442e-01
4.646684917559331662e-01
4.726671227810066434e-01
4.642564187722257874e-01
4.550457704642744128e-01
4.595359781962011780e-01
4.428973196234518017e-01
4.456950430885717740e-01
4.425554036356389997e-01
4.352533221285622700e-01
4.636718088106279723e-01
4.523230071286001852e-01
4.411321011405707759e-01
4.540505871241614644e-01
4.172033288171029808e-01
4.527074313846993214e-01
4.271626549214471713e-01
4.087106971211474926e-01
4.414368158656181707e-01
4.577090202776178396e-01
4.822128170537828828e-01
4.598634828700487454e-01
4.603447500172328510e-01
4.463942871464894879e-01
4.243889833413491686e-01
4.594410406446112205e-01
4.373970928479684050e-01
4.445315127688501122e-01
4.646880084744142159e-01
4.231132189904425189e-01
4.293362268696106487e-01
4.023136737669514296e-01
3.796602163351481263e-01
4.974157977931080721e-01
4.539483478352259738e-01
4.410574965675892467e-01
4.613794337320448191e-01
4.608635684805603705e-01
4.411109059439896063e-01
4.184707124127818867e-01
4.647227279014359835e-01
4.232830372768340843e-01
4.835556476772862600e-01
4.311970367286256933e-01
4.252080112238302845e-01
4.645919582412584847e-01
4.387082224700966093e-01
4.757104362647767148e-01
4.145997171237731926e-01
4.406553235785932165e-01
4.318822037443336148e-01
4.394373079516492586e-01
4.701760840372153916e-01
4.365167716013191312e-01
4.342689859667884789e-01
4.379495155889809865e-01
4.824702058758001399e-01
4.538683424908753761e-01
4.775547697944626524e-01
4.633321425608887822e-01
4.131122923317748219e-01
4.591980166232838556e-01
4.167520375857658443e-01
4.494034472500230137e-01
4.355332717445203339e-01
4.545014550992177438e-01
4.785042144150796761e-01
4.526438043205266437e-01
4.517147002154977553e-01
4.398493175359128315e-01
4.428806499364110749e-01
4.633144912820854056e-01
4.437543598704929426e-01
4.704050355717548371e-01
4.871831373071504601e-01
4.540989416253676803e-01
4.311289532593188811e-01
4.220798338055308796e-01
4.355037860370309377e-01
4.391020436509165403e-01
4.938719793191881924e-01
4.478348485093703313e-01
4.617344886819520489e-01
4.670992676475163030e-01
4.710599612191316288e-01
4.368948794684259784e-01
4.453818453465117067e-01
4.891710375262485200e-01
4.547244854992291141e-01
4.667119277596013527e-01
4.561581944838341007e-01
4.211928829926698814e-01
4.339925877280134681e-01
3.988628596094835332e-01
4.533187252152256486e-01
4.508315324071651142e-01
4.304445454512217939e-01
4.398739009159530200e-01
4.378564510572130475e-01
4.719671869219543847e-01
4.452046640551462486e-01
4.500441686386625340e-01
4.484428590784708124e-01
4.784551128037166645e-01
4.370230381544785714e-01
4.610443385911651704e-01
4.799845186575111278e-01
4.364108961310222967e-01
4.523572191783249985e-01
4.998317860010045854e-01
4.621684104474891308e-01
4.691962043566620388e-01
4.431670677523582014e-01
4.699613559387987860e-01
4.892026906001346043e-01
4.580994032261503368e-01
4.618107965794509551e-01
4.413036792688834198e-01
4.357278187699870631e-01
4.537548528324435448e-01
4.335851875849531245e-01
4.067025548636583054e-01
4.435745428995819806e-01
4.538782420262071349e-01
4.649042674379034734e-01
4.487641689659476740e-01
4.572354686879602226e-01
4.136110458725179573e-01
5.149245746029843529e-01
5.011663293463356483e-01
4.588446590571422790e-01
4.554090625828932648e-01
4.305838682666887629e-01
4.925099694656813742e-01
4.199041045272821626e-01
4.208071819753725906e-01
4.597854864074930048e-01
4.621740993594987135e-01
4.598687947020345668e-01
4.552530827030323302e-01
4.543616136382332971e-01
4.384817881022323172e-01
4.709593960156586157e-01
4.433553152479127735e-01
4.491657990922572896e-01
5.003235302695919762e-01
4.269214536336341514e-01
4.052728047799943889e-01
4.648623739399309063e-01
4.290100791521950785e-01
4.231889992311681503e-01
4.182002356810219923e-01
4.791803318314274973e-01
4.435879189734951988e-01
4.390085113741665213e-01
4.259603757213457631e-01
4.556835902573375674e-01
3.986422876842801166e-01
4.826414001110312935e-01
4.585329660130894047e-01
4.377391634124062625e-01
3.993042594876716200e-01
4.352261936122657215e-01
4.443231045955913783e-01
4.744921365222377618e-01
4.414967979937646225e-01
4.413643668347160820e-01
3.890178471468649923e-01
4.100705771561281021e-01
4.461758559085134968e-01
4.524469954643844938e-01
4.299034757140426377e-01
4.109128313387181430e-01
4.369406912206115212e-01
4.165749197110819591e-01
3.963628462071331349e-01
4.256332706924606524e-01
4.315238249174118135e-01
4.437348749665739334e-01
4.434977177647966839e-01
4.023371728300701444e-01
4.491710576924402565e-01
4.595787905207839863e-01
4.034210928007586072e-01
3.898990963962924994e-01
4.209859846545665474e-01
4.025338948564788355e-01
4.629242649502960383e-01
3.819658882159919777e-01
4.161708088772065328e-01
4.450415590354374062e-01
3.849744937417911572e-01
4.392585714362486904e-01
4.236536887101099991e-01
4.413444499813575228e-01
4.609222066473557811e-01
4.479299963439910548e-01
4.230911898747461986e-01
4.562484912173064844e-01
4.507471283544263740e-01
4.514268887954036580e-01
4.846060389110766753e-01
4.697294016807115336e-01
4.889891399401966043e-01
4.960026099479909467e-01
4.561689221190277088e-01
4.598038386082488604e-01
4.617988521830438398e-01
4.676008331214958624e-01
4.574491811725490686e-01
4.843134478782524788e-01
4.294106263755191333e-01
4.897544999963021062e-01
4.760798680692162055e-01
4.327330885061796417e-01
4.091358825000205313e-01
4.164865297217847928e-01
4.690118103762935808e-01
4.453757452250621807e-01
4.374610804418403998e-01
4.523079517914813663e-01
4.700960708695771650e-01
4.550494806126434977e-01
5.052422539477403607e-01
4.215767137859839364e-01
3.925701580360941856e-01
4.559458694763645625e-01
4.358309643965990743e-01
4.619868927482237986e-01
4.762088450429243780e-01
4.450134921896913842e-01
4.645988233276761026e-01
4.509416524962187034e-01
4.767061565319275496e-01
4.535120065319865335e-01
3.905081971649925210e-01
3.875446814239221216e-01
4.236482571006352504e-01
4.316952729497758323e-01
4.276770332257034957e-01
4.229225742336236715e-01
4.309970874364693616e-01
4.545157735953705980e-01
4.582440583665103873e-01
4.341653990836317756e-01
4.792119626178564240e-01
4.682912385196515981e-01
4.941262296162837186e-01
4.664729002631466392e-01
4.712515762913147555e-01
4.384392109465530263e-01
4.843835864006678094e-01
4.565428952003048324e-01
4.268575210487517979e-01
4.436186427439953728e-01
4.667015055701297377e-01
4.570976413835902696e-01
4.741162239427490488e-01
4.581636763293489012e-01
4.514122283060922336e-01
5.020389958826917409e-01
4.754201472515723892e-01
4.841704124979290258e-01
4.751532403766145496e-01
4.888359470660585404e-01
4.371360622641098370e-01
4.560681246555907120e-01
4.538977196338622178e-01
4.900186288355187769e-01
4.564801958852478525e-01
4.515145419696296458e-01
4.515231238179803208e-01
4.602961426980515247e-01
4.627050442232813476e-01
4.553219349334257648e-01
4.281979910509330911e-01
4.150422090364739858e-01
4.077292891409564080e-01
4.241905936410461653e-01
3.988886601509165075e-01
4.255625247249836818e-01
4.473573871315652539e-01
4.629586853315925121e-01
4.220930757447690640e-01
4.432382555996554618e-01
4.594143346198997779e-01
4.231461338727666166e-01
4.530958119363550640e-01
4.734268692507255794e-01
4.555747199229888134e-01
4.770486803127339526e-01
3.959478937074473182e-01
5.037998032584823926e-01
4.114427379649774341e-01
4.483598574344043741e-01
4.758319567453789256e-01
4.415082230132404972e-01
4.026880277062536706e-01
4.041425227664323105e-01
4.385877154462991534e-01
4.598097199533933144e-01
4.402541647750236042e-01
4.496388469095348173e-01
4.407073488714602361e-01
4.212845926310433420e-01
4.539716959423649167e-01
4.501041945933000332e-01
4.552570789718673461e-01
4.883846874797950210e-01
4.977788021777693750e-01
4.979361021111669006e-01
4.551343896525820720e-01
5.118439112652094503e-01
4.765207349008426241e-01
4.936943891011768004e-01
4.393450189312676502e-01
4.665766995690905361e-01
4.623783273066304211e-01
4.339287025955084198e-01
4.671168697407733772e-01
4.332942312372113913e-01
4.385895702858504386e-01
4.876622774450125042e-01
4.726826745306569877e-01
4.723263371655656018e-01
4.177088428512457097e-01
4.115259291316958334e-01
4.513281413728729152e-01
4.471892247946690491e-01
4.631576569495119977e-01
4.450805929424941909e-01
4.755682968552123469e-01
4.202557847083248088e-01
4.169745763367134206e-01
4.347429789853671789e-01
4.221491661854092636e-01
4.814432717259017336e-01
4.779747676233112030e-01
4.513566773632586293e-01
4.914636812844412894e-01
4.817047648872889720e-01
4.877200758235881173e-01
4.795807721490400466e-01
4.906731289743819779e-01
4.651055792375445308e-01
4.719611133403985859e-01
4.669477999101849242e-01
4.362174359017006453e-01
4.577812079299963810e-01
4.677569908207310223e-01
4.458914851777744381e-01
4.709012459682315188e-01
4.619655630123034040e-01
4.431556983096510138e-01
4.221342524589831169e-01
3.947833622575711576e-01
4.807454133185133371e-01
4.645045195687936834e-01
4.505609539151784193e-01
4.496026843139540041e-01
4.605785931291973556e-01
3.965588592513565325e-01
4.517521106379000506e-01
4.837576170475609283e-01
4.679516623857248869e-01
4.462892647507440413e-01
4.325921711383830526e-01
4.650481070903015324e-01
4.889583756600315301e-01
4.873473257456121255e-01
4.393913338712565619e-01
4.928846760536184091e-01
4.436433212547269966e-01
4.433702451421154267e-01
4.429934690547323584e-01
4.476690127796690288e-01
4.732308093206233357e-01
4.054926658213615642e-01
4.662275623793294965e-01
4.638819431936042625e-01
4.612959587446948673e-01
4.653932231288951948e-01
4.776709857232568357e-01
4.364850938921738255e-01
4.287290388727175716e-01
4.746056646290280345e-01
4.050419595634385805e-01
4.596919403002974192e-01
4.646215329494384760e-01
4.162900504011186054e-01
4.310665594970450321e-01
4.461278123584351829e-01
4.868630399143745735e-01
4.741710872853329706e-01
4.561347495407689356e-01
4.632858708082390753e-01
4.626578500422487417e-01
4.521471699656810506e-01
4.730449988914898207e-01
5.227727463832569921e-01
4.861909257590323885e-01
4.726393867875564037e-01
4.781333902838029171e-01
4.845511127394399042e-01
4.710305515815049193e-01
4.537554417004017737e-01
4.598353382964125990e-01
4.404730826253702158e-01
4.325953408428940827e-01
4.685152954387765689e-01
4.472672661924849691e-01
4.340294867721443128e-01
4.797711263360059930e-01
4.163268899973830983e-01
4.531530473931675851e-01
4.273755533768529569e-01
4.854823524242292132e-01
4.516691986571402806e-01
4.551681068675841879e-01
4.846496718132625725e-01
4.759042816348290073e-01
4.567255940406856340e-01
4.359386649140028491e-01
4.437664580539717463e-01
4.913713935483220441e-01
4.451325380746418148e-01
4.618423521304791945e-01
4.577825308731748311e-01
4.524535173067088523e-01
4.488931354265133233e-01
5.082549352170194767e-01
5.044286056669854412e-01
5.006854551297479361e-01
5.330023048904891647e-01
4.692688365005332485e-01
4.261562368661577227e-01
4.616174026241581241e-01
4.819727741620375427e-01
4.224616090589113915e-01
4.660397616437990109e-01
4.408479124621495493e-01
4.403309704874082131e-01
4.178238433383272277e-01
4.738598771410595378e-01
4.633150202452973598e-01
5.003706822125754128e-01
4.765374000213017380e-01
4.570372317524133976e-01
4.897828612402644333e-01
4.787103494405057225e-01
4.309716948254823654e-01
4.330712864526912731e-01
4.355781478909341309e-01
4.470477945431179378e-01
4.455157588579725103e-01
4.387107121977090740e-01
4.828073383966464682e-01
4.565496346664482119e-01
4.322652699794757858e-01
4.164765224115859477e-01
4.620997953752278287e-01
4.710795836854317353e-01
4.638214702040895365e-01
4.604222873199599331e-01
4.423300010525625936e-01
4.237154239639454034e-01
4.419627777878240016e-01
4.726319532502512022e-01
4.591484305389351150e-01
4.463101777787352731e-01
4.246470835882260042e-01
4.465344615175463328e-01
4.880470805942148105e-01
4.246788806619709589e-01
4.565441762282241300e-01
4.245004984806767800e-01
4.698042840860363611e-01
4.207871284676029111e-01
4.647676232543438979e-01
4.470702957573255421e-01
4.513920458529052104e-01
4.613014715460752591e-01
4.702537267826131795e-01
4.687051497466391270e-01
4.776413533933034916e-01
4.275997976348291374e-01
4.528158000720834409e-01
4.625803602817307736e-01
4.405424592966148967e-01
4.552494979091720739e-01
4.603159124244413647e-01
4.378408907906568559e-01
4.512139040797891743e-01
4.566752442445463633e-01
4.632815885227125063e-01
5.324364104891727845e-01
4.981488314392983341e-01
3.986192936511593343e-01
4.448240233552945289e-01
4.878968356787393157e-01
5.172346973071044740e-01
4.959327557020996036e-01
4.912912104744377451e-01
4.465002196446328786e-01
4.341291121243576190e-01
4.304020024877778239e-01
4.435035716072197598e-01
4.276548841255738975e-01
4.422831933475999122e-01
4.927106105130081293e-01
4.902954462769402166e-01
4.986068683918397637e-01
4.530520980933714359e-01
4.804965599953111566e-01
4.660545695275211675e-01
4.634523659708391086e-01
4.619760031771620867e-01
4.895642574507533262e-01
4.693571873907337877e-01
4.764091728269712611e-01
4.895479378629420397e-01
4.367260410107971502e-01
4.092739294072041956e-01
4.387629095079926822e-01
4.290321025416752865e-01
4.117059247040414371e-01
4.387035300575999330e-01
4.780552129334093570e-01
4.469821340013550026e-01
4.731638552149515231e-01
4.923381684786118373e-01
4.618249593361796190e-01
4.751000710989135567e-01
4.685380249995094726e-01
4.522151246802524893e-01
4.597933293710925740e-01
4.912466097604558102e-01
4.790905354758872026e-01
4.433055810378317418e-01
4.390414247230647882e-01
4.390503173737287379e-01
4.591838925493504364e-01
5.031040268790132330e-01
4.620950896518888906e-01
4.618109690444670012e-01
4.614079451011403599e-01
5.051192203881875731e-01
4.837328226293790556e-01
5.309133537073067455e-01
4.751814927736141558e-01
4.825473812503848769e-01
4.649324550587499161e-01
4.538611487126850697e-01
4.605920467775608262e-01
5.042076599311379193e-01
4.599563122174862295e-01
4.620672236094895413e-01
4.326790925877299632e-01
4.849919444792687440e-01
4.170064902259717488e-01
4.687173191761541124e-01
4.616424988427328957e-01
4.408628868988797578e-01
4.196978706093619227e-01
4.546481075356596513e-01
4.256719508995877588e-01
4.584671421408152980e-01
4.430712735406614478e-01
4.558667036581856014e-01
4.745185365222767127e-01
3.989287677130725629e-01
4.855166173209072844e-01
4.908881764852806584e-01
4.595791863978181957e-01
4.878421991702742710e-01
4.264492830513350596e-01
4.362449010524794279e-01
4.441323771934954090e-01
4.697482708851763999e-01
4.481305461551371438e-01
4.861360119956513737e-01
4.615192653747383078e-01
4.551546287417866377e-01
4.502718971380335056e-01
4.259219390294520791e-01
4.300050676174640429e-01
4.702120133327876705e-01
4.382761506782761884e-01
4.296998150610905065e-01
4.565093777612591608e-01
4.489397250196249800e-01
3.958399681171763662e-01
3.678557103973479903e-01
4.357045606434640228e-01
4.352582188737385005e-01
3.661496755357348531e-01
4.373534640589723521e-01
4.521569411822644602e-01
4.662545236836556084e-01
4.207714812771909396e-01
3.873861448140999975e-01
4.638114042405855897e-01
4.429482005431373270e-01
4.098240747303428244e-01
4.340188323674109561e-01
4.446621775474274840e-01
4.236629327171143600e-01
4.688800828732983539e-01
4.395495279327946148e-01
4.573910248790853950e-01
4.452077893315437573e-01
4.384616891836822794e-01
4.054173902252088957e-01
4.481110126731825960e-01
4.470950196990565728e-01
4.827218921956573094e-01
4.464385646419313791e-01
4.646043116048494959e-01
4.345578344557006201e-01
4.907202347545349674e-01
5.037193454065999054e-01
3.814909782470966015e-01
3.937329008697879051e-01
3.715686888970151647e-01
4.585566448879940804e-01
4.012287692847721909e-01
3.766136053135172856e-01
4.300740142815436262e-01
4.265658539164066121e-01
4.063083941661018161e-01
4.234501610865950005e-01
4.087886485680105042e-01
3.781975887686525040e-01
3.988844091148479598e-01
4.453566679629744618e-01
3.712065017805553091e-01
4.519826041287834384e-01
4.065546013480401677e-01
4.578673080022338526e-01
3.940895308331194835e-01
4.323418976182680784e-01
4.279396606620652355e-01
4.276891080538889889e-01
4.652618833302468726e-01
4.573141167554643505e-01
4.092617482677100571e-01
4.618706351851155634e-01
4.597587815792967270e-01
4.612084443817536239e-01
4.421125570756260781e-01
3.776934223274541758e-01
4.155253079860108945e-01
4.082188337769416808e-01
4.133889577475741706e-01
5.089972425514592835e-01
4.647905995119260836e-01
4.420132376610828029e-01
4.432798347080748602e-01
4.470657811945414339e-01
4.880177111258223177e-01
4.252717195965532992e-01
5.367369667333922179e-01
4.824992607176508130e-01
4.641137416004363914e-01
4.092593935428920915e-01
4.544357788864131775e-01
4.510169505976723836e-01
4.391463787405891495e-01
4.611078373014129705e-01
4.643763005503652730e-01
4.795916408776826900e-01
4.811180095058623096e-01
4.644292616246122329e-01
4.711299242926547670e-01
4.626011170779447124e-01
4.582510606834745426e-01
3.933349264869435147e-01
4.243306703379651768e-01
4.159803454478484541e-01
4.708168187224665568e-01
4.134306090567746450e-01
4.371947107386301989e-01
4.515640966897657704e-01
4.198851319432472806e-01
4.273106098254323415e-01
4.429297926797316487e-01
4.485535873045926047e-01
4.409834072637858204e-01
4.430994003280323001e-01
4.619155679037205142e-01
4.900824329944059032e-01
4.310783262851867192e-01
4.435896884044426836e-01
4.731277838953116821e-01
4.550217917295631409e-01
4.549678045145550409e-01
4.216064628585402541e-01
4.524338114487638229e-01
4.663746916118970964e-01
4.580853756854204595e-01
4.378778483307684821e-01
4.477380523173145610e-01
4.128840836797694758e-01
4.244325506259983283e-01
4.498156816028644478e-01
4.378935586232949317e-01
4.420335836728899181e-01
4.435241204746513399e-01
4.365358106438835262e-01
4.374438792699539835e-01
4.166469249463204405e-01
4.574981381610039866e-01
4.432906328152403930e-01
4.201301550026695919e-01
4.170557925024733770e-01
4.341479306567763707e-01
4.469226567198490430e-01
4.551523853840625522e-01
4.446872742916481158e-01
3.935017110209238500e-01
4.658061767854965174e-01
4.680764689762445530e-01
4.605671326751197836e-01
4.524921423059846126e-01
4.639168621449636931e-01
4.409847243430169428e-01
4.644630481747912265e-01
4.377727382532010658e-01
4.220774773637672728e-01
4.339958158608331895e-01
3.700543095973841679e-01
4.324863855861025286e-01
4.833378631628770794e-01
5.036330316680112107e-01
4.251364130050813150e-01
4.808772690892256230e-01
4.656087768016797801e-01
4.840616616743119716e-01
4.861719554144690036e-01
4.409246620765240321e-01
4.761360815101855493e-01
4.391009621563042864e-01
4.690834153557623676e-01
4.665210269896475914e-01
4.600892028749184459e-01
4.276686719515639390e-01
4.897818787400801122e-01
4.731340332395024273e-01
4.301267011370019100e-01
4.530556084424537944e-01
4.229204293687367500e-01
4.440472251745742893e-01
4.781571004098547073e-01
4.518934824773601089e-01
4.481994493154271564e-01
4.185265890202636285e-01
4.352381398990018413e-01
4.326809865861906967e-01
4.480909969177752639e-01
4.565296822452878933e-01
4.827705351821864888e-01
4.669723231666402796e-01
4.458697682052109035e-01
4.116548805639066444e-01
4.499555946890459457e-01
4.716841257198106097e-01
4.435622125339090394e-01
4.535871583157863318e-01
4.652287570987101994e-01
4.409012668157222814e-01
4.593520384122098954e-01
4.435120179687096487e-01
4.336579893493417992e-01
4.571852708467994963e-01
4.467099586624313501e-01
3.911628174486038168e-01
4.438390872731568515e-01
3.958249905969986604e-01
4.557986127298798706e-01
4.828096755672691698e-01
3.976459094148941387e-01
4.919497225146208796e-01
4.258130469656326578e-01
4.039454041328336964e-01
4.602091521894697279e-01
4.298078396421566305e-01
4.739815120529562442e-01
4.028575571108023445e-01
4.297908398476749103e-01
4.429753130198726963e-01
4.730329709385665549e-01
4.500522711824349598e-01
4.877899184511003683e-01
4.487377460171248500e-01
4.607311826465519955e-01
4.537807597568759288e-01
4.484196780503986179e-01
4.266324322810316483e-01
4.465384520636718202e-01
4.154859510570540482e-01
4.428177544783624131e-01
3.883568580150683069e-01
4.147268876636517887e-01
4.252421337744041741e-01
4.738997785092847193e-01
4.941188616765282982e-01
4.177716261176929735e-01
4.262173532342861115e-01
4.344958271774218006e-01
4.454032766799490561e-01
4.374791223228592929e-01
4.619145319262898397e-01
4.388178778549893244e-01
4.632862558617570348e-01
4.665646261940741280e-01
4.759663134181264521e-01
4.659329096936781212e-01
4.494759437791433498e-01
4.607256457728395871e-01
4.349026828534958700e-01
4.372795439371408577e-01
4.509180344806635876e-01
4.183775268310306328e-01
4.170550011975693305e-01
3.195979185332065153e-01
4.431625515573004992e-01
4.059706748909931995e-01
4.229820431759077071e-01
4.979131685949669262e-01
4.153347052292688524e-01
4.546714613204945743e-01
4.811911828002924940e-01
4.701174934482081902e-01
4.582498939696822426e-01
4.317997515675983111e-01
4.521829629127638306e-01
4.525182577121421579e-01
5.060227279981734938e-01
5.153645192853404389e-01
5.049870954014190616e-01
5.013314227114531452e-01
4.682697711967159782e-01
4.398783149892742106e-01
4.379591722095939055e-01
4.673811098012075615e-01
4.328654777736561376e-01
4.802018428645554726e-01
4.403606853670463672e-01
4.305042887686075237e-01
4.475500401062408873e-01
4.474683297121181957e-01
4.735744737865654197e-01
4.682131692936061240e-01
4.704638006512263937e-01
4.399493519997365043e-01
4.636699746322373583e-01
4.687887614402544978e-01
4.417168065681006950e-01
4.809101396150361474e-01
4.802841653308722591e-01
4.783746367777522712e-01
4.759316786986435011e-01
4.208244099561097573e-01
4.465314853866527156e-01
4.706346899530887695e-01
4.639164525559993368e-01
4.801168607667068433e-01
4.501956565799032361e-01
4.488489160877831008e-01
3.824619143668545607e-01
4.482060594756975824e-01
4.633991159138987626e-01
4.541577645079546421e-01
4.659870832259256357e-01
4.375027298388614039e-01
4.022210728943063085e-01
4.458846896281855599e-01
4.278974067416142502e-01
4.564646253971598733e-01
4.381439438617519833e-01
4.378413392989505271e-01
4.264161004386027298e-01
4.310047788095883736e-01
4.104472015544077257e-01
4.852848049230746863e-01
4.274849246501235545e-01
4.459192461985526656e-01
4.819843607493043969e-01
4.341303118245766757e-01
4.194195672834489241e-01
4.880340712725466101e-01
4.286268439128566032e-01
4.767807076917148779e-01
4.471386738522002413e-01
4.646455026988165482e-01
4.074238623177074969e-01
4.062989867563676638e-01
4.075109569438565282e-01
4.196103489239472184e-01
4.191657512549196163e-01
4.560859345873198856e-01
4.605495706511477660e-01
3.906105763053607238e-01
4.483094617816968941e-01
4.604425332533579329e-01
4.590771158893159898e-01
4.652581186446652639e-01
4.475790922825697016e-01
4.624540617170777024e-01
4.539337863848442733e-01
4.610772593678317266e-01
4.162791733872309718e-01
4.453204034424160795e-01
4.530167872899696913e-01
4.489708998520607341e-01
4.446083779353227627e-01
4.439357382325995749e-01
4.344784346167088196e-01
4.491688856172694755e-01
4.855895312874224934e-01
4.065354693490546567e-01
4.354386273335794644e-01
4.059559328589758542e-01
4.502669868452153223e-01
4.316125555943334802e-01
4.364672271404425596e-01
4.776464417349379765e-01
4.872970798380274471e-01
4.595429453968529754e-01
4.336658652274926751e-01
4.136814875914800460e-01
4.400593586446400751e-01
4.936549111862190142e-01
4.106690399788237578e-01
4.409947575990611490e-01
4.442202286294045233e-01
4.692677423252294422e-01
4.245077764191068637e-01
5.143845417607455506e-01
4.608838092768701156e-01
4.877248288210259131e-01
4.845789918010485753e-01
4.701779139116351591e-01
4.571519899507007212e-01
4.658796778431434360e-01
4.664139926723469554e-01
4.805554414054246659e-01
4.629788815290628023e-01
4.752282187056051099e-01
4.210456619785421517e-01
4.386981120568567705e-01
4.097914637988114839e-01
4.108264230982309750e-01
4.508467470051163439e-01
4.252837412579766330e-01
3.745785740353650972e-01
4.536378718178000202e-01
4.346890600248410896e-01
4.417352614557479851e-01
4.333514500172972461e-01
4.242781795053363059e-01
3.967901462960636838e-01
4.544007643960812914e-01
4.411783217846246274e-01
4.569242532448163363e-01
4.415499763970166525e-01
4.471631973856886044e-01
4.479294368877058674e-01
3.827805024988560345e-01
4.436479194271353288e-01
3.941471038016133299e-01
4.075491938190263230e-01
3.918426884987434855e-01
4.161767301934330421e-01
3.671490635428560911e-01
4.333607110408430607e-01
4.675538033653858228e-01
4.310571457552453412e-01
4.413095826920755971e-01
4.789529087115262929e-01
4.925579313386264091e-01
4.683661631094798161e-01
4.394292755919810833e-01
4.369822693434095018e-01
4.782710032646455556e-01
4.456758115766565331e-01
4.261047381287892399e-01
4.960563486705473202e-01
4.583244960452946826e-01
4.405694346920721594e-01
5.222646562355959254e-01
4.521462571793438689e-01
4.593732094122297549e-01
4.593924454095085208e-01
4.097782031635968658e-01
4.403754221454736495e-01
4.560893655276949121e-01
4.156760522691489990e-01
4.770122993198007144e-01
4.051450010823294257e-01
4.641138493340203341e-01
4.375019468535862877e-01
4.480125743583969200e-01
4.974032722427567665e-01
5.057230960074409198e-01
4.636858631390642360e-01
4.903446939361966184e-01
4.639652340698536270e-01
4.704025686293084041e-01
4.976616800255158068e-01
4.700557668288123381e-01
4.724794249181636929e-01
4.702709644277354162e-01
4.762568868931928434e-01
4.776012060064488973e-01
4.292908368755883330e-01
4.532096443687424481e-01
4.453812331164850868e-01
4.687863581532371038e-01
4.151739828910279151e-01
3.956110813801627657e-01
4.917371733832748837e-01
4.884791834100549179e-01
4.563415345610388751e-01
4.485460716133334858e-01
4.381822576545695846e-01
4.156005372452823421e-01
4.416463707017869722e-01
3.961082648717850208e-01
4.417151711589996088e-01
4.273858658632317953e-01
4.300400234954207535e-01
4.202675714200424517e-01
4.083580150895995131e-01
4.507002780790094199e-01
4.150762079854519171e-01
3.984524575464193918e-01
3.838396489881738538e-01
4.360420394892132734e-01
4.558208950849793051e-01
4.083092562497145916e-01
4.409962225691762550e-01
4.066972274009766353e-01
4.364088789164642934e-01
4.191602644754822693e-01
4.265071658353430384e-01
4.037410032330681076e-01
4.304054491718647402e-01
4.436609041094170536e-01
4.242469923094058237e-01
4.435316604307412702e-01
4.845896255687006104e-01
4.389401165044634623e-01
4.666264312900917921e-01
4.434274314500915581e-01
4.099216892530310186e-01
4.733949847145153544e-01
4.480725900405742590e-01
4.550232104137116873e-01
4.635006288227913607e-01
4.765834680350717889e-01
4.524010017497543945e-01
4.361565293977975877e-01
4.297461005902788456e-01
4.659278700962357633e-01
4.517047229326848212e-01
4.617992208886489980e-01
4.456088063989921411e-01
4.120092405253982792e-01
4.760679036652502583e-01
4.299510737182550280e-01
3.839556103058070491e-01
4.226094499452739406e-01
3.990452430739021561e-01
4.554915972548205794e-01
4.584899408019627032e-01
4.816460633641266864e-01
4.222596556424630387e-01
4.508854575365834894e-01
4.177087386762119436e-01
4.523901941028886098e-01
4.689589355524255709e-01
4.526860708020786217e-01
4.150618000829788823e-01
4.145199503499020222e-01
4.296364025690515009e-01
4.487068729720883886e-01
4.531398845128705166e-01
4.541826563705826381e-01
4.920975833462695181e-01
5.044830540109727091e-01
4.864771585390973430e-01
4.477383635807137829e-01
4.814404848919202617e-01
4.782337439075436958e-01
4.557146266476140850e-01
4.212353202063212620e-01
4.097874792188950788e-01
4.111948234906783739e-01
4.257992194100421735e-01
4.244532401501405205e-01
4.667897776143637434e-01
4.699802980315572754e-01
4.392287914691706541e-01
4.429185730902722162e-01
4.366419821195315354e-01
3.906909819253314153e-01
4.161138712380082483e-01
4.734407896658089365e-01
4.759158147736487487e-01
5.058976164209572079e-01
4.494862239182418340e-01
4.674317216336671965e-01
4.531203480714711684e-01
4.750494567695098813e-01
4.442682457075110003e-01
4.640483081600086934e-01
4.541422504440679186e-01
4.488799628699838840e-01
4.620658785560803894e-01
4.817569579364532339e-01
4.478263432083304241e-01
4.961731585528265098e-01
4.683416975909447388e-01
4.457255471230159860e-01
4.763794872838589267e-01
4.532002979864356296e-01
4.358097302748940027e-01
4.399637794267934332e-01
4.132998659669748220e-01
3.945157079650355447e-01
4.451068960134397789e-01
4.523133791907066326e-01
4.242059184997041266e-01
4.853198602966186104e-01
4.535263720744191485e-01
4.009287336572543436e-01
4.816956156848414272e-01
4.463101880788483689e-01
4.664464105902260682e-01
4.414001035050690303e-01
4.475108609810938276e-01
4.617412987070507180e-01
4.343548722987514155e-01
4.286512395269230224e-01
4.429558709058661892e-01
4.763380509487374903e-01
4.716740162744070264e-01
4.223864280908915525e-01
4.613492915583015108e-01
4.604790677426742196e-01
4.822528814930487906e-01
4.466789523503145731e-01
3.994087045803833003e-01
4.778169123931322870e-01
4.667602293374062405e-01
5.047373978303659747e-01
4.684664382587742093e-01
4.781218777791123031e-01
4.875046217511850855e-01
4.509795219214519091e-01
4.783414657184330565e-01
4.794664222375716323e-01
4.776778499375866627e-01
4.422175338231914554e-01
4.302073413138079450e-01
4.373062893473962931e-01
4.787806468891989686e-01
4.922005285985014411e-01
4.648408330614217099e-01
4.950024259554436368e-01
4.618057993992704668e-01
5.176436883174767578e-01
4.409434198568841778e-01
4.450333046490629885e-01
4.556683253109399812e-01
4.538296746184266595e-01
4.563046700502202957e-01
4.639051762252314193e-01
4.496390703883316742e-01
4.282305100998791136e-01
4.952516018315171742e-01
4.563794684064278462e-01
4.379095493957416707e-01
4.752916559948645592e-01
4.416291987228246341e-01
4.164831646985875935e-01
4.952407069762064795e-01
4.126410175714759765e-01
4.281923104541414671e-01
3.920100898258849220e-01
4.141739898313867019e-01
3.810231807101946422e-01
4.425861733922058505e-01
3.997861975437420612e-01
4.490663245478665466e-01
4.218429014398144550e-01
4.869294792194560073e-01
5.129003647264636090e-01
4.372655535840007657e-01
4.491111342534890305e-01
4.529109199027537280e-01
4.403556558929297982e-01
4.304204554100192204e-01
5.111601698882124456e-01
4.770328273586725842e-01
4.471022352004434541e-01
4.874765006211112528e-01
4.724230098373072284e-01
4.588547743742681373e-01
4.687253856757845893e-01
4.578255704396455572e-01
4.315623114809290506e-01
4.351254886363442598e-01
4.799858896818683385e-01
4.805615331394084144e-01
4.384190393305937294e-01
4.556872485346481483e-01
4.561863338023500747e-01
4.729007700020196880e-01
4.608075913772028964e-01
4.467825584115510673e-01
4.579743789504164830e-01
4.679628992018316502e-01
5.113925824490057614e-01
4.474981360157634924e-01
4.518976422822790218e-01
4.266171561073997531e-01
4.408514668742688491e-01
4.325541838166229169e-01
5.000073766489753213e-01
4.826691118775910394e-01
4.786000285924617015e-01
4.719339405905731422e-01
4.685158356991748207e-01
4.308759543516028634e-01
4.644514651925345516e-01
4.522639979745076144e-01
4.529656008962315572e-01
4.458008385173602428e-01
4.291322695718538527e-01
4.369515285644932634e-01
4.073597676190429673e-01
3.865424110779931421e-01
4.408586833101900138e-01
4.438564404555375709e-01
4.462096242134395152e-01
4.267430496108401972e-01
4.236237019110454249e-01
4.775317051569014648e-01
4.805790387357391502e-01
4.514777786366219736e-01
4.523857402895922197e-01
4.238275811509616409e-01
4.396977735956185129e-01
4.509024324326292299e-01
4.778317911490085335e-01
4.659264866301884300e-01
4.435956442636722619e-01
4.191096693440480303e-01
4.427567333716994624e-01
4.741080910945676963e-01
4.603070036309021007e-01
4.076737395018011911e-01
4.566244708122169649e-01
4.523345536986019821e-01
4.558004562479051613e-01
3.683576179015816132e-01
3.993501180527979644e-01
4.573041919994904059e-01
4.247246950353016359e-01
4.160308259586538160e-01
3.615313820597977901e-01
4.175689148251811589e-01
4.768831272014784628e-01
4.568475775983721343e-01
4.002543589957562875e-01
4.347698000325119772e-01
5.129179254306589497e-01
4.394637564150641884e-01
4.332805206214554450e-01
4.661297712533570281e-01
4.497765114361036431e-01
4.596718382545336157e-01
4.105718536992173373e-01
4.832644493436709099e-01
4.007119343002349954e-01
4.578702464003958084e-01
4.496713485055690573e-01
4.590975438707556866e-01
4.687171961176627155e-01
4.592515209313851043e-01
4.815232127122860417e-01
4.756451629511847523e-01
4.507412267218443014e-01
4.392806163499125005e-01
4.413417261934199920e-01
4.955324522545034860e-01
4.400372050145334168e-01
4.400138496766068941e-01
4.482754837962832917e-01
4.954637360208671293e-01
4.442421817856662680e-01
4.507569876762651528e-01
4.237983295482783963e-01
4.610480368298711662e-01
4.705972932616300786e-01
4.488656602112735539e-01
4.365992622158313408e-01
4.157820591948332978e-01
4.251815092807144092e-01
4.501309395294886273e-01
4.447825713653250634e-01
4.672073720550802278e-01
4.405993360024598737e-01
4.551881422210146133e-01
4.250696949663679836e-01
4.790576650427752492e-01
4.406150482704804805e-01
4.582572878380291592e-01
4.586230184988444036e-01
5.028820687122762534e-01
4.781859655857965685e-01
4.759971573281492896e-01
4.673591646613440287e-01
4.348973386545653130e-01
4.574488106621831807e-01
4.388682734881184100e-01
4.535956413617177607e-01
4.617840200980831145e-01
4.468086371962804448e-01
4.342092779493795240e-01
4.082161388666791790e-01
4.608698698453144726e-01
4.675865436649507267e-01
4.825633957504034122e-01
4.306785780248233997e-01
4.295238535204431995e-01
4.394378030152218395e-01
4.464816500859513093e-01
4.976177487682551526e-01
4.755739125058324746e-01
4.726294717451124949e-01
4.766179413592283032e-01
4.648058368980914623e-01
4.640152420497508090e-01
4.718196108170853997e-01
4.175404171176241852e-01
4.238777929632928654e-01
4.831271839616169128e-01
4.678872392623653065e-01
4.735254362774107828e-01
4.239540394126098399e-01
5.006265771638480633e-01
5.142114179407990537e-01
4.713269754683193091e-01
4.824395485187334409e-01
4.227642492505447325e-01
4.690290842131187299e-01
4.754366983615729292e-01
4.884681419169923933e-01
4.606817213286716339e-01
4.543097334656017727e-01
4.283148564045318185e-01
4.405923575827104810e-01
4.151442709135508835e-01
4.434185624918118296e-01
4.532115249387067557e-01
4.602872169304981775e-01
4.370981826133885084e-01
4.865098807033331196e-01
4.082226130238004180e-01
4.754866033963610072e-01
4.401719436208809677e-01
4.648796460772060546e-01
4.546024249623512037e-01
4.606948076222991406e-01
4.213390347932802205e-01
4.111722020488346452e-01
4.487539543395410169e-01
4.245983500744343608e-01
4.876348087233254858e-01
4.573161219497233199e-01
4.432760205644749596e-01
4.426254931111587854e-01
4.374949403644379231e-01
4.436901754140471499e-01
4.221528603339439467e-01
4.309397524046251760e-01
4.556967296341626894e-01
4.166000187277157374e-01
4.726268182027579257e-01
4.062953019093974438e-01
3.467320162038430853e-01
4.367320765235558899e-01
4.377106831393185460e-01
4.647229947233221803e-01
4.385061691989458610e-01
4.492178405996789525e-01
4.256218850985271640e-01
4.718470393689577769e-01
4.795023825105159676e-01
4.644651766012163896e-01
4.666609773082704971e-01
4.116753051610449465e-01
4.585095564897034848e-01
4.941434058053202905e-01
4.506215366905040320e-01
4.480934197358462101e-01
4.386092961306883864e-01
4.485403772218695684e-01
4.528930386092614446e-01
4.867937421787094099e-01
4.459436293318613242e-01
4.570230936328621429e-01
4.986070742912651066e-01
4.808496401625090289e-01
4.521744941529369233e-01
5.023484776616284897e-01
5.004348078325447924e-01
4.817986242432703015e-01
4.180055785156096548e-01
4.873734918324946763e-01
4.637532148169954960e-01
4.664675920492046268e-01
4.782645581164877702e-01
4.742891872360516237e-01
4.463368279658930238e-01
4.544586783635583549e-01
4.580765856397927549e-01
4.243728316661747879e-01
4.412509947885976391e-01
4.678272465302587557e-01
5.173720077869063960e-01
3.853229885442900904e-01
4.209687412775343085e-01
4.318751593785583043e-01
4.564471005690510230e-01
4.496456989123642223e-01
4.664689711255932125e-01
4.540831617270388310e-01
4.445582996133585763e-01
4.329514376173124179e-01
4.545916653283919584e-01
4.784606143162500880e-01
4.967197465991585736e-01
4.650702030416163923e-01
4.665724034444640456e-01
4.747288319186128702e-01
4.714467978984043794e-01
4.696611569104276462e-01
4.639131075763293088e-01
4.609678900417672476e-01
4.802927241775874490e-01
4.566084095875947435e-01
4.624056192631572637e-01
4.856581758284729822e-01
4.678548233771393505e-01
4.430652770797995355e-01
4.543686053784967149e-01
4.723169118044975301e-01
4.691395084510234792e-01
4.087001901911876400e-01
3.994342781783213892e-01
4.496411948812942816e-01
4.313193729751382821e-01
4.402046650559228169e-01
4.070158235270557867e-01
4.246973541244320471e-01
4.361523652076876312e-01
4.410322909175476425e-01
4.428310193606072587e-01
4.617401421548232299e-01
4.615789415930132700e-01
4.512266502592758299e-01
4.623772290416812147e-01
4.894438531472463660e-01
4.529975434134598244e-01
4.622321703995817543e-01
4.703746567554065727e-01
4.840646032845103419e-01
4.656144731039849050e-01
4.232804697591949217e-01
4.323929011317708127e-01
4.967858474921424405e-01
4.947195736138531030e-01
4.629535312434005512e-01
4.480205669315157069e-01
4.835710894731645171e-01
4.780322754227185889e-01
3.972424559991988846e-01
4.646541975854865947e-01
4.476790538137361275e-01
4.428184236669165386e-01
4.221968988426949565e-01
4.203593234750797047e-01
4.468334056628563977e-01
4.353350667230531656e-01
4.474593514047229270e-01
4.257772935173622653e-01
4.242824572035336916e-01
4.100009960670588649e-01
4.660654481468707311e-01
4.497588213536352630e-01
4.478910692902308699e-01
4.201724650000493444e-01
4.365084717429804084e-01
4.725896603357306325e-01
4.286004191858644452e-01
4.702675137114400439e-01
4.645947159785959180e-01
4.918119351075594947e-01
4.599424776161108452e-01
4.717165240411666516e-01
4.823532265109379824e-01
4.757093879893364852e-01
5.018262416649560409e-01
4.780165084122979802e-01
4.674307163468737203e-01
4.571210385767190965e-01
4.768420988197898946e-01
4.980285596998225706e-01
4.585558667651207787e-01
5.015130722792309204e-01
5.060282806362444985e-01
5.006955231388856564e-01
4.451875765367837023e-01
4.362666655294567541e-01
4.908597884890340546e-01
4.637313635571895798e-01
4.731757941155697589e-01
4.777997846325005016e-01
4.671211154976829816e-01
4.464147452775227287e-01
4.973770489011544171e-01
4.659414893007029490e-01
4.534690910707029343e-01
4.451607464798996161e-01
4.452646963921479961e-01
4.473463805030911677e-01
4.542897201245565397e-01
4.468249217810173479e-01
4.342848478301923332e-01
4.261205834306318607e-01
4.401329701900811853e-01
4.784134732585955674e-01
4.245236610558961177e-01
4.206645306938203155e-01
4.237539620353661385e-01
4.681548929609339882e-01
4.097488863857603469e-01
4.301716646607547379e-01
4.572588589456922925e-01
4.143605701505426731e-01
4.169211411315268956e-01
5.089752784142879127e-01
4.705055344785459837e-01
4.208370388697876274e-01
4.183758144479541308e-01
4.578711089053186245e-01
4.637714621268590465e-01
5.079714329493637548e-01
4.626348088315235252e-01
4.710913165921485346e-01
4.941764709163166680e-01
5.018787510693403231e-01
4.702499423793214950e-01
4.385145843990591041e-01
4.425643744844357519e-01
3.947820149593990191e-01
4.069253172310575706e-01
4.197556179440087298e-01
4.443879570759553532e-01
4.073087715518545204e-01
3.938907519025812154e-01
3.819380773622542691e-01
3.371510062389878604e-01
3.654182266160353465e-01
4.313747524910588327e-01
4.211573415070057336e-01
3.951684048270320271e-01
3.794105653108810206e-01
4.228761826475563868e-01
4.460499308634213733e-01
4.452226582313096315e-01
5.014215705135547374e-01
4.606535939945586855e-01
4.556724665637610916e-01
4.493179641629841403e-01
4.745035025533814177e-01
4.378615167365514926e-01
4.352937253286575658e-01
4.487095304660921880e-01
4.570700195676459798e-01
4.417961449344917080e-01
4.468799578535637140e-01
4.774432630738235650e-01
4.927553535280569941e-01
4.375391701593725480e-01
4.801776786318904811e-01
4.326572324320830942e-01
4.316084860844598969e-01
4.467248459398903138e-01
4.551630108006275988e-01
4.435937859095857583e-01
4.168174923924089503e-01
4.336514280701765367e-01
4.478693004873702255e-01
4.513184127344894714e-01
3.949215248971196801e-01
4.591022342356762542e-01
4.472609030700257504e-01
4.906530200984529078e-01
4.359745679486160541e-01
4.922222979604314319e-01
4.834015992719385979e-01
4.335679555433863963e-01
4.329681749767568810e-01
4.566362322097191617e-01
4.537097076765189141e-01
5.006433469775937173e-01
3.933963062885913464e-01
4.570410021682518864e-01
4.129613416864377773e-01
4.036044522710256488e-01
3.990438175014114353e-01
4.164942074491322921e-01
4.422276105730192364e-01
4.324705578971872466e-01
4.282092788606430833e-01
4.611667128236796587e-01
5.181478002736034094e-01
3.925342227773333525e-01
4.495646743771624099e-01
4.365947955844862727e-01
4.616005674033394901e-01
4.390633339001456248e-01
4.705690988507710837e-01
4.428370875977061805e-01
4.406387934375748383e-01
4.297690344759191317e-01
4.633992907798767380e-01
4.852246414689634912e-01
4.484023184615561486e-01
4.273471990642284668e-01
4.587137666909194555e-01
4.704111405709075489e-01
4.764694893104198803e-01
4.465346048512475741e-01
4.617518171826168749e-01
4.605745088805671128e-01
4.544270191100543421e-01
4.638229568099887512e-01
4.089964737602479472e-01
4.076942415476737525e-01
4.298954514389982662e-01
4.234876464842826094e-01
4.499596996296442164e-01
4.548070623625424247e-01
4.312427209128022465e-01
4.531149062703940800e-01
4.710621018956941408e-01
4.985364908050346489e-01
4.635884319143265819e-01
4.563472652634717464e-01
4.642981946693330864e-01
4.840232170243130572e-01
4.689092093424681029e-01
4.904118971352410816e-01
4.661392727051278939e-01
5.176977600358636522e-01
4.196905672995537295e-01
4.662486953087555119e-01
4.254447241957788339e-01
3.867527818336171097e-01
4.289722681212131405e-01
4.456240416818193495e-01
4.947612479998276802e-01
4.913263497659685619e-01
4.548603843413633330e-01
4.200239983359335127e-01
4.417128390721506426e-01
4.341499389709580492e-01
4.566451492162741377e-01
4.520052095870866204e-01
4.681038566467780604e-01
4.421610680440016816e-01
4.170139343921993591e-01
4.392140104498514219e-01
4.335809339662854422e-01
4.621395328021595250e-01
4.762331947813487343e-01
4.576289866126995176e-01
4.927189187535779835e-01
4.509420780870137535e-01
4.803339219809451555e-01
4.826631923923754841e-01
4.679610705969975970e-01
4.709762248359058434e-01
4.665014781542564104e-01
4.523723302785443989e-01
4.713750335410624714e-01
4.422009064200139727e-01
4.293903957613758315e-01
4.541059742766108687e-01
4.026315130254857211e-01
4.294298359493063932e-01
4.597899572066404539e-01
4.268816044093847739e-01
4.442378324931004485e-01
4.266443578701020201e-01
4.003412033625868283e-01
4.750650095282444307e-01
4.768573968404363206e-01
4.569827356350885106e-01
4.499618987068000897e-01
4.327042368326066701e-01
4.718627578652315746e-01
4.458223442003951265e-01
4.841654832957095755e-01
5.169611354607248632e-01
4.534598580295701176e-01
4.928162115491941386e-01
4.740944690282542506e-01
4.808057077732370566e-01
4.642358368069007812e-01
4.592844105445550440e-01
4.223810964403901802e-01
4.549787051382774838e-01
4.721180290967811888e-01
4.361110506436595147e-01
4.298961727759768592e-01
4.459524828561255982e-01
4.659079001728112512e-01
4.640160155444052470e-01
4.767546345669011476e-01
4.317715406191020566e-01
4.528310927525615037e-01
4.522163328250229930e-01
4.923596955876011205e-01
4.379792639462399273e-01
4.483461164905626073e-01
4.225347777221078460e-01
4.424279267557515438e-01
4.650967440023140442e-01
4.517485917261698236e-01
4.763551333592498938e-01
4.650577759226005581e-01
4.996153514440447863e-01
4.503524621242837589e-01
4.392015498061981882e-01
4.924693877223477179e-01
4.665454436110187397e-01
4.355746969128662105e-01
4.410130621441426535e-01
4.332556230676375963e-01
4.229876683684304361e-01
4.468929690234089702e-01
4.322503974672998739e-01
4.591998848895572083e-01
4.759453635630218615e-01
4.574874679417588186e-01
5.066742005941414773e-01
4.673060660058563354e-01
4.864905810784564966e-01
4.677286651063390921e-01
4.948926761059271318e-01
4.469743702254549977e-01
4.777006218565295614e-01
4.418082192162516852e-01
4.740189506453457158e-01
4.450805086625896356e-01
4.482330287026752291e-01
4.330726161368256832e-01
4.491048029161232025e-01
4.792728806908629902e-01
4.755486697893164250e-01
4.384032052538349711e-01
4.586823052797681655e-01
4.529822490722745232e-01
4.029773759185222293e-01
4.385523608232353432e-01
4.355844558231212194e-01
4.203329639004869112e-01
4.008125388132511291e-01
4.293500907055175508e-01
4.480491155887822430e-01
4.189315889507488899e-01
4.068583352061425629e-01
3.540045209267643767e-01
4.262151098939617189e-01
4.575803414527808144e-01
4.659929600370560920e-01
4.504766638045427651e-01
4.591417674735699395e-01
4.566153551557020629e-01
4.164315708283594653e-01
4.233048298805690557e-01
4.880561322732794860e-01
4.529780358104669169e-01
4.631749871976513777e-01
4.988236811610453625e-01
4.626282293192898742e-01
4.699257466623791846e-01
4.541693290582655695e-01
4.485900224600057329e-01
4.192392915553120325e-01
3.876588668610908561e-01
4.355852929964884046e-01
4.152524901719216177e-01
4.939146202336093250e-01
4.652626678510735636e-01
4.185297768367505777e-01
4.739895121124254596e-01
4.465054655265000005e-01
4.300185434951126484e-01
4.504603163848055480e-01
4.487445197169479538e-01
4.715554644193575839e-01
4.720816670973989604e-01
4.579844511337187729e-01
4.526295233674639817e-01
4.012849166596353379e-01
4.003654184380197600e-01
3.738205177761061981e-01
4.425904736463139866e-01
4.296683416088027396e-01
4.144165619653320531e-01
3.992815342688338376e-01
4.558938374398526228e-01
4.254665019798657966e-01
4.862021371803280645e-01
3.890643494187748241e-01
4.435827634624469606e-01
4.305864113975835239e-01
4.521880045739117282e-01
4.129199742153402131e-01
4.528243543168574137e-01
4.363033054466222138e-01
4.210513827623747485e-01
4.452218617291131553e-01
3.984333180269697960e-01
4.442151413255104875e-01
4.502685460564143649e-01
3.909815562202305639e-01
4.104313402916558995e-01
3.950352919925846917e-01
4.290265598649898315e-01
4.505235157673050383e-01
4.330078230609759049e-01
4.388184288173891945e-01
4.025138718497885404e-01
4.566506116280690808e-01
4.621076497172076358e-01
4.752079121324025990e-01
4.483745911545483076e-01
4.446051191278162507e-01
4.638312671371893625e-01
4.615046306916241181e-01
4.524677066278667836e-01
4.265620650884650034e-01
4.696343249241321516e-01
3.996659696739599532e-01
4.740231458460263947e-01
4.738503225926206652e-01
4.249988830005957952e-01
4.624661905212075208e-01
4.430908156916172902e-01
4.529701083705478526e-01
4.765363347140759709e-01
4.605217107383022257e-01
4.382587728284964013e-01
4.886002823599718825e-01
4.604395320497182142e-01
4.297916357761996098e-01
4.523353668451089993e-01
4.669366635537869348e-01
4.692558094193227669e-01
4.249267915428782683e-01
4.458176187376604593e-01
4.735064562967906121e-01
4.680501904035963556e-01
4.549653155835879925e-01
4.453504193309389403e-01
4.417815734906789804e-01
4.362853434955535348e-01
4.380390317406502310e-01
4.524605306430206642e-01
4.025379825230579467e-01
5.028020652074232100e-01
4.583151154743341227e-01
4.891485280883703379e-01
4.325263316375254075e-01
4.687026445947535813e-01
4.716390509117117658e-01
4.910092870438646506e-01
5.286967224354158779e-01
4.569377909804582250e-01
4.684078655078158793e-01
4.524276198095553703e-01
4.593243205238527471e-01
4.614512527430554845e-01
4.591062431533068366e-01
4.472750275600904102e-01
4.675794476777883624e-01
4.376068676879057984e-01
4.635736056492737456e-01
4.395586726155111812e-01
4.502138892020541849e-01
4.401379226917742638e-01
4.319678380065689050e-01
4.824687919390184265e-01
4.522916647078192298e-01
4.371126176261059260e-01
4.732524277807530488e-01
5.126560527034840220e-01
4.420557729885541409e-01
4.018653117581066359e-01
4.492268135279063879e-01
4.397279671209393115e-01
4.882561613783999444e-01
4.361568090082772464e-01
4.434731975888179245e-01
4.388627510032618861e-01
4.654081626206972855e-01
4.624978085036148823e-01
4.725276915900210595e-01
4.154680333578009144e-01
4.520195259055163062e-01
4.704656946102783177e-01
4.390862857730646884e-01
4.411243022809535064e-01
4.443083845983341051e-01
4.685354092306953100e-01
3.957613345380766590e-01
4.282597192317710300e-01
4.388464544834677072e-01
3.737274961685194130e-01
4.469688465594734428e-01
4.365815620870300284e-01
4.392579755705361966e-01
4.769818063903574767e-01
4.892424067078843253e-01
4.917242580409300623e-01
4.468689049087345988e-01
5.043098667435405025e-01
5.121749147784858680e-01
4.405612729955389884e-01
4.682082283160624026e-01
4.400550034660173915e-01
4.721204059201535297e-01
4.456593210861054533e-01
4.884959677153472013e-01
4.699061745016195335e-01
4.313186661773195096e-01
4.385353636251751452e-01
4.358314085630627943e-01
4.454789822434924718e-01
4.569946713217208356e-01
4.121865161662163768e-01
4.176619899153994897e-01
4.220167769837062655e-01
4.363110749052007686e-01
4.679664467519730198e-01
4.950456788893508042e-01
4.755944430551064528e-01
4.618586399894799022e-01
4.608045704154895561e-01
4.519089069228247602e-01
4.220951481501916680e-01
4.616882854166737826e-01
4.318332045801920871e-01
4.314544720942886102e-01
4.216299404364885484e-01
4.612937662371225933e-01
4.438512385605773436e-01
4.984065663164094495e-01
4.857220046413122660e-01
4.444702612991652257e-01
4.714209920802640563e-01
4.771317757898206335e-01
4.303514494814127955e-01
4.475141905642519569e-01
4.851497973973979416e-01
4.698855191134107545e-01
4.736025009593686219e-01
4.061724615710184394e-01
4.329987068340260259e-01
4.306402511513139908e-01
4.613838993315051984e-01
4.307021547943127859e-01
4.467363390950747637e-01
4.579327706170499002e-01
4.236232354923560872e-01
4.052502029579436171e-01
4.631382381195051079e-01
4.547562918095481299e-01
4.682910130268237991e-01
4.722030104753132118e-01
4.231378739287963153e-01
4.297744617365936715e-01
4.747339797043382270e-01
4.396131417313316470e-01
4.436740877328231303e-01
4.080345217684063774e-01
4.090476100728026032e-01
4.198415599376995599e-01
4.861835343148224187e-01
4.036869830375990897e-01
4.615643061295023331e-01
4.190436196969036797e-01
3.921157678022555437e-01
4.798680244836527331e-01
4.320549827338084348e-01
4.410546522637662226e-01
4.317650602337892995e-01
4.484960620025369993e-01
4.522788947954504146e-01
4.677055606843878444e-01
4.478960009180933399e-01
5.166715862392493586e-01
4.836080426419809841e-01
4.893239919018368411e-01
4.664315581694579715e-01
4.093073504644337279e-01
4.681006632371029208e-01
4.714541748246356967e-01
4.829309810628161781e-01
5.115520070026929877e-01
4.853043372609125439e-01
4.464730096979051543e-01
4.447208977207560698e-01
4.895028326637418381e-01
4.456332985806887304e-01
4.917467634259879428e-01
4.873361370396281367e-01
4.049501704493781440e-01
4.910703006657620162e-01
3.907490467432627734e-01
4.158520537721084320e-01
4.341573281716292754e-01
4.604572034688124149e-01
4.564277654028151554e-01
4.595464594578085316e-01
4.833994969212502824e-01
4.284289743554673402e-01
3.776022954327293846e-01
4.021000323996345438e-01
4.241794725171796343e-01
4.372462954368290800e-01
4.047918990820212892e-01
4.159453096461759314e-01
4.285324378611010676e-01
3.656587520332895136e-01
4.253005589175364864e-01
4.408770641632837606e-01
4.532044486633971525e-01
4.299203555587715053e-01
4.190279296962448052e-01
4.652016557105526640e-01
4.493692032326457308e-01
4.095693197675249198e-01
4.656849172880009879e-01
3.952922487180287603e-01
4.590893343327276388e-01
3.926986931869600461e-01
4.690954832401768027e-01
4.276358747088354617e-01
4.254900584204965863e-01
4.537165661952343720e-01
4.601607303988190512e-01
4.722011261138962523e-01
4.567120691124004761e-01
4.444084333821826105e-01
4.479767569977503583e-01
4.879590042926691407e-01
4.375115573598174490e-01
4.618437608145566364e-01
4.689110968077387920e-01
4.114384955901428942e-01
4.365687343603589232e-01
4.460775157500977972e-01
3.988933679411444944e-01
4.634529660906552828e-01
4.809907954741316494e-01
4.861786137369061844e-01
4.231613805388211857e-01
4.499358450533731402e-01
3.784994545759204354e-01
4.242997405054929616e-01
4.090861276944541269e-01
3.650427780242738174e-01
3.738000067279664829e-01
4.125637469730497053e-01
4.579861186013689522e-01
3.976898840227255372e-01
4.037684301663043707e-01
3.791165669160626028e-01
4.374033548767009560e-01
3.960285039728644874e-01
4.305810792948568388e-01
4.374643302530478728e-01
4.293029721982868918e-01
4.093579509076546996e-01
3.923162062714826703e-01
4.686683085440840335e-01
4.623306234437570827e-01
4.492363520454229486e-01
4.170403475965112072e-01
4.036933885462537508e-01
4.128426913402343801e-01
4.316981417332699800e-01
4.182090748773519828e-01
4.628486799228404003e-01
4.566885139660451509e-01
4.569163692545424871e-01
4.906786215683275332e-01
4.811349423335184450e-01
4.446212808265792016e-01
4.748556648377576517e-01
4.481506791778658294e-01
4.607533389309706462e-01
4.758529758118608122e-01
4.323710433340254289e-01
4.805629442315870192e-01
4.595306619292265360e-01
4.660191300799125802e-01
4.798447766480725130e-01
4.511061244172465123e-01
3.820687258442354572e-01
4.645757635730216051e-01
4.144520860181937771e-01
4.388898234888329308e-01
4.905435142670525051e-01
4.540065591692669100e-01
4.329920074499510885e-01
4.311524161731382088e-01
4.584885902014851911e-01
4.704414628135021870e-01
4.418645448232326745e-01
4.270096675852684265e-01
4.499645403896253004e-01
4.658453546630647590e-01
4.724962015536498527e-01
4.470412217142870626e-01
4.647244707055260826e-01
4.484443102611625487e-01
4.374159285482984716e-01
5.085143200114743411e-01
4.461491638513224167e-01
4.101676077714050961e-01
4.464329039532370924e-01
4.315481404988875669e-01
3.882933106730234729e-01
4.047027973782678645e-01
4.838388247054941638e-01
4.470882712749091326e-01
4.670656935402637822e-01
5.235167558398327037e-01
4.572234300465483070e-01
4.339213591417532823e-01
4.890353483254835654e-01
4.678525703950250914e-01
4.308938133828390527e-01
4.407372406002540988e-01
4.363728808669387060e-01
4.389626767781796834e-01
4.699374843435940585e-01
4.771587087912755321e-01
4.805834287070703259e-01
4.662354721330262963e-01
4.562802623465617158e-01
4.844223595248589032e-01
4.686692606546845608e-01
4.934471887195735484e-01
4.337841930816314640e-01
4.366108098972831808e-01
4.574720537223908590e-01
4.454552795737249937e-01
4.623233303915629255e-01
4.657208460566586439e-01
4.582162859911404484e-01
4.477810073002341795e-01
4.655318177092466758e-01
4.557907311031283992e-01
4.455461336783146375e-01
4.413554483358618774e-01
5.138180075224827448e-01
4.567424015872564302e-01
4.199209149657491258e-01
4.905188728621725502e-01
4.724775943916663667e-01
4.679357849842190609e-01
4.380903862368565327e-01
4.169304363235205590e-01
4.363997897719572583e-01
4.544226041406732586e-01
4.587277863010075785e-01
4.253851140609948289e-01
4.764636208016769237e-01
4.668471485975199675e-01
4.291758256966903828e-01
4.298619156819014631e-01
4.454912933728713553e-01
4.624095615711418805e-01
4.948124104938029788e-01
4.409788868781676086e-01
4.563380720757954090e-01
4.165719831255365047e-01
4.066803510569727553e-01
4.102498861500010197e-01
4.582964311464097773e-01
4.524458539257500966e-01
4.552937276648212905e-01
4.432663390723249330e-01
4.644460125294920805e-01
4.687437762510430206e-01
4.984186825590682379e-01
4.797030691654829981e-01
4.259108976994911977e-01
4.709811718549377080e-01
4.726926716934916062e-01
4.841644466761947374e-01
4.400754149251563940e-01
4.652230680048408118e-01
4.638108840165475200e-01
4.585640838658789353e-01
4.783928678443188365e-01
4.793559620328533555e-01
4.212079739563318048e-01
4.227310859270896337e-01
4.609690345493847041e-01
4.512054253552926220e-01
4.104462479320920010e-01
4.570489954268474042e-01
4.504912867304973756e-01
4.339825506200556404e-01
4.472937497618738600e-01
4.315457443479644439e-01
4.455416249738937129e-01
4.055235511217893940e-01
4.190692016822687438e-01
4.741232306748413006e-01
4.528027288093883218e-01
4.530182063004271065e-01
4.452373213144710795e-01
4.527406072364211775e-01
4.648248180238419014e-01
5.006322517594041788e-01
4.236789592438383045e-01
4.401422432689012232e-01
4.188272248559984368e-01
3.930005311048775374e-01
4.342803914492803785e-01
4.246824232207694894e-01
4.054284015955017528e-01
4.127528843543217252e-01
3.973797884649263312e-01
4.096794660542143474e-01
4.169821561455887005e-01
3.908611382369500675e-01
3.784543671476593429e-01
4.341086593017447481e-01
4.104480066895559998e-01
4.652486214963809652e-01
4.649885816492009827e-01
3.919258297091089971e-01
4.560736474945545904e-01
4.250392785013244468e-01
4.498785675216778746e-01
3.990858179732904576e-01
3.899009390385070883e-01
4.437535383698829050e-01
4.570512320549667273e-01
4.653459813856601901e-01
3.940974500748026799e-01
4.231838733806244091e-01
4.402084255522573653e-01
4.276981377125618211e-01
4.359398277683320111e-01
4.047028482548225004e-01
4.566290657339815984e-01
4.644763843688701210e-01
4.273520670723230386e-01
4.640366615547426021e-01
4.015018338516116447e-01
4.068840647319785786e-01
4.129553022377442928e-01
4.279481011038292482e-01
4.569489171536142980e-01
4.615918986383100164e-01
4.576150741861339521e-01
4.936785613440382026e-01
4.585112254388723496e-01
4.435295068977191391e-01
4.544106193501495361e-01
4.705325639059944609e-01
4.405444760500478174e-01
4.222532411847009781e-01
4.260247909850981007e-01
4.284443738653914702e-01
4.576590727280656634e-01
4.574166002982518742e-01
4.601875994678365500e-01
4.534864070580494899e-01
4.314015157072673690e-01
4.340131483878899576e-01
5.454796068657624675e-01
4.416730154511371298e-01
4.754317639606298052e-01
4.192080372311710601e-01
4.532697646989507501e-01
4.634254226757831274e-01
4.319974378377998692e-01
4.782155401420698504e-01
4.566438016948238254e-01
4.597487892556229028e-01
4.607944586581926849e-01
4.250399035846489371e-01
4.385862004423864424e-01
4.298369883338272746e-01
4.504361473425268492e-01
5.090864716334938533e-01
4.871318353255040812e-01
4.992769814291807551e-01
4.888601062994555879e-01
4.192235133193172314e-01
4.360468869042672946e-01
4.406024113268866005e-01
4.245923088563429149e-01
4.894414290592442041e-01
4.479405434114031026e-01
4.579440653983742893e-01
5.127238421431544735e-01
4.473439161016896648e-01
4.237014730115818972e-01
3.981669259243381109e-01
4.177717472000703758e-01
4.562945131547799793e-01
4.317575905102232769e-01
4.379390095510609648e-01
4.376059340949257637e-01
4.391561125947731625e-01
4.512047441488591937e-01
4.288921342584239849e-01
4.208646362016140174e-01
4.116487589691153470e-01
4.376635564622602947e-01
4.163761492855261315e-01
4.235692400592227513e-01
4.313931695450057280e-01
4.191153067320980141e-01
4.225151116554942687e-01
4.543742079790506483e-01
3.885878166894924934e-01
3.926978985624152152e-01
4.472134866788490815e-01
4.562624745790194170e-01
4.122718197838915466e-01
4.375299567353144181e-01
4.342103984630404923e-01
3.918853602867529706e-01
4.236001091037956967e-01
4.411950930376768998e-01
4.634906403706733347e-01
4.742582286430570560e-01
4.689634264592258961e-01
4.355218850232675520e-01
4.774155413919144442e-01
4.808762316625461719e-01
4.981374345062420939e-01
4.619116171951989092e-01
4.546657711697160709e-01
4.821499451609689291e-01
4.771335944866225698e-01
5.102620860568808370e-01
4.667420754615923539e-01
4.897332426616607393e-01
4.212792365362281188e-01
4.378988031476644394e-01
4.628252886402938748e-01
4.784173042806829090e-01
4.508341952419910315e-01
4.290623658869632817e-01
4.567677730570293138e-01
4.159359395955742333e-01
4.844791196229248365e-01
4.138120892468740708e-01
4.630319426029840812e-01
4.275896006334183874e-01
4.268386173149297802e-01
4.942365962494316145e-01
4.580283675013130384e-01
4.745371612198744371e-01
4.588760251135345913e-01
4.932665235754079003e-01
4.716894218453254739e-01
4.952376806420774047e-01
4.686371345895133933e-01
4.163486448956598140e-01
4.195103307969479944e-01
4.014516130796033644e-01
4.634107975231031573e-01
4.519719097630841564e-01
4.664179514529536719e-01
3.978184601220177141e-01
4.407374306167023414e-01
4.535028748307474156e-01
4.654873967982806060e-01
4.154893795049664496e-01
3.975806346744456543e-01
4.174042733706002650e-01
4.144703949183147773e-01
4.480079332971546036e-01
4.067698004609922591e-01
4.354577264207428744e-01
4.624470394613272584e-01
4.778045757701415153e-01
4.610211761083604642e-01
4.960992599611779852e-01
4.716883523855978644e-01
4.888130651586091169e-01
4.497617906273754795e-01
4.763499024930776815e-01
4.301459871872778118e-01
4.233060718691311619e-01
4.476683717982051780e-01
4.566647736437213778e-01
4.071485404162455413e-01
4.130693991196232595e-01
4.550438410429218927e-01
4.758608062421459950e-01
4.323566128498033678e-01
4.338919877610631359e-01
3.976493941609249294e-01
4.492019270791660635e-01
4.388261782529592758e-01
4.292438011158850597e-01
4.730746025676086375e-01
4.594029501438453011e-01
4.286585708990965360e-01
4.822145749790537339e-01
4.601481060518575195e-01
4.966621422302055500e-01
4.834989744514561760e-01
4.448520822787161988e-01
4.209217582290193382e-01
4.362297359325128521e-01
4.459208486959410078e-01
4.872269774771687545e-01
4.529767616776494421e-01
4.618538383573661532e-01
4.411092384434749381e-01
4.812119344007408928e-01
4.821492706177961107e-01
4.752619576642694854e-01
4.487401881213019528e-01
4.950467197676747255e-01
4.502594399347380483e-01
4.594782661243399513e-01
4.909948377562828870e-01
4.493621976295585352e-01
4.611317647883821369e-01
4.433997716823681046e-01
4.419750656912575515e-01
5.049601260713302286e-01
4.993093598089678453e-01
4.657478538213980501e-01
4.488265652352572133e-01
4.340821349855887301e-01
4.595582420489450204e-01
3.901260925378460809e-01
4.654399092650013392e-01
4.382145174921974751e-01
3.879074956675215291e-01
4.752229917919377211e-01
4.720304740436993551e-01
4.602568694861257081e-01
4.179484036711044737e-01
4.745977142530941606e-01
5.180954057760277509e-01
4.692715278583280414e-01
4.702009371348125910e-01
4.312489951436236923e-01
4.307665966801174640e-01
4.546186269989392348e-01
4.171282380673251300e-01
3.839256999594188868e-01
4.465913553074884468e-01
4.846827733112286096e-01
4.369928245783586407e-01
4.944115626323072332e-01
4.228568741009137710e-01
4.612735781078624031e-01
4.510998612942615504e-01
4.911685885306842358e-01
4.418589565575118394e-01
4.657871097820702744e-01
4.225717118537316574e-01
4.730019328850272320e-01
4.519925964298880383e-01
4.158639967422954609e-01
4.130240536877027302e-01
3.895243799229770598e-01
4.569754861886533015e-01
4.991269036563741324e-01
4.273826616518681121e-01
4.860889719350890981e-01
4.439920273702546716e-01
4.519212427417698130e-01
4.657454639653461070e-01
4.625218564959904244e-01
4.735697732234410151e-01
4.843892559527279706e-01
4.517644654671579829e-01
4.698928451866432598e-01
4.834489826452845751e-01
4.629292347358382465e-01
4.635104626703561159e-01
4.467205752672591679e-01
4.751866939078731589e-01
4.429651246772125517e-01
4.569495680193773612e-01
4.232393225757145605e-01
4.259157376426726538e-01
4.001227236082638972e-01
4.556911977622746801e-01
4.561270945160628143e-01
4.365694141908658121e-01
4.649590994466480942e-01
4.504906454962223639e-01
4.875246991667036012e-01
4.499801704528958446e-01
4.420673193983593596e-01
4.641498062668469315e-01
4.450687061509050468e-01
4.358475273144087336e-01
4.868671342241918665e-01
3.955470353147965135e-01
4.319517207455581542e-01
4.725261752318717923e-01
4.466331487772032816e-01
4.060415527803431512e-01
4.400888627487754556e-01
4.633465333774859918e-01
4.545792149214432643e-01
4.207602266428066007e-01
4.550852070865251675e-01
4.146819682129960216e-01
4.445507442064349779e-01
4.230168822663344375e-01
4.571962363895840653e-01
4.325499903790679945e-01
4.191735019355338210e-01
4.556414093415504518e-01
4.320743143217206650e-01
4.640571344140323462e-01
4.733637568946746921e-01
4.982855349061520722e-01
4.008022904601625247e-01
4.389033642673771385e-01
4.544783734215742110e-01
4.804538043537018299e-01
4.255085905691599057e-01
4.399959952084014914e-01
4.293164426798914968e-01
4.363003013629991322e-01
4.745231988648268007e-01
4.270413287573214811e-01
4.305293187872585303e-01
4.590851013954114213e-01
4.489537031441969694e-01
4.266139502535415406e-01
4.440515128712949622e-01
4.572838284091090832e-01
4.348555874654153053e-01
4.295678363916469733e-01
4.217438776354608954e-01
4.504121489978300530e-01
4.289029218704957791e-01
4.157470144572505411e-01
4.414732539094184949e-01
4.282033181242435038e-01
3.886106324984870408e-01
4.375380807557608942e-01
4.073839722461121138e-01
4.501336034984074197e-01
4.384211434913896088e-01
4.212690453045245254e-01
4.744182940067371290e-01
4.255614925273049076e-01
4.208399759815224517e-01
4.474500202529346216e-01
4.283248174696421828e-01
4.701382858025408007e-01
4.267578673334109784e-01
4.237120370800723790e-01
4.913930980032291673e-01
4.260193300356672208e-01
4.483879859276834745e-01
4.209369933401984065e-01
4.462724925060759795e-01
4.647346620615167012e-01
4.618769996984856685e-01
4.955694841466694034e-01
4.465890038883678081e-01
4.974580779447148049e-01
4.620435574593907413e-01
4.499824467441611575e-01
4.651005524937710245e-01
4.468822089622112581e-01
4.618333984833036809e-01
4.673096250717032052e-01
4.430677623670280507e-01
4.495904216030741640e-01
4.986452355851733187e-01
4.530575478247597099e-01
5.115619932568346018e-01
4.892423394783890211e-01
4.494574156930372100e-01
4.301971963140051591e-01
4.628176748210939828e-01
4.089070622765316187e-01
4.121771910573028830e-01
4.516491095956938762e-01
3.970968695963613126e-01
4.447381772356996388e-01
4.560276636161330610e-01
4.431628942816323025e-01
4.114068686312247758e-01
4.695474522553376162e-01
3.943019411498792093e-01
4.467803116583395906e-01
4.736139350490592981e-01
4.544091256522956868e-01
4.707497278105654548e-01
4.644259349622674171e-01
4.797845163674947511e-01
4.471397251295993747e-01
4.608612685789882923e-01
4.101284811572398770e-01
4.431375900593409467e-01
4.458537210759967451e-01
4.774686284306082218e-01
4.494388471696606491e-01
4.620077923209848225e-01
4.120297238748808488e-01
4.633828692837143604e-01
4.336002323913212830e-01
4.628539884234885715e-01
4.647494111013453222e-01
4.706845497699549408e-01
4.723538180242091711e-01
4.384724032368873536e-01
4.539236434460527381e-01
4.228200609273540245e-01
4.423011986880901469e-01
4.185230540998381987e-01
4.525282330263792896e-01
4.703804728449695327e-01
4.967166662348552197e-01
4.912271639947769497e-01
4.687948423685587840e-01
4.184854247429849461e-01
4.183931215433688844e-01
4.126836509362794558e-01
4.701877554140075910e-01
4.169595143711005703e-01
4.106033833858578341e-01
4.206895164990552272e-01
4.028851756077252988e-01
4.669893193399922149e-01
4.389732524509358802e-01
4.595502973528578505e-01
4.343939729140146033e-01
4.689634041981124435e-01
4.708284198382962638e-01
4.172829835558748979e-01
4.786671487639768685e-01
4.821945483544921585e-01
4.880855594726589142e-01
4.445493773462903531e-01
4.150856989367701089e-01
4.500637102052649774e-01
4.721152597219652747e-01
4.613593139578889835e-01
4.813260705065867673e-01
4.323257253818972301e-01
4.818354743578862620e-01
4.275929202028512788e-01
4.858610936958320248e-01
4.774785218085495497e-01
4.811784885480385743e-01
4.508118381436282407e-01
5.118352665075287522e-01
4.384535888757992161e-01
4.703519983277001382e-01
4.256145077842917179e-01
4.297636338807059309e-01
4.310642974998151189e-01
4.630484981253555898e-01
4.701448663326536215e-01
4.546981639357325355e-01
4.566740230272463008e-01
4.401357100216150564e-01
4.442396075616010243e-01
4.234793554312183406e-01
4.746100857356497227e-01
4.746232448818517580e-01
4.914328678426340136e-01
4.832770118526729108e-01
4.533598224807232069e-01
4.873932631493779200e-01
4.843013464566222059e-01
4.602693457503684860e-01
4.922802576090714588e-01
4.776705246943779293e-01
4.408946897275455856e-01
4.953132139944476653e-01
4.889792892273657765e-01
4.664303180690433925e-01
4.743315559294964956e-01
4.501560633777648701e-01
4.790218091763407959e-01
4.700945251316706042e-01
4.626543434679057931e-01
4.413410316721179116e-01
4.911154599735180204e-01
4.593164182237707283e-01
4.474823135159143872e-01
4.740960206070691241e-01
4.427558325568110575e-01
4.489262774927602062e-01
4.514626289068560117e-01
3.913741043213240789e-01
4.630203583142458723e-01
4.692888844990075747e-01
4.815631375511331691e-01
4.822009154426594169e-01
4.987668009938258651e-01
4.867505845978358225e-01
4.596158163220559478e-01
4.259857786442033944e-01
4.894058447275871360e-01
4.387376470034421438e-01
4.469261000557421259e-01
4.456134649058579589e-01
4.575586128855136936e-01
4.633391377141818368e-01
4.534858789920706568e-01
4.372015778456509461e-01
4.638035776879619321e-01
5.128209103606330421e-01
4.339982856213311924e-01
4.745035043857466772e-01
4.397005520119023347e-01
4.012353811424231309e-01
4.512406822803274320e-01
4.611250420112478765e-01
4.285988144733767768e-01
4.339395117407398583e-01
4.335404856010359742e-01
4.156008224094414061e-01
4.276290524025369022e-01
4.705312969237107623e-01
4.921989430502684559e-01
4.718066937771144276e-01
4.546993694380355722e-01
4.481413209769437578e-01
3.989312664372250405e-01
4.986566321443300920e-01
4.840062817556270991e-01
4.300994295737726736e-01
4.851817280110513608e-01
4.626650724813763382e-01
4.187001476709966141e-01
4.739984361235884958e-01
4.631834467983720893e-01
4.825127669719216916e-01
3.870858152870674251e-01
4.293171669972840609e-01
4.301322848632770368e-01
4.593731361322667128e-01
4.451114718328120223e-01
4.491923695876569034e-01
4.592671337643657870e-01
4.103664343962306615e-01
4.574966982862778697e-01
4.290852967285930242e-01
4.281216820000624534e-01
4.277756869280965879e-01
4.575216780369279479e-01
4.635023205045925576e-01
4.730889639604572428e-01
4.379692620037375916e-01
4.233860890474256955e-01
4.519666161543261507e-01
4.586925505296413630e-01
4.260031158002355878e-01
4.607351687185007316e-01
4.426463610384108738e-01
4.752253413706565843e-01
4.924721996176077421e-01
4.167709316006363296e-01
4.396530982886666661e-01
4.397875540136581551e-01
4.443399649660995654e-01
4.812000712572309657e-01
4.313341312094895463e-01
4.323590309048105929e-01
4.423863948043567640e-01
4.742077652143183997e-01
4.773643483780536378e-01
4.677245679814187040e-01
4.528157869164148308e-01
4.799314223206452290e-01
4.047333240838639767e-01
4.679840580304243658e-01
4.727829396898020065e-01
4.507782427115598067e-01
4.723530879770173607e-01
4.514667342316384668e-01
4.668551169561521719e-01
4.790556699913605110e-01
4.762327532073621361e-01
4.408840705059575149e-01
4.750233170625884904e-01
4.449055566594536382e-01
4.791321446720886446e-01
4.987683589307178589e-01
4.550208903972219332e-01
4.513695414569606212e-01
4.470399375213486293e-01
5.055134817506945488e-01
4.610257695571505776e-01
4.660201407996570344e-01
4.433134984895109043e-01
4.403247432756411395e-01
4.431649282450511040e-01
4.502356700952571678e-01
4.700569510030017661e-01
5.012874082591335378e-01
4.451336851398384753e-01
4.619264904951299044e-01
4.759065333031688994e-01
4.544870604837269457e-01
4.028886081442946687e-01
4.563588038112307843e-01
4.447690034820317440e-01
4.540604163270965943e-01
4.281933935497911348e-01
4.109638267914146881e-01
4.308682134777848671e-01
5.037302224511420734e-01
4.374572324026038683e-01
3.970870072335476730e-01
4.074471392938285863e-01
4.642903299390888083e-01
4.321182024747595718e-01
4.820188955665135611e-01
4.515091849895969123e-01
4.939020995688962468e-01
4.856927985910768353e-01
4.750053306236349249e-01
4.737152245997069411e-01
4.194489156785154438e-01
4.408459148123783367e-01
5.166176797281525346e-01
5.025544439466589353e-01
4.550923803104959808e-01
5.014049668809528182e-01
4.344872305836575133e-01
4.520173503080773258e-01
4.623051264593622811e-01
4.383463502920021959e-01
4.220902378410533728e-01
4.431267957396071711e-01
3.891927451913661518e-01
4.016416604350782071e-01
4.403979736292868430e-01
4.416324865488102103e-01
4.674502960531373152e-01
4.440840516013931372e-01
4.649134231666675054e-01
4.389544984597714139e-01
4.985284999229547820e-01
4.340347636257165242e-01
5.019636918754287747e-01
4.419507377661207048e-01
4.564234477771169085e-01
4.312272729252620285e-01
4.313254599468516748e-01
4.475071311637122129e-01
3.728119180442009406e-01
4.013234965026766243e-01
4.041922227265772882e-01
3.926960765466660508e-01
4.402348072582972227e-01
4.431157261354737864e-01
4.534215073340576163e-01
4.265075078153671151e-01
4.728430087978361396e-01
4.224399368509430541e-01
4.390751377571674996e-01
4.293476450563439295e-01
3.949392231089671745e-01
4.691026701202271609e-01
4.583651151816939273e-01
4.473598557361934680e-01
4.347895858881273279e-01
3.993306107582953457e-01
4.855114709519594007e-01
4.202687749312055132e-01
4.254400937795260185e-01
4.280716355587824706e-01
4.573164967354890198e-01
4.577939889877489232e-01
4.718548563891691860e-01
4.947756906677502897e-01
4.868202450397354220e-01
4.427507359068615367e-01
4.490931753792264947e-01
4.339081106430604517e-01
4.233279490363716646e-01
4.425254456767715450e-01
4.387014084803935177e-01
4.447575264908515957e-01
4.338321621964436603e-01
4.639722204825421081e-01
4.153247125442711685e-01
4.612318564080244432e-01
4.428673083804793298e-01
4.617876287634447019e-01
5.105300093110192172e-01
4.852486863327968303e-01
4.612136349508239586e-01
4.863063816317612642e-01
4.682233470982347656e-01
4.770141644116516755e-01
4.679851744661612800e-01
4.615108857203788495e-01
4.578481315461326306e-01
4.507150969253708728e-01
4.308829318229951966e-01
4.310416321294650022e-01
4.521408913660410200e-01
4.821940884063539157e-01
4.684463225790502783e-01
4.521528607538601308e-01
4.576352393580936928e-01
4.340853373357732581e-01
4.017913630731718144e-01
4.417183437343667474e-01
4.702630770603144494e-01
4.892721074004747761e-01
4.952178905038494006e-01
4.580819765027689394e-01
4.177325150876300963e-01
4.850656250012373993e-01
4.149973747548004743e-01
4.621334090206358214e-01
4.648970362152707314e-01
4.552033428195857434e-01
4.482725713567378145e-01
4.324447449910365227e-01
5.009180673785472715e-01
4.943773339277867107e-01
4.733307195309169879e-01
4.604974669582528324e-01
4.792380391486014135e-01
4.399382569444878488e-01
4.507858924459810512e-01
4.751516130178292663e-01
4.791019349020965712e-01
4.655721579190772452e-01
4.482898192583524843e-01
4.547325673176593197e-01
4.146961738332183844e-01
4.175112058035048146e-01
3.928034280044043203e-01
4.098952374437092594e-01
4.324533897231258028e-01
4.636669736219370397e-01
4.851747107868509823e-01
4.975144189147145402e-01
4.709311411100483014e-01
4.170100124714731238e-01
4.226691637948895020e-01
4.056893099824975257e-01
4.593336629359868195e-01
4.590497477368523094e-01
4.565307726102739161e-01
4.780556850953968651e-01
4.647973710125776203e-01
4.965152807848652872e-01
4.213719914041456072e-01
4.880508080103393431e-01
4.666083710141836760e-01
4.584395621428679624e-01
4.258571105900931242e-01
4.539258974495061771e-01
4.423385431293394565e-01
4.474582247228884868e-01
4.172795089853627570e-01
4.545352794999019119e-01
4.491802679863622916e-01
4.760151079914488603e-01
4.601866619149183602e-01
4.306119819035289509e-01
4.648261613254736635e-01
4.482988098777395125e-01
4.129295548127133730e-01
4.038983974005830313e-01
4.528233191897962362e-01
4.629694656149185295e-01
4.676995604022695097e-01
4.705117776689293208e-01
4.351585389769185852e-01
4.299566235043243978e-01
4.094976486282793093e-01
4.786744252368693719e-01
4.509423183782440003e-01
4.340585074247207409e-01
4.563428982386645849e-01
4.766553411319530698e-01
4.479848635428925196e-01
4.697370157034618798e-01
4.797714758536637536e-01
4.496829571071490061e-01
4.519372024474545002e-01
4.549445581776386804e-01
4.947560684098153416e-01
4.854389142907439281e-01
4.695762092696036394e-01
4.889696506663455677e-01
4.953641899138652716e-01
4.653710645224863329e-01
5.126358108194325469e-01
4.735729028829946397e-01
4.225732427085359677e-01
4.864428992625073889e-01
4.541904288373074805e-01
4.418727825817081456e-01
4.215589276532393237e-01
3.969444743818385524e-01
4.541869640193620383e-01
4.632071645154732797e-01
4.300149927430995112e-01
4.333658365096135778e-01
4.181484384000825338e-01
4.432284050520129970e-01
3.968877148042611047e-01
4.610208998847163397e-01
4.107633190399599399e-01
4.540419665371004387e-01
4.236325996476673073e-01
4.438014486670745495e-01
4.316452150813467337e-01
4.167425192572864479e-01
4.422584855456961894e-01
4.396511472855696989e-01
4.288960773552409345e-01
4.335931819205121607e-01
4.384697670738665343e-01
4.340635698650075480e-01
4.288256922145420313e-01
4.333315919836015495e-01
4.512089293717101435e-01
4.526095031255339962e-01
4.332540370384450057e-01
4.576073842535877678e-01
4.500432517336752647e-01
4.313500441735508839e-01
4.670950869578674447e-01
4.482903554699939619e-01
4.346610519522748906e-01
4.434086276010519856e-01
4.472596977265489437e-01
4.747463664976085407e-01
4.688287180023251177e-01
4.438518578234337819e-01
4.541277578641956802e-01
4.285964504781991646e-01
3.688573559431230220e-01
4.582135805949382190e-01
4.849786083680553417e-01
4.403998639096366463e-01
4.429582095822598431e-01
4.499000643096520147e-01
4.577674524238026788e-01
4.862069700217910295e-01
4.505173649859635643e-01
4.376224238715009096e-01
4.369431499285731935e-01
4.355412284757134156e-01
4.686534006444492140e-01
3.994318319634907466e-01
4.364634243561123506e-01
4.542570509648349852e-01
4.417554999468643606e-01
4.286210923342427259e-01
4.267282450234656244e-01
3.849009694638512169e-01
4.513772492667751934e-01
4.841396301299219496e-01
4.408134077947459262e-01
4.086949862222304386e-01
4.346634944651171506e-01
4.340199104985856815e-01
4.267253699681197721e-01
4.413936976336588214e-01
4.684074350551744592e-01
4.897415858213597928e-01
4.724227880930739754e-01
4.728752453899974229e-01
4.007937594273303095e-01
4.777518891462743666e-01
4.380506518176003894e-01
4.183279064893437593e-01
4.594018636849446224e-01
4.726762110764932134e-01
4.454566488199132035e-01
4.742834460526011986e-01
4.303682400367818128e-01
4.723323896518066278e-01
4.410225292401408481e-01
4.295689329430853465e-01
4.819767267873759087e-01
4.404795798001371332e-01
4.820205849310605362e-01
4.800471867889969935e-01
4.359716035198077932e-01
4.483014217881479135e-01
4.212291036924138421e-01
4.542851651936912205e-01
3.876841570538522852e-01
4.833862720651522782e-01
4.413773570602311791e-01
4.216241039867987261e-01
4.015396186690243230e-01
4.328805481107608766e-01
4.770244848551266070e-01
4.128018221147907729e-01
4.285571047245322340e-01
4.372895145473980061e-01
4.184240597711139653e-01
4.426156835700121861e-01
4.376195453459604812e-01
4.623960082872485833e-01
4.817928829734898222e-01
4.641256711561401183e-01
4.782933163186398606e-01
4.997057004654241741e-01
4.560843285908474654e-01
4.786576399495802714e-01
4.192997766542075344e-01
4.408264329020733507e-01
4.381686935316000397e-01
4.404505015194073447e-01
4.309943517817780290e-01
4.688549914453437051e-01
4.674514379794938446e-01
4.821368045316383188e-01
4.772316225813947321e-01
4.755505330204778947e-01
4.957197426495454917e-01
5.030564345990846675e-01
4.790889389695029976e-01
4.842640805724505171e-01
4.195333247155015322e-01
4.091290235043648638e-01
4.710273976360094816e-01
4.867857845326925004e-01
4.711265542048905242e-01
4.929400841331145200e-01
4.507679222238222816e-01
4.509205491281843003e-01
4.759857893605253243e-01
4.601094875443471621e-01
4.902303541704507439e-01
4.904178835945915971e-01
4.509077235446888321e-01
4.659634826084360637e-01
4.514582251790030809e-01
4.634076362353179990e-01
4.547850348255805253e-01
5.004565875267149577e-01
4.793079664440540455e-01
4.525391618488577294e-01
4.781414757173354513e-01
4.547832556915080704e-01
4.318246840287898181e-01
4.392214241486566695e-01
4.764371997551949400e-01
4.627388954773477003e-01
4.401509052507486253e-01
5.010124078866357022e-01
4.686173268893080168e-01
4.865956706346548089e-01
4.570799175885468801e-01
4.517529922691439492e-01
4.612189861353629405e-01
4.708505594606111622e-01
4.293981130256395717e-01
4.587592020770764889e-01
4.058025333567309434e-01
4.980422739694240764e-01
4.450472097567417240e-01
4.147023230307889663e-01
4.165517998865309601e-01
4.352578773022771075e-01
4.534253982262872462e-01
4.415015361261592219e-01
4.547325641610246438e-01
4.452764784085329053e-01
4.132305975160460165e-01
4.420112863952331272e-01
4.535495777884543389e-01
4.814942728121235360e-01
4.802648646830373624e-01
4.559572769479242060e-01
4.465842918139920070e-01
4.847971276798045959e-01
4.170641390902585233e-01
4.614867082485548666e-01
4.949743830013875190e-01
4.832263478508550536e-01
4.804056675542905386e-01
5.035314130569817914e-01
4.718587890497306092e-01
4.605738348187815578e-01
4.449620677046707828e-01
4.293336645284733799e-01
4.076908633709711571e-01
4.234892194268977672e-01
4.256275440078304828e-01
4.077403686700288299e-01
4.221726166855786500e-01
4.686955526872217392e-01
4.528151762932226543e-01
4.097523423631210249e-01
4.499300982244051617e-01
4.782320275778251806e-01
4.674453143804386812e-01
4.437625328806620861e-01
4.441686952952969003e-01
4.806876310930779939e-01
4.986984891611855875e-01
4.972366873802896436e-01
4.738290128486365993e-01
4.664106806182037879e-01
5.077467449602247607e-01
4.844141926181829150e-01
4.123334501990486567e-01
4.056989744230901640e-01
4.193509986090960262e-01
4.333116476533516725e-01
4.676561040992760487e-01
4.498123463389244736e-01
4.123107865817255968e-01
4.306534342511859070e-01
4.117961545243990495e-01
4.504340914417909736e-01
4.162298647660218620e-01
4.200485159260783918e-01
4.424106606895311655e-01
4.635255479844307414e-01
4.740100704040416391e-01
4.465589403447327022e-01
4.236726731628674969e-01
4.177501318475249081e-01
4.783050070504849538e-01
4.630098432533983899e-01
4.139696496902712797e-01
4.019518391253635303e-01
4.556907414187091332e-01
4.264635340707113031e-01
4.318960184496967170e-01
4.559412379124178072e-01
4.417145865369717095e-01
4.146779249960230174e-01
4.232663596316328380e-01
4.650573385127506065e-01
3.636536547423011578e-01
4.328388909777014515e-01
4.650783319639177349e-01
4.510619561504204955e-01
4.738975574682087188e-01
4.792548494867532871e-01
4.196000008860580333e-01
4.310902942840030283e-01
4.587431253141778797e-01
4.334357293019482915e-01
4.711402911506624713e-01
4.513164000998328151e-01
4.526871210919978794e-01
4.229141020079181801e-01
4.365101755700617758e-01
4.469589169241578452e-01
4.573802249911001483e-01
5.383223452666897613e-01
4.296038425822484852e-01
4.606936053384330654e-01
4.351661974252054588e-01
4.227910623028827697e-01
4.647664075101900494e-01
4.154305249453900672e-01
5.064425828068245261e-01
4.392925600999486591e-01
4.302281454028736296e-01
4.394615598642955256e-01
4.216986736739327113e-01
4.580280864048332234e-01
4.585162181764551592e-01
4.357974317890235816e-01
4.930013519722742377e-01
4.391504658163698505e-01
4.994132086706461471e-01
4.575619879804521117e-01
4.706556180693170499e-01
4.679449655007352216e-01
4.751254978324456202e-01
4.818612836093084661e-01
4.255564455970475279e-01
4.673398047767025609e-01
4.796844637399750866e-01
4.367963656938836370e-01
4.227936670152311338e-01
4.337215578315888886e-01
4.333367901141617629e-01
4.232623467070679713e-01
4.245697582755887378e-01
4.470227711193345277e-01
4.376235415285925079e-01
4.145042712020109987e-01
4.589643444340991141e-01
4.042444773819555137e-01
4.411699566159087982e-01
4.632263630475205729e-01
4.642106552456193858e-01
4.445125550970512318e-01
4.489028594688405094e-01
4.530274568161556381e-01
4.596600089322477323e-01
4.796517600380438284e-01
4.333038896439279641e-01
4.213190751366209241e-01
4.631081329707772976e-01
4.592918107287740082e-01
4.716032205660639076e-01
4.708026709255959119e-01
4.527887744190153274e-01
4.942682080535961142e-01
5.102806821442863461e-01
4.573065517320036855e-01
4.558788699622731699e-01
4.624422309715965906e-01
4.851725630265581457e-01
5.373452039279908998e-01
4.606534701389757847e-01
4.566403243638057496e-01
4.999877028084090402e-01
4.378596950806841748e-01
4.681600929542594214e-01
4.622696943597807140e-01
4.580720173313308496e-01
4.594238669042264300e-01
4.467452184689502670e-01
4.150203460246249532e-01
4.610631772985862020e-01
4.331455323807745783e-01
4.352508002263941744e-01
4.707201721990053045e-01
3.995244413321574206e-01
4.162991861371815316e-01
4.620004000909470054e-01
5.122499015741716066e-01
4.079221894945543325e-01
4.352000389980589246e-01
4.791165366966619321e-01
4.648322296333187165e-01
4.265568333414294644e-01
4.275031081390026633e-01
4.435085181649013331e-01
4.540990871935718376e-01
4.272689567286208634e-01
4.390077350820880686e-01
4.472138866945736257e-01
4.581445565649907015e-01
4.546107336593024906e-01
4.593003304860198144e-01
4.442489269456348921e-01
4.301855025861835990e-01
4.392676398834690632e-01
4.438374539552369935e-01
4.354209822597108759e-01
4.889960802719915400e-01
4.742306195536555857e-01
4.343657105951587716e-01
4.644311095906684672e-01
4.408044663379130368e-01
4.535115911612311868e-01
4.356081314643489022e-01
4.237787217794239392e-01
4.013054242770140445e-01
4.615436268907929795e-01
4.772326308279469242e-01
4.594988861949316217e-01
4.418391732662313998e-01
4.366675336450165923e-01
4.125020352068730634e-01
3.787697523239785813e-01
4.527544062221416366e-01
4.449467300452042418e-01
4.715271598993178714e-01
4.558097204723940976e-01
4.815530258470957503e-01
4.778182343520095965e-01
4.471120897343655587e-01
4.643079829078244347e-01
4.628083220443464096e-01
4.710524614405486865e-01
4.332974177155762274e-01
4.385552966226482496e-01
4.497508846332212151e-01
4.363524320855908245e-01
4.719324004041769438e-01
4.672356333754022484e-01
4.699894736674976592e-01
4.445802704714135745e-01
4.634113432681266631e-01
4.397622118511482769e-01
4.458900234845759591e-01
4.720881797933784152e-01
4.510570299111608672e-01
4.630776250265842831e-01
4.487933559094773317e-01
4.579195861216351360e-01
4.158485808338250878e-01
4.680011153778166344e-01
4.509702581884257877e-01
3.944663859473204748e-01
4.282628503849209567e-01
3.806609713493201985e-01
3.890605281432151230e-01
4.752971316051609052e-01
4.595151183690281971e-01
4.442679563406831122e-01
4.438446911304197995e-01
5.277721443308707183e-01
4.855406465518117276e-01
5.044607789099111450e-01
4.895658365042093174e-01
4.906103027225071633e-01
4.253993479788921728e-01
4.926413926687943090e-01
4.740639856865869750e-01
5.161963517506210630e-01
4.613067372633853358e-01
4.626297367232019009e-01
4.374777563494873234e-01
4.624182921224834208e-01
4.374416594204741382e-01
4.195430316423430783e-01
4.337890666516112104e-01
3.917289044308310264e-01
3.836275157622961451e-01
4.195178925494734146e-01
4.358665148442568693e-01
4.449746134338401493e-01
3.949749801842629138e-01
4.153358926713359711e-01
4.318823237987725050e-01
4.543592547893351985e-01
4.381039699658211273e-01
4.550295442652990685e-01
4.527132870206255766e-01
4.738185173763117541e-01
4.585063323079404118e-01
4.657973097218360281e-01
4.482179328757401882e-01
3.748347355478744980e-01
3.761205373324865708e-01
4.101419253225437878e-01
4.498461037011590169e-01
4.644836504250409726e-01
4.013419669862046124e-01
4.366154332763647616e-01
4.363720916509776782e-01
4.470032897570255237e-01
4.541875154188491082e-01
4.591301377515896176e-01
4.222817183819870257e-01
3.874464659694506485e-01
4.729997982112053578e-01
4.232342577493034552e-01
4.614073734613245992e-01
4.064454566017881021e-01
4.276553880738646618e-01
4.284886064361631552e-01
4.807708403942989039e-01
4.450780653787750896e-01
4.703242122367001787e-01
4.258732307728021471e-01
4.937599231147167256e-01
4.706634498927523280e-01
4.220945278981831916e-01
4.697764635769666741e-01
4.997698626630606156e-01
4.744354644963974521e-01
4.256845761755295166e-01
4.050509530858307783e-01
4.545526605992903924e-01
4.768639690436436984e-01
4.349030693073047127e-01
4.091682097595989442e-01
4.353713123734062052e-01
4.389903066765903916e-01
4.370431913352410547e-01
4.440498758454464734e-01
4.414737921124100573e-01
4.549643863303750591e-01
4.649357884865240598e-01
4.655425019371748352e-01
4.539105087588977128e-01
4.377237919388258791e-01
4.739840530976015542e-01
4.730424986402062548e-01
4.671635351142648385e-01
4.871152422123335990e-01
4.455775029565385847e-01
4.705069498148862772e-01
4.649870642075959459e-01
5.031424968656907915e-01
4.665941019056750738e-01
4.720232665735507038e-01
4.514740161436028298e-01
4.424239796883303044e-01
4.662079291321118979e-01
4.699196012971874614e-01
4.450498647242815409e-01
4.796189159645191102e-01
4.689838790366943622e-01
4.502254184165676021e-01
4.335343122129147186e-01
4.805787617962252178e-01
4.891001209675018835e-01
4.684760837801653643e-01
4.469496727475948394e-01
4.210915942829435155e-01
4.728234333394040756e-01
4.249794202845825208e-01
4.160216607564438118e-01
4.725557763963397218e-01
4.741445832587311005e-01
4.503546008672230649e-01
4.480959994436998217e-01
4.803914403181671622e-01
4.536023377231107045e-01
4.304145597980116311e-01
4.468138288364921773e-01
4.646853770211817336e-01
4.339320535063506679e-01
4.291352981676686551e-01
4.405000808041932281e-01
4.177478005634872593e-01
5.091518355345512337e-01
4.357193497426409268e-01
4.861331390729707880e-01
4.660682216462290750e-01
4.494232014356633886e-01
4.583618847958630393e-01
4.476690556616469419e-01
4.886973802834795877e-01
4.769679705854068530e-01
4.596338774473476829e-01
4.780555315197251853e-01
4.359528422149846483e-01
4.908561754015547951e-01
4.500066101714130795e-01
4.374412127158998631e-01
4.732079602334350876e-01
4.701610878120356940e-01
4.877281950770434027e-01
4.886493032672347137e-01
4.832075024566344634e-01
4.795574980959136369e-01
4.701199291941421388e-01
4.371553053073705120e-01
4.658795614923117445e-01
4.849879546654618512e-01
4.697187858509155323e-01
4.535741062689755965e-01
4.470645247630495311e-01
4.769463693127158344e-01
4.840010599359794163e-01
4.773353161211849049e-01
4.627821782722127408e-01
4.387298262173792707e-01
4.982658276617534243e-01
4.557958932139686281e-01
4.298393743966311131e-01
4.714514471166808551e-01
4.442291188112036382e-01
4.867549215503200188e-01
4.411878080034428717e-01
4.929117765363765225e-01
4.922627863578052376e-01
4.627900398244970681e-01
4.926043114974087422e-01
4.470357829624159729e-01
4.670374660332508032e-01
4.572477136675275888e-01
4.242076944335412825e-01
4.510352480099650285e-01
4.736843249120280541e-01
5.026714481343199648e-01
4.458625124186122446e-01
4.387622076541434213e-01
4.628850035101366167e-01
4.381883247173917195e-01
4.042234465412685163e-01
4.273358856492407432e-01
4.062289919806410521e-01
4.064772545845524165e-01
4.347180900832577355e-01
4.381406955929508795e-01
4.388270065285799215e-01
4.012096443390715805e-01
4.038337132878579983e-01
4.049757052145164793e-01
4.085921601639625478e-01
4.547800997275557866e-01
4.630502735615301124e-01
4.495427424831235919e-01
4.264453226207075009e-01
4.383612793332060664e-01
4.763937558054845423e-01
4.334436490048725332e-01
4.607877622553125940e-01
4.673052602963597146e-01
4.534456882934902455e-01
4.272527323103690322e-01
4.457017831001008346e-01
4.027622118733556467e-01
3.839195260946717259e-01
4.420090687254294437e-01
4.483788868119388815e-01
4.351844563511096942e-01
4.270134603795383010e-01
4.480257573527137160e-01
4.413732184460828489e-01
4.447044363323209848e-01
4.828528479572107845e-01
4.457315019796967981e-01
4.526753520393274055e-01
4.404711797538912177e-01
4.900390999843428075e-01
4.892082192439508592e-01
4.381854180802804977e-01
4.869084417565291423e-01
4.251677993133416433e-01
4.726369671995946375e-01
4.544497466026411470e-01
4.448793917109573615e-01
4.735713500840162404e-01
4.421329286431489591e-01
4.822217699294158444e-01
4.515749976139998290e-01
4.498401175376533501e-01
4.484116955963981521e-01
4.658083559936974094e-01
5.133692884677946155e-01
5.082610342652205127e-01
4.464514485794056076e-01
4.790446360271045090e-01
4.712215932465765866e-01
4.252485234660578484e-01
4.280076213273886210e-01
5.329009493333185521e-01
4.636826399387324327e-01
4.683414584026430738e-01
4.643242719819022368e-01
4.526768345876061028e-01
4.511259144671711518e-01
4.411918908682788132e-01
4.343566959181389131e-01
4.532976569583230808e-01
4.631801469542504712e-01
4.429929559307069775e-01
4.939083337482143010e-01
4.630601516407086282e-01
4.808095271188929654e-01
4.791796340232176155e-01
4.244418917035552852e-01
4.804524128224536006e-01
4.015087966452344226e-01
4.572107876977202778e-01
4.382955937253491530e-01
4.445829137128263220e-01
4.220576766599541396e-01
4.623680420713822681e-01
4.656018104837650329e-01
4.614380123902637743e-01
4.926222713748493742e-01
4.777165865169039627e-01
4.837855659700568411e-01
4.724514466756871145e-01
4.435379678768255896e-01
4.332963941377829808e-01
4.689358814862847891e-01
4.460693456365832366e-01
4.611662844747779211e-01
4.634592288059600773e-01
4.674842266939029933e-01
4.160159762151642293e-01
4.149709433583146367e-01
4.139647380894673767e-01
4.725093909910349499e-01
4.299595126980753079e-01
4.585866615987968520e-01
4.852203996232822836e-01
4.385338827314946841e-01
4.263724121761804930e-01
4.577962602252628743e-01
4.824991717729581464e-01
4.435555262530529452e-01
4.511567284010257195e-01
4.457319018897227814e-01
4.434604068078724093e-01
4.806282154388270556e-01
4.782163982752039577e-01
4.367859335416834909e-01
4.768433915289670977e-01
4.312042355934647686e-01
4.355908761294146614e-01
4.695278409779042317e-01
4.215030564394823820e-01
4.820322511899560736e-01
4.420340149452330891e-01
4.606529535916232820e-01
4.601464791489768835e-01
4.493695654584160537e-01
3.751724947465066573e-01
4.674643670711923771e-01
4.474773583602526528e-01
4.338741763961836972e-01
4.349466635939499004e-01
4.587237270090449570e-01
4.037165356188694432e-01
3.954864342296336432e-01
4.532988486900551006e-01
4.574164421600706021e-01
4.302810540312246301e-01
4.133276331023458261e-01
4.413965184388197738e-01
4.591998688877656498e-01
4.433333360851588467e-01
3.563203824094558492e-01
3.896301634816580206e-01
4.255181971278870767e-01
4.276602023861175716e-01
4.394230129333766000e-01
4.511098462350681682e-01
4.286622398827037994e-01
4.230436397637339363e-01
4.461517236047340962e-01
4.507445897551353720e-01
4.692082649954296691e-01
4.373249701947392598e-01
4.313112835878092910e-01
4.660259318839963805e-01
3.989855464049640865e-01
4.110267911595765766e-01
3.716131734071816406e-01
4.529650404576445188e-01
4.342126009975170176e-01
4.414496651901686497e-01
4.276100973846822528e-01
4.733665921729706128e-01
4.224803804329384516e-01
4.631610626678802078e-01
4.587157103094616217e-01
4.822738211395497521e-01
4.225270025743270152e-01
4.702534912828034153e-01
4.549723810628724108e-01
4.496023477394375245e-01
4.662943673535993594e-01
4.779087914087166711e-01
4.386738672758300206e-01
4.269939064948879426e-01
4.651785410635769780e-01
4.578123407244198417e-01
5.051194026832876993e-01
4.701561120685268103e-01
4.534614347347569741e-01
4.496859733341300180e-01
4.080478724040516592e-01
4.898264501241249569e-01
4.617254515052954811e-01
4.210045170522358493e-01
4.441742003903016434e-01
4.553727731627689179e-01
4.339258961203547593e-01
4.133780196040954258e-01
4.869031733215984370e-01
4.102507456773545891e-01
4.661629549196706357e-01
3.987266642408839878e-01
4.256813852750154226e-01
3.970130473728853970e-01
4.425984592081136926e-01
4.230273569009746493e-01
4.271260528981359328e-01
4.483655758882462150e-01
4.575718984400695688e-01
4.703657699080157628e-01
4.399127056534627433e-01
4.104402558016989055e-01
4.158611770694115584e-01
4.600097633853760248e-01
4.708152422493285250e-01
4.624986346937686177e-01
4.333088972296484931e-01
4.323508839832070905e-01
4.512350473202732526e-01
4.757411170605950756e-01
4.332162633362939275e-01
4.236896259808703991e-01
4.242419747165220301e-01
4.658180855612129023e-01
4.515329202914384332e-01
4.744077019110985449e-01
4.251022457741824856e-01
4.358468510230643078e-01
4.231512253670663970e-01
4.753167965868725919e-01
4.421111414918377225e-01
4.869396732271744077e-01
4.681890870513946146e-01
4.691201406173097777e-01
4.354822838671477125e-01
4.340991592472454030e-01
4.039716783752678730e-01
4.635001200035948621e-01
4.482422041871056972e-01
4.578321288340705397e-01
4.664915323452969997e-01
4.803965338272188634e-01
4.296102158232618096e-01
4.784826662128587316e-01
4.792346199163096676e-01
4.835720189228026600e-01
4.631366592331198628e-01
4.378728782342443671e-01
4.464271278756320460e-01
4.509736486178974602e-01
4.901393054013850059e-01
4.337864741329000018e-01
4.616568878638867002e-01
4.290506589329915466e-01
4.574875993937884688e-01
4.856564619395951632e-01
4.361428115561379881e-01
3.957179361938173434e-01
4.110978236893664817e-01
4.325032835486489202e-01
4.412629801532546581e-01
4.437371148248522301e-01
4.370473178367038081e-01
4.772478538011672988e-01
4.750841576821890344e-01
4.327451969459949477e-01
4.401276469648188749e-01
4.196400952711369925e-01
4.883296515804622651e-01
4.832200816905756757e-01
4.618003540920090355e-01
4.895896307099005251e-01
4.360038943252240173e-01
4.722742379451322359e-01
4.832110274903856917e-01
4.186392490262124677e-01
4.339721860875399573e-01
4.819977265871431826e-01
5.084150462772083490e-01
5.185482262343535931e-01
4.599777996411942294e-01
4.252523775225237057e-01
4.860769700954878925e-01
4.493051981426944841e-01
4.543693168408768357e-01
5.089108600528903237e-01
4.339070586129456508e-01
4.401245109468167049e-01
4.287761272057554196e-01
4.172175450524452378e-01
4.456385998097949774e-01
4.673725951900367104e-01
4.389760551586540660e-01
4.201352290096315723e-01
4.366706511124799905e-01
4.723408708959438984e-01
4.426521176605117125e-01
4.676100288429305696e-01
4.750532725155692249e-01
4.573696736333204282e-01
4.248866495357057627e-01
4.318202913702324230e-01
4.475221897061698040e-01
4.205877452821491502e-01
4.754162499079075399e-01
4.269708857338656571e-01
4.853322352173828347e-01
4.409810370405727875e-01
4.545925732532535846e-01
4.775778864628966169e-01
4.725180887642041472e-01
4.895475319671463987e-01
4.881838735404920859e-01
4.331994556199654789e-01
4.355628785691949001e-01
4.878347489620336597e-01
5.186898858485446961e-01
4.631706442821004743e-01
4.710943436837046194e-01
4.939375751743427245e-01
5.225955863997534534e-01
4.702584597154995660e-01
4.326315582953850769e-01
4.424449012668560943e-01
4.421863192699245215e-01
4.747425020814263208e-01
4.335650273423821144e-01
4.533601401616765836e-01
4.863013930021894415e-01
4.650684914254638036e-01
4.527372706387822188e-01
4.729145797767094761e-01
4.882901568525885860e-01
4.659394038835380503e-01
4.523056705138617795e-01
4.759094987965706292e-01
4.456662529782092208e-01
4.927520308503748891e-01
4.681607620705129369e-01
4.803193352496910595e-01
4.928693877884852692e-01
4.499626525110711484e-01
4.609804017883044058e-01
4.579569033005040923e-01
4.636046058337029985e-01
4.605728005482935261e-01
4.581939320316450459e-01
4.513449473335922613e-01
4.348768101468848957e-01
4.549604852344399930e-01
4.064253643497355295e-01
4.344734728326015150e-01
4.284995361369310363e-01
4.339467350233959797e-01
3.983775853671392420e-01
3.920521195282598015e-01
4.505510828772228415e-01
4.290657317955729466e-01
4.383661553128119781e-01
4.631773071931987173e-01
5.040714423595464844e-01
4.004450913344780316e-01
4.731376870922062716e-01
4.248975116594552182e-01
4.652843645261517946e-01
4.328197747361571812e-01
4.589586118572662743e-01
5.125330605956831542e-01
5.030775338453901124e-01
4.513900863470316493e-01
4.587572415219536293e-01
4.658391296406714233e-01
4.735801576568259841e-01
4.445283290058236747e-01
4.611176048660625693e-01
4.195380380875065596e-01
4.704003157139375335e-01
4.828970923469809717e-01
4.418861869336189185e-01
5.064507383801176710e-01
4.512031427994106503e-01
4.771682248798321813e-01
4.323416303826184137e-01
5.059098713940179959e-01
4.714715468253857789e-01
4.739332443006901707e-01
4.487443304656268950e-01
5.066003237233174250e-01
4.479117722422750192e-01
4.762481046480457891e-01
4.639757004310436361e-01
4.196912440446313175e-01
4.760348281297219764e-01
4.106630508795056089e-01
4.184021433859810291e-01
4.104837025417001906e-01
4.205460101689300623e-01
4.242307272135882878e-01
4.226535005114597787e-01
4.152456813476005371e-01
4.140434540124870444e-01
3.967764740529172163e-01
4.311707663936357737e-01
5.064317777335408666e-01
4.133274675023045908e-01
4.631995288287291679e-01
4.726669674864210635e-01
4.227154607170349188e-01
4.438597674290177264e-01
4.345163119196647772e-01
5.015145182844774618e-01
4.624535638547310756e-01
4.459015686980181137e-01
4.644871541795731473e-01
4.849124083138188213e-01
4.286301202301897595e-01
4.406967225387533049e-01
4.432164967565813685e-01
4.644049972125146031e-01
4.906497963310751387e-01
4.901366123982646150e-01
4.478835015562520061e-01
4.200247689560245301e-01
4.553233152265733774e-01
4.112938660340382802e-01
4.513746115090653266e-01
4.337110947004327310e-01
3.857249959950063145e-01
4.408939051946902388e-01
4.456602492802926863e-01
3.921532637199356408e-01
3.970934632543254295e-01
4.185851453737297612e-01
4.208605971585187566e-01
3.955653089028034475e-01
4.284880349112194509e-01
4.216023378327077298e-01
3.798840010634620956e-01
3.980647547821469789e-01
4.006995080679144894e-01
4.495817048418632167e-01
4.634925094392505218e-01
4.491966825743498593e-01
4.274949073757923212e-01
4.050609936342670636e-01
4.131548581737065073e-01
4.324106032248808962e-01
3.966011368651860547e-01
4.263257332985976311e-01
3.750789559345437674e-01
3.239184873724134661e-01
3.793246211683424796e-01
4.037359837510595684e-01
4.069528323526383495e-01
4.116191611452624244e-01
3.605278162630494720e-01
4.332473640042756036e-01
4.565862245462370961e-01
4.560333187238559405e-01
4.452113229224224922e-01
4.228584944467620454e-01
4.209035397292051894e-01
4.369894040766042487e-01
3.996562353179253235e-01
4.444951811540008291e-01
4.553239377504954555e-01
4.215396685741833460e-01
4.475500313550591081e-01
4.695269114817804956e-01
4.564881583960855305e-01
4.357809679671095782e-01
4.057713004445506755e-01
4.767057358084291208e-01
4.740156941795261591e-01
4.735710878366466425e-01
4.671227220998260821e-01
4.941447667818822942e-01
4.617790639020186716e-01
4.450145368499322518e-01
4.684991148849599329e-01
4.843675149396850510e-01
4.273900936896538605e-01
4.483527646796181543e-01
4.323131212738656748e-01
4.893509670479787577e-01
4.702432947884687686e-01
4.320636562608817233e-01
4.741923318038796520e-01
4.894854644162797142e-01
4.663654168477377460e-01
4.253101908798671005e-01
4.937738669006072056e-01
4.615952521504443351e-01
4.651025837736801338e-01
4.260427209985570562e-01
4.514295209313699542e-01
3.796219120899564370e-01
4.340007749091157607e-01
4.231235032695231935e-01
4.446510583453495147e-01
4.373748023877918611e-01
4.690593279494015277e-01
4.247299229927318232e-01
4.518853030698339879e-01
4.197002177081201046e-01
4.363238294620971902e-01
4.507598182887528893e-01
4.442484334929971967e-01
4.349556037195345670e-01
4.331447008182662817e-01
4.348038882552254236e-01
4.440559227574136791e-01
4.237243316407595106e-01
4.350818336423011301e-01
4.438337323034081128e-01
4.425210714234718012e-01
4.725531089975743559e-01
4.618634832285619107e-01
4.487851124071962072e-01
4.704339959363421642e-01
4.635716916228627693e-01
4.733213286571156808e-01
4.259830404554709182e-01
4.579088103326327541e-01
4.655395707784754644e-01
4.620499981775508247e-01
4.788319494639601270e-01
4.657158051255079756e-01
4.326490562929811157e-01
4.320052721427607989e-01
4.336960546233794567e-01
4.601491127201471354e-01
4.836681353715687748e-01
4.386298472288535089e-01
4.452039330652667881e-01
4.541357937380081089e-01
4.672082285699925563e-01
4.890772811777335805e-01
4.669524360297516719e-01
4.330173380406857064e-01
4.585103272254946183e-01
4.454675759862978257e-01
4.626969977537249146e-01
4.954340785592122320e-01
4.488397400238170465e-01
4.653181780594545791e-01
4.326113185947818573e-01
4.356407998452728747e-01
4.439856821463370462e-01
4.245946107338807174e-01
4.352563575542300334e-01
3.944448746974123510e-01
4.611369117628829617e-01
4.561831824052978712e-01
4.832648343454285511e-01
4.499126147767672501e-01
4.227932712910972834e-01
4.649308716429901289e-01
4.690242132882344595e-01
4.182364066807813252e-01
4.440402891611491820e-01
4.154162599944051792e-01
4.484897697382206339e-01
4.106330570842090522e-01
4.169962620116943186e-01
4.327982034502971254e-01
3.976527228690613924e-01
4.750303123141345063e-01
4.147845986380591654e-01
4.675111142319029467e-01
4.096857583907878020e-01
4.456449663284639540e-01
4.683888129863594263e-01
4.740315013793457988e-01
4.546586943792872981e-01
4.547655460636531588e-01
4.801365624099026008e-01
4.621354754719470548e-01
4.502869634498385398e-01
5.023413434754164797e-01
4.672399438739031075e-01
5.038294674094644376e-01
4.369420182072384917e-01
4.541599713475593103e-01
4.581779285971712135e-01
4.488352414653657974e-01
4.612272122160067656e-01
4.541750972792443219e-01
4.943317320843744200e-01
4.238350660699664596e-01
4.291899348326106978e-01
4.718119921394980376e-01
4.445194186173114792e-01
4.269538396775465205e-01
4.654825560706146170e-01
4.629196118421506356e-01
4.748916432109087093e-01
4.840090623629799138e-01
4.692010360382842249e-01
4.689389056989596294e-01
4.162287756312025300e-01
4.477420032196338107e-01
4.766779421740626743e-01
4.391083280660746935e-01
5.037835827738986749e-01
4.257171985618217191e-01
4.641785865253836296e-01
4.700673086242361243e-01
4.451173518934987139e-01
4.469072702184795354e-01
4.649599189134610566e-01
4.475826503397972722e-01
3.846291860830202136e-01
4.790005467169006215e-01
4.469416984359096956e-01
4.544546335841075924e-01
4.536766089062604923e-01
4.866328468914340455e-01
4.862276125906014324e-01
4.826046136547392784e-01
4.842153371703396547e-01
4.336050926136256756e-01
4.674693470399910455e-01
5.081653027453069127e-01
4.718519853685915755e-01
4.493887920113522894e-01
4.793671805058268287e-01
4.118531118377620759e-01
4.578836018243616079e-01
4.553742758819764314e-01
4.633767548685703841e-01
4.448312844465008853e-01
4.598587026116588428e-01
4.089443153917986518e-01
4.323414919358830044e-01
4.480795305749568636e-01
4.138750764877783817e-01
4.267451799423505054e-01
3.974488353905664129e-01
4.340658168438225051e-01
4.513291796382480903e-01
4.436876338320951962e-01
4.826937414804909343e-01
4.372777331769461817e-01
4.405578845038588542e-01
4.213684740119499339e-01
4.325898695301825247e-01
4.317250111877854457e-01
4.627681731199273507e-01
4.587496313754738653e-01
4.410841006775680917e-01
4.792192824483131330e-01
4.725247925307582419e-01
4.557806160157704678e-01
4.917180676807013096e-01
4.817302141076968969e-01
4.514607553261527073e-01
4.745536014909963463e-01
4.483366380180175970e-01
4.962503847760194042e-01
3.963165992699739237e-01
4.448118567929838507e-01
4.711837385476788653e-01
4.796164474582724768e-01
4.768034636861668840e-01
3.970548339035896435e-01
3.976471410354122105e-01
4.633883079058587762e-01
4.726165176875322116e-01
4.293609488620822034e-01
4.256483558375859233e-01
4.463268740302396287e-01
4.344780724681813200e-01
4.519434867238789066e-01
4.305228523086757075e-01
4.505916527854474940e-01
4.509767064666619918e-01
4.158431302970660992e-01
4.614447910132561392e-01
4.561932881838414722e-01
4.383902411884612049e-01
4.735172122887186252e-01
4.750399181973075646e-01
4.886537316767232686e-01
4.237811705632046899e-01
4.908603185319365680e-01
4.567064983917289989e-01
4.645149560900107555e-01
4.464293597142539038e-01
5.142724596151068139e-01
4.478629807719520239e-01
4.689990746645966713e-01
4.602060653157874492e-01
4.464760304099975041e-01
4.499986562375763444e-01
4.755076474198198233e-01
4.270716269051967884e-01
4.363901186543920896e-01
4.906714975607678886e-01
4.764933576063792309e-01
4.121087862726363071e-01
4.549149354928778699e-01
4.340660742849446474e-01
4.327845395947998997e-01
4.206067028632278770e-01
4.596886507129807620e-01
4.836518831930322060e-01
4.618424089326134130e-01
4.151460837323937003e-01
4.360837352439469461e-01
4.322715939417446918e-01
4.545905491766235595e-01
4.480237361182508593e-01
4.195365893051466455e-01
4.794253966483389973e-01
4.763097365547526163e-01
4.746953309710496560e-01
4.818399403361118827e-01
4.683271779216622854e-01
4.697962034176752510e-01
4.778989950641171491e-01
4.202601657887721776e-01
4.263649180076908851e-01
4.438668181307338645e-01
4.036744057698693489e-01
4.276885155158148266e-01
4.395366744693433025e-01
4.596532086966480524e-01
4.017937074867999336e-01
4.483386516400613697e-01
4.694214698775710515e-01
4.371014532604050595e-01
4.253104346823368132e-01
4.487809407392688854e-01
4.392505365818246132e-01
4.176910321638057644e-01
4.731746887417940806e-01
4.050378352961261919e-01
4.137661195370629930e-01
4.210285704227638148e-01
4.461770106563750504e-01
4.285016072885684535e-01
4.721833831137991488e-01
4.775192753605350671e-01
4.518146963153445994e-01
4.044550728055983368e-01
4.692714669971934094e-01
4.608662981504565992e-01
4.096428926686638272e-01
4.181721511098708821e-01
4.362440864688388320e-01
4.654317538055097736e-01
4.256406646886065626e-01
4.362149726488223633e-01
4.562888451607428619e-01
4.692738385173559901e-01
4.470173211960128956e-01
4.694149160106377838e-01
5.012272651727545103e-01
5.024123310924174524e-01
4.668798776735964551e-01
4.606166034746405624e-01
4.625946238070816063e-01
4.952129118492796245e-01
4.595263462168826529e-01
4.741990003054642466e-01
4.835832510974413800e-01
4.807514804020746602e-01
4.531690555056173686e-01
4.397598193318363879e-01
5.079146009498497483e-01
4.955195400984288012e-01
4.681100962057036519e-01
4.339039216051962522e-01
4.856440964498991431e-01
5.057516156012881181e-01
4.775017893709703198e-01
4.459388895087311733e-01
4.390575051347361812e-01
4.741221597446885760e-01
4.496461737366518330e-01
4.396887991272240837e-01
4.246971673645574819e-01
4.544392818826431535e-01
4.693069792495950798e-01
4.492030977779666867e-01
4.229991547753388370e-01
4.333529528688484511e-01
4.001952691028686782e-01
3.940890877624684818e-01
4.300315505017727746e-01
4.383930735143730106e-01
4.064502999706487429e-01
4.380604885822672601e-01
4.564805179298507820e-01
3.785491063486041696e-01
4.158366864924208928e-01
4.676087481617043351e-01
4.026926859711784656e-01
4.803204548563810294e-01
4.660207604176110907e-01
4.319105798717343681e-01
4.135928619886859448e-01
4.514777645727860445e-01
4.674300347319345073e-01
4.379880585924477154e-01
4.236876040306231661e-01
4.727462676362211846e-01
4.323737642265504943e-01
4.846344683350168325e-01
4.876012505895219173e-01
4.627975202330731896e-01
4.425086314996902193e-01
4.111897189709303735e-01
4.786015420538172194e-01
4.615490149659298713e-01
5.019147463823674382e-01
4.229163876411123901e-01
4.573624150479790318e-01
3.802202027212641111e-01
3.786769527163657556e-01
3.969132159973028373e-01
4.098429557059398154e-01
4.608538207923255636e-01
4.624850715937185441e-01
4.152856990438287266e-01
3.982437757736001505e-01
4.415977982438640814e-01
4.187565959755676914e-01
4.622351938112819192e-01
4.501612777232488205e-01
4.185067287657656676e-01
4.150153346613897343e-01
4.307765528513547437e-01
4.254558295932417411e-01
4.329037835276006163e-01
4.465075490476724807e-01
4.560954482578524205e-01
4.219579226186026544e-01
4.332965767803115820e-01
4.346776780411403251e-01
4.769978655005809864e-01
4.019416145284153696e-01
4.672240978900918384e-01
4.097818807568432975e-01
4.594353158818982874e-01
4.421146527152871597e-01
4.717284524808852963e-01
4.934880079728268254e-01
4.642632092144721168e-01
4.382044787810863706e-01
4.279934323452586620e-01
4.573184145034625558e-01
4.726096213978822069e-01
4.700824928140712733e-01
4.451828278227504265e-01
4.853272814802230273e-01
4.810138655100224536e-01
4.776469869162178195e-01
4.250118405927192367e-01
4.477588744495198947e-01
4.765839762049182138e-01
4.940119485956693257e-01
4.792537337311629786e-01
4.960404875358432886e-01
4.472998601205339098e-01
4.625907667294059111e-01
4.697216606068049249e-01
4.703620913899385636e-01
4.411373053407069422e-01
4.201995285702275207e-01
4.769700276505448033e-01
4.679791201193111427e-01
4.656118712568392271e-01
4.497319383365459555e-01
4.309977792366221361e-01
4.351973526983293206e-01
4.638303885875557642e-01
4.615543721823780476e-01
4.296446991733071097e-01
4.490472842252344887e-01
4.085587080638368729e-01
3.775496818660873388e-01
4.254731336515463203e-01
4.374700400888360541e-01
4.214460174768999701e-01
3.913940062132533204e-01
4.679765457192711087e-01
4.412389883378120548e-01
4.497694771869040764e-01
4.332009179401622445e-01
4.766710975215595059e-01
4.686684252024928554e-01
4.818972471936008306e-01
4.694154036236838912e-01
4.497304815847430470e-01
4.655901358136450563e-01
4.252269769486963780e-01
4.187148162209848312e-01
4.223914364889428952e-01
4.542842660657013809e-01
4.520075193237974021e-01
4.583223242848336043e-01
4.716407482836340592e-01
4.286369729206484513e-01
4.537645122022783140e-01
4.665213069972912185e-01
3.547093785608673722e-01
4.130912185782713575e-01
4.290647787233352051e-01
4.495482209721793909e-01
4.906036439843537988e-01
4.554860493366569840e-01
4.823179774174906620e-01
4.301204728225832552e-01
4.814182598356159803e-01
4.545560986202570875e-01
4.316311576264391658e-01
4.765613048528304363e-01
4.620909722293269906e-01
4.468561435051456865e-01
4.743009709102448679e-01
3.935061785051967576e-01
4.451581222969993035e-01
4.154511592890052785e-01
4.471400112190732634e-01
4.442409745270659571e-01
4.672913444352910783e-01
4.513098016339406326e-01
4.265471964910906855e-01
4.718471925533961886e-01
4.533577210547268255e-01
4.590678538465318148e-01
4.761163538706024156e-01
4.566576138070375102e-01
4.835322722305891996e-01
4.581656496409047263e-01
4.580799541328384183e-01
4.237220591856897811e-01
5.152069963594294588e-01
4.584981036781029529e-01
4.418762767981035400e-01
4.113264008127219817e-01
5.099561183016484422e-01
4.718862835445225556e-01
4.913678342401864851e-01
4.485994475221814493e-01
4.730425594109858856e-01
4.898398438952882850e-01
4.301203781309791974e-01
4.523521318009428027e-01
4.756099780092111762e-01
4.224172556960191782e-01
4.191111649787318538e-01
4.400959083693943841e-01
3.928447371503793750e-01
3.944407067403969958e-01
4.536905583204915993e-01
3.718134133537648878e-01
4.125284627707723750e-01
4.374339938991982923e-01
4.188916354855978796e-01
4.201604191026896973e-01
4.146256342888010038e-01
4.517414349023138875e-01
4.226616408382340984e-01
4.444793565283674530e-01
4.135397833494054431e-01
4.366219899631457180e-01
4.385513098820738032e-01
4.352506787507259278e-01
4.207396593709967769e-01
4.574293564813335933e-01
4.734829947356453683e-01
5.107843968131651202e-01
4.717636711484885503e-01
4.385990298709963597e-01
4.510696182619113315e-01
5.162658467744583035e-01
4.668251382948738204e-01
4.539834454937068942e-01
4.357869302566433345e-01
4.431436822800250974e-01
4.569667471220245081e-01
4.842960856328202834e-01
4.755173891735862135e-01
4.654916986130555601e-01
4.725678742776228680e-01
4.608725693862715800e-01
4.054294236345251656e-01
4.267937468261577827e-01
4.008362122430472185e-01
4.534556396920479404e-01
4.247965656756123587e-01
5.151542019261029504e-01
4.538081997666109091e-01
4.793721446524407681e-01
4.885127595021287461e-01
5.055321071186772430e-01
4.866676741172692999e-01
4.514930785629613919e-01
4.450943222132702770e-01
4.635296591027635582e-01
4.700266780240994757e-01
3.935840432951657197e-01
4.127684743367122100e-01
4.203806435539452213e-01
4.411373613500286783e-01
4.438533658625169465e-01
4.246850444933534807e-01
4.864880060654024896e-01
3.984322594962866892e-01
4.351312435866730999e-01
4.298270076379500093e-01
4.420522596551009209e-01
4.559640253596122794e-01
4.233646521058819778e-01
4.621497668090855382e-01
4.083846517494312267e-01
4.639572666688904778e-01
4.869677240478269553e-01
4.787543907422097678e-01
4.337000642526671057e-01
4.190318746508555625e-01
4.602433008936899217e-01
4.537372326196325023e-01
4.550482042631426305e-01
4.494670031839189117e-01
4.360356832894409784e-01
4.608822366763363765e-01
4.363828257391043075e-01
4.295318290908294312e-01
4.413966899267847688e-01
4.462342906867596826e-01
4.370347690223826409e-01
4.517485762750123035e-01
4.329301236852498014e-01
4.102605009746282949e-01
4.178488535746769927e-01
4.494243051543843070e-01
3.943421001590929897e-01
4.541251175002163909e-01
4.220400974035453112e-01
3.389151463417499066e-01
4.517994537490085949e-01
4.726263108541149394e-01
4.661975822032288219e-01
4.538723151005435996e-01
4.654540468928863861e-01
4.598231879310438197e-01
4.484289101868398908e-01
4.484460835101203857e-01
4.291307651793977995e-01
4.293705102705560606e-01
4.644616928088585728e-01
4.337473384495774131e-01
4.533810075245872095e-01
5.043142923601627858e-01
4.938836805442219924e-01
4.537165286035037548e-01
4.210839228453296945e-01
4.396965088543920985e-01
4.686626604749556946e-01
4.535887640036646018e-01
4.485200761268466341e-01
4.558703229890944120e-01
4.561075320567143376e-01
4.529422272391217530e-01
4.183704049114357892e-01
4.146952836025836198e-01
4.260248396858916098e-01
4.601347145414390605e-01
4.875464393220722559e-01
4.795822679910934916e-01
4.562321942560109700e-01
4.932853348825097517e-01
4.638581534521846739e-01
4.449764582060449225e-01
4.706784438373661228e-01
4.519130785882805035e-01
4.689728937168887724e-01
4.957426115189907390e-01
4.418753664357571997e-01
4.719316015596899949e-01
4.428777993740769525e-01
3.931460617925731649e-01
4.207957405828983699e-01
4.259578902862542482e-01
4.436255749329268139e-01
4.496669719221738637e-01
4.727157062429475087e-01
4.905316387516049925e-01
4.801204898073048732e-01
4.507089877927584753e-01
4.749775650683489836e-01
4.259821485810055819e-01
4.866434000013099004e-01
4.785975517177665783e-01
4.440324941013418791e-01
4.604242379982098621e-01
4.682619989355104595e-01
3.987347670992868465e-01
4.770872875910175948e-01
5.108951501571461495e-01
4.836299223013541537e-01
4.291365980089923426e-01
4.478559629145267285e-01
4.654545886359570672e-01
4.295287896586816867e-01
4.130629432352990182e-01
4.218503149729733170e-01
4.457658871158283742e-01
4.358416139799037858e-01
3.388999705826316045e-01
4.217935652534491875e-01
4.768399327823611422e-01
4.651684942393080613e-01
4.306963373167301268e-01
4.137232940126293057e-01
4.534254186094129890e-01
4.441633412945523163e-01
4.441189103482213185e-01
4.292531389570899969e-01
3.803967667515897877e-01
4.013934296212720576e-01
4.584901728020970291e-01
4.091321078459693172e-01
4.727655543118202686e-01
4.112003820378064556e-01
4.432314500209441066e-01
4.483607919234440797e-01
4.416992469746938155e-01
4.195409035987082147e-01
4.265040791302552314e-01
4.592029545083375353e-01
4.535347140318263803e-01
4.489000438945986438e-01
4.759550777579091840e-01
4.415851816003399932e-01
4.231922775790902258e-01
3.821251523597362643e-01
4.762880326002336684e-01
4.510320211641702381e-01
4.682362294329353580e-01
4.601894288017779888e-01
4.361875815788148758e-01
4.561504193879480362e-01
4.129247063562658804e-01
4.750287432817965061e-01
4.698786385191807136e-01
4.315803591896819613e-01
4.564527854674431673e-01
4.914481218630120662e-01
4.727399908117831950e-01
4.444124299791662458e-01
4.996875204454945263e-01
4.429110844240914391e-01
4.375323383836147717e-01
4.281079318918143972e-01
4.293231778072638116e-01
4.181907969187019236e-01
4.332953472483359048e-01
4.474834564723635388e-01
5.069069406923624177e-01
4.373761715964379349e-01
4.608807852180845654e-01
4.359571427451119363e-01
4.553816700560694986e-01
4.188973354104875702e-01
4.442792951628232179e-01
4.319741033552246257e-01
4.598017888842690359e-01
4.368810073291536922e-01
3.989720458345272225e-01
3.964571665380312582e-01
4.317312265891304346e-01
4.348488394271630697e-01
4.328609580187779415e-01
4.698126520882747181e-01
4.897722154228034142e-01
4.180553241873014025e-01
4.872029413681946974e-01
4.179059621279724857e-01
4.540057003601535857e-01
4.688528102512236617e-01
4.415070673491860997e-01
4.369641803136505853e-01
4.754881380924513845e-01
4.396060398367537814e-01
4.695835245689010673e-01
4.846120727429957808e-01
4.610405975576923887e-01
4.650784824892717495e-01
4.322679515562495856e-01
4.320541644153424454e-01
4.955856663758329561e-01
4.749991676309118782e-01
4.927683788248329866e-01
5.068716617619949405e-01
4.772324042293092372e-01
4.467826071132842136e-01
4.434081754018968091e-01
3.869023706911267624e-01
4.100860043150477696e-01
4.614859308295083395e-01
4.211158235283436468e-01
4.632419828846162657e-01
5.205246212065459677e-01
4.458394870737566462e-01
4.079886538929668460e-01
4.614692380801441174e-01
4.115045579674468379e-01
3.776036472855163750e-01
4.388682932554138771e-01
4.412372274281078921e-01
4.288086187040339725e-01
4.949640708089225738e-01
4.019902938980531859e-01
4.592846574850936725e-01
4.186896637969166335e-01
4.262637068904771009e-01
4.627081902038566175e-01
4.217195386839009963e-01
4.772384930457916341e-01
4.773928785068304315e-01
4.033229820067643079e-01
4.298198952818446661e-01
4.471834756340818395e-01
4.819338664281620499e-01
4.699547155034135004e-01
4.374934655120439886e-01
3.920884389397828462e-01
4.310052691494090094e-01
4.201089862747119374e-01
4.413294442518280736e-01
4.535068805033238837e-01
4.409049106965695075e-01
4.464957220069371013e-01
4.382296187723434544e-01
4.247587193649510762e-01
3.618583564367515160e-01
4.333428726950381837e-01
4.381453661986502990e-01
4.582334058050423486e-01
4.272684577259638905e-01
4.429003996249724073e-01
4.643549256317209828e-01
4.790003151659187330e-01
4.528431766739813291e-01
4.792645646094048639e-01
4.776532554663511787e-01
4.603265793446929544e-01
5.308686466638383727e-01
4.120646025968456860e-01
4.556846042316606837e-01
4.470002497280477494e-01
4.662654637597867247e-01
4.489073974823659108e-01
4.172519497217780371e-01
4.324763970579493799e-01
4.821990509032726413e-01
4.741285696673105954e-01
4.451023034062009942e-01
4.559457258104939181e-01
4.442429295807233114e-01
4.807585569879915255e-01
4.562041001627486492e-01
4.379822302630352326e-01
4.738492420948956507e-01
4.588021321942101216e-01
4.702765314563446819e-01
4.510308235254784637e-01
4.351077931345642691e-01
4.583170502244461875e-01
4.553465715886815812e-01
4.760530949263518941e-01
4.250363991525006879e-01
4.518438300543631270e-01
4.506610552992888485e-01
4.461699641168397901e-01
4.332695997290619272e-01
4.468992533307697967e-01
4.639838723551804045e-01
4.777453493833339615e-01
4.650864007989609084e-01
4.920512305072298753e-01
5.074394244700213275e-01
4.706971326227685770e-01
4.831008515285545313e-01
4.752210700789907816e-01
5.279543675437677885e-01
4.614963308349946947e-01
4.538919805932676854e-01
4.376381845834278472e-01
4.557376561734521880e-01
4.219307764701409891e-01
4.150507629400077003e-01
4.579947496415148755e-01
4.151223069009753464e-01
4.624053028208074956e-01
4.082845345915308566e-01
4.212410739454083286e-01
4.979053239342241532e-01
4.786075553484722689e-01
4.063210008860593803e-01
4.704705540687547649e-01
4.265097655851822767e-01
4.414315361572380692e-01
4.329038936799131099e-01
4.395653327564754687e-01
4.354852585993986835e-01
4.486080873165262384e-01
4.268416768822739793e-01
4.901698872082987379e-01
4.676039060460379648e-01
4.382446814254415957e-01
4.422956191530834080e-01
3.967806299151483418e-01
4.696431639507495648e-01
4.542869527507374383e-01
4.383859890548213456e-01
4.509809544892279254e-01
4.349384794416962796e-01
4.351857028587030052e-01
4.415878169114024199e-01
4.250530375643289394e-01
4.447904018576529506e-01
4.731713173883428381e-01
3.977732774555877704e-01
4.263753481672372669e-01
4.867036258142756200e-01
4.481193288436189359e-01
4.553166546660468716e-01
4.517102091860720203e-01
4.953808926866125062e-01
4.814062581600011548e-01
4.500886693481007672e-01
4.811095362365224171e-01
4.359819566700603444e-01
4.302054040693824022e-01
4.503847117942182399e-01
4.610450420399405669e-01
4.503598272955779969e-01
4.514325726083703305e-01
4.933304486251365306e-01
4.558361460725996461e-01
5.076039866466232064e-01
5.053533116534725256e-01
4.486866782376877083e-01
4.638571940109419978e-01
4.640042587530355256e-01
4.409061405186208704e-01
4.568004545175816666e-01
4.672788212854711576e-01
5.155946682104505241e-01
4.002549119048482984e-01
4.277588567123970509e-01
4.436095229303209653e-01
4.642049823412152110e-01
4.454883426732202945e-01
4.390201551403490332e-01
4.557891655704385814e-01
4.423163570604412564e-01
4.465332791383381239e-01
4.551336835683463256e-01
4.623403336320999202e-01
4.835122176553549034e-01
4.259989129986145318e-01
4.389939914949797517e-01
4.404768409992508849e-01
4.638644380703482728e-01
4.632020075791762892e-01
5.011688903675447504e-01
4.633455367833612115e-01
4.266673985277213976e-01
3.965597157489783031e-01
4.380406105888450807e-01
4.506904825286380256e-01
4.630295543859171969e-01
4.841803188219199749e-01
4.649784581429355357e-01
4.553959472174713419e-01
4.452479003868933249e-01
4.629234294073146794e-01
4.387438875683861705e-01
4.471173396009829881e-01
4.185429289551431675e-01
4.417651391611014944e-01
4.864330327168382984e-01
4.266012567803371125e-01
4.453740386090184744e-01
4.324311720000785786e-01
4.326525492109991600e-01
4.534808486701905061e-01
4.552035034578459372e-01
4.713240109921545962e-01
4.786252052588791939e-01
4.530642615373984272e-01
4.570543280382093343e-01
4.696735557228543523e-01
4.767767263953694434e-01
4.702233606262583576e-01
4.291563016491063420e-01
4.389808979162639901e-01
4.883862338241230505e-01
4.721865256815815370e-01
4.657014859591380174e-01
4.826300526585745043e-01
4.498777803420513921e-01
4.474546618571266787e-01
4.831583244431151281e-01
3.982025577742209776e-01
4.412266492283528629e-01
4.172880575226229904e-01
3.789535928841685219e-01
4.800125931469469420e-01
4.129312386223170650e-01
4.213072072758021758e-01
4.459162919924175572e-01
4.823906050642389198e-01
4.564566814592133648e-01
4.595308456172925160e-01
4.074314902434330032e-01
4.433895969452987251e-01
4.956265868151723542e-01
4.227557794338711594e-01
4.033678189452086782e-01
4.768054104218560907e-01
4.464455493192444058e-01
4.489471435266799149e-01
4.001336466560526661e-01
4.182782412927820714e-01
4.586873419263419183e-01
4.187914241359958489e-01
4.366949039219433226e-01
4.601014957425422769e-01
4.695045061591607838e-01
4.469384506393505041e-01
4.356703906405050564e-01
4.861120980494095245e-01
4.659612929154277605e-01
4.753979678809662768e-01
4.864824067993018253e-01
4.850237726729245136e-01
4.649362729459308730e-01
5.030380348782877986e-01
4.580566421326786597e-01
4.581113652303361317e-01
4.995357198687399580e-01
4.364647479147205078e-01
4.850505359986496123e-01
4.662273070144113407e-01
4.487240537659769046e-01
4.618770437608143431e-01
4.847513437900877742e-01
4.342833450004378593e-01
4.711205462355830820e-01
4.915584383489626785e-01
4.966509440224650684e-01
5.425158359848593070e-01
4.748562252374848303e-01
4.675457918142310043e-01
4.926686481125743255e-01
4.664085761338457314e-01
4.281321800715067738e-01
3.996172378974471306e-01
4.455317743380339257e-01
4.487434977448219175e-01
4.834628163388706712e-01
4.273414455989970606e-01
4.143791750667633611e-01
4.232130352530610873e-01
4.637849336397618649e-01
4.238612242120192719e-01
4.076439038297879902e-01
4.972981619526327113e-01
4.546254337554139768e-01
4.479211326144701966e-01
4.568945213591443788e-01
4.508417030220194799e-01
4.493754052977032010e-01
4.507209286047619279e-01
4.587973197151142823e-01
4.421381931991824055e-01
4.380650215504379719e-01
3.719865530603010395e-01
3.971224919217631322e-01
4.284959092339795661e-01
3.943785133502554219e-01
3.960540097316556096e-01
3.872089958240700902e-01
4.718531037611614631e-01
4.238938496749887763e-01
4.655157796039983142e-01
4.798254465813465153e-01
4.463454647966348388e-01
4.054579831006763224e-01
4.833361287774856074e-01
4.629400121963715975e-01
4.828423125390540194e-01
4.907298060955939123e-01
4.989919182054867730e-01
4.832523797040168545e-01
4.545142294751985390e-01
4.401547129454100316e-01
4.506960164153333559e-01
4.640269531760773947e-01
4.678120948649186484e-01
4.920122611611812968e-01
4.671796928102842084e-01
4.662766584583203366e-01
4.449818404885971801e-01
4.027264445958433359e-01
4.706791875695242044e-01
4.245317366307062024e-01
4.426817754706044994e-01
4.286515811326112035e-01
4.723949250758962548e-01
4.288437295875489053e-01
4.118543023975917983e-01
4.853281139047994630e-01
4.727684636162576837e-01
3.978123090397028272e-01
4.361896263505691818e-01
4.426438398006828367e-01
4.419372174477309012e-01
4.579311567215673118e-01
4.569221868527094110e-01
4.414058121464317086e-01
4.527765988109617723e-01
4.599870477008893843e-01
3.780222491602532875e-01
4.877201221989654889e-01
4.426633738416209107e-01
4.909866575968966917e-01
4.368313709890600527e-01
4.637432803777574719e-01
4.432571058971281897e-01
5.058802393395228636e-01
4.754655395810918339e-01
4.768700559358397539e-01
4.242243603515682970e-01
4.594478588070292635e-01
4.535255123384239750e-01
4.555768654729052125e-01
4.477380202852710434e-01
4.225850371797635896e-01
4.624960752591064095e-01
4.524445488741978272e-01
4.842131866457823341e-01
4.364392216880679798e-01
4.432946452003486137e-01
3.898794493374969083e-01
4.504746408720267103e-01
4.146077673568034916e-01
4.663144164738364239e-01
4.548522998694677910e-01
4.282782017781177619e-01
4.734948480188977404e-01
3.854720370328230117e-01
4.269853237445694338e-01
4.456687827153982262e-01
4.592213691198577252e-01
4.484707646840225270e-01
4.542596667884779005e-01
4.491830924011821491e-01
4.654632854282581000e-01
4.196733938052861212e-01
4.635036433280283474e-01
4.167228073724925652e-01
4.381138721449978624e-01
4.659703079940628601e-01
4.779204798926787179e-01
4.673587933239757297e-01
4.611097598084611948e-01
4.768650785683112847e-01
4.510205763968238024e-01
4.425761949185666455e-01
4.608576808077440856e-01
4.603860858312606719e-01
4.507420357341330175e-01
4.588918136969951100e-01
4.922871763802245115e-01
4.432523514391016883e-01
4.606567968201087937e-01
4.399358591842928989e-01
4.494357379916020245e-01
4.603069017234387994e-01
4.218336233781302957e-01
5.115652698534521869e-01
4.603031126869828737e-01
4.778175680207578102e-01
4.695735013197696595e-01
4.680304236424949194e-01
4.222929260348406433e-01
4.532422225463647036e-01
4.309135957693704944e-01
4.354533227858721212e-01
4.222358522732315156e-01
4.291646780663562755e-01
4.183092689884612692e-01
4.227023456496749043e-01
4.934986358142338658e-01
4.955198028354421136e-01
4.356969277966243892e-01
4.289361457650632814e-01
4.467317717559206036e-01
4.418574507404315899e-01
4.380905754747937420e-01
4.632184674590998918e-01
4.401953466894090172e-01
4.311583339949937033e-01
4.231791075653453249e-01
4.467885393911189551e-01
4.442181929658397532e-01
4.484333348122200857e-01
4.656353198657320336e-01
4.762033250357993186e-01
4.265584584685749858e-01
4.271486449368205873e-01
4.080523546209484653e-01
4.873591815708144814e-01
4.482861748196423912e-01
4.753991358127708788e-01
4.543440580696457842e-01
4.856521319733680397e-01
4.737043136587530401e-01
5.153555776966544100e-01
4.230018042323004934e-01
4.598762191189465498e-01
4.090289704037839424e-01
4.503033756659084452e-01
4.467487031994604729e-01
4.440601999836349401e-01
4.657764247688781500e-01
4.986949566855305438e-01
4.836407123109482953e-01
4.826164067232250332e-01
4.844778027790006547e-01
4.444887455527247178e-01
4.677373680631325970e-01
4.635893932447971433e-01
4.888227424095244467e-01
4.366814269998264275e-01
4.390933662579448726e-01
4.209289422020945914e-01
4.366184136972161012e-01
4.312508683572846557e-01
4.452032476947962447e-01
5.002764629649651962e-01
4.706855447997534414e-01
4.492733345692243030e-01
4.450908758677155630e-01
3.930512231703711667e-01
4.340554057335206939e-01
4.208984520122521777e-01
4.093924948724705914e-01
4.530894054496392709e-01
4.355462110698691824e-01
4.704271859934145983e-01
4.265210669071196614e-01
4.237194496162395851e-01
4.935796003523458264e-01
4.710395857864623226e-01
4.859743030154203836e-01
4.137568419275026166e-01
4.772886109311749170e-01
4.846075358954076706e-01
5.221326759742557222e-01
4.734901927997213211e-01
4.873909335380088859e-01
4.753321919298108544e-01
4.960772337145819000e-01
4.464224555941964101e-01
4.425507196333023363e-01
4.918644131306083578e-01
4.174282603609854592e-01
4.513235788682311012e-01
4.304885352622200845e-01
4.863433251171455085e-01
4.640566245374450061e-01
4.963423935386828689e-01
4.896082537886229380e-01
4.263180569943449960e-01
4.424386520760299479e-01
4.096203612768488100e-01
4.409888139592252898e-01
3.920990821818522987e-01
4.470905204979122027e-01
4.079944750611753101e-01
3.804040364293199694e-01
4.511949916675300210e-01
4.393851162650998510e-01
4.373725245946469831e-01
4.157479703289140294e-01
4.118730225392208677e-01
4.438530136714455288e-01
4.425558351055952633e-01
4.527900948666648273e-01
4.192882950537962228e-01
4.324138746648498177e-01
4.373866792779255164e-01
4.061643579020977057e-01
4.708407552281829167e-01
4.503830896351532220e-01
4.698206038629823000e-01
4.854117958299065672e-01
4.367134821793360322e-01
4.785475727162558646e-01
4.510182511492737967e-01
4.626287752247790763e-01
4.702574668293642568e-01
4.275048103184974080e-01
4.170954242774409515e-01
4.511228560126843146e-01
4.755300694204827594e-01
3.987288726045429277e-01
4.002504096926074451e-01
4.743585280769085366e-01
4.427592047779186912e-01
4.359691549200462313e-01
4.293090131332320536e-01
4.262901589371964617e-01
4.548063012347270395e-01
4.561086948309758249e-01
4.699015325061646209e-01
4.372262457642857592e-01
4.690180352928106644e-01
4.623181916431604033e-01
4.515490185527744060e-01
5.058781028483849695e-01
4.607409768331655608e-01
4.889001612666965535e-01
4.809644201754139092e-01
4.274650713670762880e-01
4.424108829192359149e-01
4.500353975442299426e-01
4.967401454301193509e-01
4.607094402054070503e-01
4.233821152624800965e-01
4.102844553290235230e-01
4.802187692641871619e-01
4.074364211749182951e-01
4.473454845042984518e-01
4.404400902201661139e-01
4.341135801682831641e-01
4.410460269308967840e-01
4.804416006330188282e-01
4.270860726921248962e-01
4.116229434069613724e-01
4.871314372917827651e-01
4.368003013144765023e-01
4.489604484660632000e-01
4.095666309986046305e-01
4.152942960496426306e-01
4.466471377173933943e-01
4.291236722934372860e-01
4.413357779478382370e-01
4.713873518424318565e-01
4.397377687415613967e-01
4.113610360524426746e-01
4.135660754286256124e-01
4.808782262227216386e-01
5.014891486631273265e-01
4.694133788981646460e-01
4.286128290981764399e-01
4.204616668924830991e-01
4.694476574283354964e-01
4.802925413020301404e-01
4.417821933132528578e-01
4.258280708003590043e-01
4.510834838080921005e-01
4.177760738662294471e-01
4.288556497769133169e-01
4.581219452317659147e-01
4.721275055146551547e-01
4.446498035473605559e-01
4.186479533904342576e-01
4.143104883335554933e-01
4.691284987337037138e-01
4.304268553532642483e-01
4.439493425688319506e-01
4.556400951441710312e-01
4.651483804602110084e-01
4.239031019691138491e-01
4.195129917673720010e-01
4.470255988115117152e-01
4.544617044144275142e-01
4.802458483859162741e-01
4.393925769527491365e-01
4.667284649631521787e-01
4.977780969005816680e-01
4.543814651978344554e-01
5.208991567671567013e-01
4.726786878692835758e-01
5.111164220321436913e-01
4.459751831184985416e-01
4.349854962319693596e-01
4.357421189658247651e-01
4.638822607302472423e-01
4.510625903251324065e-01
4.023824048798333997e-01
4.287599585827226445e-01
4.311290153488983035e-01
4.540429859855862893e-01
4.504785587467235453e-01
4.658097843745534483e-01
4.980492776636244456e-01
4.761726601608476939e-01
4.931236189516149393e-01
4.458623923489918872e-01
4.647621297180448141e-01
4.074813864472254799e-01
4.248271336875040216e-01
4.745064370505399642e-01
4.071872565611617256e-01
4.995143148454568860e-01
4.744361251383659717e-01
4.640349900648806925e-01
4.658487931979166663e-01
4.813224475939554825e-01
4.647205867575132654e-01
4.772558034866707932e-01
4.681824624422154524e-01
4.546983036370569886e-01
4.733189215451267251e-01
4.583780274712259128e-01
4.518439244816312428e-01
4.406132142930538342e-01
4.644891547394007780e-01
4.253959609158429744e-01
4.256081131636103576e-01
4.285374452178646321e-01
4.111021253988984547e-01
4.110750210329251475e-01
4.691558284064110684e-01
4.155550489174647533e-01
4.437571526450137527e-01
4.346138990165919203e-01
4.474373497732376248e-01
4.611664502204985139e-01
4.442355979856456027e-01
4.641518958335123513e-01
4.865877392673776392e-01
4.812053216882233309e-01
4.667775932003674910e-01
4.941025202405794903e-01
4.753397462244997596e-01
4.955478137486427070e-01
4.584821860759003553e-01
5.054888250734068667e-01
5.449664385689021451e-01
5.187811270165221256e-01
4.931604242234451929e-01
4.941887749568917299e-01
4.818887485302792983e-01
4.756459652918542114e-01
4.792315688705031662e-01
4.394609704943021056e-01
4.705716162831274363e-01
4.427330224778023293e-01
4.902700532846105963e-01
3.800562823006458091e-01
4.499944305459936955e-01
4.251760759453619976e-01
4.379998659979991715e-01
4.860079788482479235e-01
4.729921315357875078e-01
4.846413778920101723e-01
4.869332252233654068e-01
4.297563649056936885e-01
4.071374036429556975e-01
4.664060232110491810e-01
4.756144241604508549e-01
4.299659168811125198e-01
4.380428075845673175e-01
4.339154238785834505e-01
4.447303434916419218e-01
4.644605620335130469e-01
4.727202899499184929e-01
4.472546186329848794e-01
4.471013871194413625e-01
4.545712201200415303e-01
4.624466350579881646e-01
4.654971736377032099e-01
4.171559549819142121e-01
4.349688953614763154e-01
4.529081567745912307e-01
4.507552108657398859e-01
5.408083078216543438e-01
4.786459018922966102e-01
4.815986414909827484e-01
4.502968616778819655e-01
4.771114599147296409e-01
4.348338290767354564e-01
4.345272963830206225e-01
4.291790964001834796e-01
4.478412652032702224e-01
4.795738274072254281e-01
4.702519276109267121e-01
4.820299781532663697e-01
4.494147878472470881e-01
4.690590822182924002e-01
4.532096824997881579e-01
4.137937838511837607e-01
4.428020306121547289e-01
4.254380427957588640e-01
3.909153963593081094e-01
4.409131166505307342e-01
4.350687617344847768e-01
4.864191919714324075e-01
4.680958525355758404e-01
4.378349069269591998e-01
4.743838713948184682e-01
4.628632389380037959e-01
4.804426118066064677e-01
4.619120184167671561e-01
4.155467156383100824e-01
4.683855237033026087e-01
4.582717303597716452e-01
4.127143966644413187e-01
3.938528981999672163e-01
4.382941417793645433e-01
4.479384924069423901e-01
4.709375046834131107e-01
4.486834003932024251e-01
3.660613335873839080e-01
4.549356949276971429e-01
4.219676997096695747e-01
4.610312332938016899e-01
4.567906737762438829e-01
4.430042369493700782e-01
4.626187744963368154e-01
4.810775823507678628e-01
4.655140412163853991e-01
4.486830498650220544e-01
4.391067487188828333e-01
4.621244701606931349e-01
4.569654209750335649e-01
4.223299755714123860e-01
4.784280185065485913e-01
4.607219878951373526e-01
4.631978853145142239e-01
4.559802992026759649e-01
4.560646271144535024e-01
4.708624412712785201e-01
4.884055037600157911e-01
4.489780112005897772e-01
4.475946571969441901e-01
4.299802557072910369e-01
4.480857209367972160e-01
4.535035758266897088e-01
4.493756845421993384e-01
4.834118097946354387e-01
4.371473435336203917e-01
4.508672021118454443e-01
4.262944319326409381e-01
4.498979736169376742e-01
4.125729656772734733e-01
4.125259164183916472e-01
4.249002442203994034e-01
4.352254290732074926e-01
3.976383657256887250e-01
4.379093426457820737e-01
3.918765771266016218e-01
4.370532670092239780e-01
4.041294016153289537e-01
4.335094553883457880e-01
4.476647550529682107e-01
4.262920691343769497e-01
3.750529113129824621e-01
4.366174164267424551e-01
4.499301891328925662e-01
4.544508635192487378e-01
4.622733362581991079e-01
4.306418318987829119e-01
4.259422744235860647e-01
4.816734154018357250e-01
4.942103087973574449e-01
4.875261766639418237e-01
4.831371255715974922e-01
4.373146447339156251e-01
4.356899221780178855e-01
4.222009017418612564e-01
4.503110267898012276e-01
4.244838549042506126e-01
4.391810912182761428e-01
4.430139130498647604e-01
4.621749876479622210e-01
4.919455686764789282e-01
4.812960346977708248e-01
4.229314989743472863e-01
4.689382192425078366e-01
4.228991827763802780e-01
5.021186421443781800e-01
4.340740407599392725e-01
4.610561675313097352e-01
4.602931129947890332e-01
4.397125857664743176e-01
4.207020785587937683e-01
4.849579065115032228e-01
4.972595839320187450e-01
4.689660131934797471e-01
4.599025729539665264e-01
4.616595612226874201e-01
4.974862493768649752e-01
4.557303654459347597e-01
4.500680832886697624e-01
3.972288527456461771e-01
4.928191955860753426e-01
4.420436944140131441e-01
4.428412275167420975e-01
4.520285046211225399e-01
3.954943623034254396e-01
4.081318704072837145e-01
4.302584561188224077e-01
4.484771159244957950e-01
4.514289614011617879e-01
4.535909862101850099e-01
4.461919901264015387e-01
4.599618185076251864e-01
4.769625983384780388e-01
4.302920463221649450e-01
4.481481689442393113e-01
4.265926365327463721e-01
4.488055448477870080e-01
4.439188571851571674e-01
4.596023448078260243e-01
4.598449720202672508e-01
4.489807865699719236e-01
4.650795889804718031e-01
4.207705218234338296e-01
4.261650768244946708e-01
4.701647139341155746e-01
4.346778899711983835e-01
4.573549526715806612e-01
4.267906758160286973e-01
4.208257779338153148e-01
4.541152620399042661e-01
4.542113287335640681e-01
4.800004780700502516e-01
4.686555091912713578e-01
4.283460082424041526e-01
5.092645800159842917e-01
4.629937109772651604e-01
4.426174868561201792e-01
4.347241415393190422e-01
3.981370041711020935e-01
4.523516626973125843e-01
4.105215013607302343e-01
4.584699214391931843e-01
4.525981085451999952e-01
4.708047027922654948e-01
5.071729695147371153e-01
4.660557224009427291e-01
4.324895419120323714e-01
3.892167971543171179e-01
3.904509536982789242e-01
4.509628886983961249e-01
4.614585373291776871e-01
4.245823061375743612e-01
4.691869652794982137e-01
4.496080182197996766e-01
4.598606952694986871e-01
4.933115441582773264e-01
4.510756939222358985e-01
4.218449817482133879e-01
4.324202654323728856e-01
4.465666487679487151e-01
4.993190695203582607e-01
4.447824410556671659e-01
4.592598804895374753e-01
4.384100152869776501e-01
4.418195637561181943e-01
4.436110152895459402e-01
4.726644148549565272e-01
4.249505829808998825e-01
4.030081023793179451e-01
3.881690922859875603e-01
4.479775459115992731e-01
4.297898179382130812e-01
4.441475243175468379e-01
4.301951138300110222e-01
4.608035376192299304e-01
4.269931437485033898e-01
4.785510495103538764e-01
4.543200459537041214e-01
4.777733486824369824e-01
4.761568469624687383e-01
4.558918260689076019e-01
4.006144338533462745e-01
4.319278853300476673e-01
4.814810625767885210e-01
4.462125454853683726e-01
4.458518649897827424e-01
4.616712169020979473e-01
4.938867712610157112e-01
4.273952462966392196e-01
4.630155405704826088e-01
4.552856708814035369e-01
4.522657363995911117e-01
4.277123806616728308e-01
4.313894474049906891e-01
4.891589231279825367e-01
4.116410106147719850e-01
4.118965838040122840e-01
4.558362355203163241e-01
4.853922209003408983e-01
4.813622217792299929e-01
4.928889499920003914e-01
4.920112532153499973e-01
4.602314217791849682e-01
4.586583291286217556e-01
4.098794285189200637e-01
4.611555864124801674e-01
4.404474831131725554e-01
4.176580058723556865e-01
4.271580833272314859e-01
4.428046479140412828e-01
4.778966845581523737e-01
4.034255475431466897e-01
4.261533996543654390e-01
4.829442934247291097e-01
4.533899205028127377e-01
4.672358998580097289e-01
4.359701863931830790e-01
4.489080446792461654e-01
4.138275731307240468e-01
3.986091340228318236e-01
4.094109767127276367e-01
4.285809097805998169e-01
4.037359031095530404e-01
4.277844966432728935e-01
4.285649275366894551e-01
4.600203786097586400e-01
4.665364959778978138e-01
4.342494911167297245e-01
4.748060333788322041e-01
4.806432425272541553e-01
3.931037113631030144e-01
3.887951120370772840e-01
3.632287476429113537e-01
4.191687340620995350e-01
4.164849295651963934e-01
3.831008999273211590e-01
3.945743581134158462e-01
4.403860941113025840e-01
4.232428577461230246e-01
3.968431999412227462e-01
4.433799868245990039e-01
3.902013129640056199e-01
4.065964809523970325e-01
4.314301890402143513e-01
4.094586482387213011e-01
4.094882496115957449e-01
4.427509345516225103e-01
4.208303861229948928e-01
4.591220079191257186e-01
4.391525401969122999e-01
4.587816159670265459e-01
4.583485081944548845e-01
4.937044942647743628e-01
4.423869960998699780e-01
4.848224075628543295e-01
4.881765197399049461e-01
4.436447689787785809e-01
3.924620358524965602e-01
4.860057044842499563e-01
4.506551363615357575e-01
4.631873247192447307e-01
4.166255920229366416e-01
4.258833714573183049e-01
4.520497206017758951e-01
4.500247383644682131e-01
4.385061535823542300e-01
4.222992639805064341e-01
4.215825915181493633e-01
4.074975689826550451e-01
4.524030986721886416e-01
4.666925506424741688e-01
4.791767259058334338e-01
4.900705600890527536e-01
4.333410250765039051e-01
4.845596999277373418e-01
4.859990188032743408e-01
4.591132659947176897e-01
4.921210983385989612e-01
4.534655398447968166e-01
4.253016616724635823e-01
4.398872488960831051e-01
4.810325012116614674e-01
4.386388443747231691e-01
4.158826277572854613e-01
3.939477939858380129e-01
4.080531036160599534e-01
4.354284303090721897e-01
4.600088816810691261e-01
4.602605381615977320e-01
4.690264633781507375e-01
4.448467772746319548e-01
4.393056151090344308e-01
4.524372673098864261e-01
4.242506562742853204e-01
4.241822289195857909e-01
4.174951303008879733e-01
4.419129809052436686e-01
4.204574560978991959e-01
4.117138531736138085e-01
4.324685280685832689e-01
4.629965344116293013e-01
4.423473791962295176e-01
4.568974477564170522e-01
4.282635106627393218e-01
4.681910366168473558e-01
4.360248930474540652e-01
4.395628002732140938e-01
4.377963868937548853e-01
4.339037265727045400e-01
4.703345957495551066e-01
4.557763280099969561e-01
4.525714565728871652e-01
4.747378560647693702e-01
4.482577606903334622e-01
4.381717473094625670e-01
4.350270283427701834e-01
4.414166677392565297e-01
4.150392638511018473e-01
4.352130063312806829e-01
4.946520390816429580e-01
4.901602858256155493e-01
4.513936384585336969e-01
4.774893727987888914e-01
4.738287570519467695e-01
4.685371467091548614e-01
4.767541342580208230e-01
4.546251994899600524e-01
4.268426723909815035e-01
4.542958643355912707e-01
4.607583671951879234e-01
4.387567555625708215e-01
4.452059943417334686e-01
4.271758750330175158e-01
4.728241273228984687e-01
4.447678015049137956e-01
4.367453941628964831e-01
4.625486066255253825e-01
4.458166279349198846e-01
4.326196123879564315e-01
4.383606236331125117e-01
4.335348704463259928e-01
4.297389012123772889e-01
4.383017927316268381e-01
4.395228878491327928e-01
4.360444609263189331e-01
4.163827969156481679e-01
3.992487532485421431e-01
4.052517765159966978e-01
4.491830931175562203e-01
4.429620480948586181e-01
4.382356766377717983e-01
4.493068581618848700e-01
4.326930246045493922e-01
4.350178989376567440e-01
4.474512419622694304e-01
4.230524900143300959e-01
4.627453071286761754e-01
4.547024868867103331e-01
4.279732741083473457e-01
4.355741596763034740e-01
4.780640035543091693e-01
4.587625812986247387e-01
5.040226606409060617e-01
4.656887362704399957e-01
4.545026085224619372e-01
4.610208654226250480e-01
4.631297512040840059e-01
4.532572369865979223e-01
4.574045706525846633e-01
4.623655691981283233e-01
4.533727570184465927e-01
4.692716497589652369e-01
4.199950143107821221e-01
4.520095019119311219e-01
4.933318254240258161e-01
4.571398441415061020e-01
4.407114309720340239e-01
4.261953925595252657e-01
4.482496284967417699e-01
4.255504623060912817e-01
4.211567362206607990e-01
4.485893953658217082e-01
4.335540988940383422e-01
4.809643246683079076e-01
4.685416251848106284e-01
4.200741545002772970e-01
4.605011309456608082e-01
4.482145885324406165e-01
4.304157103160514142e-01
4.090775712857997459e-01
4.696126038245936885e-01
4.550999195225907124e-01
4.682595323750236571e-01
4.512505736852794880e-01
4.511879615310047664e-01
4.977770455289349250e-01
4.508989179167871564e-01
4.626865686985618398e-01
4.258578643046068146e-01
4.189245009879063453e-01
4.876765641171712518e-01
4.449026391603996822e-01
4.599564432101003186e-01
4.449671436088391552e-01
3.828690586069607438e-01
4.205106389277020740e-01
4.712397326174099232e-01
4.928269621737970119e-01
4.496817360053900758e-01
4.430940898602886979e-01
4.486278328705728402e-01
4.951071091700962601e-01
4.877815312691608507e-01
4.524237887965412153e-01
4.691046301888333603e-01
4.565069863359831892e-01
4.925563744765441565e-01
4.465112312902224656e-01
4.300170203912828670e-01
4.897766858799058598e-01
4.645586164353416314e-01
4.247201472096542862e-01
4.522457331878483866e-01
4.372890436004103210e-01
4.875707372277879315e-01
4.827530309260580910e-01
4.491572138637418554e-01
4.249496972307050258e-01
4.270239933220488227e-01
4.487353841635899343e-01
4.188078332807942394e-01
4.545154594415600768e-01
4.754781846462871608e-01
4.848361300624392523e-01
4.466477634311168399e-01
4.308448504576704585e-01
4.786566772980545559e-01
3.986301453669305328e-01
4.222006732763163295e-01
4.418749396122428896e-01
4.095070433367273832e-01
3.984225247217154098e-01
4.555674131145789896e-01
4.307456969173864003e-01
4.372180891292019589e-01
4.789624064753721377e-01
4.254923927646230841e-01
4.607921521234886186e-01
4.532428621066111885e-01
4.513052390186869101e-01
4.358645494991619795e-01
4.518940344986259738e-01
5.012433771982918174e-01
4.808731651872577562e-01
4.677741635223563454e-01
4.992824922085045691e-01
5.276336673034304203e-01
4.727879105588298492e-01
4.823263212541769041e-01
4.326139991669381013e-01
4.379746352776146545e-01
4.884069441063658701e-01
4.816202959359007774e-01
4.306736162327642337e-01
4.488896023084023024e-01
4.603152373215045334e-01
3.932452584439545262e-01
5.055196867253343163e-01
4.435167937730683518e-01
4.236261186368864839e-01
4.457582012642726244e-01
4.274855426860725838e-01
4.214317433349827891e-01
4.414648020923951366e-01
4.649492480069744582e-01
4.436448104940864390e-01
4.794331663437292335e-01
4.727485669873953689e-01
4.865381349858078908e-01
4.799327503594922884e-01
4.070556835774588045e-01
4.735143000503178046e-01
4.967659394926646765e-01
4.599759451089688311e-01
4.441520943184657511e-01
4.448506477781455914e-01
4.312886500829448688e-01
4.436034242261679972e-01
4.336199647443360061e-01
4.716473860405183682e-01
3.928843179392165208e-01
4.399771652162544622e-01
4.691265345092395234e-01
4.611762471292765730e-01
4.208779186670378869e-01
4.683579358262291992e-01
4.504472827692466708e-01
4.859314765454684770e-01
4.906450479352384431e-01
4.610772242212429761e-01
4.729071641455112607e-01
4.520143702950755182e-01
4.566650502187670768e-01
4.897083353784371096e-01
4.499890516068879576e-01
4.346457163257538281e-01
4.648525891381506403e-01
4.878942627573898960e-01
4.775404478459724378e-01
4.747507299993081742e-01
4.421184795184052718e-01
4.589587946082941960e-01
4.321472926395277248e-01
4.323190997527607271e-01
4.440839394600719636e-01
4.790186775560873467e-01
4.221174363448136346e-01
3.936300915715483795e-01
3.736601197725069046e-01
3.975567166950672582e-01
4.716586030128296914e-01
4.334591581224903067e-01
4.640706513354098672e-01
4.832065255152407923e-01
4.423479412447000048e-01
4.724465571678813092e-01
4.316427629729691628e-01
4.477595023301855215e-01
4.626096417748165046e-01
4.731914611055383912e-01
4.639976788047668332e-01
4.643634398813478170e-01
5.199598767402052735e-01
4.588086545469319266e-01
3.909422492139418837e-01
4.436485362959856626e-01
4.326402959476515764e-01
3.951951700976835125e-01
4.495682091636829525e-01
4.667811018088982022e-01
4.209917643687701161e-01
4.271449612914446914e-01
4.303435670937667545e-01
4.375447225238687787e-01
4.696338415611372441e-01
4.474932947342377121e-01
4.442788417712555393e-01
4.379935368330832857e-01
4.565510899775699349e-01
4.205139229989003358e-01
4.766037803519168059e-01
4.330490897175775511e-01
4.626900595853833953e-01
4.878425463527749084e-01
5.010569580852130001e-01
4.773788511088531417e-01
4.685275789865168128e-01
4.494624455589755208e-01
3.934967485509656693e-01
4.466606356908656150e-01
4.492531272906461481e-01
4.434156358688022270e-01
4.369239803299722613e-01
4.625826298654696078e-01
4.249246269591281377e-01
4.038194283955992558e-01
4.392816184608952512e-01
4.723457664032736369e-01
5.308928160058974388e-01
5.241969921339749705e-01
4.746052046762025967e-01
4.081436976300644726e-01
4.006626508836123035e-01
4.358117298510921778e-01
5.060882315712140755e-01
4.771798278710145391e-01
4.551144702683967980e-01
4.788108903375589698e-01
4.522778596957268138e-01
4.602279834973627692e-01
4.679817935346590185e-01
4.763604641761134406e-01
4.789217567412868415e-01
4.422976685249062068e-01
4.550412859601843385e-01
4.848267793138981707e-01
4.846203287420746686e-01
4.443840756745502940e-01
4.613008247790505445e-01
5.003388167273502551e-01
4.616088147348246240e-01
5.156758898774428390e-01
4.629080135370270965e-01
4.839771263781853516e-01
4.340749604145416329e-01
4.850667281974694878e-01
4.569894089388444325e-01
4.406372835052599357e-01
4.880115108616625563e-01
4.710197509230963919e-01
4.447465619404400994e-01
4.774444241929826083e-01
4.812199004019804272e-01
4.928327847567375297e-01
4.138386269120274408e-01
4.295547878284270982e-01
3.991675514824422621e-01
4.429065243084199244e-01
4.468705548889481127e-01
4.500717432935851803e-01
4.575130917452609469e-01
4.727460791406483120e-01
4.819145672531836566e-01
4.657970198547625174e-01
4.701583709948299328e-01
4.635217254757566518e-01
4.654880569545695734e-01
4.728060849208290395e-01
4.369611214895249840e-01
4.669909485941350913e-01
4.632705834492442665e-01
4.069829640449766917e-01
4.334653607953591337e-01
4.485802505549516539e-01
4.254661289783358002e-01
4.555634814558426338e-01
4.559688155699553325e-01
4.464513428720081611e-01
4.889675191749718874e-01
4.397089739621687920e-01
4.474298383768148812e-01
4.415055593576147075e-01
4.745984213864025691e-01
4.674727832500092384e-01
4.756723913853999619e-01
4.506354758309245589e-01
4.819411406498841366e-01
4.660058354957218318e-01
4.626146857257791845e-01
4.572604437762295415e-01
4.454004196091991274e-01
4.612496452348275322e-01
4.056431262733969367e-01
4.260299770092874083e-01
5.029241938675151902e-01
4.575932675354065227e-01
4.845094441961034226e-01
4.546314827974596295e-01
4.679103951491602742e-01
5.117076215642957226e-01
4.967922414737296344e-01
4.633385331289062714e-01
4.740008550528906350e-01
4.844084025118981507e-01
4.390673391660718239e-01
4.433283829817903365e-01
4.249364076185935812e-01
4.391046619390653882e-01
4.043474522813993444e-01
4.198246385498252131e-01
4.369075818000756062e-01
4.638056009104506994e-01
4.970556935282393063e-01
4.353651129614297122e-01
4.521324208144821277e-01
4.477798463068486945e-01
4.369212414869184102e-01
4.525899080718910339e-01
4.419898715827494384e-01
4.732491657266744145e-01
4.281143197404326806e-01
4.478730098981846264e-01
4.887285069806243665e-01
5.054966684966993862e-01
4.722994594842835347e-01
4.467815868903954324e-01
4.470938996218483119e-01
4.555107348665756728e-01
4.290097897882798050e-01
4.814414018238673543e-01
4.829743004159157138e-01
4.615514187774553134e-01
4.568090262890195929e-01
4.286886555119253650e-01
4.140923767235414887e-01
4.866711437422768238e-01
5.078811772211273556e-01
4.459249923955720951e-01
4.076523872465603326e-01
4.197701497660898950e-01
4.600238156261637901e-01
4.148254891752881091e-01
4.371237778931473250e-01
4.158841607769431237e-01
4.201145841946577475e-01
3.883599149433350495e-01
4.437421660435537096e-01
4.688275546166762453e-01
4.343097814289881842e-01
4.503806992457900504e-01
4.376387060644624794e-01
4.287077540281073462e-01
4.207592560280414840e-01
4.182355260023338239e-01
4.620632851572256672e-01
4.624369711228435431e-01
4.541478410160213475e-01
4.658702922769173416e-01
4.230463101766819833e-01
4.385974165376888001e-01
4.496162926094092738e-01
4.275241450251980879e-01
4.167026289631970970e-01
4.150468142569021524e-01
4.007169345826360196e-01
4.181510875014816664e-01
5.293001402012613710e-01
4.945135543595358119e-01
5.103580930272039184e-01
4.724136400300598115e-01
4.438379789135129538e-01
4.723051851815172064e-01
4.464392285710549468e-01
4.480857455221548546e-01
4.285672322091688691e-01
4.374394477679132143e-01
4.593854766222237318e-01
4.721251577782173414e-01
4.259056755133751038e-01
4.468560186788058108e-01
4.544212875307659938e-01
4.700820441215878276e-01
4.205553958608971854e-01
4.454269541409255906e-01
4.775048501635960063e-01
4.918524162945476230e-01
4.720683628952213606e-01
4.506246328990387573e-01
4.681447085629266702e-01
4.255933566733326456e-01
4.716869559838938741e-01
4.799531622700144995e-01
4.860411275622220639e-01
4.852492701101042694e-01
4.785012262451468490e-01
4.161126701926778915e-01
4.127909199880551161e-01
4.787394955172429301e-01
4.785758951862417732e-01
4.432949663016138575e-01
4.515423293872365407e-01
4.683160905314548428e-01
4.162827210047164717e-01
5.265613209250235016e-01
4.338221618537735913e-01
4.469339544568786127e-01
4.683313265877070974e-01
4.569157590769487021e-01
4.598204516500018491e-01
4.181991287343473362e-01
4.287235353474428412e-01
3.997885453342731044e-01
4.350796765323163839e-01
4.939470495042435072e-01
4.146407899689271703e-01
5.130213811887223141e-01
5.111401003173243751e-01
4.584677687164592230e-01
4.820759271704657123e-01
4.420175809436753811e-01
4.367193084616793897e-01
4.331639876628651797e-01
5.007022339295440494e-01
4.632414342881839286e-01
4.314592284257556809e-01
4.598299492254948051e-01
4.580452883720780299e-01
4.972074472377173704e-01
4.905594623946666344e-01
4.708421407346216614e-01
4.601840202107008171e-01
4.984116714212924459e-01
4.788318939121171680e-01
4.379882615077299035e-01
4.317589977946025281e-01
4.639213240346723444e-01
4.878542483747704828e-01
4.649454883846496078e-01
4.399048965865967054e-01
4.747364615360984419e-01
4.198800478259928637e-01
4.355537266887820058e-01
4.816580628897563221e-01
4.265876202784335547e-01
4.529666947328411242e-01
4.323035193065294379e-01
4.615325280802878849e-01
4.300025526799881592e-01
4.766573622555806411e-01
4.415947190087105012e-01
4.507794760458342376e-01
4.563441054768868632e-01
5.063566754967315786e-01
4.377910138821804464e-01
4.541859575726585052e-01
4.242928373386575802e-01
4.629633420471460648e-01
4.144763246789375799e-01
4.186294640563537062e-01
4.365827054754843894e-01
4.242561815197952724e-01
4.292442943324272786e-01
4.897103094312833527e-01
4.821301094261463138e-01
4.779963889123303167e-01
4.329258716940014851e-01
4.523381515812092135e-01
4.526231085000522181e-01
4.519327501286474758e-01
4.997180516185720234e-01
4.776701944678249379e-01
4.683361203957123742e-01
4.622971281725100079e-01
4.374988679179517281e-01
4.408832621125944873e-01
4.071416099334857486e-01
4.051177373283639249e-01
4.341976237284635998e-01
4.186964786092015611e-01
3.968139486772209734e-01
4.407385404655282390e-01
4.211780787135865345e-01
4.463207613473036406e-01
4.200409917768130885e-01
4.798168418857307604e-01
4.599087365961165852e-01
4.284507516449287956e-01
3.903257047959698411e-01
4.157527478748096472e-01
5.266024986225190663e-01
5.149122029731262318e-01
4.988283525335773794e-01
4.967314946487199623e-01
4.809496944895564896e-01
4.194934509476315743e-01
4.409176916077802155e-01
4.802129496351794646e-01
4.536673922562545203e-01
4.457030335562507939e-01
4.473728656944818693e-01
4.579923043671038640e-01
4.800960126583130871e-01
4.701455778603406688e-01
4.522760581010284442e-01
4.939708007770395870e-01
4.795269992175125173e-01
4.307654346852760607e-01
4.078098532385920350e-01
4.417038077445647470e-01
4.895041534537555306e-01
4.039444722351085981e-01
4.494133180951936368e-01
4.489503559014841882e-01
5.014275326589262560e-01
4.644644903617994869e-01
4.329809304919856605e-01
4.776386287668434316e-01
4.808917497968309696e-01
4.562874665519358053e-01
4.650061346316070043e-01
4.428736684011577163e-01
4.652709676615771617e-01
4.343710879793303836e-01
4.571181103848943050e-01
4.271576778136799146e-01
5.090211511765703190e-01
4.558733925128864994e-01
4.783837792038647674e-01
4.487611193718404334e-01
4.632977708308722020e-01
4.358827914909116918e-01
4.393097499810718065e-01
4.424190211789908456e-01
5.036297217306267004e-01
4.740235931050310048e-01
4.599250209727953065e-01
4.168635264329613177e-01
4.755758014139137013e-01
4.973396983644496339e-01
4.839352911562121995e-01
4.424640419007367931e-01
4.347930404762957446e-01
4.824076227026228847e-01
4.240827912642589070e-01
4.650280770013762166e-01
4.533178413852539945e-01
4.613214836146387055e-01
4.332493900108977392e-01
4.566017134401661459e-01
4.721786897411824335e-01
4.686368810029164500e-01
4.763273491540800930e-01
4.703169937633607245e-01
5.093477435932941555e-01
4.681210753307005201e-01
4.360073808662739414e-01
4.606133387689233527e-01
3.996151830159049845e-01
4.660532731967483855e-01
4.792144274073898425e-01
4.462811324066100482e-01
5.006384271192350077e-01
4.754391195676407889e-01
4.743768477772203895e-01
4.417650980171894393e-01
4.308888094385354139e-01
4.738857976713173881e-01
4.775700068209510207e-01
4.507400425487311790e-01
4.577922171800890005e-01
4.527642305191050265e-01
4.860854090887207213e-01
4.291511237130155587e-01
4.678869370362308544e-01
4.473821529219588200e-01
4.465847635498964574e-01
4.346623672901987478e-01
4.495144133986913593e-01
4.556176344199149852e-01
4.131033032450226461e-01
4.247477632208453979e-01
4.531705410022474623e-01
4.143122744733455098e-01
4.569685866361187787e-01
4.445447112519245736e-01
4.258016164022584427e-01
3.951434088497413066e-01
4.733554235118138664e-01
4.485564420564712163e-01
4.253263180135294363e-01
4.456043716921015974e-01
4.170889029893079525e-01
4.540814459305821948e-01
4.330674607083800920e-01
4.536498116693232219e-01
4.495415121831138894e-01
4.759515248504430085e-01
4.634768936494208513e-01
4.490030102824468239e-01
4.928916370516375212e-01
4.579095622081612027e-01
4.212556483618395964e-01
4.670625992790844450e-01
4.487531883605546112e-01
4.407455455891687301e-01
4.588137174297405307e-01
4.576307212277200276e-01
4.387796039273984539e-01
4.462585764869925198e-01
4.671683518323928586e-01
4.649437639243982345e-01
4.409881346295524418e-01
4.701346542454898914e-01
4.640315878480074097e-01
4.504156380624547706e-01
4.728606320714718869e-01
4.790851789537378669e-01
4.883514790056902033e-01
3.929447085358612757e-01
4.761171320543119978e-01
4.572811307787071344e-01
4.390439846199180596e-01
4.802266813681665969e-01
4.747237219445553102e-01
4.458171857144218042e-01
4.503012832473788918e-01
4.283185705210732497e-01
4.549269460907310325e-01
4.587619304163672584e-01
4.787808633810298198e-01
4.834727182343172558e-01
4.863723706512534939e-01
4.341909232328760027e-01
4.392715232499831979e-01
4.104852564908277879e-01
4.080100574413089154e-01
4.364117909636300863e-01
4.685916654670492787e-01
5.048779541814018001e-01
4.711140333644184275e-01
4.432093615988480506e-01
4.266930317906471593e-01
4.281051887165969183e-01
4.539087906735311817e-01
4.169531731786327300e-01
4.610518585984124118e-01
4.474934580623706193e-01
4.265012690389025640e-01
4.602343723893691507e-01
4.103432799233260320e-01
4.556654022351468436e-01
4.325995105431297838e-01
4.271374881070001961e-01
4.182153039357112689e-01
4.850744233916455816e-01
4.842415000671712044e-01
4.229828206246380451e-01
4.372807106113020259e-01
4.287045682750363351e-01
4.530616880650815692e-01
4.499916500988832002e-01
4.486513976479436505e-01
4.027111950955741815e-01
4.497491646319540792e-01
4.740633590633091532e-01
4.371045453770822098e-01
4.071093607799121661e-01
4.062929095213550501e-01
4.258259185589876039e-01
4.720621702185102131e-01
4.577530650421883229e-01
4.205586646370158554e-01
4.660017662111977099e-01
4.049354998704444708e-01
4.274078777618629532e-01
4.306980431689871880e-01
4.387236145192558445e-01
4.943310785878812230e-01
4.892884152462815828e-01
4.754751133870139812e-01
4.231548012640927725e-01
4.768320034770548999e-01
4.601240362492381997e-01
4.196471572712442422e-01
4.114446910042743322e-01
4.149346207696149591e-01
4.124284291727132734e-01
4.267612517760830393e-01
4.243755083430201802e-01
4.078562432535878246e-01
4.292623520628725542e-01
4.357471513324007173e-01
4.851383068260837206e-01
4.281101154360903993e-01
3.686198687330194401e-01
4.964899280433555662e-01
4.305424418165585965e-01
4.108262864836231265e-01
4.605464446639900844e-01
4.704230738714456073e-01
4.864025075887927207e-01
4.109419577303485838e-01
4.180581031537175529e-01
4.149653289997202177e-01
4.458314449615669028e-01
4.622340925760478059e-01
4.373735638822835448e-01
4.284041071006676749e-01
4.020893091363818006e-01
4.080274610718435113e-01
4.377791307898161177e-01
4.638662543953212536e-01
4.679195323716075494e-01
4.318871228214274383e-01
4.528619167546156787e-01
4.252743567470426145e-01
3.976328635850162607e-01
4.335238746254457265e-01
3.962551860922540747e-01
4.255169468369027208e-01
4.263088675975088004e-01
3.693431176455532206e-01
4.310610582575385985e-01
4.665006298839279864e-01
4.028939497335112252e-01
4.767262492765541593e-01
4.709163448763517001e-01
4.587747537929485753e-01
4.785337271605802911e-01
4.885192583196278360e-01
4.418253100714057968e-01
4.404745408920048289e-01
4.813227603300208046e-01
4.600449100943296288e-01
4.233146896689016225e-01
4.441988802102341816e-01
4.621071567257309387e-01
4.640061960588684475e-01
4.775470934516304888e-01
4.621451105080462973e-01
4.081675138386419155e-01
4.370370987894279247e-01
4.530125093521780166e-01
5.054745697601998877e-01
4.487321317252632724e-01
4.231648399120608861e-01
4.566358687360515534e-01
4.655679068196052484e-01
4.761340978340605767e-01
5.118926663483943651e-01
4.481619453267624009e-01
4.368671307968916007e-01
4.284465713293472700e-01
4.598606739452195113e-01
4.610980503599171887e-01
4.698220747651608020e-01
4.407387563402416220e-01
4.375301703497249672e-01
4.293201983539558508e-01
4.674430213862659778e-01
4.482174024294923176e-01
4.657046243006671138e-01
4.611792464689554727e-01
4.722313743327531954e-01
4.553731255132334454e-01
4.518042591853174139e-01
4.607435970636307720e-01
4.527596814018786109e-01
4.474104867513189476e-01
4.534941455223310824e-01
4.420113557410075278e-01
4.458463646601952268e-01
4.469341732054039618e-01
4.374820719689483384e-01
4.607185671692585194e-01
4.374430031254658569e-01
4.008692600599088052e-01
4.297147960186997184e-01
4.631634376118896057e-01
4.680893189660368936e-01
4.716810500327804911e-01
4.286917437671782238e-01
4.640578790844253065e-01
4.210819027774658219e-01
3.911527891583287397e-01
4.381536239617270789e-01
3.926979937355765671e-01
4.243847068432935465e-01
4.720681068851195206e-01
4.186147437405734473e-01
4.380948226524065681e-01
4.351784992139953179e-01
4.537793175057778794e-01
4.229805755352518681e-01
4.317132955013133211e-01
4.323447326474278984e-01
4.504138452550440208e-01
4.677259856889071643e-01
4.099416201453042752e-01
4.197702120659319580e-01
4.738863061824882816e-01
4.186802026232236962e-01
4.778511980863137665e-01
4.817419479393842963e-01
4.695097479800112161e-01
4.895013346014655542e-01
4.743142962110740157e-01
4.780309629182019626e-01
4.428392926446045874e-01
4.730116894399332139e-01
4.404831642008967263e-01
4.593385239026768208e-01
3.679746875823176611e-01
4.367688438984835830e-01
4.621226999304131611e-01
4.012525946621393058e-01
4.465482853880768377e-01
3.862800193481709665e-01
4.721553650828555493e-01
4.834591777386779698e-01
4.440398795685821520e-01
4.423824778887776588e-01
4.549216051329447175e-01
4.667307532217240817e-01
5.050912690413639217e-01
4.253233133179019632e-01
4.401627655371074810e-01
4.582935207651796516e-01
4.894696840113685887e-01
4.417597876987153782e-01
4.548692835605384066e-01
4.433309675536147854e-01
4.514589947677851156e-01
4.684297763377748280e-01
4.356251105420216874e-01
4.390204433468164469e-01
4.250280989005968957e-01
4.010863268884041211e-01
4.363956000473529495e-01
4.279931616963098540e-01
4.802396214983825629e-01
4.853934604893130333e-01
4.684315661851789492e-01
4.593164326839741518e-01
4.508584882109143988e-01
4.437930358054337776e-01
4.358101490739721418e-01
4.436628374688539322e-01
4.514528404454871136e-01
5.119132109507336104e-01
4.256583011906795444e-01
4.417283302678417511e-01
4.503632013709534254e-01
4.605963173155822599e-01
4.474413175170480206e-01
4.670883488609923750e-01
4.139939331177316939e-01
4.292750941967459766e-01
4.798213723217186200e-01
4.706279198440476708e-01
4.339638821093105281e-01
4.988884839459460929e-01
4.528590494235555930e-01
4.772844285897288596e-01
4.627779848011338570e-01
4.765491659986853534e-01
5.008501012517052597e-01
4.745332668356985750e-01
4.255888125084716922e-01
4.351974378938735510e-01
4.721038060190512753e-01
4.660987036518844384e-01
4.348956593241756208e-01
4.078518891779229216e-01
4.416192036027593026e-01
4.309972501587859273e-01
4.556731753337641133e-01
4.876598773712499391e-01
4.523100599919140929e-01
4.009569002331087040e-01
4.433451648266134582e-01
4.361048807354602763e-01
4.526362484817250120e-01
4.484149482157417932e-01
4.526958445962564470e-01
4.323618814468599414e-01
4.187914743409764662e-01
4.823998923035487940e-01
4.547373881983453603e-01
4.351113992449614498e-01
4.739868350203503278e-01
4.663504391082692879e-01
4.674815819098047109e-01
4.694817426789130721e-01
4.190962119026997446e-01
4.469883844079791113e-01
4.252714834718659964e-01
4.370742567334013340e-01
4.325250154152269211e-01
4.758109560698978169e-01
4.662306163741329890e-01
4.925869405458810912e-01
4.712092746001046994e-01
4.735175274024193692e-01
4.863479556016843119e-01
4.569495831986135626e-01
4.564222383385760917e-01
5.022012032706830720e-01
4.605228417226296944e-01
4.525546129196391654e-01
4.568863314746935966e-01
5.013877943168036921e-01
4.913220667985862544e-01
4.394148638298244203e-01
4.657168403263322043e-01
4.581504799326551192e-01
4.396352418916590898e-01
4.568983903109501976e-01
4.874070162817991658e-01
4.657412381487693320e-01
4.518307739433435333e-01
4.414350242726433615e-01
3.986665102190346532e-01
4.725269671150533757e-01
4.605163498524561527e-01
4.316899972658625462e-01
4.284353186694652149e-01
4.278155128351555647e-01
4.528220163461326719e-01
4.462091688106937792e-01
5.182419524981727310e-01
4.432507236192710920e-01
4.893001284491757530e-01
4.474991650883751726e-01
4.642316989888233270e-01
5.174474322203598264e-01
4.507930401563070566e-01
4.365523622271915705e-01
4.219479633457696721e-01
4.404470020542937125e-01
4.367167546419208901e-01
4.236831410395357489e-01
4.413566536306697818e-01
3.802866685772689492e-01
4.363550930526055027e-01
4.096127211567243687e-01
3.790184410708128393e-01
4.504611588259800903e-01
4.475291316788584384e-01
4.435013067686123245e-01
4.198278161868940206e-01
4.774849359519808822e-01
4.720865636570665269e-01
4.872413186427427823e-01
4.083195092724457576e-01
4.497394640373519326e-01
4.496883416334789274e-01
4.572315236467974775e-01
4.254248516095356925e-01
4.294961502086886984e-01
4.240297686678491385e-01
4.356174563484059292e-01
4.565120711896492045e-01
4.420243234194564108e-01
4.169342608618353263e-01
4.696986770446132664e-01
4.402388240637951089e-01
4.376988163793701925e-01
4.269628288686960205e-01
4.310523786311667993e-01
4.153566720780310084e-01
4.029417691915105348e-01
4.847915171803167111e-01
3.777968916605777827e-01
3.449432297260817681e-01
3.708972733803711508e-01
3.903187208980985479e-01
4.568850593412245864e-01
3.921222630300622569e-01
4.485366349180731627e-01
4.147643447072740241e-01
4.343524800003214503e-01
4.443531610488744010e-01
4.464869333285308439e-01
4.281882396360073284e-01
4.743404513343335571e-01
4.177411531716528348e-01
4.177394625467212297e-01
4.124798873529269549e-01
4.530544952711169637e-01
4.485067048562260128e-01
4.319808989266814558e-01
4.438879366967564133e-01
4.775692476339028492e-01
4.229655625475144953e-01
4.226433014776079244e-01
4.479286613099421333e-01
4.777247667710711188e-01
4.400371065284715000e-01
4.850924877441269434e-01
4.681105404074200060e-01
4.319017390117608213e-01
4.423499452706349810e-01
4.427788674788142864e-01
4.613448471688553765e-01
4.516913181943309485e-01
4.616865767272659293e-01
3.941958873274153397e-01
4.004373341268012698e-01
4.626343360829910933e-01
4.428450639975645697e-01
4.260519934744809722e-01
4.257816984906021562e-01
4.289931209723754080e-01
4.702512856141805586e-01
4.892100039738075945e-01
4.350533016330375702e-01
4.095214739510632529e-01
4.352553709541519544e-01
4.133593627459679620e-01
3.982837127085949169e-01
3.964454368069983414e-01
4.287210373165423749e-01
4.489800771746851327e-01
4.088437047440149907e-01
4.125718757946737481e-01
4.645310698236819746e-01
4.780401251435493770e-01
4.429127341780037530e-01
4.470420092669197265e-01
4.672751536116023230e-01
4.233055137989689687e-01
4.409838793593096051e-01
4.461181323740987525e-01
3.808154507754181184e-01
4.260324860836583460e-01
4.571401758541203675e-01
3.959710461418009531e-01
4.516928829600588835e-01
4.792129242152591839e-01
4.532755933985053720e-01
4.115016292700421352e-01
4.213307817503536001e-01
4.057229375374566405e-01
4.673393361367678134e-01
4.662273718259951072e-01
4.246246414011370929e-01
4.607771926365661908e-01
4.831407785007074684e-01
4.518801428249065166e-01
4.965245403663651191e-01
4.555204644798481750e-01
4.553391036662360891e-01
4.393479338986219229e-01
4.340279792103047818e-01
4.531920905443459491e-01
4.572355026659092325e-01
4.819027794688282573e-01
4.304974023867307875e-01
4.356697183795717465e-01
4.127620108336574334e-01
3.861457065539124489e-01
4.032215703196271317e-01
4.115488422058973250e-01
4.761407912254693175e-01
4.122939994839378564e-01
3.818284535794967405e-01
3.620392061499617675e-01
3.855739391748498890e-01
4.591153152820026673e-01
4.480132025282051456e-01
4.831809269511845306e-01
4.706729026159678364e-01
4.429256000882659250e-01
4.725923410256562818e-01
4.618299317125171832e-01
4.675332419613938417e-01
4.530793303856420762e-01
5.097009104803950086e-01
4.812187318705145045e-01
4.669146598920570490e-01
4.074689265279387018e-01
4.405797476378496280e-01
4.302298110607686299e-01
4.525276529133490655e-01
4.749190679215485322e-01
4.988870510437961037e-01
4.301117755204383331e-01
4.294907876278411529e-01
4.803501844850976976e-01
4.733577326035973143e-01
4.263033623594524313e-01
4.690031573183146563e-01
4.411905186610607377e-01
4.666220250952632931e-01
4.668464867655690576e-01
4.752378370477285952e-01
4.598299790195837233e-01
4.185160947815684263e-01
4.124178253684366302e-01
4.180489946880003305e-01
4.017385830858549722e-01
4.334793340642070780e-01
4.932077718510832764e-01
4.039984887377482958e-01
3.990119959396795646e-01
4.287171805417214765e-01
4.497877848466945161e-01
4.510709914235568885e-01
4.091905231299631795e-01
4.361085884566924253e-01
4.315673938914313945e-01
4.070482633715266640e-01
4.626479138340179875e-01
4.494039245856245035e-01
3.736509134176780877e-01
4.422598993526322686e-01
4.098911292197968126e-01
4.510634878930940839e-01
4.053176783742585831e-01
4.081342852545647992e-01
4.193085704687824489e-01
4.338968029197370901e-01
4.409973598732535582e-01
4.194021109092850863e-01
4.176462535677304411e-01
4.635911192103739920e-01
4.279996885464542045e-01
4.398683554065209722e-01
4.625086588483402483e-01
4.505286933696427965e-01
4.420415838059444935e-01
4.497455510844666215e-01
4.685748351870395179e-01
4.822474704775224774e-01
4.710434186540417567e-01
4.394440612861915674e-01
4.402604097148243856e-01
4.459046757815999240e-01
4.041766480555721852e-01
4.010194456580305489e-01
4.471307027045187121e-01
4.343970575025229430e-01
4.061010640508976866e-01
4.631380546511660312e-01
4.408846403693642002e-01
4.535380715729344092e-01
4.879293523303174229e-01
4.614677561872220779e-01
4.838416378504596382e-01
4.248743632450053820e-01
4.317998609469298477e-01
4.621255319458008048e-01
4.536419805186772680e-01
4.751399962115389619e-01
4.729741002693766960e-01
4.507216905899742998e-01
4.648122771621736593e-01
4.868542779813544996e-01
5.009645857389685153e-01
4.766273637775386707e-01
4.835626543971673352e-01
4.745021864294195479e-01
5.027897536377288201e-01
4.780111569909970548e-01
4.796062090235705955e-01
4.516062539761388495e-01
4.913274272104108387e-01
4.303605762947001478e-01
4.499810843252680659e-01
4.538349704868302470e-01
4.815206724989987142e-01
4.454232211580770318e-01
4.685301265999612386e-01
4.221529401486230904e-01
4.402580723988702704e-01
4.299486204746235107e-01
4.494927147139354817e-01
4.354251355598824369e-01
3.948250285505395807e-01
4.462830376613637351e-01
4.339080116356905381e-01
4.725874002764913762e-01
3.910639339278958460e-01
4.185975298348038609e-01
4.656975596414774654e-01
4.244867251611217362e-01
4.322765627590057780e-01
4.204701243713033221e-01
4.250249845609762045e-01
3.945796652294444318e-01
3.826668433610516118e-01
4.325032067576206618e-01
4.408619412406739047e-01
4.414705654432972692e-01
4.270655642975917932e-01
4.445709048597264457e-01
4.562304971284016908e-01
4.148952364589171826e-01
4.263582340733066411e-01
4.118025999229685263e-01
4.170799837934538457e-01
4.276571200374165160e-01
4.660889544331399126e-01
3.980554637919843097e-01
4.097161687489849213e-01
4.133544360678368945e-01
4.223059350099969134e-01
4.459036601501857322e-01
4.126786111130166801e-01
4.131329397718268015e-01
4.383145374011124251e-01
4.050753701259631745e-01
3.672094348497472183e-01
4.208546049282231860e-01
4.881035519303861814e-01
4.598028883240459774e-01
4.541747563646966745e-01
4.378383419925607201e-01
4.842855561355900451e-01
4.555833366785710936e-01
4.552524200988651848e-01
4.732435217954160667e-01
4.619354251431960767e-01
4.149078339134706916e-01
4.756910058300475863e-01
4.900764700987743638e-01
4.409435340570229678e-01
4.446110866008937124e-01
4.558901045435743149e-01
3.916823867725843789e-01
4.012554915262016575e-01
4.288485023112898475e-01
4.375445350555211554e-01
4.645783005159102030e-01
4.476985657561972087e-01
4.251524071050247211e-01
4.599167152002028303e-01
4.352737378700250459e-01
4.526188380168848502e-01
4.600090253573981824e-01
4.446477867597051770e-01
4.455968047388729203e-01
4.872806651813212930e-01
4.093760531023530325e-01
4.775488709657926267e-01
4.271914909549737183e-01
4.691350057914088212e-01
4.712779289410705674e-01
4.345633013674830014e-01
4.719204557328431915e-01
4.090021073598847368e-01
4.773606197211794910e-01
4.351522856153188235e-01
4.195168280357724488e-01
4.438872114395130408e-01
4.368348902900664465e-01
4.739346766887374551e-01
4.315329672675979333e-01
4.844697339975942985e-01
4.484717042960639777e-01
3.925600343011141913e-01
4.443859566359573132e-01
4.566654069298439200e-01
4.523161785599683071e-01
3.762850218088329424e-01
4.276946533022804586e-01
4.810889084202153443e-01
4.560157456963932487e-01
4.738128133642683926e-01
4.462049170074775528e-01
4.235391801179796412e-01
4.317034531610390302e-01
4.262451457767561513e-01
4.512524914596311443e-01
4.119247777486012008e-01
3.886935081284473847e-01
4.296165159661406441e-01
4.822315505316643880e-01
4.848063643988560489e-01
4.611956094402674955e-01
4.405499708203667319e-01
4.688059422769071394e-01
4.716104456458679040e-01
4.256997389547410582e-01
4.692653165259824677e-01
4.518251916408833613e-01
4.125686440516781461e-01
4.488962770079978348e-01
4.480959166674908789e-01
4.364858105867973626e-01
4.308176606429858779e-01
4.261896595645234820e-01
4.271907251976721498e-01
5.084349069830071954e-01
4.598834713143022390e-01
4.172952463459982941e-01
4.660720873936370912e-01
4.280475220140888548e-01
4.637292639066758482e-01
4.732100395856880803e-01
4.450507449943597038e-01
4.793967365846384387e-01
4.520339943577707520e-01
4.756315347127869075e-01
4.647102369724424586e-01
4.479974531002156590e-01
4.690811272811150623e-01
4.575940424843660259e-01
4.619983479516160396e-01
4.589276557144252311e-01
4.567826290224516472e-01
5.007201265313943050e-01
4.659031245947565791e-01
4.686720514042079788e-01
4.890949212278823954e-01
4.444743575262020685e-01
4.354877390625548350e-01
4.476962077923765659e-01
4.375283968847992755e-01
4.278777070924854042e-01
4.988372685591781486e-01
4.587267952524737291e-01
4.695128139031163883e-01
5.304716478184638984e-01
4.396877387359754419e-01
4.796272543457572590e-01
4.356472657158919626e-01
4.886463566641485734e-01
4.537788051921488042e-01
4.312327772289818451e-01
4.472155602254275220e-01
4.128088831633926481e-01
4.066611444819719368e-01
4.706107681684089661e-01
4.787450314973852317e-01
4.256227802181013486e-01
4.201933288706293235e-01
4.091579172989819324e-01
4.426037867771418499e-01
4.296936060852420414e-01
4.701234226687260875e-01
4.317282557139984212e-01
3.898630902811547339e-01
4.804227066160721149e-01
4.031895774427931567e-01
4.617894552576672917e-01
4.303307989590691718e-01
4.083903236081400379e-01
4.080973146461487899e-01
4.339885661650423332e-01
4.416378427002620732e-01
4.956779117166665860e-01
4.782019041862898834e-01
4.882737926028165032e-01
4.483067197585721142e-01
4.534222095624457216e-01
4.644384630834748062e-01
4.732250882196709640e-01
4.671144478867709782e-01
5.147980019520966843e-01
5.107260746001472951e-01
4.494142851285322648e-01
4.774854804860134139e-01
4.811706359437267211e-01
4.268708966931458737e-01
4.079995427095284288e-01
4.310976438173308445e-01
4.720337732914194895e-01
4.211485439110682627e-01
3.973562940599604798e-01
4.136315180613224785e-01
4.532627703773378092e-01
4.193474243885340069e-01
4.520129152368469461e-01
4.638565588430204611e-01
4.391981444471023677e-01
4.294390452381628975e-01
4.972172350613759950e-01
4.135185268807367032e-01
4.589667769962074151e-01
4.291059605125576160e-01
4.729275957720912582e-01
4.198647830596760055e-01
4.764696126656131070e-01
4.663871105516337323e-01
4.404748917983171697e-01
4.651945182432984383e-01
4.375148510490656784e-01
4.122111689293465053e-01
4.362191082685097365e-01
4.339306628297769919e-01
4.136469226027815194e-01
4.284639809874875582e-01
4.199050178284003954e-01
4.577975730539314836e-01
4.493743295815111893e-01
4.196266906808619468e-01
4.569550102995519891e-01
4.913128889721085080e-01
4.169511683061619123e-01
3.995949557412143971e-01
4.642511390888310330e-01
4.683741014200880626e-01
4.678405544508302261e-01
4.670934680977948950e-01
4.875532160269206994e-01
4.239489061417048843e-01
4.475915857649602758e-01
4.604047439830282751e-01
4.179007110984470641e-01
4.226263171643707683e-01
4.223118481005562197e-01
4.139373626145465557e-01
4.505827407659386274e-01
4.698119284764549763e-01
4.534537433204692269e-01
4.806872240591731349e-01
4.294944152069485876e-01
4.587906467296330448e-01
4.490484292713675107e-01
4.255128183236385198e-01
4.610321754222883039e-01
4.797251231061973598e-01
4.308431141202645476e-01
4.063606166043918222e-01
4.589528891677434053e-01
4.520623969596218594e-01
4.263430205242178528e-01
3.839002470371380982e-01
4.088051837797255783e-01
4.099748986546125074e-01
4.317151642171558334e-01
4.654746258383348212e-01
4.688344177704847904e-01
4.693989902696176775e-01
4.475152051676383747e-01
4.555672561289549338e-01
4.800248537214111821e-01
4.728282860015433631e-01
4.460437945721170694e-01
4.492007018052258660e-01
4.586340201625331292e-01
4.452327579473703834e-01
4.415255922887993401e-01
4.723468623392577115e-01
4.816807189257253374e-01
4.822160219382053969e-01
4.570641980123246739e-01
4.770569672766329372e-01
4.382958238194195055e-01
4.786893566303877523e-01
4.424066680451408384e-01
4.846876826458839660e-01
4.886600190951095324e-01
4.743579814742753253e-01
4.387787808612294560e-01
4.296950467750807467e-01
4.616530814403177474e-01
4.930650333539401409e-01
4.557224221514505902e-01
4.638457648480497908e-01
4.595492082057767158e-01
4.745850929465333934e-01
4.713687452376209008e-01
4.352223843479724463e-01
4.164052406468391476e-01
4.449736247407481970e-01
4.182524654041362977e-01
4.353788278165753312e-01
4.676452951747813724e-01
4.342219983396207739e-01
4.084223232322971575e-01
4.887600331422743971e-01
4.531294308359002931e-01
4.313268878867884681e-01
4.415112519706110850e-01
4.474448782729143481e-01
4.146047917296535323e-01
4.260757198709724802e-01
4.265384988228735352e-01
4.225058897768508848e-01
4.420685567604047961e-01
4.547110363083602946e-01
4.597864273023124504e-01
4.707341840919932463e-01
4.471811197027336648e-01
4.371655519607806628e-01
4.523102454925857496e-01
4.262844910987865221e-01
4.500498106640086760e-01
4.676392354977895183e-01
4.519350982388414817e-01
4.467707413394808036e-01
4.811264116233305854e-01
4.510959202734448614e-01
4.908239632153414411e-01
4.675449600146430740e-01
5.148598888160782483e-01
4.918883022138346162e-01
4.758173975457454241e-01
4.430421778453232928e-01
4.725567190714953236e-01
4.362886800848295166e-01
4.438961195439885543e-01
4.091138391356500259e-01
4.689606138485864495e-01
4.342878560603148919e-01
4.585605280455372634e-01
4.205965233369972078e-01
4.518095940416680945e-01
4.297556251727833176e-01
4.591512150836266626e-01
4.638590888922213273e-01
4.986604387346197376e-01
4.227468475805361003e-01
4.016637593240909299e-01
4.436205584787257239e-01
4.501134246632492730e-01
4.483104881375131745e-01
4.265586589094663705e-01
4.325856824028548320e-01
4.055142105279710973e-01
4.070349434913354547e-01
4.348141111519686630e-01
4.565944017109449526e-01
4.405001126312400594e-01
4.300135363772625841e-01
4.608709553387487778e-01
4.547968004942657960e-01
3.867683658065912411e-01
4.467004438637840469e-01
4.737153769921201296e-01
4.561325232479551683e-01
4.910546213247106162e-01
4.721288451898750238e-01
4.513516029451605793e-01
4.562465867393032948e-01
4.195812889155439152e-01
4.333925085529117260e-01
4.591079513092252151e-01
4.496614796994504171e-01
4.409773524026407432e-01
4.491830607872120962e-01
4.404843867554931180e-01
4.324157331009564342e-01
4.631131538333845832e-01
3.715311167464949715e-01
4.664895645866893314e-01
4.545185907953733229e-01
4.363599559932145322e-01
4.431035046331469607e-01
4.093715956982931226e-01
4.287865516652178410e-01
4.397322634404782216e-01
4.395259214783324153e-01
4.462691813241433381e-01
4.020547597518735472e-01
4.550115573465137175e-01
4.595622692461979741e-01
4.840363836799413400e-01
4.828835566660695244e-01
4.031034571089087692e-01
4.097151567165539521e-01
4.354983164479448443e-01
4.437666543394740981e-01
4.555952849716884967e-01
4.919132219901023451e-01
4.406853967635016578e-01
4.621299433937059442e-01
4.558137905185430383e-01
4.761990560850002940e-01
4.749960594498244260e-01
4.632770817460583612e-01
5.236873948715271565e-01
4.716292473555496190e-01
4.444055995193630926e-01
4.763126270290386488e-01
4.788041551682748476e-01
4.943053483275006710e-01
4.530491240542042219e-01
4.527586544472339547e-01
4.813448084692513729e-01
4.923200526402508603e-01
4.474422715008741780e-01
4.596426433595534045e-01
4.946585511638160182e-01
4.433621782428226465e-01
4.409737898633294684e-01
4.590868244354749383e-01
4.558464424668413062e-01
5.015529983840714134e-01
4.430917594174698659e-01
4.597774603967321738e-01
4.383080595878120489e-01
4.691570871418344058e-01
5.067604545939708993e-01
4.677587935131782837e-01
4.651763791678439341e-01
4.493297492183279118e-01
4.750842536581053599e-01
4.783370012451053643e-01
4.826418080926727083e-01
4.741344946897950163e-01
4.481382529700175810e-01
4.736906675908765241e-01
4.718514842644054297e-01
4.385142314695920085e-01
4.180394460650858623e-01
4.341896237745595521e-01
4.295631878569743933e-01
4.568088365435500897e-01
4.336617546297328873e-01
4.217358200869118501e-01
4.336697471026061956e-01
4.457730009464448973e-01
4.455791552466503158e-01
4.400945197429113054e-01
4.767060706822608407e-01
4.849013243716663313e-01
4.469384740092458008e-01
4.164315566436432858e-01
4.423845780546576401e-01
4.322905159075520198e-01
4.577929864466845911e-01
4.405028990332491290e-01
4.249086905049410112e-01
4.464706712092477159e-01
4.411096419114917122e-01
4.431984335985580947e-01
4.255335244120901361e-01
4.217139669626692178e-01
4.560930133748569704e-01
4.274290613915231463e-01
4.296321667681294310e-01
4.020908039567502312e-01
4.861126757438385959e-01
4.656562824196018857e-01
4.420076574774900457e-01
4.161313711871397758e-01
4.415870047051540515e-01
4.408622548986136369e-01
4.314069829249266297e-01
4.659125136216734631e-01
4.428994381533863378e-01
3.821794711282103796e-01
4.484122575522819232e-01
4.580627866400940329e-01
3.998990545027036880e-01
4.801332349302041003e-01
4.357083578002984847e-01
4.349434527360693248e-01
3.928111031135577136e-01
4.203564206303201378e-01
4.368694176295725984e-01
4.752136847273716325e-01
4.358069833830411355e-01
4.514005497625193097e-01
4.752604464775153637e-01
4.755321971009797144e-01
4.574811310913145523e-01
4.416684827270465075e-01
4.028166835713594129e-01
4.485068543975436750e-01
4.117485350181324666e-01
4.594653558952287997e-01
4.692165302482849132e-01
4.743640921906288055e-01
4.493707329091890523e-01
4.320568934950623774e-01
4.497664049057671365e-01
4.307547409744794109e-01
4.361569451038630474e-01
4.712958582748603686e-01
4.980383097641686851e-01
4.624780709623260710e-01
4.325528111613134996e-01
4.166871433235171951e-01
4.655453842019472988e-01
4.367304066826861453e-01
4.322369553070948278e-01
4.719713588637615698e-01
5.095710401809567802e-01
4.561001771736761801e-01
4.707169843531763265e-01
4.594575758993760251e-01
4.568676409196826826e-01
3.931480130721093369e-01
4.635653586017562944e-01
4.065829223902780454e-01
4.222753504746513675e-01
4.364803109319010943e-01
4.381961067155316636e-01
4.589375018485959967e-01
4.091944670601943557e-01
4.587142844882888815e-01
4.167853787948038735e-01
4.452698782530666866e-01
4.211583690596919505e-01
4.324970207645622566e-01
4.689501979860951630e-01
4.731768979836581956e-01
4.708142809902923775e-01
4.606661550670969052e-01
4.694700443756315567e-01
5.030448137516171370e-01
4.661931994032494919e-01
4.474808474737062558e-01
4.495985882626489238e-01
4.442215969633575567e-01
4.474805286984785413e-01
4.865474170432292911e-01
4.724911908264358695e-01
4.311027161749716452e-01
4.176285700838292536e-01
4.286522524318984728e-01
4.780468358757270497e-01
3.954445821808346695e-01
4.446838084289412851e-01
4.215236942746666826e-01
4.673831186269417626e-01
4.407776959153780760e-01
4.518700340933405890e-01
4.840984424289355714e-01
5.022186138400862587e-01
4.719107247317310128e-01
3.956905590145688989e-01
4.665976009815738235e-01
4.226127648924751234e-01
4.442237425056342892e-01
4.744476752749514636e-01
4.399392850006590416e-01
4.414233755472058429e-01
4.538866094163613307e-01
4.397923048652696010e-01
4.743118660447859791e-01
4.658401080605016342e-01
4.862688935217949204e-01
4.011022194770104132e-01
4.627558930636065382e-01
4.654476260396932519e-01
4.182415947677510237e-01
4.669125712360853719e-01
4.711150870129505175e-01
4.706904866081412231e-01
4.715210657514992132e-01
4.355879788957434662e-01
4.284898518248940746e-01
3.762780947720628100e-01
4.226579056213244923e-01
4.463248828603890161e-01
4.798893119833154697e-01
4.689458359116277508e-01
4.707132941442394580e-01
4.351216961340265699e-01
4.650355720054195063e-01
4.739124767162372631e-01
4.087186822005864917e-01
4.579676367077981647e-01
4.502809254168267938e-01
5.057085051237288909e-01
4.579870838022389035e-01
4.113823505374738509e-01
4.346394550442854721e-01
4.549588606879258479e-01
4.399471784807790775e-01
4.647967804044075835e-01
4.670741632315550396e-01
4.892201264655056669e-01
5.072305555140994571e-01
4.361489915503116155e-01
4.526668937612635113e-01
4.842082931034039639e-01
4.999360058409609842e-01
4.803521898427589587e-01
4.086961879630313099e-01
4.943898642366040264e-01
4.636049750491128552e-01
4.532990189415140869e-01
4.521975705027467818e-01
4.678948675306758842e-01
4.424996496205370611e-01
4.084462896613598182e-01
4.236536866391247269e-01
4.734414473479869323e-01
4.656949017266782676e-01
4.412138646994343549e-01
4.675629264581451783e-01
4.384598158145295299e-01
4.330238716296084811e-01
4.398861793444006629e-01
4.453317313549208234e-01
4.454144087473481672e-01
4.574076016678615408e-01
4.567309356272322707e-01
4.126885062657718040e-01
4.487176690447866600e-01
4.683824145229144587e-01
4.644749663450572497e-01
4.346981419241628397e-01
4.346772308543068730e-01
4.651007770816416587e-01
4.913415236976431677e-01
4.837753113564650653e-01
4.528007824343452392e-01
4.010463466245374198e-01
4.111280803360427005e-01
4.676670743400036523e-01
4.552276462981749150e-01
4.814904727164461828e-01
4.898949942192370455e-01
4.754339576369028264e-01
4.365587920062481420e-01
4.562938225053619901e-01
4.714317741371366610e-01
4.258343887715687615e-01
4.127521924483639193e-01
4.634842515006774577e-01
4.201109442781570391e-01
4.391338575879549233e-01
4.581164825185944922e-01
4.549908891963033164e-01
4.849606813903407643e-01
4.489432820580185890e-01
4.369577604102075630e-01
4.569828754624910006e-01
4.603333940228891974e-01
4.363074107382678979e-01
4.775248982135050779e-01
4.543172940546245653e-01
4.557109980923215176e-01
4.455841919888565705e-01
4.536734345840035543e-01
4.545467038941649052e-01
4.828328753410009444e-01
4.713289826359216006e-01
4.875892064207138499e-01
4.641843625036762289e-01
4.278412597490398595e-01
4.831439100363674188e-01
4.574826769377971503e-01
4.611824191423855579e-01
4.872514436595293819e-01
4.150230739177073191e-01
4.469330333835839220e-01
4.454851330922012242e-01
4.388273426756682527e-01
5.082796529662196860e-01
4.395518367117896563e-01
4.700792758014370465e-01
4.074243446090178855e-01
3.965724509248333418e-01
4.815176939555712576e-01
4.951171031042957416e-01
4.489543500532754416e-01
4.042764921291165381e-01
4.367620551157421205e-01
5.071090499609017810e-01
4.853830121118453689e-01
4.529281492408509524e-01
4.402343200351075403e-01
3.849033736084560564e-01
4.023841420707846006e-01
3.742077161302130861e-01
3.829727498304984490e-01
4.606109841431093033e-01
4.627585606476405933e-01
4.364965826829717566e-01
4.125056396019776694e-01
4.157613191794879426e-01
4.379667221447716141e-01
4.051073211813375763e-01
4.513538111000787723e-01
4.606631130908265814e-01
4.692169007803874692e-01
4.340976154333139325e-01
4.152747130886313975e-01
4.461107317992939469e-01
4.551167585684877670e-01
4.589278306896344417e-01
4.316216178523470948e-01
4.272801902487148862e-01
4.589075911099531058e-01
4.811819541389111832e-01
4.414775431673269579e-01
4.512642651634005131e-01
4.685863923464614333e-01
4.491301466505059903e-01
4.709705835285739606e-01
4.619098543205513163e-01
4.835856581450848068e-01
4.839979779508281066e-01
4.579771701450359722e-01
4.983735528498109413e-01
4.786876118873896191e-01
4.853263040995269839e-01
4.867324005878950199e-01
4.593847309458591877e-01
4.808078946562964751e-01
4.358770046480751614e-01
4.175045263756390068e-01
4.731797128186649437e-01
4.347772529457006874e-01
5.072603834137993095e-01
4.422239273254091607e-01
4.195459729943983862e-01
4.330818827204142574e-01
3.834046085433313045e-01
4.699625266580450544e-01
4.624944683346169372e-01
4.210642411945534347e-01
4.494755861245986472e-01
4.429288019315158476e-01
4.085538261050197795e-01
4.599101221379298665e-01
4.638604571796816067e-01
4.520470914714353472e-01
4.274662184700713796e-01
4.261339360077046057e-01
4.035676058776828112e-01
4.061664175738514682e-01
4.552831009516996597e-01
4.903963820977286225e-01
4.392756893398713225e-01
4.455837749942154202e-01
4.173790744090727922e-01
4.486651616398761866e-01
4.131396596663213239e-01
4.307768867046279926e-01
4.115166372269269401e-01
3.959497074354012547e-01
4.146034785102465370e-01
4.183443503778128125e-01
3.999869381492477394e-01
4.250329851943291382e-01
4.191234622125457610e-01
4.269091060660940018e-01
4.815401120843572080e-01
4.650185144852415631e-01
4.458773874369064139e-01
4.620953728290738138e-01
4.383761682888460687e-01
4.405372907007212291e-01
4.531518573353078838e-01
4.403518528090977213e-01
4.388686680201980828e-01
4.387094855861531917e-01
4.772697397992984869e-01
4.585188165122140447e-01
4.596732957298371725e-01
3.791803685111715394e-01
4.663253756232281222e-01
4.736821598026182967e-01
4.687034426427777456e-01
4.438079202148750291e-01
4.659162023685040066e-01
4.437680290415987883e-01
4.342721981512211449e-01
4.263654935409886271e-01
4.378578978456883486e-01
4.379222868784286016e-01
4.179842330843787090e-01
3.988881834984017716e-01
4.046733578605651305e-01
4.184389535376440428e-01
4.255300218440318250e-01
4.278134125987698155e-01
4.400022301167368366e-01
4.661046658056152703e-01
4.561682950018058902e-01
4.190114419575968752e-01
4.358863725643266629e-01
4.076106727487038839e-01
4.682179520402626749e-01
4.598875954456352888e-01
4.659610948192027258e-01
4.403235449278125047e-01
4.437677193918140861e-01
4.204862973141391125e-01
4.396022540883524066e-01
4.149369952408074602e-01
4.725101449840757306e-01
4.667886084447510631e-01
4.436532644433388572e-01
4.525804384068495279e-01
4.175315499816411036e-01
5.129234688555172061e-01
4.571332956783120127e-01
5.215360924309317969e-01
4.372604295931470375e-01
5.069021968680735846e-01
4.310463965304003331e-01
4.593357139981277260e-01
4.217113148548711221e-01
4.588380187973212787e-01
4.427591287412659393e-01
3.820837667611069466e-01
3.949097201726590178e-01
4.045981053633732061e-01
3.943118347672554536e-01
4.206810368930675725e-01
4.332727926094746551e-01
4.147589799079370310e-01
4.552665840661326291e-01
3.760234938639127611e-01
4.294995022158535902e-01
4.505309810050654451e-01
4.472476863053236884e-01
4.941029125332114802e-01
4.610329843584243803e-01
4.715296546823989354e-01
4.719828153553032868e-01
4.697411450335553518e-01
4.550790313528806363e-01
4.774547351269336493e-01
4.582091579962037087e-01
4.975838106845594799e-01
4.498037089739232441e-01
4.219576430262551581e-01
4.463426460747464408e-01
4.533282866057214422e-01
4.721552909804333509e-01
4.532038727203803741e-01
4.635506237137021479e-01
4.473997448089295781e-01
4.400910053902751251e-01
4.551880059762482000e-01
4.578453403989148907e-01
5.122006982648438234e-01
4.178556831167331564e-01
4.677851734633379222e-01
4.777494223980834342e-01
4.102123029010327215e-01
3.990682278471517908e-01
4.448030235397062992e-01
4.912547620643530899e-01
4.815938850441839891e-01
4.792408081012332066e-01
5.075282029503642711e-01
4.700539936073572789e-01
4.037917813144201729e-01
4.354565593966612802e-01
4.657638367393610035e-01
4.394977451749420561e-01
4.551414941930774782e-01
4.859832780464710678e-01
4.326961561164485159e-01
4.154890788367696652e-01
4.655839992218450685e-01
4.335926324195261139e-01
4.194191220329551162e-01
4.160930075207849299e-01
3.852431988799042140e-01
4.530021869114240207e-01
3.998108161504172475e-01
4.009388142376832387e-01
4.026087582493229622e-01
4.605687869444829996e-01
4.974403995338538276e-01
4.769747942497685189e-01
4.156079949609271518e-01
4.220102857293631660e-01
4.480191201252724520e-01
4.451642591321670617e-01
4.367830128864070294e-01
4.531636573922110389e-01
4.592484700125764041e-01
4.482854263051361254e-01
4.661804895575843433e-01
4.640406925081534961e-01
4.667280182367700703e-01
4.586210664559667860e-01
4.537601811887496117e-01
4.153447469159446959e-01
4.463864435920321116e-01
4.165560918049068806e-01
4.906296604307714970e-01
4.625186676746459447e-01
4.578797485197548256e-01
4.691928539081756111e-01
4.467013888903144103e-01
4.737427073748180506e-01
4.405436974795233773e-01
4.509415297231370579e-01
3.945834834221444987e-01
4.205219652612647852e-01
4.583060106268301848e-01
4.187631481485825091e-01
4.249200180664598481e-01
4.580623210465097905e-01
4.790979514094924618e-01
4.331553197543562828e-01
3.926856183738391404e-01
4.402364222820450146e-01
4.570725443241114849e-01
4.849701429015089715e-01
4.549496544609345494e-01
4.530121636471683422e-01
4.638838849865844494e-01
3.973584658495667998e-01
4.315118468763713411e-01
4.906844480436863831e-01
4.667624321274646548e-01
4.502461723363545554e-01
4.548318871199639180e-01
4.416892192741679324e-01
4.422092955208943854e-01
4.113570085733220250e-01
4.713396996464203070e-01
4.578210687029573567e-01
4.547496596452106910e-01
4.019545047889173661e-01
4.563639769230693477e-01
4.638775152090402476e-01
4.216370954533686932e-01
4.434274179387281412e-01
4.238806281294940637e-01
4.472307802596363069e-01
3.693709734583445758e-01
4.339007413428883631e-01
4.468995327300753218e-01
4.440221959603091184e-01
4.341332033725648909e-01
4.240437405104086621e-01
4.304337005983512876e-01
4.432714739729479714e-01
4.732631408857892463e-01
4.536996930491031255e-01
4.430901737812117380e-01
5.231536718753200255e-01
5.005233345041523174e-01
5.055477268825322446e-01
4.654727077722645712e-01
5.114049746111613004e-01
4.765939730772538185e-01
4.934771639514919372e-01
4.852184722958168273e-01
4.070337008730678940e-01
4.745493082326178169e-01
4.616042231091360692e-01
4.237931851520447268e-01
3.995584187209543781e-01
4.640991583367453099e-01
4.860515698261987927e-01
4.792301278787292618e-01
4.837625709415285802e-01
4.676592649231190446e-01
4.093803135264219017e-01
4.073903997260386323e-01
4.370269009274295180e-01
5.072406643215450206e-01
4.522838110583560223e-01
4.590320901326852554e-01
4.192843564885719299e-01
4.585265628106391933e-01
4.480920744402379641e-01
3.607521919123117815e-01
4.479627477872151764e-01
4.084098277613057992e-01
4.791014654156383612e-01
4.465562123414388851e-01
4.366745303852559434e-01
4.360403664158548076e-01
4.008600577564858658e-01
4.017788207025726477e-01
4.591566902553424478e-01
4.324614244544514596e-01
4.297391926221761360e-01
5.015624230920218141e-01
4.613892071895395741e-01
4.627767506861391045e-01
4.545319664451153430e-01
4.044086665807493652e-01
4.752877945075559274e-01
4.719673834632800435e-01
4.435461353793088701e-01
4.988508692529064481e-01
4.537664132924416616e-01
4.344085406327078402e-01
4.436520244691212755e-01
4.553244635761163339e-01
4.772067881412833112e-01
4.286350837835223304e-01
4.946280601752045536e-01
4.880382150996710466e-01
4.752839454325362700e-01
4.600677023548484512e-01
4.367805512098691945e-01
4.693751386996953268e-01
4.905763344846448826e-01
4.541753226714966840e-01
3.944525991812373733e-01
4.429788839345112361e-01
4.128783969586479197e-01
4.053675925362085763e-01
4.472254681443916802e-01
4.486964183278092655e-01
4.463789913349804905e-01
4.397779557144295137e-01
4.452314301352404691e-01
4.371618114244542053e-01
4.122184670082680857e-01
4.464263922155960462e-01
4.330770652570773427e-01
4.588839238790325403e-01
4.525820129664762104e-01
4.529018689887633342e-01
5.005461493770301251e-01
4.545941390653683301e-01
4.515170605891197231e-01
4.163342444073493409e-01
4.495713345113019344e-01
4.365455973515134924e-01
4.265722652128065562e-01
4.460339453093260520e-01
4.515066699411170448e-01
4.741838719309549033e-01
4.495516365068554232e-01
4.344477715949019436e-01
4.721945078069535451e-01
4.769253899626785809e-01
4.302244695886393577e-01
4.307394885959115460e-01
4.193215981440714391e-01
4.035815695299047046e-01
4.829523443162163088e-01
4.116261202679411535e-01
5.108917017722176546e-01
4.808554232165345166e-01
4.358217037635300772e-01
4.099737073526809605e-01
4.397811965264694090e-01
4.575826077013442905e-01
4.905859711679531054e-01
5.164173146259030123e-01
4.981725989699328228e-01
4.466871016932627003e-01
4.827030443076720800e-01
4.598701898176578706e-01
4.765330354828807846e-01
4.737234252696751469e-01
4.354263103815402824e-01
4.551826531695685185e-01
4.302427230105924649e-01
4.627225951183323582e-01
4.104159407414799121e-01
4.442010500323306799e-01
4.948260135949451022e-01
4.523844457742834391e-01
4.653047171146113548e-01
4.651370376140094298e-01
4.796439839164078345e-01
4.854113817827774291e-01
4.465613751700627798e-01
4.381317436641062324e-01
4.681825078793344641e-01
4.978461041362103878e-01
4.155338930396708097e-01
4.436620213149543024e-01
4.369344668696463763e-01
4.635894280583891525e-01
4.622117923649462501e-01
3.935156388298599595e-01
4.361378687647565755e-01
4.888776186248244282e-01
4.713870055896416389e-01
4.815339381713119038e-01
4.630910956325089978e-01
4.666163785443744882e-01
4.712883998765328153e-01
4.159617906885931249e-01
4.192142211410609942e-01
4.592920116924892882e-01
4.396305977161629741e-01
4.216877903139443218e-01
4.993933020155985059e-01
4.883057631322194059e-01
4.859914635984202147e-01
4.803972222160383665e-01
5.103803282934336050e-01
4.429263786432736105e-01
4.656281413603325925e-01
4.889213876006286430e-01
4.516546708579769476e-01
4.874448875080441002e-01
4.959683110732625577e-01
4.941548737225421317e-01
4.763419418790793558e-01
4.513057219248653995e-01
4.354605785984302369e-01
4.407383719576866143e-01
4.487595081961222032e-01
4.762416364403149749e-01
4.773520457059608479e-01
4.799281914328008547e-01
4.454045355264219519e-01
4.338664887038578555e-01
4.405784892475450576e-01
4.439653848319645157e-01
4.238608535676527400e-01
5.110775099152601308e-01
4.509597456059828424e-01
4.642622027679855767e-01
4.620894089329281029e-01
4.806121377131567507e-01
4.480155731390564333e-01
4.641714321191942605e-01
4.660082263746666009e-01
4.779291339869825572e-01
4.751763211230261019e-01
4.749140596353771393e-01
4.751896357730802656e-01
4.545773234949630481e-01
4.717771333839483883e-01
4.391265113818442756e-01
4.506774324423606370e-01
4.621243989733743174e-01
4.478545302620808854e-01
4.862264528057101409e-01
4.298481755467097876e-01
4.396699744529666276e-01
4.612667184795277708e-01
4.294576641492224844e-01
4.881871021702917646e-01
4.435169394856464664e-01
4.370455933838134910e-01
4.303715170615654562e-01
4.611000850808513740e-01
4.636406270425582621e-01
4.307903780566216256e-01
4.546123346525683950e-01
4.407421531178552510e-01
