4.336161175996756101e-01
4.236224411374733823e-01
4.591125024619258643e-01
4.118303144967810359e-01
3.965905715404461906e-01
4.150805749485452778e-01
4.596703275303765102e-01
4.121898621283303088e-01
4.277352494041856690e-01
4.253077896437655325e-01
4.146133925852900637e-01
3.609814965498049366e-01
3.690921127371623589e-01
4.142232946099320134e-01
3.745817645959307329e-01
4.234886328976703584e-01
4.377770683035595023e-01
4.244460469900991351e-01
4.457017925582231199e-01
4.233429015381519056e-01
3.994711513744756970e-01
4.307864776512556615e-01
4.106838816001759929e-01
3.983567320522199973e-01
4.309538244201216450e-01
4.077343276935844751e-01
3.836779283377163008e-01
3.869524579955285204e-01
4.186439375916470862e-01
3.858630875846583153e-01
3.937491072971415762e-01
4.012325557155770883e-01
4.748694052165845503e-01
3.983907532441451904e-01
3.786538770531323039e-01
3.946999082376350665e-01
4.009425525859534045e-01
3.983108422058838083e-01
4.498701635227102535e-01
4.251341458433249842e-01
4.147122303567792323e-01
3.901222859479465677e-01
3.978964670910027923e-01
4.347819906932243184e-01
4.321853611034186526e-01
4.325527976275449493e-01
4.369806315520567974e-01
4.648045347597818955e-01
4.242956724713279337e-01
3.533680088030606292e-01
4.595627905503322230e-01
4.266206093260599963e-01
4.327326799873632002e-01
4.337876785639412369e-01
4.363831357274081113e-01
4.748286090747569355e-01
4.232669149827208988e-01
5.063646999243860414e-01
3.872834545041937138e-01
4.489211010216242470e-01
4.241040312340632057e-01
4.460682854586474066e-01
4.535106811932985149e-01
3.950488806140901588e-01
4.392441711563907503e-01
3.841486266714096431e-01
4.418375504253794772e-01
3.972631781522450445e-01
3.410510791064126357e-01
4.486627571975004281e-01
4.131136189499735045e-01
4.153606128142462439e-01
4.300944440238119171e-01
3.855696423191107836e-01
4.253331508133225136e-01
3.874582585393290257e-01
4.294716094632756165e-01
4.467396510013426636e-01
4.519757128041717031e-01
4.605154203043567707e-01
4.209919120809884618e-01
4.003129758911779801e-01
3.744007040861447311e-01
4.260438411515469759e-01
3.769541644485311371e-01
4.539343482257686135e-01
4.556056683029116594e-01
4.262065825862570989e-01
4.010485469197584418e-01
4.471956274683180910e-01
3.543535492799048114e-01
3.642855629340563395e-01
3.724131590102696121e-01
4.476839050657217545e-01
4.541145733778809146e-01
4.566290801430002988e-01
4.335527076350611519e-01
4.026574613948251669e-01
4.156211605566300094e-01
4.265534236496248965e-01
4.620373691663249294e-01
4.096690536521633286e-01
4.173926396299501573e-01
3.958527985545686190e-01
3.824865107477377624e-01
4.121952409250046467e-01
4.678649820788974290e-01
4.189914421170993220e-01
4.315739956454838211e-01
3.971302725996965211e-01
3.800151463316093214e-01
4.705759775274680479e-01
4.246733204127385308e-01
4.044155615896896094e-01
3.894184185177074209e-01
4.179695814141994870e-01
3.931761818198274416e-01
3.960713054413654288e-01
4.341581100141753691e-01
4.068187697980021889e-01
3.918090273166948689e-01
4.101796767788406517e-01
3.885863797576117329e-01
3.947796088850327734e-01
3.198234458978003736e-01
4.430017987474801355e-01
3.701474197003236100e-01
3.984678775505450798e-01
3.562034832905043857e-01
3.832036630546040157e-01
3.804101852502482228e-01
3.994348458444411665e-01
4.171541667228195749e-01
4.259497486885489015e-01
3.971986174549988480e-01
3.929210038494302393e-01
3.753713973700627538e-01
4.533336880835892035e-01
4.439811579863860436e-01
4.356596288415177098e-01
4.486402436710646979e-01
4.061802322215026240e-01
4.343080805767863262e-01
4.874343146933329263e-01
4.489353764206410191e-01
3.972093236269481631e-01
4.791340989542106632e-01
4.232795353211231681e-01
4.406022535795194317e-01
4.439110358513569388e-01
4.415597186332991808e-01
4.151828611918398915e-01
4.081620681569547160e-01
4.234938144841832175e-01
4.592656356352708968e-01
4.313955482558819998e-01
4.166476173262044780e-01
4.137952098519625532e-01
3.846514558008714557e-01
3.825948519437046280e-01
4.095704965434009415e-01
4.043172208171466053e-01
4.526572524684865373e-01
4.288284282275490744e-01
4.118372223305651336e-01
3.639552172591328238e-01
3.892726176223068046e-01
3.894540808665169496e-01
4.155193882153078166e-01
3.843630787794412029e-01
3.389244549916028970e-01
4.052828061050317565e-01
3.883125177236576575e-01
4.613166113287891501e-01
4.404040742086872684e-01
4.140430129628537848e-01
3.454023194392070728e-01
4.206406944237934820e-01
4.080363360309422482e-01
4.556739875778899052e-01
4.112817671226418059e-01
4.154949814326019952e-01
4.066398690102338009e-01
3.954288592322354745e-01
3.719327118893203110e-01
4.321249920427660540e-01
4.586135951425165391e-01
4.160286151904472041e-01
3.826724117551487669e-01
4.457873268576978409e-01
3.764882503066370734e-01
4.274185645214769180e-01
4.248504934614973361e-01
4.135457274947440531e-01
4.684482104584890005e-01
3.852039018815300309e-01
3.999647164834702617e-01
4.213430058429761815e-01
4.164508064146035804e-01
4.145058843777473800e-01
4.159349635508711729e-01
4.065617883311105629e-01
3.671072716190766916e-01
4.302799346018540971e-01
4.016640869081694598e-01
4.516720203829394098e-01
4.427040540268485369e-01
4.529679701501474476e-01
4.484830230849750077e-01
4.110709149911934701e-01
3.973087552336700412e-01
4.308522151952288715e-01
3.767204765056620941e-01
4.201859348079546308e-01
4.666464730441088338e-01
4.076721923829908500e-01
4.290090012174069267e-01
4.556597760135140396e-01
4.343724001195727324e-01
4.283720752856100544e-01
3.425235713915418811e-01
4.037965377783487297e-01
4.170517103146534899e-01
4.259487078652067771e-01
4.646192157981897664e-01
4.107899316501111286e-01
3.832224227342550527e-01
3.971125427684270570e-01
4.218876490975230209e-01
4.064718736189919523e-01
3.812937271786315807e-01
3.362748010108078667e-01
3.888631619822682239e-01
3.927182011446471166e-01
4.082564869059449597e-01
4.160513191245072684e-01
3.891747308910090131e-01
4.205576634519832546e-01
3.928311944221777874e-01
3.985167914370380537e-01
3.834351922031283277e-01
3.702974469819723669e-01
3.958813259772384074e-01
4.618558407798296628e-01
4.240866091010483951e-01
4.600112232479279251e-01
3.942299164063317596e-01
4.173067371331308228e-01
4.106435980977279909e-01
4.151459093149073576e-01
3.849249685015088129e-01
3.889103729161869083e-01
4.687011404202596765e-01
3.997617892328771960e-01
4.060770408218999372e-01
4.173905319054743157e-01
4.085430283739492352e-01
4.122220154690569016e-01
4.033192767765576003e-01
4.403314613254536436e-01
4.110219132584886359e-01
4.191049114855932567e-01
4.304984863959169239e-01
4.039196339953081694e-01
4.389801206925613708e-01
4.385307549867453747e-01
4.667121572602651036e-01
4.839476255309076436e-01
4.115660267856160459e-01
4.275758721050148536e-01
3.891681014362837199e-01
3.878707679837899991e-01
4.430163784026222018e-01
4.242031300407224093e-01
4.426412426455238469e-01
4.770088177060792800e-01
3.664840259015614832e-01
4.315486084159995128e-01
3.942961424560557093e-01
4.035232942706974968e-01
4.410531704688859245e-01
4.425990355739283788e-01
4.078025924975713368e-01
4.444185581627125847e-01
3.985917623526611386e-01
4.385373380278417832e-01
4.069625255649401696e-01
4.470480003399299740e-01
3.945707758552403077e-01
4.152078536531762509e-01
4.277366484034477723e-01
4.168343853581393810e-01
4.176740094022228234e-01
4.260371391572040922e-01
4.136794679716870871e-01
4.316372402549816800e-01
4.510424281951058711e-01
4.787476792612498921e-01
4.558542233603704585e-01
4.407029731032839348e-01
4.541077234512452820e-01
4.752630425184096175e-01
4.313457604909380905e-01
4.566397018633033822e-01
4.353130740349626104e-01
4.308034391070788560e-01
4.469365762453519908e-01
4.743183298774549805e-01
4.221575860466884600e-01
4.539545037691739560e-01
4.401394326432583881e-01
4.565471014971930197e-01
4.007380640962868723e-01
3.858416992890452701e-01
3.805212188772871262e-01
4.061618155728891066e-01
4.033551166782680109e-01
4.328300342316088178e-01
4.461677210641283864e-01
4.060649538032000683e-01
4.227656602030505639e-01
4.048151450647218819e-01
4.057672636896006435e-01
3.970438292303289374e-01
4.152210583025452983e-01
3.993001721686810224e-01
3.701699983983458564e-01
3.849671719825784599e-01
4.241248465866227502e-01
4.529078775671516732e-01
4.072730112362067389e-01
3.919069295973822142e-01
3.944987379251479465e-01
4.253280645139181915e-01
4.061441894448452605e-01
3.841555422148564825e-01
4.283398008465444939e-01
4.555530568892712795e-01
4.043033782755799388e-01
3.973098211523584111e-01
3.908703738046740428e-01
3.772265977238125068e-01
4.159302853943278033e-01
4.109170815977882807e-01
4.079313767874525043e-01
4.278809131318057069e-01
3.876120139256652442e-01
4.356775753936675266e-01
4.534608344345655850e-01
3.674170639645056302e-01
4.379897372101475006e-01
4.269321423501397095e-01
3.998124887509361680e-01
4.046960257367030467e-01
4.023290387513482336e-01
4.308998777086486820e-01
4.209130978157673009e-01
4.340574222801227844e-01
4.458956340942221708e-01
4.598547209849138673e-01
4.089214688875853487e-01
4.160102660166162258e-01
4.877224568595064924e-01
4.242113181577255032e-01
4.309151408620395807e-01
4.355933847463565045e-01
4.574457628552511257e-01
4.258344569434173721e-01
4.080484965849330292e-01
4.095916963734677063e-01
4.245998765185690638e-01
3.869418202735886991e-01
3.677698730682333883e-01
4.407510932419127503e-01
4.836679410279206559e-01
4.352629787012695095e-01
4.054923453596699923e-01
4.209346566303583947e-01
4.183525231974204450e-01
4.405354506256911051e-01
4.320295741224534636e-01
4.114145222769858834e-01
4.034435656794077563e-01
3.774272899375983870e-01
4.515168361276847286e-01
4.444537016891982883e-01
4.074502053567103377e-01
3.809104188244191169e-01
4.529997910379497950e-01
4.397082298648603005e-01
3.975359188395801158e-01
3.874954762866811842e-01
3.727934118757467719e-01
4.023649262632369994e-01
4.477751891044456367e-01
3.934471149690478842e-01
4.267324749256642957e-01
4.220424828988874610e-01
3.877698131066626419e-01
3.858816191281193575e-01
3.532200532699122930e-01
4.039800712066977106e-01
3.802940114957814033e-01
4.302993448604701676e-01
4.946927670864717519e-01
4.202902255852770663e-01
3.680346309884510725e-01
4.261752862531549280e-01
4.361455496023562417e-01
4.008595417420493523e-01
4.010019226918865032e-01
4.277995240689667633e-01
4.527066279451817388e-01
4.546395393044779798e-01
4.010277297939824903e-01
4.206310832435455893e-01
3.516541512325322971e-01
4.131684607172584345e-01
4.272259663834377386e-01
4.883676693638382416e-01
4.443858735790172099e-01
4.599379437080182154e-01
4.519002199948455867e-01
4.275941829456782473e-01
4.369463368382814350e-01
3.803841055790029846e-01
3.740071797408394128e-01
4.437459460730184269e-01
4.753424547591224014e-01
4.214372295883508368e-01
4.157650058347428512e-01
4.293252170945231483e-01
4.276375195970422705e-01
4.339280966500630998e-01
3.931201089287116313e-01
4.630901013083741913e-01
4.216011922200181838e-01
4.123095487752891364e-01
4.552351412471013492e-01
4.043024962316121296e-01
4.086152960106307352e-01
3.995918911217679614e-01
4.012984465954567148e-01
3.843597281453128289e-01
4.213952839797643346e-01
4.031606708166408648e-01
4.037227044853204938e-01
4.218786851834200324e-01
4.282151655005801971e-01
4.193003830999958992e-01
4.441853225543739847e-01
4.144080090688370133e-01
4.354169526683555058e-01
4.382039421350431563e-01
4.306209808019476060e-01
4.219581395568720583e-01
4.142594739602226128e-01
3.733431152952445542e-01
4.085134522042602745e-01
4.110118691804798274e-01
4.247554828969776208e-01
4.032685892949324780e-01
4.292764143601744964e-01
4.138413764062074951e-01
4.597452463532119005e-01
4.524205453612971661e-01
4.047113683705751974e-01
3.617888682954108481e-01
4.142610045074155978e-01
4.199441052445035960e-01
3.868324516664097823e-01
4.103419322010174453e-01
4.088133868604865162e-01
4.095701133518462878e-01
4.115458425946749155e-01
4.521777406104358632e-01
3.901484857986702859e-01
3.860633589571574320e-01
3.712271263872947147e-01
4.361733295321864046e-01
3.743027457429820015e-01
4.328535813432347057e-01
4.630503138687963594e-01
4.390701811445490432e-01
4.115339025167287224e-01
4.330801551219796153e-01
4.165420935399162250e-01
4.001437423793390846e-01
4.362283542321476193e-01
4.073204703040299579e-01
4.166723718270532451e-01
4.105172469562182180e-01
4.137279899374904923e-01
4.409818926728852340e-01
4.439555792591581840e-01
4.137661336755883434e-01
4.237341516666201513e-01
4.336751271015527043e-01
4.270192244087837596e-01
4.421115512507370338e-01
4.288789615565933855e-01
4.106926004678844722e-01
4.245166420311906053e-01
3.898762208867306289e-01
4.653801291860534262e-01
4.150544632634429743e-01
3.992397353802559223e-01
4.058447878305819767e-01
3.926828049696876044e-01
4.118858337000576020e-01
4.265622640856329140e-01
4.395579737896468941e-01
4.062598647443076416e-01
4.076974507506673229e-01
4.149785553985161912e-01
4.105735310165701257e-01
4.226506257678193657e-01
3.586738115662027604e-01
4.366753315063896523e-01
4.172188306038145944e-01
4.002534806944412771e-01
4.302743861900130140e-01
4.254114048141234838e-01
4.283539094162911454e-01
3.733169572974773809e-01
4.492054818423381057e-01
3.864884180707279793e-01
4.346721467116896886e-01
4.198885325121877732e-01
3.896931944262451153e-01
4.620345407768793322e-01
3.928238067456346627e-01
4.387925047338349649e-01
4.109905395520126459e-01
4.024991646625881159e-01
4.394788133985474410e-01
4.358205865273606094e-01
4.526876945036220623e-01
4.783854124395258700e-01
4.325595116275147700e-01
4.277813402339399884e-01
4.521143722087946903e-01
4.516617103480403683e-01
4.006782122888835618e-01
4.284351802144445998e-01
4.472030798275379304e-01
4.312107585700873380e-01
3.766952602251169568e-01
4.010929223822394807e-01
4.285891721093572637e-01
4.416711329733550295e-01
4.054746217205384973e-01
3.833703909988902536e-01
4.503531088418047945e-01
3.983414799986433885e-01
4.444251908516075322e-01
4.426214112225011488e-01
4.058196120238959370e-01
4.003254307783864485e-01
4.358665642909227977e-01
4.094518593538585827e-01
4.294402506539348741e-01
4.045892043147817918e-01
4.165830157840151871e-01
4.038287624271437726e-01
4.522136699618710676e-01
4.822974931954082112e-01
3.987824618441344615e-01
4.058892199367616360e-01
3.831944097827860718e-01
3.701801289990169774e-01
4.263311578282789061e-01
4.372451537337044281e-01
4.048658559142011004e-01
4.065197261784018190e-01
4.059708230356562919e-01
4.202217219259645753e-01
4.070014545493653157e-01
3.801080294860905151e-01
3.956996316793383595e-01
3.846124186762042707e-01
3.989222055095815733e-01
4.366135293327364497e-01
3.914146617603189160e-01
4.149313735703931139e-01
4.342948487965482829e-01
3.948762387559950904e-01
4.441586574724359915e-01
4.655165590840459333e-01
4.238977467021159962e-01
3.978535433293423629e-01
4.022888109931974654e-01
4.053313466250029196e-01
4.262189889751490934e-01
4.257431844569744550e-01
3.917663381647717991e-01
4.023725590219848214e-01
4.064068823638878891e-01
3.781511541564502865e-01
4.211310754129542477e-01
4.111506713165690163e-01
4.136459161886849589e-01
4.409384777609080541e-01
4.163335965768026337e-01
4.380754568923439507e-01
4.006401299101726710e-01
4.282898862574660570e-01
3.897975520258402105e-01
3.845112030506559475e-01
4.478536437818420590e-01
4.610886815660996119e-01
4.298716896104731178e-01
4.348719131631686441e-01
4.017731930661533335e-01
4.193116785792191381e-01
4.613289529059045324e-01
4.301305973300360019e-01
4.351537222732870247e-01
4.101161258004822896e-01
3.584469552315843188e-01
4.468349190523941972e-01
4.331402345303694834e-01
4.473275932612403860e-01
4.289767940774369959e-01
3.918425533238916181e-01
4.141861304442153724e-01
4.449299862796510796e-01
4.113973051649915669e-01
3.825711953549579825e-01
3.785064183712770203e-01
3.411564540794072564e-01
4.296271471772564188e-01
3.911410771603143766e-01
4.125428436853409986e-01
4.171802760353433559e-01
4.010177746897561901e-01
4.388062297751048613e-01
4.452951436022137277e-01
4.296015451379910921e-01
4.256719259255633547e-01
4.020074292189846354e-01
4.079422831100035229e-01
4.012145308791733589e-01
4.040366334056393893e-01
4.154174444553401790e-01
3.943735094539370656e-01
4.603759516944302965e-01
4.020818266696533083e-01
4.218066622460714954e-01
4.144002693389757241e-01
4.332710422525722360e-01
4.157307680827287966e-01
4.392038065791269985e-01
4.599488414980779094e-01
4.230561794432265987e-01
4.802770813105117220e-01
4.244188962970372736e-01
3.884885846327523207e-01
3.926171690980475582e-01
4.256066594687294424e-01
4.240201343594691696e-01
3.956153864026009104e-01
4.392551102789916673e-01
4.209992990389001544e-01
3.852985830942918244e-01
3.766028262155990958e-01
4.391834320817294968e-01
3.746292217104754130e-01
4.117992945480825062e-01
4.055004326149531657e-01
4.040742791530285705e-01
4.374885674756868736e-01
4.503092016643046036e-01
3.638952953458554629e-01
4.271637646394673693e-01
4.116459525968433897e-01
4.217980967415881910e-01
4.444301640259663011e-01
4.818702592130741369e-01
4.723868632481265650e-01
4.365166984091902180e-01
4.156529922590419535e-01
4.168112237440074197e-01
4.184307634978028378e-01
4.500584516971100624e-01
4.247173978714074427e-01
4.232795274864463719e-01
4.737155205358594134e-01
3.958935258344657981e-01
4.155253328064622553e-01
4.013060724534519563e-01
4.162856231723753297e-01
4.225451413547620105e-01
4.260003504501640448e-01
4.565132705113535971e-01
4.000886929079047749e-01
3.967026299567764092e-01
4.585302872251079132e-01
4.318456445894478524e-01
4.053161276432902249e-01
4.134298342136367155e-01
4.036077041305863866e-01
3.581219831992630276e-01
4.187612271481017112e-01
4.331285511446796854e-01
4.071117816708671455e-01
4.348093746049991326e-01
3.937764257804317047e-01
4.200671004431820732e-01
4.554345690161377691e-01
4.570994249319264013e-01
4.637025814393738732e-01
4.057645535090487199e-01
4.442490263313648713e-01
4.526512953310571907e-01
4.101825185122556783e-01
4.062636853932552472e-01
4.413519098255268558e-01
4.095913717292138378e-01
4.455093703796507154e-01
4.142608928137103130e-01
3.692896507333566780e-01
4.220230728079549798e-01
4.015519883202958717e-01
3.787941685489789601e-01
4.145059763735944869e-01
3.715751179551571859e-01
3.905432904707158981e-01
4.093994053751547346e-01
3.891958657597359705e-01
3.711554200521814395e-01
3.878901028110057769e-01
3.935635822958729046e-01
3.986071215498176445e-01
4.035579996415492587e-01
4.237907587436216539e-01
4.434780671447920430e-01
3.750935757599864750e-01
4.128922917801486903e-01
3.914693858339418631e-01
4.175775016080464086e-01
3.959501433138484794e-01
3.818519924652326591e-01
3.429405338168076689e-01
4.087942445459034624e-01
3.855784953538116677e-01
4.134401698470726583e-01
4.140842360719489412e-01
3.975831053567072115e-01
3.824406855880769784e-01
3.709316215856663934e-01
3.894018313200903192e-01
3.721128461713710811e-01
3.959562211299126888e-01
3.769443581633187823e-01
3.940638844274703678e-01
4.151125327947366439e-01
4.015907335921017340e-01
4.072052483586068305e-01
4.439509285374367287e-01
4.244544341821223088e-01
4.073168488508428497e-01
4.047183141174787724e-01
4.050510317882515254e-01
4.625744011604879802e-01
4.262622237532855962e-01
4.008113926713455788e-01
4.620212432101377664e-01
4.037122488998847181e-01
4.352697407755700132e-01
4.063731058717178213e-01
4.200524567525239505e-01
4.134238838192011989e-01
3.839126320259521052e-01
4.113475720702350902e-01
4.104225794250612180e-01
4.161865410151250888e-01
3.979104656005531537e-01
3.697730388954777458e-01
4.310268865271758010e-01
4.420557227274629075e-01
4.189595268521769666e-01
4.785912314251047350e-01
4.265300448063971683e-01
4.088236603878844244e-01
4.398224607059948443e-01
4.063464504315356662e-01
4.379552361637520930e-01
4.051026038786652572e-01
4.072565399782259732e-01
3.869530294089067457e-01
3.996239435501302562e-01
3.882775842352544360e-01
4.121608465331095261e-01
4.390290205156406889e-01
4.378923854143912386e-01
4.404599897530894204e-01
4.538587614929621150e-01
4.109854217988488378e-01
3.770833616633986751e-01
4.250040349978413401e-01
4.192290756684181052e-01
4.365793904768651146e-01
4.563090995268697658e-01
3.809865184220151413e-01
4.441001515105788000e-01
4.174801027944329279e-01
4.228302937219978186e-01
4.157912419949325589e-01
4.008206055882259089e-01
4.482087271490977076e-01
4.491747598470590130e-01
4.471107441621502976e-01
4.233064618855089667e-01
4.079134340096975397e-01
4.345658938724188403e-01
4.416455687330386182e-01
4.522372271268972899e-01
4.303341728457660276e-01
4.614390909992968637e-01
4.560001808460602546e-01
4.324434692264346736e-01
4.380394574719231326e-01
4.707674094237028761e-01
3.708330052183500536e-01
3.876233307378328941e-01
4.649643596504968723e-01
4.470054084022143104e-01
4.149721227061301532e-01
3.726113748814982585e-01
4.179705147849874791e-01
3.533437255977048830e-01
4.026098462896653407e-01
4.155467990969615166e-01
4.613354177788335231e-01
4.053155087161395276e-01
4.207273745759269046e-01
4.333526353160640499e-01
4.545705338060364586e-01
4.569092340475953140e-01
4.876571054737414146e-01
4.145353310797172952e-01
4.355053201745808233e-01
4.104777741079004838e-01
3.798008382117226134e-01
4.352850278796132066e-01
4.164556586411805039e-01
3.676783845688837982e-01
4.055333921796192009e-01
3.738007673348680004e-01
3.910699180739957703e-01
4.033391566087918823e-01
3.850272997648435114e-01
4.325448185487543173e-01
3.971901405753883729e-01
4.216068927593137894e-01
4.758534790539773462e-01
4.294796665159421045e-01
3.448798808795077719e-01
4.704925264492167969e-01
4.025716676116314341e-01
3.740663381431924561e-01
4.527828686884783904e-01
4.287582146713393993e-01
3.810255127085595550e-01
4.386858845891085101e-01
4.311893075944173703e-01
4.199025766431040418e-01
4.293854152246621148e-01
3.960672988029241282e-01
4.129380158562765968e-01
4.188872931920354925e-01
3.905878937622494496e-01
4.118767214177566638e-01
3.888108718433733180e-01
4.287694873269006224e-01
4.224822821671342932e-01
3.862975743093568504e-01
4.105808833088882559e-01
4.140156589288366273e-01
3.980447669136633060e-01
4.489151359093944693e-01
4.212052299453443727e-01
3.915274753029264199e-01
3.992602511356512784e-01
4.351875283411452688e-01
4.310130559531060168e-01
4.372364288350489847e-01
4.147758321324771513e-01
4.339361015625397000e-01
4.005763687161117970e-01
3.999300358573786296e-01
4.077510983664563438e-01
4.694860925804336671e-01
4.754890260148486592e-01
4.616306578570927854e-01
4.559232959055453116e-01
4.355313964306881114e-01
4.308954039803808977e-01
3.900354103584056098e-01
3.857021859692068011e-01
4.130310049034380260e-01
3.833834040612106309e-01
4.472306869005527874e-01
3.820392765726213224e-01
4.313838027355285099e-01
4.174903383733655771e-01
3.955556067542715937e-01
4.218507994967196639e-01
4.107136864613566973e-01
3.915838566400067777e-01
4.266639972282005311e-01
4.666761405793865558e-01
4.679641538935875866e-01
4.447702472108414629e-01
4.278293988506404744e-01
4.111346044430007063e-01
4.549414319060627876e-01
3.899285658961388901e-01
4.000028247520315272e-01
4.131117103730201356e-01
3.691113434940728188e-01
3.863316368864060379e-01
4.056315846766048172e-01
3.928012790889706674e-01
4.039638582982995607e-01
4.220452376183823628e-01
3.874545506353156976e-01
3.973200863692112894e-01
4.235614814037447773e-01
3.952042094897852409e-01
4.034644751337856938e-01
4.213370485065067728e-01
4.688810475602480099e-01
4.266309116257281930e-01
4.095613944366742754e-01
3.966096397171340882e-01
3.985484868159144822e-01
3.888254920222014577e-01
4.526968583900097265e-01
3.884402297100521539e-01
4.057470717045736919e-01
4.276156754932999293e-01
3.628808172881371474e-01
3.776635495254346830e-01
3.767664770899019633e-01
4.179062648107965683e-01
4.536120000770021421e-01
4.172832131567835723e-01
4.109661223179898459e-01
4.379396965896257821e-01
4.449749833680047839e-01
4.530145612217562068e-01
3.996741385045118888e-01
4.160936471368952838e-01
3.698935240228091725e-01
4.165342306302841635e-01
3.788281601962922851e-01
4.424665231334160009e-01
3.783198530450266883e-01
4.447543615547998597e-01
4.405550502007264391e-01
4.575155659881927628e-01
4.131724963976247667e-01
3.778661885056123770e-01
3.827375755328275564e-01
4.009192256638063334e-01
3.753707411222227397e-01
3.844319770275290149e-01
3.836040935371404781e-01
3.623638022126232094e-01
4.324936954402815448e-01
4.105640887059263111e-01
3.890994078299639947e-01
4.436584251902875864e-01
4.693689206091549715e-01
4.204704879957701924e-01
4.912095501230124284e-01
4.846710525452222473e-01
4.128165500454660242e-01
4.159770984843557673e-01
4.176255847539538935e-01
4.200369999118092057e-01
4.662384543535140202e-01
4.697404942253385896e-01
4.467416272903658725e-01
4.427651603850282225e-01
4.007613371105903100e-01
4.652484576953575535e-01
3.783997730329430320e-01
4.136760131902870730e-01
4.464028556801116210e-01
4.217878027451855694e-01
4.415955479946743756e-01
4.467898128515910838e-01
4.310896562534765053e-01
4.343398695142638988e-01
3.957020063936514398e-01
4.788850656137981221e-01
4.302418240076599232e-01
4.441196823161785989e-01
4.111028117110331892e-01
4.202442669327157154e-01
4.066567151640789746e-01
4.143243091379801846e-01
4.042526984633087461e-01
3.940461013308282356e-01
4.155142549181538025e-01
4.149729255778934478e-01
3.894032530281508198e-01
4.442125377448232770e-01
3.961874642541385882e-01
4.666007556626636799e-01
4.111927903394737571e-01
4.024327392429518646e-01
4.195968364028109798e-01
3.405689807241498723e-01
4.307764665528679426e-01
3.970608751854492469e-01
4.050150395771086598e-01
4.343366580110442632e-01
3.986382138130190045e-01
3.971882128955962488e-01
3.792083175410479456e-01
4.649535325198349556e-01
4.042853683191994785e-01
4.127928797401225203e-01
4.839169603505635298e-01
4.274362416410357746e-01
4.578376849343180344e-01
4.469306285543451773e-01
4.017028113995700922e-01
4.369709365894842157e-01
4.061128913006487595e-01
4.082529379584931561e-01
4.198659217259195220e-01
3.874708112770973156e-01
4.254963804040358677e-01
4.299486746491156253e-01
4.212927942494433253e-01
4.238326618924095346e-01
4.280776782122582280e-01
4.580964056286100927e-01
4.295910624934982658e-01
4.314608466455033819e-01
4.434964744785170887e-01
4.071230313781761256e-01
4.523644455286892074e-01
4.553127889002694384e-01
4.402616214398379357e-01
4.410665170766384646e-01
4.470214539537770149e-01
4.355301907690431462e-01
4.384600209002031956e-01
4.391055275545340253e-01
4.312587615800068108e-01
3.979975185739810795e-01
4.106744757897522469e-01
4.270869531966980381e-01
3.818527740656687541e-01
3.663210335708202425e-01
3.907816906261288858e-01
4.370730057189979312e-01
4.360248260303095647e-01
4.200618759498792598e-01
4.123962174240330958e-01
4.959414787625888721e-01
4.099078638773618333e-01
4.047665144277327043e-01
3.710955269540529566e-01
4.083311044666428358e-01
4.430881361501240456e-01
3.575018420965386801e-01
4.340726892887381005e-01
4.404355714678907519e-01
3.658142026520624368e-01
3.872632288864563677e-01
4.121130278699051130e-01
4.270761913930397058e-01
4.389496046886291469e-01
4.308690181664129315e-01
4.938769131688030001e-01
4.181535955951314332e-01
4.049764302685337491e-01
3.715006331911971382e-01
4.079427362417717418e-01
3.954201031869420957e-01
3.498027443125269476e-01
4.152475593499529438e-01
4.139892677801040866e-01
3.872342776334547487e-01
3.613483637742765930e-01
4.034281647347728317e-01
3.790393933786160297e-01
3.595769568281880768e-01
4.697144453074132420e-01
4.476331729899560852e-01
4.663596787569281865e-01
3.561388166252609788e-01
4.049531627758053975e-01
4.313290053367875854e-01
4.453595244569346634e-01
4.528535175555611914e-01
4.836548996241126219e-01
4.254248580757318265e-01
4.249768451844890826e-01
3.995020091768033410e-01
4.182815399714142623e-01
4.311252167999792273e-01
4.562326619375886017e-01
4.452797945653202971e-01
4.250311786604527020e-01
4.510387908651273259e-01
4.333608216209541286e-01
4.815937823761107239e-01
4.264990148434317785e-01
4.369351843638800137e-01
4.244555334453022355e-01
4.552887411660743178e-01
4.587780436136591478e-01
4.369673710554743407e-01
4.440243401842262627e-01
4.510255614959547410e-01
4.902009626052136193e-01
4.146131438563217531e-01
4.269437349468933607e-01
4.510684638741667696e-01
3.912158331073486983e-01
3.684232384087097190e-01
4.548642179047025502e-01
4.520652293282806378e-01
3.774126002415431613e-01
4.021371423400476597e-01
4.061083966566098602e-01
4.462932403710844764e-01
4.041442131550951333e-01
3.963624623400225921e-01
4.283745601426839356e-01
3.915288386359845885e-01
4.137455135749187329e-01
4.419417332042989144e-01
4.076307185857023230e-01
3.786253525594606151e-01
4.171642848732217690e-01
4.413483487096012681e-01
4.244318835033747406e-01
4.280381335785316543e-01
4.019465953384875334e-01
4.669587601040634528e-01
4.372586125407422752e-01
4.497174553801132069e-01
4.615920858599701360e-01
4.547876830801221848e-01
4.597088864422103627e-01
3.798929879493778694e-01
3.745643046671400245e-01
4.219078552643147351e-01
4.062778247183850278e-01
4.440662586913407539e-01
4.472977121898573105e-01
4.344059464503450263e-01
4.529949698804998093e-01
3.999714548771868272e-01
4.201082683081656111e-01
4.640752457313562229e-01
4.794237049593666478e-01
4.531431185811792273e-01
4.451497374481996894e-01
4.298371951601104302e-01
4.704508557604852315e-01
3.891862707530706622e-01
4.252255324448301343e-01
4.201369159355179406e-01
4.298062122140489660e-01
4.423552886826397912e-01
3.885714676107884236e-01
4.151229930934844936e-01
4.223507123432739263e-01
4.304580304406850355e-01
4.069886258110041455e-01
4.083448084617231633e-01
4.171442626140478560e-01
4.342845560824142304e-01
3.977692665850506293e-01
4.194542896383917086e-01
4.268604271532364658e-01
4.439652061978232034e-01
4.092900389304868214e-01
4.058022372435313163e-01
4.504239030981633807e-01
4.246678398600530757e-01
4.314516587310440188e-01
4.254148057469476774e-01
4.152430295723609777e-01
4.412447756952214695e-01
4.345567514153786948e-01
4.285516539003725867e-01
3.872921638164499858e-01
4.050314479184772831e-01
3.754600498734673719e-01
4.516551298106541434e-01
4.393603327899617272e-01
4.566094864615322102e-01
4.309364870662149016e-01
4.253994026227231884e-01
4.283201103923668374e-01
3.798377724010983392e-01
4.479985449464412017e-01
4.166056587240178355e-01
4.200770292478886447e-01
3.970345010202604441e-01
4.525208568333764503e-01
4.160028157140417959e-01
4.239917324232895246e-01
4.077273135118703595e-01
4.302079936584625175e-01
4.406649169013114320e-01
4.193305896938723243e-01
4.260092702784588070e-01
3.485770163582637138e-01
4.050588047905684386e-01
4.421141283402469369e-01
3.859056122030600777e-01
3.945758114931385285e-01
4.213719347333839682e-01
4.452089711987028964e-01
4.199074248238548468e-01
4.480214572177699806e-01
4.432568926496949224e-01
4.574365881292842828e-01
4.092598185982726511e-01
4.091392666529908295e-01
4.266641158796873889e-01
4.406963901735643230e-01
4.619917770264367340e-01
4.622534798944228918e-01
4.407717727840014810e-01
4.181650868572067137e-01
4.207459403436438206e-01
3.900708069290009794e-01
4.342775864922525653e-01
3.856120164378653570e-01
4.259609598363326421e-01
4.112835033556869746e-01
4.008231352412002790e-01
4.396798615481463668e-01
4.245954603285094220e-01
4.099567728183963755e-01
4.315072533821242007e-01
4.183050107634050385e-01
3.622664364351885768e-01
4.025759149100572865e-01
4.410005218074308231e-01
4.379266985906794529e-01
4.160013875007433359e-01
4.125799955035505118e-01
3.872544629963206586e-01
4.199375331622832719e-01
4.434183183976697640e-01
4.453283650364640023e-01
4.346017242203123465e-01
4.171787504659341117e-01
4.025547882614039508e-01
4.196923216461738715e-01
4.379709520176442994e-01
4.365820954017976541e-01
4.183613427988888134e-01
4.137352677575195092e-01
4.266111046625631897e-01
4.393611158440891007e-01
4.139645534038612351e-01
4.293259023434233823e-01
4.274277169329303017e-01
4.065813395882559300e-01
4.240128963294046982e-01
3.891057852133142370e-01
3.931177310247782608e-01
4.658065372785956115e-01
4.643680612369710525e-01
3.887507760547738722e-01
4.069116174625857507e-01
3.885640098222519212e-01
4.052251652439496921e-01
4.522164095685721752e-01
4.333129382260103024e-01
4.469379061235012607e-01
4.628882740015097252e-01
3.892312250910547333e-01
4.300149087718264651e-01
4.011128931714757484e-01
3.651918664819456262e-01
4.377789445127690526e-01
3.777715880418824335e-01
3.697685477130709941e-01
4.148368782110142261e-01
4.044949492879263975e-01
4.264389895648273976e-01
4.082648655417347450e-01
4.274372054887271011e-01
4.427764949013359153e-01
4.221746288557930438e-01
3.963151560286007902e-01
3.960629178974974240e-01
4.412739659286569194e-01
4.211072315065300664e-01
4.580344162087215398e-01
4.916159260211475646e-01
4.115845236137238849e-01
4.486148489059308964e-01
4.090973737699549195e-01
4.361082296967307981e-01
4.527018568831658873e-01
4.130222678104877865e-01
4.268171665653973657e-01
3.895973488026863163e-01
4.020271602387200938e-01
4.073107771701690583e-01
3.396735172684988147e-01
4.443388515827443319e-01
4.191353396074223303e-01
4.582916292833981164e-01
4.112367652078960933e-01
4.402206066231948434e-01
3.990419749773261304e-01
4.236940904834549659e-01
4.102483852193378744e-01
4.035559035758980451e-01
4.336695971550539874e-01
4.465483764035525494e-01
4.048641335137099784e-01
4.422845064389889780e-01
4.077717087466224966e-01
4.437482747498299740e-01
3.958325768405320799e-01
4.046883390067279040e-01
4.368569320574399173e-01
4.024592589727676861e-01
4.239686896308062503e-01
4.403242315908250659e-01
4.419010259446291000e-01
4.063616632264452910e-01
4.481438905771206183e-01
4.425290578101804817e-01
4.064277510075845479e-01
4.014464495354049811e-01
4.199458568340955211e-01
3.887523724745137188e-01
4.135996065039843628e-01
4.043071809563778540e-01
4.058935548781975600e-01
4.246369574070908426e-01
4.557620660497438414e-01
4.415054376566983629e-01
4.329877204161048376e-01
4.638102147822470989e-01
4.272974586205646741e-01
4.537261406430101451e-01
4.368954068442549854e-01
4.220850919398531631e-01
3.639553005184939516e-01
4.030108633174102617e-01
4.042878311963582494e-01
4.298368476817550632e-01
4.322457503099713105e-01
3.719758363293389491e-01
3.775651552987934756e-01
3.886516302885747454e-01
3.945795144303552160e-01
4.108165564681884874e-01
4.008618663120234737e-01
3.959134272493957662e-01
4.222923078276210052e-01
3.692898625308686511e-01
4.458165167998644485e-01
3.701769477310441481e-01
4.044093257068158698e-01
4.412711039835363058e-01
4.335604816929376493e-01
4.248382128460652662e-01
4.391050842434546242e-01
3.955850817577661327e-01
3.831130706286950960e-01
3.720584995976132792e-01
4.077093032388576233e-01
3.327335644462265374e-01
3.975136192786447031e-01
3.792104691507868219e-01
3.985576501652741688e-01
3.962549782509194873e-01
4.278562699108062195e-01
4.230915356436702468e-01
4.074603869302195758e-01
3.837959074124899228e-01
4.145525177878168765e-01
4.605480759710948724e-01
4.158617376116383046e-01
4.138903940939889226e-01
3.616140714697630987e-01
4.364892215385424712e-01
3.711637274785251628e-01
3.979490709679955884e-01
4.334701067883034442e-01
4.007226451974094106e-01
4.400418867827832758e-01
3.825581988192904848e-01
4.223080781267036232e-01
4.107329767144511368e-01
4.170871142368614559e-01
4.488457463486142385e-01
4.360800087519621782e-01
4.311552629184089436e-01
4.257031901201467905e-01
4.120012983696015318e-01
4.068821280332786672e-01
4.101787088549644356e-01
4.103773605836299465e-01
4.593861754151239984e-01
4.174254671106840120e-01
4.028644447849269450e-01
3.938097541242530086e-01
4.305498663165002182e-01
4.456831913667909095e-01
4.038346900882736623e-01
4.030771147024626022e-01
4.467627124355074697e-01
4.182022800518860328e-01
4.071425664406127520e-01
4.237661075216697104e-01
4.521541570691691714e-01
4.707579291257819598e-01
4.680180437080313505e-01
4.278907101557197223e-01
3.893872321929901514e-01
3.770787314544077340e-01
3.970564301152451625e-01
4.530942007183925146e-01
4.017888182328581137e-01
4.275389381242324371e-01
3.633099599230499854e-01
4.165851041792330567e-01
4.349424031397339241e-01
4.048960300748412622e-01
4.281788156728624783e-01
4.242387465459198093e-01
4.124131074638697769e-01
4.058174232379743174e-01
4.241050667012269959e-01
4.775442434884584197e-01
4.418917464858652111e-01
4.418873770933046119e-01
4.203961090087935948e-01
3.577789055523019623e-01
3.962141318008821078e-01
4.091280684295169334e-01
4.253476864883625752e-01
4.062225735129289528e-01
3.985271874641010403e-01
3.857531564931492296e-01
4.293706250269436198e-01
4.067245713075099967e-01
3.554189526749673700e-01
4.085420096042229332e-01
3.992576167826641376e-01
4.371815681300578738e-01
4.467053129972203274e-01
4.313204076283671529e-01
3.937395203759681550e-01
4.031184220831241505e-01
4.130239578395423217e-01
4.455304081827635154e-01
4.310895815191471692e-01
4.218209368799268333e-01
3.492543450303760011e-01
4.189204650801140462e-01
4.040875887777078401e-01
4.170187348578635600e-01
4.254653766241624502e-01
4.389126606897291727e-01
4.301239293327579483e-01
4.097971573560104663e-01
3.927695769391855718e-01
4.170168393981465438e-01
4.193872454610724221e-01
4.253487481064303632e-01
4.052387555800426311e-01
4.322198855444355781e-01
3.756204168419168821e-01
3.933946549161852491e-01
4.036719606310543162e-01
3.975291077223029879e-01
3.864182856436908509e-01
3.803935092973526610e-01
4.153277903139241389e-01
3.617860956304073672e-01
4.332252516769882211e-01
3.939409793429752837e-01
4.114199782963439134e-01
4.056078670696489641e-01
4.550961642634745452e-01
3.653321603178651400e-01
3.989819333870511797e-01
4.293880669982014786e-01
4.166614694378616979e-01
4.272819382505721464e-01
4.053681183123937215e-01
3.946097001530711190e-01
4.273792047784827353e-01
4.291058504354302028e-01
4.214241195250393868e-01
4.321385338991225455e-01
4.091588493751890376e-01
4.282740226748861234e-01
4.434918241812349504e-01
4.048136981894565611e-01
4.493960882268294710e-01
4.071065498365138979e-01
4.266878909312439294e-01
4.019838462054198813e-01
3.866572774575205429e-01
4.519633381803244698e-01
4.312914719570505873e-01
4.175364886317822211e-01
4.126764922247232459e-01
3.915679727269434918e-01
3.835762548920804704e-01
4.192351421601474004e-01
3.981038570501683194e-01
3.571520119209335986e-01
3.807013064626619259e-01
3.846439344501992319e-01
4.260255071110270464e-01
4.657068326441889949e-01
4.782067085979065379e-01
4.323280344467166914e-01
3.883530038673804197e-01
4.314662026101123704e-01
4.261402568489100484e-01
4.124450720884557109e-01
4.394784422766481180e-01
4.108234104105839557e-01
4.126977849462615255e-01
4.228694949917816692e-01
4.009709116337908386e-01
4.208488745886115323e-01
3.914955262001433289e-01
4.047945544427285491e-01
4.648309992958695180e-01
4.194984414132465478e-01
4.107943390989713950e-01
4.341382052291632432e-01
4.098247280944661841e-01
4.036757425387453302e-01
3.774910440880434592e-01
3.869927730464177706e-01
4.286365708074784120e-01
4.339427855353946151e-01
4.201256677955702568e-01
3.909577339960620956e-01
4.425925332514589750e-01
4.359145629095363961e-01
4.055574767694224980e-01
4.741463128924331971e-01
4.421340420591219345e-01
4.284107786799303819e-01
4.087556269000580111e-01
4.028177603153694775e-01
4.316467421846975072e-01
3.784625675084159480e-01
4.055180160269952205e-01
3.993656027065955461e-01
3.811567531897087635e-01
3.897762572364421030e-01
3.983670522567060446e-01
4.264207237624981772e-01
4.160415559824878207e-01
4.475312174746444716e-01
3.963697530698244154e-01
4.484941907669793837e-01
4.235789651570907588e-01
4.229134872617986152e-01
3.959544975426582125e-01
4.154462668603907671e-01
3.944775988942640921e-01
4.082053535761313023e-01
4.249499703232795245e-01
4.181416971786606762e-01
3.992264911824520146e-01
4.264809358562845487e-01
3.835454981627612336e-01
4.524837766235055292e-01
4.296779499213355669e-01
4.565752445494968836e-01
3.527996374800350110e-01
3.968894809933079526e-01
3.873382357364512640e-01
4.209740030296517665e-01
3.998326142575227560e-01
4.389566641487335219e-01
4.556682908906645180e-01
4.112612618635747563e-01
3.761879658197437304e-01
3.843031432010821646e-01
3.878659977646539692e-01
4.041641009080384483e-01
4.375088917049549941e-01
4.412784211565682901e-01
3.899410781038709639e-01
3.865705451605790377e-01
4.197921231050474322e-01
4.446978767361730034e-01
4.166063908458955689e-01
4.482091464191922947e-01
4.280486588705396112e-01
4.035190294523488541e-01
3.998506748959618218e-01
4.293683497730581000e-01
4.280107804498683999e-01
4.326625028628973135e-01
4.608045758288098481e-01
4.015116162327435623e-01
4.681872231924291694e-01
4.051576351545172483e-01
4.318358053380320083e-01
4.345822927514211842e-01
4.273703168108496375e-01
4.279400224683601595e-01
4.276617402272920865e-01
4.455706474308812615e-01
4.634160266090311397e-01
3.932516339110871950e-01
3.791183613707886368e-01
4.015170090205787412e-01
4.372734340328232050e-01
3.919555883066078716e-01
4.399325550827815068e-01
4.262767963172346963e-01
4.154107282440094862e-01
4.221040686272463094e-01
4.023001486534988902e-01
4.331150095924022336e-01
4.108821363647622293e-01
3.865618583757560178e-01
4.414422314392123514e-01
4.967657652760151255e-01
4.452636530702369644e-01
4.387522686482020484e-01
4.890795336676131422e-01
4.663851475891172549e-01
4.364798736031881843e-01
4.430260891594119399e-01
4.261487015375388654e-01
4.186525586157272549e-01
4.031663381269776636e-01
4.307778954956132944e-01
4.525548342466762519e-01
4.297356131877949625e-01
4.714043485132671796e-01
4.379280722006433368e-01
4.276781809565315395e-01
3.798516464955311589e-01
3.913611607193124842e-01
4.241202497069032074e-01
4.614429911302153631e-01
4.614997232325722676e-01
4.610876854930046620e-01
4.328251927972375235e-01
3.768126456394930712e-01
4.350029669908965779e-01
3.914559801447442533e-01
4.065376749692232172e-01
4.281028647043224056e-01
4.370990182116816780e-01
4.646713863484002727e-01
4.397546778808742451e-01
4.327431759514921428e-01
4.280786614334849416e-01
4.264311362936072936e-01
4.569041100196423733e-01
4.292676122549349826e-01
3.774060748263417531e-01
4.401955128675998918e-01
4.602430205706826705e-01
4.593704686599637821e-01
4.666567355236243553e-01
4.138823456593092032e-01
4.273115003979461313e-01
4.325430224252670985e-01
4.255428822426439717e-01
4.045628094250579010e-01
4.657607052966762362e-01
4.656427044885719790e-01
4.290428690192389372e-01
4.344151128273456286e-01
4.453425564458855512e-01
4.311296494219590270e-01
4.271556045136977176e-01
4.175095316788465794e-01
4.441223491937710266e-01
4.374585200776410776e-01
4.696192921081550065e-01
4.098653049013618044e-01
4.357850002752992058e-01
4.226733723140941312e-01
4.515147339264081738e-01
4.152948025137374599e-01
3.899215163126763528e-01
3.962858645695101489e-01
3.444801968021358185e-01
3.870364396811978303e-01
3.856152259150238404e-01
4.152811390768656463e-01
4.497992235665301819e-01
3.966863618907777722e-01
4.435458232654594379e-01
4.095968563024414144e-01
4.120118901823326962e-01
4.339866215460480015e-01
3.951095136899529514e-01
3.994232371468068865e-01
4.269335971698042798e-01
4.691523249887505354e-01
3.788000212264605593e-01
4.603694662532111792e-01
4.136712326859271482e-01
4.261765579143823590e-01
4.285415254998757861e-01
4.091096298778088003e-01
4.607284186988069852e-01
4.234146905472823130e-01
4.209078093142661348e-01
4.393756454332127803e-01
3.919548832383548675e-01
4.493587630477919870e-01
4.183390157425146416e-01
3.974537369169253709e-01
4.301298996732174640e-01
4.811990432656190197e-01
3.799930659762860152e-01
4.376967588953670774e-01
4.241390929710852076e-01
4.139645361043533534e-01
3.889623701915117526e-01
4.275201489643378205e-01
3.728336914200585106e-01
3.853722361873626601e-01
4.278360315314696516e-01
4.453746528269919569e-01
4.252744735706012191e-01
4.221457790343648986e-01
4.322575855152120394e-01
4.407336216881614921e-01
4.220691039212632889e-01
4.307711675652733385e-01
4.583768462084916728e-01
3.833561716324855873e-01
4.268271722671818091e-01
4.479651076664770137e-01
4.498648423707581889e-01
4.146165101591942626e-01
4.609878298313723199e-01
4.183525289201232567e-01
3.798489626926241924e-01
4.447849251993917785e-01
4.569830255465344715e-01
3.799952238320653541e-01
3.963940279238563069e-01
4.314621188213111358e-01
4.171916241676667525e-01
4.279584676037347379e-01
4.514505855849139659e-01
4.469937298221571265e-01
4.293054748996202874e-01
4.652739971147722420e-01
4.026553984709435596e-01
4.269231122428159830e-01
3.880347859048007830e-01
4.186228269615756559e-01
4.467896146956225056e-01
4.366070959374745986e-01
4.244606656935224764e-01
4.536827009707874447e-01
4.453066148131843982e-01
4.017559986974607589e-01
3.778008152843375655e-01
4.831957515935408898e-01
4.628529041459965576e-01
4.769889746002138331e-01
3.903788935666359650e-01
4.048868835797531651e-01
3.452234467495597370e-01
3.586214093560490257e-01
3.903111631323158970e-01
3.558026779268726458e-01
4.072762970269837579e-01
4.243755925976115395e-01
4.301404870592483443e-01
3.709054350165554848e-01
4.258201708789417506e-01
4.028526100092492124e-01
4.328043482420815824e-01
4.116873375473434349e-01
4.225283678741216797e-01
3.989676246530041159e-01
4.449421765721522370e-01
4.343009824843420130e-01
3.994114786619239466e-01
4.364582304543667135e-01
3.798447396997255976e-01
4.030956391712582354e-01
3.899008243513296113e-01
4.464044920561011653e-01
4.252219246853382040e-01
3.913024010577396128e-01
3.826919072356714802e-01
4.083920152309082341e-01
3.607680347753302597e-01
3.662284155670348929e-01
3.792058409206817693e-01
3.858745803268416319e-01
4.259995334991800719e-01
4.207591167313380898e-01
4.202392778530430473e-01
4.348687496421743681e-01
4.155384183782301344e-01
4.010295321575703675e-01
4.455525387900390322e-01
4.541803195235564750e-01
3.937247332923202170e-01
3.762753350425762644e-01
4.419291033484996079e-01
4.031831699740009434e-01
4.400358580124479335e-01
4.558583121274640826e-01
4.244710108267394921e-01
4.471891600994621907e-01
4.491214727699119891e-01
4.138022234646204778e-01
4.607407513331825966e-01
4.476479688918165722e-01
4.162170885925312591e-01
3.801978062070306419e-01
4.734077669032997759e-01
3.918897439831092178e-01
4.293555869044383688e-01
4.374633513253444184e-01
4.144346107076575247e-01
4.300642278627024861e-01
4.349144134305030218e-01
3.905470744544684569e-01
4.402962481691080621e-01
4.289335637874104323e-01
4.523807132278095389e-01
4.035676662795025793e-01
4.329957556111814765e-01
4.494451651674403747e-01
3.981789916473200130e-01
4.569052897411005620e-01
4.334065742996268678e-01
4.289616997417887712e-01
4.001867794248234467e-01
4.264587651865947016e-01
4.422550217715632281e-01
4.529627951186446788e-01
4.389817443197345237e-01
4.402658649753624087e-01
4.075201888509525361e-01
4.510356398879305506e-01
4.382888719690909984e-01
4.542365700256348893e-01
4.405889855844870584e-01
4.357408864308698893e-01
4.262057502453751590e-01
4.281596914024562994e-01
3.914160825626264995e-01
4.116868316298475383e-01
3.876081981851728919e-01
3.771219269887454706e-01
4.282991318118801738e-01
4.215702231917092258e-01
4.404971209306252078e-01
3.632433071264017932e-01
3.939861829204988619e-01
3.642917488221976696e-01
3.828390494597084803e-01
4.124719808927048148e-01
4.220798072975958104e-01
4.243616619602071371e-01
3.968656798368936367e-01
3.802341597773830628e-01
3.797813308990005132e-01
4.052378457366325182e-01
4.220651246523356992e-01
4.382278727867681689e-01
4.381150855045148895e-01
4.359549419065253950e-01
4.333500022077436675e-01
4.256364311878463869e-01
3.731104782044997181e-01
3.745162892617058259e-01
4.485944424804697017e-01
3.766187883900392053e-01
4.386240546571421040e-01
4.166075156385170009e-01
4.397977285453950613e-01
4.209920787071029791e-01
4.352039225879539841e-01
4.294556646370107367e-01
3.982551582432782844e-01
4.333590203469471214e-01
4.018131549368627042e-01
3.950072480351634607e-01
3.780333312696191328e-01
3.984774564684375742e-01
3.815211915572457868e-01
3.912945315910066335e-01
4.086393312212226459e-01
3.607294818456283081e-01
4.184690408292704999e-01
4.154498945455775694e-01
3.635311737901992246e-01
4.303374162689779237e-01
4.745271315688466829e-01
4.691848673027574357e-01
4.194424731847067322e-01
4.592931946990566061e-01
4.446994620325346315e-01
4.423249379514203050e-01
4.341659818179013364e-01
4.116894059990502397e-01
4.421705984693711788e-01
4.339291318788958685e-01
4.324218956475848752e-01
4.538094086723612475e-01
4.092062614617142935e-01
3.997653550054701133e-01
4.159342950837019992e-01
4.202160697204468942e-01
4.336530818036267720e-01
4.510272954712778448e-01
4.474097813484083086e-01
4.480952865741640312e-01
4.355662319983953923e-01
3.986376831745247484e-01
4.171954556564521077e-01
3.739662787153299472e-01
3.679937039317989211e-01
3.602766161858050875e-01
4.253441941969651752e-01
4.348164471328995750e-01
4.202575046477327603e-01
4.032227358672749729e-01
3.791664279730852516e-01
3.957756969682598158e-01
3.966221055451952249e-01
3.919845656219211327e-01
4.149690906103288834e-01
4.216195169169940082e-01
3.769496379179662071e-01
3.937383261302415116e-01
4.134052476143257326e-01
3.944491589635321649e-01
4.089336103192696692e-01
3.863985091192866372e-01
4.263216690039569046e-01
4.303216429724017189e-01
4.297874883139377045e-01
4.445624901444416022e-01
3.919554106488390977e-01
4.276458144483865631e-01
4.360377339313080691e-01
4.185532852628948142e-01
4.313432197985128114e-01
3.819452125599097636e-01
4.215900421399395026e-01
3.859094588730708209e-01
4.395048210934947019e-01
4.250065388466715000e-01
4.618505211614778450e-01
4.421753339023343221e-01
4.569660756646324873e-01
4.186072675065425908e-01
3.174176985362679448e-01
4.056370522502480980e-01
4.386472748116924669e-01
3.868726469976883631e-01
3.917198003617341495e-01
4.027125338377768871e-01
4.528878230730318255e-01
4.557882968381181121e-01
3.727823858202740093e-01
4.416616843370166356e-01
4.393827670207823277e-01
4.261780286321277811e-01
4.346503015753874766e-01
3.911942327012115084e-01
3.940042386476840797e-01
3.722535431020432828e-01
4.058362161179195904e-01
4.120538156021593124e-01
4.457504799811342067e-01
4.310665565979202585e-01
4.412866245110362295e-01
4.413082245506662060e-01
4.128632960757724346e-01
4.393858370862910312e-01
4.169843480881342268e-01
4.476593106568835800e-01
4.432476901877741016e-01
4.767533428449344801e-01
4.513311468918910219e-01
4.393202435070389100e-01
4.295431642927960980e-01
4.362214160685576325e-01
4.325012932155715695e-01
4.438479979346414694e-01
3.583393414630716145e-01
4.296908202723143666e-01
4.269934924558718703e-01
4.479474800287660541e-01
4.476382965901958277e-01
4.272674956834615623e-01
4.267190826750714705e-01
4.189906521651088345e-01
4.154239569944622179e-01
4.460769266318467818e-01
4.497050696703995265e-01
3.998090110711846612e-01
4.192161002973441297e-01
4.144855257593257347e-01
3.479422745825456742e-01
4.341649305900323053e-01
4.366703678803023347e-01
3.537656951409699491e-01
3.836040138822983114e-01
4.491447018609475705e-01
4.106177121543271857e-01
3.825469473129649578e-01
3.637054492712484821e-01
3.786261504113739296e-01
3.658029808681738659e-01
3.745739421967431149e-01
3.856537740559646821e-01
3.854717744413104219e-01
4.088782652556469110e-01
3.530743928372954699e-01
4.132135644558963539e-01
4.102589999309682045e-01
4.015062758646881780e-01
3.934567507438828105e-01
4.107815201284623630e-01
4.584897519144800482e-01
4.104878434193754977e-01
4.571403661426614029e-01
4.173243678807187496e-01
4.159096996486761344e-01
3.839823481925158100e-01
4.270104181634025720e-01
4.105279832302129450e-01
4.029613187979140809e-01
3.497384944456132794e-01
4.335179703381843441e-01
4.168511461100524729e-01
4.055429488172803132e-01
4.045005351698697238e-01
4.215981414176654951e-01
4.111438323601459000e-01
4.163534711057387261e-01
4.563357079822977780e-01
4.248180774612127508e-01
4.422942057345140565e-01
4.197851870036211630e-01
4.632157524662079973e-01
4.447798636972474795e-01
4.120064174338011753e-01
4.906806238422614652e-01
4.562436622247940110e-01
4.111853846192737305e-01
4.201156528764526943e-01
4.300497228788053850e-01
4.184059418088913462e-01
3.878397922816584353e-01
4.464209864119633164e-01
4.154363099188338460e-01
4.578212097925493662e-01
4.273565676549413439e-01
4.262665028182635596e-01
4.228463015063575470e-01
4.100368417242184482e-01
4.131337690954286490e-01
4.406112389781675076e-01
4.521999112514330510e-01
4.704692920408612422e-01
4.449623901489975220e-01
4.303461761566155230e-01
4.609529407575851945e-01
4.275981540370673573e-01
4.186796590172429111e-01
4.438244563474040838e-01
3.832677721834771845e-01
4.360523949198802929e-01
4.770843411792135003e-01
3.932527768958856695e-01
4.295638837200221327e-01
4.102934097249367751e-01
3.674891242124224133e-01
3.909998466589778010e-01
4.027405445871793388e-01
4.086389542100793970e-01
4.418516573981729478e-01
3.809079097202109909e-01
4.046609851663554025e-01
3.951469509104488798e-01
4.393199391537451759e-01
4.402150426744713130e-01
3.980184800196149841e-01
3.839956037232994945e-01
4.147232047498191077e-01
4.565678425991748224e-01
3.975973893281128380e-01
4.206734265238425974e-01
4.792487236594091260e-01
4.130467281273300095e-01
4.188678862534846448e-01
4.246220574509347867e-01
3.935888860849126036e-01
4.253458071526052819e-01
4.357255913996497254e-01
4.240676854960840347e-01
4.252414366930960532e-01
4.432409522973774774e-01
4.232160232282843326e-01
4.140574391617716232e-01
4.185765878469067114e-01
4.196301386754029972e-01
4.078115935795723623e-01
4.501620178975995756e-01
4.417981543578254344e-01
4.420794429743766241e-01
3.491944251180444381e-01
4.422133610717450813e-01
3.888043403365440409e-01
3.490407028991465710e-01
3.901188326203691159e-01
4.130284978573371957e-01
4.012474439440271157e-01
4.464998541199596271e-01
4.041162415116297812e-01
4.079792487829217995e-01
4.372193020744105096e-01
3.980562352684231531e-01
4.687830789973500556e-01
4.269734088743444844e-01
4.490168253773036966e-01
4.482449524505470739e-01
4.395093159878002975e-01
4.425246491597056298e-01
4.207931971596632903e-01
4.106637070802723888e-01
4.015946937502579139e-01
3.844046719197588557e-01
3.928749953506761039e-01
3.879019508025738361e-01
4.518321973337245945e-01
4.524495090604541692e-01
4.390896737791177284e-01
4.900366056848419749e-01
4.340875319401076848e-01
4.341812108364318523e-01
4.091540863926497185e-01
3.984237661552372245e-01
4.488750324835961147e-01
4.100291346102623025e-01
4.596758994596105707e-01
4.481911730314084297e-01
4.308227956915083312e-01
4.158084204874537559e-01
4.554784426719880597e-01
4.334207373444811662e-01
4.185699782379084244e-01
4.255303001695323606e-01
4.554825988902677092e-01
4.580853506036275391e-01
4.302722957322921427e-01
4.598435681508734052e-01
4.430713804839249148e-01
4.594031985134074403e-01
4.439147860113284993e-01
4.314429679887868962e-01
4.082808470384193256e-01
4.068659808852331250e-01
4.285792516413837738e-01
4.586805696339079641e-01
4.141257863616196189e-01
4.469735477994064010e-01
4.216798068076948458e-01
4.365655918747041175e-01
4.613244960561708741e-01
4.008612153150633017e-01
4.037990592323758565e-01
4.314824817435816140e-01
4.100516071422455333e-01
4.008354259550334642e-01
4.005700002397853399e-01
3.732325741693480747e-01
3.306384498808829231e-01
3.879743755717752762e-01
3.839352735585170873e-01
4.242185152749479715e-01
4.518581278745392726e-01
4.362160564620569669e-01
4.445575385279307845e-01
4.516557790719569754e-01
4.450468498990962640e-01
4.760679103259408684e-01
4.641428228440381276e-01
4.772161304438200524e-01
4.147301637677522912e-01
4.071756749893280514e-01
4.056683746890287212e-01
4.358057233684070608e-01
4.255775528004249186e-01
4.010747364436965112e-01
3.867174492575837230e-01
3.753834319060971314e-01
3.737545429946523834e-01
4.240311347006148757e-01
4.381015964349403435e-01
4.117351870058598151e-01
3.728262265869845549e-01
3.857360095377126430e-01
3.651418613145372416e-01
4.288497589923647157e-01
4.453386996158164024e-01
4.776489931277018708e-01
4.246036851544466306e-01
3.875401731503879676e-01
4.238206196036922724e-01
4.008710247484784661e-01
4.324568667842116354e-01
4.183608896134538568e-01
4.249563805068690692e-01
4.455436909099156906e-01
4.421571029031092781e-01
4.160020905755617004e-01
4.061855482395919648e-01
3.910307593669134496e-01
4.098586579793195850e-01
3.687189561203546573e-01
4.259942039119745671e-01
4.186441758815130920e-01
4.248272749248452329e-01
4.390027788527044450e-01
4.671095331292238195e-01
4.532541320180634159e-01
3.999344505329027188e-01
3.717550608318984651e-01
4.122773962329608910e-01
3.912744967760569681e-01
4.594079855351214658e-01
4.444618161971896630e-01
3.952330411365778118e-01
4.273440867444263103e-01
3.476037063812876804e-01
4.554940618443613642e-01
4.288357278368046255e-01
3.865468524070951872e-01
4.312198021026425465e-01
4.097091987154074522e-01
4.046092332370129774e-01
4.109950405982054078e-01
3.867826203941035490e-01
4.086051301662815827e-01
3.952323535448092895e-01
4.095503302795420741e-01
4.452729322684073066e-01
4.000510461714853472e-01
4.184250243489892052e-01
4.724107229783705009e-01
4.712392570524737700e-01
4.189989837446682630e-01
3.676571571369964264e-01
4.119852928011443760e-01
3.485411317579517054e-01
4.183264879079277576e-01
4.571413956074077412e-01
3.972871834458826523e-01
3.940102649043167871e-01
4.315885003384840601e-01
4.132056980705543503e-01
4.110962350888481276e-01
4.123099348050076607e-01
3.684559835929699378e-01
4.093312907659638622e-01
3.971343440225940657e-01
4.008358036916490064e-01
3.977707127812658006e-01
4.257806921265315792e-01
4.191516340656919470e-01
3.805113118468625433e-01
4.027077358507516469e-01
3.865193004156556311e-01
3.851811935094181516e-01
4.139812881976172587e-01
3.688403570752606386e-01
3.979430663378393795e-01
4.477560827149534295e-01
4.281081490238112797e-01
3.928789724890342505e-01
4.337402532886578399e-01
3.988061324296942045e-01
4.137038647520528967e-01
3.844541825887776709e-01
3.705419225947950701e-01
3.938747648499887899e-01
4.280401282226828918e-01
4.471506570644291356e-01
3.982881579069825762e-01
3.914842275786322157e-01
4.004263702100063771e-01
3.655719569446596595e-01
3.812609901685518610e-01
3.798183296753687710e-01
4.208120002711639995e-01
4.282189473359654941e-01
4.042809140567342197e-01
4.036504557100740187e-01
3.991306126735726378e-01
4.415921955760835904e-01
4.976206972791127892e-01
4.549288007287276558e-01
4.252979600641566549e-01
4.487670039276980272e-01
4.227400097118385602e-01
4.365182520628846374e-01
4.543109090365978209e-01
4.413451484995459251e-01
4.372667582415515897e-01
4.113857378263303666e-01
4.433870724565661670e-01
3.857505075502601910e-01
3.582295015853000364e-01
4.366463392045454306e-01
4.295061092298827488e-01
4.190736315157090330e-01
4.519689121451357372e-01
4.066587816855357085e-01
4.110194036328329581e-01
4.249154141734634571e-01
4.050620686209013832e-01
4.197425962729747773e-01
4.640212661960550489e-01
5.007175522662170586e-01
3.989086231916889047e-01
4.102122807495945378e-01
4.007255076615748313e-01
3.757404709429387202e-01
3.470652496814118360e-01
3.913264916732930310e-01
4.316552693557039189e-01
3.924339769734523364e-01
4.690128240488920519e-01
4.139756340916592170e-01
4.253388053313461037e-01
4.040127532345156314e-01
3.981474854965741383e-01
3.844827992228693203e-01
3.819035705659569180e-01
3.635988679227898368e-01
3.828684710019573112e-01
3.801595682369521834e-01
3.577053880519720508e-01
3.821627148413433428e-01
3.582438732644451229e-01
3.753726883288479588e-01
3.840621917242404426e-01
4.439001804483914126e-01
4.646772361568021759e-01
4.387969662626028389e-01
4.324726399918021880e-01
4.776809354903247540e-01
4.298966748149537498e-01
4.568590597845100798e-01
4.204525126344736963e-01
4.385893538403188852e-01
4.392978641510599802e-01
4.144914393067142266e-01
4.203696286649182823e-01
4.424075769717301099e-01
4.621222177379682439e-01
4.124342837957579166e-01
4.451216432520085364e-01
4.567061081979000847e-01
4.378161630415562944e-01
4.553299414602094974e-01
3.982504179949706846e-01
3.811572692744748525e-01
4.298188297735454633e-01
3.691307568859624189e-01
4.885880477146886114e-01
4.291792777355045718e-01
4.577166353125923237e-01
4.026110591377737302e-01
4.269931562776562717e-01
4.344448606347047215e-01
3.995706482724220576e-01
4.382501527466427516e-01
4.246013396250753469e-01
4.287935297970416060e-01
4.331168916500222621e-01
4.570455635183703902e-01
4.556056157144936503e-01
4.376315933494441812e-01
4.434767067149099073e-01
4.469276362031595062e-01
4.501510004671008813e-01
4.699109109122854844e-01
4.316618317151363349e-01
4.706203988176630992e-01
4.182491275411707177e-01
3.587570035650331501e-01
4.045840014531152939e-01
3.781538106293855783e-01
4.332080294828302147e-01
4.476191766418273210e-01
4.277009432733919203e-01
3.795588582534705213e-01
4.336125092799862912e-01
4.889760353126142989e-01
4.379569435171847824e-01
3.838768482272729154e-01
3.907323140151691687e-01
4.227703867081962219e-01
4.269979798786467384e-01
3.171413644082692884e-01
4.057544855230363900e-01
4.137157159304514775e-01
4.062742317294327776e-01
4.368424313624293953e-01
4.085889414253552898e-01
3.557971044375610736e-01
3.934073510993968403e-01
4.431378991404356649e-01
4.399848266966157606e-01
3.652809274075329293e-01
4.261541939876891671e-01
3.732554669253025925e-01
3.841346707049822506e-01
4.479715744781796460e-01
4.017441672549144638e-01
4.329449308371682292e-01
4.101164383478934639e-01
3.884492262112000938e-01
3.737135492559601202e-01
3.896614977035726124e-01
4.355869379949383058e-01
4.090102372193026858e-01
4.081886550282052828e-01
3.546259270178641065e-01
4.257325168754156897e-01
4.086376750354334675e-01
4.455927055398897219e-01
3.970007677959688785e-01
4.277820522808606363e-01
4.120026276974718127e-01
3.946493617431881540e-01
4.458341652043214531e-01
4.005973743822617283e-01
4.078663880645958528e-01
4.401944780603533891e-01
4.141537928720624984e-01
4.097033341897716174e-01
4.195298711884514198e-01
4.618527425090492300e-01
4.313726837086486743e-01
3.657356524140263909e-01
4.012538642642332065e-01
4.089166915741052066e-01
3.955507292218651272e-01
4.219545862053227236e-01
4.445735133496770963e-01
4.341054079174286873e-01
4.288676056989783603e-01
3.961672324520910116e-01
4.549147597006111265e-01
4.272313240026033854e-01
4.255209363362741914e-01
4.199477760534507387e-01
4.179339506390371550e-01
4.085338278429657688e-01
3.862341893736227494e-01
4.123678455412688182e-01
4.652367187136455806e-01
3.906061724107944277e-01
4.391552996660867403e-01
4.001975335295636094e-01
4.538709597808448515e-01
4.575254239843712933e-01
4.634000863708607754e-01
4.248585466516222597e-01
4.471729741518542522e-01
4.397827428867852051e-01
3.965705774330851030e-01
4.395053376216913055e-01
4.371898188188624856e-01
3.808296781095583672e-01
4.408357315517567598e-01
4.278558912523770519e-01
3.712923820319909418e-01
4.074601337275649549e-01
3.922627824306850752e-01
4.626148735267943124e-01
4.594863692686592671e-01
4.299400908623519091e-01
4.202953358200443579e-01
4.193923999517027434e-01
4.287706194154450312e-01
4.197142043566262637e-01
3.648362753486535937e-01
3.741928160658550273e-01
4.023379583700611994e-01
3.874956978520335271e-01
3.983353611424189644e-01
4.173694936133465205e-01
4.006832250689935093e-01
4.300022485324490051e-01
4.313304716235517033e-01
3.892764217941804272e-01
4.258131651474719170e-01
4.392171779847893198e-01
3.957746094037161155e-01
4.556461621753158386e-01
4.343631204203735607e-01
4.192318394151148264e-01
4.415214451454828604e-01
4.195883871766903916e-01
4.489179121132420569e-01
4.196291025829773091e-01
4.376441606486989322e-01
3.889316574421395334e-01
4.000896799928978509e-01
4.050837500335847108e-01
3.907507848557635333e-01
3.943329029664228713e-01
4.253582634732105405e-01
3.998801827565305334e-01
4.639746294516923220e-01
4.235198349620893365e-01
4.118919560557822157e-01
4.120655518976364395e-01
4.031138000291522583e-01
4.266140616673471109e-01
4.542830530838166680e-01
4.075324348215619841e-01
4.462651493987027096e-01
4.149251773068637905e-01
4.667873910602801102e-01
4.468895973287434487e-01
4.384133100459708388e-01
4.153057616792729667e-01
4.293795793129657756e-01
4.481884236269756405e-01
4.431896233412446207e-01
3.798160111301923658e-01
4.335065100624739820e-01
4.167125380611707564e-01
3.729299230710658164e-01
4.316003020983456007e-01
3.475256323431499816e-01
3.967843777277372808e-01
3.774106843442349146e-01
3.884776638546257321e-01
4.175525312030439196e-01
4.268104176726409960e-01
4.435687089999645893e-01
3.897707574544948539e-01
4.075328495260017725e-01
4.035787343520563231e-01
4.085961063821288430e-01
4.274375143558066803e-01
4.006801869134758998e-01
4.220863768343328104e-01
4.263666248329348596e-01
4.194893656960737016e-01
3.323787586750275302e-01
3.280083107426182698e-01
3.958171193003336974e-01
4.396392570386868925e-01
3.538537260388714967e-01
3.948981844648261075e-01
4.591589669091936665e-01
4.500985225020888159e-01
4.285374085525998633e-01
4.280831935590674320e-01
4.269127953045614432e-01
3.928974734245692657e-01
3.845759850424713133e-01
4.103691039540044994e-01
4.284392997902694566e-01
3.880336684134512160e-01
4.624598541508221361e-01
4.473995927625877278e-01
4.318641750373624633e-01
3.714780857349316290e-01
4.069466343983947909e-01
3.399008226994765236e-01
3.549828953296313427e-01
3.645214345514683485e-01
4.353857374478848352e-01
4.244460455696414947e-01
4.299100230827755942e-01
4.264245396045452940e-01
4.564752149496750233e-01
4.422630546534989104e-01
4.230529331872672771e-01
4.233138491863017161e-01
4.055010472162028368e-01
4.395923763027551612e-01
4.244922596532606507e-01
4.498554952894556203e-01
4.687403205088495062e-01
4.179996711715791569e-01
3.752694904408518384e-01
4.325245393310252484e-01
4.032509604487445332e-01
3.968889444565600888e-01
3.976660067159598078e-01
4.050153701328665923e-01
4.176619721812598329e-01
4.504889971373857160e-01
4.084463900886958765e-01
4.204458512227465250e-01
4.183218502473201039e-01
4.197691763403834098e-01
4.303164507846985454e-01
4.015737463171568655e-01
3.954226171016235747e-01
4.097760112962050560e-01
4.326735373084872327e-01
4.241246628466964208e-01
4.263517377906470562e-01
4.290747653390153959e-01
4.583155917474306396e-01
4.147138561288729597e-01
3.926158767048824050e-01
3.937627920820180316e-01
3.958457306009784404e-01
4.008652368417616185e-01
4.111524769191708950e-01
4.409194597820421668e-01
4.482007374655853083e-01
4.021471988451429946e-01
4.534053752372425028e-01
3.656198327389653668e-01
4.386751652485943453e-01
3.959925479247714541e-01
4.413187443238528185e-01
3.660647746516868528e-01
4.152542448319520574e-01
4.316121875394373641e-01
4.189703148451539572e-01
3.916558771162362840e-01
3.858933677333118983e-01
3.997070830338613212e-01
4.324176233017987259e-01
4.127714492829478443e-01
4.412366511487226250e-01
3.807781391371142243e-01
3.960796217048780932e-01
3.976767759479993836e-01
4.557532833268463923e-01
4.281958801098720291e-01
4.335493216337838462e-01
3.640913619555121161e-01
3.928365013265374128e-01
4.219487433596139647e-01
4.119236285997359692e-01
4.052560565087446331e-01
4.107164047443229715e-01
4.319044237911153772e-01
4.339902989444841541e-01
4.323786995467371330e-01
3.930424763255035425e-01
4.529268134034869497e-01
4.001708129873137731e-01
4.029322448585911931e-01
4.323024411123961297e-01
4.044819282274096373e-01
3.988162456780436349e-01
3.958483965485059541e-01
4.042594423833765771e-01
4.113782089036065459e-01
3.975605221383792798e-01
3.439229867813949904e-01
3.802202735870340300e-01
3.280159753069014084e-01
4.153606666056798291e-01
3.964981599298698645e-01
4.192670353492413127e-01
4.183142847335580838e-01
3.957093096368795027e-01
3.820740993427185761e-01
4.215609966243392126e-01
3.882950518723502498e-01
3.778387153490473382e-01
4.251889405434373659e-01
3.815284763603987161e-01
4.619790105592212481e-01
3.512236185187639359e-01
3.455912635305029013e-01
4.294653620237593450e-01
4.258395974260834049e-01
3.808721987883414428e-01
3.985611799194894722e-01
4.318530295056838830e-01
4.299615924625035390e-01
4.929920647646662824e-01
4.632401651055698677e-01
4.602718417242746551e-01
4.629616726080383882e-01
4.727198855214225781e-01
4.272935723400728136e-01
4.519192145171734842e-01
4.299744907139330663e-01
4.478462558982309050e-01
4.144411487106103853e-01
4.382612829326937298e-01
4.227477842971053557e-01
3.969013326202615599e-01
4.532947224277518172e-01
4.255274035570519309e-01
3.926490675734976565e-01
3.687645106126357097e-01
4.011031908587550099e-01
4.071837916409927205e-01
3.704051807047767930e-01
3.877651345425298657e-01
4.410656992969758106e-01
4.234396164582560074e-01
3.908564719326174108e-01
3.889391468689030185e-01
3.919383342326078212e-01
4.003736943148369920e-01
4.129059856776879922e-01
4.277631760351636725e-01
4.447466039705948448e-01
4.638136819550839895e-01
4.310315987955837258e-01
4.159226665189555416e-01
4.165121962406846401e-01
3.720079184181530607e-01
3.884030896364717989e-01
4.215909345888771420e-01
4.653180842907220227e-01
4.136320928313104162e-01
4.283977632503274124e-01
4.216696467633281875e-01
4.695047305277765259e-01
4.041048501078643440e-01
4.018765058598475770e-01
3.763543502630665727e-01
4.031652834559173448e-01
4.525579029312070123e-01
3.541311442499422424e-01
4.131603911047254662e-01
4.294692314041687053e-01
4.155715371666395819e-01
4.656460401676557614e-01
4.255387835614903302e-01
4.177775155864326684e-01
4.301653923432820492e-01
3.866696369971874270e-01
4.159857829970794452e-01
4.345930012160604261e-01
4.522080874705141640e-01
4.218330548909977606e-01
3.867692268849745041e-01
4.374770828677148615e-01
4.268845459059150693e-01
4.140751062706967689e-01
4.271266402356758696e-01
3.948743580217159987e-01
4.217775126118484819e-01
3.867655409864503846e-01
4.050115326897820722e-01
4.237482254078330790e-01
4.453789962416282444e-01
4.087024122693282968e-01
4.560180642118230043e-01
4.372326175244576896e-01
4.318964169020065302e-01
3.868046116150697378e-01
4.223538624812397946e-01
4.405727036155174803e-01
4.365092096098717178e-01
4.395589924359681877e-01
3.973590590682499202e-01
4.146434575248389431e-01
4.688627806956683908e-01
3.631236543996825272e-01
4.039291251806497174e-01
4.217173148905579150e-01
3.926842681427241133e-01
4.257124582797611745e-01
4.037145745605187908e-01
3.870368934086945711e-01
4.278679443335601795e-01
3.721754841146830417e-01
3.553878458258946660e-01
3.810568345379383159e-01
4.471424998627030467e-01
4.279724009122163886e-01
4.444619146934849496e-01
3.725544131541388970e-01
3.946443006949776899e-01
4.289617910601060680e-01
3.614446322250174926e-01
4.341261697524226859e-01
4.129500172509709688e-01
4.562533198215822372e-01
4.382261290918534336e-01
3.733432365983321843e-01
4.050188743376033074e-01
4.008177426708326996e-01
4.493847229374109409e-01
3.996822958179859775e-01
3.384123673366334906e-01
3.762433617883658155e-01
4.411867856696090606e-01
4.341593946995036535e-01
4.172565601803487345e-01
4.166368248545062047e-01
4.328426448225720091e-01
4.009633801906726802e-01
4.268449620732747696e-01
4.427324182390712792e-01
4.336553080716421538e-01
3.637725294609056026e-01
4.255652897816332159e-01
3.733295632125401831e-01
4.242113461892887960e-01
4.314008522548716806e-01
4.072816142879288059e-01
4.068708989419775324e-01
4.047927012683657511e-01
4.134913301588601930e-01
4.206984835131530875e-01
4.476982558932840472e-01
3.914465642309870597e-01
3.665343697522119859e-01
4.248888261614953143e-01
3.906173770511090493e-01
4.034056680981090715e-01
4.575999175108333983e-01
4.253175117568453456e-01
3.966058700943002613e-01
3.967760059980840470e-01
4.207801345004180682e-01
4.453862182061091857e-01
4.097743530614841867e-01
4.360842515803605712e-01
3.713772414141783274e-01
4.184389217420683704e-01
4.253280305943060169e-01
4.174808173624736107e-01
4.273186864277512265e-01
3.957166673701516535e-01
4.357020129377187634e-01
4.633489086067662521e-01
4.916152690643556533e-01
4.044443224223228661e-01
4.497785073506204712e-01
3.951214541692811832e-01
4.135758753064728843e-01
4.930321070075314172e-01
4.419438223959708534e-01
4.118050823021079943e-01
3.889134228140753158e-01
4.538683239484902487e-01
4.041620879209851802e-01
4.264266998936501185e-01
4.168575318100177229e-01
4.837045818096416538e-01
4.518810677940530707e-01
4.566882762193876233e-01
4.476050108874251587e-01
4.271327611000688695e-01
3.726060822854936894e-01
4.208700946658446851e-01
4.554323671655886585e-01
3.899234798382040790e-01
3.779044828369467757e-01
3.810063328907615232e-01
4.546438922034969354e-01
4.498418167145206703e-01
4.379808639224267441e-01
4.460003612497125403e-01
4.275494400263617489e-01
4.135291642590331884e-01
4.298564174961539974e-01
4.875187021982538282e-01
4.457574069356989299e-01
3.922016197951967986e-01
4.170035670339368727e-01
4.289894292674365506e-01
3.638896899087942782e-01
3.972473647098519467e-01
4.210873529406838900e-01
4.115998232449662453e-01
4.521814267672841781e-01
4.439558777268183265e-01
4.598947262025915861e-01
3.864827422656831879e-01
4.056608406762950425e-01
3.968484787196108754e-01
3.835909710154922769e-01
4.001769286214904020e-01
4.703182646977911996e-01
3.550299237128762830e-01
4.047981853635610472e-01
4.222716216140048329e-01
4.017787015190260602e-01
3.681596311585762504e-01
4.111269199366929250e-01
4.166277833330648273e-01
4.400554601310304181e-01
4.346747725994559719e-01
4.734096247571926708e-01
4.607385681661658183e-01
4.486574671479263143e-01
4.294288550026791329e-01
4.001004486196796939e-01
3.409959380542041396e-01
3.890261947626363903e-01
4.343915847271933584e-01
3.920439177573460943e-01
4.446387700309092361e-01
4.270155344317640989e-01
4.114153510411792114e-01
4.268965660235765069e-01
3.955256515683692187e-01
4.122548984847061448e-01
4.322935048814056103e-01
4.122182246842073239e-01
4.279428547013728878e-01
4.430207736059195711e-01
4.351771178318387112e-01
3.532375376359525587e-01
3.801418838329241878e-01
4.590036022941845761e-01
4.312591941194110490e-01
4.017921126736406223e-01
4.500977277311003499e-01
4.043020561135918234e-01
4.030698611511430718e-01
3.580727189574149927e-01
3.862327240858179911e-01
4.134586454945887168e-01
4.129721054040690342e-01
4.069240551928325900e-01
4.154334614981682883e-01
4.394549527656050336e-01
4.615634131135501472e-01
4.296015875900554004e-01
4.413911998905204470e-01
4.650557086550815566e-01
4.283702527780340885e-01
4.156847041972476231e-01
4.308002670816994395e-01
4.254375030812129754e-01
4.090073597688613227e-01
4.409646146421940527e-01
4.076737012275511995e-01
4.098386159933048445e-01
4.294111160065122723e-01
4.163848930159695927e-01
4.004622410211123307e-01
4.275127399074030721e-01
4.354916792784713220e-01
3.752417221640075851e-01
3.841576931217731694e-01
4.273341110891684114e-01
3.817169358351257813e-01
3.712692053431888017e-01
4.046745068446120364e-01
3.748349986350613117e-01
3.629118826469820425e-01
4.145770040942589052e-01
4.476627121881670002e-01
3.957732653538387768e-01
4.270388643957280794e-01
3.827775403409879873e-01
4.340917081715152670e-01
4.240729098183781964e-01
4.386514064361027865e-01
3.763166808811851394e-01
4.289850071971475498e-01
4.683063486934512798e-01
4.701800849174225250e-01
4.492669667606411510e-01
4.218514800631062434e-01
4.440422928642813183e-01
4.067826124821191658e-01
4.033941045813790316e-01
4.693034183549850691e-01
4.145986720379504220e-01
3.998209965318852421e-01
4.884383720586619182e-01
4.511869225272237549e-01
4.083447603752646260e-01
4.201949195637765810e-01
3.707097966685934942e-01
4.009467317386813390e-01
4.065132451429072091e-01
3.869241121409221495e-01
4.133002575276786827e-01
4.532612341231547215e-01
4.561485155459327201e-01
4.393078763227444838e-01
4.378404523921094471e-01
4.063190000050200812e-01
4.153890731339554554e-01
4.375706357872166663e-01
4.099732203858963420e-01
3.940458539191797338e-01
4.425136690744574386e-01
3.942224500581150703e-01
3.701339484870160290e-01
3.888466298186907255e-01
3.651953781162393109e-01
3.890352808719869659e-01
3.649347994559251074e-01
4.339312437891384988e-01
3.943449268581586398e-01
4.674285675649882954e-01
4.391824872557945070e-01
4.256845440853759821e-01
4.141537522639559543e-01
4.317841910434242481e-01
4.098752212384059734e-01
4.143987575341172569e-01
4.249733101361947152e-01
4.568757309330537808e-01
4.145554507289727630e-01
4.277248891282370291e-01
4.271671547238849453e-01
4.187986019374803637e-01
4.409145511750323654e-01
4.057075940012834225e-01
4.434624890169722722e-01
4.159404584729201049e-01
3.351354313232765003e-01
4.025066912639175265e-01
3.983253180481554079e-01
4.003277509754494812e-01
3.995940047489498492e-01
4.009642502932617703e-01
4.449842538254540347e-01
4.139804252128213014e-01
4.082759436242761053e-01
4.337713054993531658e-01
4.045932249305185802e-01
4.043795863131118273e-01
4.344424496653290779e-01
4.565404152309943120e-01
3.941689922127042389e-01
4.382239867858251370e-01
4.350953839878441975e-01
4.015865506119017381e-01
4.580489034894382194e-01
3.979421571820924153e-01
4.196359987476220299e-01
4.136040364690791726e-01
4.568706703877296049e-01
4.251021281842604083e-01
4.103916687337907376e-01
4.457101492870715331e-01
4.847976244984438243e-01
4.194402446810594487e-01
4.722747917555997210e-01
4.744967268107598279e-01
4.357883940827134706e-01
4.090613502446159844e-01
4.373006265560477335e-01
4.111913591053776851e-01
4.086341061086621873e-01
4.020436716211548966e-01
4.225395073314466288e-01
3.642008827317571029e-01
4.181335936089043415e-01
4.222891908625823754e-01
4.184788817073001876e-01
4.041998782770497289e-01
4.312820155901563868e-01
4.227070813482780021e-01
4.518040799833119014e-01
4.233622007584723623e-01
4.568818172987841320e-01
4.138971157533284928e-01
4.017114841168025197e-01
4.024798334046710280e-01
4.679154837723722427e-01
4.233145958195510539e-01
4.264282395164174511e-01
4.489385584149242492e-01
4.205289953277395187e-01
4.850674331913651383e-01
4.161618187937299873e-01
3.960889389731269694e-01
4.734375567341790325e-01
4.249182845536157438e-01
4.217341123311844631e-01
4.642305210166738361e-01
4.253368883917973409e-01
4.233038237032389906e-01
4.288092283036442076e-01
4.350674297099585974e-01
4.481564585807508161e-01
4.598137187442347118e-01
4.262411529032033575e-01
4.534368929580289698e-01
4.193549396918384575e-01
4.109220594303961138e-01
3.822177251356229655e-01
3.991565298878814727e-01
3.464380023204119974e-01
4.027328914907692958e-01
3.873951822030046732e-01
4.346831048260709207e-01
3.961545844078073753e-01
4.078405320255283906e-01
3.802344132078316896e-01
3.994256740737934241e-01
3.583898788720441542e-01
4.083060420505831845e-01
4.342453559319536249e-01
4.309681003718706660e-01
3.796049205066452936e-01
4.080643882301679404e-01
4.295857813219479682e-01
3.955993729276163773e-01
3.949485446919965836e-01
3.998434940859694198e-01
3.854422776413013452e-01
4.453985735374816901e-01
3.703056074043048485e-01
4.258045117525863787e-01
4.231985499624284497e-01
3.822291752229234896e-01
3.837513495197836799e-01
3.991364778231941135e-01
4.034954009490852034e-01
4.095954562644184560e-01
4.302795925272420163e-01
4.425409678071161590e-01
3.992576480197368993e-01
4.124799544138750274e-01
3.772410567617571209e-01
4.407069816144477126e-01
4.791269223046277781e-01
4.009155922966828878e-01
4.324061440476396068e-01
4.195118076760939174e-01
4.620446658311089805e-01
4.218138695650933689e-01
3.676091257543414592e-01
4.382386008044607539e-01
3.910088253149835436e-01
4.275122877978698166e-01
4.248581597186248948e-01
4.325681492592410859e-01
4.420865106707509984e-01
4.195678399748793419e-01
4.317250655728129272e-01
4.414297615271968178e-01
4.035765666795751994e-01
4.175859649093826564e-01
3.822263849371089761e-01
4.569245848073121841e-01
4.401559147017978235e-01
4.226024612734440855e-01
3.900888740631657803e-01
4.186157511969857969e-01
4.219332094210728745e-01
4.882856681564861634e-01
4.293086449745645017e-01
4.462536469732255595e-01
4.428159137230023856e-01
4.549322648291040383e-01
4.588845739994463213e-01
4.524384826335433596e-01
4.558689737266682362e-01
4.480480627949463002e-01
4.142708534985560798e-01
4.137379216187483943e-01
4.350550345548069298e-01
4.681202514249984126e-01
4.528875702438549533e-01
4.315704273681653658e-01
4.234824575623590825e-01
4.230309208672786148e-01
4.128525938041621712e-01
3.976476414759828049e-01
3.767047503943534714e-01
4.292385775436348694e-01
3.981955131796666714e-01
4.180801405883174393e-01
4.313539728151706276e-01
3.747304269864557558e-01
3.869401323239784474e-01
4.463461550721269377e-01
4.285088408754839651e-01
5.065368001134948894e-01
4.199739844169818048e-01
4.472090316660564668e-01
4.290633471954237166e-01
4.314029043288694631e-01
4.351279001899494570e-01
4.261882055716740836e-01
4.024127580498972900e-01
4.099185194008738709e-01
4.020576824764706680e-01
4.116066735743537097e-01
3.929420904576803597e-01
4.133215094604196782e-01
4.234723161367842659e-01
4.060670139562418401e-01
4.431771054256712916e-01
3.957722161594950938e-01
4.040742837712091862e-01
3.981561287750232103e-01
4.241918509926612124e-01
4.149677927312052650e-01
3.747515373471279054e-01
4.473290699868888165e-01
3.485727758399413956e-01
4.246339694158681177e-01
4.246031752734406584e-01
4.176642892228314974e-01
3.978244450971526458e-01
4.634202759095698565e-01
4.567934358332324529e-01
4.351996759655158975e-01
4.226499265416377438e-01
4.103544366984325786e-01
4.572832697232632748e-01
4.506595473088252923e-01
4.074463087946062489e-01
4.166551040869662659e-01
4.084184684717827585e-01
3.833601251532948173e-01
4.075938852437598348e-01
4.096438561225745345e-01
3.981170493193026960e-01
4.687489223496367208e-01
4.283293461380797695e-01
3.764286898848697716e-01
4.219230838705037567e-01
4.298737841543096572e-01
4.407574951707416422e-01
3.921682386026515976e-01
4.231211827964376782e-01
4.435457248752037729e-01
4.029738150867457347e-01
4.035168981475094618e-01
4.287694667003832394e-01
4.293494873797061850e-01
4.065815184088950041e-01
3.849772584289456456e-01
4.253232383699012131e-01
3.956282402395784881e-01
3.925567323947469212e-01
4.505689368574156140e-01
4.377466174189786341e-01
4.119558076154676840e-01
4.245899917813684699e-01
4.052414814503868534e-01
4.159151351794467821e-01
4.112001927677153001e-01
4.178048056984190461e-01
4.155579004731533299e-01
3.935261411741955428e-01
4.559389681376178616e-01
4.522772036833591636e-01
4.364724243595599074e-01
4.543885622202496477e-01
4.213152061166062778e-01
4.302159748824567753e-01
4.717599140727030127e-01
4.200787811753930456e-01
4.028309606457307068e-01
3.327200770027505805e-01
4.297284934672595536e-01
3.867824143172742812e-01
4.166921333440011255e-01
4.252223171430724591e-01
4.577375396757606407e-01
4.650915174530963481e-01
4.451549165810032016e-01
3.697786982285451440e-01
4.129080759734032879e-01
4.054115771225458298e-01
3.527036910822296534e-01
3.970420430118957733e-01
4.372962662080002727e-01
3.648242538292415515e-01
4.061262683044394861e-01
4.250881452495847146e-01
3.818350896601041544e-01
3.789706608111594321e-01
4.706842576171896275e-01
4.067101289548361587e-01
4.270896556508010922e-01
4.140730283413088797e-01
4.231231651168717023e-01
4.663704748401150124e-01
4.593998168988618347e-01
3.873333471094373426e-01
3.804406091089436170e-01
4.411153528116422695e-01
4.131806883666475638e-01
4.377939054501381877e-01
3.935515575879257044e-01
4.037429059116661723e-01
4.286303827670393529e-01
3.981781990484413725e-01
3.900548592365854494e-01
4.403720589952231368e-01
4.387817511353783728e-01
4.210425596131729953e-01
3.816153688204858008e-01
4.372972879330923601e-01
4.349426547926096842e-01
3.785447228478964754e-01
4.617882880844300098e-01
4.289816411670107632e-01
4.492757142457733943e-01
4.142176553431301533e-01
4.367631937822875066e-01
4.359410588507651174e-01
3.606437409800360427e-01
4.348255964857048461e-01
4.281225063738738346e-01
3.886692849434938424e-01
3.885685861861166712e-01
3.807070495614663375e-01
4.111712951222281642e-01
4.232575925629548097e-01
4.696558279897070642e-01
4.214719172615061793e-01
4.273267302105920318e-01
4.282852506078609345e-01
4.806811414188161269e-01
4.009586819972461580e-01
4.111160074503198980e-01
4.330817916421476066e-01
4.165923059878291479e-01
4.462963842722399987e-01
4.490986376467092089e-01
4.349224714412773807e-01
4.034686439972073879e-01
4.430206160956938755e-01
4.514817039659597131e-01
4.577303375247046557e-01
4.479513637547247740e-01
4.301069314313524794e-01
4.313328670900071216e-01
4.426082103071753426e-01
4.081390503161395067e-01
4.164270157943446571e-01
4.491448470261223958e-01
4.509484139518622481e-01
4.472230816712285395e-01
4.280657663570461291e-01
4.532266836414176048e-01
3.975470809840140340e-01
4.036474237512418517e-01
4.102698839372293516e-01
3.959356295807054948e-01
4.275570488430448512e-01
4.065233644949933223e-01
4.296653880824827798e-01
4.109938442945947346e-01
3.088249004018033261e-01
4.099280407626176848e-01
3.684412534299945641e-01
3.741552417075019732e-01
4.652690171587096080e-01
4.059775219756619480e-01
4.277613792101058188e-01
4.134834488072652303e-01
4.214648975642348860e-01
4.254849358306855289e-01
4.168380915586329949e-01
3.730310787084886726e-01
3.901303275732042053e-01
3.951170701104768090e-01
3.704467192558517086e-01
4.222536098774513080e-01
3.987350778193957113e-01
4.387142389417583166e-01
4.419031120390370382e-01
3.912745388289716741e-01
4.408559558898662578e-01
4.088323818777181429e-01
3.949204149260407970e-01
4.086539765997713736e-01
4.245283328251954758e-01
4.389763261331989241e-01
4.243812494610779140e-01
4.029452854901502401e-01
4.280966635533833275e-01
4.220852088208351671e-01
4.368493571862444580e-01
4.404251565496141718e-01
4.256887649957970532e-01
4.232486393312864803e-01
4.524181534407031302e-01
4.486835381836874470e-01
3.966165018479699822e-01
4.232438867145688621e-01
4.095807295617839294e-01
4.650107862015904203e-01
4.309881050634457034e-01
4.224794109012148247e-01
3.791640963260334840e-01
4.143029015924254432e-01
4.038328434215411877e-01
4.513188343662794533e-01
4.174438115536244776e-01
3.858572389609868369e-01
4.034244790222388244e-01
4.318764527685878263e-01
3.904937053422031790e-01
4.564307157145119920e-01
4.243251002506710501e-01
3.963835437533184125e-01
3.913253463028126822e-01
4.061201026733290420e-01
4.301119061399439336e-01
4.639468452196259807e-01
3.789169473522242537e-01
4.072469143050880813e-01
4.226764615833643046e-01
4.105928637060052289e-01
4.725614265972594152e-01
4.623300536406972361e-01
4.482356633261189160e-01
4.382369238390242949e-01
4.116964397233858208e-01
3.945996961303018802e-01
4.026855085347772478e-01
4.293158316055589729e-01
4.146446197875444661e-01
3.526681594304778566e-01
4.114022646374984604e-01
4.632849165664874036e-01
4.086066526058108606e-01
4.584414537097729614e-01
4.252742905591807565e-01
4.148302815919117648e-01
4.236121413369059452e-01
4.316683498366311045e-01
4.154097711042412655e-01
4.420486207674029777e-01
4.193864820088530343e-01
4.350780874222351935e-01
4.098625068248933356e-01
4.070251658482380019e-01
4.227201047947548584e-01
4.541767461925532712e-01
4.177252999993107951e-01
4.376890238812495837e-01
4.118599054665293968e-01
4.639508547693571017e-01
3.863204480866683221e-01
4.421697773249789742e-01
4.802749045069490963e-01
4.135429140654183211e-01
4.647177436398746142e-01
3.882790847071621032e-01
4.111519828110163921e-01
4.010282698573489624e-01
4.064212762488936814e-01
3.976392354799299644e-01
4.339922345974490114e-01
4.364752244459487174e-01
4.261616048732264073e-01
4.247658800424144454e-01
3.704171790087107397e-01
3.873746512420701560e-01
4.081010124372629333e-01
4.086471227797757733e-01
3.909562590533302018e-01
3.600575253017498922e-01
4.075777400658478489e-01
3.487782294338850897e-01
3.956346693663492231e-01
3.679603568785286827e-01
3.811878178971046527e-01
4.577931978417922876e-01
4.076737217582931949e-01
4.158371061503737809e-01
4.092346443712620019e-01
3.920907096654082102e-01
3.900750092672098934e-01
3.853410762012388080e-01
4.042525740655000255e-01
4.129969377085521698e-01
4.334692022871775574e-01
4.249823304234117693e-01
4.151219040908508129e-01
4.389705840438248297e-01
4.031801830909180206e-01
4.167393743872432332e-01
4.341469667696247203e-01
3.474786486393486862e-01
3.646192020684359547e-01
3.645773092477407329e-01
4.237184727393478734e-01
3.764790228268173888e-01
4.179889227224799497e-01
4.100803914148671292e-01
3.965385119882869902e-01
4.554380502198612790e-01
4.612462065197845407e-01
4.111533613290638267e-01
4.692098931783632576e-01
3.867693623093799715e-01
4.430103226327588017e-01
4.419212473815677389e-01
4.335935222022705982e-01
4.228858937927755246e-01
4.310623876133575783e-01
4.335318373499560951e-01
3.907953577998415362e-01
4.186285587410623066e-01
3.811894487115336516e-01
4.392620106072336883e-01
4.421716026805242450e-01
4.508747812705480307e-01
4.066206225118573769e-01
4.531495338278919704e-01
4.122285304510339143e-01
4.305523344667222529e-01
4.244416556973814592e-01
4.411390178078696822e-01
4.341723284241625347e-01
4.338916562324819926e-01
4.293272906142276413e-01
4.213220938583868702e-01
4.680615020117385727e-01
4.152754352729781107e-01
4.289988800476345343e-01
4.771205316021334131e-01
4.656200706996143635e-01
4.588675203067750230e-01
3.895325039842391091e-01
4.103660420658249985e-01
4.420346286960301074e-01
4.132789049922132585e-01
4.522282110211116035e-01
4.252027055842007575e-01
4.252207445162531352e-01
4.118664230890419775e-01
4.071142899542263272e-01
4.274506151743215909e-01
4.307394353119475827e-01
4.203428028561760343e-01
4.155111498527716551e-01
4.146458970641446751e-01
4.358988804244211535e-01
4.204542711889634465e-01
3.542846663591681655e-01
4.184482318435173709e-01
4.113999951500342256e-01
4.313492203257842661e-01
3.931403266133982055e-01
4.883182532917099694e-01
4.242008499863763049e-01
4.475247147005198545e-01
4.246711594856635297e-01
4.377454691915696472e-01
3.898918416885460148e-01
3.735424554723304480e-01
4.077836859378317635e-01
3.868264089682147411e-01
3.850218494573754979e-01
4.263124644530056906e-01
4.260188407526366849e-01
4.398647230446420253e-01
4.386763035322108761e-01
4.460136587817805642e-01
3.990468272351647694e-01
4.530713294500028909e-01
4.420411677606110867e-01
4.394251294468549673e-01
4.299625263142149434e-01
4.552933520950991908e-01
4.372895053795852194e-01
4.444226095560199763e-01
4.096411411852911022e-01
4.013377185124192836e-01
4.094609337638704383e-01
3.900123652820944309e-01
3.875332864995567062e-01
4.430065755447309406e-01
4.022142119561979423e-01
4.306869663956162664e-01
4.183138043069583034e-01
4.397444428493964552e-01
4.304066044793660728e-01
4.460638040155072148e-01
4.396461187824645678e-01
4.406328755031450051e-01
4.329082027927756426e-01
4.105573594124232728e-01
4.083663744927750194e-01
4.094604519547306865e-01
4.385279337976354941e-01
4.215676990913856947e-01
4.078854920902624248e-01
3.917604925997399956e-01
4.229025903485729709e-01
4.568432147394829168e-01
4.705911031918267873e-01
4.522965346640250295e-01
4.267116920829118198e-01
4.391697952970564645e-01
4.346339273558176841e-01
4.230973813764256075e-01
4.023625212483496472e-01
4.147098141802409987e-01
4.061998205445735421e-01
4.541071663856465768e-01
4.726844113323296348e-01
4.034678083111836178e-01
4.724348620818163424e-01
4.448902844506775756e-01
3.845576682238822097e-01
4.446576407295931843e-01
4.386137634890232007e-01
4.938252105605299147e-01
4.309247955352976112e-01
4.633131324621070912e-01
4.697155337228967609e-01
4.478944743121836547e-01
3.937048810765105822e-01
4.262245567845906469e-01
4.028724926517271987e-01
3.928337656904914432e-01
4.487594572964282436e-01
4.168086117844752025e-01
4.232998533944770103e-01
3.809483285954642917e-01
4.558696344308907356e-01
4.016111796180536486e-01
4.806047522110967751e-01
4.126236260521884969e-01
4.145269579453088049e-01
3.989830760542886212e-01
3.880773927857570360e-01
3.958202433820592892e-01
4.491653277783054232e-01
4.425742863382367553e-01
4.411082813421648985e-01
4.120509204444443574e-01
4.004471650737437272e-01
4.250740755230189016e-01
4.339067424558675223e-01
4.658416565783456975e-01
4.227166374910719115e-01
4.256563043226033738e-01
3.517317030573823278e-01
4.246713046053139373e-01
4.301681580551159345e-01
4.126207773838706516e-01
4.224274178210042918e-01
4.789535186390576627e-01
3.834398432924794320e-01
4.369919936280581840e-01
4.108724720234721017e-01
4.285236198844032396e-01
4.139672292156788003e-01
4.274478339180580733e-01
3.870356519935029271e-01
4.150605599569409665e-01
4.456038644085705824e-01
4.496490219189904214e-01
3.826510036616472821e-01
4.561581869983503124e-01
4.371047231767305474e-01
3.998960621082467970e-01
4.169901409305040163e-01
4.250982376065989277e-01
4.347195607350258784e-01
4.127570019396289425e-01
4.628106474688448713e-01
4.357330655581985179e-01
3.843731731422711517e-01
4.182592595962570936e-01
4.339316029474150627e-01
4.562710989218163871e-01
4.547509291620654981e-01
3.829238718211371850e-01
4.052805528797716050e-01
4.077889876585819584e-01
4.253803113973585459e-01
4.179856751664061676e-01
4.689226014343339521e-01
4.160433639422801422e-01
4.287982790520615262e-01
4.166293788584712887e-01
4.238885422673824288e-01
4.439634866230601773e-01
3.903021162049375992e-01
4.419772327153286273e-01
4.107054443649708619e-01
4.115245244759167531e-01
4.533616769249175227e-01
4.872562384503531518e-01
4.416412776579323740e-01
4.290516466345396518e-01
4.096272642800064534e-01
4.165885871734757440e-01
4.190684234675662867e-01
4.325261841444393851e-01
3.536990415968912504e-01
4.257377878883923383e-01
4.461559427725323435e-01
3.885655855035412554e-01
3.847637625882990853e-01
3.925479881813183636e-01
3.904067778361329233e-01
4.112987887626201600e-01
4.175815608181689953e-01
4.256158724676195604e-01
4.032021844058072402e-01
4.617954086695195137e-01
4.336587848583211002e-01
4.514815592472884997e-01
3.680761486262521531e-01
4.466283941960729198e-01
4.137150403581515423e-01
4.135149237639819675e-01
4.147051331865780899e-01
4.185073687094784112e-01
4.491813659886529364e-01
4.111652238817826710e-01
4.635497442329238327e-01
4.475501484768543703e-01
4.397321691985115466e-01
4.441503816947582339e-01
4.361628856751159078e-01
4.566034663626914458e-01
4.020375288559476235e-01
3.844680525946474470e-01
4.282543158257557381e-01
3.879502633247507992e-01
4.129103179944010882e-01
4.023448663513706225e-01
3.645648284551886165e-01
3.757315017412902192e-01
4.214530714988300453e-01
4.710301045558259458e-01
4.476623073196301927e-01
4.473105560325157937e-01
3.695174766887892592e-01
3.920801824533565183e-01
4.058397402953546340e-01
3.807719793525470298e-01
4.346357287660679303e-01
4.245977704877393899e-01
4.023761443280270966e-01
3.798645348553040813e-01
3.732283498808679489e-01
4.225237214489417359e-01
3.855009974121905159e-01
4.496626686967447606e-01
4.620243109761971168e-01
4.165339908806648950e-01
3.924928525963323755e-01
4.299604315855504733e-01
4.263361790343366264e-01
4.292712203712999441e-01
4.046192972615853534e-01
3.936980471643022339e-01
4.299009353359642960e-01
4.199479322567011286e-01
4.151968487095676341e-01
4.022676224687690150e-01
3.943268430473090835e-01
3.686180588737467678e-01
3.977595164839387021e-01
4.046242012512022979e-01
4.291282611879643771e-01
4.365893426311048264e-01
4.513066183156643763e-01
4.288404236841412698e-01
4.388619276565292049e-01
4.482799459032816847e-01
4.308370848817421050e-01
4.357372744280471055e-01
4.249432745063183581e-01
4.499176397811481820e-01
4.252237884906923115e-01
4.411415430936528326e-01
4.194457248303541941e-01
4.466931549008542057e-01
4.434029407133129319e-01
4.385566505956167704e-01
4.517918220988835776e-01
3.768988668837209843e-01
3.764771459107126850e-01
3.946235488761440924e-01
3.891440316310822989e-01
4.522436352259412984e-01
4.375789285474575019e-01
4.525016216847195794e-01
4.099605628824153358e-01
4.338093405217781084e-01
3.939451160231058346e-01
3.692843480095380215e-01
4.189460063481117436e-01
4.402457088024012699e-01
4.190115415923908460e-01
4.211996953415353406e-01
4.461858417759740902e-01
4.095061944097256879e-01
4.284725350819593159e-01
4.677769712056321083e-01
3.941954603052247319e-01
4.216803473951025172e-01
4.129469979655990275e-01
4.360143189835692379e-01
4.575247712980166637e-01
3.919899302974591548e-01
4.410360163275605094e-01
4.159593575223672346e-01
3.955724377908227396e-01
4.231455215395935054e-01
4.317798845916428485e-01
4.258457382018192572e-01
4.156989378908153565e-01
4.298390566908308341e-01
3.701066918306412656e-01
4.286796621405745134e-01
4.319010302898304010e-01
4.543169884818070714e-01
4.201898680002140729e-01
4.155882915254286991e-01
4.546908297098498086e-01
4.215809498714956915e-01
4.111919732227388158e-01
3.998754093427802636e-01
3.972929865757119372e-01
3.995750110593256910e-01
3.921866112806207672e-01
4.235481445146187518e-01
4.310793297013632008e-01
4.612061922124139901e-01
3.977430083135234939e-01
4.326289323275261389e-01
3.985655621395076675e-01
4.481966340193598852e-01
4.442088714168226371e-01
4.280664105054964308e-01
4.430250866800072851e-01
4.518754103094475560e-01
4.662883846712089220e-01
4.297454889292803837e-01
4.464964933412491899e-01
4.518015276872467401e-01
4.512404445338130676e-01
4.328321051095100902e-01
4.518172066555963262e-01
4.676534641983442486e-01
4.353327497831543380e-01
3.966814457658645598e-01
4.190537170509137099e-01
4.377398504570782500e-01
4.281770746646275660e-01
4.048178109968578742e-01
4.081849850282981973e-01
4.537871527520598858e-01
4.319120303958067231e-01
4.148620714879213134e-01
4.506517426352357192e-01
4.628957562236130641e-01
4.387837562208381503e-01
3.699165419357390294e-01
3.801770363252002793e-01
4.082381085415984212e-01
3.717559372338397616e-01
3.771492018932867674e-01
4.196581914871691521e-01
4.300510507977628460e-01
4.344503939165977879e-01
4.139897715541023815e-01
4.328446838785013351e-01
4.296808507689150458e-01
4.043789121184266366e-01
4.035188486326241053e-01
3.313936310610149927e-01
3.382705402720712073e-01
4.398047091112314844e-01
3.882774211494104399e-01
3.693312000954577790e-01
3.921470657431768148e-01
4.072066213103375243e-01
4.014242489538211167e-01
4.602181077603184622e-01
4.530960247493452386e-01
4.395593557405144125e-01
4.424875924930855020e-01
4.129504317690918525e-01
4.477955275561444348e-01
4.748078321612250186e-01
4.520162660350519057e-01
4.288930895679663458e-01
4.401659170364873308e-01
4.436062172450075947e-01
4.350664393146345676e-01
3.808397015314827216e-01
3.587178776403716629e-01
3.789400509565583053e-01
4.313783868346242611e-01
4.310295189936351190e-01
4.581475396908086806e-01
4.442087957254536312e-01
3.906629448286472739e-01
4.177784334172646719e-01
4.083267260050856828e-01
4.569437111834161458e-01
4.589865888343503397e-01
4.123870951942005814e-01
4.296689962326958878e-01
4.546391144420851571e-01
3.420068130221088909e-01
3.993649179764679480e-01
4.124019212626031661e-01
4.792710506158546213e-01
4.516147477815455891e-01
4.150474792858867557e-01
4.210943652085504807e-01
4.307423551406759921e-01
3.916879839748160785e-01
4.112138152030996863e-01
4.649686005436840519e-01
4.651557776706128355e-01
4.016672705251283504e-01
4.396278104633317696e-01
4.064286726545077166e-01
4.219557104968182371e-01
4.367724411534947837e-01
4.439443476659929999e-01
4.188975181330653608e-01
4.661707244622029789e-01
4.375143114559670310e-01
4.756943389837662295e-01
4.601815312912526101e-01
4.250717426402142451e-01
4.343925476247146866e-01
4.154112173328192159e-01
4.405196511658632241e-01
4.252211425960500391e-01
3.674424090898951167e-01
3.895914479906901207e-01
4.011191709582826448e-01
4.070623154663642884e-01
4.177319973888552473e-01
4.197264319305470948e-01
3.701171004855357549e-01
4.195540563546590329e-01
4.584994464231001432e-01
4.110916868836959059e-01
3.888328731136549976e-01
4.532238083633424175e-01
4.386031753733617977e-01
3.995736938460546783e-01
3.955163155004164377e-01
3.820053609724060051e-01
4.070573308726149753e-01
3.849016225956381487e-01
4.102710412281422858e-01
4.051775624671118958e-01
4.293095109671815068e-01
3.999669916726292795e-01
4.857425220521575659e-01
4.261286145398915370e-01
4.396571679740573502e-01
4.284763064614535155e-01
4.592631123354029565e-01
4.529205635250906914e-01
4.190951828204971252e-01
3.998694210077287092e-01
4.168182461740518319e-01
4.551992678968590500e-01
4.392517610073530809e-01
4.554073028670991841e-01
4.371583653140971859e-01
4.458904827111485059e-01
3.932564310323596324e-01
4.042814661592965542e-01
4.229397271530071500e-01
3.848735699624445949e-01
4.568805969188244887e-01
4.376676767533456136e-01
4.028637395216955186e-01
3.925264823416542703e-01
4.430493357946433397e-01
3.964691008053944921e-01
4.507110327405402517e-01
4.153240412862901909e-01
4.341334333051478089e-01
3.827048383637383089e-01
3.991957287035144408e-01
4.482143283760420815e-01
4.163073556373092510e-01
4.394772439408719533e-01
4.258422822382333384e-01
3.865967796311781668e-01
4.138739502581618157e-01
4.363821080639542771e-01
4.431233542974223338e-01
4.481257209346933834e-01
3.817757571714744946e-01
3.851100315611992730e-01
4.138234333000250231e-01
4.185114548658123157e-01
4.386891553431243040e-01
4.275150704952318526e-01
3.995508149041168688e-01
4.127257850315453891e-01
3.751636877296292139e-01
3.873057340737210974e-01
4.297506275032809131e-01
4.348601195303289368e-01
4.393579990757077169e-01
4.381830197568173935e-01
4.377401480235632580e-01
4.297782640711918511e-01
4.234042298531653925e-01
4.262565504513418091e-01
4.245549180844247483e-01
4.074538076064891379e-01
4.094596430795083286e-01
4.143461724707461213e-01
4.419318598960270128e-01
4.521541124120783683e-01
4.060323611180463588e-01
3.979941994519732296e-01
4.079112995102880945e-01
4.372432663627157101e-01
4.255534304261520684e-01
3.850486499417951070e-01
4.538718947967026462e-01
4.585151118411313065e-01
4.692814161293591968e-01
4.334185178583588871e-01
4.437833265261819649e-01
4.415787313395620473e-01
4.263112134363423178e-01
4.745151985926991944e-01
4.514807892052235538e-01
4.712498370170528639e-01
4.584972423598742131e-01
4.591421842193145753e-01
4.284880445978455632e-01
4.643095866783967240e-01
4.314612653690488298e-01
4.358596629590719695e-01
4.836113405004641153e-01
3.828748008640082690e-01
3.982317831867233093e-01
4.137673581873480000e-01
4.122295344469798506e-01
4.568806189060907186e-01
3.877425441441381682e-01
4.140488911097220948e-01
4.160153052264584095e-01
4.090244187390250086e-01
4.181944872653554635e-01
4.050693100402183444e-01
4.463595140187158750e-01
4.608986806680419601e-01
3.910623954247712808e-01
3.903712949186389225e-01
4.091903540545992479e-01
4.428752574773586193e-01
4.111489683857936783e-01
4.308074760607114029e-01
4.110487623448474959e-01
3.973408530605646583e-01
4.356646803983292848e-01
4.245383174057786313e-01
3.876444606664424808e-01
3.958562611479821691e-01
4.060010068295596963e-01
4.137726091784350579e-01
4.357166614494879520e-01
3.803924738897212499e-01
4.146382588888866683e-01
4.369851247479281664e-01
3.984673384204334146e-01
3.875118886578785560e-01
3.796270480288608806e-01
4.558285339925567392e-01
4.278818056917898516e-01
4.361786159211195613e-01
4.199413880817837175e-01
3.656379501930290266e-01
4.058626016068444531e-01
4.037741266373132687e-01
4.421809807943565818e-01
4.335837755034218088e-01
4.139835437988513833e-01
4.530986690622610391e-01
4.232199149003273986e-01
4.349562558120321776e-01
4.301322323039171724e-01
4.251601482303423718e-01
4.296663096446557417e-01
4.169392758271902588e-01
3.960798887882504005e-01
4.467316717853648256e-01
4.309540404405916569e-01
4.441057382588432523e-01
4.326327671228712424e-01
4.402679010610722199e-01
4.102179578081133204e-01
4.077319215022734422e-01
4.209873784647558126e-01
4.016331155348620285e-01
4.057632276857822129e-01
4.625395473093913967e-01
4.455224913761172689e-01
4.385056319854361839e-01
4.571780531461276942e-01
4.511978585699956690e-01
4.471506555205440603e-01
4.464219358023280293e-01
4.229614104568849009e-01
3.657239854415109681e-01
4.399676966216754526e-01
4.014694129074219409e-01
4.707231361956896176e-01
4.322358184153305416e-01
4.197333729618109022e-01
3.996433963241444176e-01
4.353533479455703459e-01
4.389742170270772847e-01
3.917061608461986366e-01
4.384468075270149812e-01
4.060056213691867755e-01
3.730406468535741316e-01
4.120947821906666420e-01
4.372101050546707834e-01
4.322248939079672558e-01
3.868971633856126968e-01
4.126571315591799349e-01
4.460915919028548005e-01
4.234496330040081191e-01
4.155723411260260902e-01
3.919424549206533825e-01
4.511766439351012625e-01
3.710495979830679136e-01
3.921658074665195781e-01
4.246005942227464858e-01
4.159174457383441603e-01
4.347629921698541455e-01
4.321930486311219011e-01
4.306514618009571471e-01
3.749935760287528286e-01
4.037550585915715695e-01
3.543097194053594912e-01
4.011055030824256518e-01
3.670988328998593953e-01
4.080463970787163719e-01
3.897483265359618088e-01
4.085337360184720379e-01
4.030641602366566434e-01
4.391951296846685060e-01
4.258389856045563526e-01
4.074701166402872610e-01
4.501672112560743955e-01
4.228312629880370821e-01
4.602846559810745419e-01
3.919320432025050760e-01
4.428255653456774632e-01
4.218512166297083699e-01
3.724471404404963160e-01
3.983326239796565194e-01
4.658437861919730305e-01
3.894936225800759155e-01
3.823194653585390568e-01
4.328273138780291407e-01
4.333545218773949825e-01
4.450718267452337673e-01
4.216845666027016493e-01
4.042195364400364421e-01
4.491040040311489734e-01
4.266937543651937448e-01
4.130873037138866333e-01
3.545785666493176391e-01
4.242733742323775981e-01
3.892610765325869027e-01
4.126181335559784835e-01
4.141151366562409453e-01
4.186579828732158171e-01
4.071597464281851986e-01
3.938380716280123206e-01
4.072058778303930815e-01
3.944515366750478980e-01
3.653344192268137558e-01
3.966749599358615486e-01
3.996487146420572567e-01
3.833924496123662373e-01
3.963528751804846761e-01
4.154243937411690735e-01
4.077584013958069353e-01
4.321437527875115481e-01
3.800179035565663388e-01
4.273042724250332158e-01
4.560385117673161348e-01
4.671728607848652515e-01
4.044460422218493223e-01
4.055764708744443725e-01
3.867996355695595967e-01
3.870327572988200293e-01
4.667562952978833168e-01
4.279777128692626165e-01
4.086319437276410560e-01
4.143456518451379411e-01
4.026833919913430093e-01
4.148765179130793901e-01
4.082702396630246700e-01
4.255137793698257620e-01
4.644940670818500372e-01
4.661043172318859451e-01
4.396708352367450501e-01
4.462758518528593399e-01
4.454180536689192338e-01
4.495516086404070522e-01
4.587973801995766099e-01
4.463433841682143965e-01
4.079886950109022359e-01
4.320714904875636586e-01
3.894381032815557031e-01
3.778351652711974817e-01
4.244573060816410059e-01
3.898767629786208389e-01
4.180492408220810585e-01
4.222675755930953567e-01
4.055118178774621551e-01
4.115994198906961499e-01
4.069616909910954705e-01
4.010239825375294664e-01
4.374963220737376202e-01
4.244251131601787796e-01
4.123036950211981244e-01
4.188262364484323097e-01
4.126203307245182028e-01
4.359920922495417739e-01
3.963084576693171046e-01
4.384768947115029736e-01
3.904144047297129494e-01
4.412137064545015863e-01
4.569708139494155774e-01
3.996867203187773332e-01
4.187829018708462692e-01
4.200030859460131549e-01
3.995302916582155195e-01
4.406123303607624719e-01
4.447176011049215338e-01
4.251254289488898275e-01
3.972276144621484928e-01
4.332381018405662698e-01
4.136432546082722816e-01
4.060181414894426521e-01
4.202301718568094424e-01
4.401678324022829658e-01
4.437005410381473225e-01
4.097054981453484013e-01
3.896161228160767154e-01
3.826031506100456836e-01
3.787040379253763245e-01
4.419400626986506597e-01
4.348441159502953179e-01
4.447047893144221442e-01
4.108986786137664993e-01
3.799028923042307437e-01
3.829767930686052146e-01
3.970497189944442451e-01
3.944138250619274588e-01
4.426128940035535808e-01
4.591408372337436039e-01
3.741830641713719263e-01
4.246861880951530166e-01
4.036699476250301122e-01
3.720880758848310599e-01
4.596417533263321697e-01
4.776163421492103378e-01
4.297888307056381696e-01
4.434875089552053895e-01
4.844050457711346347e-01
3.922506624047956691e-01
4.386859712373583631e-01
4.095744277514808962e-01
4.331367021496592695e-01
3.984904078819541118e-01
4.117168510818643989e-01
4.468039104791051153e-01
4.192437827428588948e-01
4.230923251586501399e-01
4.370491337177101476e-01
4.428880765036338207e-01
3.773684147225024321e-01
4.062696827607280570e-01
3.947287229991849333e-01
4.012772769761246416e-01
4.075887787050737621e-01
4.408238419882783976e-01
3.812967481293318972e-01
4.218311498343290111e-01
4.317161046194670226e-01
4.603241387024512576e-01
4.377715727712762628e-01
4.274365033294221794e-01
3.800590799036838718e-01
3.888440436716653070e-01
4.323125942697653157e-01
4.215335178053734033e-01
4.296666613999006734e-01
4.198497581217188745e-01
4.099397272034352446e-01
4.144227413916368730e-01
4.345505774410127198e-01
4.439858973810850151e-01
3.966425486113182575e-01
4.110454269893833446e-01
4.245662273517736285e-01
3.842054582439697330e-01
3.793413085143821917e-01
3.594461940405291878e-01
3.928560456422460767e-01
4.173980448429807089e-01
4.189244081882115833e-01
4.031448920246971102e-01
3.663490316663556290e-01
3.930302057992892673e-01
4.107644139945359485e-01
3.956713572471783347e-01
4.365641749227177071e-01
3.841862140936066483e-01
3.549278423132702365e-01
3.711948463114538299e-01
3.533131661908006649e-01
3.142034858021350296e-01
3.662981838678816549e-01
4.176884114986126328e-01
4.439078025019432827e-01
4.183489346248334129e-01
4.054761790228224583e-01
4.079966824086819210e-01
4.072532163838623043e-01
4.315212856552419485e-01
3.489286126898685225e-01
3.609998057738535993e-01
4.115747512892405924e-01
3.734390758885734463e-01
4.296091502520595906e-01
4.040186776326699092e-01
3.546121752632057644e-01
3.960911156612048067e-01
4.117572806957898734e-01
3.787584957518822515e-01
4.057811824421312386e-01
4.096000151702204328e-01
4.432724510218188918e-01
4.511591010638864585e-01
4.364013885844070240e-01
4.300307626835702668e-01
4.413463493940574800e-01
4.432672272154166149e-01
4.211430108644737547e-01
4.245724703745785145e-01
4.212692310799458495e-01
4.501288449534482372e-01
4.805563052744695196e-01
4.204524044695622242e-01
4.497950907138793530e-01
4.323964576874743670e-01
4.448192180299032628e-01
4.430813905786810669e-01
3.925786974379382177e-01
4.092569945346565818e-01
4.131017594995092246e-01
4.507894619890094323e-01
4.003791419556019249e-01
4.150175725543029936e-01
4.607358019191478693e-01
3.634116374698512786e-01
3.955984730978177044e-01
4.295805764035446894e-01
3.743067209297785691e-01
4.243329247937588922e-01
4.426185993135014485e-01
4.821613867215373550e-01
4.521894652541328385e-01
4.428047735386389516e-01
4.569674164371784197e-01
4.004288849960548902e-01
3.861813428813308247e-01
4.261822345104427368e-01
4.831342594223418940e-01
4.085640611778791897e-01
4.043217762733935516e-01
4.071467765406314165e-01
3.834643562630475344e-01
3.727474542531954427e-01
3.570136658076374925e-01
3.795747864384304004e-01
4.056316216926470486e-01
4.311420410927799818e-01
3.337534879458513570e-01
4.178146928180116459e-01
4.233074462476178468e-01
4.214768233256947494e-01
3.845026511120360202e-01
4.179458136515742384e-01
3.796903988647296058e-01
4.187551919153974511e-01
3.924136462929400659e-01
4.210181393921030857e-01
4.033213729332682518e-01
4.299205405107585642e-01
4.319488618256241974e-01
4.599837505592281328e-01
3.759053142578896445e-01
4.209203865452953441e-01
3.990049240994569257e-01
3.890158377937763534e-01
4.322789702391596767e-01
4.586436524787564917e-01
4.187235822574212896e-01
4.321664558828733349e-01
4.494045982880781054e-01
4.078884859139881303e-01
4.449277338773092172e-01
4.689866463880641989e-01
3.870445041254880203e-01
4.264216385519699615e-01
3.898835422902962033e-01
3.737248890929997791e-01
4.177969718132121812e-01
4.055407538077574481e-01
4.127553782528753379e-01
4.577641384351271991e-01
4.235347436756634609e-01
4.185140336170129483e-01
4.407321531395611003e-01
4.408358141176338951e-01
4.283282656777744890e-01
3.509804100115397341e-01
3.457145806791526166e-01
4.085875689518367326e-01
4.092947049067101051e-01
4.176439645067423490e-01
3.696220983818845895e-01
4.305210168531685699e-01
4.406757131948040307e-01
4.300355217516762529e-01
4.255520491370820002e-01
4.341334004761858156e-01
4.531888425923921160e-01
4.532469143350124630e-01
3.951890791351067578e-01
4.197004271088960459e-01
3.888097342968913073e-01
3.985083334279101441e-01
3.828253885702918580e-01
4.422278960650188884e-01
4.451402096446807621e-01
4.174390647746437644e-01
4.349932267559839527e-01
4.124409442330323472e-01
4.044162185750834748e-01
4.280952407265209425e-01
4.489593282406875163e-01
4.497007871092052467e-01
4.010577759189222768e-01
4.070549776027430622e-01
4.350357875655556650e-01
4.537469758830799949e-01
4.287277637061439051e-01
4.124505786682628461e-01
3.860757612663649474e-01
3.985291910245587488e-01
4.210332750738011720e-01
4.309569736761877934e-01
4.362335550692815200e-01
3.988614689025700710e-01
4.332857629624743967e-01
3.813162835759200120e-01
3.703658597516442108e-01
4.047521595079973666e-01
3.975393177542355660e-01
3.881929788657795255e-01
4.179080429341003877e-01
4.330877407489916453e-01
4.057422766691331506e-01
4.072023353541021629e-01
4.357597636782302719e-01
3.928761201242995105e-01
4.266822137809991866e-01
4.407797549686268690e-01
4.427717706036495282e-01
4.261015963720725108e-01
4.346414358964710289e-01
4.490672836930603151e-01
3.708425901503503708e-01
4.283057032809527986e-01
4.096163896091283285e-01
4.029046127062992921e-01
4.365349499350089646e-01
3.606239774346053917e-01
4.397357377387985378e-01
4.078900688874577685e-01
4.095552468430273541e-01
3.937218287108433801e-01
3.773193235714427662e-01
3.862257494798185253e-01
4.068310038098533754e-01
4.477453846087858791e-01
3.967171683751644640e-01
4.952427231927210016e-01
4.044014791363187422e-01
4.066572786457609001e-01
4.262421802653788006e-01
4.017659663745491994e-01
3.975016687666186876e-01
3.987387787459240607e-01
3.655029621367318349e-01
4.106939024343745914e-01
4.485903438838585999e-01
4.194173071490731042e-01
4.462798519449733270e-01
4.285799673687905598e-01
4.462005944231040022e-01
4.176298636722824420e-01
4.405892702323206400e-01
4.047416248994304411e-01
4.190292506377345516e-01
3.876912289794565147e-01
4.545532431967198028e-01
3.848647257466740190e-01
4.175180325780666335e-01
4.295770687520584774e-01
4.141076796258207904e-01
4.547744708911316547e-01
4.427653706358314900e-01
3.949776496592640185e-01
4.197601060180303767e-01
3.855769668392189931e-01
4.028490483873873873e-01
4.123289072339861305e-01
3.688969665759766481e-01
3.847542931316024206e-01
4.151455289536855053e-01
4.067725075703372828e-01
4.545084793672907186e-01
4.017635055429735758e-01
3.954052631816499241e-01
4.237162003504842400e-01
4.015131360206464217e-01
3.753443264053976103e-01
4.191631903018785410e-01
3.737233037325837226e-01
3.886242074752261910e-01
4.226701659586728499e-01
3.628170566293302812e-01
4.148989608772725157e-01
4.367098703020340644e-01
4.150595412153434971e-01
4.267387096080205722e-01
4.217538263770119755e-01
4.189887640525886692e-01
4.381415055371185030e-01
4.551432407592034268e-01
4.456116341143492310e-01
4.168080418626882722e-01
4.778177464019686682e-01
4.360677312431702202e-01
4.403462487927910507e-01
4.822145867670342700e-01
4.643339541563167860e-01
4.199524883144687415e-01
4.271877092716548918e-01
4.394779208787243929e-01
4.030474775038573321e-01
4.216337324565284650e-01
4.258421335380840889e-01
4.419324151820612778e-01
4.259584637170080179e-01
4.237791786909439473e-01
4.332845878624843605e-01
4.352888822966280991e-01
4.257972236125002752e-01
4.658210484285830733e-01
4.242875353995944621e-01
4.234419103718136679e-01
4.012752393780324445e-01
3.845581683245956617e-01
4.478180642859834193e-01
4.293152193749248946e-01
3.701349803565903152e-01
4.159336655363652935e-01
4.290966279163980213e-01
4.257053572729164737e-01
4.062307338033220305e-01
3.967487488721749278e-01
3.957939322365917612e-01
4.611942946037431712e-01
4.456393360465126241e-01
4.427477993232737941e-01
4.578630326165779585e-01
4.737672083977483295e-01
4.191859274121579881e-01
4.536285147352752678e-01
4.628143732878786665e-01
4.954596862877482244e-01
4.127008594231285077e-01
4.090606527368248480e-01
4.169690854875157116e-01
4.807071547218189078e-01
4.632076183851733808e-01
4.074767745611886927e-01
4.541695652207179412e-01
4.137713296313434985e-01
4.069970014550267634e-01
4.428426304296674276e-01
4.680438382552248866e-01
4.337868541607265427e-01
4.483270246551736005e-01
4.180091941703468206e-01
3.828062990064438620e-01
3.854994537089630469e-01
4.270332450403360736e-01
4.400538985100531097e-01
4.144763574637960191e-01
4.305816260430004871e-01
3.808206186768228196e-01
4.214959371062237392e-01
4.175749649145559794e-01
4.054206520290012383e-01
3.895927876305320114e-01
4.214674008395120630e-01
3.680342385616281464e-01
4.197317095896564432e-01
3.760164809275564624e-01
4.667177755622834434e-01
4.014416542188259385e-01
4.395249973393494103e-01
4.162696791178422395e-01
4.630287620940764515e-01
4.272877193651877792e-01
4.518588320450366846e-01
4.380781956400820465e-01
4.377933679307631221e-01
4.159451116100353896e-01
4.485535058420762056e-01
4.250288600942326300e-01
4.107506035508163289e-01
4.246331162230903011e-01
4.285096670587756340e-01
4.039647823466810950e-01
3.987261070435889065e-01
3.704354634689739356e-01
4.305286722865172555e-01
3.928034456843709221e-01
3.870206795630149466e-01
4.324131935344978084e-01
4.253633995809089074e-01
4.303870014378396447e-01
3.780876497147476201e-01
3.937317520384970293e-01
3.928841140389023323e-01
3.736409783918270833e-01
3.681549740311984009e-01
4.144667203464682537e-01
4.174310220145912576e-01
3.847142038113227636e-01
3.688430786893070468e-01
4.480787345311710856e-01
3.703767814682107362e-01
4.082012662350762988e-01
3.945778132332825594e-01
4.358943653874415847e-01
4.470284385611801858e-01
3.774148275059019397e-01
4.615552478497935707e-01
4.749366056575351491e-01
4.232713940459500446e-01
4.214629903745974460e-01
3.885181430246804068e-01
4.372279483881247319e-01
3.734833687358078413e-01
3.730442169265512087e-01
4.122764722502055834e-01
4.108678754865430771e-01
4.496697793555916589e-01
4.055157710734129672e-01
4.180702758690234555e-01
4.395230602403946141e-01
4.230062626793800185e-01
4.311140210456187449e-01
3.951145323346701432e-01
4.066474667135356880e-01
4.680695467302433133e-01
4.224522685596415750e-01
4.331791216190194471e-01
3.366860248160937208e-01
4.057401975542517247e-01
4.414477687545500517e-01
4.066374865155312768e-01
4.219408697819608256e-01
4.479105207740044503e-01
4.292010929328413105e-01
4.180208638749862704e-01
3.596775811485212193e-01
4.307675588061480321e-01
3.983900130905067560e-01
4.312757749323647971e-01
4.415149965880745264e-01
3.990121451106672934e-01
4.315500383131623541e-01
4.288186376099356045e-01
4.243513991778881111e-01
4.152583093487766108e-01
4.040444423617106651e-01
4.260935027366131167e-01
4.418058230796936270e-01
4.640037977939074354e-01
4.175151650584254526e-01
4.635231003236169323e-01
4.190782455414379659e-01
3.824563311799014098e-01
4.380119351919655180e-01
4.081007921899527657e-01
4.376854940456008092e-01
4.519081892213078766e-01
4.333618215583696087e-01
4.579292592419408336e-01
4.443393965473774188e-01
3.919462380540597035e-01
4.045342557877676937e-01
3.646141113939300182e-01
4.506769890553608549e-01
4.565127071530414860e-01
4.449960668175074741e-01
3.739365548929034500e-01
4.048976420976043156e-01
3.938849498625597301e-01
4.099240685532422601e-01
4.404486028291422772e-01
3.914143864961291963e-01
3.656703052668375808e-01
3.971884245023065696e-01
3.651685066848740502e-01
3.793438382418178878e-01
3.941678579884070333e-01
4.093355399906257741e-01
4.293340401580363341e-01
4.233388127378555632e-01
3.987437908671867537e-01
4.058326298472425542e-01
3.803416490840765274e-01
3.895114635935715830e-01
4.749195055033290647e-01
4.013634321905057423e-01
3.894589219391630386e-01
3.964521287735395250e-01
4.037015680723620159e-01
3.954102883608823227e-01
4.293999515090507479e-01
4.452239021136611408e-01
4.441423859079629555e-01
4.317247616192890214e-01
4.469626168068622785e-01
4.088176863935444327e-01
4.430854529490714788e-01
4.344522304016398273e-01
4.267251524278218855e-01
4.533348005225357191e-01
4.530363843251281053e-01
4.491057726559127272e-01
4.242265159169673616e-01
4.024022614484843441e-01
3.884676916538735147e-01
3.775929972762834264e-01
4.147436092917417549e-01
4.434911011383065316e-01
4.614225884250411913e-01
4.310027601821777576e-01
4.231889034570348596e-01
4.378638877909050153e-01
4.333611871926354997e-01
4.253517791185063568e-01
4.511101431517522964e-01
4.625553164665182071e-01
4.720881802810612538e-01
4.694445353654594366e-01
4.123279245899000856e-01
4.322057305776388358e-01
3.996268074961288885e-01
4.163429718353537368e-01
4.410543373237121867e-01
4.422479787448250765e-01
4.303378655952406207e-01
4.609130946822173613e-01
4.044195716289278320e-01
4.095794809403665582e-01
4.135787250636152601e-01
4.010955235229588522e-01
5.319171966497966419e-01
4.513809301460597889e-01
4.279711805503048638e-01
4.405564658684382184e-01
4.286509734416076856e-01
4.011393988197057836e-01
4.681763203071039325e-01
4.216276843317655620e-01
3.862646052200644498e-01
4.258210088609006849e-01
4.255752454529097561e-01
4.183138953872168608e-01
4.139531806711237993e-01
4.210233423583250589e-01
4.282977487134158601e-01
3.932359153841183397e-01
4.214527359480972901e-01
3.679523997375279132e-01
4.325287095705594442e-01
4.470252230935687909e-01
4.281583449048071977e-01
4.516631518272209989e-01
4.454881712455886489e-01
4.165815358273037838e-01
4.481739134927321677e-01
4.325596117993681933e-01
3.952664708106242153e-01
3.560258319341272348e-01
4.030605584108817863e-01
4.038680358281870886e-01
3.818338193194262820e-01
3.797556017011012308e-01
3.836240197892890058e-01
4.278732550924997380e-01
4.402601808925366567e-01
4.035940082539958840e-01
4.445369024469484343e-01
4.352162395148875818e-01
4.302576262498333803e-01
4.488245568622388215e-01
4.285920045024896874e-01
4.505066030004555300e-01
4.054127573978560384e-01
4.298744981587749314e-01
4.378837643930292844e-01
4.369022369848003517e-01
4.152510908151917923e-01
3.941016914885859257e-01
3.948532289665110939e-01
3.944868579075818116e-01
3.906817025583944614e-01
3.989926103884768871e-01
4.206717294540736618e-01
4.202842504866806106e-01
4.100319842701745099e-01
3.652557251573625985e-01
3.987651733028706458e-01
3.950010946137098022e-01
3.939239727445199568e-01
4.391685837341590126e-01
4.248357272453271438e-01
4.306425523025492752e-01
4.178847963240434060e-01
4.459791609825868863e-01
3.874840012721517124e-01
3.865828264569532990e-01
3.944933436517413239e-01
4.029334663988166643e-01
3.820942334955720332e-01
3.789811556282041693e-01
4.146876971547377444e-01
4.406954100122441043e-01
4.639064433238643259e-01
4.396260139919573318e-01
3.931859339604784620e-01
3.989097473511185044e-01
4.309000489434286485e-01
4.290723300543725638e-01
4.243136282758508404e-01
4.129743781261375202e-01
4.155142805913970561e-01
4.262995925126106256e-01
4.069814751384858709e-01
3.941337319318019006e-01
3.866904241756163874e-01
4.026678915396039171e-01
3.887800851365588728e-01
3.389314246925022589e-01
4.222739744041746901e-01
3.999475626463653843e-01
3.734799196015679557e-01
3.943712012918498822e-01
3.630002073258729034e-01
4.223396463113311960e-01
4.196177189979971023e-01
3.707745660314628600e-01
3.553960675522234713e-01
4.220039641949384635e-01
3.619817033918640847e-01
3.433893174970159556e-01
3.894472210427152303e-01
3.805264440612808330e-01
4.222370120730151721e-01
4.133169222076956695e-01
4.091943558942014447e-01
4.338419058088862079e-01
4.008410437567872520e-01
4.245622118765472464e-01
4.801466305873691165e-01
4.490399244982136162e-01
4.027361573902010217e-01
4.304444642877426896e-01
4.587350230696419784e-01
4.255021117594082747e-01
4.566668114069721840e-01
4.109605775258675098e-01
4.479760517200606085e-01
4.005541278307823694e-01
4.083634269892110202e-01
4.212760463631006203e-01
3.977821793373452763e-01
3.968695052905849563e-01
4.311476721231745080e-01
4.195883832735913255e-01
4.599587883312287739e-01
4.136116480789400196e-01
4.453775148873702627e-01
4.682806779910078654e-01
4.344864748413970190e-01
4.098934903304415345e-01
4.202066383980647135e-01
4.014243830973084348e-01
3.836158554045065450e-01
4.113009013140623837e-01
4.040848434000728351e-01
4.115361515729659692e-01
4.364792427022321508e-01
4.337550779409807267e-01
4.190618206700857939e-01
4.273947033915307392e-01
4.477495838873936651e-01
4.650337030597801458e-01
4.224770178914767915e-01
4.364975557464975120e-01
4.375874760453974943e-01
4.343073617958536636e-01
4.277388194388926923e-01
4.256543867179168883e-01
4.181773748066026641e-01
4.292848479944024187e-01
4.296959939414732865e-01
4.093622081105229293e-01
4.404545462518643095e-01
3.777455466862095768e-01
4.668387832916380820e-01
3.887309956164229918e-01
3.925904802009005934e-01
4.407022454009635326e-01
4.231710239799217343e-01
4.298220773376731918e-01
3.567512482476130620e-01
3.691915313442589164e-01
3.631710938868783489e-01
3.835788593200813446e-01
3.586750155148346608e-01
3.613127698901898444e-01
4.103570319797005261e-01
4.166312319468682968e-01
4.277200173747085499e-01
4.456435343439523189e-01
4.363262329172705734e-01
4.540700125970137946e-01
4.304987537686567056e-01
4.228304813928794315e-01
4.133093012663035526e-01
4.209655009313763574e-01
4.107437140880011994e-01
4.107852794413368591e-01
4.017671686907444695e-01
4.325997281115467330e-01
4.449890604629398450e-01
4.273852692906148776e-01
4.007023627207941807e-01
3.885694780683964789e-01
4.079125528555443414e-01
4.486120009727088132e-01
3.901694748506565613e-01
4.540815202766257386e-01
3.967434686265585708e-01
4.113318750358061493e-01
4.366547441942231211e-01
3.858244218275961868e-01
4.353364499512105135e-01
3.863110740946675836e-01
4.260875909464443834e-01
4.110627887491309362e-01
4.129353517956196873e-01
4.276987853438040110e-01
4.112651111265472892e-01
3.947192224343215039e-01
4.002263838719992695e-01
4.161685722166161283e-01
4.012505918856873466e-01
3.852110248313171947e-01
4.199406699078213623e-01
4.085438030272856014e-01
4.173097049750628118e-01
4.279676169013187370e-01
3.965588802088423348e-01
3.785700228443992787e-01
4.287764387367736796e-01
4.043956997683675336e-01
3.642361619931973604e-01
4.292227113191353083e-01
3.675046272697881089e-01
4.005980897261420814e-01
3.915857696285705569e-01
4.125721730646006447e-01
4.187704285004530957e-01
4.443514641213338057e-01
4.354014674045803002e-01
4.229189541937616870e-01
4.247338541002580459e-01
4.289862029226937379e-01
4.362028188663363837e-01
4.372054587256381519e-01
4.566020959078988528e-01
4.592841581808326801e-01
4.450661315281771446e-01
4.402822082233197598e-01
4.612621421119825760e-01
4.136595152234117667e-01
4.521472021589975632e-01
4.317889480704800720e-01
4.377360879969199869e-01
4.288170965668702261e-01
4.052217497694001191e-01
4.043215273848064784e-01
4.308882779545633590e-01
4.586564701738266581e-01
4.829268769316796273e-01
4.325188617548160752e-01
4.567617277830315348e-01
4.023057320017997540e-01
4.141977520130268875e-01
4.462179664014179203e-01
4.246031646777927437e-01
4.344544687860746879e-01
4.170474421288352662e-01
4.525160908477282584e-01
3.898516746765183782e-01
4.531632890572683259e-01
4.411598684559322470e-01
4.372471624816576807e-01
4.578792135476981717e-01
4.171109922808777792e-01
3.726537712751763487e-01
4.059646278539737474e-01
3.779691766262867070e-01
4.538700113232795319e-01
4.504674096500078107e-01
4.272381391367608416e-01
4.041662925248497018e-01
4.235139167917678638e-01
4.449016512240233645e-01
4.515973446437145378e-01
4.023704859821098379e-01
4.051185393264822299e-01
4.346901657204167990e-01
4.418877167939581629e-01
4.575066459049284551e-01
4.357037627635521049e-01
3.858942731952840766e-01
4.077439008753329652e-01
4.532136547525035808e-01
4.339533285011883401e-01
4.299749217397451084e-01
4.394714013968566979e-01
4.496428542634461900e-01
4.506146213646404775e-01
4.414184764411058781e-01
4.227953423175755399e-01
4.391476726606626246e-01
3.917230065581747689e-01
4.136205825846581141e-01
4.157111966188871688e-01
4.535701327204669786e-01
4.208165630958408121e-01
4.214866303189848118e-01
4.146535628657758155e-01
3.913079908436700727e-01
3.972572680459935390e-01
4.308330206494340731e-01
3.762263135110051060e-01
3.669371474069863526e-01
3.836770905653281716e-01
4.421753762855856196e-01
3.885253989783404860e-01
4.287677565024303750e-01
3.911018412500844033e-01
4.450831975505732396e-01
3.676108335454766896e-01
3.993161202692755984e-01
3.508153106867395454e-01
3.546142763441693102e-01
4.129568321234387551e-01
3.894578715294171323e-01
3.899713092838485995e-01
4.222523013493708066e-01
4.141241001278482270e-01
4.245339917924689233e-01
4.535807238230101235e-01
3.711227710891985554e-01
3.868018758939284485e-01
3.636070391305517013e-01
3.609938494662626729e-01
3.980224483630339094e-01
4.076474868710473487e-01
3.992853748336626651e-01
3.902344845406011120e-01
3.789158546081597967e-01
3.838123134214951881e-01
4.502121826070715760e-01
3.816447469159494066e-01
4.239811256551800911e-01
4.627412702459616778e-01
3.989884991364299749e-01
3.996341292520340649e-01
4.099634718934866418e-01
4.373651430000337070e-01
4.145089413047655102e-01
3.958916599170781425e-01
4.138884799914311352e-01
4.030118288932705850e-01
3.972969627027642114e-01
4.389888198023361721e-01
4.095509546877176832e-01
3.874520806962044039e-01
4.059400471305240066e-01
4.240255278362842772e-01
4.386960345053543264e-01
3.772340663369797009e-01
3.832846440358215201e-01
4.072006422680098381e-01
4.243484865196053835e-01
4.268725319973239452e-01
4.245642840948369856e-01
4.039737471196760965e-01
4.307396018642235536e-01
4.350657172000564343e-01
3.781660501235013516e-01
3.920388445256134391e-01
3.946028413447162375e-01
3.811226434172201860e-01
3.841004985946497863e-01
4.160042006843145956e-01
3.930160638728649736e-01
3.829649782206481778e-01
4.487523864487922287e-01
4.331741444691316056e-01
3.914402497607593068e-01
4.086491801503192023e-01
4.021196799714799042e-01
3.997569174023448135e-01
4.507621573692393024e-01
4.243486021852103662e-01
4.226780354217410940e-01
4.652781112697316757e-01
4.255990878648509557e-01
4.205583155619152524e-01
4.139270958680069112e-01
4.064799101096907008e-01
3.925478817640591922e-01
4.187010533229937881e-01
4.304891623484752294e-01
4.033433064018982495e-01
4.122820323611786630e-01
4.191493483216962579e-01
4.094617651249177759e-01
4.203559262106688621e-01
3.940843198536075898e-01
3.849802506341504227e-01
3.965929807002931407e-01
4.106847439907341801e-01
4.717750915747549456e-01
4.237715053607526983e-01
4.422372019632542228e-01
4.169762829358335532e-01
3.905193254168932704e-01
4.442158069156276756e-01
3.764777676296504061e-01
4.271057505843777191e-01
4.123791517089778758e-01
4.477598316722729566e-01
4.227420079845398693e-01
4.214866156781767459e-01
4.008225855743872690e-01
3.527858009442920162e-01
4.429823343578024875e-01
4.076079403388892519e-01
4.488418590552252230e-01
4.245587626305222240e-01
4.342768686196213923e-01
4.023130870156070293e-01
4.102527295463110901e-01
4.216997324619555787e-01
4.178417000245365776e-01
4.047260303273868542e-01
4.091896942470504839e-01
4.211329117980178172e-01
4.275245232408587115e-01
4.269652309879761742e-01
4.193535128134293632e-01
4.470908911814545639e-01
4.424284400598261224e-01
4.629706458616278941e-01
4.791341356355512948e-01
4.334881203465923982e-01
4.380837049947262085e-01
4.146494465032455334e-01
4.755227724662541289e-01
3.906889883895102167e-01
4.142747538239607286e-01
3.749123909387624964e-01
3.944877175922692492e-01
4.004056445658235042e-01
4.355768775140254068e-01
4.075139449513130452e-01
3.932399525811684504e-01
4.865999170256465334e-01
4.269852548652365853e-01
3.870086768982788916e-01
3.794500588898936932e-01
4.107971667632905888e-01
4.156978829246137375e-01
4.307675516398646876e-01
4.240561113507719249e-01
4.012009931793600881e-01
4.147719126199387873e-01
3.767848343787155163e-01
4.617371222835230382e-01
4.317343026900197778e-01
3.981502923215630707e-01
4.064385476762139571e-01
3.886632013673578800e-01
4.095100952542190531e-01
4.196263093340683592e-01
4.191776791860352125e-01
4.369148460901272624e-01
4.074748219390590953e-01
4.000223666510643317e-01
3.969082827825697879e-01
4.005828817237027661e-01
4.345100034658028187e-01
3.989679853331929982e-01
4.269661395314920393e-01
4.156655046819949240e-01
3.926062048279104211e-01
4.300991886399563313e-01
3.691042356589868678e-01
3.928824862635226234e-01
4.238627413433452840e-01
4.380504067511774569e-01
3.947063882341188545e-01
3.813058146828458561e-01
4.185902291437548772e-01
4.226667534425437855e-01
4.478266537073074538e-01
3.854771415412055480e-01
3.803596110250737627e-01
3.713636180862511793e-01
3.733553416377278777e-01
3.691493948468460573e-01
4.293492012849182138e-01
3.711262552147174820e-01
4.158351844238278305e-01
3.717672867784255208e-01
4.278559211371687487e-01
3.879356544037745325e-01
4.478035280698529630e-01
3.839318806178615984e-01
4.508691625865203223e-01
4.424096729242713022e-01
4.181385661222805639e-01
3.619960884560990966e-01
3.734379611127670029e-01
3.793754505570721136e-01
3.383338746446561407e-01
3.815030744154027098e-01
3.790829212909284096e-01
3.925691155496196516e-01
4.305624348089521769e-01
3.708262116219341875e-01
3.703695590083716516e-01
3.887894689284392413e-01
3.688321607938512270e-01
4.018034433976741537e-01
4.474646015809486399e-01
4.793763001161971404e-01
4.385376902581959446e-01
4.338950535863476676e-01
4.120564416963529153e-01
4.307623406795789700e-01
4.178082242898204512e-01
4.126384869964255242e-01
4.963921048436316652e-01
4.465056675950394016e-01
4.516309341796122534e-01
4.119908304277726252e-01
4.074117463094252822e-01
4.173294094003298094e-01
4.105958431642932061e-01
4.265722357593796366e-01
4.344348388198938649e-01
3.632927670510421869e-01
4.112960986292106824e-01
4.025102535848438801e-01
4.327964284663298744e-01
4.148405786414729457e-01
4.425292280717350035e-01
4.490217700586748850e-01
4.340017460299268048e-01
4.063486160226575938e-01
4.051507258487172525e-01
4.423023924579872479e-01
4.519113826558142089e-01
4.530859002233213473e-01
4.523838471924780946e-01
4.388764821252592041e-01
4.259907366845500087e-01
3.625592938049276848e-01
4.235818314568488008e-01
4.759699101119062581e-01
4.166836276588823940e-01
4.239523867748375419e-01
4.606188461550317359e-01
3.876411396868563730e-01
4.096185180082038690e-01
4.210295321107753175e-01
4.289020000879091299e-01
4.546269511429909538e-01
4.577058037667233181e-01
4.119502763031996362e-01
4.232700402785773974e-01
4.703258241551477870e-01
4.435608453340180724e-01
4.325736826835999693e-01
3.867795031954787688e-01
4.150878439668368447e-01
4.851267788416987470e-01
3.860990912467367475e-01
3.826027315174271859e-01
3.826400918410541308e-01
4.171035398733913269e-01
4.208816122527939685e-01
4.548803633494853393e-01
4.397573642595634102e-01
4.409272405849501975e-01
4.275512977697296657e-01
4.375882713102799415e-01
4.314391846761291838e-01
4.183149939393024930e-01
4.315392425753533656e-01
4.207267546747795461e-01
4.212650052830434477e-01
4.455967813122089227e-01
4.242162928015740797e-01
4.179187313785712732e-01
4.182982352078728483e-01
4.197197023733997834e-01
4.405563178817040182e-01
4.400145228963786570e-01
4.332487439508520000e-01
4.340002877264391157e-01
4.175985494143480969e-01
4.581515588338999079e-01
4.217537836239746429e-01
4.468310037654115163e-01
4.400206304386294343e-01
4.255786167052063029e-01
4.029502314275661967e-01
4.055611360700753232e-01
3.687334447848273355e-01
3.603858000665257633e-01
4.129483327160302641e-01
4.121049482827207067e-01
4.162587992747632804e-01
3.842211236632311344e-01
3.639674637127131573e-01
4.291433028904519387e-01
3.826496683941679189e-01
4.557973805645195720e-01
4.410045755133438217e-01
4.745927941057443977e-01
4.302974840221925334e-01
3.924346541596708260e-01
4.068262851472823072e-01
4.084223076128581931e-01
4.281655824523523668e-01
4.484978530543236586e-01
3.693345254551686496e-01
4.177559745805014546e-01
4.322413553612392545e-01
3.862803213628288046e-01
4.142371456484196801e-01
4.097544463262356440e-01
4.321966579004032916e-01
3.579052484835304471e-01
3.915832628858917919e-01
3.943387249818280926e-01
4.115709973517151510e-01
4.147471841004880533e-01
4.501708452816418071e-01
4.476043057571051920e-01
4.437224323080476984e-01
3.643153420844598145e-01
4.203718494291371899e-01
3.944267535570269434e-01
4.104926701842128711e-01
4.352715349830622582e-01
3.803729243819065076e-01
4.166370096803936884e-01
4.116337438190676989e-01
4.284234827366684706e-01
4.477602515334825894e-01
3.898667851921520655e-01
3.269442381192343983e-01
4.611402538668770701e-01
4.073766963762735505e-01
3.901947058280215708e-01
4.144570998771308634e-01
4.265717896934332898e-01
3.609556212252928997e-01
4.066417028436077330e-01
3.660092213811061423e-01
4.055206337305058417e-01
4.326260798138530372e-01
4.389121997963112420e-01
4.048056050206583212e-01
4.475971130183062918e-01
4.706551297826345737e-01
4.218313824611524265e-01
4.403793508318464833e-01
4.293064237076132938e-01
4.353718632575142578e-01
4.038620116893885115e-01
4.204433800515275377e-01
3.965979748239649716e-01
4.195404372177316543e-01
4.280040597617892906e-01
4.094592071794558863e-01
4.295421768176582722e-01
4.146176834528257915e-01
4.157030489175800314e-01
4.446224007499106068e-01
4.457794225092598372e-01
4.367815189145317634e-01
4.221995393115655082e-01
4.487615956345968882e-01
4.637233440759006009e-01
4.148983248112387834e-01
4.238339354673369419e-01
4.393257426458780923e-01
4.114184802322223833e-01
3.670843178310601584e-01
4.652170593063357229e-01
3.818433009182318205e-01
4.394314180100821199e-01
4.672384498278746023e-01
3.799023875329446409e-01
4.242369010429758447e-01
4.067309229961241779e-01
3.886135602346304507e-01
3.830516157410984168e-01
4.217992397948725491e-01
4.223908887843363380e-01
4.544546150484378710e-01
3.957640679969539610e-01
4.174677673125683497e-01
4.011563764409586397e-01
3.635151635738738674e-01
4.349824055285765878e-01
4.584177108065385919e-01
4.036932318217432147e-01
4.443960623263363274e-01
4.057509517119159415e-01
4.061534048314283107e-01
4.475569706194864605e-01
3.951228769437816202e-01
3.919635094756547811e-01
3.825364382610144665e-01
4.243666916013060786e-01
4.335521239859573273e-01
3.829677907597534570e-01
4.374534735715400746e-01
4.725555308241390917e-01
4.002590829439821585e-01
4.243867337905694037e-01
4.094062146447587924e-01
4.193649200856329196e-01
4.312054647377759897e-01
3.884043353823657951e-01
4.394863866724161294e-01
4.445667723223297174e-01
4.012182650043478183e-01
4.564497904202018952e-01
4.014909640656879608e-01
4.071927963335187917e-01
4.284915553556327139e-01
4.362918000725221068e-01
4.008607037054486288e-01
3.783357582781686768e-01
4.294706106193517114e-01
4.321718044798858460e-01
4.212002016645813307e-01
3.975043104168258234e-01
3.920482183675401133e-01
3.820585679337488161e-01
4.528935040043313709e-01
3.959496446432828054e-01
3.853756997019103792e-01
4.203074439286745290e-01
4.276146082041032415e-01
4.693049254780126134e-01
4.764796812956103578e-01
4.732335754730336297e-01
4.831096086293729108e-01
4.171114872980696275e-01
3.813580963040067995e-01
4.075140458869668802e-01
4.133490101070727007e-01
4.243645634688872348e-01
4.032959486530811599e-01
3.917108679734172538e-01
3.840389240408689231e-01
3.592784852328995138e-01
4.260706383712729584e-01
4.287672658307078444e-01
4.179192769041001343e-01
4.351800673773692507e-01
4.777199182982399539e-01
4.158160375639144424e-01
4.135439156252339599e-01
4.790443081308961570e-01
4.355713465236296100e-01
4.303839738104331403e-01
4.051968358296106354e-01
4.198253029992948804e-01
4.073811133873057044e-01
3.818404386663932781e-01
3.829540302780954919e-01
4.170962955899504276e-01
4.111229709712821978e-01
4.451736938232405127e-01
4.084896215304633649e-01
4.104544724755846419e-01
4.100115676664560227e-01
4.312315076504456002e-01
4.200386362597788303e-01
4.614070974975379436e-01
3.945079334237673874e-01
4.232402164887912877e-01
3.760832231523432712e-01
4.289361607458601067e-01
3.516169398888269737e-01
3.655410513289578667e-01
4.172991750876412498e-01
4.525466725811884694e-01
4.289685368099241947e-01
4.107606694790725266e-01
4.417658879023288465e-01
3.805326627604261325e-01
4.030156236517041801e-01
3.921105248484670347e-01
3.672095396340593898e-01
4.284209800100335364e-01
4.181754295075780781e-01
3.952784017214240886e-01
4.288399156330053308e-01
4.511523481492020204e-01
4.382896843425809763e-01
4.288874450156123230e-01
4.193701500403562710e-01
4.171199018665949776e-01
4.612578000211341456e-01
4.274732610510070807e-01
4.535356981271799204e-01
4.487782774605863501e-01
4.438680535956948670e-01
4.327835353821217756e-01
4.278420180924861205e-01
4.002386391209042937e-01
4.244060714345442853e-01
4.218699225034037159e-01
4.311418385654228191e-01
4.486288503903215208e-01
4.799870596400083178e-01
4.742840751056640602e-01
4.349339972419817291e-01
4.486161480545277636e-01
4.168658937006362586e-01
4.304552368775264037e-01
4.299280623804802026e-01
4.116099516911014278e-01
4.396952310710807166e-01
4.949932234104250650e-01
4.406528436894592837e-01
4.005999934653262096e-01
3.672427030979139029e-01
4.134189461169712199e-01
4.090115091827891125e-01
4.339577955302986179e-01
4.327143777553416060e-01
3.933215408834117577e-01
3.703309395832210527e-01
3.820774033878310272e-01
4.419058849595027261e-01
3.815849143696780632e-01
3.835893324501156720e-01
3.933434797056578058e-01
3.609784910209983266e-01
3.613707075880954744e-01
4.323842522265954336e-01
4.171952068563689053e-01
3.989270859629985844e-01
4.526385316112036539e-01
4.248927918613122356e-01
4.421318337050354486e-01
3.737534452723011991e-01
4.235632794981259441e-01
4.118271901638066446e-01
3.901804975415991139e-01
4.264712122828305252e-01
3.498295795001193920e-01
4.393671585462656792e-01
4.196041714423024427e-01
4.452913865559767759e-01
4.669513582414087094e-01
4.443966757973508153e-01
3.926654634877014827e-01
4.397923498365114425e-01
3.943339628784151563e-01
4.433795676146545794e-01
4.100973879603052041e-01
4.099791752971785885e-01
4.608562899911300415e-01
4.299676478004145763e-01
4.233558567197142630e-01
4.108541274575163715e-01
4.102779987793256367e-01
4.370183891980192747e-01
4.525652545508128677e-01
4.488465985482580356e-01
3.941001919072683601e-01
4.013374507367084010e-01
4.067169418738799669e-01
4.110253956718953883e-01
4.326044219603686902e-01
4.013523074374372168e-01
4.102526936394967905e-01
4.365829058208547941e-01
4.140504061418791570e-01
4.262785667522792088e-01
4.354626526422765154e-01
4.261023273488271368e-01
4.087774524878236559e-01
3.984347099999734909e-01
3.825311214312861474e-01
4.076081010606936728e-01
4.500850001043411042e-01
4.292873512557551230e-01
4.014071413257581100e-01
4.461791208336984838e-01
4.340738736483745752e-01
4.194637812929585263e-01
4.213078690284893235e-01
4.064143879381894031e-01
3.747488360764573700e-01
3.765059732144329097e-01
3.306309236003900365e-01
3.596742018042339839e-01
3.499260080127573613e-01
4.068176396272620843e-01
4.082359227729642770e-01
4.399496477783270132e-01
3.970989744367720564e-01
4.445398640779231192e-01
4.579240735853972732e-01
3.746336054975874519e-01
4.257086330228456728e-01
4.394794621072715679e-01
4.051748697775366947e-01
4.612875817180936422e-01
4.443994609651847338e-01
4.123150553420862896e-01
4.545677594611324812e-01
4.193371179181126784e-01
3.642082298792283512e-01
4.221098865624299812e-01
4.409774236387735691e-01
3.960207247193233693e-01
4.177984671042371256e-01
3.976157086030496224e-01
4.306569852726032099e-01
4.314057045591371264e-01
3.976377963157927131e-01
4.678844231050351410e-01
4.329596231944843332e-01
3.880236280252578607e-01
4.223406433232631541e-01
4.274948783439655453e-01
3.909377640499559492e-01
4.252188189900406035e-01
3.895691360673485537e-01
4.430231986072084016e-01
4.138007781209211422e-01
3.944132144506942161e-01
4.124498548151155353e-01
4.436724073926044398e-01
4.327607215862478984e-01
4.246083098837051262e-01
4.600149085635743540e-01
4.294226599186884985e-01
3.900312836011360917e-01
4.191749515465738041e-01
4.456416683421864922e-01
4.477427171999604494e-01
4.308317564741895866e-01
4.100931263126200155e-01
4.320553374695180748e-01
4.133266482597839908e-01
3.701301669106488723e-01
4.332032115983014964e-01
4.745611240413039611e-01
4.655778385356276750e-01
4.050162052734652129e-01
3.918462528801874289e-01
4.191035805411026383e-01
4.260747240974560035e-01
4.017532899789386658e-01
4.520302063896840528e-01
4.145174756764355983e-01
4.152148265044486308e-01
4.577949820469173758e-01
3.719759281867295320e-01
4.080003955488575307e-01
4.386883064268404797e-01
4.242594867799615588e-01
4.095796642384323949e-01
4.146836249550596154e-01
4.301681539390146414e-01
4.162726624951512133e-01
3.752449058864407161e-01
4.426030744110366344e-01
3.845762383345576185e-01
4.000463287956082525e-01
3.847669837491345946e-01
3.727479699311336270e-01
4.431567497477438278e-01
4.159856593564777438e-01
4.660043626103879122e-01
4.210212202793903735e-01
4.018145880754292465e-01
4.043902956244010971e-01
3.876088583769161100e-01
3.742048748941672609e-01
3.892213126911059917e-01
4.444133554481890513e-01
4.366812784313461315e-01
3.940788153817691986e-01
4.535149082877075744e-01
4.563327687537203081e-01
4.356590374680437416e-01
4.262659824396359820e-01
4.484137583339155020e-01
4.315431232982337995e-01
4.202127322487441141e-01
4.198793795200402301e-01
4.266655755299257335e-01
4.250287554468901718e-01
4.003853752849637071e-01
4.088786095165087286e-01
4.146191233489378014e-01
4.202475241967256747e-01
4.376940011099118011e-01
3.870259648857446444e-01
3.711361188831034386e-01
4.409303607137692871e-01
3.993173674811423823e-01
3.843429311031229534e-01
3.853313501368136329e-01
3.738893581893539264e-01
3.969399200473427980e-01
3.982565009532523237e-01
3.838991709271312169e-01
4.143389157108783305e-01
4.300942134458572430e-01
4.337936582528765794e-01
3.945782167743264179e-01
4.394306458142609451e-01
3.952197644046541170e-01
3.807094507848429732e-01
3.630154545536035116e-01
4.502925969195034073e-01
4.268338167350416157e-01
4.189455142809647148e-01
4.077157603139897613e-01
3.438186267145693087e-01
3.671392749783979337e-01
3.802979067525592005e-01
4.068630763398655148e-01
4.010358889887182809e-01
4.127367775828332253e-01
3.731594982382490655e-01
4.169921213994797204e-01
4.108529708972419314e-01
3.587854626975962580e-01
4.029250923940883022e-01
4.183609369746686402e-01
4.326822175004572668e-01
4.219028309451670622e-01
4.585453007867774100e-01
4.536568402119207088e-01
4.403135789660151400e-01
4.145944186038618695e-01
4.392733315327242427e-01
4.022115804123244653e-01
4.617344778077785428e-01
4.380355916629333768e-01
4.432636058328966455e-01
4.334715170120106431e-01
4.400474385841669500e-01
4.385496394856940316e-01
3.853618433504070739e-01
4.028601564345686281e-01
4.032710223537077643e-01
4.480428745638317389e-01
4.409521578685312027e-01
4.161861717173950814e-01
3.959069783876111304e-01
4.045564497195177633e-01
3.663802862960192086e-01
4.097390792177760810e-01
4.288573860987495157e-01
4.038494164385360019e-01
3.702940913248972121e-01
3.832529175204493765e-01
4.168311974561865751e-01
3.785818528963382779e-01
4.245597622932518189e-01
4.327388355727636027e-01
4.406744981530278382e-01
4.310795948351235363e-01
4.358671722444389385e-01
4.440223072191401554e-01
3.842877635841880912e-01
4.328487549283708269e-01
3.690280707301203944e-01
4.393727093784254856e-01
3.756060988002178913e-01
4.100207852881251336e-01
3.950282499077319986e-01
4.197016054100062288e-01
4.324607596488774797e-01
3.992879584408169369e-01
4.529980264348506536e-01
4.300689368191759065e-01
4.270898008361939113e-01
4.143149394309050271e-01
4.315174278412008957e-01
4.264845750460704576e-01
3.967346301438564038e-01
4.140332930005358181e-01
4.570040676962106585e-01
4.306493385167339816e-01
4.149819821927069885e-01
4.093864774974507736e-01
3.611001096988044612e-01
3.927119586731822598e-01
4.075034467698917529e-01
4.014566584639541746e-01
3.670887991324523481e-01
4.229767512753135894e-01
4.489487298420361538e-01
4.175425698942785702e-01
4.411205026831090392e-01
4.365943718454747824e-01
4.347824776993010620e-01
4.272441385518751522e-01
4.335809907741319802e-01
4.283863533891468234e-01
4.206479749168991478e-01
4.735784280870579677e-01
4.380305028485376728e-01
4.520320948889735568e-01
4.590311973515956434e-01
4.333926745267679403e-01
4.209324172909790218e-01
4.311310696412494203e-01
4.087205543283614073e-01
4.335550318652496848e-01
4.420614778092434860e-01
4.847952455235561842e-01
4.805826441000307092e-01
4.147481574985562025e-01
4.449276866004081565e-01
4.215359956762038118e-01
4.414629881043520276e-01
4.533710820475606029e-01
4.360518662827105874e-01
4.127357094731602949e-01
4.213544027047608220e-01
4.763495919916316268e-01
4.104241591455193849e-01
4.060680888068304850e-01
4.501708841479895029e-01
4.543652432034558375e-01
4.025672102358009430e-01
3.864870967777587762e-01
4.500244128383926734e-01
4.090346076776156803e-01
3.880249368743723948e-01
3.888118068175985265e-01
4.166962731812594578e-01
3.992508332208350441e-01
4.264281634370261087e-01
4.556964458736418866e-01
4.592460226140356871e-01
3.969690400006432585e-01
4.341572636970162935e-01
4.214568656249381706e-01
4.257379755055828996e-01
4.056792254350166105e-01
4.087173122982852291e-01
4.223228479459659734e-01
4.541422884860720210e-01
4.324155593232991701e-01
4.474921872935789802e-01
4.118358124887722127e-01
4.258292817222470439e-01
3.887214619509787306e-01
4.148792761409606511e-01
3.750330775110843895e-01
3.800896217895194384e-01
3.915319185062812735e-01
4.503474164732234608e-01
4.292517737923874366e-01
3.769530321939509876e-01
4.934775513894516519e-01
4.971390234790729612e-01
4.197830118770606300e-01
3.552686716676765610e-01
3.918083305867001709e-01
4.460565568049708607e-01
4.250596108006340912e-01
4.536262453930089977e-01
4.406571990222825086e-01
4.019052838307032860e-01
4.138162047667112708e-01
3.877298960372923542e-01
3.690694716697867639e-01
3.459420095990818900e-01
4.035288130825932518e-01
3.669617165753470966e-01
3.630292037781759906e-01
4.236128223455393194e-01
4.417029448202487996e-01
3.468123716176597093e-01
4.192289185874673585e-01
3.931931459937751949e-01
3.893657488265989119e-01
4.938315964325296070e-01
4.516396474572765274e-01
4.027019136288200740e-01
4.150191142226915542e-01
3.931342703387407655e-01
3.795905325825669197e-01
3.591849271700841562e-01
3.786825345096208051e-01
4.297799129692264075e-01
4.047166191820550374e-01
3.846307570932232522e-01
4.257322618649021506e-01
4.215709043149081237e-01
4.002028516352361676e-01
4.500831547515216635e-01
3.941437587667644959e-01
4.534190497358267513e-01
4.062696529177880489e-01
4.547747878598837334e-01
4.334243558725914824e-01
4.397775076749345646e-01
4.179925455286049862e-01
3.969557500122860016e-01
4.157850127134297691e-01
4.003148177638614080e-01
4.070378645537264251e-01
4.209614271079847869e-01
4.627194784377784420e-01
4.500909712036144650e-01
4.022930164540162168e-01
4.324586195102115282e-01
4.159719728461653276e-01
4.260925548135219842e-01
4.384122882314088754e-01
4.460073512880695645e-01
4.029331316682197572e-01
3.957477756093643606e-01
4.033702345338289197e-01
3.969172704989740175e-01
3.957930065696303457e-01
4.176914045125438846e-01
4.487285226111356051e-01
4.454490677528460396e-01
4.459056440099379293e-01
4.399645346905450838e-01
4.510797017765401096e-01
4.278943085968240356e-01
4.279211453594729542e-01
4.365500217287370255e-01
4.318557100096773183e-01
4.426085809543805483e-01
3.952381674238273912e-01
4.421845661445862885e-01
4.636064463723764684e-01
4.927454225170033175e-01
4.205297605574482844e-01
4.069899957936921053e-01
3.898244507425693839e-01
3.880512324864092144e-01
3.977998586969218597e-01
4.429559277271924445e-01
4.066884949868122545e-01
3.805187953312955673e-01
4.478443660667255077e-01
4.652899130139133699e-01
4.343005313055061101e-01
4.073780289153216549e-01
4.439352673349353795e-01
4.361404852197272586e-01
4.145354549138484113e-01
4.421411197242972602e-01
4.528256952124289914e-01
4.312050807418593701e-01
4.667723644695360163e-01
3.935182591226721871e-01
3.878333459123385341e-01
4.179487763306523607e-01
4.191731837738681965e-01
3.803916686603744379e-01
3.700609534173935899e-01
4.313134459148975641e-01
4.380004949186849794e-01
3.893253378719547797e-01
3.957785458870916595e-01
4.095841720620848059e-01
3.990095081911364527e-01
4.354639229745061457e-01
4.480111887696042183e-01
4.540763773947381066e-01
4.241058567336419283e-01
4.373946461574080291e-01
4.367753869848877701e-01
4.137580971479234426e-01
4.254151795286382765e-01
4.057641897874064152e-01
3.922153936526523443e-01
4.047389065349266124e-01
4.241897252195608314e-01
4.454774860948195192e-01
3.955980482439955259e-01
4.275805357544467111e-01
4.194112906434646626e-01
4.114195410496465644e-01
3.905720208693373441e-01
3.805198162422818720e-01
4.298300144590094241e-01
3.698002164354996513e-01
3.906048671477274081e-01
4.134471257656297527e-01
3.812717396561194350e-01
4.668024142496354778e-01
4.185423592339272414e-01
4.475282654594961995e-01
4.072255821106720020e-01
3.819692771630273098e-01
4.333569982558622691e-01
4.745390116997851293e-01
4.858548363715987084e-01
4.407980724328773858e-01
4.521090368171513107e-01
4.043294410047209020e-01
3.636815180951189497e-01
4.459581413575823827e-01
4.492871570662939629e-01
4.078664883674639752e-01
4.265559776362830013e-01
4.869739490867953102e-01
4.479210918271341879e-01
4.579541780926260630e-01
4.578166458607936806e-01
4.262166754829340709e-01
4.171498944560351196e-01
4.601384258044020070e-01
3.988523857544340467e-01
4.129067322961805786e-01
4.161634508704616375e-01
4.512806240260323065e-01
4.222524954241672623e-01
4.354995148479792189e-01
4.273084268621984427e-01
4.163287446700120187e-01
4.379249577880816036e-01
4.018720751070984365e-01
4.108283220348721287e-01
4.691782021377005618e-01
3.915074713516370486e-01
4.175519742240857424e-01
4.129685466634220870e-01
3.940064645697232137e-01
4.163457761493229992e-01
4.136939523515171802e-01
4.513073586808337145e-01
4.217802257316511372e-01
4.202664097842359059e-01
4.318626236806742957e-01
4.221296963067480146e-01
4.256676037045117322e-01
4.391053923536615278e-01
4.412611800878649682e-01
4.672535469759545590e-01
3.880148841777780189e-01
3.961994978370808607e-01
3.726927476671517137e-01
3.926437369674920519e-01
3.109730309562848682e-01
4.153286090616469806e-01
4.226870735263242307e-01
3.928968240887693586e-01
4.265809578623624421e-01
4.608441209087308921e-01
4.233435520041909927e-01
3.766724632313617205e-01
3.804131974644477943e-01
4.159840751209240572e-01
3.984400606585307703e-01
4.170109502751505604e-01
4.141113365731620699e-01
4.143631639948284762e-01
4.144015292507822190e-01
4.115348866832035934e-01
3.973723731264781622e-01
4.181765025604744501e-01
4.226231205080708264e-01
4.097655525504022567e-01
4.014381317071307742e-01
4.329788126652688862e-01
3.710487629319414449e-01
4.234144353809471406e-01
4.350543668572210976e-01
4.128531639341513348e-01
4.069897307503578809e-01
4.219071998518596489e-01
4.081014879683445562e-01
3.920184807764156010e-01
3.990078370870007718e-01
3.944217159197827005e-01
4.151344781507539938e-01
4.204083760708524631e-01
3.975033718552853368e-01
4.320003961108473400e-01
4.603165275027781833e-01
3.980325303282507554e-01
4.314471852344347602e-01
3.847978264165211049e-01
3.717939684648792764e-01
4.201532309811193411e-01
3.819053772613087427e-01
4.240504687970540476e-01
4.350584076158123259e-01
4.704484018220722596e-01
4.137044480621639431e-01
4.184092899070196991e-01
4.068267966567429839e-01
4.305586596624778051e-01
3.998560211232963235e-01
4.429881809812600268e-01
4.023174198514603006e-01
3.871826782969422509e-01
4.025352232978491873e-01
4.310488563592713152e-01
4.240740856328758523e-01
3.912966668545648785e-01
4.543624302395186665e-01
4.179380396572370260e-01
4.197081157659854345e-01
4.955314249166853369e-01
4.035510403347125630e-01
4.349740053489051239e-01
4.608685390288386752e-01
4.346675212157137813e-01
4.547082967518847885e-01
4.104128684263818050e-01
3.890031608245108075e-01
4.383220449376197814e-01
4.426313063350408306e-01
4.306473548542066876e-01
4.311708081683785498e-01
4.958369261045687537e-01
4.373445578864189609e-01
4.135136779415666264e-01
3.930721801646461788e-01
4.635909972548591385e-01
4.147141776733829222e-01
3.705274664033566534e-01
4.554446025034186718e-01
4.041153973123940424e-01
4.014642258985021139e-01
4.564361209248448681e-01
4.144466855906400182e-01
4.556113785741404687e-01
4.166370310462166882e-01
4.233874462030981500e-01
4.350733788060711094e-01
4.229315404599517381e-01
3.882751596958955442e-01
4.316815436350689983e-01
4.502081562191505015e-01
4.302160893727190460e-01
4.182557902388852056e-01
4.781550906500586784e-01
4.684475286334358057e-01
4.652782192678793782e-01
4.448898705956311206e-01
4.184212708973761297e-01
4.417156949200723437e-01
3.973681667489556424e-01
4.099814635849393096e-01
4.741094073004668563e-01
4.276006492939395942e-01
4.339736341073725523e-01
4.299398557984325242e-01
4.164034977069191457e-01
4.518960833293177437e-01
4.634016721629702906e-01
3.756290640702769634e-01
3.686526213946325070e-01
3.889544957345522080e-01
4.288337482583380877e-01
4.320095395297345320e-01
4.140324507530586118e-01
4.359787771654816124e-01
3.682691953118024109e-01
4.123107304271426132e-01
3.944158566514561759e-01
4.297062895176069763e-01
4.007832188103153670e-01
4.163572393045300579e-01
4.426042918459937581e-01
4.376579218156452789e-01
4.459187846570235036e-01
4.363182965335500318e-01
3.967205626105689831e-01
3.977254533583975404e-01
4.109951688915580714e-01
3.656636171402542490e-01
4.391885165148963210e-01
4.354164464756403174e-01
4.235471713669519134e-01
4.413305103023297815e-01
4.411201031504173864e-01
3.981615068788226242e-01
4.154371405772509518e-01
3.999804337401410836e-01
4.425911346720049488e-01
3.952637972463062255e-01
4.300494826592889952e-01
4.468710375750047925e-01
3.942877926613342354e-01
4.343547267375124088e-01
4.002263737629329632e-01
4.193635330632459191e-01
4.263521087313662528e-01
4.137663268759491086e-01
4.463950553830530743e-01
4.614026979622709024e-01
4.460888961628404759e-01
4.189874529778317425e-01
4.533762047255992522e-01
4.256191089729216004e-01
4.690677438276899536e-01
4.177991907840501451e-01
4.269646554377289904e-01
4.501411600938002300e-01
3.924772892182382122e-01
3.878722377312019409e-01
4.294013169799085761e-01
3.912895352409477834e-01
3.711822278155080257e-01
3.606267695007364660e-01
4.037286313114797354e-01
4.696695837249567629e-01
4.208172107198306922e-01
3.839403182031844719e-01
3.874471745379863830e-01
4.039608661619745744e-01
3.825914432310639768e-01
3.689502858211497482e-01
4.096047365616220515e-01
3.948710256372073846e-01
3.873781124813685528e-01
4.024106843241158082e-01
4.017566708407616094e-01
4.303452897882144579e-01
4.085363652096885012e-01
4.374430790428824878e-01
4.479491780705824877e-01
3.876633121487187417e-01
4.109466548450298462e-01
4.146664479579668661e-01
4.154364319509510906e-01
4.369770730053036956e-01
4.527371731023158707e-01
4.550845374506447549e-01
4.164818018519956810e-01
4.104400502557683517e-01
3.852486032827408535e-01
4.257201704625807603e-01
4.077140589960383532e-01
4.400949547959600028e-01
4.105494692972105897e-01
4.448976564008540469e-01
4.251001380258853657e-01
4.261709444020563287e-01
3.823583382579744949e-01
4.374635959143786113e-01
3.946933453502713962e-01
4.115470403992279036e-01
4.304992168388760421e-01
3.516847524196258234e-01
3.910991181695752661e-01
4.114294926199225655e-01
3.926422084529889722e-01
4.201794271499904587e-01
3.857320554439218618e-01
4.248302824875362371e-01
4.198878157454307147e-01
3.711179374332431169e-01
4.504362901904347405e-01
3.889418253144875104e-01
4.009197336549653046e-01
4.349668739711827214e-01
4.060946951554549877e-01
4.091885333521986801e-01
4.271987167078976078e-01
4.109746487497871748e-01
3.520556882069556526e-01
3.561224421870142764e-01
4.529126956286663175e-01
3.877787992656002714e-01
3.731088653144364331e-01
4.409063599592215055e-01
4.321598355947841030e-01
4.134825648883221350e-01
3.866774880055516839e-01
4.143164987683105038e-01
4.481645014868883559e-01
3.763558410472100380e-01
3.583926276830102786e-01
4.041409667988985488e-01
4.313292326262526677e-01
3.743583800661821614e-01
4.719129457446590847e-01
4.511297354568273299e-01
4.053923482784312360e-01
4.408967371191193640e-01
4.193099402302903345e-01
4.707748369799980015e-01
3.843459544271220496e-01
3.921415450820484039e-01
3.679228566600927786e-01
4.301229884494063294e-01
4.277182908204970602e-01
4.485265104883205955e-01
4.265213655104545531e-01
4.729038335256658954e-01
3.824704282453489923e-01
4.124746078927142845e-01
3.787824571991835199e-01
4.399401261210770242e-01
4.307635035741240181e-01
4.108061721315364179e-01
4.257162995419580542e-01
4.131330456109377769e-01
3.974420365764000374e-01
4.263950044892915736e-01
4.586259568728444092e-01
4.748839641578013748e-01
4.529054250332750220e-01
4.872521133430938178e-01
4.421394398919915036e-01
4.360179690316681178e-01
4.218348258995982536e-01
4.008909878849453157e-01
3.884174844063925658e-01
3.843623326167096010e-01
3.832378029165398603e-01
3.916816727708425372e-01
3.773927249500545478e-01
4.011358854475783331e-01
4.396805060507928964e-01
4.028291686571660590e-01
4.026090006085093487e-01
4.091013448167253319e-01
4.227783134428272360e-01
3.668378171324370718e-01
4.121041378123454502e-01
4.336342928761446336e-01
4.609175973012115679e-01
3.553403645309629044e-01
4.737442273573146956e-01
4.545940858903552151e-01
4.269533647081129590e-01
3.709864896297356274e-01
3.885393657985363736e-01
4.172741751835633006e-01
4.383699344454222158e-01
4.262538785708669398e-01
3.840189942453599570e-01
4.233746442029165946e-01
4.176033196148296600e-01
4.011722092403181561e-01
4.427673383937304474e-01
4.505997072258560165e-01
3.946697357908877102e-01
5.008813362645411216e-01
4.216098972556051594e-01
4.002751487421795096e-01
3.770310162340837490e-01
4.042322371394329039e-01
4.369108824543614378e-01
4.216367087696276106e-01
4.251810554001914100e-01
3.831446804984916521e-01
3.796321664761483361e-01
3.923208773583033437e-01
4.267825305674424197e-01
4.467459185633986807e-01
4.128739013194661633e-01
4.193863204462290328e-01
4.370812235798507972e-01
4.336050252105114189e-01
4.593128171783389391e-01
4.260746853977491755e-01
4.028947421116719774e-01
4.250002612658304590e-01
4.729668942046988955e-01
4.573185408389308648e-01
4.459156894276264937e-01
4.238387594566404570e-01
4.500127359821840534e-01
4.257089297980339304e-01
3.681918074783992467e-01
4.187482299339508884e-01
4.208374808107954723e-01
3.951165397540342683e-01
3.541835521358286942e-01
4.002418832640038393e-01
4.240859017723517255e-01
3.954725624175359777e-01
4.314398852906809467e-01
4.484259260193962371e-01
4.271678499313758537e-01
4.529663425163596435e-01
4.055069813869556228e-01
4.332608158107273399e-01
3.980639122143037612e-01
4.084571316923223394e-01
3.867519299920522680e-01
4.231842001221182703e-01
4.096077018804154535e-01
3.840880967582013250e-01
4.032200949214027608e-01
3.600830454805339920e-01
3.828077829583905189e-01
4.244389454158881136e-01
4.222364443387867650e-01
3.828379337421549677e-01
4.553068523906793619e-01
4.232787671488394410e-01
3.860728099254647216e-01
4.244516083683151919e-01
4.296296986445328758e-01
4.461402082646254708e-01
3.881268128950300933e-01
4.088290183108262976e-01
4.308249321899327855e-01
4.005828307484371464e-01
4.133556824307174082e-01
3.876987357402806311e-01
3.967377250571500480e-01
4.264855950867786349e-01
4.245038082589700501e-01
3.986735431287538600e-01
4.244045863495272686e-01
3.730554961631687982e-01
4.422086235769662754e-01
3.795423518772401694e-01
4.103973708875486848e-01
4.411534812057844035e-01
3.884752158670689570e-01
4.277627068166444668e-01
3.791438671401561322e-01
4.186121414417265929e-01
3.599685129056157118e-01
3.700311475709155973e-01
4.004381483771120576e-01
3.934636410070473933e-01
4.028142637553029370e-01
4.043233782312793401e-01
4.150707278799634081e-01
4.357206634913582954e-01
4.128365286541009760e-01
3.984089522207923117e-01
4.262399021397644816e-01
3.957115594446719009e-01
4.066304262978048256e-01
4.302001220725456543e-01
4.129158713616938869e-01
4.464107030391861186e-01
3.637449565597717371e-01
4.187695557280919911e-01
4.592232706088235639e-01
4.201605181841597814e-01
4.248061194250087880e-01
4.285047425084528294e-01
4.061136791280329228e-01
4.340710468346101747e-01
4.252805313824619682e-01
4.091676215713951903e-01
4.143658907186464901e-01
4.786135930680959216e-01
4.236962130789466152e-01
4.249173572762793838e-01
4.270065716993653449e-01
4.321618262075800354e-01
3.738877162478745908e-01
4.089251575006367379e-01
4.005272849287854764e-01
3.883875813699829704e-01
4.031342702947338097e-01
4.275265297830109223e-01
4.179412058268290320e-01
4.094167267933154220e-01
4.685452522496921235e-01
4.486184097572827323e-01
4.253344244608994740e-01
4.110007789134767497e-01
3.895225825482712123e-01
4.060625818433541978e-01
4.365996042322473070e-01
4.198082642328708758e-01
4.406374285598833596e-01
4.455976812688557942e-01
3.912937428748667346e-01
4.476924000561107175e-01
3.980740542737847276e-01
3.801560056886089667e-01
4.153484034944653902e-01
3.916211620742463539e-01
3.944755326770174597e-01
4.378083916965848088e-01
4.115882926709787948e-01
3.779547916080127634e-01
3.887489957019339970e-01
4.463998194017986254e-01
4.070404942689945793e-01
3.854715869887390678e-01
3.584070238698650046e-01
4.133731931890161637e-01
4.183743460363710254e-01
4.641976621469364739e-01
4.184900233304371109e-01
4.273808256480812195e-01
3.766541891664437758e-01
3.951700492059094794e-01
4.393816596407361663e-01
4.443707343320535963e-01
4.294741618708082798e-01
4.374111446779422319e-01
4.189157480007290046e-01
4.495517825817727520e-01
4.330346930859133581e-01
4.328559922088959233e-01
4.344658069792751709e-01
4.146066656848491072e-01
4.112275401786691931e-01
4.728252126743314743e-01
4.059012448830217057e-01
4.019042704968687763e-01
4.330701298483650707e-01
4.378648109127454835e-01
3.947018413973685247e-01
3.401585398610763589e-01
4.083235536719723724e-01
4.052058069785887673e-01
3.935921835448968897e-01
4.291148440127602326e-01
3.927755470365915658e-01
3.386199534518155030e-01
4.009389868538396073e-01
4.063323645073461110e-01
4.095453922116071843e-01
3.882472858388063552e-01
4.455920013733209450e-01
3.793789484563214742e-01
4.185441607383063034e-01
4.116127011730140173e-01
4.170468425259218903e-01
4.806990176158824069e-01
4.504052743508490386e-01
4.417239432999335857e-01
4.442736184672662625e-01
4.260477554627159491e-01
4.094364739614054782e-01
4.791487959517140571e-01
4.356480147224380817e-01
3.910535313475995700e-01
3.834583473911988838e-01
4.120078019643368950e-01
4.199939665767640773e-01
3.979627334169760777e-01
4.240922575466496980e-01
4.365222161511115306e-01
4.130513995278375927e-01
4.195741417299233555e-01
4.294531729527482633e-01
4.309096352950670394e-01
4.567892117885939962e-01
4.321841688951906790e-01
4.115260783748913020e-01
4.091994576853602572e-01
4.412054605620564507e-01
4.233259770099178643e-01
3.898020991810776104e-01
3.977313412224476319e-01
4.195413658329516515e-01
4.002352359850044894e-01
4.154373710596288016e-01
4.419576137348078526e-01
3.813764959746900329e-01
3.960236894206269342e-01
4.356703052605385151e-01
4.427022626128012117e-01
4.146730060313111865e-01
4.120749359575137105e-01
4.356318037879796101e-01
4.059156322936527950e-01
3.931782541274327913e-01
3.286555251584796222e-01
3.932972290460070575e-01
4.096540760797681147e-01
4.190919919415435624e-01
4.003702972568515261e-01
4.130106864191748772e-01
4.438044639722042439e-01
4.593946693742372300e-01
3.944957735701810631e-01
3.729792017384696012e-01
4.222251548553674905e-01
3.923613594367475477e-01
4.020851089870016715e-01
3.900706992902570058e-01
4.080698097230104904e-01
4.219550950602895534e-01
4.059830834411097267e-01
4.092120669323001669e-01
4.397198980065129548e-01
4.058772243922808554e-01
3.954918810380884664e-01
3.875661324693952525e-01
3.830839378504649617e-01
4.828957564398148605e-01
3.979068836697650102e-01
4.272151488797492624e-01
4.363172364288530058e-01
4.269060359004828720e-01
3.988651770845939026e-01
3.965351607729133976e-01
4.302989934548945294e-01
4.330087318671440033e-01
4.528788445979985977e-01
4.332037761531117859e-01
3.940185799678562750e-01
4.279347536652803874e-01
4.186116585537946744e-01
4.240958492502793775e-01
4.449524229753112903e-01
3.937060836192975977e-01
4.139683495570809502e-01
4.155883399887891350e-01
4.327093355367392369e-01
4.300344616246827845e-01
4.243024457244558567e-01
4.251527533883386334e-01
4.045899297347134160e-01
4.391864737868290680e-01
4.763188278694193145e-01
4.393353581459875645e-01
4.056376929278878163e-01
4.522737948051797074e-01
4.401269536724345399e-01
3.908281784066206521e-01
4.226817660936072474e-01
4.238329181367054277e-01
4.354793386200879746e-01
4.115935073079701745e-01
4.126663926137226213e-01
4.530398025827529485e-01
4.243794644214868295e-01
4.361259434585758599e-01
4.515345958560468276e-01
4.222046208844439374e-01
4.279658692396077213e-01
4.263435399614664001e-01
4.026136611525627518e-01
4.429869747618443432e-01
4.249664937386175567e-01
4.617682187567841989e-01
4.359708778890945546e-01
4.240633129283148395e-01
4.469653204397313617e-01
3.851726752991030400e-01
3.992101498360728917e-01
3.850052963768326730e-01
4.231604627967706089e-01
4.360826687605336427e-01
4.222225152696248429e-01
4.674006694828458652e-01
4.158474090858688132e-01
4.095875596227317450e-01
4.125522911588228037e-01
4.418058493709667855e-01
3.891478806430027637e-01
4.565726895532243867e-01
4.540106149954776793e-01
3.979974350736378841e-01
4.398940786349717080e-01
4.668341421308587202e-01
4.254522533980316656e-01
4.297038798142333027e-01
4.258411184133771288e-01
4.142570100731723937e-01
3.608401870727921956e-01
3.780997815787073280e-01
4.544444684214729580e-01
4.353317616395851464e-01
4.418803201777346534e-01
4.185935453146660823e-01
4.394984235441299902e-01
3.880358027172343682e-01
4.128158980111223952e-01
4.262450308684423428e-01
4.150258905908866258e-01
4.434514946220832754e-01
4.432469093911983737e-01
4.543751015258683523e-01
4.387169940337121155e-01
4.011961960910760960e-01
4.128367612505552953e-01
4.023301236811306358e-01
4.220623335028753087e-01
4.087050071740402912e-01
4.257222999250724893e-01
3.884935463173705417e-01
4.677869010707043085e-01
4.033924610321678594e-01
4.315984808220397762e-01
4.479033088572023091e-01
4.139053942102058903e-01
3.935860691560488234e-01
4.281631489924983547e-01
3.757227430673112933e-01
4.350799996102094891e-01
4.073982896953318167e-01
4.241622459764283759e-01
4.260454711144004425e-01
4.097193984331671812e-01
4.181735012008279129e-01
4.220090331615093948e-01
4.027127279001325721e-01
4.362512049961103089e-01
4.318537494784310260e-01
4.100862231633141675e-01
4.282953316712039826e-01
4.319040498534540973e-01
4.144625881638032139e-01
4.632246271370888402e-01
4.424778205242857476e-01
4.517191838440772766e-01
4.497905000203978876e-01
4.419797873176672942e-01
4.299196164866384562e-01
3.863868642907442585e-01
4.033783920711725424e-01
4.339251970554797166e-01
4.930382312472496587e-01
4.196183095254560902e-01
4.113184006646452007e-01
4.307709845107587920e-01
3.873814003326630506e-01
4.224944523616398495e-01
4.593513074891130699e-01
3.746763157899170582e-01
4.099815180564661543e-01
4.382359312155394981e-01
4.098741255607791234e-01
4.121391518902862705e-01
4.128385039106446386e-01
4.265609429866644708e-01
4.268512307472117628e-01
4.519129016467912097e-01
4.266331643217287639e-01
4.451685566490790613e-01
4.337955013322541409e-01
4.145956221620436533e-01
3.817356403148315369e-01
3.863862480203760774e-01
4.351923812503703526e-01
4.083055883211342274e-01
4.070801135947348381e-01
4.072375812058253164e-01
4.150413672121330277e-01
4.345606633478197867e-01
3.835158635703028729e-01
4.241707784900179412e-01
3.802356061931165265e-01
3.632067403694207441e-01
4.066974069435493333e-01
4.402585568904177626e-01
4.225301303950004805e-01
4.270908361759884198e-01
4.265274066554476384e-01
4.487568055000182299e-01
4.506206709631231377e-01
4.633140739749480597e-01
4.098214544200737275e-01
4.713500196768866113e-01
4.769280265232955784e-01
4.242989082520303712e-01
4.113034844465843221e-01
3.968338759147315153e-01
4.532401412038488120e-01
4.148308952153262341e-01
4.297586785969261802e-01
3.957736482533524836e-01
4.419444118571896896e-01
4.134478116424255556e-01
4.474355540008783105e-01
4.455703711702461156e-01
4.288976550069243387e-01
4.248081370383611777e-01
4.118736809636963647e-01
4.342677667680112652e-01
4.486739372672071680e-01
4.297787996069798444e-01
4.425209341174682343e-01
4.145224522831060798e-01
4.184451181567857558e-01
4.021466332889415685e-01
4.271500420273096066e-01
3.999777447415814313e-01
4.249618602591034855e-01
4.489960590545127861e-01
3.913434693956444055e-01
4.325299781452804360e-01
3.976721423028637403e-01
3.862146420554838366e-01
4.215260376137970333e-01
3.894774884596822750e-01
3.881336582670220081e-01
4.449664648668303912e-01
4.070116575819326399e-01
4.533414015227821281e-01
4.062115086575818212e-01
4.062151912699184519e-01
4.192823619782620193e-01
4.172917675891710254e-01
4.094390788414836169e-01
4.818905232963418550e-01
4.071449687471020984e-01
4.148174467371721907e-01
4.232447039722854742e-01
4.214709913634111516e-01
4.107320365984371557e-01
3.836181452714132467e-01
3.947970542986752873e-01
3.790000317183445100e-01
4.396201944211653445e-01
4.181611771462625526e-01
4.373881658301772002e-01
4.143559731889221442e-01
4.375016525604512041e-01
4.112752306645722777e-01
4.354072475965082289e-01
4.522570495491674558e-01
4.409862639137702156e-01
4.063890792406205099e-01
4.337672874492732866e-01
4.677002261958661533e-01
4.424608645217392722e-01
4.426727631708082811e-01
4.225217717449870625e-01
4.127368823505961348e-01
4.312593236176535672e-01
3.887859595748713870e-01
3.754788477007030001e-01
3.765140244165728900e-01
4.103822020309504381e-01
4.284448196087005667e-01
4.253351395862432494e-01
4.182215492762264009e-01
3.563368937062145192e-01
4.008543961337881489e-01
3.867785622928510691e-01
4.212284842141886254e-01
4.391111853947414212e-01
4.333327499210850031e-01
4.125510912870891667e-01
4.087911021319031168e-01
4.412673189149990960e-01
3.808214881352821046e-01
4.616133034739701713e-01
4.237933678316013197e-01
4.142755396195366702e-01
4.001871257774766710e-01
4.031061886890394130e-01
4.662496473080041670e-01
3.821938401575901145e-01
4.017537915983067087e-01
4.231367905132984442e-01
4.550783198881734881e-01
4.099618153534889675e-01
3.925572294416337371e-01
4.198318998591220597e-01
4.399102481490277938e-01
4.313475297317548307e-01
4.278121500631849594e-01
4.061000473027476798e-01
3.999910532013566944e-01
4.012125140565339643e-01
4.133371288144462863e-01
4.248007746280952901e-01
4.169909674875952876e-01
4.296171707340317725e-01
4.186506688295902889e-01
3.799320489500989662e-01
3.221350050028838896e-01
4.156714727567307199e-01
3.471616839440005986e-01
4.032386658247578692e-01
4.383151214224937919e-01
4.155533835155156286e-01
4.008710986757181294e-01
4.006669801010299681e-01
4.571371652303713451e-01
4.429002142343094750e-01
4.371469061582489712e-01
4.481406631744523361e-01
3.827996954837566967e-01
4.754045872162753206e-01
4.706514657646881372e-01
4.184767345575244324e-01
4.107990844199451708e-01
4.242394663572606750e-01
4.669268213613280705e-01
4.096366889466560579e-01
4.100103172126355333e-01
4.228893642648076656e-01
4.657209528293859147e-01
4.121118491457461119e-01
4.633030759829506740e-01
4.183054136851485638e-01
4.263921972734082133e-01
4.205986608612899413e-01
4.494254783327055192e-01
4.170471443127186095e-01
3.881496432866636259e-01
4.263329979231290090e-01
3.974813796830762302e-01
3.756111267427528766e-01
4.193666146115453408e-01
3.892572912897517834e-01
4.487232356133727396e-01
4.216295904709698172e-01
3.728817010051995728e-01
4.358573470682514106e-01
3.858502069888076758e-01
4.043011831195965078e-01
3.779103634236970488e-01
3.772172161704906435e-01
4.175478947812456543e-01
4.634480623838364566e-01
4.063068479684439627e-01
4.676676208817215907e-01
4.204250550824950028e-01
3.974879409412649389e-01
3.363108441312537833e-01
3.987418914480140297e-01
4.323136230794715762e-01
4.294599991035466524e-01
4.552283646107517789e-01
3.470562209363995954e-01
3.757743474962487173e-01
4.188963918886408622e-01
4.066703897732835138e-01
4.249894230861059330e-01
4.306982496747633338e-01
4.485547423687165636e-01
4.399774252315694079e-01
4.449347952670711370e-01
4.646324421863753384e-01
4.543045973781967284e-01
4.219510435315339536e-01
4.309467591976492984e-01
4.122737688946623291e-01
3.992212970717555209e-01
4.264723702972264552e-01
4.202091507733436426e-01
4.010231249643956830e-01
4.490387542691237632e-01
4.217822477946402970e-01
4.457539765357854122e-01
3.980222720202123421e-01
3.854319741925996690e-01
4.094421539280421185e-01
3.955072774034318894e-01
4.260717908057720660e-01
4.228334037793033962e-01
4.327768214277309400e-01
3.680734304599078688e-01
4.207196808201627558e-01
3.673178687097261585e-01
4.622191959628431102e-01
3.907980808967808639e-01
4.038089198867979568e-01
4.049492327247479762e-01
3.886432376637173891e-01
3.662037400130160880e-01
4.060275326024156417e-01
4.613796527221076249e-01
3.785707185023579058e-01
4.510886151595714377e-01
4.399052210988225742e-01
4.165324070633110165e-01
4.175393604021478966e-01
4.445014358176559988e-01
4.291512342224083065e-01
4.150585814654033090e-01
4.204163116409043166e-01
3.883659450859762163e-01
4.191910423605536007e-01
4.419646533308955183e-01
3.836174581113456217e-01
3.992251961691961060e-01
4.201597523283961966e-01
4.501822826143170309e-01
4.175806239207311976e-01
4.462993214637691608e-01
4.324981650662257371e-01
4.746213866884928523e-01
4.205278062477503798e-01
3.801455283554543985e-01
4.055762419919231032e-01
4.284229037358039394e-01
4.411089808216644981e-01
4.655719195620469653e-01
4.441706837653206508e-01
4.099395079672633058e-01
4.167216962408617498e-01
4.739099335191722662e-01
3.814170338506934210e-01
4.181250403054811993e-01
4.044333168181002414e-01
4.074133247369497446e-01
4.181662546165309524e-01
4.135717697334753140e-01
3.828203184856334151e-01
4.133459397101075239e-01
4.168297304836423023e-01
3.918676004929921297e-01
4.094192215190339268e-01
4.073871619404292321e-01
4.115126591282777802e-01
4.262753732440255350e-01
4.218851351300265673e-01
4.040474431799010446e-01
4.012142781440810047e-01
4.105630566164594208e-01
4.349135331530999959e-01
4.101764499908863160e-01
4.235060194179572357e-01
4.076156324420392441e-01
4.183782205590764747e-01
4.321515630841100686e-01
3.810349996564572073e-01
4.003921159326271906e-01
3.732130224946955677e-01
4.021008566384086103e-01
3.788773674772287214e-01
3.656994960085454549e-01
4.041576986717916875e-01
3.621222098280327817e-01
4.423508270490800198e-01
4.291604230080142690e-01
4.073195844423045942e-01
3.863661935459203334e-01
4.460644028706213793e-01
4.602223469870431183e-01
4.037278975264215752e-01
4.338923911846886416e-01
4.155329196292162353e-01
4.072087731889590390e-01
4.096340532134402634e-01
3.716605240739091487e-01
4.321771806026502571e-01
3.881750378291244918e-01
4.372083887769040444e-01
4.133479642122510067e-01
4.018969774453021171e-01
4.543663751369078074e-01
4.210720951208435925e-01
3.928716884576575197e-01
4.778298385828395056e-01
4.059650575538633621e-01
4.548067827290612208e-01
4.379681744363378426e-01
3.920113185092680697e-01
4.304513210535340084e-01
4.208949148871436452e-01
4.729179730615485910e-01
4.086558888349767771e-01
4.499485807338648446e-01
4.336277295376221863e-01
3.868025601016809589e-01
4.395158291040731635e-01
4.234720008056199747e-01
3.945608842919782755e-01
4.305135651143205400e-01
4.574924810678668852e-01
4.413031174855259198e-01
3.941813561201880090e-01
4.350475576009585899e-01
4.548075847431569674e-01
4.172676044516666072e-01
4.152479876954101590e-01
4.071535626636855199e-01
4.418142023118370454e-01
3.974271087896091292e-01
4.299143656692039350e-01
4.463024795792243093e-01
4.543268283958987741e-01
4.376182506301622976e-01
4.375057353085090028e-01
4.383992393713709856e-01
4.138539823516317329e-01
4.479940300930028152e-01
3.855560644255270897e-01
4.192728546809605938e-01
4.393615394885104219e-01
4.335732995878876506e-01
4.172390565954853248e-01
4.076277840894435567e-01
4.256751406538625271e-01
4.473613808152141491e-01
4.450152539378045002e-01
3.612689660226922062e-01
3.851918012692520654e-01
4.513476254120672437e-01
4.820141310858578332e-01
4.177384884283186217e-01
4.379992589598179498e-01
4.407556031731665325e-01
4.844868464757833837e-01
4.397353616440934365e-01
4.059341265610013072e-01
4.445744235234085351e-01
4.595045854493721160e-01
4.352474899130492902e-01
4.245176511266459118e-01
3.785186099453500819e-01
4.571539750386331979e-01
4.205552654793555112e-01
4.314340360500450999e-01
4.113521851873949697e-01
4.206511880250154434e-01
4.151340691922269510e-01
4.695291601528367442e-01
3.932509653002450589e-01
4.207614583522536478e-01
4.494666354609330727e-01
4.577644321797764149e-01
4.675466664144614093e-01
4.316223871888528185e-01
4.425026680586022221e-01
3.790547714588951567e-01
4.309358193659878489e-01
4.249053063735700464e-01
4.458670680832274580e-01
4.241092401835006021e-01
3.852451777614797623e-01
3.733048144963649895e-01
4.129815518488099135e-01
4.040792096615306028e-01
4.522559615866441618e-01
4.326735694642316887e-01
3.820699768474290492e-01
4.208825320855523189e-01
4.219315030792540333e-01
4.516321034269026868e-01
3.915573444206272846e-01
4.523507612986588655e-01
4.154450732210400732e-01
4.410130894205003260e-01
3.992897434526960221e-01
4.132810043978030756e-01
4.171145811711230444e-01
4.070791373618188880e-01
4.039983760219743592e-01
4.435310652961378386e-01
4.649901743910161978e-01
4.311607817214717087e-01
4.301946309681261571e-01
4.102162308146818370e-01
4.222894943156408343e-01
4.472235601992906040e-01
4.350030526607841508e-01
4.664359322920356155e-01
4.368602122471027527e-01
4.309278349511132533e-01
4.644421543195381696e-01
4.410552317031463110e-01
3.908177318340506079e-01
3.941939417590830108e-01
4.077307456724329482e-01
4.088809579211071799e-01
4.061702393183304061e-01
3.909130295677309963e-01
4.370322868759270452e-01
3.990623922818693492e-01
3.945313404549587455e-01
4.229623415348960358e-01
4.428120065686700357e-01
4.114208547729727439e-01
4.029758543839750407e-01
4.385052465681941736e-01
3.886889948395612082e-01
4.086422841050542654e-01
3.844395975161733481e-01
4.085111030297109980e-01
3.656233926050548866e-01
4.228344074921163709e-01
3.967949172335064612e-01
4.135365148047006612e-01
4.108736290572138627e-01
4.013189024469612787e-01
4.347910963784182292e-01
4.503460686082327302e-01
4.213080038651268455e-01
4.210537599660899022e-01
4.250229172093021313e-01
3.986943051354414069e-01
4.182383710424529277e-01
3.531300800527304995e-01
3.889657080107298270e-01
4.412377843892648643e-01
3.968846395764872304e-01
4.196483303003185616e-01
3.991071946294658668e-01
4.623051046927311170e-01
3.810462183784170676e-01
4.527885013264463798e-01
4.198039416512792665e-01
4.269226541260770502e-01
4.372400059955943163e-01
4.659972039852106063e-01
4.164335026557008934e-01
4.410338597185045062e-01
4.940652042729282711e-01
4.212290562048532916e-01
4.990349566246014557e-01
4.184441408164094045e-01
3.681034416498881190e-01
3.722032728150856951e-01
4.008712242950180360e-01
4.070510684262058088e-01
4.307373565474436616e-01
4.092591712348910837e-01
4.277991982664370862e-01
3.774513008626666499e-01
3.792662746026869702e-01
4.203676748080075187e-01
4.194074671869021387e-01
4.209702318269291643e-01
3.762057335026910421e-01
3.866044329155459702e-01
3.906514933482601593e-01
4.008510602426644254e-01
4.385938124309933794e-01
3.888908037030820997e-01
4.116466030352700645e-01
4.854956523490923104e-01
3.991952711398272791e-01
4.415067264422468662e-01
4.480718279924358338e-01
4.651418841719906494e-01
4.795584510700077185e-01
4.401537653690298368e-01
4.350531251618981465e-01
4.288534729475059759e-01
3.833337344039202121e-01
4.048078783310585793e-01
4.511438577575333508e-01
3.919059400246682756e-01
4.193981358843210661e-01
3.606184462844471694e-01
4.134517971643531520e-01
4.302511736589568203e-01
4.380746043186828920e-01
4.169367191993407218e-01
4.694917683517758067e-01
3.754394602464146136e-01
3.971612641325648063e-01
4.064379858415593239e-01
4.417587316046243662e-01
4.190072834359275800e-01
3.833040912827155866e-01
4.326753611336791594e-01
4.126238320785167168e-01
3.703966748415769561e-01
4.082714789405084144e-01
4.057040874981857059e-01
3.854347759390385764e-01
3.901508611573671903e-01
4.681477971696335616e-01
4.118293600845783220e-01
4.204341657144382571e-01
4.520646501732621947e-01
3.822479376112870586e-01
3.671761566368399454e-01
4.081762807847404972e-01
4.144063260662306791e-01
4.059494267560643244e-01
4.264838380295213893e-01
4.159003371264677340e-01
4.217064010617594949e-01
4.515103524003776791e-01
4.155164716037982320e-01
4.073643116333837133e-01
4.012366905305985720e-01
3.847610718611076397e-01
4.022437179590656053e-01
4.520409571322763775e-01
4.429556847006890785e-01
4.881897189955662908e-01
4.297310272102126127e-01
4.004204156507183976e-01
4.206158309700747111e-01
4.521172854052263879e-01
4.216856689815304815e-01
4.078673484836224938e-01
4.298013014546245292e-01
4.244447066717558226e-01
4.356052523316781278e-01
4.201852265446812673e-01
3.747804012164634990e-01
3.661873770235690162e-01
4.135566383327101136e-01
3.910699257147673413e-01
4.079435532621022986e-01
4.171553499411428390e-01
3.994205620746222318e-01
4.504539392550030441e-01
4.235810504428863532e-01
4.143386213646966798e-01
4.428818951468878606e-01
4.163561571669973649e-01
4.697344263693093436e-01
3.997652722179020346e-01
4.058895799116138403e-01
3.846242367137249207e-01
4.247560081915662811e-01
4.381550504002518776e-01
4.242558045018779977e-01
4.080007857806700056e-01
4.285621744410579859e-01
4.679854492104270069e-01
3.998717063964787322e-01
4.546776354478264670e-01
3.835912365832869209e-01
4.182933909768666303e-01
4.490004660826503735e-01
4.370472901028306101e-01
4.504859580428556276e-01
4.456647413941557945e-01
4.222922796012977265e-01
3.737015488793101747e-01
4.278136361785471742e-01
4.497029024132688790e-01
4.057160916244580418e-01
3.991529052357219443e-01
4.095354753513548718e-01
3.885030535797675544e-01
4.275501467902497743e-01
4.265334733588444505e-01
3.896680235925814584e-01
4.208065593152546802e-01
4.132373485603460517e-01
4.239585470347743690e-01
4.033297672935303169e-01
4.133364160940005139e-01
3.924176632368969186e-01
4.283064365104685689e-01
3.716166540736808854e-01
4.510396370201856242e-01
4.357031929916697632e-01
4.285536555415150883e-01
4.761232850461405430e-01
3.949767326696328462e-01
3.924611570102308211e-01
4.025228052613841201e-01
4.267893999695636653e-01
4.189089046798594729e-01
3.879405269893749231e-01
4.004064030319367529e-01
4.212292776918823423e-01
4.803308274621863050e-01
3.860919010471569601e-01
3.842540011824047141e-01
4.147939518213364929e-01
4.450822385377488644e-01
4.320608001744399851e-01
4.015054330242387448e-01
4.116247831733340634e-01
4.311292513773274937e-01
4.120115810049475580e-01
4.424871431430248414e-01
3.418487551686858472e-01
4.351569245872666247e-01
4.278605201248361634e-01
4.078373800692765005e-01
4.272672162356697667e-01
4.234581782312555331e-01
3.941235729886734540e-01
4.190462526154283829e-01
4.350435131919456744e-01
4.302572188086365990e-01
4.480616506099951435e-01
4.638744035086328488e-01
4.150409532149275660e-01
4.024458629134685106e-01
3.825910347827004010e-01
4.278489584546671387e-01
4.342552741723770815e-01
4.493053001465172058e-01
4.265641691401784175e-01
4.579246846098484758e-01
4.143480559500388738e-01
4.321318056438929744e-01
4.289399867856044102e-01
4.108013660431236724e-01
4.082345952092865660e-01
3.705284957018925018e-01
4.107369452934185872e-01
4.083464392640717144e-01
3.882403835043196638e-01
3.710910859285475594e-01
3.826001844213025027e-01
3.926582389874191392e-01
4.032288156758242481e-01
4.007606281369162637e-01
4.351760971476007489e-01
3.827746662725933224e-01
4.054925317793426354e-01
3.967946384284984362e-01
4.032944320489027512e-01
4.804806372367346201e-01
4.120614466071519377e-01
4.122429852771622993e-01
4.513410206376491374e-01
3.908178595241389996e-01
4.246314693458965173e-01
4.420543246525436842e-01
4.046506654670369296e-01
4.162072445717192037e-01
4.019642067399825103e-01
4.163313478727220240e-01
4.236109938778602757e-01
4.292338718222812322e-01
4.427024329716432449e-01
4.146780824482163563e-01
4.288598891689071047e-01
4.616054194386576270e-01
4.376929372296334275e-01
4.162503578564499263e-01
3.757550519985344284e-01
4.306498754796732609e-01
4.333190227763151214e-01
4.765055910500023417e-01
4.348592201961156145e-01
3.950987845084062977e-01
4.103579852098088732e-01
4.270457928071122455e-01
4.220438104485149111e-01
3.841275842249823880e-01
3.662116678726243246e-01
4.225888862696922099e-01
3.954570461765964939e-01
3.988756059818324706e-01
4.379230550399236255e-01
4.634428599359262657e-01
4.194518157382877144e-01
3.652325338364408314e-01
3.467228889236443345e-01
3.581541931129705869e-01
3.730129369672807171e-01
4.056770526481279782e-01
4.225938420875320900e-01
4.606333584655785129e-01
4.686932620585460008e-01
4.218389115293159630e-01
3.945193683206226765e-01
3.861036935876671627e-01
4.506611235161721574e-01
4.231099181717013491e-01
4.093076285266966097e-01
4.468695418059616120e-01
4.282899535817961123e-01
4.417385412714900372e-01
4.147865301966936480e-01
3.834838447887020108e-01
3.997476822605380842e-01
3.940166402826947301e-01
4.105720711642520948e-01
3.928575619442265521e-01
4.014158134720897664e-01
4.448372158088798045e-01
4.502389562653454358e-01
4.241274222411809403e-01
4.464812396191857879e-01
4.161019978670122410e-01
4.586328382459789466e-01
4.057334343871639715e-01
4.222286441339163643e-01
4.563797421572743929e-01
4.377461548531578206e-01
4.413087866935381798e-01
3.974926378161043328e-01
3.956849330288562117e-01
3.898208678717685061e-01
3.985079492322792238e-01
4.380849893459911604e-01
4.062407778449343976e-01
4.256070509458001472e-01
4.029683641409748662e-01
4.325898726848705911e-01
4.625363619998145159e-01
4.495112711292235108e-01
3.882335387982080444e-01
4.101177041247514032e-01
4.002759831367228571e-01
4.024036937060332386e-01
4.232956329922662464e-01
3.944897442451653635e-01
4.069452726210111559e-01
4.032692556568533981e-01
4.220415922104335249e-01
3.743668423173658888e-01
4.255834526940120432e-01
4.202881433712928883e-01
4.420033986382772562e-01
3.734534148891048289e-01
4.526987527426331592e-01
3.985910460880908723e-01
3.727132240889458603e-01
4.447240666038396184e-01
3.903685223590510622e-01
4.250228886493883085e-01
4.002374856127410840e-01
4.301565971065246519e-01
4.202101692520959775e-01
4.500037978937417860e-01
3.917031224243818222e-01
4.080586871708607455e-01
3.967779739955289431e-01
4.194524721130699074e-01
4.367914919061353096e-01
4.574607978162618105e-01
4.105672868238174900e-01
3.961958101532421228e-01
4.373114295703141585e-01
4.387985231233141881e-01
4.357558323265655065e-01
4.310107885080972645e-01
3.911272221362441237e-01
4.423249628843446413e-01
3.857710430823434455e-01
3.931105907155023615e-01
3.962861279423350869e-01
4.122204450372626838e-01
3.874094596236503096e-01
3.814583291633377171e-01
4.078135878257021507e-01
3.950992481869144424e-01
4.050361925615872383e-01
4.537628620407008206e-01
4.593419667618715008e-01
4.130301360162910718e-01
3.748487802938982316e-01
4.636715602105495049e-01
4.636462766964608573e-01
4.404185825817299449e-01
4.883408910334477437e-01
3.968253996451912569e-01
4.382205129980334402e-01
4.258000943136799887e-01
4.096866974803541894e-01
4.198617376788079669e-01
4.508236838828681425e-01
4.317851289051046204e-01
3.894619167671771187e-01
4.249375964990668719e-01
4.352678843330353153e-01
4.472449575135948319e-01
4.199847064051971945e-01
4.112605811519083332e-01
4.192035959623031105e-01
4.004523018090287434e-01
4.196428664285642984e-01
4.662098199601257820e-01
4.327450256248930316e-01
4.337460322076902575e-01
4.382100457093280887e-01
4.443907957031423273e-01
4.259631810154262399e-01
4.532341099143450958e-01
4.206706682594074098e-01
4.001105881592351698e-01
4.558759109182922709e-01
3.982564983224506916e-01
3.916805730867162771e-01
4.136245430892040442e-01
4.237372218306746374e-01
4.297049368481234977e-01
4.255771682683642254e-01
4.210121230580276541e-01
4.269910794415935906e-01
4.383946561191078284e-01
4.207635391800059743e-01
4.035926104949798532e-01
4.241107082167662745e-01
4.394526695220271062e-01
4.354101317036590535e-01
4.455698051513324875e-01
3.937873344804511122e-01
4.619228086631939623e-01
4.374417362521808572e-01
4.031927089089076266e-01
4.348892307217501751e-01
4.295727807104142704e-01
4.126586175396234624e-01
4.985341379386289962e-01
4.725684406090118195e-01
3.771245888008456504e-01
4.036099268985683386e-01
3.580214107627967546e-01
3.943878356681934649e-01
3.774562291858150620e-01
3.868319315448814355e-01
4.221314469712801887e-01
4.092591280718406721e-01
3.927266839554733324e-01
4.158384897093152510e-01
3.604140585618248460e-01
4.303459384443619751e-01
4.838575455765269928e-01
3.503956903333277362e-01
4.349879520086756823e-01
4.028923247278283770e-01
4.223888710019980675e-01
4.417780945467720821e-01
4.060115081358564026e-01
3.882192528048450386e-01
4.477261498643425597e-01
4.159939497836787070e-01
4.606749285972330799e-01
4.468835913123605508e-01
4.648628526730776978e-01
4.214919426848017237e-01
4.050707502022972695e-01
4.302103888236057938e-01
4.443479921721345538e-01
3.909394183236692966e-01
4.304876979232854506e-01
3.786499103406221756e-01
4.312827658379058127e-01
4.397504155218638910e-01
4.101862906549180732e-01
4.247279507685068345e-01
4.187968090799399357e-01
3.440028805065311612e-01
3.766940528193227222e-01
4.093907693243626911e-01
3.916314713521688584e-01
3.729385828208690579e-01
4.047823040323735300e-01
3.926874241476657201e-01
4.385720531481568374e-01
4.076813213437325834e-01
3.416599706915125489e-01
4.689328963029066877e-01
4.190170982459859861e-01
4.424295273189801092e-01
4.495476484421938590e-01
3.917835565621580751e-01
4.231881425523352225e-01
4.080102942014083856e-01
4.108659762970533480e-01
3.892307036638519846e-01
4.234659535597321001e-01
4.104859106266475766e-01
4.263910154416602483e-01
4.338264319718413975e-01
4.006061543822981852e-01
4.257739385726222459e-01
3.876716538869408035e-01
4.221621887399276685e-01
4.080241346047135398e-01
4.192694536972730868e-01
4.104736001061801143e-01
3.998247358408522079e-01
4.244844672032727639e-01
3.810913823977272186e-01
4.153730581203774475e-01
3.694467627241253549e-01
3.460551464880157191e-01
3.647970760349704689e-01
4.660201598399937861e-01
3.884235120081885317e-01
4.435433281878350398e-01
4.124846688642425652e-01
3.949390682052196788e-01
4.284101676659535229e-01
4.078196997018836978e-01
3.873533278816440051e-01
3.832100749038430676e-01
3.878670514486675658e-01
4.497375147148799934e-01
3.530269777707890633e-01
4.009586673290725378e-01
4.059816924420867057e-01
4.053781781734512313e-01
3.722327825278097246e-01
3.852282514052510765e-01
4.142360445212235343e-01
4.146449931407562572e-01
4.459656287917443396e-01
3.924184719890790873e-01
4.322701586460993006e-01
3.882075899817362119e-01
3.928978928102822010e-01
4.054072381045608076e-01
4.054551064222760570e-01
4.540845563408692498e-01
4.271622834668040714e-01
4.168383748988255255e-01
4.021509709279152411e-01
4.180732691947745550e-01
4.094003428961935920e-01
3.804745518854844577e-01
4.641672384889753977e-01
3.954073651575790160e-01
4.457844714157526700e-01
4.693241632339194558e-01
3.973560985277976854e-01
4.147645163344323982e-01
4.130804105589012121e-01
4.350773778889325261e-01
4.411035047268189180e-01
4.512456527307557863e-01
4.575829135538695969e-01
3.941291418975457206e-01
4.445117061109271073e-01
3.855274288572306807e-01
4.216547484718563554e-01
4.270324583329978552e-01
3.755108147288614973e-01
3.873161668698714144e-01
3.867163622644991250e-01
4.037150155792024186e-01
4.573432267973313592e-01
4.090455590340318914e-01
3.951795427530431781e-01
3.891202533320290979e-01
4.014950359939218338e-01
4.209000954103286896e-01
4.175250639650199824e-01
4.072872246941591223e-01
3.649385890404601707e-01
4.366619400584000887e-01
4.154791217106510448e-01
3.773044936226387369e-01
4.385306074175584490e-01
3.974004160457300094e-01
3.908458632181828207e-01
4.217571956812717904e-01
4.273106727592643206e-01
4.339432503245069794e-01
4.320246540677774583e-01
4.042864809563769812e-01
4.306679131263659310e-01
4.328070745801345653e-01
3.669870977495413578e-01
4.206444846431318663e-01
4.685912580539439709e-01
4.322404894919004703e-01
4.198856129060711817e-01
4.005565693588455378e-01
3.714745308806572943e-01
4.039299909109272946e-01
4.064074861033747932e-01
4.589390733285358959e-01
4.222038095233887067e-01
4.654331713506780765e-01
4.653750408321206677e-01
4.265751560547239030e-01
4.042389455935367359e-01
4.265233186659999065e-01
4.199449728567616336e-01
4.315983996486712493e-01
4.339505951084957625e-01
3.830903274142427595e-01
4.213174233870704000e-01
4.482047015965254788e-01
4.163814036735519197e-01
4.340509305064543799e-01
4.329381037923957232e-01
4.543682133192374906e-01
3.991701098763575373e-01
4.412002166067143238e-01
4.259603486208395351e-01
4.664932159825630476e-01
4.646536316126082533e-01
4.056519864107473450e-01
4.186516116975442237e-01
3.918741852336277698e-01
3.995174469227846803e-01
4.167132103172789814e-01
4.240127534154274347e-01
4.583725684856085336e-01
4.243145880357667710e-01
4.701337463960851282e-01
4.455586383009953466e-01
3.949647156078152643e-01
3.946454883644273104e-01
3.864037884582455229e-01
3.890319692863861700e-01
4.214493795420364286e-01
4.193937279719524014e-01
4.243948647546033626e-01
4.131281246006098251e-01
4.208311836191325761e-01
4.599671873944105038e-01
4.101823750047460249e-01
3.693432364273707136e-01
3.881232313786391885e-01
3.483909370209224421e-01
3.642929933810631349e-01
3.801601351999852052e-01
4.089599590827315834e-01
3.775610915668216050e-01
4.386510048492535674e-01
3.845399379394059958e-01
3.897757994390374514e-01
4.130250210177116577e-01
4.021423525829520007e-01
3.995352430148664258e-01
3.952845389862952308e-01
3.750353866958783255e-01
3.628138012985668293e-01
3.925191175776244212e-01
3.667002508311199005e-01
3.899003123012241279e-01
4.156800080010955578e-01
3.898490372184379438e-01
3.747962693315770033e-01
3.862914015096331477e-01
4.105709951854201178e-01
3.994556905349307963e-01
3.792512011482608303e-01
4.181272070808862429e-01
4.041819530029397423e-01
3.887379391997628497e-01
4.493913895163377248e-01
4.082975451107168641e-01
4.273791700247939196e-01
4.394684162657577220e-01
4.215521197212046545e-01
3.988913188298300327e-01
4.386958613010058516e-01
3.950289244324650118e-01
4.073787038584056330e-01
4.262624939140929881e-01
4.297068023339121745e-01
4.009139447719197724e-01
4.108754143400374925e-01
3.563575003755742321e-01
4.453727712255551308e-01
3.788352673299727469e-01
4.283349475010464480e-01
4.277847335259134520e-01
3.762799837775109846e-01
4.367019220631251364e-01
4.442946914314229723e-01
4.449925109747910890e-01
4.298328588413932172e-01
4.140551763018350817e-01
4.175212318012971324e-01
4.422292212209983919e-01
3.994175949790026436e-01
4.126826985609901022e-01
4.217492072185269336e-01
3.815060883147826098e-01
4.007442090095869047e-01
3.749736370917934325e-01
4.185769474718957217e-01
4.122508865093495456e-01
4.339610572551367840e-01
4.346123491517150939e-01
4.227260725053611501e-01
4.362331340136250124e-01
3.879372651662184035e-01
4.378882261232663331e-01
4.536845490600697750e-01
4.720696627702748449e-01
4.195126230835832803e-01
4.343503842012362282e-01
3.966265229598630593e-01
4.046813094970450053e-01
3.599800692076032815e-01
4.719021043268323834e-01
3.996398110144836480e-01
3.898922625812422660e-01
4.414670284038966774e-01
4.182702535839011304e-01
4.218180914005534854e-01
4.123325915313403311e-01
4.216176759189196876e-01
3.807668629572008023e-01
4.065059988546957936e-01
4.121804689517236664e-01
3.630168301016813426e-01
3.641154465673857588e-01
4.357128327391502354e-01
4.373984770003991884e-01
4.572566634614837477e-01
4.123436323078162880e-01
3.827867817988753751e-01
4.107054214821176386e-01
4.212137269801555228e-01
4.129299083197276454e-01
3.957282868138194409e-01
4.438952239635106656e-01
4.005624052649797151e-01
4.019570965254638528e-01
4.178130256854352687e-01
4.469467035685070755e-01
4.214483076920101379e-01
3.915957533183389017e-01
3.926271274615648621e-01
4.434623779325745918e-01
4.451421902754543192e-01
4.300939615580830488e-01
3.978070609147701386e-01
3.928128731067298540e-01
4.220264125223655571e-01
4.257493871202293612e-01
4.723261682844965836e-01
4.129780501507706036e-01
4.303213997384648937e-01
3.910384545846773974e-01
4.084034031560523914e-01
4.171783833974881395e-01
3.934102548433398017e-01
3.925504321343109004e-01
4.294458214541205243e-01
4.141226802464802459e-01
3.928023457597842882e-01
4.144985550893592330e-01
3.572899921726429007e-01
4.288505721236829382e-01
3.887494288404337306e-01
3.909245875828040728e-01
3.884891433187955823e-01
4.165584089392333489e-01
4.262092047882455881e-01
4.573977916980990210e-01
4.256115185704373860e-01
4.297327940620688791e-01
4.056768846420589214e-01
4.101678338768364740e-01
4.323920719174770833e-01
4.180871453382127845e-01
3.932152376286321416e-01
4.251324221071191567e-01
4.542540971762016877e-01
4.105525733577121694e-01
4.261274047472601301e-01
3.994982613339571609e-01
3.969414530692805809e-01
4.035472551484091119e-01
4.351820109561357897e-01
4.564331080865459689e-01
3.833363147194043252e-01
4.576699335593040208e-01
3.941195860663985195e-01
3.959089331712759008e-01
3.996002622720978281e-01
3.605495266736862825e-01
3.421250712001476235e-01
3.938706295325921092e-01
3.822415528966123799e-01
3.985115361763792996e-01
4.025758011977239592e-01
4.160018238455235329e-01
3.974800443480001055e-01
4.030181503632110362e-01
3.676843324628512044e-01
3.726313636707233590e-01
4.101951785624332047e-01
3.173477780318328945e-01
3.937051445268637262e-01
3.989146239475490630e-01
3.647815796652900122e-01
3.919999257604610543e-01
4.093235740833460756e-01
4.157059807438737153e-01
3.857764203254797630e-01
4.234216979186176122e-01
4.379780262211391828e-01
4.666155465698962890e-01
4.243321024412142206e-01
4.184171747699540478e-01
4.097030398955270325e-01
4.177561472824183331e-01
4.197708282364315813e-01
4.661807018448010931e-01
4.332535493502035484e-01
4.352874288850221429e-01
4.199425375198580501e-01
4.216855116984459806e-01
4.304470543379663172e-01
4.308068814196475138e-01
4.736584200353148311e-01
4.390039656671052004e-01
4.258089148942928448e-01
4.000610593126364689e-01
3.758644066480147372e-01
3.881778870406540349e-01
4.395113604809193220e-01
4.346127924237872531e-01
4.074405539777502527e-01
4.388423801712950656e-01
4.158315794040550739e-01
4.630122412115451058e-01
4.592408796555503270e-01
4.994729144594112769e-01
4.293662956382633400e-01
4.343633804023771527e-01
4.318486744186846304e-01
3.955571127793993669e-01
3.977069020132297794e-01
4.415962972344785187e-01
4.653609866548684693e-01
4.523598513946354704e-01
4.047359898563991365e-01
4.139883085479690306e-01
4.127276629624543336e-01
4.400191270344237515e-01
4.299829470472146253e-01
4.294336497219013449e-01
3.936576005919226739e-01
4.165705199863211083e-01
4.020175910527507557e-01
3.575368065319632360e-01
4.111385399003941177e-01
4.012109960792947794e-01
4.035284630618132806e-01
4.236600675212195410e-01
4.633325184102519700e-01
4.061904222292399558e-01
4.303744535648164615e-01
4.109931610623052678e-01
4.203810748717582979e-01
3.965010866831499281e-01
3.887942649892626168e-01
4.461696742575977925e-01
3.914888708322249444e-01
4.333718255017555698e-01
4.069627225670494064e-01
4.225599927759762786e-01
3.900514418823832763e-01
4.379161643528242664e-01
4.298026312204877852e-01
4.134679990255825666e-01
3.612127874928492410e-01
4.193981382739958574e-01
4.419921806613847926e-01
3.911549070649950055e-01
4.515822376047107234e-01
3.751883487640501058e-01
4.717471019200665250e-01
4.319729699662094302e-01
4.159662732075392055e-01
4.199359563848584220e-01
4.927767425780826271e-01
4.331949793356560385e-01
4.497110115642099504e-01
4.468191356297155359e-01
4.140552964567830174e-01
4.192766810970880442e-01
4.519993186110420891e-01
4.081054953370727434e-01
4.430718388307199884e-01
4.196972082127757298e-01
4.011527202833654604e-01
3.879213455495141294e-01
3.963815323981103589e-01
4.324934989462241308e-01
3.891911352892649667e-01
4.017814368262105917e-01
3.936625950601653767e-01
4.215606984540729574e-01
3.807693987007929048e-01
4.445396047112981641e-01
4.046015985144820748e-01
3.662799852368412989e-01
3.706319656835317389e-01
3.897454642470865593e-01
4.196818402067675757e-01
3.501000924412511761e-01
4.377928385895640817e-01
3.971834285969523259e-01
4.398041110287322919e-01
4.547284808818990443e-01
4.755947233832304999e-01
4.528165095442721055e-01
3.830790624406558709e-01
4.242863090574661711e-01
4.011857352846702751e-01
4.006386044326316065e-01
4.145839070238622748e-01
4.133251591617724818e-01
4.351899089421816247e-01
3.816145543692943676e-01
4.156342002322738205e-01
4.288204476476789040e-01
4.296036956205808166e-01
4.463044006464116364e-01
4.196530379861193039e-01
4.163092147907271334e-01
4.322523049858918442e-01
4.513239947337264746e-01
4.328093905124860141e-01
4.993743959838303215e-01
4.784148858335507959e-01
4.272340793604989528e-01
4.096392078378665591e-01
4.008640708785454199e-01
4.476545895183376422e-01
4.579083482857183030e-01
4.057253476054183405e-01
3.730150223339699367e-01
4.053420193269320904e-01
4.257180500606734808e-01
4.507301935160734074e-01
4.518085621440105504e-01
4.464969548056156312e-01
4.434742578460805218e-01
4.240456081513059861e-01
4.270086286567030265e-01
4.563591558426290939e-01
4.059966881841309827e-01
3.886794119466531194e-01
4.379554857477525598e-01
4.476491107630429789e-01
4.094045044594759042e-01
4.338886288212074338e-01
4.157088532293484184e-01
4.017023129626042244e-01
4.255886091929988457e-01
4.167860869418116287e-01
4.457271086253851711e-01
4.064199660133429592e-01
3.874431289269744672e-01
4.179896548586179428e-01
4.475967685113600436e-01
4.368682634570368872e-01
4.555060125246651048e-01
4.550290873349643883e-01
4.269075301846919634e-01
4.257966364874180010e-01
4.481290587896211153e-01
4.238287424740989073e-01
4.488658299969507381e-01
4.078790777661547295e-01
4.049657096761791197e-01
3.958767898897356252e-01
4.400820435474181447e-01
4.322404958243225015e-01
4.591734282923692900e-01
4.499532757700235308e-01
4.226721662340376939e-01
3.975353127111701523e-01
3.972345668495333437e-01
4.544783195548331434e-01
4.417525779930377983e-01
3.981640927724952039e-01
3.926272466251220505e-01
4.247968937260827027e-01
4.225172544206351466e-01
4.438656715496215321e-01
4.299243882935914196e-01
4.235157463882557871e-01
4.461713453259577022e-01
4.194925195748586688e-01
4.140878182079146819e-01
3.912879770352422626e-01
3.772571151924879462e-01
3.783953942385577252e-01
4.465452197380259669e-01
3.869754080875305036e-01
4.298271614299436494e-01
3.907397058181171778e-01
3.808335505613121286e-01
4.332560119591500891e-01
4.063669887425361837e-01
4.348101266887315353e-01
4.380965400032515999e-01
4.175157586955338673e-01
4.239615201020331958e-01
4.249344427968764770e-01
4.272214540665192906e-01
3.600495131510095259e-01
3.868756346253884870e-01
3.977901473818429845e-01
4.136503859616471601e-01
4.464468884383545610e-01
4.418386425240228288e-01
4.371234340424278719e-01
3.680980706166242511e-01
4.304662068378030115e-01
4.121652475171835861e-01
4.268090821534815116e-01
4.336289016148355824e-01
3.861245223416907013e-01
3.860042910404055116e-01
3.865236121385400847e-01
4.207833653391165329e-01
4.693104236998121293e-01
4.134032415201825961e-01
4.500622180132775596e-01
4.252402932196397978e-01
3.980441664361654697e-01
4.550651246719347731e-01
4.249498871988408588e-01
3.745900915157022726e-01
4.091574329998186044e-01
3.994849225759810607e-01
3.789274160928978175e-01
3.729934832796849009e-01
4.036819554967737700e-01
3.898642875503133820e-01
4.366283024600795537e-01
4.254327602169975520e-01
4.114304842701190790e-01
4.306123644355327462e-01
4.379200951260522334e-01
4.082609672942446033e-01
4.122694607089741892e-01
4.189606192001507079e-01
4.456632606627842774e-01
4.386701548718716648e-01
4.132599513968555072e-01
4.428935704346723679e-01
4.454095966562870434e-01
4.321229866110464224e-01
4.814371908217043861e-01
4.668795287880486700e-01
4.465892253734364270e-01
4.195894690527988691e-01
4.004537092700785061e-01
3.967531375583339681e-01
3.883225227162522275e-01
4.197843168498697208e-01
4.184586022904482339e-01
4.141368136060396554e-01
4.457662493773242307e-01
3.661948638263381461e-01
4.079303276848030846e-01
3.677673658970778137e-01
4.371292638289098753e-01
4.272077003611980950e-01
4.242351997507023964e-01
3.897454207844062157e-01
3.734806196412904788e-01
4.573576848976367848e-01
4.233670630898374032e-01
3.999282886362450218e-01
4.354932975308799525e-01
3.912298834256460189e-01
3.680697492788875258e-01
4.474313935022395938e-01
4.045458431894689566e-01
4.341935349854456616e-01
4.215201108258617713e-01
3.827699902343568161e-01
4.201275196988570326e-01
4.100936552243118483e-01
4.110857357525974365e-01
3.930147677539298501e-01
4.355971007677301721e-01
3.564847613877130672e-01
3.924100463734163657e-01
3.975944636157245360e-01
3.828580775517027024e-01
4.054280241955658948e-01
3.985993650412039679e-01
4.405626002206279868e-01
3.970522426709247599e-01
4.484422332289303981e-01
4.316763226481017401e-01
4.188203312273010015e-01
3.991120656469075989e-01
4.388329149072642266e-01
4.289842887471640442e-01
4.362469269976173569e-01
4.477266934674767884e-01
3.779767543489362946e-01
4.398424364558289335e-01
4.200394993536903931e-01
4.083729828081821833e-01
4.262454808037610121e-01
4.196303775378381062e-01
4.245409606594189866e-01
4.519632159524283876e-01
4.301268471548038708e-01
4.352762880242904697e-01
4.173655120566811538e-01
4.442572674376792929e-01
4.261069488464814259e-01
3.977190210099470491e-01
4.349343318038364492e-01
4.333446015170719923e-01
4.276567973861115646e-01
4.863050884213538927e-01
4.842132300605394013e-01
4.574328377659300227e-01
4.304786574468633109e-01
4.281919093139600063e-01
3.488976195076631814e-01
4.202319024433241457e-01
4.513485692842417740e-01
3.852551498612076242e-01
3.637457549754365971e-01
4.513117068019508737e-01
3.966443693901018364e-01
4.316352456272564697e-01
4.273500315161259389e-01
4.008570580466405131e-01
4.196864913142595577e-01
4.098556666536191662e-01
4.136566560253775449e-01
4.415278208262521931e-01
4.147567178259906062e-01
4.086860866569184125e-01
4.096377719802992701e-01
3.822050753398723022e-01
3.824217764319248758e-01
4.343548133946242285e-01
3.988095577022817695e-01
4.083373322150511964e-01
4.154443217797870735e-01
4.358930229007548229e-01
4.372323805749466219e-01
4.247973153199853802e-01
4.354185497637194646e-01
4.314202105919768271e-01
4.481637722890786657e-01
3.994895016288764755e-01
4.385100185548989060e-01
4.348478425768315114e-01
3.969190453572692956e-01
4.058429618401715455e-01
4.946859382273043337e-01
4.768429554096147438e-01
4.493354788966280045e-01
4.204572043389837588e-01
4.141522145047912828e-01
4.599060784445551109e-01
3.962945030437223792e-01
4.542059727265374547e-01
4.250894622311867654e-01
4.157902230438683122e-01
3.979639371961821714e-01
3.972915908139130203e-01
4.366765923887270806e-01
4.674376775752098756e-01
4.486673113585228356e-01
4.278504471647316953e-01
4.406686066726827611e-01
4.076502990806778470e-01
4.559079613622842864e-01
4.197223242237985152e-01
4.414946589202311533e-01
4.257891783688942944e-01
4.715233452381726309e-01
4.379095454806271603e-01
4.218815386449529248e-01
3.676027977904057220e-01
3.962269604527506317e-01
4.298245235946924758e-01
4.542623277573127893e-01
4.173275800456925921e-01
3.763859678655575580e-01
4.161184628397154306e-01
3.837439250707648242e-01
3.989971581930790712e-01
4.164385623580246776e-01
4.513838704965240645e-01
4.178236424611924127e-01
4.206825297127724239e-01
4.014766741904510217e-01
3.909839428378873438e-01
4.004145774476471908e-01
4.364047136755568324e-01
4.152977134313028396e-01
3.930669552182239346e-01
3.898167163177135852e-01
4.562386570664789809e-01
4.096715578856713336e-01
4.069040151186363863e-01
4.189810432679049734e-01
4.283265394139427196e-01
4.071075566953726299e-01
4.442455123171513698e-01
4.495415625623998546e-01
4.436189800493889335e-01
4.125963285543960968e-01
4.151343867803827248e-01
4.486521616687066394e-01
3.860776389233253059e-01
4.192708622087072401e-01
4.430303442635183941e-01
4.145975485009724681e-01
4.307986904605812239e-01
4.229616515765032281e-01
4.326612000453859408e-01
4.693202272745485848e-01
4.004082812819514947e-01
4.023138910562472081e-01
4.348752792472124762e-01
4.540934197397571426e-01
4.146127952005766448e-01
4.464621936233892918e-01
4.337049554344364344e-01
4.398732153934550304e-01
4.148842928473321368e-01
4.153994540732315333e-01
3.784016212648675936e-01
4.576827172102494456e-01
4.169292370308130824e-01
4.478431981957941010e-01
4.196391482354100977e-01
3.828361532679098178e-01
4.062901571910237375e-01
3.804643218718919973e-01
4.131700842174182431e-01
3.680877806418735299e-01
4.173258978617863657e-01
4.483204150348534256e-01
4.526485189943959542e-01
4.283718921564583226e-01
3.945009519076270732e-01
4.430805992175818053e-01
4.409394971910791106e-01
4.369672805565387730e-01
4.699448532356523267e-01
4.241130186592957374e-01
4.374049389319064618e-01
4.547016407654940195e-01
4.397774807946548958e-01
4.222352126520722559e-01
4.584227865996790552e-01
4.315842194464993842e-01
4.279981901039357495e-01
4.116000252168779405e-01
4.598171903991037368e-01
4.149227154916624305e-01
3.994528224638131397e-01
4.198839790613763112e-01
4.378591463168680087e-01
4.465644629690283529e-01
4.473576430519056180e-01
4.340083986261867310e-01
4.836190885925025218e-01
4.133334850678836991e-01
4.418059123489682660e-01
3.864629898470977043e-01
4.044066613756470696e-01
4.119764270662527594e-01
4.464957157008639377e-01
3.869602896290576521e-01
4.311543619964201546e-01
4.290456312107021053e-01
4.023670119411887347e-01
4.302059057560080335e-01
4.226830358548895883e-01
4.433916860394550019e-01
4.352165954089564637e-01
4.276655633821506708e-01
4.358835205719440720e-01
4.605058770416615710e-01
4.620301085637421035e-01
4.624910392919974744e-01
4.455788696807313487e-01
4.201347725274954814e-01
3.858931874668907747e-01
3.884475506097048725e-01
4.125683117589639681e-01
4.536240672241747540e-01
4.512485337687350828e-01
4.120409318701512835e-01
4.433902750414282501e-01
3.987348137287203831e-01
4.248344022538451115e-01
3.951976155367958876e-01
4.203995984840956379e-01
3.830874368340274616e-01
4.348702880778055890e-01
4.263833404701409258e-01
4.111644258029919508e-01
4.168671019288734403e-01
3.922749852928226200e-01
4.490063669140672564e-01
4.210653157433542626e-01
3.805364571339808766e-01
3.769848194454143986e-01
4.886267527024891200e-01
4.244912195061553151e-01
3.677102576179505644e-01
4.069621905786060534e-01
3.621020111285870313e-01
4.077612937535340931e-01
4.089784997544458900e-01
3.503999662737841692e-01
4.327314765059959711e-01
3.340075086813049099e-01
3.645279653693861421e-01
4.408345228897952994e-01
4.582646601231255556e-01
3.739417311068816696e-01
4.308281242293935942e-01
4.227932344756050731e-01
4.178969759756922531e-01
4.274380497267665224e-01
3.918458852143087423e-01
4.649714785559417862e-01
4.131252422623497012e-01
3.982700687600691514e-01
4.342746474782358534e-01
3.848939100884959386e-01
4.370166054344945539e-01
4.393381592103970390e-01
4.120611055399227007e-01
4.219931458170006477e-01
3.509705524319060577e-01
4.154893870215226603e-01
4.396322173805292666e-01
3.978680496558014146e-01
3.935998373744656331e-01
4.051472313421836668e-01
4.343250096909751501e-01
4.245499726989565570e-01
4.382139246656146514e-01
4.462493264591465558e-01
4.621208900656015861e-01
3.867635776008866988e-01
4.073950464926091031e-01
4.259030513773204851e-01
4.293374583467977068e-01
4.115376714504820344e-01
4.360908166401108454e-01
4.604989012400655390e-01
4.578664006769226358e-01
4.334756952846095523e-01
4.034795536727472376e-01
4.217898349582712703e-01
3.874386844027138954e-01
4.377687933458333513e-01
4.294646780663771146e-01
4.226479830197499288e-01
4.400885705570280471e-01
4.133742385322934365e-01
4.508560114550346221e-01
4.289008421200566357e-01
3.947851978051553634e-01
4.242055001166119554e-01
3.807645247640645270e-01
3.993790617205241755e-01
3.860868840395999535e-01
4.262817366053175405e-01
3.905877162346861331e-01
3.781935698842547877e-01
3.817274435659185894e-01
3.953919342568724682e-01
3.642081642946156661e-01
3.502440111784556609e-01
3.663772526797892670e-01
3.961747043521947620e-01
4.163583258774347096e-01
4.277985949408467659e-01
4.363921371191574750e-01
3.882393132821329029e-01
3.865048060410503084e-01
4.126218946125251863e-01
4.172300442337817383e-01
4.482392953556313397e-01
3.437372788148969627e-01
3.724341720923670107e-01
4.324401348224866659e-01
4.349711748795752064e-01
4.602286922191277108e-01
4.592244348390929765e-01
4.600436146340043386e-01
4.233169735466784656e-01
4.236317151490671118e-01
4.406163545243017010e-01
4.687150902421269305e-01
4.290428178236734280e-01
4.178083164443699982e-01
4.186409309516704313e-01
4.160386796750198957e-01
4.296371147763339282e-01
4.149374713508510171e-01
4.323145572756907362e-01
4.232595750719649885e-01
3.593958194388088834e-01
3.440375952441039886e-01
4.045312760610923486e-01
4.434217206737037786e-01
4.443636520302857718e-01
4.443619539857935341e-01
4.649374030750162978e-01
4.287503000401542419e-01
4.186536871132411353e-01
4.315444490206262751e-01
3.689065501165795791e-01
4.535845616267829561e-01
3.758506657012488095e-01
4.082611738964926906e-01
4.027012964419025010e-01
4.504109174189731002e-01
4.102961251761939043e-01
4.225395801014781849e-01
4.076800725404259307e-01
3.887393626355900578e-01
4.153568871842335253e-01
3.872167925703516866e-01
4.040452897768865848e-01
4.069299042825705315e-01
4.043311593143564808e-01
3.932545497173965954e-01
3.974084421914151899e-01
4.176421595242075235e-01
4.186595776445009576e-01
4.393816024486987271e-01
3.548249300983594701e-01
4.044346867087554864e-01
4.315071692917314961e-01
4.634217085669755654e-01
4.151316737031951476e-01
4.254343718612418335e-01
4.166777314419625178e-01
4.419333105699482789e-01
4.246201011389935109e-01
3.886887882079982925e-01
4.403192404560439810e-01
3.576863337356752659e-01
4.007009178836580254e-01
4.004085428747234388e-01
4.213161689469491766e-01
3.731668835150774854e-01
4.183625420448222054e-01
4.120847151588989954e-01
4.431977323094545840e-01
4.280658287538771090e-01
4.080967438144538773e-01
4.168889194884042859e-01
3.668922613050892845e-01
4.513565536470815487e-01
4.494767829882723165e-01
4.371029417223198932e-01
4.474605674586447090e-01
4.784323884154869089e-01
4.587681274519772590e-01
4.018747015116576060e-01
4.284197615707482365e-01
4.301595074853543643e-01
4.153573348881525185e-01
4.210147851972887989e-01
4.398831891913183023e-01
4.523485827228466705e-01
4.020910525039452232e-01
4.542549394522973905e-01
3.978860979588393909e-01
4.458718807389286387e-01
3.981387894531964178e-01
4.418548967988163434e-01
3.869393184858854751e-01
4.289644324301989387e-01
4.406536883958616091e-01
4.391543204375892850e-01
4.386190026466343372e-01
3.933530124450960730e-01
4.193408555995535858e-01
3.817357769775494014e-01
3.909537262213097497e-01
4.439452933533125645e-01
4.416097600634791287e-01
4.404323896037369845e-01
4.406710935243270399e-01
4.571541855810125621e-01
4.575804930030816786e-01
4.197394565614024353e-01
3.967904852857012665e-01
4.660011577444547748e-01
4.329248861993344466e-01
4.490226000185409960e-01
4.588612904799253545e-01
4.361032049291044821e-01
4.473297375179361435e-01
4.372594304128172293e-01
4.649604303094961866e-01
3.959107811521409559e-01
4.257223564113012393e-01
3.686133905609545458e-01
4.133138986361512002e-01
4.266016336203428683e-01
4.253371943556299439e-01
3.925926310054605461e-01
4.216791338763992703e-01
4.150283346276672503e-01
4.338794928339212986e-01
4.256945505766441817e-01
4.144142059677808354e-01
4.273367856761445815e-01
4.243255719346972765e-01
4.043624192161993092e-01
4.052232882277267412e-01
4.477029441092854611e-01
4.589074615301473314e-01
3.562249532167300337e-01
4.168204188565736157e-01
4.208179505820119348e-01
4.081978541982893005e-01
4.400721244557862510e-01
4.120175152121459683e-01
4.621475513339493579e-01
4.234199305802286983e-01
4.537064537014003918e-01
4.241610447618685553e-01
4.013429009270685355e-01
3.764875223986399178e-01
3.275366278448735291e-01
4.168013084068019625e-01
3.961838205068501928e-01
3.621671750370599185e-01
4.021226467845129271e-01
4.347411415665874412e-01
4.121379793589289853e-01
4.469594547626807302e-01
3.917423438057164309e-01
4.269777820711577743e-01
3.999505652725034444e-01
4.038871077455253866e-01
3.910593544781629793e-01
4.085955008417638812e-01
4.208742073584778032e-01
4.083725723721202128e-01
4.226864821874096179e-01
4.556448610781835828e-01
3.846893043483231023e-01
4.048492732373710767e-01
4.244154964493697668e-01
4.426347588490373020e-01
4.281744085431868352e-01
4.298246981684433754e-01
4.245356353154594031e-01
3.612520656575176070e-01
4.429740380186102944e-01
4.043889503635088589e-01
4.475994939562304986e-01
4.937541841964366296e-01
4.379753914587051211e-01
4.179670092373123369e-01
4.314501821420606009e-01
4.140173054602513947e-01
4.222645908939209325e-01
3.720397128943273568e-01
4.336334353906899919e-01
4.336984744464033037e-01
4.261517395501595029e-01
4.055877801739907751e-01
4.341020165795280161e-01
4.503430917692282653e-01
3.958339141951445206e-01
3.645168227048242171e-01
4.624913554833495755e-01
4.725539473709829408e-01
4.153639540701702382e-01
4.097406434060929525e-01
4.005889726629000558e-01
4.343867777030863686e-01
4.583404508068427696e-01
4.197113608187710843e-01
4.396048043340303746e-01
4.284860237626478829e-01
4.282676008901968867e-01
4.557546607178578624e-01
3.907885448633172665e-01
4.277707371441297757e-01
4.569415619647042570e-01
4.447204622290255593e-01
4.552305440863623209e-01
4.621651788146690087e-01
4.126105348748289603e-01
4.273771075484126825e-01
4.489439054102640769e-01
3.994957898929988316e-01
4.077849001699676013e-01
4.326170687797203929e-01
3.951349566565393601e-01
4.310205265481163450e-01
4.425832643742467210e-01
3.920885341534577351e-01
4.424862512380340340e-01
4.118907483666284786e-01
4.656283636131391401e-01
4.427582818608368775e-01
4.381883776259982155e-01
4.502973477715782047e-01
4.385318569727588711e-01
4.322193354881547767e-01
4.715458003836729972e-01
4.184826237225852674e-01
4.192943145879008959e-01
4.171851833019409317e-01
4.095404844092409014e-01
4.449690556631987204e-01
4.858231752832077310e-01
4.303905240671835886e-01
3.926560990163553977e-01
4.595653494216898061e-01
4.631773892540904658e-01
4.369738444702573887e-01
4.328487822315426614e-01
4.607090644222541220e-01
4.599396695669353829e-01
4.507597670375542154e-01
4.292918025035361018e-01
4.279005244425079790e-01
4.409132548965389864e-01
4.025884239433921707e-01
4.263003782731124014e-01
4.339239124067686970e-01
4.615791493713246041e-01
4.455944345999803824e-01
4.460120056852719950e-01
4.272893568784050244e-01
4.286701606992326941e-01
4.299456851429703796e-01
4.178771841499826500e-01
4.445098534876041896e-01
4.348907464834482761e-01
4.270581185026114390e-01
4.753175184193504377e-01
4.372987719350698299e-01
4.746914201756666229e-01
3.873180682407583730e-01
4.048371503537501193e-01
3.838962972593802925e-01
4.285547472371080135e-01
4.487124554797494724e-01
3.743273942211778893e-01
4.024894792614757688e-01
4.529733534830771569e-01
4.797881663639694261e-01
4.404850375674353447e-01
4.571523545000009681e-01
4.271841234490736383e-01
4.042719402101018766e-01
4.173465975259715854e-01
4.420829849902465081e-01
4.410351759970876917e-01
4.372099324166353052e-01
3.814828594936304218e-01
3.629794650705630010e-01
4.262496113958115229e-01
3.974922776499494881e-01
4.091351566831321618e-01
4.233293846113043712e-01
4.550760116801629285e-01
4.707192526708334213e-01
4.902088824011199830e-01
4.360949767601780547e-01
4.574065171387039497e-01
4.537878768808547569e-01
4.130583777998117490e-01
3.900296736650965546e-01
3.923362789103884696e-01
4.120678884781859841e-01
4.094037856893759653e-01
4.305372167272375483e-01
3.905425319638585191e-01
3.824169039928163594e-01
3.959646476006822291e-01
3.666045751469466651e-01
3.950806918198004891e-01
4.461823643664530326e-01
3.922871241831031308e-01
4.307636277847146089e-01
3.911309161625122766e-01
4.181237606321073774e-01
4.738446005580564946e-01
4.128306146047983627e-01
4.254883062972996677e-01
4.440740354858459527e-01
3.940249953684222817e-01
3.895253759633873769e-01
4.412746635959031161e-01
4.013251503192792891e-01
4.378282068268233851e-01
4.259997115789331268e-01
4.063651312741765609e-01
4.068313453471065766e-01
3.625543655985933311e-01
4.080470630220745520e-01
3.784837394005020617e-01
3.990144133044405406e-01
3.738242365138121914e-01
4.170290899619436553e-01
3.734333132009847178e-01
4.857003730780304895e-01
4.637708155386127684e-01
4.537459447812858260e-01
4.404081390577259114e-01
4.913937727846949821e-01
4.652898123697077892e-01
4.758209051062861072e-01
4.631491068552935353e-01
4.189482941214238143e-01
4.775722447350225774e-01
4.565537088822264611e-01
4.548977435341314823e-01
4.261211168079482303e-01
4.166336112707820782e-01
4.025865983957200855e-01
4.239155306906043919e-01
4.793681909973717126e-01
4.382611483499298521e-01
4.512944465896901458e-01
4.255760937185235626e-01
4.109818674561652729e-01
4.046833055165789950e-01
3.993146108305912767e-01
4.365287845606672379e-01
4.178626481927358860e-01
3.974192219161518658e-01
4.132088031427869623e-01
3.863306537603922175e-01
3.994367033247904764e-01
3.995395125474447973e-01
3.782876520035788337e-01
3.423767783627379990e-01
3.437787661306007103e-01
3.745760377996619206e-01
3.995917757958087901e-01
3.514605481953668176e-01
3.570515640113918754e-01
4.338859709721841207e-01
4.029671547432831513e-01
4.042482656701645305e-01
3.884084012838275868e-01
4.079691008982658240e-01
4.386936447050629462e-01
4.109941723360271970e-01
4.807651426075780776e-01
3.998148650556990757e-01
4.458843989597600088e-01
4.359618313309679971e-01
4.163520960454420439e-01
4.316830982127394800e-01
4.697811344282529222e-01
4.183347800998161170e-01
4.399467296671147332e-01
3.687702730899832249e-01
3.743384672975821337e-01
4.336168480517038071e-01
4.329764948865995611e-01
4.265405505607104963e-01
4.174979672819844612e-01
4.246186837070098918e-01
3.975749689735425529e-01
4.536003887377363930e-01
4.097836150360806284e-01
4.543853739603356812e-01
4.345978744374291991e-01
4.305695355002262525e-01
4.152725617286485149e-01
4.090381585995255809e-01
3.925392711014711322e-01
3.971846821538679295e-01
3.863267028888762167e-01
3.993288166244282067e-01
4.163721604819283773e-01
4.193360260245504456e-01
3.729835791911776943e-01
4.282481105704514235e-01
4.876831821550136614e-01
4.112716878755546257e-01
4.503121407830623646e-01
4.442715980186774383e-01
3.955058414523567323e-01
3.901537239773277821e-01
4.022029408281677654e-01
4.410231426348075745e-01
4.253422318435124416e-01
3.640629880443289612e-01
4.110207154614151093e-01
4.360346820105055476e-01
4.571422625680405805e-01
4.229913091699019634e-01
4.099109786245732634e-01
4.387215208419589230e-01
4.388419573246246097e-01
3.990125498325725606e-01
4.218277993215907018e-01
4.212927735459887635e-01
4.734690152104539251e-01
4.017847378668487623e-01
4.229834313221925157e-01
4.221661198439865537e-01
4.394048433997020386e-01
4.252529249144915147e-01
4.277214729115373371e-01
4.319869868656124323e-01
4.118441344836091256e-01
4.140896406049043854e-01
4.161627333353196678e-01
4.803479256049195678e-01
5.057497364648765314e-01
4.459147521155268357e-01
4.315009200986844595e-01
4.290313666210905374e-01
3.911669509320667704e-01
3.822907412241774994e-01
4.339388994179034786e-01
3.963911076116047316e-01
4.216045908397434983e-01
4.205070994754088187e-01
4.447917936134900829e-01
3.810104444196825146e-01
3.932786314799951444e-01
4.193003841272847643e-01
4.317424769091168790e-01
3.975163517033952210e-01
4.216893026864423910e-01
4.177610770526822837e-01
3.774275566836495233e-01
4.403455183200164491e-01
4.278990522857621381e-01
4.379192030030734095e-01
4.309826518893483671e-01
3.819370751410921527e-01
4.223668559663411592e-01
3.947502091571556404e-01
4.515136026566111127e-01
4.665589032898981858e-01
4.263449325559198755e-01
4.284825710653236142e-01
4.609568983054296853e-01
4.524180273954177545e-01
4.245510457507788438e-01
3.637929841357213090e-01
4.173689353674648328e-01
4.050654790729038002e-01
3.913856000113051237e-01
4.300694281672234331e-01
4.331892714549702705e-01
4.406393319276302178e-01
4.102257712358770569e-01
4.384849879190517719e-01
3.994333260671319996e-01
4.018673737827317405e-01
3.921424553478135566e-01
3.855607001371052500e-01
4.188177116046265525e-01
3.701155284994977479e-01
3.351213050703433227e-01
4.108460575034577622e-01
4.538744948308672256e-01
3.981024098277482492e-01
4.209559378401089846e-01
3.932973090380268433e-01
4.219948907630799440e-01
4.257982918540752504e-01
4.394503430458453486e-01
4.534694563892784358e-01
4.118470085928911395e-01
4.388021536092501784e-01
4.159933486194909436e-01
3.844602051698330358e-01
4.669770710312755035e-01
4.427672284759457955e-01
4.286625538150721781e-01
4.119579971220584946e-01
4.740854759149985553e-01
4.489073989046004076e-01
3.741094794222192266e-01
3.762978427532980286e-01
3.931829437274735328e-01
3.800738797360520560e-01
3.585202782455830239e-01
3.623606327368077418e-01
4.124962393628570645e-01
4.288590004288331259e-01
4.290223977750153295e-01
4.213573868409596912e-01
4.225047509814703339e-01
3.986370208675817928e-01
4.386359867951735714e-01
4.188532014965995476e-01
4.491831685155128207e-01
4.296652774488428639e-01
4.027393792844335407e-01
4.750000960916224702e-01
4.537374704309343754e-01
3.770286428394373224e-01
4.643925613407521857e-01
4.400471237652043843e-01
4.194181675787865271e-01
4.046725544141672182e-01
4.183970572725256298e-01
4.167587403890870013e-01
4.842684130460978009e-01
4.318892142883300478e-01
4.515289173835843606e-01
3.906280596251871517e-01
4.428248252303466637e-01
4.088068936224211747e-01
4.432405660216315879e-01
4.229008794178006903e-01
4.208135309249733669e-01
4.168854512076225483e-01
4.380290109555027844e-01
3.719856803249680377e-01
4.316917077983915552e-01
4.072821347935337011e-01
3.753863585594483521e-01
4.311875161159339775e-01
3.987944429535125179e-01
4.227422831439579531e-01
4.269889052552132136e-01
4.154013074614077428e-01
4.250537635302863992e-01
4.096103270745629077e-01
4.466862278431830147e-01
3.723457041003508383e-01
3.850724649555796741e-01
3.965302987616700636e-01
4.358987858891260059e-01
4.023196102382568529e-01
4.405529745927461160e-01
4.188392424672596204e-01
4.588974344441339448e-01
4.296895457735144808e-01
4.256665291863612199e-01
4.270585151447423011e-01
4.335101558013005896e-01
4.243996027908908952e-01
4.368405086788162972e-01
4.464597294594948029e-01
4.028827600040576495e-01
4.362177164747594871e-01
4.103204537765283155e-01
4.388698093784436649e-01
4.679463676385063331e-01
4.622416058127625793e-01
4.153923795129143559e-01
4.427329706733244552e-01
4.418755317147197159e-01
4.867149255625008442e-01
4.196589535656438108e-01
4.120207053410558373e-01
4.001353213483743732e-01
4.402683017434380619e-01
4.543724907229805821e-01
4.388540886014211106e-01
4.042282533901795372e-01
4.076005979647652766e-01
4.244305417404961034e-01
4.369968309185814359e-01
4.125459596374119187e-01
3.997916657724013834e-01
4.378291987884475045e-01
4.302776201459325156e-01
3.940676428670937259e-01
4.331227919118786907e-01
3.852938719930426026e-01
4.111617069896857379e-01
4.728907540531775977e-01
4.146734095859743174e-01
4.317697752915716780e-01
3.861968080354378774e-01
4.148488288407289337e-01
4.390286088505243600e-01
3.979781333334351801e-01
4.196476527229018316e-01
4.399617289104145734e-01
4.063167075957434538e-01
4.132261835288053020e-01
4.288650415957591666e-01
4.357426158776158132e-01
4.168437151035657706e-01
4.514001823274002012e-01
4.325995991205636160e-01
4.252127496795044537e-01
4.075713633207363462e-01
4.128074628159996151e-01
4.574747275992844808e-01
3.951924763865610757e-01
4.514893374222130884e-01
4.365363233268090837e-01
4.361739648591636542e-01
4.463939607727989700e-01
4.905378048116698642e-01
4.153689431250534581e-01
4.633014906532140209e-01
4.563558151625066728e-01
4.508982887129998063e-01
4.428356583720732820e-01
4.708054289902541267e-01
4.401831414250104713e-01
3.954561531458949397e-01
4.108187526079718488e-01
3.969624097197728130e-01
4.455703572865651330e-01
4.091263221538777306e-01
4.767329879271141047e-01
4.272125671862036511e-01
4.302941906252134574e-01
4.226494849680211829e-01
3.966109376118978624e-01
4.067220810198918790e-01
4.508038832770286941e-01
4.384467619739925714e-01
4.222136704427532083e-01
4.225591268646274878e-01
4.376892173270162667e-01
4.382360265602083249e-01
3.941519474709980209e-01
4.232209735447498011e-01
4.053808323606593045e-01
3.709366150224358560e-01
3.789726099865071141e-01
3.420604141959974198e-01
4.287614218350599415e-01
3.691968948588136290e-01
4.124529757803340191e-01
3.861194765720614708e-01
4.239100345471037978e-01
4.295598648028858269e-01
3.751994455273334195e-01
3.649759386159576180e-01
3.708179097746994168e-01
4.120527618094946831e-01
3.701575079728642859e-01
3.199566351329520275e-01
3.719890948064763503e-01
3.608723160992224899e-01
4.073736309975498626e-01
3.949154130092099590e-01
4.073350907722039227e-01
3.220497368792833437e-01
3.944096431592601926e-01
4.159026322332032288e-01
4.149624345080195065e-01
4.464805361560988395e-01
4.025940194935910266e-01
3.660643671101123653e-01
4.150496616326371235e-01
3.885245573116177242e-01
4.061162497982890862e-01
3.959495239408172829e-01
4.287135629439278728e-01
4.457049532520066526e-01
4.227738724750512156e-01
4.539089184040331904e-01
4.311575278759472440e-01
3.808346944379550902e-01
4.143928732651572799e-01
4.244604307368044505e-01
4.575614542873271406e-01
4.499653946736392185e-01
3.781583818239770967e-01
4.503809947202530028e-01
4.191902326912329557e-01
4.466469993577811826e-01
4.334343973152001150e-01
4.044233677284379547e-01
4.339485978922951182e-01
3.965031548028596919e-01
4.100995509953540008e-01
4.157962332820820950e-01
4.139319052631963425e-01
4.386152122143741616e-01
4.339896987938539619e-01
4.173766267893017634e-01
3.861774286973941317e-01
4.644593298653717506e-01
4.105346179135687668e-01
3.986339166253328181e-01
4.246514997507336298e-01
4.234481350001089162e-01
4.236047684602375352e-01
4.549802534436184209e-01
4.463221243172988961e-01
4.599005015961669662e-01
4.489787800761253500e-01
4.826227591072544398e-01
4.174112965362228866e-01
4.496060274351958985e-01
4.064856543939215916e-01
4.314233269490006517e-01
3.379507691989371843e-01
4.088282487007862676e-01
4.395191043876322534e-01
3.869367710155667273e-01
4.578002208443618382e-01
4.260091890465326769e-01
4.628293540960885522e-01
4.501165268101166017e-01
4.042164225594960247e-01
4.157568028997313259e-01
3.953148180518318844e-01
4.269719947115453440e-01
4.541391655588672416e-01
4.639927230694179672e-01
4.038008982569386562e-01
3.850417189861944922e-01
4.153286936036476029e-01
4.475018241039910305e-01
4.546716346246724716e-01
4.253763141361521782e-01
4.119854054943117849e-01
4.251582789483046021e-01
4.010962547127370770e-01
3.939712025007797713e-01
4.205962399463091250e-01
4.298929003455841391e-01
4.461935562800206645e-01
4.250368924368302381e-01
4.376835545297377839e-01
4.079792218987075003e-01
4.666281250552579141e-01
3.848247462460114843e-01
3.899841127244598193e-01
3.991824480634549310e-01
3.694941868088147396e-01
3.733917229635533297e-01
3.548504105459826530e-01
4.021264413809991778e-01
3.525835948745709159e-01
3.955144086944007431e-01
3.688743834563550927e-01
3.720774099250049871e-01
3.916336471709265799e-01
3.622511330486630210e-01
4.166566894847004154e-01
4.188746906728786912e-01
4.509699502123115655e-01
5.242788599540603167e-01
4.305999548522529419e-01
4.415438086852071509e-01
3.877143291973930150e-01
3.829772484923067433e-01
3.731156909185803783e-01
4.285133033589115237e-01
4.160871536775889723e-01
4.461777844549550398e-01
4.066076212820182167e-01
4.636311418215831592e-01
4.293011228445700045e-01
4.302482478041683711e-01
4.228745250814545664e-01
4.392428688006380089e-01
4.064435154093575808e-01
4.033660629573127543e-01
4.125351052190164292e-01
4.133744573646320752e-01
4.258127282385540391e-01
4.223338729998464269e-01
4.244464403135302932e-01
3.575233962278758781e-01
3.903357728316691477e-01
4.030584044899013230e-01
4.063432326512760318e-01
4.364901941714149913e-01
4.179555907262862413e-01
4.446111091138594817e-01
4.499455240620844898e-01
3.792305246617838077e-01
4.129323572529098874e-01
4.377103607179779754e-01
4.591682822851724799e-01
4.280776472476099936e-01
4.158917602958303594e-01
3.982879008969157919e-01
4.170962483381140395e-01
4.114058511009981434e-01
4.328863365313829203e-01
4.659672064853156437e-01
4.095388543646276136e-01
4.393149515210179601e-01
4.086801168955638830e-01
3.957993721431663503e-01
4.107596497045569173e-01
3.836572098965171373e-01
4.276546486312566842e-01
4.019313128088768394e-01
3.866463698667724769e-01
4.437624535445126583e-01
4.254239472788071130e-01
4.579278076841873379e-01
4.483694280663111376e-01
4.080538025873685082e-01
4.260373651853258115e-01
4.183760774454077236e-01
4.111315428997407428e-01
4.130837350413848474e-01
4.617276022261998514e-01
3.584683927666309500e-01
4.289789143143287742e-01
4.135477487367568705e-01
3.849652324277409998e-01
4.303988063562526056e-01
4.017641115364297688e-01
3.954446247562098948e-01
3.756875985899227888e-01
4.213206544490775696e-01
4.455288583289101489e-01
3.718883714843378430e-01
3.713943206786753937e-01
4.494644791779912607e-01
3.725370428846245252e-01
3.786206264098017638e-01
4.025310286168392593e-01
3.791704373486379231e-01
4.125668270156931383e-01
3.845344790390459178e-01
4.510745124798322125e-01
3.864912013804893132e-01
4.353343924536372533e-01
4.044387178129283944e-01
3.620041574613404589e-01
4.594502797038366726e-01
4.322839307833080680e-01
4.178529676850945007e-01
4.292580352661312659e-01
4.288671926474119100e-01
4.070828277596167943e-01
4.017454153418719143e-01
4.726530399129358351e-01
4.059618560440252932e-01
4.231420241402980564e-01
3.913078990005866564e-01
4.199234856597137688e-01
4.038943847533479348e-01
3.905217842440031895e-01
4.110821169353621740e-01
3.963164562811658520e-01
4.144626794435743444e-01
4.146344012216688912e-01
4.340511615915032539e-01
4.230215138936909702e-01
4.060103972857355137e-01
4.470476526054700250e-01
3.951060572866476051e-01
4.442966929457217162e-01
3.758780669811630504e-01
4.127568247271670154e-01
4.129486309725881599e-01
3.788843889815617372e-01
3.833971723423298394e-01
3.935964015984244613e-01
4.156577069321609752e-01
4.194740683305258622e-01
3.964779496307800910e-01
3.655214601789601447e-01
3.538514293312372549e-01
3.636876395725544553e-01
4.157013535414756378e-01
4.333123340260019440e-01
4.282152620529238174e-01
4.274213706896186071e-01
4.602711098607323859e-01
3.934057314092229696e-01
4.331164784556043035e-01
4.673500705325151494e-01
4.418418020610521690e-01
4.236308577216385540e-01
4.045316043277953910e-01
4.116464815534885413e-01
4.069954855427298512e-01
4.493315136339143256e-01
4.567262336769579711e-01
4.697241691485715132e-01
4.502205216260320442e-01
3.925131946841206032e-01
4.587005668482355136e-01
4.432836617409204871e-01
4.095456648572319280e-01
4.074386825042829452e-01
3.818867057156045686e-01
4.390817461177985992e-01
4.524485039566421007e-01
3.760446591777246161e-01
3.977383440489188349e-01
3.983810177883762016e-01
4.382243215104014156e-01
3.919900500238506780e-01
3.981012636442677888e-01
4.122300882963034208e-01
4.348154854267780589e-01
3.881376884748318767e-01
4.340021326437251137e-01
4.496592236609143201e-01
4.439759442751213814e-01
4.125585483764039885e-01
4.210740762017813332e-01
4.330699780520863018e-01
4.641865404371100512e-01
4.710351922415910164e-01
3.993817204546112887e-01
4.031966888980116903e-01
4.481582086783439389e-01
4.144360006512854966e-01
4.236388621248809438e-01
4.237460998407818757e-01
3.963204179519845827e-01
4.139124151047313682e-01
4.695292428552039765e-01
4.283963712290559944e-01
4.072577590893336486e-01
4.097598632143312769e-01
4.182048139471853387e-01
4.174462728307520298e-01
4.420928261717237406e-01
3.726032841893226477e-01
4.166523197156064007e-01
4.404135194385535024e-01
4.299288422620196060e-01
4.192131515127804353e-01
4.028476213890218038e-01
4.124756050658197060e-01
4.232620804101082101e-01
4.123716167853563319e-01
4.192904258626860559e-01
4.533933667952735336e-01
4.078984525034329289e-01
4.364688209450710010e-01
4.351281698342417403e-01
4.395736730846416251e-01
3.916071876500176741e-01
4.812181790031266893e-01
4.327950425656708067e-01
4.276145007600467562e-01
4.498842711773252678e-01
4.156835416108122239e-01
4.327828667781311034e-01
4.227109453519194981e-01
3.939982122050277868e-01
4.584650108069577845e-01
4.090505486604421037e-01
4.229806821997856847e-01
4.272265757052478019e-01
3.726328569522122658e-01
3.908168008205040733e-01
4.191008574965183753e-01
4.397378238138714979e-01
4.296197113639164122e-01
4.155450057864010227e-01
4.311008976795233649e-01
4.594376239085741220e-01
4.220765437029873057e-01
4.233221189872814483e-01
3.781815142239689509e-01
4.458274474170764723e-01
4.381163763465351635e-01
4.289681025002629600e-01
4.084930488917939972e-01
3.848364270034086987e-01
4.177933896338731912e-01
4.167070276849088595e-01
3.862746877489296460e-01
3.878863349134346605e-01
3.867889674858947524e-01
3.519502225900245085e-01
4.266578441177775738e-01
4.302644781113111327e-01
4.045572620766691996e-01
4.357072964499602019e-01
4.537469806761980085e-01
4.261527381284155314e-01
4.612817827043792507e-01
4.393423804841989355e-01
4.462874418264034526e-01
4.166483915863694043e-01
4.447528717801986220e-01
4.315610025901073787e-01
4.458377495070712793e-01
4.323882698372192857e-01
4.244219932913884663e-01
4.212162569852538896e-01
4.263397428598647565e-01
4.396121814771687397e-01
3.715157347971199120e-01
4.335988808657583737e-01
4.271647172698802009e-01
3.895392714387327371e-01
4.602978653260769715e-01
4.668526050815525741e-01
4.698575841888704141e-01
4.350940592705515586e-01
4.639772354727008108e-01
4.020554649613940490e-01
4.247846146851892990e-01
4.113862385115031328e-01
4.221911598712996261e-01
4.055373258653945934e-01
4.264734332210906587e-01
4.675700801676324625e-01
4.365447745977840133e-01
4.520733193276261774e-01
4.146178401929598301e-01
3.626197059298552627e-01
4.410751947477931645e-01
4.408135615282322006e-01
4.363433149553019863e-01
4.326399490060305331e-01
4.484656813548050236e-01
3.952136663052789878e-01
4.061509782765007071e-01
4.718776082041594155e-01
3.949436392053315981e-01
3.803037678413903055e-01
3.885695786766288906e-01
3.823795675428051100e-01
4.176655854154754377e-01
4.591768915275049601e-01
3.826372130465443555e-01
4.015721309955402329e-01
4.220206982831568587e-01
4.215551032130666065e-01
4.032562227081183948e-01
4.018102571169838155e-01
4.524059929893134990e-01
4.300521915510985282e-01
3.903633232879697990e-01
4.125492370934656927e-01
4.243580865144388481e-01
4.531682925692734343e-01
4.104490064034189145e-01
4.270084518174872001e-01
4.494231336719307635e-01
3.937300239311702366e-01
4.225226519685776339e-01
4.372437998975173268e-01
4.093589691802685393e-01
4.030483986702944055e-01
4.200348379558674905e-01
4.172742635103252051e-01
4.316213793901114704e-01
3.809977515442271589e-01
4.368892223852923751e-01
3.774719956986495872e-01
3.860896982698889257e-01
3.967412590661878458e-01
4.189981544003901215e-01
3.848502109196410559e-01
3.897022293596729137e-01
4.186660130219923004e-01
3.905559204962785191e-01
3.708342590772857328e-01
3.654508805011594252e-01
4.108733523017171763e-01
4.505390779116639210e-01
4.185233691283203883e-01
3.954964997158018636e-01
4.069375073751431704e-01
4.160525524551392795e-01
4.632303332539932650e-01
4.394713862497481860e-01
4.399027859051838352e-01
3.981860582927754244e-01
4.380820344978665348e-01
3.973346653926685956e-01
4.514128335974306738e-01
4.387828442951834385e-01
4.033931938721146970e-01
4.228991136642378801e-01
4.473440984800906572e-01
4.364256207297761980e-01
3.684085617377389488e-01
4.078919636373266600e-01
3.923505066165864918e-01
3.953346179641316627e-01
4.283182865614547086e-01
3.401744491422649119e-01
4.020131256145564325e-01
4.139835470692566632e-01
3.834747174854845619e-01
3.819171764873622310e-01
3.701726526192996580e-01
3.643704031656301301e-01
3.894355938917835602e-01
4.025593831497708552e-01
3.326351934373499297e-01
3.861142473782319673e-01
3.906584713061835301e-01
3.944833729349066509e-01
4.217745889261121928e-01
4.659083989825342775e-01
4.137267026821990767e-01
4.777755086039719434e-01
4.110102012124676740e-01
4.506736221769055972e-01
4.187384162865712689e-01
4.164607764642309640e-01
4.416455885336189047e-01
4.705243699617074338e-01
4.311014241574217531e-01
4.231627316070040723e-01
4.598838997684850383e-01
4.430097984386532350e-01
4.037135297535293099e-01
4.131136619559465650e-01
4.222225546437680666e-01
4.168505083315121595e-01
4.067888549541454069e-01
4.653052633260719162e-01
3.929066679759988800e-01
4.132511230701761962e-01
4.084550432051967661e-01
4.198386610489255877e-01
4.309957303392693562e-01
4.247825809457609347e-01
4.044159911504284777e-01
4.491650901011416952e-01
4.182394102572132843e-01
4.303459351445337311e-01
4.016880593885590600e-01
4.428147063768461122e-01
4.506689892949344856e-01
4.469989315189133450e-01
4.337751038802507564e-01
4.081554532983223682e-01
4.405740131855055419e-01
4.550359016279743596e-01
4.469321636090575200e-01
4.398561053386699782e-01
3.450498288827102411e-01
4.334586250145096020e-01
4.345603454887614348e-01
4.002852371912847818e-01
4.053227957320970076e-01
4.431398233323555758e-01
4.311668246473208121e-01
3.840990809590343336e-01
4.347282458572910846e-01
4.166426721275309220e-01
4.130456197627204729e-01
4.165759790081069447e-01
3.894249157133415351e-01
3.809349663014494070e-01
4.217262360703972757e-01
3.939462644975340599e-01
4.406560297386638014e-01
3.956732227659046086e-01
3.873603439679911276e-01
3.956621547809892059e-01
3.948821195899788750e-01
4.360044671642246961e-01
4.347660825876557000e-01
4.537910114008515405e-01
4.080392736921767405e-01
4.523136417146897403e-01
4.726823925914231950e-01
4.463117224296784813e-01
4.308061186924822539e-01
3.929773846334222998e-01
3.955293647026212334e-01
4.896529015951170960e-01
4.292519668642891806e-01
4.462200267534351394e-01
4.533161202236721810e-01
4.258128835319515137e-01
4.294367524637920930e-01
4.263277630495453385e-01
4.653495992594682273e-01
4.447275251391671347e-01
4.303418204640453437e-01
4.555127209376844122e-01
4.168152314053792384e-01
4.142175198540534176e-01
4.057453265795153974e-01
4.666048353462570741e-01
3.801830776612111773e-01
4.085052873971765641e-01
4.398734680150678811e-01
4.183847545667737089e-01
3.755667818524308088e-01
4.383009586563504367e-01
4.346997535440448313e-01
4.014426153887652449e-01
3.826462828048192710e-01
4.257660326936930084e-01
4.179371811832536254e-01
4.030745835967611823e-01
4.073244412587005425e-01
4.050546753337907480e-01
4.333137740595690013e-01
4.283981033323079890e-01
3.878008366239917848e-01
4.005753539708968858e-01
3.920398428088588960e-01
4.088231270020930008e-01
3.677388650146483084e-01
3.415759075827273783e-01
3.451344014029000817e-01
4.063627234948627431e-01
4.266711775749308933e-01
4.276042196618905500e-01
3.828203506480149509e-01
4.399979057794199400e-01
3.885828319788773300e-01
3.998587171698566034e-01
3.584385865466542809e-01
4.230797704748729404e-01
3.948397712062003961e-01
4.078797705504342841e-01
4.284632695011181269e-01
4.085117349405912868e-01
4.313530604667179524e-01
4.261105472372873626e-01
4.110748389216035692e-01
4.364814015707079164e-01
4.131098702945823486e-01
4.284734542798544488e-01
4.260982217025602314e-01
4.186194141091612031e-01
4.078287312821946564e-01
4.101405692787162272e-01
4.546500663733161196e-01
4.690094642929978908e-01
4.227787462002082775e-01
4.353513437038009082e-01
3.975938899274318317e-01
3.980847428120701248e-01
3.746661446651549099e-01
4.006836611937797943e-01
3.872583205483828839e-01
4.360624032084888246e-01
4.438691925741808930e-01
4.654964606842403874e-01
4.277558340344006504e-01
4.581503944262494410e-01
4.273803651496825839e-01
4.273568455947026057e-01
4.533787011729490946e-01
4.676179380552867304e-01
4.426473445744006363e-01
4.931915389242996217e-01
4.710806581102878199e-01
4.272464577397733776e-01
4.383924474439487295e-01
4.353050777361704982e-01
4.172020617873359871e-01
3.956461123203579566e-01
3.766828170438561996e-01
3.993188170873651077e-01
4.106441913714887759e-01
4.051434964859185195e-01
4.119157893773722767e-01
4.576718010254671176e-01
4.491108656949924782e-01
3.790338804017743812e-01
4.249008142379691599e-01
3.868225606996669730e-01
4.045201947565542633e-01
4.320699264630331604e-01
4.116790273968365388e-01
3.982501472700812339e-01
4.264094858010334943e-01
4.215294258177043618e-01
4.335627020599621684e-01
4.155716877532612541e-01
4.341245464533199372e-01
4.264146113053409182e-01
4.360526500247923209e-01
4.397849189763001765e-01
4.543416312527137624e-01
4.252288936033499223e-01
3.947799879701448522e-01
4.547171834802396506e-01
3.989458708423499478e-01
3.998383345281486534e-01
4.409645494974326896e-01
4.838975216385176803e-01
4.819036034909915389e-01
4.235080572054111814e-01
4.471098553069173254e-01
4.451898016365981037e-01
4.641954355693435064e-01
4.521158275607876642e-01
4.367033043897696198e-01
4.459219491690188941e-01
4.650883394390533110e-01
4.281688287510074797e-01
4.310491859870288489e-01
4.511052557035973853e-01
4.075706334681740706e-01
4.007589756343891696e-01
4.310032009397273267e-01
4.179808547208582192e-01
3.968497667389430106e-01
3.985702031054581540e-01
3.691321696329711299e-01
4.333759347185852095e-01
4.037848438085490654e-01
4.489751713610499739e-01
4.100390648510660041e-01
4.657637713292788195e-01
4.499495705988874050e-01
4.065844049659025905e-01
4.103805526539195947e-01
4.500887589220433083e-01
3.867641015738930155e-01
4.049063662807053654e-01
4.426188408924858764e-01
4.155144835529745451e-01
3.880603452913483631e-01
4.195720594575261808e-01
4.123980153005674110e-01
4.056864705295721296e-01
