4.547587310095414503e-01
4.777115816904167200e-01
4.616390726094842800e-01
5.278867287152524401e-01
5.045863362052883661e-01
4.799013611899266563e-01
4.751222485454636990e-01
5.211397589630349936e-01
4.940233381605048657e-01
5.204527701639698467e-01
4.871265119932057241e-01
4.987863757565387801e-01
5.083347147942854916e-01
5.243460133853889982e-01
5.130248396711802883e-01
5.414240006507160530e-01
5.107007575368505137e-01
4.836535787397011621e-01
4.994904144059470474e-01
5.041769965744731241e-01
5.072918833145599882e-01
4.935857353567155159e-01
5.223382616499134823e-01
5.071414894838778276e-01
4.923044754882125451e-01
5.070155667910959396e-01
4.504056858911781314e-01
5.013730218553990037e-01
5.118770200414916038e-01
4.609780893624232379e-01
4.990655399350649724e-01
4.958401437682974366e-01
4.666774065735196375e-01
4.822714202073234979e-01
5.012868367745962894e-01
5.062112966071525832e-01
5.117640318562316493e-01
5.287698351778460371e-01
5.307504807562155591e-01
4.966825878916414361e-01
4.971530646376544627e-01
5.409312123388754223e-01
5.033838744717465952e-01
4.826957270205161077e-01
5.077649800196200047e-01
5.176031625949480963e-01
5.033282481158652955e-01
4.826557704387215431e-01
5.468597411706334066e-01
5.600346813903761545e-01
5.388553230428262397e-01
5.045735007841747333e-01
4.752227625729393279e-01
5.119738399812515661e-01
4.894965529057915821e-01
4.588393572254813035e-01
4.384902466696806167e-01
4.622841801699947295e-01
4.692426807115714360e-01
5.315246308893244453e-01
5.111184594327949915e-01
4.852045178657519164e-01
4.456876861400024814e-01
5.026436772005486997e-01
5.082567834532003559e-01
4.852393730202754218e-01
4.906072920591116882e-01
4.789896410916503200e-01
5.122131223724450955e-01
5.359334204151915415e-01
5.264442875043578995e-01
4.942553608589343450e-01
4.838071404816095544e-01
5.551408592487059313e-01
5.396808819369526278e-01
5.363390021358859228e-01
5.205975325764301553e-01
5.294115655482202198e-01
5.388885591778047601e-01
5.312606893177213019e-01
4.558692429845411787e-01
4.963261007352994802e-01
5.253392724038355999e-01
5.161710447177101369e-01
5.390115835543002332e-01
5.728103248987054252e-01
5.310190532645804318e-01
6.107421466363570639e-01
5.491888470385838383e-01
5.231465388857795551e-01
5.419070234330549685e-01
5.716733941019941367e-01
5.558904253202885393e-01
5.108759068519088675e-01
5.536018792067871619e-01
5.170734485244004031e-01
5.188730224624592546e-01
5.469583555379592399e-01
5.751335756484412531e-01
4.756050000438026282e-01
5.336309852736451642e-01
5.542279016559882310e-01
5.277113658569853039e-01
5.365295520120412220e-01
5.386300238834519361e-01
5.171015964344570781e-01
5.266638377129755355e-01
5.158824575095020126e-01
5.106134745644436146e-01
4.950214514312386571e-01
4.767513067188647313e-01
4.945041372576306493e-01
4.501741747254762727e-01
5.098376567358859912e-01
5.242551767981740163e-01
4.950756757587118084e-01
5.267558488364475489e-01
5.076555476599592387e-01
4.748790742779622764e-01
5.178418255334273912e-01
4.542132734931973448e-01
5.379146106781960146e-01
5.095114666325544217e-01
5.427057403264577973e-01
5.296375668107440315e-01
5.437847606422718805e-01
5.209366048265080540e-01
4.976400904649258550e-01
5.182747978571398129e-01
5.434371816596960114e-01
5.474125315730257180e-01
4.868289000163103508e-01
4.611623195136917430e-01
4.458836766216808245e-01
4.436769746170221573e-01
5.122880333479084003e-01
5.045980798669520428e-01
4.960689941183034635e-01
5.310863667283249878e-01
5.004365297979429528e-01
4.965753222367742525e-01
4.416307090494606680e-01
4.849567849841389666e-01
5.234000581270106256e-01
5.043590121509502477e-01
4.988470329703502126e-01
5.008893056574557079e-01
5.280555828647475192e-01
5.244238431759444818e-01
5.284491929058229287e-01
5.461098585491126478e-01
5.449979662538400049e-01
5.548954864379340712e-01
5.620676338594359223e-01
5.338400852049586254e-01
4.886054734291491730e-01
4.823784297277794453e-01
5.016307195503461047e-01
5.193504706996731057e-01
5.012087238126283761e-01
5.223572566692682440e-01
4.718012323528417706e-01
5.091776143875017535e-01
5.155099059754214563e-01
4.956519273442364648e-01
4.391239331400095258e-01
4.864721782604551903e-01
4.940891619852438299e-01
4.711709722286550051e-01
5.252815855665038391e-01
4.642687619212621519e-01
4.837583177678846380e-01
4.687072013073669274e-01
4.641390098390650865e-01
4.914029612700858696e-01
4.704730923770766848e-01
5.135239049812294621e-01
4.859584140604645830e-01
5.016395703813780749e-01
4.825793591370387547e-01
5.274248841754531902e-01
5.090157962346080200e-01
5.619446649417574324e-01
5.109798715625226695e-01
5.754335029775247135e-01
5.428775807756246463e-01
5.298784323783537475e-01
5.171820675285654367e-01
5.334118223279029625e-01
5.222639891681432056e-01
5.539855700133176075e-01
5.201257315919910473e-01
5.458653386460743384e-01
5.293008435972321735e-01
4.889590374126600580e-01
5.451516425448065251e-01
5.557153117603117476e-01
5.118879835224261488e-01
4.973950454021457968e-01
5.484142096608813910e-01
5.373156043016209527e-01
4.583277676020386382e-01
5.463129186250889058e-01
5.167980464232717619e-01
5.083846420924560405e-01
4.634501065707636314e-01
3.817146609214616682e-01
3.741688492655582676e-01
4.561072157999312426e-01
4.726424601248086499e-01
4.248261380862922709e-01
4.765251500516777261e-01
5.030779283763423537e-01
4.807690752939471346e-01
4.897875659032644435e-01
5.352780993893737627e-01
5.319750169470737200e-01
5.418007694543377495e-01
4.710377628818641638e-01
5.183615255160244351e-01
5.208095553716346471e-01
5.467179818347308595e-01
4.929526855565317112e-01
5.234585700567543354e-01
5.155752161658423427e-01
4.744987968254075761e-01
5.247560161709377002e-01
4.602559481291902399e-01
5.366181781808511131e-01
5.116325913423164229e-01
5.489042617801109802e-01
5.568474534075000815e-01
5.348966694216582551e-01
5.164601566092729135e-01
5.104613432622863156e-01
4.738437605476730208e-01
5.317989200251567183e-01
4.732440639036113450e-01
4.943905512580875627e-01
4.799788630442026749e-01
4.488067265273594786e-01
4.959326816786172598e-01
5.320122838123906295e-01
5.249861645143152344e-01
4.739397085333040827e-01
4.958716372382208637e-01
5.666439031003053239e-01
4.988193612506049424e-01
4.605490889813039779e-01
4.805856425089430339e-01
5.051296157869401560e-01
5.175618947505977729e-01
5.167204949496689848e-01
5.220251732973454351e-01
4.936341151487803613e-01
4.706136864566838884e-01
4.923027575879824203e-01
4.888395973696880170e-01
4.396011734242420421e-01
4.994842222918252084e-01
5.127630182292364225e-01
4.674039641189499106e-01
5.314151076348159197e-01
5.199453216400975464e-01
4.745168175832776836e-01
4.851489170003208118e-01
5.447007140814934534e-01
5.079957326432327225e-01
4.932215516624189333e-01
5.009361517484212101e-01
5.017132265824163495e-01
5.185598630775690721e-01
5.091784819851450372e-01
5.457491290747276125e-01
5.651442401198379928e-01
4.548509340907119780e-01
5.151495786038743363e-01
5.098541191307150999e-01
5.114577559502803128e-01
5.600893044079152672e-01
5.091913124548527181e-01
5.359835771472440946e-01
4.763307820442209684e-01
5.265093896854043942e-01
4.958024619879418671e-01
5.143409775722830313e-01
5.065294807462215054e-01
5.207454816513366058e-01
5.137341945140969646e-01
5.542003477841869197e-01
5.347157501171574401e-01
4.963780892016427249e-01
5.320914208792565381e-01
5.127352516231560298e-01
5.448474506572278386e-01
4.949935334196978731e-01
5.223735751482935230e-01
5.413235630200464721e-01
5.056648791297128076e-01
5.267174871906069589e-01
4.855605961064417553e-01
4.721307641314273496e-01
4.699571756886822271e-01
4.992094014379762079e-01
5.398869985244983960e-01
4.540567067364027487e-01
5.365630983562930112e-01
5.268957390150081910e-01
5.312191021025705062e-01
4.731639870946492410e-01
4.997567816275825803e-01
4.863964198173185705e-01
4.840608763750572363e-01
4.418072941845183066e-01
4.295654894056354367e-01
4.799766420461733518e-01
5.155329496479015283e-01
5.080268651621834275e-01
5.072666566430987789e-01
4.706660010107892589e-01
5.062300172265350451e-01
4.920053887821230765e-01
5.106099689406091713e-01
4.909928126149614713e-01
4.886634303464040263e-01
4.830265972575927269e-01
4.801445022301936705e-01
4.991241609559329828e-01
4.775955081012366321e-01
5.146529089417712921e-01
4.961950731678408943e-01
4.873162257457607227e-01
4.815787405115811159e-01
5.263292813054325503e-01
5.126090914958281175e-01
5.064358188738509181e-01
5.125073949609888491e-01
4.785217982372421686e-01
4.399180521428460167e-01
5.483637452114108468e-01
5.169053981024196442e-01
5.336498058784282517e-01
5.248965975609460877e-01
5.205188713520947363e-01
5.289145696190137302e-01
4.961951892415492615e-01
5.609665310992084652e-01
5.266260351227178838e-01
5.421233516581381862e-01
4.805411639520461020e-01
5.072428773550047287e-01
5.634598742943812688e-01
5.510574697078681750e-01
5.129299839307760456e-01
5.451645822252028095e-01
5.250577834272470712e-01
5.256992974051146739e-01
4.941225795912584373e-01
4.967828195860998775e-01
5.536131563605988237e-01
5.341663334398788487e-01
5.068736801038568052e-01
5.123467837379398482e-01
5.227108642473254907e-01
5.479270314471188508e-01
5.532734805451446913e-01
5.654399338261424379e-01
5.493844363863947811e-01
5.466052383168170659e-01
5.372911433306651885e-01
5.331125553144148155e-01
5.349738729280602012e-01
4.935617366255509730e-01
5.201260044503800417e-01
5.283855597757218803e-01
5.077060913704360967e-01
5.112230313290857531e-01
4.983393882086465387e-01
5.563005906604386874e-01
5.060644394473133856e-01
5.155739844713886910e-01
5.156151602820575608e-01
5.558745397213127326e-01
5.119206689494325557e-01
5.204250246134790592e-01
5.350024936999495662e-01
5.544565025333949571e-01
5.222908016869410863e-01
5.503173516553354627e-01
5.343552968058894459e-01
5.351494621101704485e-01
4.935651655619005540e-01
4.955573423239337805e-01
5.033682480805226067e-01
5.125413351962638808e-01
5.305907284395597889e-01
5.381715443120679288e-01
5.083248262818610419e-01
4.672729939035508151e-01
5.222474957896607872e-01
5.067745925584300482e-01
4.977858988857846168e-01
4.877630386191805223e-01
4.883167303371351853e-01
5.512232809417102475e-01
5.222244967688317585e-01
4.726120086144510180e-01
4.981264359150608945e-01
5.072743057178934478e-01
4.697732701173626402e-01
4.545189459569474177e-01
4.609650870365101238e-01
4.637692878978291189e-01
5.268240952518805642e-01
4.898543515310571639e-01
5.088863285595859320e-01
5.188505625095900520e-01
5.085297856972976760e-01
5.268128556460264234e-01
5.454513692219696841e-01
5.538272114146161051e-01
5.376657830799459470e-01
4.715895742369989874e-01
4.974266271725410471e-01
5.018906234669437971e-01
5.401304979945731333e-01
5.063871780746868057e-01
5.377949304282263476e-01
5.217918463587112310e-01
5.270086487597631653e-01
5.530720917209993592e-01
4.568660689584997936e-01
4.906790653996621621e-01
5.262059466241184591e-01
5.099040144397767316e-01
5.160938446065370666e-01
5.509463638861424872e-01
5.327040049428302115e-01
5.097393864539504493e-01
5.611121587870862015e-01
5.465977995135373746e-01
4.980413645526756139e-01
5.568525051658178571e-01
5.288947407425519387e-01
5.067892089569518976e-01
5.337864548008125487e-01
4.539022285469002105e-01
5.413992312983002542e-01
4.727180592211966959e-01
4.896977733860959914e-01
5.095670024995011538e-01
5.109026178368170079e-01
5.353623289023815568e-01
5.257694374082254596e-01
5.364854276605369732e-01
5.109471329432184739e-01
4.724089996909606737e-01
4.649820512771185577e-01
4.623587175774194757e-01
5.127879232194851866e-01
5.084054567972116079e-01
5.449950786790584978e-01
5.276801043874045360e-01
4.918273276812197281e-01
5.090752949028884977e-01
5.280256487519854325e-01
5.022593449852141845e-01
5.087368159375138532e-01
5.143992069476441831e-01
4.969509680539883623e-01
5.049908920354088115e-01
4.840523370061285968e-01
4.702786842402337797e-01
4.870720721045044832e-01
5.525730493283618205e-01
4.795498644064541405e-01
4.567464860718524200e-01
4.940860087753323748e-01
4.864926071999322588e-01
4.702586542236417144e-01
5.504254093243369228e-01
5.130874334996637920e-01
5.227606761616249154e-01
5.453373793021663030e-01
5.185570283541394154e-01
5.277878152114728882e-01
5.072683737380847546e-01
5.639875676790357950e-01
5.246142614476935195e-01
5.529068468120990065e-01
5.365803092117452655e-01
5.203274857022923694e-01
5.178439521341207108e-01
5.118644263918792348e-01
5.661459533018287082e-01
5.598869175247395136e-01
5.465796583248184737e-01
4.999419905916659967e-01
4.888864915648372111e-01
5.319083724999534857e-01
5.056441520217964669e-01
5.058929541858623313e-01
5.081110285994131504e-01
5.117907288670491273e-01
5.178729627651885714e-01
5.257107056763881126e-01
4.838922696803349410e-01
4.978546347655011806e-01
4.960473216228141746e-01
5.538950773021303897e-01
5.503514407200531533e-01
5.441712583745940135e-01
5.703976562574641918e-01
5.456878866134076134e-01
5.620615906841709419e-01
5.680836881638067215e-01
5.100985937299984396e-01
5.429168916469566675e-01
5.236806031946882323e-01
5.342765425906176313e-01
5.488586034806810510e-01
5.173789585858568074e-01
4.986688276301038392e-01
5.312613438958756484e-01
5.093523299963168549e-01
5.075408032382651147e-01
5.472996697661611787e-01
5.204493409176959018e-01
5.490007507948783116e-01
5.178795536360167873e-01
5.131876575554636943e-01
5.439785866095947497e-01
5.230445680113621210e-01
5.453938507596198804e-01
5.129166900279051866e-01
5.281826094239825409e-01
5.425780520084083625e-01
5.212954787338007767e-01
5.389975945134419799e-01
5.579492367713674295e-01
4.331949616219086807e-01
4.904431805609813511e-01
4.921625233663142751e-01
5.130276270609112066e-01
5.503818469506029931e-01
5.274651956311523504e-01
5.062116142243585637e-01
4.890332918220506309e-01
5.271899170682410318e-01
5.248842883745509225e-01
4.839727382323459892e-01
4.922901376403752138e-01
5.076511558326077811e-01
4.908543831466700702e-01
5.424325848857582955e-01
5.358621751787754350e-01
5.396841855736322913e-01
5.551995584730345934e-01
5.027457366914812598e-01
4.850781866566105660e-01
4.472571198065559139e-01
5.018696513949473248e-01
4.772970774008349903e-01
4.825491520352829244e-01
4.910950345730997202e-01
5.064016069197623260e-01
5.326833220294324711e-01
5.397225559695280062e-01
5.741699677874327890e-01
5.160582433966292015e-01
5.259100953674005208e-01
5.704837599995205011e-01
5.282967622003569286e-01
5.281032720314031703e-01
5.461711631570685954e-01
5.139624423254908203e-01
5.523871599934176979e-01
5.372824115721436256e-01
5.315157251821913675e-01
4.987263946054434904e-01
4.738180965535669920e-01
4.683536800862996285e-01
5.168864988604577881e-01
4.633552109351530279e-01
4.751385856940021357e-01
5.458287411165902991e-01
5.152231087197435278e-01
4.792095277362321548e-01
5.163097332712478504e-01
5.104515210905039568e-01
4.600074825553328584e-01
5.137185733891901362e-01
4.539943664520437183e-01
5.378006212476610370e-01
5.208419598239361070e-01
5.382813552842906635e-01
5.181107941982137088e-01
5.154149302377645236e-01
5.499920569018459382e-01
4.954045891507320443e-01
5.660033981695646865e-01
5.610995334333088724e-01
5.556726997338924390e-01
5.299095254579262448e-01
5.439231343969601618e-01
4.884656026130334006e-01
5.072782028301994206e-01
5.110195297321409313e-01
4.785380475861639726e-01
5.298334434642288926e-01
5.503068267703231653e-01
5.042644341695965426e-01
5.111332027050328186e-01
5.018954106883426469e-01
5.209237310865387771e-01
5.129559079263806831e-01
4.967729588835678167e-01
5.220707766393303251e-01
4.624449688031781469e-01
4.978328768500490664e-01
4.757223621283817039e-01
4.676206609322418051e-01
4.946213276591540642e-01
4.657162926105197220e-01
4.794342067575761979e-01
5.136538894453579474e-01
5.490770298212306333e-01
5.459818620219079044e-01
5.027302010103897878e-01
5.248670797139005639e-01
5.051862020346359339e-01
4.961644890855348433e-01
4.843010533639622861e-01
4.436632497688759447e-01
5.424530157091470572e-01
5.232463415317533117e-01
5.554858350920082177e-01
5.170644837128263172e-01
5.177804244098616060e-01
4.694052967684096411e-01
5.133897305671655253e-01
5.002466195137709182e-01
5.067408483845891043e-01
4.994127671883173969e-01
5.057401481832057843e-01
5.279532030361643313e-01
5.095629762008876407e-01
5.010728844120586611e-01
5.100110634447458935e-01
5.021641342527742857e-01
5.485027400494669747e-01
5.457602995366971355e-01
5.123497299002538474e-01
5.400938211470519557e-01
5.022074659340538538e-01
5.412241326803504116e-01
4.999977225525655267e-01
5.263534636994446902e-01
4.980361362970504024e-01
4.900194059190345341e-01
5.267571442721326047e-01
5.021184655666297569e-01
5.523773463904959602e-01
5.105891634750714392e-01
4.850041239322950282e-01
5.401735812164085715e-01
5.276194265021867391e-01
5.182450681573578244e-01
5.191118711958310206e-01
4.762940289575467445e-01
4.848025077801507154e-01
5.081736138527718216e-01
5.393217667894228962e-01
4.749152323966071565e-01
4.786048635865682299e-01
5.056498801973947632e-01
5.033133812869476920e-01
5.079071950625957399e-01
4.822175764516445362e-01
4.466688974732186401e-01
4.849715482729861082e-01
4.884010064512266380e-01
5.062520574372122439e-01
5.106914056551962178e-01
5.210879787742077607e-01
5.018332249462912342e-01
5.058536902733385965e-01
5.400416712084920023e-01
4.831060119951878784e-01
5.012474534762408895e-01
4.824554045017437343e-01
5.155405205494592025e-01
4.850162727085500225e-01
5.026112116011351993e-01
5.070419468625187998e-01
4.863314748133741316e-01
5.286923256939861648e-01
5.218873421999659090e-01
4.766037416636318969e-01
5.167557043334135569e-01
5.141593047793964200e-01
5.098280468371558793e-01
5.165763855698197737e-01
4.809580617367077426e-01
4.976038577920382511e-01
4.880258093587165891e-01
5.072380820798670920e-01
5.516255834595511498e-01
4.886419904284377558e-01
5.108918578550833978e-01
5.122433117994971141e-01
5.445041511925770017e-01
5.173324650769384192e-01
4.985449194799023154e-01
5.481233283712241278e-01
5.271707374650966837e-01
5.416396467483195476e-01
5.672162033686343197e-01
4.994017035476274735e-01
5.021615637735663551e-01
5.435737650976841806e-01
5.138549111870549524e-01
4.909017345484535944e-01
4.609842493091729221e-01
4.806361302406779723e-01
4.634919687142005085e-01
4.787852844704568178e-01
5.009103819757424469e-01
5.149810373192035273e-01
4.736173153846143791e-01
5.056468570167840237e-01
4.581938779898927505e-01
4.302433304100234945e-01
5.235552329095440882e-01
5.110081360327152211e-01
4.912428788824790837e-01
5.084495689393314644e-01
5.276688254086671082e-01
5.045943454957365626e-01
5.270571015225786748e-01
5.192472577699315250e-01
5.420451127389933621e-01
5.549938407119259232e-01
5.119612202432907155e-01
4.950160977007899699e-01
5.087307066023755153e-01
5.278333289118974925e-01
5.350337377180924836e-01
5.212224634789124345e-01
4.735195631196679189e-01
5.306017235270373833e-01
5.217358134448797369e-01
5.102604529408454326e-01
5.165619570225221668e-01
5.258844449177622060e-01
5.251904033339332978e-01
5.356194731732184522e-01
4.779880294915906935e-01
5.046822150175862554e-01
5.051836269789955480e-01
5.251442621957885803e-01
4.768060643751764749e-01
5.259148233530231975e-01
5.307507151999846240e-01
5.172531400017197356e-01
5.061876063082459964e-01
5.365894184877907369e-01
5.156033300343686454e-01
5.362128557079322011e-01
5.033333924773527590e-01
4.855041538504312748e-01
5.038840191929478962e-01
5.250816142747880555e-01
4.865980782351561063e-01
5.040790416570543053e-01
4.985271775812307182e-01
5.122362225785447309e-01
4.778322101680257949e-01
4.711240254857059773e-01
4.459207747760854379e-01
4.998739476049202102e-01
5.342610337371686002e-01
5.252325171127073533e-01
5.030828217065691499e-01
4.629783593681558451e-01
4.799826858614839042e-01
5.219528287422670054e-01
5.560678134649328364e-01
5.550465741921237761e-01
5.105929119769136992e-01
4.801922010875477875e-01
4.761927232090497619e-01
5.419625110615389207e-01
5.097625051440077826e-01
5.065086305564430180e-01
4.775750096808990541e-01
4.553043455731089484e-01
4.809466127846839245e-01
5.086212890838260892e-01
5.200695332822702355e-01
5.067375697430966941e-01
5.026757587683970963e-01
5.260276130560616048e-01
5.642135979412524760e-01
5.225548463230463847e-01
4.766889427140832969e-01
5.120748465651167036e-01
4.517703997568552898e-01
4.612498776448425430e-01
5.473885377965317378e-01
5.132579666969419030e-01
5.185380008140415553e-01
4.802807640516127408e-01
5.509318973967103350e-01
5.218413858934463079e-01
5.457496095732625729e-01
5.455491783411783313e-01
5.123215895754926752e-01
4.955063313323918028e-01
5.264911166565668932e-01
5.238919496717346913e-01
5.222652981517776904e-01
4.648120310382075071e-01
5.507468894139672111e-01
5.042780183064295985e-01
5.163562389888514126e-01
5.251194825082038387e-01
5.141742287516259946e-01
5.269934647717635645e-01
4.864535998674651140e-01
5.002839378341247256e-01
4.729496339418017836e-01
4.944087062569864632e-01
5.058951632064137005e-01
5.205593394846709243e-01
5.317156861508519627e-01
5.461633052714703895e-01
4.874904834689077759e-01
5.419232543305588790e-01
4.508667374409065509e-01
4.877696568829957835e-01
5.133647574142059522e-01
5.445183759824703262e-01
5.029083542817929242e-01
5.288763860713788789e-01
5.273128773459569985e-01
5.219889294845948546e-01
5.469697321566137083e-01
5.563143625844441109e-01
5.588375659219245728e-01
5.188473439959876421e-01
5.444911426123317799e-01
5.366720172272513301e-01
5.354829041339546070e-01
5.477893310248032055e-01
4.998867114192943606e-01
4.862921989530447076e-01
5.154907871389058371e-01
4.862448299521565098e-01
4.879443784750220336e-01
4.915217626336186307e-01
4.142143873390172204e-01
5.022030647337488718e-01
5.157414068684608166e-01
4.839166241203894936e-01
4.916908498971869768e-01
5.553018098834089367e-01
5.384880020383241428e-01
5.207489038180954655e-01
5.354134634910465707e-01
5.100323798555450594e-01
5.153642642741863567e-01
4.952535885317242981e-01
5.132808169124883912e-01
5.311926609945983868e-01
5.013211291197331443e-01
5.235277331706675863e-01
4.890953865857567417e-01
5.203907646773314744e-01
5.390270347579940724e-01
4.800134846857572746e-01
5.236065783138781349e-01
5.518339489853308910e-01
5.391154311188138815e-01
5.205969576969043944e-01
5.533416465079064039e-01
5.209759776071779536e-01
5.211283960574559782e-01
5.413393132184873835e-01
5.026845829279795730e-01
5.194681979217908863e-01
5.693189525548357777e-01
4.521553976599755886e-01
4.907679906519160085e-01
5.140761909433316790e-01
4.660120835370983317e-01
4.899462134307125405e-01
5.275807708111872607e-01
5.017868158957327074e-01
4.896758701940532310e-01
5.146421668831022700e-01
5.051272016538527199e-01
5.168248748302725071e-01
4.957861384536437210e-01
5.015569247533314678e-01
4.614772317051064054e-01
5.203290096128513342e-01
4.296457439201233353e-01
4.305600091958443065e-01
4.506728840159844873e-01
4.566507340411086191e-01
4.828102735795932188e-01
5.423794756812642115e-01
4.691575681313976953e-01
5.089729968436378371e-01
5.377210740711549919e-01
5.461500664053566823e-01
5.436202502462642583e-01
4.887080017127444775e-01
5.160975088926874621e-01
4.961285821167771837e-01
5.477314992116967263e-01
5.754111441270691740e-01
4.924891240885142518e-01
5.147056702273247186e-01
4.721254708305224201e-01
5.195279432699941857e-01
5.145080056173412242e-01
5.150029636199048300e-01
5.026967007749439942e-01
4.873468850987727197e-01
5.489145302070963517e-01
5.198259809169023526e-01
5.064573346571796808e-01
5.038013857131894424e-01
4.933777123753244620e-01
5.308998587196505081e-01
5.282924429745853301e-01
5.196010757875511032e-01
5.095401318749051001e-01
4.773887447006304741e-01
4.995224329717199430e-01
5.279394662483080092e-01
5.467978116849254722e-01
4.931210968821649332e-01
5.386735831774953631e-01
5.507474906616589561e-01
5.238967860445502556e-01
4.994909148060937554e-01
5.225125693195760146e-01
5.113286465691676552e-01
4.953791565233798266e-01
5.162314887192704926e-01
5.276118488158683117e-01
5.058963755525612838e-01
5.708649572618732515e-01
5.378472724710932074e-01
5.151966271246285478e-01
5.717079297464570109e-01
5.404337882885317246e-01
5.386828372391624375e-01
5.194929643604823122e-01
5.334739809011448397e-01
5.531492046440680266e-01
5.393568047745121996e-01
5.016895567216792529e-01
5.257117140348658291e-01
5.385001865182543757e-01
4.979685295639298404e-01
4.821161899317305544e-01
5.022686595891763250e-01
5.050448543298230453e-01
4.966763614089986234e-01
5.277823015663511974e-01
5.276498647793315122e-01
4.938775072611888972e-01
4.840075178308178017e-01
4.823721851580473063e-01
4.971194701348309319e-01
4.945435984714032229e-01
4.916601690314423845e-01
4.357537899098565259e-01
4.246861898858783624e-01
4.500964229673131700e-01
5.076194351262535154e-01
5.209284905006571487e-01
5.216522820644717839e-01
5.353920442631481258e-01
5.195503527700265911e-01
4.698103182866700811e-01
4.713185743021898189e-01
4.922663780459769489e-01
4.974521847324139268e-01
4.629780934399803649e-01
4.552452739369814427e-01
4.835525659585107050e-01
5.007483224660067567e-01
4.656311910140978894e-01
5.036364278319507282e-01
5.094711510567002666e-01
5.128482592977571253e-01
5.492100900396252872e-01
5.253629843448084369e-01
5.323747314207722958e-01
5.099023666407432875e-01
5.171005825252784627e-01
5.327832864880032160e-01
5.397799810307970514e-01
5.394310433410726136e-01
4.643298128584595341e-01
4.563120629590152744e-01
4.489923561089050885e-01
4.517579806416996968e-01
4.921043184240604385e-01
4.692993472224094020e-01
5.552134778502286760e-01
5.178880953098915496e-01
5.179488470869799688e-01
4.735070795655576537e-01
5.162906884937511487e-01
5.123804779251008856e-01
5.274571759696058404e-01
5.490577956703257545e-01
5.397129363565758009e-01
5.536646247670077292e-01
4.970390042557129573e-01
5.003356523678478274e-01
5.213500809667186431e-01
5.028696663652393317e-01
4.870478374697904123e-01
4.993385511896279993e-01
4.894215513068878032e-01
5.297976383597077232e-01
4.787422420107714793e-01
4.668358331480655377e-01
4.636628314355087377e-01
4.753067851221754458e-01
4.519276374972611698e-01
5.313850524571228640e-01
5.436232027984437831e-01
4.798952841513414169e-01
5.016062492846742327e-01
4.104988931061928081e-01
4.259825998197653285e-01
5.087690488826656088e-01
5.195454561846256647e-01
4.742585233418169510e-01
5.123669365969174549e-01
4.753720715626471027e-01
4.825344168572703318e-01
5.328634154488972596e-01
5.249224790692736953e-01
5.356406992625047936e-01
5.559803658807379589e-01
5.083554643042662580e-01
5.004689851541004320e-01
5.106431107861393315e-01
5.131736973671578994e-01
5.289370380967396423e-01
5.345810192287611118e-01
5.557490621149597798e-01
4.917910097447137918e-01
4.834893401257290280e-01
5.069139576941567027e-01
5.370197977252896271e-01
5.026962245967137033e-01
5.445515914076868302e-01
5.296933079116321608e-01
5.149465982564567224e-01
5.279874211154349517e-01
5.488440472693434380e-01
5.576536628788972827e-01
5.724766834590609976e-01
5.262170133977910336e-01
5.222403197448459711e-01
5.525804046887007326e-01
5.266200386974626557e-01
5.322399322315802817e-01
5.244445573575853281e-01
4.859705005380336451e-01
5.035094653575380441e-01
5.177657584701906845e-01
5.253464825729899923e-01
4.396472441711706258e-01
4.765949009803380210e-01
5.065459180937258443e-01
4.935971985844569421e-01
5.178776475888513531e-01
5.038665609485343255e-01
5.024451468592976422e-01
5.032065083833534569e-01
4.844330829833789487e-01
5.063512018798334013e-01
5.067683683028424424e-01
4.971589212861124984e-01
4.805285657918079156e-01
4.894424817752769941e-01
5.368087872634730306e-01
4.944274848219657459e-01
4.827884708974546912e-01
5.093048615438124926e-01
4.739285949501449435e-01
5.074147352391180643e-01
5.038122239172243555e-01
4.837581613052267526e-01
5.045039338321704037e-01
5.566562896106082015e-01
5.197455325286036709e-01
5.292573333021166615e-01
5.116529011776111968e-01
5.523698089331879890e-01
5.273171726506339363e-01
5.203504365917821506e-01
4.910384061627725005e-01
5.163737706227232716e-01
5.317003001088224101e-01
5.119136765370200237e-01
5.221505098577872150e-01
5.308981890244638402e-01
5.310167749657195291e-01
4.699045093927813332e-01
4.930899801941274196e-01
5.037732856317418406e-01
5.063465502657100714e-01
4.824935731616792900e-01
4.982173665408834440e-01
5.135001808814165791e-01
5.416821903121543658e-01
5.140234249995702109e-01
5.348953533315339293e-01
5.257415252413670803e-01
5.638299916817843815e-01
5.353796244000968985e-01
4.947951422551372103e-01
4.984148471675764469e-01
4.945442981262880844e-01
5.025222892272204200e-01
4.910172415586338546e-01
5.090709169531436595e-01
5.191106762251826989e-01
5.001988846009377543e-01
5.542035843791385252e-01
4.883396008530399013e-01
5.160198125913639799e-01
5.076264924071924867e-01
4.878216375196831045e-01
4.712659072907512958e-01
4.944527080742895375e-01
5.577798216087487271e-01
5.271173816181583538e-01
5.452779181119926655e-01
5.637629393092237207e-01
5.107318054560455733e-01
5.090895758833672291e-01
5.033887079158586575e-01
5.205589813169381186e-01
4.870861191383569766e-01
5.183092959995084792e-01
5.232598782025085216e-01
5.326718303655575415e-01
5.216295051611267164e-01
4.953413042206084582e-01
5.393915469275610830e-01
4.680391569023479303e-01
4.447182860348269373e-01
4.001395946418982441e-01
4.256259905365668006e-01
4.576950097287750263e-01
5.297900053932789177e-01
5.057648815544764087e-01
4.449436836592931543e-01
5.162958059154162394e-01
4.832245709602235872e-01
4.801398753989428725e-01
5.108991512169623883e-01
4.294452208385095004e-01
4.548675880639220792e-01
4.611503446188160993e-01
5.028706865073554466e-01
4.689520616871699077e-01
5.185955736991291198e-01
5.174076969669307857e-01
5.033611295436778432e-01
4.891904314496449135e-01
5.104745644627115553e-01
4.808293886400992201e-01
5.275423589593720708e-01
4.692680155592340308e-01
5.002890860424281660e-01
4.615426785889396033e-01
3.937658406586429516e-01
4.151247998421089269e-01
4.855637830282819034e-01
5.164302056884101377e-01
4.965851244206276882e-01
4.893252535752100618e-01
4.581665470774226590e-01
5.093263610900037319e-01
4.844316765242295819e-01
4.817643373097488801e-01
5.114739238054674120e-01
5.140671646684832341e-01
5.076910344093341632e-01
4.750118872487628652e-01
5.440392806895381073e-01
5.105686496966567178e-01
4.980231974817596052e-01
4.723850424485070421e-01
5.356925706164402667e-01
5.293868311011118433e-01
5.284362428283824187e-01
4.922029244523775660e-01
5.160548734390336678e-01
5.291640345041663807e-01
5.454289069160338510e-01
5.146548172351239625e-01
5.232518344042746961e-01
4.793197861596511511e-01
5.028484644338979681e-01
5.427623537681638410e-01
4.781456837929024539e-01
4.828600233225555649e-01
5.135520972806912887e-01
5.062159282515577008e-01
4.907781876189648007e-01
5.446610052057196949e-01
5.198633052726973069e-01
5.104720446038619741e-01
4.843860073123589238e-01
5.333514713895424197e-01
4.980047162961881435e-01
5.335529941630777762e-01
5.078399918832460225e-01
5.186724933174593488e-01
5.140826344980025109e-01
5.022922673359682122e-01
5.319809633883437749e-01
5.082384146863713204e-01
4.606370772133145941e-01
4.688507865864496305e-01
4.775609947053511273e-01
4.814041310849580535e-01
4.673004016053569076e-01
4.974887869723980116e-01
5.062201843373106414e-01
4.816845065922062963e-01
5.278289105389080138e-01
5.021847334387277151e-01
4.998857406318136798e-01
5.315872045284055769e-01
5.472058626898158584e-01
4.964818890859967748e-01
5.217860835444160239e-01
4.890511623064890401e-01
5.254715419846186508e-01
5.158382352109133206e-01
5.040492982861373150e-01
5.482350819066120762e-01
5.188927826922715703e-01
5.254383849483582614e-01
5.445942440598866563e-01
4.935974889414852518e-01
5.293920943559263792e-01
5.023657121097133693e-01
4.998147008053203666e-01
5.245630742372032751e-01
4.397603424348224266e-01
5.344016535237343657e-01
4.825163842002286874e-01
4.647518042282243189e-01
4.596925304345256813e-01
4.746379652813054739e-01
5.174885497265183654e-01
4.358557446751662456e-01
4.392490115869412404e-01
5.015603706283521257e-01
5.267205346467779270e-01
5.193379689697604773e-01
5.235728044015145466e-01
5.245144762584539322e-01
5.444130413355379172e-01
5.289923545643373526e-01
5.076881785539443248e-01
5.269134055214673706e-01
5.122752989309951044e-01
5.109396965208374830e-01
5.383206903559579759e-01
5.098410956471959299e-01
5.154085433066322164e-01
5.148751216983317169e-01
5.409510620542145043e-01
4.808846450799899586e-01
5.074382416289404674e-01
4.908224833870725723e-01
4.871151949673760972e-01
5.085118672709124654e-01
4.796745908607308873e-01
5.283801400551153549e-01
5.624146248875507847e-01
5.024392648317415055e-01
5.224099099214669639e-01
5.253007822258416448e-01
5.350218020644977868e-01
5.611210490692930541e-01
5.400027342308060252e-01
5.563037656182860946e-01
5.324528675792268295e-01
4.664921506833451526e-01
5.307320477242871704e-01
5.273117898576717977e-01
4.696279756537279915e-01
5.313999409421131803e-01
4.835574803909769015e-01
4.911769825019109970e-01
5.015157076970315764e-01
5.072714926195890373e-01
5.320788760748614843e-01
5.182239424840833220e-01
5.119344663823414132e-01
5.459365423027751074e-01
5.464872871519879105e-01
5.225674369853406942e-01
5.354191459260173591e-01
4.434388268700333868e-01
5.152702034656921892e-01
5.405320669279770618e-01
5.148829470191781388e-01
5.262672152675551551e-01
4.950628704848447081e-01
4.871175210024940028e-01
5.286111056204955139e-01
4.425502180641462391e-01
5.165245294967785172e-01
5.024468334449073703e-01
5.416468441637974918e-01
5.455400159102137270e-01
5.203252709919313768e-01
5.173233703775431680e-01
5.414047070703139619e-01
5.321970465089135294e-01
5.434319507660791970e-01
5.542915163004684675e-01
5.124685984600310107e-01
5.185729264909747505e-01
5.423087863228043259e-01
5.191462979338119510e-01
4.939658854242566233e-01
5.020264809218416557e-01
5.015017361704080523e-01
4.683206590698809624e-01
4.876797927706056357e-01
4.668190647958882500e-01
4.701124061547660715e-01
4.906598249571653136e-01
4.583890489896760845e-01
5.003483007837279395e-01
5.069714793816129106e-01
4.874337107013677062e-01
5.140098415058307335e-01
5.335138084707348183e-01
5.395660950324504546e-01
5.205566004279392756e-01
5.019486368594077152e-01
5.182627306431478731e-01
5.172848786633348350e-01
5.111194021889677863e-01
5.444902985586310695e-01
4.859664007537596864e-01
5.402810392359375102e-01
5.276617435272646928e-01
4.555106919218485650e-01
4.825501779967633631e-01
5.119653266898662736e-01
4.934486161371484103e-01
5.315458136318056415e-01
5.148957990812963459e-01
5.019188262239782095e-01
5.219516539249003939e-01
4.739515918793955618e-01
4.754485404386208369e-01
5.231915531560740185e-01
5.443474083688347731e-01
5.566835485528107696e-01
5.303966572335951923e-01
4.957080540504549826e-01
5.040265865820384716e-01
4.883800496834887483e-01
4.754118203383554953e-01
4.743447093425216532e-01
4.728513575753555687e-01
4.751441888239836819e-01
5.136068394213408883e-01
4.992168138540138411e-01
5.258871625209671219e-01
5.388909321711725653e-01
5.152384366503154345e-01
5.257438149387592130e-01
5.321837125118350498e-01
5.372630536172954274e-01
5.391465387887836025e-01
4.948766182880984243e-01
5.064359842345023122e-01
5.234273236810440544e-01
5.028967650906402964e-01
4.872025137344779266e-01
4.259736886455011140e-01
4.849518987479588539e-01
4.867191097350463402e-01
4.191781795190727689e-01
4.713840611266498226e-01
4.771321164385913804e-01
4.961092143943046096e-01
5.111553839649971565e-01
5.249888295534295146e-01
5.222759385640577401e-01
5.053366133231851354e-01
4.967571938062422809e-01
5.119656805443684178e-01
5.107231742350809567e-01
5.075951412117508665e-01
4.660763228729053465e-01
5.098343781651591966e-01
4.709513615838590295e-01
4.822555493837911156e-01
4.984506568258160186e-01
5.059354839362394385e-01
5.109716148704817051e-01
5.538036979771195911e-01
5.412577833430201046e-01
5.532174548812676118e-01
5.319651069666465615e-01
5.272731721503459701e-01
5.125635565038401120e-01
5.207845941170758941e-01
4.883110554517289814e-01
5.001630000783965357e-01
5.265050207143092686e-01
4.868381039862462734e-01
4.823388787386052590e-01
5.469388834433883684e-01
5.344528016352312338e-01
5.395836360525388953e-01
5.126211287350057599e-01
5.299371828049345146e-01
5.072268899334948511e-01
5.077983594605077755e-01
5.222708062710332833e-01
4.863361021225709457e-01
5.444247009374649782e-01
4.988949354946387027e-01
5.329917683267356709e-01
5.412983782565573554e-01
5.279393335522606368e-01
5.226373057496070951e-01
5.062055744172972993e-01
5.057288997663000885e-01
5.096106718549542336e-01
4.829978815853586682e-01
5.171063497998626968e-01
5.267923109106459334e-01
5.524284048126782976e-01
5.179134909506694084e-01
5.137069818344739414e-01
5.130113670535468851e-01
5.035867173346675330e-01
5.273428001061302162e-01
5.201869344848698562e-01
5.324959575156222868e-01
5.219208544885033385e-01
5.690730303783572142e-01
5.092884659011217563e-01
4.801182159868090382e-01
4.973228399189715820e-01
4.919410606380569817e-01
4.460009081696512112e-01
5.168698483207256889e-01
5.159030887874674898e-01
5.443382964621893416e-01
4.888088273687599128e-01
5.273679224155034539e-01
5.227100178972291511e-01
5.099905773315545066e-01
4.836597372201015266e-01
5.092283111217748015e-01
4.655657278753121964e-01
4.639440095862581992e-01
4.718445050118973416e-01
4.657599432756917013e-01
4.933845273553549293e-01
5.080148558977277684e-01
4.749419389746399323e-01
5.415617602371796124e-01
5.329105578431173607e-01
5.311718452174760685e-01
4.910306996536208946e-01
5.397877871080920542e-01
5.181371012825154443e-01
4.826517984745689605e-01
5.756359346677244471e-01
5.121381565657505686e-01
4.890064606985539686e-01
5.463266959542590895e-01
5.236409589569808176e-01
5.048628561597313658e-01
4.928536078542886112e-01
4.968695373199251142e-01
5.062864115334013704e-01
4.794207314763560546e-01
4.657642316626204870e-01
5.118966445157908662e-01
5.187391926774909123e-01
4.976713884499711638e-01
5.434692500946582960e-01
5.084628028854495385e-01
5.544453724561667629e-01
5.042523858239076340e-01
5.239645140259325817e-01
5.069647537110125723e-01
5.106056184766111228e-01
5.080467925125348172e-01
5.399246093727464446e-01
4.853725272686716385e-01
4.978177547235463907e-01
5.244279765590000864e-01
4.829875893813260768e-01
5.015607375037508531e-01
4.853296536479842493e-01
5.086841811351052733e-01
4.660354858517697374e-01
5.326470390950781564e-01
4.700384086618540902e-01
4.828690526928724469e-01
5.105308057417199397e-01
5.241958024431372376e-01
4.923054174001015859e-01
4.742681368855872215e-01
4.623507144892405329e-01
5.195239467904392283e-01
5.170920401122858223e-01
5.280604746979975506e-01
5.229915666546317565e-01
4.654609859714994857e-01
4.735141240916775907e-01
5.308380134661506711e-01
5.243022993644719243e-01
4.842647424824486069e-01
5.373627989367054658e-01
5.412245126290479158e-01
5.064390215185844424e-01
5.354610066546247049e-01
5.375989427997875936e-01
5.428247480051837659e-01
5.475831510746126396e-01
5.241776003910596504e-01
4.952965655800704026e-01
5.034314684922241989e-01
5.366034269503563436e-01
5.506328293931106455e-01
5.225502611505998818e-01
5.584525868532029813e-01
5.295147697088173899e-01
5.407067288004653305e-01
5.682316282550762265e-01
5.572126798784577950e-01
5.651020448705256216e-01
5.496221129611952305e-01
5.031665702243631744e-01
5.661853812666109986e-01
5.053446776932718487e-01
5.214501942209963659e-01
5.294453065281510273e-01
5.196185465961346006e-01
4.962583062709547410e-01
5.397632581047407951e-01
5.209601224160577138e-01
5.676938719776694064e-01
4.860442522720143654e-01
4.773214382050154359e-01
4.876987143950409220e-01
5.359317210222311889e-01
5.224714262244029017e-01
5.339408716782627629e-01
5.287000649391793150e-01
5.159359032613224372e-01
5.526638356654145490e-01
5.174331936884679628e-01
4.805991089143921147e-01
5.110153922538662741e-01
5.134482394208326195e-01
5.003610018794037995e-01
5.113424101446538694e-01
4.973073165724273825e-01
4.572235600059006977e-01
4.897118844288983475e-01
4.664887483602082052e-01
4.983410484067643531e-01
4.775197288117970507e-01
5.240747821503195514e-01
5.402443328784051202e-01
5.008646751543173181e-01
4.954373050985371174e-01
5.071283249668870896e-01
5.316235892074386848e-01
4.917995748877571627e-01
5.226691049153243673e-01
5.285330098451110903e-01
5.072488401957543358e-01
5.806978121326528131e-01
5.270747334871752621e-01
5.188573016547166628e-01
5.144666762417003936e-01
4.769139669878817989e-01
4.783105457649504122e-01
5.022496822627414703e-01
5.158997541656612507e-01
5.232536307066162351e-01
5.016133287095493332e-01
4.816231408869902642e-01
4.758041335898727797e-01
4.862428476718489434e-01
5.001495542894575097e-01
4.839754686639187731e-01
5.243749829434254384e-01
5.158353084457116822e-01
4.757794897238438181e-01
5.167743906516508723e-01
4.842379603910426655e-01
5.496405052073769504e-01
5.192426741750091335e-01
5.254614690504956220e-01
5.186048169410193420e-01
5.568709219788554599e-01
5.449379075165760034e-01
5.222564181877512590e-01
5.342133709491406757e-01
5.275472256322661924e-01
5.615169934206311053e-01
5.455603812296725419e-01
5.376068225137986545e-01
5.220609567077360014e-01
4.873073766110818106e-01
4.807646527037386930e-01
4.562555568168957798e-01
5.339055901235623125e-01
5.414563999952276552e-01
4.909207215360992249e-01
5.122918903404776181e-01
5.064603388304401710e-01
4.998748226437246256e-01
5.135947160829669178e-01
4.858253784550864429e-01
5.013024776086147938e-01
5.241722575638791959e-01
5.346147414826875055e-01
5.170870449886415532e-01
5.225354144647704757e-01
5.282637200378565989e-01
4.862144337818919415e-01
4.924786396911468023e-01
5.042166103091225704e-01
5.025884079609235222e-01
5.084176905737602947e-01
5.277569578911635029e-01
4.965418508822385113e-01
5.009867958762724838e-01
4.868369220105753237e-01
5.128660668060268657e-01
5.376329423615148206e-01
5.318393107864204383e-01
5.640200254423483051e-01
5.434938166016798355e-01
5.032028439511763152e-01
5.230849693636118181e-01
5.225015520901991062e-01
5.543761090186379858e-01
5.231567028944559272e-01
4.943977858333596376e-01
5.143155431670057842e-01
5.282133306713057141e-01
4.786774255846384385e-01
4.855894340992981117e-01
4.534905892145413286e-01
4.215921217053287817e-01
5.098577409168058017e-01
4.674355447836952004e-01
4.508713343782851379e-01
4.413959369245053499e-01
4.808214396916047906e-01
4.788447150231121552e-01
5.538653632216796741e-01
5.616331990355276638e-01
5.630224913036782075e-01
5.445601000257652702e-01
4.716608724184658819e-01
4.744800180600987627e-01
4.389233393146122486e-01
4.973699841321262971e-01
5.360563006772226524e-01
5.030360994236484640e-01
4.548498406442182951e-01
5.012372829566410504e-01
5.059683007188511272e-01
4.978602236106387524e-01
5.710153216796822750e-01
4.889587647346732568e-01
5.263825228202103634e-01
5.604497807110581098e-01
5.260753583423251056e-01
5.413310559822456236e-01
5.353221642201670960e-01
5.031609890917752015e-01
5.679317961416113780e-01
5.274625873018651268e-01
5.333149020009541053e-01
5.167288553269595575e-01
5.064047757829948093e-01
5.673933984351239301e-01
5.369171352736588076e-01
5.092996020116213884e-01
5.485188203202173707e-01
5.340551190105068402e-01
5.401144973534752758e-01
4.481471193347724702e-01
5.379647980283707165e-01
5.216873463101827646e-01
5.434372076847509003e-01
5.282154737887561069e-01
5.366317510253663103e-01
5.261202763579365671e-01
5.267454644984287393e-01
5.153667075297170275e-01
5.088111090491477251e-01
5.418489069311474005e-01
5.401621967583822848e-01
5.122790869748956588e-01
5.048536998771617768e-01
5.489776887153164919e-01
5.329361170134950809e-01
5.195015447052736546e-01
5.203889137181278990e-01
5.453373712731237610e-01
5.103423655937331382e-01
5.068653446234004933e-01
4.864365696947842710e-01
5.036376809520989317e-01
5.288214759695176737e-01
5.177693575696359352e-01
4.699822180178552800e-01
5.674252712136890198e-01
5.369136529476687958e-01
4.944978545386216617e-01
5.115327288541249295e-01
5.238392460414632579e-01
4.949543426617883934e-01
5.309881084700421860e-01
4.764633338884538549e-01
5.494811023957140161e-01
5.497664203036681796e-01
5.316702103855361905e-01
4.964049052508023308e-01
5.069938199735056772e-01
4.842126690924647425e-01
4.780680516666165336e-01
5.648013774206647186e-01
5.233414028066638579e-01
4.887693559754707207e-01
5.268932468725304741e-01
5.390216179919249395e-01
5.133097906271885114e-01
5.302322813910433918e-01
5.179131984086757789e-01
5.216131170818180118e-01
5.004512343884288672e-01
4.796233289495508978e-01
5.292568759530045241e-01
5.187389968836867427e-01
5.003890619719743027e-01
5.246849414023576630e-01
5.265128836270759338e-01
4.439007343905008174e-01
4.958700536907657552e-01
4.701283865242808502e-01
4.841375755052433338e-01
5.072534693401888894e-01
5.552669076258989200e-01
4.947326957584814999e-01
5.407421298500822981e-01
5.507353064954274569e-01
5.287786760944674924e-01
4.772586075429924302e-01
5.344551932277665784e-01
4.791663389495097736e-01
4.875714457762495568e-01
5.610559908499892501e-01
5.411085817540173259e-01
5.303411865147408255e-01
5.105358208524978236e-01
4.835520808680927041e-01
4.948602409978896666e-01
4.988750501478498856e-01
5.343661009559922404e-01
5.135597460143810356e-01
5.004559529089728231e-01
4.740978954351543484e-01
4.979869716317153472e-01
5.141540037053530243e-01
4.757006581314313087e-01
4.412927856217754297e-01
4.301832783921739622e-01
4.573197496761776670e-01
4.401463145209417172e-01
4.109333642360398220e-01
4.240003570885167994e-01
5.007758739870177278e-01
4.831314121120500737e-01
4.455463853809876196e-01
4.475542853291459844e-01
4.251069271707680897e-01
4.661145778065133305e-01
5.054788609734394145e-01
4.705539206511737960e-01
5.020133093666387936e-01
4.687914132396355238e-01
4.918705322320585660e-01
4.726035451429561052e-01
4.787799854516117670e-01
4.619085960116637857e-01
4.981798745753462931e-01
4.984488608823767208e-01
5.116226435876690681e-01
4.808340076332878743e-01
4.934967941340158148e-01
4.940435449522672662e-01
4.861213099026170381e-01
5.219805808167216066e-01
4.834698930839400055e-01
4.526481544045696803e-01
5.138156831189768514e-01
4.732778555465128045e-01
4.911334274128003607e-01
5.555683564518801854e-01
5.027964987421457144e-01
4.922077350673642604e-01
4.570252895940660753e-01
4.610420648942494815e-01
5.156829388775825418e-01
5.118051758479791324e-01
4.660424804796624021e-01
4.480032965695603941e-01
4.964510643030849990e-01
5.153647351665009424e-01
4.377182581900488367e-01
4.948477576320812754e-01
5.275702317340312808e-01
5.116122221548666804e-01
5.220075004361471871e-01
5.143765712861400052e-01
5.178643069051407366e-01
5.038606254252284700e-01
5.009905890272842166e-01
5.427927130423769730e-01
4.896399675433291132e-01
5.060948303775923973e-01
5.020352763182703848e-01
5.256581265280411142e-01
4.940279280798070549e-01
5.318731828216826107e-01
4.954948019535357351e-01
4.819021998036336907e-01
5.567133484861686021e-01
5.293503232725265129e-01
4.714937667516717612e-01
5.522185255499741929e-01
5.200144224207552401e-01
5.596947166848258437e-01
4.872550525995846260e-01
5.223832478847461047e-01
5.339378569047511514e-01
5.051857776524185661e-01
4.735182659863302890e-01
4.939436991314745118e-01
4.771420391534122452e-01
5.255419991128597035e-01
5.365229919507531475e-01
5.106866960478136930e-01
4.718306895848925486e-01
4.914799142072797666e-01
4.677054795537926024e-01
5.104488483093561069e-01
5.445765430233215909e-01
5.136581427448697612e-01
5.412990292485106991e-01
5.302642847623109112e-01
5.191814136228659615e-01
5.026015852458828315e-01
4.938785404594736583e-01
5.246747610403255102e-01
5.534626276772126596e-01
5.319274698448493988e-01
5.418226009604344418e-01
5.345691775838803395e-01
4.896288494675768987e-01
5.292393356455299402e-01
5.249393398363561003e-01
5.388889705534476438e-01
5.267566948128441506e-01
5.712553084986025098e-01
4.900915537855728421e-01
4.876876776240195999e-01
4.831768998192025322e-01
5.090678934890009444e-01
5.137049404444373746e-01
5.052079254889693116e-01
4.748543788770657192e-01
5.155228403827978312e-01
5.344892747260746590e-01
4.931066447469437120e-01
5.422699857129289480e-01
5.395739129792960220e-01
5.262004367856571996e-01
4.767259886100909672e-01
5.170558652319514614e-01
5.009938422194117891e-01
5.369199380074748396e-01
5.121624214333934111e-01
5.115922800683905258e-01
4.996579026630486031e-01
5.353159523586032975e-01
5.705025304413887666e-01
5.497822992877834380e-01
5.400859955622669961e-01
5.512957350259410916e-01
5.541237120726274501e-01
5.749357952245276460e-01
5.483136633568874707e-01
5.337764103049548181e-01
5.418373251189337880e-01
4.807668873624459938e-01
4.962313755141724569e-01
5.202227112429053113e-01
5.083086348644989538e-01
5.173221572020181291e-01
5.108923997480586676e-01
5.197537241158636245e-01
5.305797154562201801e-01
4.690339982526375295e-01
5.107117430091051569e-01
4.840445689267792728e-01
4.798083072617005951e-01
4.810584787706326249e-01
4.906110230683701778e-01
5.320163878204505759e-01
5.254164032007681007e-01
4.939655795015948647e-01
4.977120097996670101e-01
4.962950267871100163e-01
5.172260368621401927e-01
5.420837677688361556e-01
4.955323554281016452e-01
5.420723608016190243e-01
5.364305999954891435e-01
4.867877738758896733e-01
5.194218617166028729e-01
4.957831816800958857e-01
4.918410192384233270e-01
5.300843098290958233e-01
5.130735370286519936e-01
4.986871273343562727e-01
4.769127063396554900e-01
5.184995304668047478e-01
5.171931296797318556e-01
5.350610207781794081e-01
5.406235932107860132e-01
5.127154820277068925e-01
5.579667438902935483e-01
4.936941083217238901e-01
5.242077487010371462e-01
5.377808131277537207e-01
4.797850107934920061e-01
5.084381699682840594e-01
4.683766423218007624e-01
4.922486264501132469e-01
4.864568630620076939e-01
5.475722270552123572e-01
5.116251279272078234e-01
5.491293632643666767e-01
5.434724362433283051e-01
5.511050510085456766e-01
5.060058087801051485e-01
5.133631832584228949e-01
5.134828811985870933e-01
5.287874368140705883e-01
5.401341907663050890e-01
5.018958435644638172e-01
5.139333822726153134e-01
5.632663205711538890e-01
5.644267047542514959e-01
5.367655803107993506e-01
5.290105699874291245e-01
5.628557104353285601e-01
5.159497701369876177e-01
5.220568260499559576e-01
5.065036711787607171e-01
5.151285885323698688e-01
4.762744604055912934e-01
5.193624160560698089e-01
5.267371887877854153e-01
4.865468464813690885e-01
5.550283198661670747e-01
5.396489822188608176e-01
5.421463368850115705e-01
5.248340591212691253e-01
5.046434863959319284e-01
5.090362710595977003e-01
5.108966701852467596e-01
5.022476706434241267e-01
5.303327084909066347e-01
5.062262375729374986e-01
5.039643296597068334e-01
5.022779400789362247e-01
4.913089111525466568e-01
4.987055117447958263e-01
5.146050777184196789e-01
4.999432918494960965e-01
4.879396067348947819e-01
5.311752290195314030e-01
5.557105022732921062e-01
5.115947831988916228e-01
5.185771976326963850e-01
5.060018287528074143e-01
4.743968557228036009e-01
5.641315414907434045e-01
5.289212675207122238e-01
5.395380012321779883e-01
5.121548960504350712e-01
4.577254285528020716e-01
4.316092276630674185e-01
5.088586208375128761e-01
5.382049938571125125e-01
4.804425704921505003e-01
5.298837445869458707e-01
5.072682318075850683e-01
5.196884797778610343e-01
5.333533846116790267e-01
5.160069458211623550e-01
5.132921013230598017e-01
5.207139571997269067e-01
5.049558037115056131e-01
4.725248082054893661e-01
4.666224287824897177e-01
4.916939158533414345e-01
5.083119474781777614e-01
5.383618341021111364e-01
5.449966282013098962e-01
5.080492519513620797e-01
4.507086556489227624e-01
4.977658050009442503e-01
5.193064726307952128e-01
4.637179819947962467e-01
4.962267932716591390e-01
5.119078107624238649e-01
5.220369966052764710e-01
4.887927049596209050e-01
5.424954130647056116e-01
5.745751831858212366e-01
4.958631952992479386e-01
5.341558465727527238e-01
5.203536118487056550e-01
5.425841602588420409e-01
4.814755305622357984e-01
4.681561199370958271e-01
4.438186657565932891e-01
5.177543579945034224e-01
5.393266297377879992e-01
5.431099057238801819e-01
4.959636627343154136e-01
5.046430317726926518e-01
5.082726768011841534e-01
4.898335595763677608e-01
5.133981186581623168e-01
5.356505780477851530e-01
5.329367966031923753e-01
5.390746899885618948e-01
4.946373324779397285e-01
5.302756179217922305e-01
4.866217194268439017e-01
5.303283298681547020e-01
4.878306205094147252e-01
5.327599724733719233e-01
4.606126708055552355e-01
5.153803656083982832e-01
4.941186119377735664e-01
5.211376029518547393e-01
5.245369153027238385e-01
5.019217889677765054e-01
5.407954388923695843e-01
5.395093809755850955e-01
5.341667076929027536e-01
5.394392536585810305e-01
5.433060231858748423e-01
5.127035279468437068e-01
5.083997271688280861e-01
5.271549955074019689e-01
5.272983317807236059e-01
5.019640665758118292e-01
4.969159681859999789e-01
5.097942788035952910e-01
5.169722031757412184e-01
4.737161199612515139e-01
5.072816774454949051e-01
5.245448021653208448e-01
5.178591008103125004e-01
5.470971773229431623e-01
5.329804930000082708e-01
5.147349115835171407e-01
5.347895535511376641e-01
5.103098921814447353e-01
5.009247251058640549e-01
5.010899052248323216e-01
5.156971174638641520e-01
5.406546456583624094e-01
5.218232137418225003e-01
5.398949402568951061e-01
5.135422897142978282e-01
5.262645060535748875e-01
4.770799033417388313e-01
4.509388605959820939e-01
4.536084312152244835e-01
4.814592794160988398e-01
5.093005802646709546e-01
5.138601295814286818e-01
4.929360966374180530e-01
5.014294988416919674e-01
4.625331017655300858e-01
5.170429642537851533e-01
4.878776603549207502e-01
4.960861641215942863e-01
4.900483790570750453e-01
5.035334595556191228e-01
4.959879081416189162e-01
5.048009233335536416e-01
4.949059803573329086e-01
4.703889670709217596e-01
4.916699692798784938e-01
5.118900715820940972e-01
4.898205038078758955e-01
5.353078627650602606e-01
5.272901055157597217e-01
4.626396273417275329e-01
4.979027509952531072e-01
4.967983278714854234e-01
5.262885336432571171e-01
5.047012113871418570e-01
4.974928370317149295e-01
4.950685181635710586e-01
5.461191918714611848e-01
5.478373978179624793e-01
4.984448736564578430e-01
4.994844390064127060e-01
4.937658082451605313e-01
5.047227794341910823e-01
4.874542107810173608e-01
5.084871857146434637e-01
4.488704682681771141e-01
4.850296640283320859e-01
4.782724605032121490e-01
4.743434537348767410e-01
5.218498949654013508e-01
5.034386989091548248e-01
5.175616363110164819e-01
5.081295419632315680e-01
5.017554472076889427e-01
5.024351873473285046e-01
5.054721224398981416e-01
5.006259607104741605e-01
4.922218123973333692e-01
4.824115046316763133e-01
5.126857588438024083e-01
5.523914130952072288e-01
4.819732337710849746e-01
4.973754151537788659e-01
4.735923963100184819e-01
5.126345791595228185e-01
4.941753059360102229e-01
4.790356382363374910e-01
5.377209463223916464e-01
4.536842605817338336e-01
4.821191860338687185e-01
5.730422460656957595e-01
5.101755807697587741e-01
5.168308118354781877e-01
5.506495116251217681e-01
5.066585009179344068e-01
4.870947269270093360e-01
4.998347100023774470e-01
4.623713313143122949e-01
4.967979239342618647e-01
5.583928074993687041e-01
4.873119674203805207e-01
5.117905796940427354e-01
5.251825900640477718e-01
4.195815786750037857e-01
4.914625794306228257e-01
4.944344372786359521e-01
4.762086162644174059e-01
4.817167769474132721e-01
4.303760866489999559e-01
5.005856024814713257e-01
4.670293637099456885e-01
4.883123956715748060e-01
5.130352361937116079e-01
5.724844895187599647e-01
5.179924796878232485e-01
4.876132722529633035e-01
4.999030877240524529e-01
5.394758578156473305e-01
5.368279192018050594e-01
5.641129887926040753e-01
5.211522267985263523e-01
5.236578824753125305e-01
5.300418922865364202e-01
5.086032486731666413e-01
5.079150044527427355e-01
4.772065310817322770e-01
5.057086080132808803e-01
5.528796188197216965e-01
4.879968304208013863e-01
5.165564312830420723e-01
4.975776224004942461e-01
5.271432755565471640e-01
4.471445221807991421e-01
4.462284171648014386e-01
4.768666760861282605e-01
4.463604821182335924e-01
4.415560749926919493e-01
4.337021996860804252e-01
4.792149342947242263e-01
4.708078736068765369e-01
4.834409837448810365e-01
4.671915939127715967e-01
4.844733957724371431e-01
4.569008266829664433e-01
4.437243155402138539e-01
5.069984382030121584e-01
4.977607873371504565e-01
4.578023737198061993e-01
5.072021208514226887e-01
4.869245414773932246e-01
4.927873734573224307e-01
4.740529938926661413e-01
5.175446940545688213e-01
4.863009459070967155e-01
4.878659111338212728e-01
5.082643683965483161e-01
4.843707023093041797e-01
4.831408447803110517e-01
5.495502483736079968e-01
5.153763691269505065e-01
5.313541671019761381e-01
5.113290849838513230e-01
5.523125838145340749e-01
5.145310892056267349e-01
5.049389280719818185e-01
5.177371759425595243e-01
5.599880321906860470e-01
5.312111480800375540e-01
5.091703991013468711e-01
4.850995360777847210e-01
4.818447876701952848e-01
5.050246204429087449e-01
4.853499787937423093e-01
4.730596585897113293e-01
4.771187790237995108e-01
4.880401508337866012e-01
4.745363889750455755e-01
5.119074639123000203e-01
4.770983767489649918e-01
4.902971089050528475e-01
5.450950321061539539e-01
4.811465866684203618e-01
5.418016468074670078e-01
5.249317233623109757e-01
5.174935041817509962e-01
5.298125058761455897e-01
5.275725828191355493e-01
5.753233247867604039e-01
5.337013504154731747e-01
5.104467983315753576e-01
5.248262008261432854e-01
5.678485696746522482e-01
4.978777071206497706e-01
4.630216327449644953e-01
5.188753142260182916e-01
4.974050735912454169e-01
5.417616974942096597e-01
5.097093705365751681e-01
5.325214155774110614e-01
5.317334221018900076e-01
5.571702223283964139e-01
5.363581956718983523e-01
5.174919271072769833e-01
5.068480869627702834e-01
5.385612267507701167e-01
5.071542510346035426e-01
5.274558983219120867e-01
4.719877999046617756e-01
4.984300847420625180e-01
4.970230686221882022e-01
4.922098597265837094e-01
4.625628416378524399e-01
4.593332194569889615e-01
5.269633191729486965e-01
5.055320557082394473e-01
5.330875186876590233e-01
5.144730529862412416e-01
5.089425076810026871e-01
5.201093555177944694e-01
5.502786494273778084e-01
5.174250699788058849e-01
4.810184578703047276e-01
4.626259091396642820e-01
4.798977867837631583e-01
4.961664544038121294e-01
5.342115246364234071e-01
5.024216283138245309e-01
4.880906964302299533e-01
5.501583917815617841e-01
4.759368799250091042e-01
5.094166432780408149e-01
4.982222282449170203e-01
4.913785991345069881e-01
5.261288759013422744e-01
5.448849875315915359e-01
5.062107532956807709e-01
5.528631677399223898e-01
5.370068500229547848e-01
5.518554972460746333e-01
5.203767061843171948e-01
5.507852934406780587e-01
5.703610942409249596e-01
5.406231111510816367e-01
5.434509462356951204e-01
5.280957585473149418e-01
5.003003613258121263e-01
5.113613422957475896e-01
5.451426805820384081e-01
5.121926230016099479e-01
4.772705113704043267e-01
4.483271317993612337e-01
4.222491203657023351e-01
5.672285044324556491e-01
5.155305588633631864e-01
4.808177702844943502e-01
4.447068347093734442e-01
5.109671308414948099e-01
4.991594441173358709e-01
5.293682899939757824e-01
5.222608398415347075e-01
4.700332819679660101e-01
5.464324273025379375e-01
5.226231941037019491e-01
5.160663520409771721e-01
5.024708723447944836e-01
5.393437497634775424e-01
5.269983039221866061e-01
5.377305326803548668e-01
5.476254831765269282e-01
5.337982776878803515e-01
4.819762821684204779e-01
5.474992101962333768e-01
5.278825798111229650e-01
5.122294812401029240e-01
5.041492577883806003e-01
5.159426983003209122e-01
5.601468853432146622e-01
5.225416631741087725e-01
5.493591095934193813e-01
5.610950180050802150e-01
5.350985948102945367e-01
4.731809432391664294e-01
5.132284155370688827e-01
4.856246710540624845e-01
5.319687829779684574e-01
5.110240176820513014e-01
5.765217999388583259e-01
5.733013345428967789e-01
5.672736403107587755e-01
5.223190813742826233e-01
5.012676391890413807e-01
4.834278716721032154e-01
5.034297965327975133e-01
5.080158657312570103e-01
5.145327747097575566e-01
5.030431158789573365e-01
4.619110991679082345e-01
4.920234168957248744e-01
4.820078859209861455e-01
5.043089575584848161e-01
4.986429749106535136e-01
4.939596183468993873e-01
4.704951396816118847e-01
4.566868023076324223e-01
4.720346479689030983e-01
4.835430700643375546e-01
5.020888725273052744e-01
5.029026808950668448e-01
4.784321722526123644e-01
4.752398214417836164e-01
5.180415199278378680e-01
5.261096220254002365e-01
5.354616914806943351e-01
5.051258255968074096e-01
4.888979578815288995e-01
5.191920174989510528e-01
5.592999287896390781e-01
5.226342776005709068e-01
5.258982082556884485e-01
5.258025974051393492e-01
5.110557777653736977e-01
5.256093607428780068e-01
5.201750439410770532e-01
5.180413338515443833e-01
5.003512176075910478e-01
4.651700241990406326e-01
5.298908983362341507e-01
5.238337428296306886e-01
5.008541242663163695e-01
5.244016962867491527e-01
4.873534944946001923e-01
5.333905807670107357e-01
5.497685509669448800e-01
5.118949406455128859e-01
5.131777183107163465e-01
4.817583500832580690e-01
5.508176923394779712e-01
5.039628495672439090e-01
5.027334321392668004e-01
5.014489869449074710e-01
5.188091862009714950e-01
5.101808045476098341e-01
5.202500024775074117e-01
5.653152378575699855e-01
5.315585339297883571e-01
5.365280646844698964e-01
5.082804413848887037e-01
5.182702706268509374e-01
5.217237857567038617e-01
5.507048442042232761e-01
5.375877672000892726e-01
5.408108302202335738e-01
5.745963239641092013e-01
5.346605011953299291e-01
5.055653349157949172e-01
4.824414898825039044e-01
5.333552847594303925e-01
5.251519904846254638e-01
5.445493189008763224e-01
5.475834165505913953e-01
4.848714272866610497e-01
4.687808679737869855e-01
5.356620771023741234e-01
5.452002262541438826e-01
5.036182291498692010e-01
5.156373194465038168e-01
4.537468836340415312e-01
4.502108150194435998e-01
4.715829278370288757e-01
4.849851145849060075e-01
4.574093449080990359e-01
5.066927711654265476e-01
4.995809422020223711e-01
5.195008292522196314e-01
5.088982494023408520e-01
5.207034423654742783e-01
5.137708207645238501e-01
4.811111806202493235e-01
5.230531113171275059e-01
4.895919465021502104e-01
5.000127191009466898e-01
5.317857323474358688e-01
4.986533830536021283e-01
5.256694804213555283e-01
5.102983669353768903e-01
5.502829209532276167e-01
4.892804774632809606e-01
5.305013066812416245e-01
5.412582835971949669e-01
5.037717245450172854e-01
5.009893630895256855e-01
4.792495551696819289e-01
4.789942103267145201e-01
4.865993117616703723e-01
4.863516346399542889e-01
5.480247369050232908e-01
4.867938548836660551e-01
4.824932010155784101e-01
4.651271727832714808e-01
5.688639145682635734e-01
5.084116028279785926e-01
4.717163915274031338e-01
5.540539863070685911e-01
5.562816488921542568e-01
5.626718800763965689e-01
5.598625730531737732e-01
5.006836519528237162e-01
5.099655060129028028e-01
4.734976748527247037e-01
4.540676799434656963e-01
4.955124110086566724e-01
5.398277802283842908e-01
5.343455721892496069e-01
5.464709571009058742e-01
5.225018985271105976e-01
5.217538521152673692e-01
5.107368819414970229e-01
5.566872178533478488e-01
5.432119631251519642e-01
5.439276176772571691e-01
5.229310247653997656e-01
5.561181068035765396e-01
5.190382597093788908e-01
4.778267688069711139e-01
4.451612616381622201e-01
4.892975120712833581e-01
5.179014003615873829e-01
5.055452853178036277e-01
5.390908839171251188e-01
5.077745445816295167e-01
5.714961324427791922e-01
5.556232172107538059e-01
5.130945760929692678e-01
5.293496772002286299e-01
5.142434798120359973e-01
5.114782944946092424e-01
4.806413149980394706e-01
4.435245316293343620e-01
4.534422959868689706e-01
4.336989059666230273e-01
5.451577696663327810e-01
4.853072921856597666e-01
5.230419170408299179e-01
4.651313292570520841e-01
4.445903333759032572e-01
4.746066714330119396e-01
4.883357170838822370e-01
4.869168600917710421e-01
4.656900283709357602e-01
4.375830775504879200e-01
4.939759575377121736e-01
5.099194953030705690e-01
5.323597155945211101e-01
4.727620045225649492e-01
5.017315125513828189e-01
4.335307387055382655e-01
4.473566202244473877e-01
4.944234426642751812e-01
5.068946552404434147e-01
4.487207813616272967e-01
4.574450408680715285e-01
4.711798050744088195e-01
5.272956103380022075e-01
4.805866497507759183e-01
5.176751444998495266e-01
4.201039080435912121e-01
4.882319838278058044e-01
4.632315621665536454e-01
4.572860527446475087e-01
4.926118812665202795e-01
5.000040635791285215e-01
4.932108745365573754e-01
5.378012958152847967e-01
4.948053701682707528e-01
4.877997828863749885e-01
5.126165360920420522e-01
4.609302399571966191e-01
4.819824984005806057e-01
5.133855051364268895e-01
4.936688118809747228e-01
5.569606616161731916e-01
5.538805189149839103e-01
5.099863340935667511e-01
5.385260243572763672e-01
5.130474255240157211e-01
5.028782397938267312e-01
5.218304170184429047e-01
5.102773089930415784e-01
5.029156881396572576e-01
5.003776665573109739e-01
5.010207755706970190e-01
4.742798402122221924e-01
5.015559773088583695e-01
4.782319701816845070e-01
4.807708287635407696e-01
5.227549922718883746e-01
5.319492743486334829e-01
4.799311575706550759e-01
5.127632995671488336e-01
4.813735322277716833e-01
5.007815100999298830e-01
4.784633217271960226e-01
4.722960734923900006e-01
4.842373468511064760e-01
4.832005741626055895e-01
5.029289392143652115e-01
5.405008832787492334e-01
5.215871977777113422e-01
4.328537054227374337e-01
5.201656103219272076e-01
5.388171972709845381e-01
4.773054274725266888e-01
5.235758627975010127e-01
5.573617169528026771e-01
5.035031254176597360e-01
5.517713295718804645e-01
4.754200268804180673e-01
4.736421837535950141e-01
5.047582469530997873e-01
4.668936644989136742e-01
4.867555819722588772e-01
4.793597049410276978e-01
5.375805074872698208e-01
4.964789796025822488e-01
5.113793075373461727e-01
4.817295517926016846e-01
5.156084492223278470e-01
5.482982467671602134e-01
5.163044971264667549e-01
5.288773283460654895e-01
5.598178847463668451e-01
5.132519717451282659e-01
5.159931010135810903e-01
5.204542245406028611e-01
5.237829268102541791e-01
5.234613815883338850e-01
5.268984715670429475e-01
5.337465235302347732e-01
5.037820624015112436e-01
4.830938009072549555e-01
4.700836634357388188e-01
4.864066799232738547e-01
5.101723231544215142e-01
4.830616805265900982e-01
4.569788958307032245e-01
4.319033642852986299e-01
4.798792959047288864e-01
5.330461411217501944e-01
4.900444623437807401e-01
4.783712015652978877e-01
4.887429193208737144e-01
5.135984486245206426e-01
4.857141668070332208e-01
5.046658736675839751e-01
5.449531471123929549e-01
5.171172603373112020e-01
5.320728085706771804e-01
5.402919133549323183e-01
5.115651793916978773e-01
5.241182328754667719e-01
5.451153000752116951e-01
5.035070961879946072e-01
4.758310423521381338e-01
4.935565590523412483e-01
4.978102541214660670e-01
5.314282956038941519e-01
5.246536559476175920e-01
4.366565126762318449e-01
4.675343708802774390e-01
5.146758635748229782e-01
5.699158851176104879e-01
5.297899832284301835e-01
5.217327956957742430e-01
5.768016706561021056e-01
5.556287352330805396e-01
5.799195105087662228e-01
5.662884200869159335e-01
5.250829924754004674e-01
5.183782038880749843e-01
5.259411804761620068e-01
5.097213459551487302e-01
4.927328659245273079e-01
5.416402310780608076e-01
5.671686261016631869e-01
5.050560400167153352e-01
5.020915854711215376e-01
5.124716694030757580e-01
5.063820380373242891e-01
5.198742186777455254e-01
5.234925703196403601e-01
5.712447051962837863e-01
5.431220098584242928e-01
5.646943468789944465e-01
5.635959128565738441e-01
5.662104464472674792e-01
5.239079685579284273e-01
5.335624481242167150e-01
5.508599170725543281e-01
5.348104716648541812e-01
5.318955206202495845e-01
5.573513661060539581e-01
5.596701444706843054e-01
5.358442242217827944e-01
4.729267287745061443e-01
5.266526851207654625e-01
5.340881055230085606e-01
5.796119859257186091e-01
4.775062351226911361e-01
5.363469469270210066e-01
4.062335573092353269e-01
4.987285378256466339e-01
4.795780205182429423e-01
4.915142409735492324e-01
5.244513777941585131e-01
5.278588750740157431e-01
5.120344502344263971e-01
5.389068355597536053e-01
5.244564279464885015e-01
5.652783056583472465e-01
5.209790043618658384e-01
4.941749172089395792e-01
4.772597170158641711e-01
5.147449696662677043e-01
5.276127714153324710e-01
5.278681953683207473e-01
5.309847098751174777e-01
4.924846382254090549e-01
4.733007938489907640e-01
5.206051345166650135e-01
5.189009212948986205e-01
5.359031850242048645e-01
5.136805435733849956e-01
5.279083418285703821e-01
5.107026179952529610e-01
5.199964031276994580e-01
5.339919788900164832e-01
5.451483046771934404e-01
5.244812120318362858e-01
5.308056408838015550e-01
5.216168395759478438e-01
5.250823604139831513e-01
5.360729587655996831e-01
5.372143998599471226e-01
5.249445787051626455e-01
4.972853243548612800e-01
5.172769041246922939e-01
4.922837155861470304e-01
5.469828395912735841e-01
5.210526146556684335e-01
5.143345499252385267e-01
5.239625155140932300e-01
4.770731690619146592e-01
4.787572096936094646e-01
4.438319025983572530e-01
4.647157390560037182e-01
5.798438959455064490e-01
4.888799141655934544e-01
5.152903191392828042e-01
5.167919265546492280e-01
4.943466411024249885e-01
4.801268887239342753e-01
4.879310539159573690e-01
5.139379719007863834e-01
5.177783680433715174e-01
4.940223363481431873e-01
4.836156056158544825e-01
5.089285179166805895e-01
4.231399533025385629e-01
4.704729027871371039e-01
4.768273629791510704e-01
5.009397736177015892e-01
4.960033744248930621e-01
4.949663562488305080e-01
4.604394051534734800e-01
5.164677687237874126e-01
5.302449197762496569e-01
5.519540810567574729e-01
5.815280754166770594e-01
5.312034827630742750e-01
4.957815083141159929e-01
4.881042817136800327e-01
4.855474403097648772e-01
4.976192369201230536e-01
4.502934601454490204e-01
4.939643185216632260e-01
4.902872160338418994e-01
4.936693576331405708e-01
5.000970472411391254e-01
4.937905302266492047e-01
5.021926456991951948e-01
4.943459622801364417e-01
5.158208223052589414e-01
4.970962241332740894e-01
5.504985863314737493e-01
5.028371053333859919e-01
5.211047155678173448e-01
5.384964095400690542e-01
5.035704866491974574e-01
5.432924585874825407e-01
5.233210655098344821e-01
5.386086422301342713e-01
4.860715581714349920e-01
5.345489241960358351e-01
5.053417832825684020e-01
5.492739611942696332e-01
4.484748625821590728e-01
5.149495656130282928e-01
5.148915023243358924e-01
5.398341526459184969e-01
5.649737396559060265e-01
4.743185238189105979e-01
5.312180218783555397e-01
5.136963241206403685e-01
5.152200093830224814e-01
5.110434928787378484e-01
5.183876563889434630e-01
4.862019973327605937e-01
4.771277589442002864e-01
5.055475438497588625e-01
4.943103237317343357e-01
5.165284488800654383e-01
4.485837442571554146e-01
5.229710824936236735e-01
5.377536811011173201e-01
5.424224761489193636e-01
5.124547038955314937e-01
5.252565328865640426e-01
4.853503708791759852e-01
4.892360407140099454e-01
4.994979871090970414e-01
4.996404935753320786e-01
4.830350085975643748e-01
5.278202483810998658e-01
5.206054575536860352e-01
5.242805050789923760e-01
4.769043552127907870e-01
5.424163546475448960e-01
4.589502889731458257e-01
5.137325862319624958e-01
5.036236781925151895e-01
5.386203253537779068e-01
4.663264443596330522e-01
4.759078079068955192e-01
4.909678801170827556e-01
4.983593853796440820e-01
5.048672044224868927e-01
4.915395205664496170e-01
4.842618024072095073e-01
5.133647427740140046e-01
5.160258452845273291e-01
4.964475445220606908e-01
5.093122387899460257e-01
5.426979808246233938e-01
5.384307268901324939e-01
5.135375152967951440e-01
5.434748444690203906e-01
5.095394123075912551e-01
4.800766874849271559e-01
5.102477140684119616e-01
5.395470829308131044e-01
5.191644000145404503e-01
4.489854450801277763e-01
4.710293957768427187e-01
5.044290055706996956e-01
5.196402806440776345e-01
4.976507842838739926e-01
5.240114141497855815e-01
5.001564315205944133e-01
5.187240618025724670e-01
5.323110578018587224e-01
5.153546431118478655e-01
5.290086222231478175e-01
5.214562908540051334e-01
4.849309206315290388e-01
4.519359782197391318e-01
4.289704253886901797e-01
3.971312450411879080e-01
4.511313286381712362e-01
4.638257991807758773e-01
4.494429947609948628e-01
4.824897573534008832e-01
4.620316110093771189e-01
4.755041520041132785e-01
4.777468294483385169e-01
4.698348875328256513e-01
5.539405290275588589e-01
5.403792927733475082e-01
4.900441495907742473e-01
5.003825249563454980e-01
4.365381602251048876e-01
4.536077124561048723e-01
4.960168520980124951e-01
4.771715987110202728e-01
4.793250749292648494e-01
4.663480321451353716e-01
4.525059543212864854e-01
4.827720406329460423e-01
4.758263677505233380e-01
4.862955824664924598e-01
5.100662287450592469e-01
5.232460557726055228e-01
5.008592784322767333e-01
4.893959657165274368e-01
5.231746510701253960e-01
5.226554932944554865e-01
5.377813904802262179e-01
4.990897125103816445e-01
5.325903353534026108e-01
5.318945024082892825e-01
5.451222274437215187e-01
5.134871151598427996e-01
5.262963749014780701e-01
5.399522582889801914e-01
5.327403540682486005e-01
5.109087406207175608e-01
5.382346576401577654e-01
5.189343633306832126e-01
5.378522041493196681e-01
4.973226286683647412e-01
4.986338560995102198e-01
4.696992633281955598e-01
5.642261644722154079e-01
5.220878621016203924e-01
4.984068229534414085e-01
4.903382218380996083e-01
4.818589782126755372e-01
4.930246153693388367e-01
4.980808742708642267e-01
5.294142452456278569e-01
5.205803748645528861e-01
5.043725408268111554e-01
5.238639444288574198e-01
5.201338258645817891e-01
4.994758668436242721e-01
4.666230323472535524e-01
4.878480391627976753e-01
5.435953619195168507e-01
4.838969698268547615e-01
5.074731060195926124e-01
5.146042503237024945e-01
5.056348089418727376e-01
5.327949155271631820e-01
4.902071385276928206e-01
4.866690766690323078e-01
5.268229080947189891e-01
5.163401142908975450e-01
5.153041628113719241e-01
5.101414678427098615e-01
4.483887957087365761e-01
5.224535646551473622e-01
4.872033177260346459e-01
5.118406260646914951e-01
4.933311802357651099e-01
5.000916188371252735e-01
4.787726280948284008e-01
4.807871203341915201e-01
5.493660636777192297e-01
5.224860224068405001e-01
4.695975870738825497e-01
4.658016551932945837e-01
5.432435905933383768e-01
4.927202372662528029e-01
5.115292432011011581e-01
4.976091921746892410e-01
4.986248272779721935e-01
5.345003728764339268e-01
4.927822810111940344e-01
5.015999958569946626e-01
5.099183718063919901e-01
5.139266058239565504e-01
5.067376151473748092e-01
4.747385126765156227e-01
5.042042738802351431e-01
4.558059838407094166e-01
4.629276582713069410e-01
4.901958266205898029e-01
4.948815457535319373e-01
5.134970835739827155e-01
4.903711767829272983e-01
5.106272792989610121e-01
5.336492525000776643e-01
4.982772104234168831e-01
5.114642714939297008e-01
4.910179821964221758e-01
5.203356283489707357e-01
4.650901741279353518e-01
4.904817144771586590e-01
5.399136376028261797e-01
5.426224720155047310e-01
4.867066799558236179e-01
5.257385105376584100e-01
5.201088380126872579e-01
5.050322726059647271e-01
5.350027200267699623e-01
4.887043351641486288e-01
4.872748042776551824e-01
4.968375496625237475e-01
4.760902837422552047e-01
4.846108495540593641e-01
4.790137649672119302e-01
5.136514697044993749e-01
4.995933372579580145e-01
5.346390581129589759e-01
5.443708743750793611e-01
4.790875215479391547e-01
4.936577677290376331e-01
5.117457622725478661e-01
5.162316079193947083e-01
5.226875395512033950e-01
5.242383959941331328e-01
5.143661471630320836e-01
5.150559280151768560e-01
5.039335209787901837e-01
4.603018806990271661e-01
4.864978527196922031e-01
4.833143402169542968e-01
5.295689778605838782e-01
5.030379629315347989e-01
4.901686117980912361e-01
4.980171846840779071e-01
5.205773173461738512e-01
5.050061397389566942e-01
5.116428796872042328e-01
5.449882571602984171e-01
5.022995700024526222e-01
4.984902981572648106e-01
4.873862829255138363e-01
4.947537301790031483e-01
4.903507386198783791e-01
5.352082469494654493e-01
5.294556417036740958e-01
5.252673336964830408e-01
5.460164618253530167e-01
5.229782476360063104e-01
5.335083335727708320e-01
5.546069028038776993e-01
5.026557332902326092e-01
5.045861429103365436e-01
4.705385059855622942e-01
4.605637783668037333e-01
4.918245336095717346e-01
4.958124283006302147e-01
4.791612037759612197e-01
4.946201376495935054e-01
4.991966582152173038e-01
5.005405738735347887e-01
5.257207529946475999e-01
4.436143099420913338e-01
5.032991447213170932e-01
5.294605951553484902e-01
4.861436837506697417e-01
5.165220970568941139e-01
4.295767057303191416e-01
4.560487421800012431e-01
4.986628300811717374e-01
5.048860799827383783e-01
5.089212642917261276e-01
5.286856714934724533e-01
4.806364115708923745e-01
5.098377681935779560e-01
5.629979216879220649e-01
5.431806494954383169e-01
5.428815142550635908e-01
5.277586755440268895e-01
5.521512732995563777e-01
5.061141026843616331e-01
5.276976083190877409e-01
5.292204328147147585e-01
5.474545916170174831e-01
5.309581148114164151e-01
5.734130568494175684e-01
5.385140346309050807e-01
5.084877659964278651e-01
4.845373772078469532e-01
5.451174428040665987e-01
5.273079274547286532e-01
5.609870138319054123e-01
4.830698112124398591e-01
5.209753791103335363e-01
5.457320253130703014e-01
5.326353137051450526e-01
5.492298491648467396e-01
5.110076851133432685e-01
5.326970505052278648e-01
5.172143506106533506e-01
4.498263958976028154e-01
5.174702081942030851e-01
4.682719830795843419e-01
4.887492486166624128e-01
4.341642975250306069e-01
4.962022978738201973e-01
5.225937435902834327e-01
5.314947191673821125e-01
5.165273284021084654e-01
5.117831829753967110e-01
5.197206776577669718e-01
5.269605105413969204e-01
4.708322592014055896e-01
5.424472984588741831e-01
5.592995734059063029e-01
5.282483492908623957e-01
5.026048008160535208e-01
4.680137788019665956e-01
4.957979391310944894e-01
4.990422843065943082e-01
5.234170422693442681e-01
4.706938254107476682e-01
5.174910284416261996e-01
5.249690946539704584e-01
5.157993912696430261e-01
4.922647206703092415e-01
5.201350879115799186e-01
5.261281484533191222e-01
5.307890623283300080e-01
5.092027714793230242e-01
5.086627384233319837e-01
5.369165657185784868e-01
5.375087819544763779e-01
5.264785036741425062e-01
5.130372758600446614e-01
4.981334741444534697e-01
5.411472405420396647e-01
4.856812753188183840e-01
5.204170215167633895e-01
4.855869069196142029e-01
4.863083747224911657e-01
4.795709465735202848e-01
4.631163699255071986e-01
5.080345654305348235e-01
5.358867861897584906e-01
5.089015900314076690e-01
4.912168148343910579e-01
5.274122658013494780e-01
4.846434472749363565e-01
5.305929152429021967e-01
5.108273008434336404e-01
4.895241676697542621e-01
4.992683423088385419e-01
4.560335024072143528e-01
5.028152450652236816e-01
5.120778629130030568e-01
5.179767707142822752e-01
5.252249740014306445e-01
5.083260019462602086e-01
5.112049891663082990e-01
4.701225745537163103e-01
5.036859606905923492e-01
5.108937068431420592e-01
5.566109101370543266e-01
4.772841135508145705e-01
4.996102490967380683e-01
4.755828424578969482e-01
4.478869427801958070e-01
5.337062415314580699e-01
5.216609957438856915e-01
5.078440726717989850e-01
4.974835357118986279e-01
4.865466339881014957e-01
5.123324855594330041e-01
4.389837595554567096e-01
5.151708691430050280e-01
5.049750623559787766e-01
4.786788151059910845e-01
4.535697135405836744e-01
5.013126668052257928e-01
4.487390575931042846e-01
5.141321363744083550e-01
5.041108903018363119e-01
4.936545673338391116e-01
4.813347940471969788e-01
5.149942772298912175e-01
5.408284578190480918e-01
5.253074227457709133e-01
4.931548820129947885e-01
4.810573057369605943e-01
5.251741898462817248e-01
5.429807758457763089e-01
5.475729152086640239e-01
5.347434667062787028e-01
5.650371075573681345e-01
5.325354804342259385e-01
5.579874081156022125e-01
5.279208052424360087e-01
5.481575078705724913e-01
4.904685084820396002e-01
5.087193369810431021e-01
5.103615098935179173e-01
5.074010301867781791e-01
4.781648926098968633e-01
5.134397894565676523e-01
5.872768560138187377e-01
4.810210535553963718e-01
5.276038431508737192e-01
5.128702260781449196e-01
5.063009037998733586e-01
5.164983995210203904e-01
5.383912250492406404e-01
5.395395468252114357e-01
5.208715561402651462e-01
5.653300763363150461e-01
5.348408551014635082e-01
6.085574372465432091e-01
5.332992911336065234e-01
5.443267490537876396e-01
5.279963703192274149e-01
5.206759238835012571e-01
5.520184536953041121e-01
5.060849677693354254e-01
4.995155468692263900e-01
5.144004127938606175e-01
5.271729036956842585e-01
4.795577338174523696e-01
5.109303621933947159e-01
5.671546530758797555e-01
5.610568584365573930e-01
5.196589019794247699e-01
5.027204734551710130e-01
5.093397709434123177e-01
5.273895444064690130e-01
5.220458865212093125e-01
4.810157257337325798e-01
4.868137295420751909e-01
5.328208220999786082e-01
5.133459652674091656e-01
5.119451555458391923e-01
5.179687344392175374e-01
5.645613451055619958e-01
5.055024089666456666e-01
4.912540368503502397e-01
5.013090517694510639e-01
6.064006298937081318e-01
5.021113747853401810e-01
4.890927798095384138e-01
4.823169135700608456e-01
4.664256859328826943e-01
4.989260107606176553e-01
4.504772361917737666e-01
4.817808023010161089e-01
5.433269916435878866e-01
5.139314828576747596e-01
5.542346574308847362e-01
5.435158304126485040e-01
4.646148003791396031e-01
5.314907591756541372e-01
4.657272623155114255e-01
4.849589709020641903e-01
4.443943187094215874e-01
4.930066296651954283e-01
4.874845299096647322e-01
5.477289836989529537e-01
4.913559757213237789e-01
4.793083329149527283e-01
4.956884669053310821e-01
5.330740776581073259e-01
4.863114862231004976e-01
5.412053025078497059e-01
4.886174125013266201e-01
5.205318843040671606e-01
4.968887336311539338e-01
5.134296841468591888e-01
4.929607161294963236e-01
4.878884871107934118e-01
4.972107025408848413e-01
4.586755377907154041e-01
5.301633661807947373e-01
5.487779387653105578e-01
4.675792165543629642e-01
4.781212105769357956e-01
4.633583672176725399e-01
4.779244593628138582e-01
4.532593355050099082e-01
4.811099842597369447e-01
4.661666107333271580e-01
4.382786592122679403e-01
5.003875206057677438e-01
5.166261774321333489e-01
4.639230369138498400e-01
4.908521085360535996e-01
4.302277320820581119e-01
4.760228340640607070e-01
4.468450900968219952e-01
5.156994919910395936e-01
5.118763842654396878e-01
5.378611450018853102e-01
5.733989204535278050e-01
5.323266103030073193e-01
5.328861404912120792e-01
5.541476906517974754e-01
5.230532367703910612e-01
5.308373083135522474e-01
5.443863145730671871e-01
5.170167917703815119e-01
5.397748247404017263e-01
5.402288807837720697e-01
5.080129977884579873e-01
5.291240562671505332e-01
5.694830740226733967e-01
5.361007247035621814e-01
5.075162183424111184e-01
5.119545698152402347e-01
5.527966609715088131e-01
5.927270203940170346e-01
5.096963369941767130e-01
5.351758092571180514e-01
5.362200981016087553e-01
5.121294135192597796e-01
5.066433187315563247e-01
5.228043980014244196e-01
5.129406049269976675e-01
5.359463015514286388e-01
5.352711190572835287e-01
5.142592017593661247e-01
4.953500176408996980e-01
5.277442584039504503e-01
4.908889206703169750e-01
4.473364696646192629e-01
4.686146213125701454e-01
4.710798607199007115e-01
4.917095631701809966e-01
4.936088864786766228e-01
5.011655828168438687e-01
5.280715625917001832e-01
5.352228544703345747e-01
4.707403694458101029e-01
5.003389186085732687e-01
5.111905756072883111e-01
5.136723240340091978e-01
4.940880590224156488e-01
5.007536073972873591e-01
5.362363608555487104e-01
5.282183905934713097e-01
4.592239224026988254e-01
4.439291587522141702e-01
5.492443534547345463e-01
4.766033281276720324e-01
4.839483132957675404e-01
5.059855036792272331e-01
4.448566633164053874e-01
4.795461106985022259e-01
5.532131955729100437e-01
4.750638102770399218e-01
5.562742345084983331e-01
4.848182152585098215e-01
5.518681297031592381e-01
4.902252371381924378e-01
4.924630070117902991e-01
4.884182395318225622e-01
4.719255330930578474e-01
4.852080494959333246e-01
5.164661582912724036e-01
4.902570308083288309e-01
5.189223374396015886e-01
4.817725286084831304e-01
5.153052078480431231e-01
5.419197957300248003e-01
4.632708439255197042e-01
5.043332565599994988e-01
5.110509103127923725e-01
4.925900118170821185e-01
5.029294173956051495e-01
5.501290834709406941e-01
5.449016721586904533e-01
5.506930210713273377e-01
5.258710066724361365e-01
5.619071501014617498e-01
5.196877099479495499e-01
4.994264989484029638e-01
5.360211227673843393e-01
4.991344172269868706e-01
5.061315306337088593e-01
5.710937464707561695e-01
5.352755031191888113e-01
5.214112304610658555e-01
5.051989707496415960e-01
5.029137102728373776e-01
4.987314829019848239e-01
4.841315384598172122e-01
4.654238581846926737e-01
4.814390846070293883e-01
4.954333093569862068e-01
5.395970566782642974e-01
5.033364584677915143e-01
5.234940748879629568e-01
4.431096815458490101e-01
5.335291047619732385e-01
4.815565142912597851e-01
4.961596765329851499e-01
5.018489611028802422e-01
5.444317725870274627e-01
4.928622339996805435e-01
5.053661338023641703e-01
4.626276671511078686e-01
4.816953108837265796e-01
4.965272062979426693e-01
4.894524054385248069e-01
5.123951192660086695e-01
5.113302997203729161e-01
5.212854927855238296e-01
5.000330543589240895e-01
5.260475080857807129e-01
5.388506717014729386e-01
4.835815658663092931e-01
4.866178393869986518e-01
5.119402484977776391e-01
4.920818065485203507e-01
4.891232401745299052e-01
5.312761209149130526e-01
5.107597604675175873e-01
5.152827436560881713e-01
4.687996277133766876e-01
5.115861579409264337e-01
4.808033473596785012e-01
5.104809715036429107e-01
4.850041792070682867e-01
5.283298808459844231e-01
5.101994164018248679e-01
5.677166757088988325e-01
4.836650887458827097e-01
4.924404657146568276e-01
5.326196752566474402e-01
4.875685554731178373e-01
5.146213641172379116e-01
5.108832305562499565e-01
4.696165349333737415e-01
5.084518745503384674e-01
4.858675776760961740e-01
5.058994177204209075e-01
5.676240489734912797e-01
4.861143964222827685e-01
5.044368781288284254e-01
5.322866029575219482e-01
4.962584114946192448e-01
4.934012646896383525e-01
5.029189427824697356e-01
5.026402272266285998e-01
4.765169918374266844e-01
4.542251061127335343e-01
4.943731559654785945e-01
4.795456314863957292e-01
4.736276024311517618e-01
5.080255585843169719e-01
4.398441066131758559e-01
5.135277323484130907e-01
4.856503006134949008e-01
4.797258209587252353e-01
4.710669314936717922e-01
5.407601786445761505e-01
4.877204281401646968e-01
4.730486965716807490e-01
5.363843771998791921e-01
5.301867768441038686e-01
5.082521903223610193e-01
5.146917211101795786e-01
5.272505622164184169e-01
5.558917933292276681e-01
5.199156678256571240e-01
4.713209006522871558e-01
5.283078333017428019e-01
4.988900807269897042e-01
4.545170963907776418e-01
4.725061478049508157e-01
4.740294945397214299e-01
4.662604904485470048e-01
4.598040131314334311e-01
5.054123096644932422e-01
5.248088487706938920e-01
4.672331494470263191e-01
4.444256860684001054e-01
5.033139712260232823e-01
4.959293082815943721e-01
4.868268727958718345e-01
5.464700616139580580e-01
5.605169679435177965e-01
5.477212335077197292e-01
5.510106890125164858e-01
5.509492784320972891e-01
5.588377075647495973e-01
5.130906620921676931e-01
4.951178125987865664e-01
4.978651738101776969e-01
4.977169369709599778e-01
4.784721179788464784e-01
5.285448320327363891e-01
5.270309249677465058e-01
5.325791043545851089e-01
5.517135540234334723e-01
4.749087340499864585e-01
5.173216458318319333e-01
4.885288842753009453e-01
4.894127193905686846e-01
5.073107427646905698e-01
5.064861820598072217e-01
5.309294451090923461e-01
5.397966333958271745e-01
5.372094643139299075e-01
4.976074732255722499e-01
5.071798330376867670e-01
4.958954020195610601e-01
5.090645083332865362e-01
4.989344055654686971e-01
5.242364559915176914e-01
4.885907738938374267e-01
5.086143213446122635e-01
5.495617978515966451e-01
5.588610159774378694e-01
5.521571253629850018e-01
5.567073478508122175e-01
5.199107745275287629e-01
5.031400192039445773e-01
4.916618313000934437e-01
5.317524500651240604e-01
5.008486083007647194e-01
5.053518882717267235e-01
5.212679166080927962e-01
4.882670898204921617e-01
5.270621648415932947e-01
5.096344393887713986e-01
5.516879861207980573e-01
5.085140851167201381e-01
5.290889700743889312e-01
5.106704578069152234e-01
5.277926302091427990e-01
4.895140979148513982e-01
5.453661301126808691e-01
5.556427171672446708e-01
5.725994135336710533e-01
5.360505275001753445e-01
5.018275643034237898e-01
5.042460651060723942e-01
4.947757147391283472e-01
5.016406491822765767e-01
5.154635623337643358e-01
4.869450868494981099e-01
4.881253105564061223e-01
4.684093009642187888e-01
4.790494726116867330e-01
5.239161133280000326e-01
5.221890562486647402e-01
5.403293589472016878e-01
5.449534965535259845e-01
5.357862307270531144e-01
5.325512054558676489e-01
5.166407197416881258e-01
5.397929228630565790e-01
5.644501162255605164e-01
5.684019520738927689e-01
5.277196787296893898e-01
5.460957613924031229e-01
5.180140504764725318e-01
5.154455410057752207e-01
4.989575219067935996e-01
5.144659023575782753e-01
5.402084432551508275e-01
4.768015009723870490e-01
4.950578564681674121e-01
4.901412316185927431e-01
5.262210257137374114e-01
4.750176034880467801e-01
5.320545374754245271e-01
4.840334205133547951e-01
5.385935866004789574e-01
4.844134730102155340e-01
5.143073601349855695e-01
5.128594562834565274e-01
5.423281924666183418e-01
5.056764859337941065e-01
5.449918985359872847e-01
5.116087658586371267e-01
5.404097896648767385e-01
5.373708167584564377e-01
5.321470055314073688e-01
5.385332629866772525e-01
4.849607901365651230e-01
4.753626270061829251e-01
4.902096984534716761e-01
5.075159447323746020e-01
5.230519930918829941e-01
5.267340790038385068e-01
5.145530749595448317e-01
5.438781153683401870e-01
5.547721268123075866e-01
5.493190973022159529e-01
5.617133397492930502e-01
5.414050375810558480e-01
5.564089290232296925e-01
5.694888216125650882e-01
5.427133230810199382e-01
5.490229625149160020e-01
5.318604920335169295e-01
5.364753591847031267e-01
5.854455483646100467e-01
5.484139004120686112e-01
5.490030280984773414e-01
5.200635090379928105e-01
5.400187917183570940e-01
5.214247658073720704e-01
5.082818060554009643e-01
5.285653633699610721e-01
5.212814618151907498e-01
5.197655283516875446e-01
5.120410481323336427e-01
5.189048071684027041e-01
5.180110742002717039e-01
5.585874467870284299e-01
5.162811102761790671e-01
5.235069980394130296e-01
5.112330743812718570e-01
4.718630471038579577e-01
4.579691934291120203e-01
4.718386053020207638e-01
4.924792293172430835e-01
5.210655097152281368e-01
5.840152020288154056e-01
5.391804610026574851e-01
5.092495221752115775e-01
5.255586440883731614e-01
5.276328392279147073e-01
5.159703318303445752e-01
5.364310224624316836e-01
5.226173511784425463e-01
4.779634042807389127e-01
5.298419115614764197e-01
5.496973886448247582e-01
5.585174305808242590e-01
5.153190501548280400e-01
5.543526924279885693e-01
4.549220791510195649e-01
5.223784985444446249e-01
4.951432461641184224e-01
5.322665012486125224e-01
5.422632713056582121e-01
5.391167961893706950e-01
5.226458578793145016e-01
5.222169892484370690e-01
5.326737682980102750e-01
5.238214145527362309e-01
5.157829834900836685e-01
5.026110211068801625e-01
5.558133119909808295e-01
5.486122834794020520e-01
5.661668460949197401e-01
5.513993814541393590e-01
5.087890742135947608e-01
5.045950901402344035e-01
5.342765866421050891e-01
4.956158550268932039e-01
5.482195563769932667e-01
5.294581591154765565e-01
5.349323284055135241e-01
4.959194083504434025e-01
5.246601219864364118e-01
5.252138643566198750e-01
4.876186157247499597e-01
4.755796486617438479e-01
5.016373889533571884e-01
4.515379103170144570e-01
4.784580293311359589e-01
5.023048082151726490e-01
4.738319907810884524e-01
5.126308364777421023e-01
5.167615932589336714e-01
5.065583149124905926e-01
5.107741590495902262e-01
5.475485408139760812e-01
5.233187415446273194e-01
5.384215382425122653e-01
4.979359309328671435e-01
5.104482822022915478e-01
5.791284437180471700e-01
5.218946969796117719e-01
4.906978450118664736e-01
5.142422774941151076e-01
5.245448761668194404e-01
4.726140022277863784e-01
4.754023314529635114e-01
5.448541141848364244e-01
4.563191062363521344e-01
5.260672047713086386e-01
4.876825981673348354e-01
5.366573864733938937e-01
5.254315691071388406e-01
4.755967804707223467e-01
5.184685675476125022e-01
5.354232832508772910e-01
5.321899009617769849e-01
5.172571433297045163e-01
5.264280136392006648e-01
5.192847004821590229e-01
5.380387411322740121e-01
5.348535004874658272e-01
5.513649726121492289e-01
5.354859515203292952e-01
5.263835796428902869e-01
5.409854765378642183e-01
5.062109896242211748e-01
5.164544973160085650e-01
4.946270022576340075e-01
4.621818078948772834e-01
4.938516173031168299e-01
5.128524550500455081e-01
5.030105095042385344e-01
5.067884969775506843e-01
4.662224092125583086e-01
5.032216647782328245e-01
5.392587250971814239e-01
5.255726422730683245e-01
5.581202830898583933e-01
5.478906260682406826e-01
5.170884939290449900e-01
5.732631942343221487e-01
5.572585535648209021e-01
5.617796064423667968e-01
5.482098087979854206e-01
5.139977659623713446e-01
5.259524424233590345e-01
4.891123055847202417e-01
5.295055214398972643e-01
5.402680274950095729e-01
5.157809659602681229e-01
5.090044507202990953e-01
4.766122884176579033e-01
5.055672908873455329e-01
5.139376160863815546e-01
5.211595257702765771e-01
4.908590643612343318e-01
5.252786207077972946e-01
4.550827415426138556e-01
4.775607731427888858e-01
5.078078087791941808e-01
4.745721739233004222e-01
5.031779399051239388e-01
5.323530272216654424e-01
5.181230582506739513e-01
4.684829640676799190e-01
5.042039284631070206e-01
4.895640305526641756e-01
4.975408617884728990e-01
5.069931577162597458e-01
4.747288601540493591e-01
4.930912108309680186e-01
5.092849530929132174e-01
5.145214327562306345e-01
4.888694801370616072e-01
4.999267521424590188e-01
4.809193210168038468e-01
4.731927672563204790e-01
4.946826044548845447e-01
5.017528435713853874e-01
5.024158832111462747e-01
5.425170937130693316e-01
5.287024937323185902e-01
5.378515557129275315e-01
5.402969256846835711e-01
4.297395231209502620e-01
5.031869155002726135e-01
5.351216750807159528e-01
5.110878402275086385e-01
5.322284579411205030e-01
5.035084669429678028e-01
5.149925501463523680e-01
5.138206375646789947e-01
4.746238206048801755e-01
5.287004085900351980e-01
4.688623477313587640e-01
5.113742417911066873e-01
5.224546102186939933e-01
4.728201278786732797e-01
4.740693974793787069e-01
5.121756228730808269e-01
5.162617583851848435e-01
4.927272900518153698e-01
5.076622061732010138e-01
5.602029113804388727e-01
5.340375241942401097e-01
5.578378701307614707e-01
5.422014711332451276e-01
5.735626999305507567e-01
5.350376044982410040e-01
5.184526900751438294e-01
4.985703489448719550e-01
5.282833418292401939e-01
4.970758804513871754e-01
5.021753685147938295e-01
5.335580668264707782e-01
5.351099857111846214e-01
4.969831121371678928e-01
5.311481814830788517e-01
5.212355300624297305e-01
4.574705820723513616e-01
4.649424535371529110e-01
5.050756262364275440e-01
4.890516277957347446e-01
5.476050023596927829e-01
4.971099688228755031e-01
4.823163795243745056e-01
4.960169957141442598e-01
5.469816652753279884e-01
5.056034939425620989e-01
4.910910437063780165e-01
5.492853883875490340e-01
5.208999304337044167e-01
5.364279454588850582e-01
5.502581936502386473e-01
5.654658188736330082e-01
5.722124988195481654e-01
4.841118023741896037e-01
4.905595745439181310e-01
5.054345235732414787e-01
4.999607426243496966e-01
5.052021800659736162e-01
4.941408785173637130e-01
5.282418500362553448e-01
5.122759537344304670e-01
4.925247229995879383e-01
4.929037178673771891e-01
4.917853911233891484e-01
4.963314532260513778e-01
5.406275894912567770e-01
4.751913566690924573e-01
4.712805626755708910e-01
4.880881785938362971e-01
5.094566286119199816e-01
5.298000964853585293e-01
4.829990406666422320e-01
5.020574100583302668e-01
4.733415417282155202e-01
5.103920661709374640e-01
5.079647263357065512e-01
5.450567051177459543e-01
4.908957734448239907e-01
5.019851472071084064e-01
4.663482497157389606e-01
4.970544189154120773e-01
5.180200837729772578e-01
5.335801247814677684e-01
5.380294879092483162e-01
5.368566384787952783e-01
5.197051078940149171e-01
5.544902687082799986e-01
5.472836011549039315e-01
5.198724170819286616e-01
4.676785113471026989e-01
5.171613483191049854e-01
5.147052821236060005e-01
5.315230460845965510e-01
5.599822126231611685e-01
5.384742838427658551e-01
5.144761699991473591e-01
5.517858406897819812e-01
5.545258041646142777e-01
5.626245958390055923e-01
5.293109313562679441e-01
5.121029960872164333e-01
5.035170753117551579e-01
5.319511873411575387e-01
5.196786762274803184e-01
5.491747253070687895e-01
4.773890885502846682e-01
4.966108080164672312e-01
4.964898276318317483e-01
4.755206660517341533e-01
4.827569157218357665e-01
5.457388292080235237e-01
5.378111468080758462e-01
5.042373407826794551e-01
5.261629717013971419e-01
4.734421491756257150e-01
4.706796944803143257e-01
5.115179057855092637e-01
5.063088702991974666e-01
4.998559804691608544e-01
5.086676653498179990e-01
4.789183295514915506e-01
4.890790570706739504e-01
4.852067611156336557e-01
4.904553755285078753e-01
5.289620846268611176e-01
5.347774873482576963e-01
5.382968138324142338e-01
5.411189906496225444e-01
4.973806603976047569e-01
5.303155545405933147e-01
5.522041133478949870e-01
5.288037809850226756e-01
4.781812565653385527e-01
4.756729255641519716e-01
4.868991966396713500e-01
4.777582010631553078e-01
4.768169429424065076e-01
5.245100288376534081e-01
5.021658832040750697e-01
5.452800126476536891e-01
5.022227428099258484e-01
5.148163721324183761e-01
5.236493634133648767e-01
5.075234385425216876e-01
5.177213676789315100e-01
5.206466725620029212e-01
4.874427357314834452e-01
5.329927516566005385e-01
5.138013634110989436e-01
5.554727646133166274e-01
4.777168039670926514e-01
4.653851358813633210e-01
5.038946520481152325e-01
5.017327819410987155e-01
4.917766919789473001e-01
5.399164980174643302e-01
5.525226714416465734e-01
4.807177599703560955e-01
5.256514444102807770e-01
5.351066299004849647e-01
5.028357452169905928e-01
5.288447768605747390e-01
5.215139190425155391e-01
5.161209008165390522e-01
5.247088764319527421e-01
4.945958621599131910e-01
4.942346834808291067e-01
5.184142879821861394e-01
4.999835517532815743e-01
5.093390860061774994e-01
4.816705867963729237e-01
5.226793048046973755e-01
4.945606425926423744e-01
4.987079839416386218e-01
5.061599158768304019e-01
5.005643733391648142e-01
5.053727177820197536e-01
5.003296497726601455e-01
5.262799629796270917e-01
4.819840639769158996e-01
5.270791178763893914e-01
4.908438764575390745e-01
5.102523775085801017e-01
5.412166867989927077e-01
5.196795839594109401e-01
4.976355729305612652e-01
5.347104904669518488e-01
5.592658338005844776e-01
5.256472274998477134e-01
5.102662110274601703e-01
5.214551675838632327e-01
5.182238021690740437e-01
4.929206045646242207e-01
5.222818293897415476e-01
4.691731785432498580e-01
4.942006106908779506e-01
5.395867675730436908e-01
5.151905740860432958e-01
4.914599898700809377e-01
5.022600166183628367e-01
5.242865321193602712e-01
5.469030071322554809e-01
4.921565103145181808e-01
5.254300282859304394e-01
5.317724198352420384e-01
5.210750127607608473e-01
4.660582395556281954e-01
4.613801452849769502e-01
5.133020741187662717e-01
4.939381807248809375e-01
4.671512599887092110e-01
5.185826977928820192e-01
5.257898555327877865e-01
5.614393371964346846e-01
5.443966217751026182e-01
5.256839485208602003e-01
5.378635879045814416e-01
5.132075397094214564e-01
5.549595676503215058e-01
5.087437505370676627e-01
5.310504837732368255e-01
5.275731718966214512e-01
5.013748015051612272e-01
5.190668088136743963e-01
4.985579936049204797e-01
4.899685893737725784e-01
5.160758344971544398e-01
5.226411690695207390e-01
5.105756019349994013e-01
5.600914712343453283e-01
5.406270143734780431e-01
5.264661272367150424e-01
5.394743094321472476e-01
5.300860127495561347e-01
4.824291135278385712e-01
5.214897887462855985e-01
5.341311968148759748e-01
4.975394044937179183e-01
4.842217970266736171e-01
4.937179533595263403e-01
5.167561864871526023e-01
5.203591251175496701e-01
4.906379571165104814e-01
5.387269720422540598e-01
5.606468074486837816e-01
5.339060496257086452e-01
5.284963501176752620e-01
5.482680977137043277e-01
5.205696242641422167e-01
5.419674325476095955e-01
5.370038593491964773e-01
5.216705952502949106e-01
5.195246229708592178e-01
5.502154213460680454e-01
4.919350654232369502e-01
4.831143677953961268e-01
5.214806544094106044e-01
5.057771405544387866e-01
4.946364398102309767e-01
4.875348157319701614e-01
4.909791561275997918e-01
5.135757354063479330e-01
5.299364818846526992e-01
4.944927948239168924e-01
5.111840077320233267e-01
4.986348746877052873e-01
5.311907061542394670e-01
5.003814314310148781e-01
5.061875585859795246e-01
4.964882725145263742e-01
4.555757950918275512e-01
4.941785660014081927e-01
4.939373474079689630e-01
4.484622406023886509e-01
4.603976686660371520e-01
4.304865312886066442e-01
5.080009246348428098e-01
4.497034152598390899e-01
4.775370894650352027e-01
5.073740218712081695e-01
4.764790526337671639e-01
4.570232541003814153e-01
4.839827536974127264e-01
4.700208254369290239e-01
4.885742805278921463e-01
5.487353698308364836e-01
4.875802803926531648e-01
4.933506427963664231e-01
5.003792462899575577e-01
5.103285633031902080e-01
5.181238198634630088e-01
4.923957417012637672e-01
5.210117774371050281e-01
5.372526894943994158e-01
5.166002537172542652e-01
5.268904236097635696e-01
4.706022008358446418e-01
5.065387221211841151e-01
5.342133839007504603e-01
5.580519586509956609e-01
5.096724926494314856e-01
5.198883911675181713e-01
5.017595514122079603e-01
4.969230208082937028e-01
4.724670453310508833e-01
5.135832100460607785e-01
4.890379409884715312e-01
5.299265642586357128e-01
4.927943823614352459e-01
5.491044831599564136e-01
5.294599743412556903e-01
5.355948088332126433e-01
5.462434285748732909e-01
5.353474014125239044e-01
5.453653400709070898e-01
4.863931925965657155e-01
5.327513970170089097e-01
4.862719478443707777e-01
5.425110947184935695e-01
4.966549712170649777e-01
5.418589847348860289e-01
5.240620413779669695e-01
5.207201772672719331e-01
4.780579757000176788e-01
5.140399626342306849e-01
5.047718040822913865e-01
5.303385018690857100e-01
5.045178974671628014e-01
5.134298742818125261e-01
5.857860241472852003e-01
5.613843612234499236e-01
4.901290870479071971e-01
5.234225592782266734e-01
4.988302939757439103e-01
5.117663022046797794e-01
4.754259978434836054e-01
5.183236513390676592e-01
4.928704627718772380e-01
4.498630074264201584e-01
4.841330247403358711e-01
5.207352047321315291e-01
5.242360072168010809e-01
4.639236079277181402e-01
5.351022939935644596e-01
5.473932609716823938e-01
4.923704976217037621e-01
4.296996426411520686e-01
4.758017843998462726e-01
4.928226266454124316e-01
5.223845361350071270e-01
4.725701071283529009e-01
4.996501011897599431e-01
4.817498677488561976e-01
4.966108217186854801e-01
5.429576066990354777e-01
5.545982037434769030e-01
5.050575407966647612e-01
4.991797891441007717e-01
5.067871898847355894e-01
4.896274687698883299e-01
5.393244658377596146e-01
4.969672135509545230e-01
4.866164611633747583e-01
5.265071609267647501e-01
5.137363211064782664e-01
5.153492517045999977e-01
5.277362163164663889e-01
5.266464564993078579e-01
4.734384889496628390e-01
5.006828409101879984e-01
4.804045568688003476e-01
5.511983123977298726e-01
4.938557517272184616e-01
5.103932084738057595e-01
5.479171852437619838e-01
5.243958453143122700e-01
5.047485750367602941e-01
5.549237263587037949e-01
5.338376123254905403e-01
5.166713094256957239e-01
5.063123291838501627e-01
5.047924312778638845e-01
5.529783660196333495e-01
5.324702487531257633e-01
4.911468384130716069e-01
5.156940540788576000e-01
4.997595813908489726e-01
4.759342984800374876e-01
5.259203680031695471e-01
4.955041193388086684e-01
4.845763544996752881e-01
5.393144301002696928e-01
5.224800524138863977e-01
5.111001027041012224e-01
5.287723580772577536e-01
4.936537124836779533e-01
4.861818847797910181e-01
5.435771270729236049e-01
4.922518851662148753e-01
5.089008870526345873e-01
5.438901282702035545e-01
5.369420556793762511e-01
5.163757704739544430e-01
5.149262927669943091e-01
5.859332049078224136e-01
5.542947576545925736e-01
5.497099908052837103e-01
5.708704522301898399e-01
5.633090246569694148e-01
5.262021861653654042e-01
4.830891969024948551e-01
5.181141965861965071e-01
5.055920255594122947e-01
5.526505090856539404e-01
5.486773432886750124e-01
5.245278664688713954e-01
5.284755550013154890e-01
4.970229939072490777e-01
5.227080327580782004e-01
5.157179062689724036e-01
5.331548816805898872e-01
5.523532686842117512e-01
5.476826998214515685e-01
5.553486373748848237e-01
5.842093963618879560e-01
5.513634347493053811e-01
5.508699130826032464e-01
5.474946679693792895e-01
5.336010653474585474e-01
5.227114219355519786e-01
5.196033884955376658e-01
5.032192082578880177e-01
5.380254116396747666e-01
5.162401761704781267e-01
5.109879691832520665e-01
5.339355717041882610e-01
5.515542940255366844e-01
4.779949197915678849e-01
5.170676561225335810e-01
4.827428388942607840e-01
5.038835602523922264e-01
4.810622836612368225e-01
5.039151181428535020e-01
5.337899640315706407e-01
4.939759718669340383e-01
5.057597479717967914e-01
5.061553682838229040e-01
4.676714298925361279e-01
5.140085502298884501e-01
5.099182906059884779e-01
4.969861713834739514e-01
4.870852132425190217e-01
5.699804380896582590e-01
5.522835998051481843e-01
4.752810912138155652e-01
4.625718444169156784e-01
5.538646611894324501e-01
5.445267589054572088e-01
5.369078346990369122e-01
5.353147870517472873e-01
4.743527484083993051e-01
5.218935273998350777e-01
5.120841829388914634e-01
4.590832283327848096e-01
5.085279893379299754e-01
5.349412519631184804e-01
5.408627756097584838e-01
4.926235361027205273e-01
5.326528597108227681e-01
4.830615882528505045e-01
4.886319292930837443e-01
5.178726534963867811e-01
4.981246101721462649e-01
5.001658258260266443e-01
5.389607706128826115e-01
5.376004142066099778e-01
5.754018949198722588e-01
4.972951756495606612e-01
5.061185395668859055e-01
5.093152570681496183e-01
5.249616283786218141e-01
5.133362255665707696e-01
4.892948560510494427e-01
5.278679506502578223e-01
5.165894738165220934e-01
4.817143378776951868e-01
5.496628639063483313e-01
5.593320827842445109e-01
5.473954196965011842e-01
5.183579743585181587e-01
4.773252187022616888e-01
5.233535765241367210e-01
5.057514082117963161e-01
4.587934055849167692e-01
4.798726067693667163e-01
5.371159991447749249e-01
4.610097296662412081e-01
5.143172278844262424e-01
4.844694993583793519e-01
4.372857871003448249e-01
5.112794089796582897e-01
5.381711132406685749e-01
5.260091395960998506e-01
5.188716088004917681e-01
5.345227448006900639e-01
5.249804228962230424e-01
5.191603583292047075e-01
5.384140871300234776e-01
5.134606692421797014e-01
4.846974759113049647e-01
4.565684593969199234e-01
5.315112826644415867e-01
4.830742325077289068e-01
5.307902983955037346e-01
4.752049646453651022e-01
4.505138305991754910e-01
4.695156734433994505e-01
5.157486659527729111e-01
5.011038196768023978e-01
5.357978965800114235e-01
5.304999086575354905e-01
4.953952597964031979e-01
5.459432803655149824e-01
5.532447284951509392e-01
5.402578410572820289e-01
5.177033928408126817e-01
5.009224511061778351e-01
5.454052833945916001e-01
5.037759759324695885e-01
5.563368690706241848e-01
5.465035663523728493e-01
5.227642539223165130e-01
5.120427071961486387e-01
5.042016461606928512e-01
5.284559969870933349e-01
5.507847022899702294e-01
5.122845394919258721e-01
4.535383392766196842e-01
4.995419726535634819e-01
4.866139136234941542e-01
5.121754494949997127e-01
5.162766007586653272e-01
5.082808016901628756e-01
5.131242702153635538e-01
5.675114182084254333e-01
4.515540009441781355e-01
4.780270639267833466e-01
4.728508329909920094e-01
4.775206742109798230e-01
5.098245094428195401e-01
4.876842394035245110e-01
5.181206914430627197e-01
4.904643077658654704e-01
5.186119112801836906e-01
5.265796632916749376e-01
5.374401218668740654e-01
5.195258870381090910e-01
5.438610202941133176e-01
5.444081256973340999e-01
5.737757542035277769e-01
5.411533558341108385e-01
5.120683494380504630e-01
5.313162225491971924e-01
4.982857490276659806e-01
4.698554803467095975e-01
5.346179159011036353e-01
5.317441141342038602e-01
4.828578032893094396e-01
5.313634644092654069e-01
5.162766258390920626e-01
4.907120524672304307e-01
5.376235128957068676e-01
5.023746949771373815e-01
5.398099221831569317e-01
4.925361021255094673e-01
5.443259981235142320e-01
5.083922121918273973e-01
4.713611216026346584e-01
4.884725576844839434e-01
5.072501998647918064e-01
5.148876546931911991e-01
5.409382108997334848e-01
5.361112862955553782e-01
5.333377639141068105e-01
5.457806377686860166e-01
5.094438211907973413e-01
5.052691146529966204e-01
5.430932580893111927e-01
5.317402095834720122e-01
5.360523985954971371e-01
5.085070268041513852e-01
5.242357149147797157e-01
5.195278103930343061e-01
5.388896916519589908e-01
5.438691201098133643e-01
5.337704913272228735e-01
5.416726351877885204e-01
4.866581701333863030e-01
5.366882944001063471e-01
5.229432664005939646e-01
4.994638973780196611e-01
4.775367000169126186e-01
4.949630646598260353e-01
4.796355927757503523e-01
4.727303904675435597e-01
5.255505213397797526e-01
4.910116744351185059e-01
4.764554188285470837e-01
4.732029307519557970e-01
4.473328722491428100e-01
5.002836586836205690e-01
5.486522346249700366e-01
4.613044298170622670e-01
4.671705490239950742e-01
5.033720547045611449e-01
4.996022875214677361e-01
4.743416015244106831e-01
5.270895027601784077e-01
5.010442333705189544e-01
5.380585118927159183e-01
5.085459040720351487e-01
5.348164284303557059e-01
5.204874732848816521e-01
5.256465125111122738e-01
4.944062099866380344e-01
5.281186328638947103e-01
5.265310818761782530e-01
5.058389453146417969e-01
5.232059436013920539e-01
5.069026887404934900e-01
4.959201682282758372e-01
5.105985353057315157e-01
4.666211495681945598e-01
5.334771166583405222e-01
4.794474079180507942e-01
4.703284475391040775e-01
5.131911436607763388e-01
5.208798847169019419e-01
5.314232562943642657e-01
4.930514140635844367e-01
5.263452772224417320e-01
4.945776900385662200e-01
4.883650285161831306e-01
5.067777843398638682e-01
4.981554522790977435e-01
5.272488794906687870e-01
4.936281270821223921e-01
4.981183062909967929e-01
5.283681530870885101e-01
5.282844437801236248e-01
5.047357828365663934e-01
4.799476993681156545e-01
5.123160703148676998e-01
4.735573247644112582e-01
5.517324287906543168e-01
4.892161096933332343e-01
5.121427574762054125e-01
5.302451622387686081e-01
5.280209870231713509e-01
4.963804666951416866e-01
5.138795837859359006e-01
5.059648929698675746e-01
5.099480844666069990e-01
4.931994740555992185e-01
5.282595590805535535e-01
4.965411197420073197e-01
5.375197589297140421e-01
5.101418685961053301e-01
5.385481001695583414e-01
5.012949125571929399e-01
5.180451252075267687e-01
5.441827291728265070e-01
5.363462010315859230e-01
4.980267194195321934e-01
5.265679077694283006e-01
5.265244730312039767e-01
4.986254523552106632e-01
5.383051002924369444e-01
5.449908526602630365e-01
5.277396186950584767e-01
4.933699532256807796e-01
5.079127556983148439e-01
4.970756688585488692e-01
5.071198001941086275e-01
5.156079478182759024e-01
5.024895489772075452e-01
5.506303267391284839e-01
4.824636042020137294e-01
5.819272137860610483e-01
5.886914980385213880e-01
5.452959364817062671e-01
5.268809480697982384e-01
5.386237106372862016e-01
5.428351821956358680e-01
5.010277518190580093e-01
4.986475639638969226e-01
5.405328111634001287e-01
5.352800702894175977e-01
5.714144935937157666e-01
5.286447375905550805e-01
5.491750348810129356e-01
5.080548895201110193e-01
5.082763099971246978e-01
4.930210273683880429e-01
6.034297792836724739e-01
5.293846921049658594e-01
5.465102476736429793e-01
5.233835234009361903e-01
5.710276732118306775e-01
5.825431610068635413e-01
5.879166348969655509e-01
5.228734305858625531e-01
4.885676895149558829e-01
5.302482110065408483e-01
5.013211346034542881e-01
5.470594662763600402e-01
5.492073681771619809e-01
5.355521885737563048e-01
4.795944993680016366e-01
5.039526495857308275e-01
5.156933855741835382e-01
5.167911609610591483e-01
4.972976187516646718e-01
5.013606940325450179e-01
4.517089356026515179e-01
4.649012019806591511e-01
4.953183925397999787e-01
5.041291236615152993e-01
5.005764982395317642e-01
5.040716543483516610e-01
5.175076619201257611e-01
4.965541667728867181e-01
4.947611799097108021e-01
4.769003809651942705e-01
4.733123766323406034e-01
4.579924510240764857e-01
4.922141625574364965e-01
4.520058465990355323e-01
5.032498750561107403e-01
5.066307916012335877e-01
5.052964448149225296e-01
5.441056523157992153e-01
5.247507810325736655e-01
5.054948453193901514e-01
5.409062316329920073e-01
4.925967077418634266e-01
4.662776658214958236e-01
4.987656743063222375e-01
5.238920695762714352e-01
4.944756849976665869e-01
5.266032609599191616e-01
5.099768226682876993e-01
5.274514118449198374e-01
5.185429237056921048e-01
5.074379704483870102e-01
5.130982212173008650e-01
5.050961376602055575e-01
5.340244173102461911e-01
5.392468571935427057e-01
5.048672492832770864e-01
5.178649431083981458e-01
5.074507123996506719e-01
5.041006606571990512e-01
5.041731647958800355e-01
5.074403549698000004e-01
4.954644878320001444e-01
5.266792430164810579e-01
5.463242644740025078e-01
5.426163384572617598e-01
5.513753737173006098e-01
5.201855179771948112e-01
5.079731702711459684e-01
5.225613918190589180e-01
5.026070947750185258e-01
5.291366817777071185e-01
5.372889315109791175e-01
4.989726357407243129e-01
5.271853265233870101e-01
5.344013438213901512e-01
4.419084432292771925e-01
4.206267692792619584e-01
5.200302833900808386e-01
5.087188098606356679e-01
4.939100328828365249e-01
4.867135672899543519e-01
5.079210704735547255e-01
4.978019515059425304e-01
4.862142876302950611e-01
4.828414173919192143e-01
5.019032079336603891e-01
5.462717255780301651e-01
4.650604733872664154e-01
4.508700494988850949e-01
4.943886044435620297e-01
4.995370533185807260e-01
5.322688332701505098e-01
5.039510881312163626e-01
5.194712798699646639e-01
5.534979843224212548e-01
5.542458218456308705e-01
5.464998400742192564e-01
4.998170402769669951e-01
5.625903653387940295e-01
5.486301727523902327e-01
5.250741684167170575e-01
5.287256227721883750e-01
5.042932202145949949e-01
4.532723173507653414e-01
4.958740047277508389e-01
4.161220232100988348e-01
4.664432381336672817e-01
5.216737957990179586e-01
5.932174863315007318e-01
5.552448422287249441e-01
4.954924596329769448e-01
5.312680351819334401e-01
5.272377856030379117e-01
4.803919720474574828e-01
4.660764759987493511e-01
5.127671832377364014e-01
4.989009786369522081e-01
4.552688255196641332e-01
5.013250317601409822e-01
4.497795783121549262e-01
4.463810953539693038e-01
4.577062355007989747e-01
4.656181587943246658e-01
5.096490303736949112e-01
5.088153760045776020e-01
4.790683729856806683e-01
5.215968763305121048e-01
4.959317332851190807e-01
5.315892451628356774e-01
4.993162327078678464e-01
5.034824071611621044e-01
5.255277968363979424e-01
5.559368035385350293e-01
5.053059788725026147e-01
5.060648104368287159e-01
4.988634999234958789e-01
5.063707965024363267e-01
4.934423434109863615e-01
4.714348531404443654e-01
4.338084319722761983e-01
4.612008697216503639e-01
5.342900946081470259e-01
4.858705024819928719e-01
4.963105590041937409e-01
4.962458215693217878e-01
5.287612443427072151e-01
5.129898385292878116e-01
5.168030757532562358e-01
4.300732675727904075e-01
4.755217274215757239e-01
4.823748734744068845e-01
4.588714721458630463e-01
4.579196918773033032e-01
4.268385416163056334e-01
4.911038268667424767e-01
4.489106819883906807e-01
4.527855007694612799e-01
4.953666442197259823e-01
4.781573357018956139e-01
4.603820767279488413e-01
4.836148967284116806e-01
4.889238330124349163e-01
5.043062121307745338e-01
4.885111270524438165e-01
5.062211745103459837e-01
5.098509054362433401e-01
5.403163404464799147e-01
4.397915986520524179e-01
5.141884579631507135e-01
4.708020449472614111e-01
4.623561821062207033e-01
4.979241497797836646e-01
4.941783681742474843e-01
5.096265417584505686e-01
4.695248788551810160e-01
5.317651725647122296e-01
4.997423902763188930e-01
5.037441321327013055e-01
5.067477065561243332e-01
5.085909887960310405e-01
5.136831600061136927e-01
5.138114968492164536e-01
5.257019616648445082e-01
4.990315762777711717e-01
5.150637986527434320e-01
5.415135170080997984e-01
5.312461940757197132e-01
5.134363890467830149e-01
5.277938183770715108e-01
5.087795366304983524e-01
5.097085358407328348e-01
5.535479433230907631e-01
5.473694598146785495e-01
5.543597127884368758e-01
5.579289589812405081e-01
5.000397655166255451e-01
5.429221388279482641e-01
5.541124949837361591e-01
5.617450085280027983e-01
5.225612181394756472e-01
4.648997701332174826e-01
5.062650649870009678e-01
5.144071340490994348e-01
5.404345639962434555e-01
5.227186130795532515e-01
5.467166204820339548e-01
5.186669062946415165e-01
5.241620167387751605e-01
5.458947911770174466e-01
5.017274850897049943e-01
5.148380021009375529e-01
5.492847225257997401e-01
5.606738195852243312e-01
5.076962670561839808e-01
4.884106325439328544e-01
4.992067651122691352e-01
5.111969746783311397e-01
4.912670592196261565e-01
4.408380586561373438e-01
5.155737917634357625e-01
5.267659550759282716e-01
5.061341002900971997e-01
4.782664117837119311e-01
4.721413219898734637e-01
4.916774982971328645e-01
4.604072940958837679e-01
4.796123084329677044e-01
4.792075408091040489e-01
4.842833152881318992e-01
4.669811137534016776e-01
4.327622599631270606e-01
4.988954040888943231e-01
5.130499166733119010e-01
4.656334161572911468e-01
5.443356983741834965e-01
5.014183691321901781e-01
5.031051721601859095e-01
5.061795574960290534e-01
4.734410399226877120e-01
4.762987034055758406e-01
5.079806005098532751e-01
5.055798072180599512e-01
5.264459227524459495e-01
4.842025528137319235e-01
5.353413243407904032e-01
4.755395890412974502e-01
5.612190964214672784e-01
5.120696195629848013e-01
5.243625595474989964e-01
4.978039540803943508e-01
5.124884429309316536e-01
4.947063517269907895e-01
5.027830117062982440e-01
5.078053055409530447e-01
4.759075748057125521e-01
4.993615099576390048e-01
5.250577534640942234e-01
4.934476776997369085e-01
5.114940438581934146e-01
4.937505839398063090e-01
5.190344326954489107e-01
4.603647445889557099e-01
5.003835387809951740e-01
5.226612909310986987e-01
4.911817923055651347e-01
5.058806243254745372e-01
5.194209015760983261e-01
4.643368275267626966e-01
4.896001585686513558e-01
5.107301148413631031e-01
4.890247527198440247e-01
4.691456406925010314e-01
4.592204913260205523e-01
4.907351211231410493e-01
5.225671038936547941e-01
5.326644140434053654e-01
5.413888656907094310e-01
5.494254662032954650e-01
5.184913753717886875e-01
5.281822324241943756e-01
4.334727439777031344e-01
4.819425177700435992e-01
4.302926154033276940e-01
4.795921320158828549e-01
4.665308575472426056e-01
5.128370541048157261e-01
5.020818520183474298e-01
5.030056312762553050e-01
4.903330970503309572e-01
4.913863068555071600e-01
4.695323454015291609e-01
5.068417534299698435e-01
5.170293506870667910e-01
4.935082638175500303e-01
5.004321722702557151e-01
5.219892964065449004e-01
5.225845315768027355e-01
5.202626547295250425e-01
5.311587092528550214e-01
5.124225086036126031e-01
5.163080834888755799e-01
4.866157713925233774e-01
4.771375921327489777e-01
4.988992599472643064e-01
5.379447402767131292e-01
5.299162159110195613e-01
4.767734570162028840e-01
4.651105197457858775e-01
5.154933425076023701e-01
5.160471572824697484e-01
5.127707298129683400e-01
5.250930205147040786e-01
5.100481120123727674e-01
5.017405200548153976e-01
5.271084313039440250e-01
5.204697927720298711e-01
4.786912483812805763e-01
4.845488275123800981e-01
5.250611708095022090e-01
5.028120272407102798e-01
5.340856952318515649e-01
5.285496661680557651e-01
5.065255551239141729e-01
5.238230803936695379e-01
5.035892605148593049e-01
4.954104390314906237e-01
4.939472692199467496e-01
4.977078195958020146e-01
4.698273935362697884e-01
4.848493953884285834e-01
4.818893838967587828e-01
4.968504963450482981e-01
5.235410617933237143e-01
4.998860265106740419e-01
4.877612781141757448e-01
5.144076132774658694e-01
5.359320418001829456e-01
5.055423545111968897e-01
5.111149926380889053e-01
4.911325610686265164e-01
5.244013009173796869e-01
5.008960110855606995e-01
4.978601388764285485e-01
5.153785870578041495e-01
5.155048505929965552e-01
5.057118790063459546e-01
4.956569215443861753e-01
4.985084970468446897e-01
4.980455389764877339e-01
5.127777424677899543e-01
5.321295610097176443e-01
5.403223023587766516e-01
5.095781364106310996e-01
5.294663978731648513e-01
5.048095321123593493e-01
4.937951521083647766e-01
4.927322513767397050e-01
5.031454043206928795e-01
5.245087848256898555e-01
4.989250205041542152e-01
4.628479443500425061e-01
5.305224072433555316e-01
4.901676957496118314e-01
5.266894933433510229e-01
5.199718376696104150e-01
5.106095960017289492e-01
5.283336718715293534e-01
5.304713381789836202e-01
5.143530469785356773e-01
5.076445071922379704e-01
4.834140717219579941e-01
5.268772427278272108e-01
4.918472426220786842e-01
4.459856678649599115e-01
5.002837655863912047e-01
5.143804917094739748e-01
5.647911598278847478e-01
5.587744965526053598e-01
5.026539249902858275e-01
5.081999962146125371e-01
5.271136687003612487e-01
5.452008192335838777e-01
4.787563369170265704e-01
5.242000490986312711e-01
5.397672400135166138e-01
5.244056173068641913e-01
5.499083369715819236e-01
5.530235095474139717e-01
5.397221088680944634e-01
5.613042252846559554e-01
5.424785057412901956e-01
5.392652221077839370e-01
5.665169783507594259e-01
4.940172037187120502e-01
5.230275519679684626e-01
4.742812768430326176e-01
5.146917016523256949e-01
4.931395177845163125e-01
5.424958392829748455e-01
4.974426493829617879e-01
5.202023830196579324e-01
5.227935621009930367e-01
5.021008645010209825e-01
5.209212630661362864e-01
5.832980061569528196e-01
5.085810145455174069e-01
4.929707185138701986e-01
5.117197495134770957e-01
4.693314022387500839e-01
5.289206693374084445e-01
4.928127830370219176e-01
4.992185946674276842e-01
4.911168780184615446e-01
4.958567104476388487e-01
5.194832927865703498e-01
5.598983948001459154e-01
4.966403482086320098e-01
5.279675243172533561e-01
5.872661426130412199e-01
5.740355512259653903e-01
5.462297031052633089e-01
5.445434983794351647e-01
5.460206532789777523e-01
5.060815580714225215e-01
5.326387738604068112e-01
4.759714078699511242e-01
5.267177219285925638e-01
5.606677489611496812e-01
5.096105121022057594e-01
5.309462138097088557e-01
5.294338691483349013e-01
5.125585750171304245e-01
5.354680231733972562e-01
5.539696476863799068e-01
4.667802366706700345e-01
4.831246792316232219e-01
5.148890080889766407e-01
4.924043329570992333e-01
4.856114125770766288e-01
5.036431139214888608e-01
5.229020551521137428e-01
5.704603791709202953e-01
4.978463427526002572e-01
5.215655829075258598e-01
5.468449866713293028e-01
5.320886888622365918e-01
5.204517955765883830e-01
5.068878293081824360e-01
5.248849421014769590e-01
5.462940818770366525e-01
5.410810834956132354e-01
5.341135496822299045e-01
5.043141298570326114e-01
4.644574854030278921e-01
5.234025318006921834e-01
5.603950571208402565e-01
5.413779144441580593e-01
5.778121793192191324e-01
5.476490252164450956e-01
5.009020663466288159e-01
4.950081896179268082e-01
5.262707075997220540e-01
5.337014473260323077e-01
5.183050905096847627e-01
5.335488689952451180e-01
5.435369992198169076e-01
5.621576774560442802e-01
5.038492518436142875e-01
5.731539472713834682e-01
5.249348461981261371e-01
5.352336893909604987e-01
4.949392653889753690e-01
5.406735973957329522e-01
5.174582953866954105e-01
4.781060626449352147e-01
4.889192825583422719e-01
5.035574142765739669e-01
5.279189224008364878e-01
5.120161881364326817e-01
5.278256793043504258e-01
5.909843801078105141e-01
5.262143076308576362e-01
5.038642954895821147e-01
5.378006895005066346e-01
4.841547162750118871e-01
4.808838787356785049e-01
4.802969905994020627e-01
5.195149110040969687e-01
4.816289219578022696e-01
4.772210687243663707e-01
4.985677488219290576e-01
4.261772305275687289e-01
4.934499868688837498e-01
5.023165678182394123e-01
4.981196034335599321e-01
5.038039640679777831e-01
4.551873622241198181e-01
4.768160700793954154e-01
4.842323066014425081e-01
4.662513591913814426e-01
4.678154748735713908e-01
4.273036943161195866e-01
4.485707033835775182e-01
4.767395185808741553e-01
4.894875062177990732e-01
4.809476236399938820e-01
4.793211725816690638e-01
4.842701809063065799e-01
4.749555542988013745e-01
4.949810665769510121e-01
4.882308338062038011e-01
4.759100861046758335e-01
5.052953798282728837e-01
5.344625985663553625e-01
5.037649242952717543e-01
4.487328482653631379e-01
5.249373035216052807e-01
4.846207957279669021e-01
5.068666466122780934e-01
4.807242264425167222e-01
5.310647708926123922e-01
4.953284877571459965e-01
4.858387559606724415e-01
5.076752476864563324e-01
4.543961969733820716e-01
4.865020956316476464e-01
4.972914667038161318e-01
5.499861478276980575e-01
4.858862998720526738e-01
4.868536645417109732e-01
5.387109088112673749e-01
5.255966643555978202e-01
5.382185974816278140e-01
5.236783072642134940e-01
4.955494104633367813e-01
5.181977526753019925e-01
5.359416527913011263e-01
4.834148438659564007e-01
4.923856885030382657e-01
4.913949400714655025e-01
5.230145025459439490e-01
5.229492278292414698e-01
5.243960561992795366e-01
4.846169852512896004e-01
5.176242619200075445e-01
5.206986776767857927e-01
5.003445444900838091e-01
5.285280996932976150e-01
4.730331978972600604e-01
5.222702612451037840e-01
4.934850999235877445e-01
5.058182679440594853e-01
4.831205461849564231e-01
5.276435144132629596e-01
5.542168925517281242e-01
5.287676907608920285e-01
5.274752824907573689e-01
5.057732995228051420e-01
5.481062931165229246e-01
5.248831629999098913e-01
5.031537412878952509e-01
5.247662506555033080e-01
5.221707970925199005e-01
4.997214113874716146e-01
5.190100653867788516e-01
5.079821618012161366e-01
4.954446263924405791e-01
4.717493860411107742e-01
4.831843303757375474e-01
4.810354928634782423e-01
5.109523008724580206e-01
4.658338750586952792e-01
4.634309152725875069e-01
4.865957846705494805e-01
4.657995054967653537e-01
4.172163782135562271e-01
5.008458634698500500e-01
4.606760709586371072e-01
5.202876113972113581e-01
4.773746107631564040e-01
4.962658744200018068e-01
4.831064270200073341e-01
5.481542879584625494e-01
4.911629326474483692e-01
4.250362740676411066e-01
4.672784897112221003e-01
4.488162228279015675e-01
5.069342946649491033e-01
4.546113918208117832e-01
4.910950886139420768e-01
5.224517463455197186e-01
5.201619955739461565e-01
5.267969316424395698e-01
4.899923521863898124e-01
5.069435149554095688e-01
4.746680807573860905e-01
5.748995648983745710e-01
5.017979965569485667e-01
5.260100475394567932e-01
5.452629999317960552e-01
5.146884252351732192e-01
5.448981644506583066e-01
5.150587405743145553e-01
4.898994436433068422e-01
5.223930314047569023e-01
5.304330151395149073e-01
4.762516264334282767e-01
4.538119126187034613e-01
5.615211032825243587e-01
5.413302183269201873e-01
5.477183673220845650e-01
5.094412760204178880e-01
4.934018136585193726e-01
5.131844372108247399e-01
5.200646971186148049e-01
4.764622945681474264e-01
4.923465624123557483e-01
4.762246928537176571e-01
5.045251000412089848e-01
4.975713853674876841e-01
5.000504952766193778e-01
5.365533953340794193e-01
5.063130143203601330e-01
5.198774215590390435e-01
5.295987854609824907e-01
4.888210117142584021e-01
5.141415911695768060e-01
5.233150790413166886e-01
4.849270279167119946e-01
4.656354702772374510e-01
4.924064797734344356e-01
5.051877997868222669e-01
5.274369022236308213e-01
4.836714567484041716e-01
5.133137095612630985e-01
4.694781091774155035e-01
4.685034199526696419e-01
5.315806268175041760e-01
5.206245206231936429e-01
5.169434116082636255e-01
4.741621038467229710e-01
5.365499602583553296e-01
4.561034804565856637e-01
4.910024953496912592e-01
4.929342029931904623e-01
5.451370266495539907e-01
5.314723398439280544e-01
5.190674043464034160e-01
5.879788052004847332e-01
5.269540064064506257e-01
5.625171054550338612e-01
4.957358112568792663e-01
4.906352791266893609e-01
5.620271716759963621e-01
5.432298436180779122e-01
5.408896315370819163e-01
4.900230034303054150e-01
5.265949158974299049e-01
5.440743277713948611e-01
5.027628322385155890e-01
5.165706260423112983e-01
4.713871230815993019e-01
4.330810220602604454e-01
4.682062596224852991e-01
5.049639695911880555e-01
4.792253406270626792e-01
5.197964535672193742e-01
5.052704771989913191e-01
5.210866895639880703e-01
5.455240555971467842e-01
5.173675860308429852e-01
5.645958673462707633e-01
5.738924489670709228e-01
5.370106608336786547e-01
5.001853378103023884e-01
5.176793154731722524e-01
5.167967762413435695e-01
5.241118470058739875e-01
5.398311824501516032e-01
5.278209169074030704e-01
4.889340771867953239e-01
4.946341696324075832e-01
5.086605695323761500e-01
5.298523799575591831e-01
5.204413101419419485e-01
5.694552739805578412e-01
5.331720633189726000e-01
4.984316142636738278e-01
5.240516146902379768e-01
5.122053287030603475e-01
5.546550176555978817e-01
5.220940881871325434e-01
5.232434261179287338e-01
5.239593326272500295e-01
5.071759913110406304e-01
5.167339261270146311e-01
5.435332646459318795e-01
5.141146830451314154e-01
5.342182922628875286e-01
5.037158500419053331e-01
5.349737162613686925e-01
5.481172680594279534e-01
5.574839641329069062e-01
4.851900072075649439e-01
5.284202522206252750e-01
5.688706266382792531e-01
5.227677780991302203e-01
4.720864212535187399e-01
5.008615383405129462e-01
5.298656230759590802e-01
4.970126564406774916e-01
5.033055003132280714e-01
5.483877027472338073e-01
5.132729139075766778e-01
5.596951544884474217e-01
5.372093213733007966e-01
5.340121910351759427e-01
5.355719544876519356e-01
5.458758722317721412e-01
5.108226471381648315e-01
5.242159137976145633e-01
5.492662003027427575e-01
5.102428398553376931e-01
5.131960281955341152e-01
5.461249987768115322e-01
5.527226926907659044e-01
4.828102286736589144e-01
4.715869111373244826e-01
5.032151141967724506e-01
4.912361379878108503e-01
4.861889063961440938e-01
5.148484551292814571e-01
5.159645895519880954e-01
5.584323843063321302e-01
4.981866185797872992e-01
4.849474704480382647e-01
4.851676053451613457e-01
4.823184159095145751e-01
5.381512895650453210e-01
4.780754981833875150e-01
4.808914165958851350e-01
4.685058211362834735e-01
5.238307609788072083e-01
5.504523897402592292e-01
5.538827935668073632e-01
5.527386613228223444e-01
5.341460864813823983e-01
5.601646161588121897e-01
5.727502426538400027e-01
5.057068929802612800e-01
5.089358504424050800e-01
4.835401030182569504e-01
5.261594454175484437e-01
5.184240891002422913e-01
5.325057002441770937e-01
4.952513782887493221e-01
5.644700430064755192e-01
5.489752528882575477e-01
5.031854312493221348e-01
5.634313667552141025e-01
5.316447284675077656e-01
5.362564399994385056e-01
5.194466782960169837e-01
5.447781694536609765e-01
5.498954162652638367e-01
5.014865594920633329e-01
4.995273145380777491e-01
5.047102040859988703e-01
5.056055285936958965e-01
4.965481821568220600e-01
4.916937274677697922e-01
4.939848595579434676e-01
5.108301848967298220e-01
5.347493990564694544e-01
5.270944845251614996e-01
4.802247380283952705e-01
4.867503966838671592e-01
5.150724526817632709e-01
4.680956392075279471e-01
5.853943115424619092e-01
4.702403487021417083e-01
5.120287113205883589e-01
4.626808603157715472e-01
4.733633238883886984e-01
4.718485885909438071e-01
5.005232649311573967e-01
5.015221683904883543e-01
5.107517510324547372e-01
4.981646441701578221e-01
5.219572483753285308e-01
4.938310264389111914e-01
4.618407689809149730e-01
4.918328395540278453e-01
4.739190667945237245e-01
5.314940418819732448e-01
5.187387296450030050e-01
5.095091191620534365e-01
5.180247202340979573e-01
5.303455235277767521e-01
4.829154084862710694e-01
5.257326565679639740e-01
5.060910355304715225e-01
5.403614386128735569e-01
5.111166362733438051e-01
4.981139351897407863e-01
5.046561644493681165e-01
5.101598912735599844e-01
4.857146802649007777e-01
5.196032346285561765e-01
5.214714801877733397e-01
5.210315014378198439e-01
4.985803692260983855e-01
5.259837108103625480e-01
4.900459615456320694e-01
5.308693165321233254e-01
5.800564780978710866e-01
5.445065913461991647e-01
5.380175191795729672e-01
5.870436689178268885e-01
5.289626659403933173e-01
5.102930612767386798e-01
5.206223109608206778e-01
4.506357622691792297e-01
4.709013039573190507e-01
5.249420441759664602e-01
5.484998292633183059e-01
5.161166841234202662e-01
5.191568721702500833e-01
5.547329737690411822e-01
4.922792588203013242e-01
5.136440404900431966e-01
5.194104710866758179e-01
5.168752916805020581e-01
5.365308111591315932e-01
5.543255049132018719e-01
5.422872422324305219e-01
5.157622253425976355e-01
5.046776935993827484e-01
4.221598595458047609e-01
4.575844478098493595e-01
4.949334260523925444e-01
4.699166289711199096e-01
5.028470582990902660e-01
4.746977196427767942e-01
4.829687841989231400e-01
5.163769652006433564e-01
4.809248033711575054e-01
4.791495702529444123e-01
5.056738501310003020e-01
4.743519399180594065e-01
4.943269458904270275e-01
5.090914794304978175e-01
4.839409918010194045e-01
4.942396921715656033e-01
5.453117746502500474e-01
4.707421817940381503e-01
5.023652897402369755e-01
5.406689569853440069e-01
5.154400756262773609e-01
4.860731371601347273e-01
4.759017882044739300e-01
4.596276256863388032e-01
4.792146003786851849e-01
5.131921210290020241e-01
5.416800388347435824e-01
4.732623841307820323e-01
5.005394606264359503e-01
5.218616967077677193e-01
5.078326375111843483e-01
4.406357101111429420e-01
4.799125453508052419e-01
4.995972295669789398e-01
4.800905191985990750e-01
4.752724461849632820e-01
4.992854755179256809e-01
4.733673233290872084e-01
4.686030425768274998e-01
5.064313246421923154e-01
4.962611898120956599e-01
5.127467165875285726e-01
5.665441526875248934e-01
5.243187631314937258e-01
5.124088126523729247e-01
5.579715241747003063e-01
5.101332351748486538e-01
5.200590251542220877e-01
5.181026676867264147e-01
4.929042277068588218e-01
5.291453074902703335e-01
5.201177294417504982e-01
5.280143565665993410e-01
5.390634974531617329e-01
5.728368706118291964e-01
5.588606140837032443e-01
5.224065924279019946e-01
4.835892468139446065e-01
4.977952911522225410e-01
4.604635709960933632e-01
5.027951140785289486e-01
5.118588968707674658e-01
5.378331631776724908e-01
5.334780643291597846e-01
5.574608830267016035e-01
5.703152215386759760e-01
5.350412872025560596e-01
4.785029814590830433e-01
5.000947879883402836e-01
5.010945778619672053e-01
5.235326425586134258e-01
5.292549444416236870e-01
4.695845234640519394e-01
4.650509746967112501e-01
5.686806074121555366e-01
5.322272022414734627e-01
4.942960118624646348e-01
5.229736928321062628e-01
5.450390697746576585e-01
4.939194815671799077e-01
5.184113190939728666e-01
5.084631872813027975e-01
4.986792783195010959e-01
5.009753847721289954e-01
4.765547733579655887e-01
4.724086422871071056e-01
5.531239731018483541e-01
5.474569630371119988e-01
5.406081665345062737e-01
5.018922679630137829e-01
5.231230224859707567e-01
5.675211291686005355e-01
5.144620896937565080e-01
5.171991337815227130e-01
5.224317261619296771e-01
4.856740659440562657e-01
5.373001191908628460e-01
4.608278764871518995e-01
4.998860757827783829e-01
5.203295457605245922e-01
4.614586541616354509e-01
4.939320718489982331e-01
4.436991535470072301e-01
5.169015461000615597e-01
5.067567239394876744e-01
5.158065583723417946e-01
5.478619300162295147e-01
4.859259109663506826e-01
4.835239109439695704e-01
5.250784092027587224e-01
4.829135205678123932e-01
4.746204989695583798e-01
5.284149934614058575e-01
4.898856034544151750e-01
4.756642948879692412e-01
4.830755905833740704e-01
4.898988048556768837e-01
5.244711440168673411e-01
5.069928945766489781e-01
4.961608979551575538e-01
4.733479777251208276e-01
5.288327328212518719e-01
5.065833163819269958e-01
5.401686137246868302e-01
5.591777065772814970e-01
5.429591054846794052e-01
5.294772032099687165e-01
5.228806978346900447e-01
5.374409922218463809e-01
5.330844639281461239e-01
4.920036546363887320e-01
5.373985377677720221e-01
4.921288953491331775e-01
5.148847462050254453e-01
5.460002434709400054e-01
5.039659597407979419e-01
5.014677253259242073e-01
5.213365739299796742e-01
5.145196733708922165e-01
5.237988036377200229e-01
5.041245457452790957e-01
5.236336238883924077e-01
5.435885333255164875e-01
5.243906789466148410e-01
5.130344153778088057e-01
5.368229140171580926e-01
5.163480708199399416e-01
5.415478020975941220e-01
4.693432476943974474e-01
4.775562012566748615e-01
5.013794178369536114e-01
4.841845568563603042e-01
5.260074076234473317e-01
4.542212062019439500e-01
4.903818889072956710e-01
4.879259140139604045e-01
5.231573919214296264e-01
4.791801094280323525e-01
4.668483492813112479e-01
5.021070949325101562e-01
5.194614042900236317e-01
5.031381145532040078e-01
5.288982073370811499e-01
5.123345268042454048e-01
4.991348149115679700e-01
5.457628310718495301e-01
5.217859224345433589e-01
5.190165642972043303e-01
5.453261539212099773e-01
4.865957412423689843e-01
5.252779159233267325e-01
5.258845531734583911e-01
5.041469565182580270e-01
4.756220765937236861e-01
4.737385122720635389e-01
5.269266452198404505e-01
5.106616278597496672e-01
4.906333348080773038e-01
5.277580911228616500e-01
5.007107520248890165e-01
5.239995730918902694e-01
5.066921786401433758e-01
4.920261836421745416e-01
5.166349597476552757e-01
5.197452915574596322e-01
5.334639736066647542e-01
5.724055773570455585e-01
4.973291094885828878e-01
4.930472785008836456e-01
4.963098287543136755e-01
5.449775638307564618e-01
5.365813908856776893e-01
5.319307459061136667e-01
4.986638138290631073e-01
5.194763455641479011e-01
5.104109327844118527e-01
5.209861545803280425e-01
5.095757913595388988e-01
5.362913066007640728e-01
5.115826826026326213e-01
5.071181824430988083e-01
5.252188530309144232e-01
4.583300019358973465e-01
4.968084323141633840e-01
4.801568673961496003e-01
4.629426479084581270e-01
4.708342474482509754e-01
4.992878325043977328e-01
5.148606239727321343e-01
5.191034782226364719e-01
5.102959328586639254e-01
4.809571137843733357e-01
4.933597907515815950e-01
4.825524910295370673e-01
5.187793774460233154e-01
4.844046795201071842e-01
5.023337114186783303e-01
4.839642595235019162e-01
4.912488937694703406e-01
5.025165851981119314e-01
5.005615431426929662e-01
4.492549299924418760e-01
4.826566482928525970e-01
4.666701098477880061e-01
4.886969912842408226e-01
5.129401567196337774e-01
5.226056136337501323e-01
5.191298584475075861e-01
5.089118387046663861e-01
5.048016929550352971e-01
4.893822396172078926e-01
4.727566451208378151e-01
4.882044317515059073e-01
4.951410128362782048e-01
4.761857282581102857e-01
4.686805790775693814e-01
5.248985823249389115e-01
5.208004330465904053e-01
4.939030829797665390e-01
4.686590704659449602e-01
5.466041794706749668e-01
5.605864782373446431e-01
4.793290420311299704e-01
4.907794322222467365e-01
5.009062398317372100e-01
5.244207617067117022e-01
4.897239078260862133e-01
5.253687680013933159e-01
5.135872001570770395e-01
5.447749809386626119e-01
4.936347348622758258e-01
5.139756432371334061e-01
4.818916624696654161e-01
5.662538934639026467e-01
5.618518490115216313e-01
5.223870738343688869e-01
5.489897550494353684e-01
4.637141964112245773e-01
5.508978382139896324e-01
5.633542424832455042e-01
5.232062428062999038e-01
5.002044450373897000e-01
5.045170187793367456e-01
4.699070595974497722e-01
4.690805980528457431e-01
4.892028891656778899e-01
4.886554934403353201e-01
4.866984136268655003e-01
4.551601149907588129e-01
4.970162078121313498e-01
5.424765886590657837e-01
5.073110401522773483e-01
4.873561194750070658e-01
4.986280687664093603e-01
5.023436954984270564e-01
5.289585857343749309e-01
5.288548992369198620e-01
5.140495741362097748e-01
5.185381867734393246e-01
4.905374393736652849e-01
4.903574133253421063e-01
5.198722664739255928e-01
4.877980807072009317e-01
5.278731163918629621e-01
5.173160933080472867e-01
5.287245499203125920e-01
5.382110936858343075e-01
5.421227899332125011e-01
5.044690822492515769e-01
5.185980578016597953e-01
5.791334124509133208e-01
5.118778315345972052e-01
5.424606749586008414e-01
5.285083387828191093e-01
4.846968772903591516e-01
5.242050729232784478e-01
5.495626847035107732e-01
5.023324849800107073e-01
5.212254665767186435e-01
5.261258047626242718e-01
5.580460777479941958e-01
5.265130871959089465e-01
5.349281378869373826e-01
5.224569130240417358e-01
5.095963548275210808e-01
4.707459870906821053e-01
5.101462996545860218e-01
5.558622123345445809e-01
4.734120054922476561e-01
4.883156344652764269e-01
5.096993016343326355e-01
5.103253375466443309e-01
5.004016024953338304e-01
5.394006800118521516e-01
5.398181708220125552e-01
5.352987348672395562e-01
4.994450884797177470e-01
4.651103624928264457e-01
4.946017461417984151e-01
5.085628550213416865e-01
5.056742570335526210e-01
5.464294855015723318e-01
5.274584255811115563e-01
5.251923730400775980e-01
5.395198399148115609e-01
5.399290827694155359e-01
5.469905175912898043e-01
5.833100490587910247e-01
5.272315250647831020e-01
5.609573271798365957e-01
5.281386508832539572e-01
5.382845960269142527e-01
5.507986839329837014e-01
5.648890814396274607e-01
5.206559466712076256e-01
4.791896739656861803e-01
4.895757752535701002e-01
5.067944261477141943e-01
5.311870716063723519e-01
5.061677610702204344e-01
5.204694884412403022e-01
5.291381994774606579e-01
5.284460385558829021e-01
4.998105932435562004e-01
5.184467993944834596e-01
5.061600391541393185e-01
4.989138017788819490e-01
5.113900234412497303e-01
4.753590188513463488e-01
4.941745789479146667e-01
5.557681794421327481e-01
5.202954750994782662e-01
5.644636044773831962e-01
4.998082086102005883e-01
5.255240733339304748e-01
5.528382656133513651e-01
4.850606822776899474e-01
4.334632003630608521e-01
5.129758299748268247e-01
5.071954746002310666e-01
5.425338836164748102e-01
4.898821130721583983e-01
4.823067938796630205e-01
5.055646219559687404e-01
5.025435141408303164e-01
5.151818683195481530e-01
5.357924462115256636e-01
5.145978486384897854e-01
5.220195175901403140e-01
5.453299374246848297e-01
5.106677368582299703e-01
5.276253749046547759e-01
5.128025755682513731e-01
5.094797001618506238e-01
5.417733109752608245e-01
5.026032500563804017e-01
4.935031470912684681e-01
5.352173823366657146e-01
4.899333728607014882e-01
5.166197383153791067e-01
4.942869255351128310e-01
5.119330915617622546e-01
5.430363345919324569e-01
5.227425583759159888e-01
5.117351623847423703e-01
5.103480927976611348e-01
5.410580511571149165e-01
5.595357833210238274e-01
5.277451115203233289e-01
5.035215855937996698e-01
4.957413843067502435e-01
5.142719794703505265e-01
5.176464211944541427e-01
4.898877722576636673e-01
5.453503870941910359e-01
5.424466815685964338e-01
5.008057441161208878e-01
5.180583090907366905e-01
5.229292209126260582e-01
5.010864668573310476e-01
5.273436087870906341e-01
5.040237459539543829e-01
4.714713347427710310e-01
5.187952183912452053e-01
5.086131924481562816e-01
5.461994950106739966e-01
5.196784666391482954e-01
4.797195252441295299e-01
4.659421867676460383e-01
4.916737963530097844e-01
5.347056223104125205e-01
5.147168472575691656e-01
4.698359134748100741e-01
5.066090062806988259e-01
5.215417779273927579e-01
5.248305179469258119e-01
4.684184671248249332e-01
4.777056804043950944e-01
5.042338020932680687e-01
5.145888701092987683e-01
5.386413451034673949e-01
5.184186007132115526e-01
5.173524712917488833e-01
4.902764591248855996e-01
5.188244992328856497e-01
5.147773536888623491e-01
5.434049625641692582e-01
5.395232474259297195e-01
5.398074808736016417e-01
4.739237480206622832e-01
4.860151525425713270e-01
4.942186370069913681e-01
5.201769214140917752e-01
5.426136469220732561e-01
4.805868713028807471e-01
5.482508084203233656e-01
4.811303378932851871e-01
5.013032569606893363e-01
5.540204437900425605e-01
4.985553831714120143e-01
4.664373343373424130e-01
4.610820531806806288e-01
4.728582563106711878e-01
5.119999211532783034e-01
5.030658418845540547e-01
5.440318201231200135e-01
5.059270795121294517e-01
4.680493399581739378e-01
4.857887102478709584e-01
5.011336573853896192e-01
5.434208292073794411e-01
5.320252851861478893e-01
4.958353560808657634e-01
4.623599681728643995e-01
4.670319290321508499e-01
5.024923947068091756e-01
4.839952614464133607e-01
4.927218823422663263e-01
4.656015900932137797e-01
4.844067283954545111e-01
4.948092066320931570e-01
5.279500250018858143e-01
5.097032200804364477e-01
5.020995017254230586e-01
4.854766905126637888e-01
4.724477964115400552e-01
4.714879021161168526e-01
5.002064707140548849e-01
4.833202042787909658e-01
4.879477968638588070e-01
4.702460975463886861e-01
5.276646928190255048e-01
4.731508534240901342e-01
5.370644160271407230e-01
5.164507577815188322e-01
4.950713803398706370e-01
5.134337470408130155e-01
4.930863250132764275e-01
4.863344908280183287e-01
4.929641009819328290e-01
5.142016454693780769e-01
5.212185138553091512e-01
5.080286034486798386e-01
5.138511428889102062e-01
5.584788994468596890e-01
5.320350622080478598e-01
5.471743413331067174e-01
5.284477824017622671e-01
4.982408209015549705e-01
4.974338841069038120e-01
5.174778154808190589e-01
5.623596864490369995e-01
5.293658710456666805e-01
5.080806338721376436e-01
5.264999509487032769e-01
4.917565939969176791e-01
4.942839549979200497e-01
4.940812736562567031e-01
5.141831686795685918e-01
5.013566957793700318e-01
5.091615843553376486e-01
5.375092166532616789e-01
5.112024155904333345e-01
4.780562904882705855e-01
4.770002191709498685e-01
5.040541030809492229e-01
4.804593762470723561e-01
5.031100687362801693e-01
5.436646824674268297e-01
4.974491156527202085e-01
5.368275136339931697e-01
5.282712405457468119e-01
5.402257388271496374e-01
4.686922580606505129e-01
5.089033447894746320e-01
4.633214845485230104e-01
5.009403815850383968e-01
4.984065868090588602e-01
5.120741761744120879e-01
5.336130894402432157e-01
5.463743187775431664e-01
5.176793496048860410e-01
5.103794344541690009e-01
5.630275414744198015e-01
5.254753260900405509e-01
5.410519336745048813e-01
5.052866139887010055e-01
5.425305950806684763e-01
5.304515689756175156e-01
5.495708609448237691e-01
4.970659006501935151e-01
5.026977950877506984e-01
5.353258566728261725e-01
5.100952753965911635e-01
4.552577089560740919e-01
4.612273215232447487e-01
4.905132762038056371e-01
5.731570364836587883e-01
5.277036090508053778e-01
4.927995129659528128e-01
4.870389935694190431e-01
5.288785815025758286e-01
5.343596477359556784e-01
5.030582916353536493e-01
5.038641522401805517e-01
4.980895268870712544e-01
4.621638464426704451e-01
5.080470568388946173e-01
5.233234625271705465e-01
4.826804002179278519e-01
5.114544465195369760e-01
4.916567401208261079e-01
4.674431488626689113e-01
5.204755604648876322e-01
5.190724069079614145e-01
5.147295473686083200e-01
5.089213246408949010e-01
4.687353995980498844e-01
4.564223472773503154e-01
4.624174099332221122e-01
4.874045068368875189e-01
5.283729813341787596e-01
5.070110553693786271e-01
4.915430984118996927e-01
5.121622103805028026e-01
5.272546102299343618e-01
5.203619286058028814e-01
4.905331874660768254e-01
5.294265660238770543e-01
4.566679481588986067e-01
5.249451537758201836e-01
5.311483584691634174e-01
5.344985681555987078e-01
5.584262514919210441e-01
5.406854347808240924e-01
4.831640582371531933e-01
5.532154461186343797e-01
4.813289528492050162e-01
4.812511944910610184e-01
4.737461649084461213e-01
4.875926549595852033e-01
4.943917163077712340e-01
5.481748122557221770e-01
5.262085590122852485e-01
4.981856243327379974e-01
5.367405690131522578e-01
5.159634811446024427e-01
5.403520699334846134e-01
5.139339524377140034e-01
5.195335057284116154e-01
5.398051478909241530e-01
5.003263652305826037e-01
5.457542595200242097e-01
5.402684026764992264e-01
5.368788761467552240e-01
5.086437776993836257e-01
5.467741745907596096e-01
4.614648100505102657e-01
5.081603223747928055e-01
5.144696389308335283e-01
4.786334262753614288e-01
5.144406981327795947e-01
4.384294945325527548e-01
4.784317502260445054e-01
4.753089678615544100e-01
5.063660888200511856e-01
5.102562311731662081e-01
5.362625548994978120e-01
5.239511324408029358e-01
5.799467637903150674e-01
5.000562226484777106e-01
5.214083761845178522e-01
5.132015645586023300e-01
4.841665518789847744e-01
5.058028357744099868e-01
5.107164352569901755e-01
5.206232449882975954e-01
4.931799500140832682e-01
4.308106682973802948e-01
4.629607932595196096e-01
4.314703337705592112e-01
5.046011072293793420e-01
4.721547960767455421e-01
4.655552129724365162e-01
4.538794343247376517e-01
4.963188904564140302e-01
5.525271016100580246e-01
5.142988122220811809e-01
5.020514937830380386e-01
4.979169787365989031e-01
4.937953158457952241e-01
4.607198637211766812e-01
5.160370551450506049e-01
5.202790098016940590e-01
5.105160647745504710e-01
5.291553575358486361e-01
5.037095272433846915e-01
5.157354441442734139e-01
4.777227252253752887e-01
4.760529031006393019e-01
4.726109864437330055e-01
5.122657935605094970e-01
5.266166995061791756e-01
5.132485172068010915e-01
5.574329507448567700e-01
5.081180401730963636e-01
5.078183072294119027e-01
4.545921389148666614e-01
5.278524051276046736e-01
5.050660058935532160e-01
5.472795204605898078e-01
5.748901794536959153e-01
5.243894557442104754e-01
5.003069535706837767e-01
4.844599554144922715e-01
5.100886352989074668e-01
4.693471157730800258e-01
5.432818467366670179e-01
5.277882895551515574e-01
5.641698910808133904e-01
5.183840991972329393e-01
4.669977518165018826e-01
5.398959048369078584e-01
5.637031845057216550e-01
5.290890603907318912e-01
5.063233197442631450e-01
5.325039129256970982e-01
5.285265196618558203e-01
5.485326816535780470e-01
5.543747145219320993e-01
5.478296168732356142e-01
5.516239047866288159e-01
5.363131990922515024e-01
5.063327569737114953e-01
5.332679348618691861e-01
5.051065882367855586e-01
5.150387790908150798e-01
4.857318680280200418e-01
4.630913432023798237e-01
5.167990399390761658e-01
4.957788815312653696e-01
4.603545690070384167e-01
5.069102969341404696e-01
5.101493261547818125e-01
4.739340949693274241e-01
5.170191965250340305e-01
5.303321299630124885e-01
4.880160390168746254e-01
5.125919300219102803e-01
5.291435741903584011e-01
4.789159207865375523e-01
5.282343129975994866e-01
5.136331775934549482e-01
4.823074972835929008e-01
5.129934253369595742e-01
5.189023641947647647e-01
5.166520604060684807e-01
5.156369542620572455e-01
5.433445634653362166e-01
5.273554435552557651e-01
5.140469034397807668e-01
5.446408272278485674e-01
5.323965724759615048e-01
4.654329046199042752e-01
4.387233723032395449e-01
5.375955255409521349e-01
5.426022930405564049e-01
5.106109764585772259e-01
5.372329004809105468e-01
5.256950199145117297e-01
5.779443576812389738e-01
4.795925674858141918e-01
4.694437133421475172e-01
5.309111809527441439e-01
4.806761731829354845e-01
5.206934823890697617e-01
5.540357824042340118e-01
5.747660753183989613e-01
4.967021774833430547e-01
5.035407116253093340e-01
4.373049341546541569e-01
5.221071349699277775e-01
5.174116778920535564e-01
4.846936683361410814e-01
5.225100444041276271e-01
5.004070243171657717e-01
4.848289626641495986e-01
5.180032275289959687e-01
5.049495636888127192e-01
4.975727079898145666e-01
4.893667101463454738e-01
5.326352633219020305e-01
5.618401112409165954e-01
5.046835081766231079e-01
5.383228278228120445e-01
5.136726215044463695e-01
5.134390994544044684e-01
5.036606278362282252e-01
5.029763674295729681e-01
4.876269593974859040e-01
4.632052305213532062e-01
4.865583540726131084e-01
4.709097127852496789e-01
5.129969846199582406e-01
4.576509281170143550e-01
4.341172017940014838e-01
4.972329878050397167e-01
5.084605615267835388e-01
5.073876018572387459e-01
5.464764512490438708e-01
4.970298968945360274e-01
5.095470952015106469e-01
5.023652405808309851e-01
5.511671397521648030e-01
5.346657529814256016e-01
5.450078255126907800e-01
5.153986098037788288e-01
5.270733319021259078e-01
5.309802431633670050e-01
5.355132238944075862e-01
5.071743856096475600e-01
4.323960576283488733e-01
5.117102700964814010e-01
4.795440190256055057e-01
4.955948000263630249e-01
4.998854975409866008e-01
4.592490937140055740e-01
5.223261736407788236e-01
5.665155598545652538e-01
5.158655034301399267e-01
5.064087055672918947e-01
5.116487230669209962e-01
5.172462280633508547e-01
5.519247444283584825e-01
5.541400440097619118e-01
5.410134878270365100e-01
5.227831533918174678e-01
4.555680322342794408e-01
4.759554333137576698e-01
5.700174908010718910e-01
5.635146966318055339e-01
5.200795346656551521e-01
5.459898398271064712e-01
4.882536675960668093e-01
5.230015509716818833e-01
5.057036922654506439e-01
5.596955501838607461e-01
5.234733732839716991e-01
4.916957957514630495e-01
5.165453232936322303e-01
5.075011308829705525e-01
4.904326305634360006e-01
5.266424051578189047e-01
5.324215135919915243e-01
5.369674607045303860e-01
4.674948557781642422e-01
5.213743226594023117e-01
5.412142155936588983e-01
4.963064730301649519e-01
5.099671932834806132e-01
5.025260067091480432e-01
4.962642080048292881e-01
4.892525686815026309e-01
4.946971699360450669e-01
5.125211754843435052e-01
5.486359597205184846e-01
5.105540412163326325e-01
4.942785714841004263e-01
5.016419817568833484e-01
5.083740320186087569e-01
5.214320196814270503e-01
5.437342267750390201e-01
5.217727647375851596e-01
5.012083400762157304e-01
4.529289679341703123e-01
5.332538842059389994e-01
4.936646773404972932e-01
5.062603803641242406e-01
4.765282723645956064e-01
5.168168737251317424e-01
4.809447589707216419e-01
5.089508357283788476e-01
5.204422834175097545e-01
5.157266103899644794e-01
5.161349635727223717e-01
5.355899716813230516e-01
5.209035371383152757e-01
5.159656711144776642e-01
5.388164768414124284e-01
5.368444807781255212e-01
5.259036576701374699e-01
5.035876251184866481e-01
5.454320531116899629e-01
4.891347064569268599e-01
5.116474489397681014e-01
5.106371117986112651e-01
5.490936212630633806e-01
4.964526316578449228e-01
5.557340618615991268e-01
5.764996001349914634e-01
5.185696311662383318e-01
5.710925688875685413e-01
5.458296057892670916e-01
5.312811507743306905e-01
5.160671199277871990e-01
5.356348250371665287e-01
5.065095777356657392e-01
5.224805106453729309e-01
5.046132570808955498e-01
5.117876879709422067e-01
5.120948555693274340e-01
4.911051155485473552e-01
4.759091660453624861e-01
4.907016291112973883e-01
5.411632185404005035e-01
5.686377085419310751e-01
5.455727745921744587e-01
5.319172173622571664e-01
4.979140186636488163e-01
5.135940812412149725e-01
5.322140836004616293e-01
4.968423442423521297e-01
4.492470556191021647e-01
4.678527444490281351e-01
4.936093626044364413e-01
5.025283200676762263e-01
4.648009876441765997e-01
5.003037096685960528e-01
4.806719534365188062e-01
4.824052313900289435e-01
5.114855558843933725e-01
5.119306621264929635e-01
4.999705907240303282e-01
4.731745417917302410e-01
5.394196302485815275e-01
5.146223011419878146e-01
5.144161378827075692e-01
5.208271760301420583e-01
5.279118135118597843e-01
4.851077663196117218e-01
4.905483220651777332e-01
4.989368630391497472e-01
5.321814398641767641e-01
4.910573435734377212e-01
5.342203953740182198e-01
4.813733753446165498e-01
4.996111507853542855e-01
5.083021388144965957e-01
5.095711743414949035e-01
5.044778706993753303e-01
5.212583887657767923e-01
5.075387476055270852e-01
5.005554178911215679e-01
5.195867890963760116e-01
5.093895325216010184e-01
5.396544260600666387e-01
4.776590839550889367e-01
5.190096403291794003e-01
5.135694825883964088e-01
5.247280228947445169e-01
5.182307785906742348e-01
5.103019529841288371e-01
4.866323301535171453e-01
5.080527831729292343e-01
4.992915898134502317e-01
5.160243177854103580e-01
5.441871190194463859e-01
5.050126310456662937e-01
5.332042660711775461e-01
5.166376503116457686e-01
5.086731694084954958e-01
5.188340432577317474e-01
4.856115931190363444e-01
5.319585694596200565e-01
5.120539623225186521e-01
5.337656894594251522e-01
5.267896830154669141e-01
5.168042762148676861e-01
5.065330074734758492e-01
4.949028031249425030e-01
4.988282113112873506e-01
5.116839071549222906e-01
4.947123607713668214e-01
5.272351604813013681e-01
5.137522003702398310e-01
5.469938647601700898e-01
5.372030570552056572e-01
5.176579155343764560e-01
5.276873135937940607e-01
5.134230840518813066e-01
4.946688567837969619e-01
5.292510915040443686e-01
5.334547015533791514e-01
5.378332600336725999e-01
5.261260339339454140e-01
5.717077780378903018e-01
5.286715366758673040e-01
5.293607185603318444e-01
5.174429960361927039e-01
5.024248517641839440e-01
5.507315541397668213e-01
5.149946452198780333e-01
5.310950692597731226e-01
5.220549819694009219e-01
5.062156581896716245e-01
4.949194692467359102e-01
4.783855134267206988e-01
5.075988878345726318e-01
5.076436579045909836e-01
5.445351225208635570e-01
5.556234840552912724e-01
4.631807736122067753e-01
5.472054947121495205e-01
5.055869703352580125e-01
5.051880848484282538e-01
5.122170525483413783e-01
4.956980190214398396e-01
5.322755676416983661e-01
5.221771757780285794e-01
5.573141265272181233e-01
5.051801606968790992e-01
5.540794891093751007e-01
4.846910858778997744e-01
5.047248195143213545e-01
4.879022183934408896e-01
5.355373047294857969e-01
5.031654986801352702e-01
4.901760843404706081e-01
4.601259825477602705e-01
5.025730866734875457e-01
5.535006349618450949e-01
5.181177247193949897e-01
5.282669821159997614e-01
5.568745908266670153e-01
4.822602828256860596e-01
4.814118552032013998e-01
4.968355092466588130e-01
5.162759861887920021e-01
5.366754075813562341e-01
5.050767150301251895e-01
4.691261189493265427e-01
5.020275037031017851e-01
4.984710846585588828e-01
4.671967918522096364e-01
4.907818523751265039e-01
5.303231037306845863e-01
4.920597107263730008e-01
5.186584752986609370e-01
5.044852319023546139e-01
5.308966124161936806e-01
5.406817479748362576e-01
5.441814257459280935e-01
5.117369343553901384e-01
5.224585405769153201e-01
5.615966680016450940e-01
5.897407942338629416e-01
5.337950082490747761e-01
5.265029317632817785e-01
5.470403591428110168e-01
4.792030608458879848e-01
5.130388155190204191e-01
5.103248211425305270e-01
4.573027694419053990e-01
5.150966126514654464e-01
4.683819901184468337e-01
4.953197981058140020e-01
5.288685098851420019e-01
4.966112880059902479e-01
5.036996696761679715e-01
4.921888990168672429e-01
5.143478417361889710e-01
5.225425807891964647e-01
5.428946340111272528e-01
5.338142620429271457e-01
5.273411300578043637e-01
5.056497058890147001e-01
4.975232232634315688e-01
5.109184783185594103e-01
5.054266709151291614e-01
5.208754453582286059e-01
4.579342972258303446e-01
4.959871277624303132e-01
4.750188187341830015e-01
4.731372847712546625e-01
5.257304608887410913e-01
4.629244979824088113e-01
4.552840701727311479e-01
5.345807293827935514e-01
5.146313963418701620e-01
5.092132109796265738e-01
5.401812643789084545e-01
5.661188523710739551e-01
5.302614119003933313e-01
4.814012996984716741e-01
5.463168086178538108e-01
5.060549102787285092e-01
5.145555228804011838e-01
4.796677009599873420e-01
5.068335454863005518e-01
5.202562937132568788e-01
5.534230307386354131e-01
4.942991437310224612e-01
4.821212568556654809e-01
4.392191710168841801e-01
4.723721860200986722e-01
4.727760333044787044e-01
4.758284232276543957e-01
4.815597125498511932e-01
4.581565816776738131e-01
5.449514281217676670e-01
4.721164572472197896e-01
4.971668485110993796e-01
5.013865222463934623e-01
4.988190672218909549e-01
4.990384343002535750e-01
5.008141654934372689e-01
4.662186064605804425e-01
4.528215195470555177e-01
4.305641787686276811e-01
4.763649946644958333e-01
5.221671906374480976e-01
4.864309056556565536e-01
4.738273556271554998e-01
5.148763234241005016e-01
5.207225127519468089e-01
5.175082438968624521e-01
5.238750108718659426e-01
5.253986135759262099e-01
4.934554026202115917e-01
5.087981712313009997e-01
4.762059577215608797e-01
4.997631359043442356e-01
4.972789162657443307e-01
5.167722760583217667e-01
5.158456635023481729e-01
4.953645818313646698e-01
5.184854605300167618e-01
5.435203749449749600e-01
5.097161480082105234e-01
5.361077458238421301e-01
5.105689441922421912e-01
5.346387206877744047e-01
5.561238896833679002e-01
5.383524995845730965e-01
5.489722748387275697e-01
5.615537204921222658e-01
5.792295084761953650e-01
5.339240795620474600e-01
5.335928113043466592e-01
5.461119188543094305e-01
4.952574048458572853e-01
5.291149284138535469e-01
4.894741739185125562e-01
4.970738407492898414e-01
5.174443908525924174e-01
4.786986218461504183e-01
5.208702844364566653e-01
5.263271425577350504e-01
5.071538975464131571e-01
5.161665361661174067e-01
5.065316068655094650e-01
5.387887997689468911e-01
5.320423166340854104e-01
4.689021192023483109e-01
4.863272876908135700e-01
5.165079918461846775e-01
4.856024812867167917e-01
4.572114164274639347e-01
4.674423462116149008e-01
5.053529226507017524e-01
4.727107721088524284e-01
5.108495959588775781e-01
5.109643308441313980e-01
4.709865369779256405e-01
5.152838300213401501e-01
4.802644226692424079e-01
4.664338585869479692e-01
5.329554027507241720e-01
4.793310968530024585e-01
4.835873045863622322e-01
4.910643466077536656e-01
5.117329807474612080e-01
4.701785545812511291e-01
5.127149177992709195e-01
4.963090128907908793e-01
4.431990477104357784e-01
4.684934864017011868e-01
4.650003551171922878e-01
5.088485986783254367e-01
4.972885234043407099e-01
4.777453104702050757e-01
5.510317698002580311e-01
5.401220841906603232e-01
5.673984481688604253e-01
5.540280553149540266e-01
5.246251020612834326e-01
5.260779878010818367e-01
4.548674112871014530e-01
5.000161462414033364e-01
5.135817405813447589e-01
6.014439401464009016e-01
5.287731789888572287e-01
5.104859972963023962e-01
5.246071160052051541e-01
5.202342954770886596e-01
5.344692579981606961e-01
5.297191611147568091e-01
4.661155548293950401e-01
4.556246337612311348e-01
4.720076207697794790e-01
4.682382194088106075e-01
4.285385192574382995e-01
4.595361049946267151e-01
4.652973490664402689e-01
4.356041736706363632e-01
4.520415267621843425e-01
4.758852618873999907e-01
4.977756468510566301e-01
4.450665238649839650e-01
4.669735826678812485e-01
5.081721689981508749e-01
4.959841079509170192e-01
4.632806143802064014e-01
5.138574101477115796e-01
5.239011058500054885e-01
5.155529495207206159e-01
5.387588554312130462e-01
4.813288830010664654e-01
5.247736686847395138e-01
4.883955353506403974e-01
5.315145973242713096e-01
5.260011362973108229e-01
5.342533464225603934e-01
5.120024524533546284e-01
5.097231324408891817e-01
5.152406100661506283e-01
5.393176743612639878e-01
4.596575555772955957e-01
5.204176646944939089e-01
5.012969126986097645e-01
4.773189307429777650e-01
4.871913727158907470e-01
5.004247709220978058e-01
4.644616986769088962e-01
5.103407530390654534e-01
5.465877517293267207e-01
4.571701738579331820e-01
5.215368271104656728e-01
5.014962534706430830e-01
5.117409563949408824e-01
4.803326092497138822e-01
4.898640751022399487e-01
5.692690670439704004e-01
5.453700263559543293e-01
5.404653485093509069e-01
5.539571205412076038e-01
5.295331079789268314e-01
5.090930566461875362e-01
5.942841986546876232e-01
5.074378905760543734e-01
5.225862818219501049e-01
5.100017127008710238e-01
5.010301666567664736e-01
4.745631026071533420e-01
5.036620674957396071e-01
4.988816836533020438e-01
4.526559199162111802e-01
5.440520359519720461e-01
5.224096778117079953e-01
5.178139660106221287e-01
5.049065831400121329e-01
5.297269197175170641e-01
5.023087056728249289e-01
5.047008830934655021e-01
5.039508054766135281e-01
4.662677934298772309e-01
4.617458403551513157e-01
5.153788193883899194e-01
4.486357553132661602e-01
5.249902353612078132e-01
5.180936744602256949e-01
4.819356313968862771e-01
5.000874645637221061e-01
5.444206591765209380e-01
4.912291038882371508e-01
5.248161645400218900e-01
5.301274566002821542e-01
5.299509138387190621e-01
5.061707106691167857e-01
5.099878558371032655e-01
5.285903793997396294e-01
4.907530120376760174e-01
5.177456354027006880e-01
5.369784437489729667e-01
4.924400632582882631e-01
5.215995079733801720e-01
5.023438680261580469e-01
4.871863910967148548e-01
5.162132014487837983e-01
5.169955723623685939e-01
5.105487654882435722e-01
5.067240460918325251e-01
5.384676933054349801e-01
5.037400423474269751e-01
5.412736229696277768e-01
5.331862532556671530e-01
5.350852063348389143e-01
4.975731191673807841e-01
4.768158103082395516e-01
4.848002628999769081e-01
5.188647415831505461e-01
5.453929607496822429e-01
5.207819095215604488e-01
5.448821148054856511e-01
5.149272621960172547e-01
4.797977844585833984e-01
5.247339871317711069e-01
5.529753138697872661e-01
5.338554680243546846e-01
5.327257936423166473e-01
4.769482883663076489e-01
5.034103494746415830e-01
5.324780465302429988e-01
5.112915003327560548e-01
5.176760646863286519e-01
5.254866438378686944e-01
4.832001149021500908e-01
5.166293283433047723e-01
5.025631269880416196e-01
4.855648121875368872e-01
4.862628740380208758e-01
4.642263792864560479e-01
4.830719096244365240e-01
4.914249614272163669e-01
4.620121201624547425e-01
4.718427997081647840e-01
4.985275596022654687e-01
4.861976209436532637e-01
5.212870036424439579e-01
4.779743627793628380e-01
5.003230189867613475e-01
5.064651401214177451e-01
4.665101020470309168e-01
5.162891371736376689e-01
5.134179854915454921e-01
5.116077594039063481e-01
5.039575561605168508e-01
5.299263337270312402e-01
5.408275485831652851e-01
5.202977134588108177e-01
5.245822575984075975e-01
5.684662109625306936e-01
5.270473401511546196e-01
5.280564383449529720e-01
5.431863940389434209e-01
5.193507465397717571e-01
5.484138034175777277e-01
5.658831447438108508e-01
5.094314940838393646e-01
5.393955241895630470e-01
5.195600760294217801e-01
5.437912234175105164e-01
5.314550987612018940e-01
5.304042874507995942e-01
5.627266634848726579e-01
5.632353338946420873e-01
5.502889571090708865e-01
5.518392487343808384e-01
5.140560308800830036e-01
5.203371358278922054e-01
5.241000792535494002e-01
5.102778240582706015e-01
5.166167206385919863e-01
5.221107951636182465e-01
5.170520429913929572e-01
5.215468685770909829e-01
5.338702726177301239e-01
5.119693181496616230e-01
4.923076248678291411e-01
5.195427482506954631e-01
5.335032900003422451e-01
4.799206798207309443e-01
5.515421511979872182e-01
4.979450006087307035e-01
5.185136732592401376e-01
4.697930162076096594e-01
4.445623722966817737e-01
4.753643231064238472e-01
5.215465985042867514e-01
5.081173983496487523e-01
5.261051630955519975e-01
5.596888611468694430e-01
5.107095354866310055e-01
5.520420214701468042e-01
4.919130081553242384e-01
4.913478207397889430e-01
5.536006176375570798e-01
4.615000998989545744e-01
5.253078112763135410e-01
4.729414710567117486e-01
5.419657926382518420e-01
5.118467870145818610e-01
5.186692523723267501e-01
4.839369908219234295e-01
5.072810579103881334e-01
4.902804610080259140e-01
5.165034255823465204e-01
4.963820755825728015e-01
4.909790089776656652e-01
5.051864832127467286e-01
5.331757662785162610e-01
5.191187382726797361e-01
5.047387695725192858e-01
4.661006356362111802e-01
4.954364611893686821e-01
4.879511953632920118e-01
5.403596147669871286e-01
5.060925706852148487e-01
4.928873431367095659e-01
4.777014982411940669e-01
5.019240763959867957e-01
4.849843638979972615e-01
4.707748240482689250e-01
4.810171435347607716e-01
5.114843160104070030e-01
5.208542594929476133e-01
5.724647143997960708e-01
5.394486782862817353e-01
4.998831876774270655e-01
5.237046248400237802e-01
4.562848623586737706e-01
5.373667682172177384e-01
5.096341796402000801e-01
5.236348761989314538e-01
5.043860027581404948e-01
4.857578016616427297e-01
5.050783976604485970e-01
4.844238616993661317e-01
4.737385169942348040e-01
5.346589670905966818e-01
5.121798939875151779e-01
5.069742219888667689e-01
4.849895365398644853e-01
5.342523256680363763e-01
4.913090036573163899e-01
5.184779868850009077e-01
4.938338192311493291e-01
5.105906938374932258e-01
4.861969963827620922e-01
4.953253773627475098e-01
4.531196366434930844e-01
4.878359134877406356e-01
4.711751978959985987e-01
4.387325360453007694e-01
5.232105564219752258e-01
4.385602537612852680e-01
4.562165281484447110e-01
5.026033789680280917e-01
5.263836670230667147e-01
5.400234972392047306e-01
5.445136693298615604e-01
4.980621212059967440e-01
5.244474693522611641e-01
5.353880762418177230e-01
5.217507863771204679e-01
5.288940008896504397e-01
5.594776664698781765e-01
5.258877799425111244e-01
5.318317013363765833e-01
5.486123722940622338e-01
5.275425751450657508e-01
5.122531114655646256e-01
4.902236976273571245e-01
4.935846580655338656e-01
4.987593974864885094e-01
5.115374547083695322e-01
5.501536215655883355e-01
5.599314925995069192e-01
5.625505347859635075e-01
4.803824229563641302e-01
5.301364597119285760e-01
5.367527933964066911e-01
5.085898560612525099e-01
5.332238628628347410e-01
5.528282635869971040e-01
4.875664385359084196e-01
5.089617370059252854e-01
4.871395259770215924e-01
4.921962956592831340e-01
4.765782263966161780e-01
4.860029819083213076e-01
4.986854854215270749e-01
5.191759417633408091e-01
4.975105058613762399e-01
5.116895385829917098e-01
5.204748940566917836e-01
4.930639828150774062e-01
4.983935302329446926e-01
4.707688569810645762e-01
4.869313810316524549e-01
4.943087525164868157e-01
4.764235250800357702e-01
5.006084355870077385e-01
4.875722033199361705e-01
5.190813400338093464e-01
5.199923926725600332e-01
5.051361285798160461e-01
4.760031756572285500e-01
5.086152820823756082e-01
4.699339571702106921e-01
5.450237310649511668e-01
5.300195593895713486e-01
5.210577240934112231e-01
5.283866908363711312e-01
5.030341107879965357e-01
5.018642635396433072e-01
5.214630968911871944e-01
5.634345353560711311e-01
5.095075411953146061e-01
5.091292247340550858e-01
5.155712792707737302e-01
5.186635528532957951e-01
5.395263148979578816e-01
5.332843165882757974e-01
4.952594012807021717e-01
5.403636631723149897e-01
5.188403253312500185e-01
5.379674539685411760e-01
4.854690410544481582e-01
5.147800983091650462e-01
4.964617256630229902e-01
5.040220363689064120e-01
5.491978149268228471e-01
4.879112250548522933e-01
5.307866983663007687e-01
5.535736930280742429e-01
5.200596230268645925e-01
5.325668000671561764e-01
5.192013476671361039e-01
5.148584317923378117e-01
5.322928367498219737e-01
5.016861680314050886e-01
5.563254999857210059e-01
5.266524885139616252e-01
5.542376689941617141e-01
5.103621292097241247e-01
5.023086668620863060e-01
5.159415867601836458e-01
5.801437555086811360e-01
5.181889495168966464e-01
5.150031398568106766e-01
4.473857521487882849e-01
5.264931159059514920e-01
5.430565805019240688e-01
5.059428423887492032e-01
5.012858894620981776e-01
5.178736152843695928e-01
4.978737822950391467e-01
5.230047065624990887e-01
4.963565769103113756e-01
4.923614319693283559e-01
5.158013565656158761e-01
4.738731910348469856e-01
5.001639933940001947e-01
5.115642921256710052e-01
4.936566553447405692e-01
4.869603194535850332e-01
4.988913737494931611e-01
5.228026523943571924e-01
4.975624245999171191e-01
5.049248380201704078e-01
5.085300477643029948e-01
5.081048554429987707e-01
4.723289792477982085e-01
5.362617915119958223e-01
4.783883870955833451e-01
5.409798323228530714e-01
5.058337430020742875e-01
5.365496751860119318e-01
5.460522975867653228e-01
5.512071031681202715e-01
5.659725880193167136e-01
5.460934906366898822e-01
5.212997470099240971e-01
4.908516620212086679e-01
4.798283560378955315e-01
5.193135094014206254e-01
5.751485613740566771e-01
5.499822748369002090e-01
5.053216947252258118e-01
5.440408977400927881e-01
4.716504169232004773e-01
4.781309253872078058e-01
5.387832379409281947e-01
4.879738846416489806e-01
4.978378515251329350e-01
4.678540010430964902e-01
4.720764883371760257e-01
4.869486997208738455e-01
5.247011247751014462e-01
4.912287038667964567e-01
5.180327868923350065e-01
5.152830389571859682e-01
4.719894354277761606e-01
4.985898391094735205e-01
5.142078740954334481e-01
5.112190526962931969e-01
5.595059410507072784e-01
4.917022030951583300e-01
4.899861719423755368e-01
5.253972743303558790e-01
5.319886904157884455e-01
5.018206351959707545e-01
4.788715749320271442e-01
5.311900797611656122e-01
5.427366753156686041e-01
5.411170609846280843e-01
5.561618136826430581e-01
5.125191145402566706e-01
5.118766506349599066e-01
4.687282536543588285e-01
5.229216051867898729e-01
4.963346937443163243e-01
5.096357196164682524e-01
5.079907833767568492e-01
5.682063614595002088e-01
5.390990768526656707e-01
5.140046662313575432e-01
4.804971798902572533e-01
4.715841968326807687e-01
4.511335902639222462e-01
4.959613924598489376e-01
4.903284848373600235e-01
5.209245275070433223e-01
5.239595465345479042e-01
4.780229553949457699e-01
5.147651532820475273e-01
4.781701316676606472e-01
4.906049957823122032e-01
4.898393632204373072e-01
5.350781194194004220e-01
5.747584325687048468e-01
5.061597756286234651e-01
5.180449039908853193e-01
5.311015817120854354e-01
5.607916873142215763e-01
5.531502304855908658e-01
4.657953911171856531e-01
4.931357554015929345e-01
4.998655625032979444e-01
5.546051315116277136e-01
5.504380054395380251e-01
5.225638948198436662e-01
5.149117553593737240e-01
5.000524493261826464e-01
5.030972718838636615e-01
5.195327367233193439e-01
5.021469112545555724e-01
5.147735981115607595e-01
4.972196242352286966e-01
5.313939495783281952e-01
4.754890608429165888e-01
4.938330407139621681e-01
5.014508744980258337e-01
4.892341861069053333e-01
5.212382620476816442e-01
5.232608656984690798e-01
4.901593279128361180e-01
5.232049272213405988e-01
4.788316681668631225e-01
5.088505820152137149e-01
5.161837903861469234e-01
4.993098811698647443e-01
5.408103062879469070e-01
5.374473971681864581e-01
5.649418742012675132e-01
4.294593590525614402e-01
5.066603216738605475e-01
5.074223038517463591e-01
4.877562621695801237e-01
5.185922977727212002e-01
4.955193155955436302e-01
5.124827381332213161e-01
5.474477940153072986e-01
5.232190723030581969e-01
5.469460208668116552e-01
5.003396308445571261e-01
5.392006053121205511e-01
5.334797632575343229e-01
5.033255566411175552e-01
4.862850639866337366e-01
5.071486240507453447e-01
4.680969295160127275e-01
5.059416117082076170e-01
5.267031984613282924e-01
4.913401574840344788e-01
5.020421865104320869e-01
4.724988136101117009e-01
5.440458632319178367e-01
4.891839877743753839e-01
5.084247818507532379e-01
5.138202797435805769e-01
5.389318674559245848e-01
5.161054207625016543e-01
5.184788201611849612e-01
5.129388727788941615e-01
5.502610791248012667e-01
5.342495753969396244e-01
5.523256332945571945e-01
5.306658139885076508e-01
5.542955759027791141e-01
5.100684588816050136e-01
5.268800106007629491e-01
5.253713271418949393e-01
4.773342631992580909e-01
5.437083659023345117e-01
5.502593760972283032e-01
5.366733263990907110e-01
5.113369480389652333e-01
5.422346885144091466e-01
5.312153915328593490e-01
4.856667140895090107e-01
5.014231502661152806e-01
5.337977300027375582e-01
5.280045659272045722e-01
5.157440569959997889e-01
4.951432686908823766e-01
5.248744258763130555e-01
4.969042095347260823e-01
5.065850477804119123e-01
5.207865733381848994e-01
4.988373204329467625e-01
4.921522347565217559e-01
5.738342484432040758e-01
5.316418370855902076e-01
4.960418023297732959e-01
5.095012143172638064e-01
4.570296393352145103e-01
5.217265446839802756e-01
5.054589094388486359e-01
4.973767079390865042e-01
5.164392940941580079e-01
4.208567623478217667e-01
4.668030279103423386e-01
4.665087898477731643e-01
4.730875425545827406e-01
5.248491869198654847e-01
4.624310350206669584e-01
5.439813481802816542e-01
5.332357768236227757e-01
5.246349709548582263e-01
5.194706989442358092e-01
4.933347913612236568e-01
5.172225540157282531e-01
5.285822503123180915e-01
4.857926230318678207e-01
5.065034697981500855e-01
5.073039386373344728e-01
5.108980496656601034e-01
5.225198108129822661e-01
4.870369728999504044e-01
5.530369040363398714e-01
5.460819335606851288e-01
5.170423557187073804e-01
5.228715536464997315e-01
5.336431210929557523e-01
5.768882625791785790e-01
5.170587707331890659e-01
5.044421164372451249e-01
5.331183342491789823e-01
5.082827902273333587e-01
4.944137367128659255e-01
5.203295757171054747e-01
4.522080310083880228e-01
4.834396041094733976e-01
5.095339467373543041e-01
5.023042957779689788e-01
5.049442019684841076e-01
5.217941504087855176e-01
5.494179311903626406e-01
5.156349903335527562e-01
4.996321452621049763e-01
5.249040936406722535e-01
4.616504712009207312e-01
5.012484152924279179e-01
5.618971133364099035e-01
5.135575283758990750e-01
4.964920766094086391e-01
5.254892311602130661e-01
5.563668071980626406e-01
5.217665891753485718e-01
5.037576618723981214e-01
4.640710601125436763e-01
4.720201978038369162e-01
5.009623287052776819e-01
5.261675350088828029e-01
5.538102846969122917e-01
5.176991541768475313e-01
5.307629193539861179e-01
5.110404624866773382e-01
5.237609245919935264e-01
5.376181337534586824e-01
5.204584102970596371e-01
5.198835028330273111e-01
4.853417857357974485e-01
4.806344271808277724e-01
5.197683257308578497e-01
5.497709962351362556e-01
5.139677257285654166e-01
4.733488215198688454e-01
4.468293864854063768e-01
4.837259524401740229e-01
4.981671026580583028e-01
5.154240759583775811e-01
5.425644083003956508e-01
5.029425736460119145e-01
4.929433432593704478e-01
4.914075356585697607e-01
4.927829388303783253e-01
5.118927589089272701e-01
5.635347666114053355e-01
5.235103647007255390e-01
5.127721616456123455e-01
5.223067226466148183e-01
5.310075458186256370e-01
5.011706014872195913e-01
5.033776719192537552e-01
4.971165048277270682e-01
4.828304256510407844e-01
5.201439512666413689e-01
5.292431995414896839e-01
4.863993498357425671e-01
5.189672028011578231e-01
5.617618832215626190e-01
5.119455601018984003e-01
5.353905593438839094e-01
5.115367413028664156e-01
5.078685317406096411e-01
4.735416696430432282e-01
5.393475052274325776e-01
5.420805421487188136e-01
5.411810163188226497e-01
4.976531917698214791e-01
4.438841055206875219e-01
4.724696040594220658e-01
5.147874454734460148e-01
5.065397108563671758e-01
5.034211669068826556e-01
5.664869189356197543e-01
5.510771335195512322e-01
5.445827222339595375e-01
5.236062534665453239e-01
5.253194281226638562e-01
5.455311720739709491e-01
5.077684798504662478e-01
5.213957338918624451e-01
5.171135681757178526e-01
4.796528939170439654e-01
4.707534108992180721e-01
4.973428810428995317e-01
5.445348252996879967e-01
5.207783234087219881e-01
5.261098373566048814e-01
4.793296716920668055e-01
4.684795331138538743e-01
4.697588100093080810e-01
5.004971678567085025e-01
5.140387711691425388e-01
4.817233333112966309e-01
5.417260679209032759e-01
5.058217856911476629e-01
4.871942546869566515e-01
5.056230553517572224e-01
5.409132190150670594e-01
4.619032615759893767e-01
4.841256073772245427e-01
5.197869541606958688e-01
5.473814295313601530e-01
5.391197371245093350e-01
5.620319747054607351e-01
5.076366763753594746e-01
5.212397285559269289e-01
5.020111638262669818e-01
5.536301059267308977e-01
5.647986483146861802e-01
5.246873202337397624e-01
5.620915114428153281e-01
4.997159060991900881e-01
5.206372115116717492e-01
5.059336964063105846e-01
5.422155973530078388e-01
5.261806594117086622e-01
5.343251511436661882e-01
5.562076029700026014e-01
4.967266364738023299e-01
5.064671624539019978e-01
5.489562905352611821e-01
4.767967181463588777e-01
4.975757868428354880e-01
5.302615445251948056e-01
5.213579910022272390e-01
5.420662609459506731e-01
5.052921599480090231e-01
5.061703842968984235e-01
5.309801393623196919e-01
5.603357472011145646e-01
4.740209870500214362e-01
5.154166239058489696e-01
5.297600586955184543e-01
5.195046026775417269e-01
4.938869500495765008e-01
5.216088939099006172e-01
4.923603614862863131e-01
4.570075423452348851e-01
4.829216989869113963e-01
4.864224798101686176e-01
4.996839060716474212e-01
4.907056914346111243e-01
4.924496353262232673e-01
4.628148617152644806e-01
4.267484177639522258e-01
4.995919848998177093e-01
5.355820697385262896e-01
4.916524038661657103e-01
5.021315867898146212e-01
5.156790982625574227e-01
4.998813174553960459e-01
5.222459200449164340e-01
5.190382942348987783e-01
4.961005772301529393e-01
4.823514146819805615e-01
4.766018212777495267e-01
5.412075420580604312e-01
4.698576492133394455e-01
5.291121660750470745e-01
4.831746097841649323e-01
5.081734893962230881e-01
4.773850145187059635e-01
4.562421270320982103e-01
5.104144763136191365e-01
4.991674561544933719e-01
4.993275521298649600e-01
5.271935386693278325e-01
5.272754551276299662e-01
5.444335679320992938e-01
5.098853148948749858e-01
5.122251526100547458e-01
5.233850258855320403e-01
5.754217197094732006e-01
5.282965960785155346e-01
5.247018950028456974e-01
5.662647197690420242e-01
5.251067957058179747e-01
5.274740665318324861e-01
5.089645745807813704e-01
5.390786141600003578e-01
5.846490633195005060e-01
5.542210702393765009e-01
5.481560981204680605e-01
5.593831704087328660e-01
5.588200235653072445e-01
5.152667331612638124e-01
5.272900462623044682e-01
5.084103230090879499e-01
5.410578310266610513e-01
5.341462464884740857e-01
5.432227100715596446e-01
5.045215305117206617e-01
5.257489577881268028e-01
5.190182750047199756e-01
5.002941998994251405e-01
5.043786395789259247e-01
5.019459459498990528e-01
5.070010008172531890e-01
5.619217745417229848e-01
4.522364127345046558e-01
5.328065596149953453e-01
4.637904298895278998e-01
5.065169351493672423e-01
5.153849775579931736e-01
5.163229377082774185e-01
4.595011278727285098e-01
5.211868822046280547e-01
4.973689201748009991e-01
4.709877079682073808e-01
5.153957942798340630e-01
5.128140515743361272e-01
4.949185159587493055e-01
5.374978356944142277e-01
5.627503641108430044e-01
4.943624574341057287e-01
5.247618753359364341e-01
5.526370663392566884e-01
5.212309759261248843e-01
5.213721327328166844e-01
5.131141778092761507e-01
5.103318888673388232e-01
5.566667435629338856e-01
5.275083823478735612e-01
5.348185760676056333e-01
4.761195274976686154e-01
5.185878893856916694e-01
4.840040400036417778e-01
5.113647751139344111e-01
5.027592254865761445e-01
5.345150208188451657e-01
5.382092380874547999e-01
5.248704068058908101e-01
5.191647467089816059e-01
4.806232234172831408e-01
4.822656861503092363e-01
4.967447369770495169e-01
5.389066936745474656e-01
5.080395395372260259e-01
5.062155534738199680e-01
4.964071334255382717e-01
4.754262795874862890e-01
4.240236461224894393e-01
4.977203038630683141e-01
4.785177916849690516e-01
5.449226826310265004e-01
4.724133057595736873e-01
4.666264152626599104e-01
4.424902312265502347e-01
4.933613375752493035e-01
5.459666333185809739e-01
5.196338771267337009e-01
4.789368657622908865e-01
4.963583080488906396e-01
5.333380924069895945e-01
5.349693454368246170e-01
5.028780143358665411e-01
4.667161659797017248e-01
4.794335266376247295e-01
5.104580272552227127e-01
4.914414866732982334e-01
5.338187379175391989e-01
5.395468953235575960e-01
5.434420174765942635e-01
5.344700223101733760e-01
5.378130015006222786e-01
5.083781284334086825e-01
5.007347374020935105e-01
5.142020733197291138e-01
5.530426971468600517e-01
5.534934830841455877e-01
5.304739956384525446e-01
5.093808481856068049e-01
5.015291181085836936e-01
5.198167970189251363e-01
5.111445063562131130e-01
5.050258370025805243e-01
5.134745315604843929e-01
4.611736705877071962e-01
4.868542636150017255e-01
4.619418646663789874e-01
4.773384472893328345e-01
4.905491064670912116e-01
4.826803442310727554e-01
4.281281987900600328e-01
4.229106357102077052e-01
4.924953192733447227e-01
5.143392058092708385e-01
4.787785489654836080e-01
5.250340522991695513e-01
5.313753300202347374e-01
5.346632468158482032e-01
5.144965114463965206e-01
5.235951417804737273e-01
4.570707636326029610e-01
5.419157711640761876e-01
4.796962568818845529e-01
5.242982722485389768e-01
5.083195728529292801e-01
4.975289416278441124e-01
4.807401891838444796e-01
4.773846230602626917e-01
4.959141976511787231e-01
5.098805649194479983e-01
4.971908542630087413e-01
5.367281324574727508e-01
4.758189892033499735e-01
4.466557634099265206e-01
5.221473336640635177e-01
5.166416655549664894e-01
5.301538910806229410e-01
5.409623116840214241e-01
5.386410529846308304e-01
5.033914367213231378e-01
5.203947409626449305e-01
4.983609296468524685e-01
5.415613469801501267e-01
5.257636548842076207e-01
5.327085972369191014e-01
4.676136951526516095e-01
4.865120470496605010e-01
5.136398595777739162e-01
5.295806959772784150e-01
5.158976542779327712e-01
5.177119611232980922e-01
5.294958057396556006e-01
5.638837570151975509e-01
5.179490464074455458e-01
4.818426630008847411e-01
4.897685908661141840e-01
5.412264851219492634e-01
5.135718750109095065e-01
5.228578995343862168e-01
5.327891000551711054e-01
5.396590050441381070e-01
5.129309133177623048e-01
5.099798154554217033e-01
5.245861143867879273e-01
4.977631067182993752e-01
5.111323126076141588e-01
4.905495699430277301e-01
4.962938342161198335e-01
4.676514002366201628e-01
5.239574139065092950e-01
5.039074161070026259e-01
5.425614845450156265e-01
5.157282883754625846e-01
5.277105137221118625e-01
5.059438057223498708e-01
4.948441811415865699e-01
5.165636374753670435e-01
5.042646693086227927e-01
4.675268571085882119e-01
4.717155976100960157e-01
4.940371738011347102e-01
5.110307910569898970e-01
4.979538827177762972e-01
5.276864899316792146e-01
5.238893871919160228e-01
5.452467698745836477e-01
4.443349727323363529e-01
4.556501155884397081e-01
4.662865715542058309e-01
5.067302223956976492e-01
5.623941299789809722e-01
4.879673169179276626e-01
5.138447746837289110e-01
5.079700720276270065e-01
5.441447083454187261e-01
5.305839841399123680e-01
4.968879110863599347e-01
5.415937906202265006e-01
5.094493061055689331e-01
4.716324553097471783e-01
4.801149254539913702e-01
4.949864410974157969e-01
4.798579671070448138e-01
5.442467345747982188e-01
5.339885022455168606e-01
5.529195084843055996e-01
4.991186910405926991e-01
4.705598199068379284e-01
4.943607349534332451e-01
5.007695644156138215e-01
4.634122893259937093e-01
4.819222958673869406e-01
4.780680453814095121e-01
5.007068287009017737e-01
5.075617471635472944e-01
5.332900444080723723e-01
4.751566178105456895e-01
4.519905145188549134e-01
5.112392448093501240e-01
5.135272157918391311e-01
5.187609059442972459e-01
5.467609414184870786e-01
5.532041398474234484e-01
4.756674440281188909e-01
4.801503136554333140e-01
4.897740813258250059e-01
4.988509149549170130e-01
5.391136491943140374e-01
4.706846692811166855e-01
4.785835543975651696e-01
5.188024716314699747e-01
4.912596121904402868e-01
4.858361131465183114e-01
5.306065810390941939e-01
4.765713056497687394e-01
5.215084206561125812e-01
5.290232727660434398e-01
5.260573904456291583e-01
5.160801480064468594e-01
5.315182965545521832e-01
5.341559826234636432e-01
4.913648562459158597e-01
4.909599661932079195e-01
5.607240023055650724e-01
5.511301790036235992e-01
5.850610049224524989e-01
5.232400497883032964e-01
4.913029329667165657e-01
5.329489619480982654e-01
5.527392370301055236e-01
5.138728515053037071e-01
5.728561533006637507e-01
5.249595429887234932e-01
4.932189558511439476e-01
4.964271463390388384e-01
5.113156271469327940e-01
5.045715696535425510e-01
5.569401820608170794e-01
5.628335249985726430e-01
5.321314846029779888e-01
5.157048583488840210e-01
5.424483746808684836e-01
4.974788495932484511e-01
5.147762317160726742e-01
5.449345319813253541e-01
4.868020792952428288e-01
4.970291421019324973e-01
4.908808523547852354e-01
4.622860002157443970e-01
4.584977485431397382e-01
4.982557335387243214e-01
4.794181267594240237e-01
5.185406446006423087e-01
5.648261383000113822e-01
5.126370476012388488e-01
5.117780719848549209e-01
4.883121664243290083e-01
5.420282143173899003e-01
5.310811504110253267e-01
5.219205837390973324e-01
5.306073576414758186e-01
5.635694263464052778e-01
5.317303874923258178e-01
5.816807811398454486e-01
5.519630923512867104e-01
5.604735068490500627e-01
5.428173539341510923e-01
5.364093138859309384e-01
5.348774679985165426e-01
5.465600025651752292e-01
5.188521031078858758e-01
5.593569879213485807e-01
5.373492137772909460e-01
5.120967433031892169e-01
5.674851751470106898e-01
5.241561450419139900e-01
5.178049033084630715e-01
5.281779105954568232e-01
4.944485886236476002e-01
5.018570347477856464e-01
5.451925589168122865e-01
5.050525088423177822e-01
5.356186799124119657e-01
4.995648890913118589e-01
5.097295193158590809e-01
5.293569759666890695e-01
5.763149641307550031e-01
5.046385426280090014e-01
5.475448935413654850e-01
5.143936658461987221e-01
5.563624420643371593e-01
5.342374374620357802e-01
5.259829701428845317e-01
5.651447984825910265e-01
4.812142278863440481e-01
4.856600125599964124e-01
5.132865133328642360e-01
5.183011361966517461e-01
4.760818029151505648e-01
5.403092066274056693e-01
5.055456587249421707e-01
5.143938309737106085e-01
5.025350678904110246e-01
4.513461864171608440e-01
5.508457424416084436e-01
5.590238973519576771e-01
5.154052416319128138e-01
5.114895801987529023e-01
5.340740307215032789e-01
5.476496602693723403e-01
5.150677327498488500e-01
5.038464970938290044e-01
5.477065634421265372e-01
5.067231978371538048e-01
5.321097767607686491e-01
5.299544987710331778e-01
4.982124317338542108e-01
5.202763524723542643e-01
4.893458932924318883e-01
5.083405628499062523e-01
5.067966735383742094e-01
5.034503230768943016e-01
4.804840337348864621e-01
5.012246545739380554e-01
4.939037282730326939e-01
5.037838757612791429e-01
5.263934909774211635e-01
5.070364261661284289e-01
5.475610337022370766e-01
5.388264530593210866e-01
5.321007732659914780e-01
5.361559032993897800e-01
5.426000080857021901e-01
5.242147483811446795e-01
4.891205851044807540e-01
5.156464562953472219e-01
5.154729903232556643e-01
5.328077588578433721e-01
5.192585301046912516e-01
5.341421140568869408e-01
5.569240487580300325e-01
5.274334132783746742e-01
5.378012190052887664e-01
4.929575617671183574e-01
5.806665150630313521e-01
5.564585559140052817e-01
5.100500857779172170e-01
4.672480496060801292e-01
5.109113502784846661e-01
5.390710186800110604e-01
5.078445656671328745e-01
5.418000761358693351e-01
4.674106622971802572e-01
5.422915189545938208e-01
5.025974493960462253e-01
5.299342231222259336e-01
5.177873985395495815e-01
4.685427939568405642e-01
5.050232514336674416e-01
4.869571436038295786e-01
4.915757591941801730e-01
5.195121475721291571e-01
5.328906864355553719e-01
4.620983337583355333e-01
4.815406290960660973e-01
5.233769572506051793e-01
5.408825155221009817e-01
5.563364070855143506e-01
4.722670421487461523e-01
4.454912536346949392e-01
4.785590926037024406e-01
4.599622174487755788e-01
4.721130087286669608e-01
5.053571137211977371e-01
4.787780377694730305e-01
4.706292865133195336e-01
5.512421405256254792e-01
5.076477903573571870e-01
4.366109462725439316e-01
4.982980327542789745e-01
4.871186066189225339e-01
4.848322043718260033e-01
5.123259654692627896e-01
5.105232783470220470e-01
5.531003418043225484e-01
5.057514653751054023e-01
5.005943710148548220e-01
5.127008239643161547e-01
5.479373730476336801e-01
5.059191814259206277e-01
5.625662528644820304e-01
4.918226726091694534e-01
5.225245746041458084e-01
5.084374536681685042e-01
5.217265162721127503e-01
5.390322672137873861e-01
4.732224293220640976e-01
4.874904330616565140e-01
4.972467132088204123e-01
5.362313095186259648e-01
4.357854942174242407e-01
4.478080352433946865e-01
5.035317856392518276e-01
5.345209344010868335e-01
5.140676748000556628e-01
4.638914921601311470e-01
5.272509958277925568e-01
5.634801512743914387e-01
5.328600921261081869e-01
5.109190768128295534e-01
5.456205770993285409e-01
5.506756520804116928e-01
5.334729945437263199e-01
5.239894792581412108e-01
5.374580368038467393e-01
5.358749317551627644e-01
4.895529751096193150e-01
5.306110796839985655e-01
5.522143083474472247e-01
4.977211800438682276e-01
5.110774688421760859e-01
4.995477270705193651e-01
4.719909623354520689e-01
4.930708362902704311e-01
5.148527967810814232e-01
5.253230037762856020e-01
5.223380408213980086e-01
4.706740397347793370e-01
5.320442438842897248e-01
4.988796544835358282e-01
4.937800357794846495e-01
5.299261191048963981e-01
4.610867109134849096e-01
4.969983475817245089e-01
5.276077358777998549e-01
5.015518247625129211e-01
5.914972677894095865e-01
5.023616112801545519e-01
4.658921184583225683e-01
5.669827844128747518e-01
4.926237017152549358e-01
4.992214896100720112e-01
5.416735274747764839e-01
5.345175673563922203e-01
5.763413532936084716e-01
5.451033819400580294e-01
5.029442593504181991e-01
5.247831862751785037e-01
5.376047442180673652e-01
4.857495179168529464e-01
4.853137641004441893e-01
4.826546750280836240e-01
4.539237571602119936e-01
5.290569325789558075e-01
4.665638287438223508e-01
4.594032978355789276e-01
5.041810222577816081e-01
5.111033895500516344e-01
4.922088483751502763e-01
5.090617789624696243e-01
5.307883612189421285e-01
5.009114248458612639e-01
5.029109653835993621e-01
4.879704551667215506e-01
4.635771045600876050e-01
4.636934439507749417e-01
4.850348597513814974e-01
5.067537160180418665e-01
5.105583096474898275e-01
4.490600622637341277e-01
5.065277666549459212e-01
5.691827880794242400e-01
4.908518241649365565e-01
4.906587925451183496e-01
5.356228955783743917e-01
5.361359077673345519e-01
5.422946926914665733e-01
4.819583893129781305e-01
4.639821475049210608e-01
5.453021398250346152e-01
4.736999476387579455e-01
4.496106708178994604e-01
4.949770455481367071e-01
4.969477004637266604e-01
5.242435913903004119e-01
4.864541806814033920e-01
5.418736456533284063e-01
5.187808824509603234e-01
4.791554273729659030e-01
4.737522053943100664e-01
5.042716717627706569e-01
5.452245292740131033e-01
4.810604009821123905e-01
4.911163677648424097e-01
5.012996532218717549e-01
4.788996025308597804e-01
4.720251914727120468e-01
4.912617775250733843e-01
5.228778979146448957e-01
5.384507677277042825e-01
4.983851583554947950e-01
5.256329124173091394e-01
4.735371428339009148e-01
4.779824143695708405e-01
5.175452466866745649e-01
5.499022445380561397e-01
5.371016016325522724e-01
5.024024938519702221e-01
5.506557491878492083e-01
5.348980796620487199e-01
5.223961526173950265e-01
5.533009510292081767e-01
4.953823413290476818e-01
4.803297793444617492e-01
5.064289372897773367e-01
4.866578604248044670e-01
4.875957035537481499e-01
4.923247912742634291e-01
4.706358707240819172e-01
4.346575866930256771e-01
5.054658043635170683e-01
5.222613599115856209e-01
5.301640584769578002e-01
5.291024528680366990e-01
5.260740969514734466e-01
5.199973436694683704e-01
5.291013778767562625e-01
5.291763637430383360e-01
5.077809552092920065e-01
4.734605591012070458e-01
5.429635883365736548e-01
4.830571737117620446e-01
4.998818212959931784e-01
4.790685384542344716e-01
5.077399633865423700e-01
4.878566988273706495e-01
5.368384030441490928e-01
5.207249081710446648e-01
5.116622984627917647e-01
5.543906211588964794e-01
5.154721653679540383e-01
5.314311545442299556e-01
5.277067625106737214e-01
5.048314969379382733e-01
5.247436641949815295e-01
4.658233243498336451e-01
4.896302985327822266e-01
4.952835587611286727e-01
5.014294702257368064e-01
5.023911628193092893e-01
5.181301174696253398e-01
5.284571576061209974e-01
5.322629369954398060e-01
5.786762434551085965e-01
5.060775916913741179e-01
4.636142065444874838e-01
4.694386283939166460e-01
4.949624220981900802e-01
4.619432862729450084e-01
4.950640682644755208e-01
5.312917547302737908e-01
4.715464010353793700e-01
5.218906235751649136e-01
4.747756140128513991e-01
4.970717589405581061e-01
5.464142940079430577e-01
5.207096619805366977e-01
5.153529093269487715e-01
5.227204993735292682e-01
4.481272939890906803e-01
5.106736306034503903e-01
5.438400010342229196e-01
5.170622300769711632e-01
5.633151488586634059e-01
5.052644085059361245e-01
4.924839150827700629e-01
5.048900114465333377e-01
4.787910424556454658e-01
5.138909744476719554e-01
5.053887658015073781e-01
5.108135721348781022e-01
5.197715244447388416e-01
4.662792023795420682e-01
4.899053547400901154e-01
5.590287166703572508e-01
5.270932847826483858e-01
5.334313960261432008e-01
5.566294496058903363e-01
5.652325589001087058e-01
5.705491515958416304e-01
4.915600249861990512e-01
4.972475569549405505e-01
5.424242468008473317e-01
5.234602376715498107e-01
5.305526847547735736e-01
5.443193798753426238e-01
5.087767428169701622e-01
4.986623485874663309e-01
5.037930959690869459e-01
5.232907837634631631e-01
5.005272194204325453e-01
4.990728277383738032e-01
5.127976275013664820e-01
5.333267243727167761e-01
5.077238479562076190e-01
5.253072216981978793e-01
5.549195187552996567e-01
5.265826952535844763e-01
5.049538401461937109e-01
4.933446212236632933e-01
4.891840071916321864e-01
4.902857268679718383e-01
5.038440275110516176e-01
4.952151854294552513e-01
5.280943033487939253e-01
5.335586941558536633e-01
5.099585276476843454e-01
5.409544652987564595e-01
5.368451074932660827e-01
5.462205013542879017e-01
4.940511734055850201e-01
4.572857242145296763e-01
4.963178937726114293e-01
4.653265616664578053e-01
5.048743493584165742e-01
4.459537606512186669e-01
5.587058409480609722e-01
5.194614066374372285e-01
4.769638435240349805e-01
4.835454068114388160e-01
4.662065617670986262e-01
4.539004964686619292e-01
4.911901997416032728e-01
4.850056469527627145e-01
4.983160858582883490e-01
5.013215940459674336e-01
4.895342904674345741e-01
5.313192595538109853e-01
5.026884669510360837e-01
5.483808854813762013e-01
5.129815235256299788e-01
4.710706714652804772e-01
4.757537661489234515e-01
5.179915647287794966e-01
5.039646062045517461e-01
4.811148312326157805e-01
4.934956942526465551e-01
5.229270514499595457e-01
5.207437742674687620e-01
5.385437976956513051e-01
5.178157844076265448e-01
5.002164730514850888e-01
5.327291493435806213e-01
5.443750406225715821e-01
5.417994991901476931e-01
5.143760690146044201e-01
5.311798652950137090e-01
5.332685768195625231e-01
5.160406043866389014e-01
5.577811315549096038e-01
5.250859151392115454e-01
4.881160454105464286e-01
5.476643798250802053e-01
5.280016368740774180e-01
5.279492851352441951e-01
5.187096662569362637e-01
5.558812735756877288e-01
5.229910326933624454e-01
5.608105918443122562e-01
5.277568467967250765e-01
5.095888948979109268e-01
5.201210324175330468e-01
5.281370661782163189e-01
5.093805705035641118e-01
4.543817502504123862e-01
4.609713811893588198e-01
5.261710192651053442e-01
5.026015368521569160e-01
5.183920311117995450e-01
5.233821504522053747e-01
4.858214625473618598e-01
5.102472025650887089e-01
4.836502487572669762e-01
4.899273827230560818e-01
5.222692125030062860e-01
5.121392725037328120e-01
4.721957650534568396e-01
4.594118757496122862e-01
4.862101117358879621e-01
4.843968161065255740e-01
4.985983097320025870e-01
4.925953693875156914e-01
5.194173005222292305e-01
5.356321707518176822e-01
5.019844625943180594e-01
5.377889618805782312e-01
5.517885166884827219e-01
5.501241290923002403e-01
5.110535861621681164e-01
5.087577597896129067e-01
4.918559425160745069e-01
5.159586347090757696e-01
4.822166683833343792e-01
5.167047035262919419e-01
5.253704803541646706e-01
5.267469270109271795e-01
5.032967570034500016e-01
4.996300502186603043e-01
4.851913171049955786e-01
4.830910561181810392e-01
4.411110515403783294e-01
4.655183804402645009e-01
4.736010860305415182e-01
5.376746757552564038e-01
5.226431643529058091e-01
5.081595091504141903e-01
5.031138012980590490e-01
5.506804518210616228e-01
5.229915706651975249e-01
5.164308171763175581e-01
5.440064686046547360e-01
5.560555773432440674e-01
5.150982649612203534e-01
5.188043446735896014e-01
5.034667811685932248e-01
5.028496650947646973e-01
5.808630174283658798e-01
5.726463124067820987e-01
5.206920198087637841e-01
5.222715423495818410e-01
5.157131945067867651e-01
4.751863111457252375e-01
4.715941446895601796e-01
4.811956233504142144e-01
4.716510741086515912e-01
5.086161171730049224e-01
5.027482026775237367e-01
4.994854880929274765e-01
4.763159030352743795e-01
5.130306928608254768e-01
5.231616168295504243e-01
4.790626776926713015e-01
4.915623611740693732e-01
5.273719243983473470e-01
5.283217180195087792e-01
5.219087271244752246e-01
5.884198228835527678e-01
5.353567883745167233e-01
5.476804868198307252e-01
5.579944474753192329e-01
5.642282162529188572e-01
5.637355780787574044e-01
5.622407010601139232e-01
5.955582957758985829e-01
5.660741240399379537e-01
5.112192029140253391e-01
4.980235277633192070e-01
5.640830986535703140e-01
5.262786628591363813e-01
5.194432673997158023e-01
5.338588069789370616e-01
5.340399500827931467e-01
5.524079035519445791e-01
5.418761417178309392e-01
4.765247954933175545e-01
5.625240267379671977e-01
5.022030156544802226e-01
4.857521774091489997e-01
4.868397630094980499e-01
4.797775156938599572e-01
4.735260463460442271e-01
5.056299253544890293e-01
5.116163950099923419e-01
4.786059829753468997e-01
5.193145268928094360e-01
5.057266399843919347e-01
5.182871398893720283e-01
5.264617011425594129e-01
4.761242461905602630e-01
5.162775973536766205e-01
5.113752383591998463e-01
5.437702120000946771e-01
5.472924456375466429e-01
5.472091648412914511e-01
5.199812432734977063e-01
5.873448459425082424e-01
5.307939079316091879e-01
5.204469621282510339e-01
4.841716491868524042e-01
5.031638134304954324e-01
5.038921913229367222e-01
5.115263530717010232e-01
5.633321352488153133e-01
5.229766032521236951e-01
5.485764961177453936e-01
5.568472880396680980e-01
5.368586272816946448e-01
5.384263641116332488e-01
5.390539353878055495e-01
4.796931656685177736e-01
5.124045414587703462e-01
4.909355840618566669e-01
5.205116885279473804e-01
4.260250896670612630e-01
4.728439973878330038e-01
4.652643654043144839e-01
4.993343884965771862e-01
5.248092160384336680e-01
4.889861953618865331e-01
5.070962104510925439e-01
5.126293650700879390e-01
5.042032931416644548e-01
4.861360309064003404e-01
5.441539567273333544e-01
5.030777154062848755e-01
5.376086574657248374e-01
5.389718400505721929e-01
5.506562208386263091e-01
4.747558158589526567e-01
4.985502036117305802e-01
4.989055973411442579e-01
4.901342248956612746e-01
5.286289056739765790e-01
5.069897826671565522e-01
5.325153183013434655e-01
4.822661570236636552e-01
4.995151479934498706e-01
4.669793541834318940e-01
5.144173393431660246e-01
4.770412186776625263e-01
5.363873905486101767e-01
5.130509240968391671e-01
4.896229038793231680e-01
4.889683747339792497e-01
4.843854971661155084e-01
5.081478076068753902e-01
5.462399634135878257e-01
5.611160095069813725e-01
5.326261394892899403e-01
5.588377373327416686e-01
4.888932524318984063e-01
5.291050197054073534e-01
5.406463428115849679e-01
5.293747393601813123e-01
5.247841524770334720e-01
4.597024591733016585e-01
4.902871025425236673e-01
4.841947149043291931e-01
5.379791060865354302e-01
5.503448345742559811e-01
5.389178618844078228e-01
5.153084723472503015e-01
5.092894648824514148e-01
5.186892837998420269e-01
5.413677484128792683e-01
5.455530403764684566e-01
5.108894257858683785e-01
4.865824231323001570e-01
5.155312699625471673e-01
5.528990941269631421e-01
5.485121644269213004e-01
5.305229378814013685e-01
5.033076515885899216e-01
4.897117470353229418e-01
5.180823830970688881e-01
4.648050099118123391e-01
5.115294583049438959e-01
5.406186644113033513e-01
5.296116882799730696e-01
5.495508671827411540e-01
5.959638719202751123e-01
5.453150084096042294e-01
5.544291327494557109e-01
5.419908678265454860e-01
5.046056445563693593e-01
4.745945866468385121e-01
4.993712377875098030e-01
5.251983303282343751e-01
5.075167580314907667e-01
5.548315685048704760e-01
5.407046486765709759e-01
5.074336394340672740e-01
5.130252895966741500e-01
5.093421264263240378e-01
5.471843760061848583e-01
5.080881993326932244e-01
5.008436806570998323e-01
5.419431193285836335e-01
5.120049472675729518e-01
4.841737271685409016e-01
4.863640619617923821e-01
5.141134327974613560e-01
4.572795104842043434e-01
4.839995890553032698e-01
5.103489844541722054e-01
5.260997758306736882e-01
5.117565001704592609e-01
5.728319971388116105e-01
5.494097580144292614e-01
5.718211289145901377e-01
5.648003343428359413e-01
5.422798717700888504e-01
5.772515711622140389e-01
5.026831206461751522e-01
4.973279022935805926e-01
4.992954543966341419e-01
5.134661083372044077e-01
4.980124202913032705e-01
4.958785745957058899e-01
5.137948188703111985e-01
5.379203055773106312e-01
5.355507096818715729e-01
5.116963869405277698e-01
4.909441023058932485e-01
4.809514217349460941e-01
4.800147121541780693e-01
5.355104547137310433e-01
5.130234703686378239e-01
5.062426902475181123e-01
5.154290958830531899e-01
5.109647865657612753e-01
4.896863185816512920e-01
4.985078627396121176e-01
4.369958950622982452e-01
4.665076507557128216e-01
4.974699291088375275e-01
4.665748357334550400e-01
4.460713918752041707e-01
4.954191369490768548e-01
4.647139623952292187e-01
4.809012555280697265e-01
4.937178591506951042e-01
4.698102421647342153e-01
5.201056158977860333e-01
4.910394667863926532e-01
4.632291762948275160e-01
5.136968928516666422e-01
5.066765811248623574e-01
5.418751024290887619e-01
5.097042641568922949e-01
5.177254776369566436e-01
4.807505449014076726e-01
5.493769683271616522e-01
5.167198482388043468e-01
5.130587617590778304e-01
5.368902518200904250e-01
5.215389175907531039e-01
5.164457773340450641e-01
5.388700137628493758e-01
5.624299555913585547e-01
5.440894615957552194e-01
5.414058993005378406e-01
5.250200103960662723e-01
5.424195802789515408e-01
5.275038064352676193e-01
5.292275250621791827e-01
5.322007668343647913e-01
5.445516777519163742e-01
4.954417150998854935e-01
5.070687819407786456e-01
4.961504695272717091e-01
5.200314790095348361e-01
5.312244747513950038e-01
5.232354395620294474e-01
5.494578829060242642e-01
5.187172325476239187e-01
5.096291822385989878e-01
4.908534228029782231e-01
5.154019271182684880e-01
4.973146189209753376e-01
5.205600101287015669e-01
5.075089614715688757e-01
4.815678690354990854e-01
4.841794258379722993e-01
4.880086772940507300e-01
4.761669857384636662e-01
4.716547513531040292e-01
4.771298962093753482e-01
5.105860776416122349e-01
5.074513575865978732e-01
5.319018953527175908e-01
5.145021202153948758e-01
5.879111166755134343e-01
5.140851142857295608e-01
5.177723993145098014e-01
4.879142049379275314e-01
5.509201776971320852e-01
4.945105492439105244e-01
5.237822666804342608e-01
4.938578699237727299e-01
4.818684425568564578e-01
5.231143951366407086e-01
5.230121170511794482e-01
5.078311348108961454e-01
4.936624027489228128e-01
4.922007402868269210e-01
5.056619861334374910e-01
4.597542230818904008e-01
5.158639271230577306e-01
5.126995594226694264e-01
4.900169124566349788e-01
4.944846094559814387e-01
4.739705363864223919e-01
5.138208217904303154e-01
5.657433290289162198e-01
5.350493783603479381e-01
4.829186810765672133e-01
5.253233301315015646e-01
5.351511660083932975e-01
5.123845240766907727e-01
4.554645527732067434e-01
4.747426148191995487e-01
4.353163862524678795e-01
4.770415508371060875e-01
5.231296373527319910e-01
5.117548517006511588e-01
4.926343460084890991e-01
5.172094362191003158e-01
5.377791225931052299e-01
5.184225419560264392e-01
5.143720795999290329e-01
5.034683264263599689e-01
5.223506955050920553e-01
4.498555508606992270e-01
5.129174663323748939e-01
5.252983894669971399e-01
5.277169933382354072e-01
4.934170656080215100e-01
5.162306998197272456e-01
5.198308475144207685e-01
5.367363357778315303e-01
4.835967586150415332e-01
5.588546025632418202e-01
5.564205722720622083e-01
5.233896563328106488e-01
5.272692761593976707e-01
5.330799338099629914e-01
5.213905616538087040e-01
5.063991089223396358e-01
5.415084421512172952e-01
5.161273119565708001e-01
5.512957102030835443e-01
5.005590241714336086e-01
5.297290580936300231e-01
5.093926296120033781e-01
5.202306306252424406e-01
4.710848049238454682e-01
5.328198425720611642e-01
4.386516462412600181e-01
4.929781836719308030e-01
4.773720354932036725e-01
4.740845818457334881e-01
4.777403074042751996e-01
5.175963810194772474e-01
5.217692897043871847e-01
4.743566652646441506e-01
5.444251043916316091e-01
4.970761199493876625e-01
5.251431078696079391e-01
5.010270937098530997e-01
4.818008593795217176e-01
5.062003095979684675e-01
5.291963093828834230e-01
4.997659561839118969e-01
5.121766203434088283e-01
5.274667999417423925e-01
5.362940582604750483e-01
5.286828452530504263e-01
4.812756304242817307e-01
5.347672833613618115e-01
5.176959372263091330e-01
5.549358419948859922e-01
4.889358974286043824e-01
5.169881274774849045e-01
5.410822612278415322e-01
5.169609980728053777e-01
5.047455858326642675e-01
5.282788150269907002e-01
5.108844043120579492e-01
5.093265970152306421e-01
5.136773811916047761e-01
5.414612051485234723e-01
5.153615211615807379e-01
5.534951065643511914e-01
5.614342398686428259e-01
5.387899257834409816e-01
5.351527898210769463e-01
5.495468138974922701e-01
5.187573694910923017e-01
5.077539446350533003e-01
5.574153095566920513e-01
5.366884465224149858e-01
4.982329775388513737e-01
5.416619978015568826e-01
5.381773791305130006e-01
5.430700183137133763e-01
5.673352834077394213e-01
5.642735761530073280e-01
5.346565593667836902e-01
5.524756837680918631e-01
4.861882446282064230e-01
5.089130882666746958e-01
5.235239529034041439e-01
5.078793404307747616e-01
5.462048215862111977e-01
5.058406386152611844e-01
4.971326013859297954e-01
5.472017339079994214e-01
5.283285154641504944e-01
5.535637302070017807e-01
5.479943465761635268e-01
5.193714741469732665e-01
5.401101788474641507e-01
5.302152027057324135e-01
4.737802054041416189e-01
4.734909933834329232e-01
4.976986838526302193e-01
4.848844204232064525e-01
5.145863764112744709e-01
5.199662752662032039e-01
5.369819479167912135e-01
5.045731705371911957e-01
4.863231518109698004e-01
4.499729330067007704e-01
5.188919790653654385e-01
5.024529584643453450e-01
5.001615651366608795e-01
5.085191892490348309e-01
4.686929131239534474e-01
4.912373224813655348e-01
4.711863173198128085e-01
4.650884674323573775e-01
4.638552952288983455e-01
5.152894414381056221e-01
5.361980303132158898e-01
4.740269940095379053e-01
5.173454398964922873e-01
4.817510192781691569e-01
4.519913273892413041e-01
5.194941356082946049e-01
4.839476508521766140e-01
4.658690416766656517e-01
5.404001578095370961e-01
4.897718332192796398e-01
5.338702039215258432e-01
4.751268241519513436e-01
5.405647986367285718e-01
5.265431257913840701e-01
4.930862105950191143e-01
5.610718983703663065e-01
5.541646603703228591e-01
4.649696871356431283e-01
4.626038626265169262e-01
3.975878091809152970e-01
4.644121812118138792e-01
5.142333378615665529e-01
4.915803571723213472e-01
4.794888169015110169e-01
5.099256007246071309e-01
5.092289331359718396e-01
5.364392870739962405e-01
4.836046815405311006e-01
4.759947088019604311e-01
5.209301682638778352e-01
4.972572498549224229e-01
5.143728714334296903e-01
4.788554129434351436e-01
5.243060243118523589e-01
5.072775656618712103e-01
4.948440794522946384e-01
5.403738903791149850e-01
5.037738914200300400e-01
5.276736281631286829e-01
5.345734891517854859e-01
5.445156225215025403e-01
5.092294048595861211e-01
5.504986257064231614e-01
5.412550676114391557e-01
5.443769960540272290e-01
5.782783578655791290e-01
5.608604746094540960e-01
5.365583970916324441e-01
5.111157264878319895e-01
4.929002480478063553e-01
5.084763540039920482e-01
5.573203225239715675e-01
5.538679723940180821e-01
5.069322562717382130e-01
5.253631239827034616e-01
5.203108802974987235e-01
5.449232149580656159e-01
5.147212972474946024e-01
4.782590451351898531e-01
5.086826449274689521e-01
5.300901421507525635e-01
5.665098333910579820e-01
5.205965419090595736e-01
5.699348516161473199e-01
4.975637651163466457e-01
5.248299894613697170e-01
5.664639792478959324e-01
5.348617061063043465e-01
5.180250646237238854e-01
5.486726697033661448e-01
4.940261751677287871e-01
4.640105608540182058e-01
4.984860493451080954e-01
5.217208153864649756e-01
4.888813041891879596e-01
4.871851728359702927e-01
4.949866813341391447e-01
4.841450169358011424e-01
4.956746566780047547e-01
4.900382264981020253e-01
4.871643288401734662e-01
4.654775308739933504e-01
4.908912026939137863e-01
5.083683819644401192e-01
4.965698121006401067e-01
5.343810456314943558e-01
4.506596383231806779e-01
5.191659307212183050e-01
4.714844747187199592e-01
5.031299033606125848e-01
4.801945015757344559e-01
4.724736895033978534e-01
5.427621472714065920e-01
4.796586181051012421e-01
5.273522363888264453e-01
4.813398258403024932e-01
4.891653444571137932e-01
4.785123890897006182e-01
4.855902662513368884e-01
4.841311403602101548e-01
4.700791441431348416e-01
4.930523734439055672e-01
4.841841722312388852e-01
4.695981725412581853e-01
4.796217313501063839e-01
4.827367903613716815e-01
4.790680942756206928e-01
5.661438204946490638e-01
5.561050689507426315e-01
5.422451420000165001e-01
5.094052561424382564e-01
5.076761285825261982e-01
5.463035462861540736e-01
5.485823952089734501e-01
5.007642491740368351e-01
5.775862974431136276e-01
5.367061402178232576e-01
4.816653999815198040e-01
5.139321941123659032e-01
5.691857235826012218e-01
5.298079044821867312e-01
5.294324736034597967e-01
4.989704059442051087e-01
5.202736763846939061e-01
5.042347406044989100e-01
4.831667336845743010e-01
5.025819909815931741e-01
4.792673630253369010e-01
5.096200217653092945e-01
4.973428232111721248e-01
4.972492689446749714e-01
5.255648594964147380e-01
5.061395499272124399e-01
4.535864844119147365e-01
4.355499789865882043e-01
4.862645079330349951e-01
5.147987419893969019e-01
5.047987589034496070e-01
5.086837244395234769e-01
4.827947485915966563e-01
4.601087993947577393e-01
4.820224927236663182e-01
4.914861631917974427e-01
4.694813280282866819e-01
5.117429464170610842e-01
5.113158266731486767e-01
5.131381609183669479e-01
5.070589557113458490e-01
4.618570046015147423e-01
5.099081505963733996e-01
4.865188566289379013e-01
4.899633298740629916e-01
4.833894606605536048e-01
4.199683346904483638e-01
4.484378281269267297e-01
4.713136915754406742e-01
4.454760450902313096e-01
4.579747785834274443e-01
5.301727750264061401e-01
4.939805882193411546e-01
4.730049548937746984e-01
4.934941094020400265e-01
5.146220131554427590e-01
5.577390482025794682e-01
5.248833313230424347e-01
5.763929182067346613e-01
5.090380034226330563e-01
5.422991292905267047e-01
5.246699574943664013e-01
4.859850283629447154e-01
4.999258775768202212e-01
5.430221272205015826e-01
4.780625313942239996e-01
5.023808367517635931e-01
4.731326444904337958e-01
4.877295327498169519e-01
5.698179133749666780e-01
5.596612899658267581e-01
5.708893582620773177e-01
5.207748014750520626e-01
5.315806210464315562e-01
4.538234618743721693e-01
5.414641055597465558e-01
4.969870723578426741e-01
5.395285461795841231e-01
4.977240441344579769e-01
5.509585940058907561e-01
5.355640142262951819e-01
5.249758851912107449e-01
5.347626733868480198e-01
5.043857514043164070e-01
5.569742587132487932e-01
5.745047558267731835e-01
5.249576827754869335e-01
5.274486466897804204e-01
5.960937408617938971e-01
5.123399663456807973e-01
4.534743297499148063e-01
4.802546635417654364e-01
5.278912176882601948e-01
5.189115571111218017e-01
5.422346063026219909e-01
5.479961188295747743e-01
5.386152127205655615e-01
5.087752787891488548e-01
5.437314092316132275e-01
5.428741067302675916e-01
5.304673214981212581e-01
5.044563101229131430e-01
4.821200224209268859e-01
4.280516019056922472e-01
4.547427250943344990e-01
4.854749767831957885e-01
4.810838888466310026e-01
5.037186596733090882e-01
4.970625705012058360e-01
5.386528463735335004e-01
5.628331182744406025e-01
5.266837855127056711e-01
5.608663748862101617e-01
5.613766213550482886e-01
5.239830763091936072e-01
5.344491967695965684e-01
5.403293104112092404e-01
4.657713512491778451e-01
4.862284121030346906e-01
5.038510870744877801e-01
4.850855577756102988e-01
4.578297143640382982e-01
5.109812757851653897e-01
5.283916206548365802e-01
4.543157397751902971e-01
5.174481269089801216e-01
5.414023798078891891e-01
5.024666398256844024e-01
4.641932542627782432e-01
5.221511876341682346e-01
4.852846700049606166e-01
5.223123945146856961e-01
4.706393027621936787e-01
5.331937253943830335e-01
4.909638864345647891e-01
5.037541611223038673e-01
4.910590311863003432e-01
4.957618792969675781e-01
5.069794775236357021e-01
5.297473747662663213e-01
5.208839152679266560e-01
5.495112330091471708e-01
5.345461470390976411e-01
5.274860241086668511e-01
5.139511235525232591e-01
4.839557121324930544e-01
5.180885312605419957e-01
5.249986513143982680e-01
5.171234871905211472e-01
5.078224296028354123e-01
5.238357466970025023e-01
5.433395146022884648e-01
4.926283592140522916e-01
4.998059909614662177e-01
5.046795612800635267e-01
4.928438381255102474e-01
5.787023231533200418e-01
5.124020472602820453e-01
5.226407118977524080e-01
5.104953326692295290e-01
5.253960273998333763e-01
4.844878495948883312e-01
5.008855766329364245e-01
5.481626619236439346e-01
4.960770831246218981e-01
4.998038449627278945e-01
5.243479021734754886e-01
4.722154955105111185e-01
4.794429200454319306e-01
5.056916521332336378e-01
4.825799885393109445e-01
5.058132288180438030e-01
4.930861353857031726e-01
5.141394587412103645e-01
5.436896793977227249e-01
4.706690332426817780e-01
5.492646397122415980e-01
5.040766752381805604e-01
4.571060926615618802e-01
5.140433934049298825e-01
5.172287408650860785e-01
4.780010563429403780e-01
4.458720145486959052e-01
4.848316213849879208e-01
4.435250250428039998e-01
4.933116878357644008e-01
5.019978689914563752e-01
5.062818134856840180e-01
5.031019893622260541e-01
4.816587899475187062e-01
5.114575947362660635e-01
5.248527845195641861e-01
5.025777908909980773e-01
4.901139213190036092e-01
4.908904698470730188e-01
4.634523178922163034e-01
4.675427616031972433e-01
4.647635715925213518e-01
5.267850711591418600e-01
5.304104794467944251e-01
4.869953317416638727e-01
4.874094300755909548e-01
5.039848555474462088e-01
5.040007475932943848e-01
4.690710624655090033e-01
5.056879689528639421e-01
5.576811115307584998e-01
5.167958266884354890e-01
5.238821135685741703e-01
4.982258485923964364e-01
5.034574059043080974e-01
5.376445937834266608e-01
5.213318696804090102e-01
5.140760096044215688e-01
4.814412275384660767e-01
5.148994315600224914e-01
4.960139184412485358e-01
5.497294283281466409e-01
5.156854445104334106e-01
5.296937633078496743e-01
5.369755139081171524e-01
4.916381815411892675e-01
4.698733586752274483e-01
4.773320463920941448e-01
5.051470511803877184e-01
5.188031296326702790e-01
5.086139962994425945e-01
4.733864132654149182e-01
4.671882522721915731e-01
4.308520155432571386e-01
4.923299347030482553e-01
4.790189492707552787e-01
4.840245548397358877e-01
4.983818487748273851e-01
5.486343276630424315e-01
5.262299125987068837e-01
5.187140957428456600e-01
4.987623197738909053e-01
5.219780719048671136e-01
5.041824752193322379e-01
4.970966060729383740e-01
4.623146778829489989e-01
5.101823735730269815e-01
5.049762472719836470e-01
5.327747228833132898e-01
5.078604947959857174e-01
4.927957449496290221e-01
4.833131471120794553e-01
4.907799669884131410e-01
5.107153679947996627e-01
5.013729810033333845e-01
5.066069602744406319e-01
5.112554951211437659e-01
4.836055864985194797e-01
4.952783840991402120e-01
4.767907369399292938e-01
4.668009295544962023e-01
5.211630142299176205e-01
5.259211549935569607e-01
4.826841208007786599e-01
5.465379597830460900e-01
4.896720417387104840e-01
4.819859729625521894e-01
4.776680615194535684e-01
4.950948344147746982e-01
4.505883951772989837e-01
5.112082342225230391e-01
5.231314124829671286e-01
4.676532242756959445e-01
4.400559420263543409e-01
4.595128267556765067e-01
4.709523156711181713e-01
5.169715077042258411e-01
4.722608110683059746e-01
5.015238921618798695e-01
5.128025762288404010e-01
5.356699730508933666e-01
4.961263598277737552e-01
4.995329785454292182e-01
5.231639136757931796e-01
4.691824621960177799e-01
5.105672326252765902e-01
4.458948603903399865e-01
5.013111113895324378e-01
5.387840258266696214e-01
5.526870089895457028e-01
5.103752136592428768e-01
4.515077091558835076e-01
4.995507570469718273e-01
4.377491309590871293e-01
5.097514204372877167e-01
4.985205730073116182e-01
5.006430274128678137e-01
4.869048283336899208e-01
4.571727967581405427e-01
5.209034400557336353e-01
5.391192553657530029e-01
4.885443189566902045e-01
5.106397084336221637e-01
5.172397174242746587e-01
5.538683924650738000e-01
5.407333492718855439e-01
5.088508289012158015e-01
4.871057666247983198e-01
4.651509902373534566e-01
4.754168142338648928e-01
5.212019121930586696e-01
5.131093913176841825e-01
5.066597872445439688e-01
5.195335613137450625e-01
4.813343652905044401e-01
5.051268267329792616e-01
5.517000287182204366e-01
4.721489897024602755e-01
5.132963878096590271e-01
5.011186897528748796e-01
5.530450300075616665e-01
5.213289350355351237e-01
5.206555683030329451e-01
4.867978008519636690e-01
5.217206466987145408e-01
5.183297061625324886e-01
5.176229292169928220e-01
5.247172576701530922e-01
5.667056625790125590e-01
5.380603016999107036e-01
5.147280731940485632e-01
5.219550495237779142e-01
4.923798476040602279e-01
5.288890457453021554e-01
5.261751497739768357e-01
5.194319532527850170e-01
5.378831818812341847e-01
5.085063488800009024e-01
4.977119573214267567e-01
5.505283713289943481e-01
5.398475457637109676e-01
5.456351804988037735e-01
5.474769883102567070e-01
5.295600216880509414e-01
4.789529003321112977e-01
5.192381099721113946e-01
4.835826593982164856e-01
4.855712431643750548e-01
5.567336316360497195e-01
4.819410053465771893e-01
4.806851649927895709e-01
5.128213186144763291e-01
4.913316923791476443e-01
5.337314264006657316e-01
5.072696227359720922e-01
4.981048762266061525e-01
5.341926806843004805e-01
4.989321813800008387e-01
4.996346269325527834e-01
5.038534142613231293e-01
5.254209596994332543e-01
5.188661316848083294e-01
5.180865190563720413e-01
5.014597085023918543e-01
5.164435627048127309e-01
5.488610220503197246e-01
5.411417134937743789e-01
5.276636922277148090e-01
4.810775952869979499e-01
5.802857141206074765e-01
5.084200479373206516e-01
5.250613040159718414e-01
4.884330929904654450e-01
5.441961629586821170e-01
5.230820244642547800e-01
5.173225485581457450e-01
5.710844586297787462e-01
5.424937944568865023e-01
5.077926218992659946e-01
5.202681156917636773e-01
5.253753075771437908e-01
5.487949658960115107e-01
5.074269691148665107e-01
5.095617585368529268e-01
5.161457078547523336e-01
5.464704837359161127e-01
4.892837179229201916e-01
5.225371305020155566e-01
4.957636328446464180e-01
4.642721392174861683e-01
5.307373019994403585e-01
4.797012629793580563e-01
5.066457418649910061e-01
4.669028826482755079e-01
4.976231151630508553e-01
5.053707064392637394e-01
5.028882041399604930e-01
5.155940990446900019e-01
4.977776414984088627e-01
5.319678684919310063e-01
5.225328541299252283e-01
4.879952242784484917e-01
4.987917367529566826e-01
4.845869897786942437e-01
5.149505638869192881e-01
4.865229856172432754e-01
5.157270597775530652e-01
5.246305941321904864e-01
4.814762771128028862e-01
5.050470903952964941e-01
4.782927940711435566e-01
5.342025177880742604e-01
5.442022948992635278e-01
5.064461700128521926e-01
5.178491902197415175e-01
4.669482410723175825e-01
5.160635897097175517e-01
4.869579975602937316e-01
5.582516182088066437e-01
5.100600642376675875e-01
5.152545441790261638e-01
4.930736925934809944e-01
5.116663045034829382e-01
5.436592395482054973e-01
5.200889965334157816e-01
5.493701262274039987e-01
5.162125886691583121e-01
5.167888541128142776e-01
5.384447517430889230e-01
5.095588470954780513e-01
5.651393788039356103e-01
4.681614700449572286e-01
4.927912830604686545e-01
5.218283494984639059e-01
5.178912735670320178e-01
5.342659047852320597e-01
5.708454267412755856e-01
5.424394694029650577e-01
5.715552730503281609e-01
5.315132551515932002e-01
5.139064916820381690e-01
4.829006672865328031e-01
5.482345203502981823e-01
5.357265344994049938e-01
5.478113302641685056e-01
5.340504750048643556e-01
5.173931042988718643e-01
5.266691803940127814e-01
5.262969204531958711e-01
5.438092738710640361e-01
5.405525621228883804e-01
5.297876420918191664e-01
5.350330402584658751e-01
5.359955133234894920e-01
5.007775460798052913e-01
5.212124019856851920e-01
5.019877781769073177e-01
5.332794947179412270e-01
4.640439728880730863e-01
4.765396041595573173e-01
5.446025361568778145e-01
5.203317079112828036e-01
5.069549706635003705e-01
5.088311311706806839e-01
5.105054396430748209e-01
4.887883143074051584e-01
5.438714102401854822e-01
5.206233725530331480e-01
5.115598222914553572e-01
5.227535040287476509e-01
4.820019541326078794e-01
4.929391693079552828e-01
4.961143044926592527e-01
4.674031584923247218e-01
4.930806754183815754e-01
4.640329198203809735e-01
5.018326694981624092e-01
5.164512376258827420e-01
5.126279309360145531e-01
5.230857175907566159e-01
5.145229802150201870e-01
4.821220784243565038e-01
4.986859304759486133e-01
4.909886432333878115e-01
4.958843899395812271e-01
5.261438506162724460e-01
5.082930948484504219e-01
5.011222814930991198e-01
5.367193982844062905e-01
4.938382043460254334e-01
5.212808157151529453e-01
4.866679441779755422e-01
5.035344674816514265e-01
5.412308688994743600e-01
5.314967038385957077e-01
5.009463194112170337e-01
5.108298353949235482e-01
5.165183435060163308e-01
4.981565525349008761e-01
5.070496097602998908e-01
4.505399224100252731e-01
4.662971827586661067e-01
5.387494102551315667e-01
4.649215272311112979e-01
4.623481582581957516e-01
5.915887492285086813e-01
4.876478252620791709e-01
4.717401705185291227e-01
5.153533398399847698e-01
5.310544468584899036e-01
5.137660723394177342e-01
5.391028437475167134e-01
5.188675741778351336e-01
5.173865363638084913e-01
5.174877628915105499e-01
5.092932382833346150e-01
5.236230726041801731e-01
4.641878356193936961e-01
4.682614645793145014e-01
5.098504590115894297e-01
5.158731198393126105e-01
5.045603379683998302e-01
5.430557009020718917e-01
5.695058378721044035e-01
5.572536010480517721e-01
5.052661729013215863e-01
5.186905599049229654e-01
5.348432381644601108e-01
4.657921533074120268e-01
4.597363722488524984e-01
4.901252178712725560e-01
4.957714936129575256e-01
5.072271933241465636e-01
5.086616604317706347e-01
5.029748029449088165e-01
4.968784036603864918e-01
4.955496151112060432e-01
5.089593795493384532e-01
5.367428223219313788e-01
4.752962220493918144e-01
4.803065224543753842e-01
5.284727912133431182e-01
5.183569572425033023e-01
5.528863185480016318e-01
5.332414760159860379e-01
4.658757164907196269e-01
4.551829966937754879e-01
5.558951450550818629e-01
4.699042038624156592e-01
5.074246774716689723e-01
5.023105214000654906e-01
5.058679875179956653e-01
5.179957580148218943e-01
5.575245310004561805e-01
5.306139263526427063e-01
5.171889387269071880e-01
5.273258310165096496e-01
5.497208536078559415e-01
5.018165494940223237e-01
4.824007555148651649e-01
4.569635293491802752e-01
5.371114078812290193e-01
4.994925763625140402e-01
5.226537552025972699e-01
5.192569006398357612e-01
5.226912621592985086e-01
5.214330914980741527e-01
5.462372946751319347e-01
4.858016132050564373e-01
5.508746840434349812e-01
4.566401399168597552e-01
4.769434730361291619e-01
5.068477016420294134e-01
4.981780220536961012e-01
4.720294874284155506e-01
4.890467164675854628e-01
4.885788466424854648e-01
5.231199853442626280e-01
5.270573487894859577e-01
5.088491235549380542e-01
4.802002235957712473e-01
5.088386448912561866e-01
5.313865198839824444e-01
5.503228983283120490e-01
5.007695448464993815e-01
5.350818393813226992e-01
4.805187884047393276e-01
5.471718547358342954e-01
4.837934831680354986e-01
4.759641537803158129e-01
4.977459310577299623e-01
4.945485883153573070e-01
5.351793023910800251e-01
4.936605157804107580e-01
5.041244457935583068e-01
5.290302670934964313e-01
5.032376015910136058e-01
5.062267539459903709e-01
5.214764015276315279e-01
4.868572430705128684e-01
4.634317083708460183e-01
4.653085091864517797e-01
5.086203650035762136e-01
4.979548708014442937e-01
5.258452451750996737e-01
5.334763729955841471e-01
5.097162894162220459e-01
4.809064217767939353e-01
4.637330819801161463e-01
4.995327158148304414e-01
5.162895165871014269e-01
5.169516063468353462e-01
4.900992902167449206e-01
4.910455491580942300e-01
4.974180478907325176e-01
4.951303325358121232e-01
4.910667491775301818e-01
4.970552722032021697e-01
5.223205248022935177e-01
5.325510737162987285e-01
5.723240261637840831e-01
5.179830510668846921e-01
5.525038376443189847e-01
5.581339816931404352e-01
5.521355254707773774e-01
5.289042097118558106e-01
4.908124222791363511e-01
5.241188021527807273e-01
4.934696154323356954e-01
4.790698544375442403e-01
5.187520624730699303e-01
4.941318929652911418e-01
4.807039627067106746e-01
4.960889227879839991e-01
4.903755116961013294e-01
5.316447338920683441e-01
5.685495120356012233e-01
5.313986824873876413e-01
5.283070919976006197e-01
4.973913883825233362e-01
4.658058572336944980e-01
5.160203023024723112e-01
4.757245059207550475e-01
5.165379284061839549e-01
5.032275774626560061e-01
5.113280865512931372e-01
4.342246760579930864e-01
5.435296808497418475e-01
5.305333725253896793e-01
5.019831419755842461e-01
5.108067781216343306e-01
5.390361165757110440e-01
4.741571242539358022e-01
5.119022463188560579e-01
4.633811477581501470e-01
5.155568522949833810e-01
5.588477821129165246e-01
5.541098871722144326e-01
5.261044738914132379e-01
5.089294064413982799e-01
5.395788210168365184e-01
5.028772032924599955e-01
5.370758353165239196e-01
5.449751049955939841e-01
5.109609504866711172e-01
5.230578273627793928e-01
4.889594530090431990e-01
4.807447668486408698e-01
4.974405858943655723e-01
4.589033944833538770e-01
5.054862698946714916e-01
5.218410364313995631e-01
5.532942044958095718e-01
5.206486919811468272e-01
5.369295868825758600e-01
4.725324603804794132e-01
5.031277607952200359e-01
5.522680081057214085e-01
5.233057253590679414e-01
5.479220120447635400e-01
5.431363501952202189e-01
5.245671284495154740e-01
5.316162141359420668e-01
5.184127397392803704e-01
5.307700361440648162e-01
4.703924090682279346e-01
4.828265298272428896e-01
5.164583566046765384e-01
5.032288005867118219e-01
5.067433364286280106e-01
5.300632576479672453e-01
5.054740919235239938e-01
5.169622979827015463e-01
5.043909542581838101e-01
5.359416262751840465e-01
5.148933771673877002e-01
4.778761757551011624e-01
5.056626110835753529e-01
5.067798801313491142e-01
5.058719032568962382e-01
5.164116556844797756e-01
5.531127269468395502e-01
5.239980094273640754e-01
5.464833873366730099e-01
5.238576594807868858e-01
5.174612584860113218e-01
5.417094826298599619e-01
5.706415185695080661e-01
5.401409009821349638e-01
5.661223108339681342e-01
5.269425220720083125e-01
5.140740002111489071e-01
5.174874480445353919e-01
5.748338578579803571e-01
5.408018084174327500e-01
5.448752096456763727e-01
5.173841250821400450e-01
5.194395260140505233e-01
5.008078160906151988e-01
5.171185198663835747e-01
5.119701368810172237e-01
4.884696557440231790e-01
5.472608080516714324e-01
5.240514487399872134e-01
5.413878058181753605e-01
5.566123666339604092e-01
5.171697791232841013e-01
5.088063403260714157e-01
5.339768695891671246e-01
5.238749497769613628e-01
5.286662314819924324e-01
4.942565810696066264e-01
5.340202556434006098e-01
4.945640523449016390e-01
5.042000873380639847e-01
4.816111119346558334e-01
5.048261765323522887e-01
4.766821609204437427e-01
4.821337166154434084e-01
5.015692274091182457e-01
4.773556074145251515e-01
4.971230315911922548e-01
4.874571884227047458e-01
5.007859378228231018e-01
4.891192909979953929e-01
5.289483636072631612e-01
5.153295266471356051e-01
4.827945875238674467e-01
5.174046389812385627e-01
5.640794399583081153e-01
5.450226243209371768e-01
5.165699568772064154e-01
5.003370687394629313e-01
5.124876062149430478e-01
5.832632299310482882e-01
5.110489740289466676e-01
5.427576643437587167e-01
4.939091073531044485e-01
5.034477244238522164e-01
4.900525775864640332e-01
4.879589618756021152e-01
4.870632334943373887e-01
4.889121112699260641e-01
4.916644734848610865e-01
4.868645224380939718e-01
5.507617229684449445e-01
5.399514572654207090e-01
5.172654786027475193e-01
4.925315883698497266e-01
4.908939895925391594e-01
4.879295669761871679e-01
5.103368307269564585e-01
5.062351051735954899e-01
5.171814928883270435e-01
5.074367397908654542e-01
4.784738055411768554e-01
5.225445441499825261e-01
5.284581632016982500e-01
4.829971890542716362e-01
4.836860755318246330e-01
5.048735724604395125e-01
5.166652842532243328e-01
5.800073400005421043e-01
5.278615173388968573e-01
5.008283414630577690e-01
5.459114007100095423e-01
4.945736434013265903e-01
4.920536414266480918e-01
5.337429589902032978e-01
4.991779853964129487e-01
5.300864361819151993e-01
5.228867938477791411e-01
5.336578047997461161e-01
5.402494421049170992e-01
5.149378609471320090e-01
5.260305226774503184e-01
5.452856487968344990e-01
5.088799384849559404e-01
5.253740138375040392e-01
5.328052298388611385e-01
5.245715103062076334e-01
4.986543258113743660e-01
5.034821614321676186e-01
4.825048388628442875e-01
4.909419631958243935e-01
5.129957883656469653e-01
5.183243306393292560e-01
5.198673045049595487e-01
4.728454330007980655e-01
5.281234114727002549e-01
4.973997375870966575e-01
5.364452019805530103e-01
5.433330383854980683e-01
5.327507600794956222e-01
5.341898032414563735e-01
5.201496010066336551e-01
4.893814017470743960e-01
5.022107990546825773e-01
5.197689397506469744e-01
5.135642442042107625e-01
5.004399066859028800e-01
5.204297424768775659e-01
5.043862432505539228e-01
5.359126690870803511e-01
5.242558937677366249e-01
6.129658797098579415e-01
5.638911270830833100e-01
5.283514171647454294e-01
4.878011732918057231e-01
4.648287796683210349e-01
5.040353744543567549e-01
5.193518485122724515e-01
5.046251922294050507e-01
5.641020696475462781e-01
4.967874884192963192e-01
5.651968542907086501e-01
5.452102826872162744e-01
5.590174971530785797e-01
5.105244567131085320e-01
5.136045703424313436e-01
4.962993043789372116e-01
5.131209994184819934e-01
4.964411852446514173e-01
5.535132465751918529e-01
5.246905508303053578e-01
5.337625465586658402e-01
5.149251358995523553e-01
4.993874954109857045e-01
5.450302195816251194e-01
4.829952296743028617e-01
5.125206387521726858e-01
4.502647921692621291e-01
4.939378241788068280e-01
5.006152344538515875e-01
4.887201668684313938e-01
4.693087530045624844e-01
4.583588741392128352e-01
5.101863528171038942e-01
5.041885880325641667e-01
5.171558047267479363e-01
5.402932488422360624e-01
4.855073281287727305e-01
4.792710636272960456e-01
5.164210283315556760e-01
4.829389899092607075e-01
5.461021295840599032e-01
5.566664062461400553e-01
4.923966276147293541e-01
4.748540842080963831e-01
4.937135771247274652e-01
5.322897184959257677e-01
4.924283689285831600e-01
4.730743686336278953e-01
4.701834806903509856e-01
5.003291885001244221e-01
4.939176033461374349e-01
5.250839894262638863e-01
5.000012019049131506e-01
5.323996252578315769e-01
5.514737783380981861e-01
5.474945805467592574e-01
5.319792295034597718e-01
5.192654927876491078e-01
5.439267054758145647e-01
5.233434214701417897e-01
4.972393399005580195e-01
5.300466124824548819e-01
5.686152253822445157e-01
5.427505498872097212e-01
5.439799848679973682e-01
5.080251185773968503e-01
5.409440299526663276e-01
5.354173145687367574e-01
5.346702116622744638e-01
4.572283745877781524e-01
5.230236357948315762e-01
5.098287415934208422e-01
5.001485083843590917e-01
4.595769012412161958e-01
5.320734983527538597e-01
5.123968592601280125e-01
4.673360201514316081e-01
5.029368202593353931e-01
5.291315313118941654e-01
5.107734425486510910e-01
4.891276239451005647e-01
5.174470139359416132e-01
4.958881951541360134e-01
5.172357223289043571e-01
5.419711931677891892e-01
5.303628566055621496e-01
4.844651277453091986e-01
5.255917963632809053e-01
5.265879338382923880e-01
5.094128724295960975e-01
5.335377505436675882e-01
5.221432059155363126e-01
4.706460542046915774e-01
5.176435082090323769e-01
5.104038036546012513e-01
4.956927788403259760e-01
4.736030760973753417e-01
5.001929074392956753e-01
4.933005702379035240e-01
4.721134044399033503e-01
5.186941071785253765e-01
4.739612050948817656e-01
4.620080924119863708e-01
4.687009162310228905e-01
5.113291860623562224e-01
4.943838819359059888e-01
4.926516919908435210e-01
5.170854052902797982e-01
4.565691090135938768e-01
4.896634713576643594e-01
4.616192219151283860e-01
4.616448015871350008e-01
5.145135500735256162e-01
5.164133024277642869e-01
4.873449468467981882e-01
4.751033362982425290e-01
4.512444972471418847e-01
4.593537944306995691e-01
4.404800823204018112e-01
4.736217346270922279e-01
4.798059943340794442e-01
5.137176685150542932e-01
4.978440692179422200e-01
5.028998298627727070e-01
5.055459091824939799e-01
4.770322837348046074e-01
4.699449847358932453e-01
4.957737168810857353e-01
5.290295597367375979e-01
4.975884795860564536e-01
4.819558897763929761e-01
4.805985487360973085e-01
5.197978978404566019e-01
5.027022987829216083e-01
5.956198573380350192e-01
5.031579140487696389e-01
4.848689726923438026e-01
4.393240543650522856e-01
4.683375696130737120e-01
4.796353076112300773e-01
5.278851511671497354e-01
5.494708674820656391e-01
4.954804203208660329e-01
4.934866646362354170e-01
4.950979819519741310e-01
4.747881289525263115e-01
4.930106073580900472e-01
5.081718932895529228e-01
5.121670736988420680e-01
5.025028206457026192e-01
5.042273325334094558e-01
5.087818330964489766e-01
5.083375495885963380e-01
5.185594907292158107e-01
5.618057286772945025e-01
5.463484559173965582e-01
5.177413166209687834e-01
5.257397288582922323e-01
5.476286068547565611e-01
5.350209631225496532e-01
5.630863500382687903e-01
5.412431577520057102e-01
5.367676426805453316e-01
5.514651493449300723e-01
5.129279974899619843e-01
5.417773251553054115e-01
5.122429815072173653e-01
5.542153561367227921e-01
5.003269740474327598e-01
5.417190822949828899e-01
4.465789594097480109e-01
5.049651810401197816e-01
4.831094192926110864e-01
5.131588620470189932e-01
4.968350765884940734e-01
5.608624599561938817e-01
5.257860806701835088e-01
4.832511258159204459e-01
4.912492701630912229e-01
5.111343672676001981e-01
5.045803019309036408e-01
5.332962942989660782e-01
5.190562829412889156e-01
5.480223768371544901e-01
5.539178981729506734e-01
5.445859587103741850e-01
5.643891022328458851e-01
5.664758855017304473e-01
5.477741339075088423e-01
5.281066003701699874e-01
5.237946045473028667e-01
5.646044165315140528e-01
5.307377486863229521e-01
4.972185398421524183e-01
5.692024178956842650e-01
5.437230538570700933e-01
5.206886234759572352e-01
5.406579126879735853e-01
5.205728594454614999e-01
5.846518964714721989e-01
5.549172018669116246e-01
4.992639108345794385e-01
5.297930285281799989e-01
5.292391835729122196e-01
5.209268382843207368e-01
4.952980646037794532e-01
5.374330268659981424e-01
5.224047471044941382e-01
5.368540335271799746e-01
5.500870735941397749e-01
5.784800258625657499e-01
4.970553369109865782e-01
5.398755382627583588e-01
5.321203688355334860e-01
4.661418920223664997e-01
4.760709974337643535e-01
4.884915635185668181e-01
5.153110982368596105e-01
4.756292094838547313e-01
4.936186541437794784e-01
4.993009374502050401e-01
4.743910074548796096e-01
4.874297644354963488e-01
5.582727637443868351e-01
5.106569313177918845e-01
5.545699389960194736e-01
5.281497434018969095e-01
5.340187539473565392e-01
4.451297171580732570e-01
4.443017451801485884e-01
4.933267149507697402e-01
4.735347682988100826e-01
4.983929437962691389e-01
5.203317123547281930e-01
4.988492421006752719e-01
5.138637403874612986e-01
4.849247258570131835e-01
5.043837438078655477e-01
4.973654802658361573e-01
5.314989100898473984e-01
5.163938788822767245e-01
4.992475428095636270e-01
5.329628872121167094e-01
4.702522247762718210e-01
4.805402812128437007e-01
4.880330112895343020e-01
4.669615645444710750e-01
5.091284310693425796e-01
4.857905374416728317e-01
5.313281093283916956e-01
4.933578078577540160e-01
4.506331667480283909e-01
4.888025862712961911e-01
4.888002260076690364e-01
5.197831503089315186e-01
4.705832904290643270e-01
5.224690092171686562e-01
4.158394484737381047e-01
4.742680584793516618e-01
4.953354904493229571e-01
5.299554660562892927e-01
4.797645384966724991e-01
4.801871735609165581e-01
5.490093734638932244e-01
4.728628025753213726e-01
4.767147883548244480e-01
4.764235522445969817e-01
4.744595832692196091e-01
4.973376056373516318e-01
4.832806780015688197e-01
5.117238123236212965e-01
4.699917711761632533e-01
5.067909604078012498e-01
4.824148671649534093e-01
4.939501248832540159e-01
4.780223208834558091e-01
4.801337783287210614e-01
5.042500627935598834e-01
5.035016497589951401e-01
5.148330180489917307e-01
5.238573676598189399e-01
4.826734468094540653e-01
5.147157581132084658e-01
4.562164380241985340e-01
4.834174725980702192e-01
4.594787745347171937e-01
4.701364450708265252e-01
5.119571302323890905e-01
4.359771745265231813e-01
4.528873226568614352e-01
5.342342902909154034e-01
4.946321734265013426e-01
5.264663714522324067e-01
4.949718656498850455e-01
5.115619860344038372e-01
5.279871527945864118e-01
5.474915265632076533e-01
5.225074605111459380e-01
5.378121207843290508e-01
5.059255911431889130e-01
5.038082229339139184e-01
5.254323316029573254e-01
5.118377537880186567e-01
5.083492129392281900e-01
5.341610240071306137e-01
5.239155620618175524e-01
4.782983568444311162e-01
5.266438719113839539e-01
4.923877717163493983e-01
5.383644532487861234e-01
5.281631826664571205e-01
5.002711729852278300e-01
4.738179300006071237e-01
4.713564456585278006e-01
5.231600939768509262e-01
5.605538723089147357e-01
5.152755097616804614e-01
4.710092647278577016e-01
5.811863184766921098e-01
5.122738206182995135e-01
5.539537063435073794e-01
5.260778619760564379e-01
5.128387826691178653e-01
5.020326944450888007e-01
5.314063083799674958e-01
5.219006526719996986e-01
5.415361305946110315e-01
5.231039444782003001e-01
4.932662294397806013e-01
5.509743210269862912e-01
4.766192359582918092e-01
5.084098597192290292e-01
4.944012596904637791e-01
5.074983727762205632e-01
5.027102771980183071e-01
5.343970686641608125e-01
5.182731672055786998e-01
4.824261422404720334e-01
4.864603598957077946e-01
4.821188031750605063e-01
5.062224301961856243e-01
5.232831668703716854e-01
5.485887867694713149e-01
5.233618670997841615e-01
5.156516357927140026e-01
4.956572715218117708e-01
5.314339416804786387e-01
4.838194596235144695e-01
5.285324358815373103e-01
4.684149476427301173e-01
4.833697477008013776e-01
5.017886769833977967e-01
4.909733778055664355e-01
5.158943358574024085e-01
5.289234314989814667e-01
5.046448815074355831e-01
5.179800985751487064e-01
4.830530266777652293e-01
4.888179745586759273e-01
4.811064743376452513e-01
4.854563692598333757e-01
4.813145762931220761e-01
4.796427371985768073e-01
4.640780156251251842e-01
4.924544248090601539e-01
5.423535440064340962e-01
5.471666994383548310e-01
5.160599089358224312e-01
5.448694050976543579e-01
5.235702176190575319e-01
5.317328768948478279e-01
5.168174737065678315e-01
4.726526051868416012e-01
4.917951056757760009e-01
4.711762137386307780e-01
4.831073208034633581e-01
5.285806018242420468e-01
4.920642067598381963e-01
4.912271489839883376e-01
4.630965211524797898e-01
5.241392263004160945e-01
4.793676708806798303e-01
5.207231405290440041e-01
5.440536789158816333e-01
4.854101946259858358e-01
5.117805877221673905e-01
5.366030068126550479e-01
5.291211714629270313e-01
4.913632403867001508e-01
5.020885830680605899e-01
5.444189215188297570e-01
5.014628963454546007e-01
5.101684984687235858e-01
4.805979158984021726e-01
4.781995432819950431e-01
4.818024609591771146e-01
5.771857706988114955e-01
5.748630534149228311e-01
5.419125369917217050e-01
5.263916544224152005e-01
4.889010571702090968e-01
5.685944700628281501e-01
5.284072667596259043e-01
5.174942318523927387e-01
4.888783217309979334e-01
4.747938178866853431e-01
5.305442907608807213e-01
4.996507953884828379e-01
5.443346788111861345e-01
4.915944096435267974e-01
5.355232758030923357e-01
5.288433277603704630e-01
5.140004261590780388e-01
5.025181559741775938e-01
5.493225390961454790e-01
5.353529115404465077e-01
5.256803818160151742e-01
5.240718939056908665e-01
4.860848434705464793e-01
5.074068916778562421e-01
5.160931850804774124e-01
5.152459267774625040e-01
4.508198685422404872e-01
4.572129094474635114e-01
4.548174293752133002e-01
4.984009385279718485e-01
5.535873766559833431e-01
4.780210041201394255e-01
5.588065282580768622e-01
5.088486935906275654e-01
4.689322435066355377e-01
5.005322068745415853e-01
5.140850597947392853e-01
5.207438781534051708e-01
4.583101741920938554e-01
4.602006370479171382e-01
5.430514267138144557e-01
5.270145854996666213e-01
5.143234966758672977e-01
4.953943760424361908e-01
5.201164884452501580e-01
5.238625046187359580e-01
5.118980866382389916e-01
4.876444527664687278e-01
5.173960053303270357e-01
5.156047952715773208e-01
5.452854527832043940e-01
5.558437667753690636e-01
4.780433387662668676e-01
5.323952474695392567e-01
4.685002010832185482e-01
5.451459301535575008e-01
4.945911697611871660e-01
4.343340445126373517e-01
5.280360744269612105e-01
5.143190450947607850e-01
4.903066258284476953e-01
4.804403562095501679e-01
4.817045301489720766e-01
5.134525811871974987e-01
5.417073173295585686e-01
5.030962997798364977e-01
5.114785799910970265e-01
5.328513449777576572e-01
4.962506661771070027e-01
4.992060925453921105e-01
4.787031700598171624e-01
5.118303715735610382e-01
4.784909016202875676e-01
5.255065905472281473e-01
5.141626715877061216e-01
5.036891674175685285e-01
5.064208128215241800e-01
5.551872220314754136e-01
5.229858660742777721e-01
4.910294636054672868e-01
5.161833149017839295e-01
4.705769233791524675e-01
4.946281891464363034e-01
4.941370431723173806e-01
5.007762606094258162e-01
5.284627974814901652e-01
4.741677711433271991e-01
4.875426879859401930e-01
5.010593255315092254e-01
5.014630655557666961e-01
5.199850190186212640e-01
5.423704772385452566e-01
5.540911571435936933e-01
5.357569615944712815e-01
5.499079562586376424e-01
5.075401029409795095e-01
4.780711638872495173e-01
4.985776397884530420e-01
5.010604047377933412e-01
5.266720069935468818e-01
5.459102480252294720e-01
5.132364424722049012e-01
4.706890593850553972e-01
5.270557016040441356e-01
4.657697020153013234e-01
4.841393124503374779e-01
4.623004657309152665e-01
4.923952298122786231e-01
5.152995246069512758e-01
4.568701961178410764e-01
5.146819142442693451e-01
5.338369813066614622e-01
5.385991420484556036e-01
5.026989874866338859e-01
5.033403786948539294e-01
4.969377913730855245e-01
5.370869999629056535e-01
5.148222567886761025e-01
5.055601727546198410e-01
5.316444199657041070e-01
5.356297487527151846e-01
4.676941780876839871e-01
5.213063008465056436e-01
4.966514860260287101e-01
4.934725171884940531e-01
4.402949096245998284e-01
5.014679777144082085e-01
5.368941157426548871e-01
5.525408292480200600e-01
5.010699339227386861e-01
5.027776282829820031e-01
5.132237525572110881e-01
5.346413692220808311e-01
4.334977688048354816e-01
4.806863467922289912e-01
5.146481816313559499e-01
4.707618021174617140e-01
5.111760204949684638e-01
4.779462476478254507e-01
5.062340096707339532e-01
4.527819125442725245e-01
4.692923998490143855e-01
5.256462723494772504e-01
4.686764072201524134e-01
4.893420678355306919e-01
5.054772237859820327e-01
5.029053308067658046e-01
4.931518741017758556e-01
4.895256181999150247e-01
4.830426994907310312e-01
5.308870818861297636e-01
5.144794238447341073e-01
4.780666558608033245e-01
5.031404324639178194e-01
4.983807961461893532e-01
4.947888015432732600e-01
4.698592779181624546e-01
5.100348838273094376e-01
4.821212562372862442e-01
5.039279908567924071e-01
4.600032844549202249e-01
4.410807052187933897e-01
4.421509410275669127e-01
5.063697747291855400e-01
4.831994103309333322e-01
4.815238823976853433e-01
4.459248856728358357e-01
5.008155583996619642e-01
4.861143773034682369e-01
4.453578765311352883e-01
5.014220347444385828e-01
5.026315701193421193e-01
5.214322262598172220e-01
5.004150422065148929e-01
5.047774444076139622e-01
5.321987245875396955e-01
5.229100920535469932e-01
4.966331129985329107e-01
5.219455942902408996e-01
4.903477981263486551e-01
5.102121061221985832e-01
5.551134052772838112e-01
4.620697502981183091e-01
4.882398609951745794e-01
5.240609125604525076e-01
4.965688709195861805e-01
4.617321162721939043e-01
4.783162201838149219e-01
4.725144688326664566e-01
4.862044192419910926e-01
4.783443215436976592e-01
4.969084067110765002e-01
5.031136077014921604e-01
5.189450124371233208e-01
5.242655733251603278e-01
5.176705997962328665e-01
4.639822713460416970e-01
4.927403346849672516e-01
5.176573640101337359e-01
4.964330195163139670e-01
5.228657856681675486e-01
4.765691544609700347e-01
4.985918214249859814e-01
5.018288635979464285e-01
4.661689082401369588e-01
5.250243428038803284e-01
5.006529786006903571e-01
5.029006863827113483e-01
4.930212807275211606e-01
5.504448464422027065e-01
5.408085302410998718e-01
5.234277794270841833e-01
5.184417549950219861e-01
5.516087030229915866e-01
5.183401772039676336e-01
5.143935785737338007e-01
5.410875321591499532e-01
5.324901091765895655e-01
4.399888263046851655e-01
5.321440162407876651e-01
4.780698020769263423e-01
4.996483908617714298e-01
4.999859926140436950e-01
4.825573678136249600e-01
5.013586177976364633e-01
5.279921441482329225e-01
5.486397681536627768e-01
5.480070944809570799e-01
5.276682975470549097e-01
4.945542510556632521e-01
5.285275769591282202e-01
4.962898609958607543e-01
5.050878589394197649e-01
5.755261622040251934e-01
5.320732816843186663e-01
5.033267386184532288e-01
5.179738796208862572e-01
5.044002643715035372e-01
4.851463790806797016e-01
5.385376994129797978e-01
4.680306635895881140e-01
5.118818209530358043e-01
5.460843387577154484e-01
5.361912995838481466e-01
5.208258777159858743e-01
6.021598546058959389e-01
5.157138718120183318e-01
5.210245114739959771e-01
5.601224803227542459e-01
5.272053447269308135e-01
5.155002302455966579e-01
4.916162961501143736e-01
5.092531335139497406e-01
5.422536223969026681e-01
5.344277662788771144e-01
5.091790476329876025e-01
5.239978142550698603e-01
5.176195480259045967e-01
5.135939202568602369e-01
5.097917804337221970e-01
5.286343418792657234e-01
5.628625306543065809e-01
5.086999967850336368e-01
4.914345718404614094e-01
5.002846900853812340e-01
4.642699581110306672e-01
4.745230660967059699e-01
5.221032851662975593e-01
5.202888823351314862e-01
5.076424867946206509e-01
4.793532405925551299e-01
4.907807878022123482e-01
5.089668586204209033e-01
4.918129566438163569e-01
5.048373858326706820e-01
5.530860259241237031e-01
5.554821162685188440e-01
5.282153489069928431e-01
5.097118693351526675e-01
5.249532320166282462e-01
5.426864243569949897e-01
5.031719655170416861e-01
5.203015302147041554e-01
4.856932040450741561e-01
5.012322891881921816e-01
4.621884613231709293e-01
4.998967211112605447e-01
4.750210666986606767e-01
5.217148557058081115e-01
5.141696762381081642e-01
5.341390201761371248e-01
5.217422831076983236e-01
5.172690463949350947e-01
5.146946760279615951e-01
5.509336675447519260e-01
5.200260764145561154e-01
5.109244571703415172e-01
4.905467648458933239e-01
5.075377399680933710e-01
4.871520400529030237e-01
5.632673617783243714e-01
5.069128908315932991e-01
5.119620346178531678e-01
5.143201655490045043e-01
5.181803225510263067e-01
4.988618496405707869e-01
4.740448272649144812e-01
4.781593165357533870e-01
5.233660770816364050e-01
5.074404073831468853e-01
5.088221574661989655e-01
5.184544195182670956e-01
5.679867731047697488e-01
5.208340152995327710e-01
5.257144178703128112e-01
5.005550676132299870e-01
4.760457892494355803e-01
4.633821812205582980e-01
5.130415401952037602e-01
5.405255967092289504e-01
4.891687251636788192e-01
5.138380258425478964e-01
4.932325604116852835e-01
5.249440238009449589e-01
4.453269591449728892e-01
4.966298223583249238e-01
4.710461355301858721e-01
4.465687323549248355e-01
4.859008470537898861e-01
5.106035753168404190e-01
5.274780014500071168e-01
5.102040505152161121e-01
4.871463961073291826e-01
4.663373701773438351e-01
4.641150893970278357e-01
4.872841939417708046e-01
5.279946870335906484e-01
5.053821132973100871e-01
5.029680816559094492e-01
5.141561601059542186e-01
5.533945564946629592e-01
