4.895980793200829240e-01
5.207479338876722652e-01
5.202624017151872282e-01
5.342707809669980934e-01
5.185107734245447686e-01
5.149714571002578234e-01
5.354772288902683863e-01
5.212910076894403666e-01
4.987283714500296838e-01
4.701320153567367099e-01
4.807136045741951524e-01
4.796428316938752268e-01
5.136424854310785992e-01
5.156380234249683392e-01
4.983617965540143580e-01
4.741561485165319279e-01
4.890238981055265444e-01
4.915116796375781916e-01
4.498159427369362584e-01
4.634328579897755152e-01
5.311623830686074133e-01
5.184612187032535680e-01
5.054136059334346509e-01
4.893443123971790709e-01
5.037737573652418810e-01
4.973015530328704914e-01
4.784451704957703444e-01
5.067409521149774942e-01
4.913897219178950393e-01
4.822988312500383623e-01
4.668537067499098359e-01
4.471915657976478498e-01
4.502346509670479557e-01
4.818826893239180897e-01
4.237428801402948197e-01
5.118893003214755044e-01
4.769527010743672135e-01
4.730134818126500718e-01
4.828963738460788080e-01
5.193305322022274684e-01
4.590383422133208491e-01
4.865860429472937954e-01
5.070051900053049732e-01
4.496128967432241330e-01
5.104043668990569937e-01
4.797847715900889209e-01
4.743988119026604222e-01
5.090154048016976018e-01
5.114972483289609295e-01
4.825112330794548154e-01
4.751773123105492713e-01
5.196193295064253093e-01
5.231583322563879701e-01
4.994524131511618448e-01
5.377348697411334921e-01
5.663492287027810379e-01
5.108966665193557244e-01
4.316146141819018345e-01
5.041957680788048402e-01
4.939461885948310815e-01
5.607004765777509059e-01
4.301718142492293451e-01
4.962647664107107670e-01
5.163285268884415524e-01
5.479104524832232315e-01
5.368127857925799606e-01
4.685144085341752529e-01
4.948607028029026744e-01
5.631992904007330214e-01
4.910020594140803163e-01
4.941513162042975305e-01
4.918437456204579616e-01
5.149619011164201510e-01
4.661632289254869499e-01
5.080543270978947756e-01
5.140429340486265541e-01
4.971616765212849565e-01
4.884496570355072453e-01
4.341000200790467445e-01
4.264883104198993746e-01
4.485216864507370893e-01
4.862279967052591800e-01
5.014161725403784020e-01
5.050531536181929182e-01
5.054753935919892305e-01
5.042075725775756467e-01
4.944871102944981001e-01
5.258937379742286700e-01
5.078810703530135529e-01
5.056596234987476013e-01
5.053860583735040324e-01
4.767426528627451976e-01
5.028741745732355772e-01
4.649965265065333364e-01
4.653381008320955359e-01
4.825152687096532778e-01
4.413856647906199138e-01
5.072852068778918033e-01
4.446502622813661154e-01
4.724706569307270398e-01
4.696517559105761186e-01
4.890016986766446694e-01
4.772938790132384979e-01
5.014383131302407870e-01
5.030098811597447650e-01
4.761567777726566919e-01
4.975570358871376220e-01
4.485337022338959367e-01
5.571511341300942055e-01
4.439697480665818485e-01
4.139582833270927242e-01
4.526663942357300741e-01
4.583840344717823867e-01
4.990335807919487610e-01
4.988132858252412594e-01
5.217850669729923174e-01
4.891102445928252052e-01
4.828963223872974053e-01
4.612257024520904913e-01
5.058944951030192039e-01
4.970354927022644920e-01
4.781222406558449656e-01
4.870833275965323339e-01
5.239586584091251442e-01
5.038722147323306810e-01
5.412349109606722219e-01
5.532051392776534682e-01
4.770504480656408419e-01
5.359852668091565908e-01
5.441741105652568855e-01
5.005860060169781134e-01
4.776779605231423198e-01
5.190244615067850509e-01
5.023552471382871643e-01
4.914642135703148340e-01
4.767772907600232868e-01
5.329286526382012168e-01
5.055334712385952667e-01
5.313170175532839767e-01
5.001478865223004666e-01
4.895784589406356746e-01
5.280838358868750193e-01
5.035564489810250288e-01
5.182606124422299843e-01
5.123798102189067727e-01
4.947163607288424525e-01
5.192261640818930379e-01
5.292884076662806025e-01
4.905681084721583707e-01
4.453947555784325552e-01
5.151822389756069986e-01
4.843000827853958801e-01
5.380789852973619780e-01
5.166492980507213506e-01
5.140847198423469377e-01
5.225822975926869285e-01
5.403925594735193849e-01
5.233719918429274864e-01
4.589680053929645620e-01
5.301654345541444435e-01
5.030104806409788631e-01
5.036829722585030034e-01
4.583924974373081995e-01
4.789184495799914121e-01
4.857780788020402141e-01
4.860505762358128257e-01
4.614920521651110219e-01
4.928873047053208278e-01
4.697888927086730226e-01
4.775648357280378731e-01
4.353662286509283330e-01
4.094846364749592516e-01
4.334714555436551264e-01
4.518038162129174862e-01
4.403407719166361201e-01
4.901433176663584357e-01
4.546776574043037145e-01
4.841734611246106268e-01
4.951131142024833842e-01
4.980207165087625620e-01
4.730102140113516818e-01
4.944169986137291195e-01
4.954998903086295092e-01
4.634183908041215050e-01
4.681491489731038347e-01
5.015089692191080362e-01
4.809483183539299267e-01
4.982608949689786293e-01
4.841113713505209026e-01
5.004144402097790989e-01
4.803969252286210967e-01
4.011315494176241336e-01
4.687606617573683021e-01
4.750457266547241097e-01
4.325266771110656272e-01
5.144255383642408752e-01
4.445049805039306690e-01
4.693393281589209876e-01
5.129788104163207629e-01
4.827628457868736733e-01
4.903453667169930252e-01
4.749381368581991891e-01
4.462676079625788605e-01
5.159261970835685718e-01
4.879999084484291094e-01
5.163729161045017557e-01
4.624344058990094708e-01
5.137683193803865844e-01
4.862832241056167515e-01
5.188351398566892758e-01
5.164620127952304074e-01
5.160630444802196681e-01
4.981718916693270161e-01
5.072687540968312536e-01
4.478625576013900433e-01
4.667916436147720449e-01
4.518462412650118276e-01
4.812156421675687912e-01
4.635737485396227431e-01
4.565057287629465943e-01
4.887032874800090188e-01
4.833259972622773182e-01
4.973895144116439737e-01
4.967070513665833853e-01
5.317629267644720104e-01
4.927801767538805278e-01
4.777052329692839105e-01
5.394825702652839006e-01
4.567824645920067206e-01
5.076501296582263123e-01
4.741006158672408377e-01
4.981999516894042301e-01
5.179498721099009551e-01
5.208207012767411825e-01
5.397290407513605226e-01
4.815350423300253091e-01
5.042632993543724185e-01
4.613292455129190950e-01
5.365020357157992414e-01
4.795693848588940544e-01
4.754945945586719902e-01
4.832096625706082671e-01
5.258459503699720594e-01
4.699826235963447951e-01
4.566099113643588558e-01
4.915914860429929645e-01
4.639260952964197049e-01
4.818015035386860045e-01
4.511311435371509471e-01
4.656576548909540092e-01
4.648575256793941457e-01
4.865897205105190193e-01
5.150811594742373822e-01
5.261058155093043531e-01
5.005993115097795432e-01
5.038059965918445515e-01
4.719257535265778958e-01
5.313161868801090648e-01
5.097777939188226082e-01
5.101997430084240781e-01
5.403642336410259261e-01
4.861915937438030522e-01
5.248000071491508711e-01
5.354829519690188500e-01
4.832887845928732773e-01
4.915036090923695089e-01
4.758167716280874981e-01
4.934112278000587493e-01
5.283701977927659499e-01
4.920141821687817885e-01
5.174416460870923107e-01
4.787682330706483635e-01
4.622707675125468096e-01
5.243750575134268344e-01
5.268980754901680941e-01
5.040211754821388723e-01
4.977896583509118789e-01
5.203787021944134006e-01
5.402843317478638330e-01
4.778497186645641048e-01
5.017321292547077816e-01
5.142896713955775745e-01
5.100278407619845966e-01
5.039929002764772514e-01
5.096182555719637186e-01
4.884463453029901925e-01
4.976795591263141194e-01
4.869638411031388947e-01
4.709618810527528843e-01
4.795230586140715179e-01
4.791913679106523660e-01
5.131896025365942915e-01
4.648434226128514424e-01
4.781124922470400551e-01
5.068015660562106284e-01
5.139448832161899183e-01
4.932791736896033341e-01
4.778766777882876848e-01
4.966118809424572289e-01
5.066056281361737135e-01
4.818209865530098668e-01
5.071304616208136551e-01
5.252747578322718436e-01
4.529088617281720741e-01
4.773625683964360933e-01
4.952438575863551407e-01
5.100910924694609383e-01
5.070139769653483341e-01
5.060922807090147968e-01
4.418092316199676017e-01
4.607943603853609238e-01
4.764838801892203324e-01
4.839081889656070556e-01
4.554048958811458547e-01
4.821468569973789142e-01
5.177444620978880474e-01
4.638981962648626722e-01
5.022835865729947669e-01
4.912124286271949969e-01
5.622812529927708747e-01
4.739478656960517400e-01
4.445971002782636017e-01
5.072687912359333806e-01
4.294802381607399910e-01
4.763209177338972311e-01
4.435385760119667231e-01
4.870010307133595395e-01
4.734833399553146083e-01
4.760232965822637219e-01
4.858732021054539829e-01
4.807622655814050017e-01
4.778213095132456401e-01
5.042785277621640860e-01
4.771060873901927235e-01
4.791497986563253431e-01
4.750473046575931502e-01
5.121105301001619425e-01
5.097007062407500344e-01
5.006654259541059027e-01
5.146356951412706104e-01
5.054684525724888466e-01
4.813798557539476497e-01
5.039853683529850192e-01
5.135845347799227190e-01
5.242613345903066602e-01
4.938254494389069382e-01
4.776591549869672604e-01
4.769884773786192134e-01
4.927377150309392717e-01
5.019032994228248556e-01
4.872118744774440735e-01
4.396684448505261411e-01
4.499444231281199968e-01
5.105919479455831578e-01
4.371862221423536976e-01
5.052764807489003029e-01
4.564516552060823296e-01
4.913952107501543543e-01
4.641604409741182380e-01
4.719796538955217668e-01
4.551614404430139316e-01
4.882974448150029234e-01
5.088548166999974365e-01
4.891350396425368507e-01
4.967310358262966852e-01
5.422191232597095567e-01
5.051361278390077425e-01
5.183553182767740575e-01
5.196299774443895458e-01
5.217900217790676365e-01
5.431698071051378474e-01
4.701865771838490971e-01
4.582538759003461637e-01
5.326337105033238650e-01
5.093134207366155630e-01
5.108796603451106755e-01
4.573295135275406431e-01
4.537952365638587282e-01
4.920752673472178484e-01
4.973576762347787783e-01
4.936055938302588708e-01
4.911843293587170867e-01
5.016180933825649113e-01
4.976847510608473080e-01
4.812624395125773558e-01
5.239672042808780628e-01
4.903197051110783633e-01
4.858100065101030318e-01
4.431068712272298038e-01
5.065973063585296199e-01
4.336133225653788781e-01
4.394651331862179933e-01
4.972446323688889946e-01
4.265496612121637554e-01
4.856258976683387463e-01
4.179464395152976963e-01
4.934711242715020263e-01
4.293035602812838025e-01
4.133748376386751633e-01
4.446550342913004328e-01
4.182368434044312910e-01
4.969513839949225575e-01
5.167380155619281101e-01
5.090508357750795909e-01
5.091668105555596791e-01
4.911631028825382272e-01
5.444614052516087987e-01
4.545878410645204926e-01
4.706244643178373321e-01
4.978645871683196056e-01
4.681287844004548004e-01
5.016244604215058800e-01
4.894439611289738146e-01
5.550802834860073531e-01
4.941958144368162054e-01
4.895262443447708778e-01
5.192040623480567163e-01
5.276024457128518641e-01
5.012533845309466995e-01
5.108276234713291508e-01
5.091120186104137746e-01
4.722521680243080833e-01
5.043020959722245289e-01
4.922778218619787705e-01
4.784203248828576283e-01
4.974093225409371710e-01
4.579028066652325868e-01
4.966032640937347309e-01
4.603036427169061029e-01
4.833729441429009954e-01
4.470374668145245534e-01
4.280117805251951735e-01
4.066470220092753829e-01
4.537973010736720547e-01
4.951155712889927507e-01
4.969164397267663569e-01
4.845846919398749675e-01
4.805577079264033991e-01
4.631583140160706047e-01
4.551351204076234946e-01
5.079681757530223329e-01
4.724110940577357920e-01
5.236437092351969858e-01
4.531082858284576909e-01
5.239271482969071192e-01
5.089773904894446810e-01
5.081721460572666826e-01
4.932172959337876583e-01
5.419308249073353512e-01
5.474307665620675722e-01
5.023339851344107432e-01
4.795536685664356091e-01
4.812994426620629262e-01
4.601426784652863367e-01
5.285206472409796907e-01
5.080513776676462978e-01
4.626442370886826305e-01
4.572390140835489447e-01
4.621877196722202208e-01
5.088050982985791171e-01
4.958567537044653584e-01
4.540472662334579246e-01
4.774341011680812152e-01
4.638935137073058601e-01
4.641352363802041525e-01
4.999762677497453511e-01
4.424411592804369242e-01
4.739620267459898617e-01
4.922115820917429829e-01
5.193574759377427297e-01
5.032116681982897743e-01
5.270930616676996472e-01
5.090240511699554160e-01
5.043304105186634523e-01
5.528708067623918643e-01
4.959726041465256641e-01
5.287166037540965702e-01
4.340010865007630225e-01
5.047070697273722262e-01
4.251031547250777587e-01
5.129085852913572996e-01
5.180378038563807630e-01
4.949876040353317075e-01
4.930587986354048047e-01
5.014597685848057873e-01
4.675495022169988690e-01
5.229123231385086612e-01
5.293031038371854846e-01
5.000399520013470989e-01
4.761365384733363126e-01
4.712758827469433198e-01
5.206287644273126514e-01
4.952737082801381141e-01
5.410862775486613430e-01
4.846296020256286585e-01
4.343325217741029753e-01
4.928157447402877755e-01
5.345163810574994345e-01
5.096687097995198368e-01
5.001316691206967313e-01
4.828276538061843093e-01
4.941955109954211944e-01
5.184424452138318706e-01
4.998683433631183615e-01
5.162512928538194323e-01
5.051701057796549321e-01
5.252859250601530361e-01
4.795186491975887422e-01
5.293090447078232508e-01
4.950039638288887822e-01
5.168029268401090892e-01
5.169378979022366538e-01
5.156764936130551202e-01
4.772420721191056869e-01
4.920327272892412451e-01
4.917382921213763747e-01
5.503095924116703230e-01
4.600269646548391100e-01
5.587434786289476873e-01
4.925860416740669989e-01
5.163442541099079186e-01
4.835097465231060765e-01
5.145371908946347883e-01
5.381403717923457508e-01
5.556649359430798629e-01
5.090484608664754829e-01
5.285853080859015396e-01
4.858274141522934686e-01
4.922228375865869698e-01
5.378928204607026364e-01
5.068449908721746056e-01
5.289796431369028218e-01
5.499064193476392859e-01
5.114693014607796240e-01
4.885979381153267576e-01
4.717962059271478270e-01
5.047066715574681783e-01
5.124277578644408360e-01
5.115302738312607067e-01
5.098758082588079610e-01
5.262041701541040339e-01
4.944773898865445494e-01
5.163856912943951549e-01
4.964233727899612925e-01
5.015663090832686022e-01
5.045286468326803941e-01
4.944034827954071343e-01
5.429386760778496246e-01
5.012734658538499088e-01
5.171817779711073149e-01
4.915683451170360097e-01
4.930574146836968485e-01
4.925506751069814726e-01
4.363668194488368179e-01
5.315576835966191460e-01
4.303310475473126617e-01
4.530963705741003489e-01
4.994351382406027606e-01
4.920926158263518313e-01
4.774354561413390874e-01
5.455498393316112749e-01
5.487967272963152343e-01
5.282774208581936248e-01
4.548024340327006532e-01
4.805581113161003226e-01
4.539249509714866626e-01
4.933471574170625318e-01
4.596326426078762850e-01
5.026554766955531051e-01
5.135298589828382054e-01
5.152963552722673590e-01
4.378418502167524817e-01
5.157454369532806782e-01
4.726359821900363856e-01
4.755237589874214965e-01
4.539870080739713543e-01
4.865353891936226027e-01
4.273514193636820946e-01
4.394310463852085791e-01
4.947639899143344011e-01
4.617778085729721815e-01
4.896975808134401142e-01
4.745643006964085364e-01
4.939323559973267108e-01
5.313745607385861325e-01
4.642262036842825790e-01
5.289638991034526505e-01
4.735052079343132214e-01
4.556911683352600773e-01
4.560658329209179018e-01
4.997218901081634801e-01
5.033746480619289976e-01
4.385449923759114910e-01
4.679749725322831511e-01
4.695293261706827703e-01
4.703884189914490088e-01
4.733614061761192704e-01
4.771853511088086641e-01
4.569309983512347406e-01
4.703838802420149956e-01
4.867134072665766920e-01
5.109209439217512472e-01
5.061894917138429761e-01
4.502726679815378108e-01
4.832947032743150628e-01
4.712803882580673953e-01
4.789299167140504410e-01
4.717721768254932724e-01
5.088198829275901725e-01
4.346422862979274493e-01
4.493132023014850263e-01
4.556356990569256915e-01
4.910413142184272828e-01
4.787022174569279254e-01
5.055587216082756408e-01
4.889346780621536270e-01
5.215747844709838210e-01
4.795484005468790278e-01
4.803582563570240049e-01
5.259082088178822501e-01
5.518800772823121426e-01
5.000840975159346335e-01
4.986642647715021082e-01
5.299400834526586390e-01
4.873527838087788888e-01
5.275317030511490479e-01
4.594093147792867038e-01
4.924010961905486705e-01
4.672775463074548830e-01
4.392361431686511164e-01
4.579782788268875193e-01
4.842709561623850800e-01
5.246672040611720655e-01
5.275764847415188585e-01
5.056353461418117146e-01
4.733709143206380476e-01
5.177022798180215268e-01
5.148164805147832368e-01
4.873145013829502381e-01
5.235571157901778294e-01
4.981943055398352915e-01
4.852458712623883841e-01
4.818795735888913301e-01
4.922006954037101423e-01
4.983829302981224729e-01
4.939334679685003504e-01
4.985476044281159091e-01
4.617896648135850768e-01
4.839502298114233270e-01
5.214342006136679641e-01
5.039962510106289484e-01
5.288778714617418109e-01
4.677674629221910685e-01
5.038622496862873446e-01
4.122099386063649007e-01
4.711609831590520825e-01
4.941029510739246011e-01
5.180703359198278735e-01
4.447356325051866621e-01
4.439909627113275414e-01
4.486859562242644373e-01
4.738960753029136108e-01
4.366149762375546861e-01
4.992910526808491678e-01
4.936943070539782097e-01
5.034325125196530415e-01
4.647963885001792361e-01
5.543097520483835083e-01
5.315099127019208280e-01
5.104883958991481840e-01
5.655672384396777108e-01
5.135280502241456047e-01
5.610172283503521706e-01
5.264831106271229411e-01
5.043977491280661196e-01
5.182806296473089214e-01
5.429690243700341368e-01
4.633667805212347002e-01
5.147401722894071607e-01
4.790921726121165625e-01
4.828524292135369378e-01
5.277462301429848290e-01
5.406257411103553290e-01
4.896703860311885648e-01
4.654154993251299333e-01
4.777719539416169781e-01
5.276278223779909959e-01
5.065006168230834493e-01
4.862783411581915183e-01
4.847390616957878984e-01
4.750312218584069601e-01
4.726841739868546388e-01
4.993545015701780221e-01
5.046927722216660861e-01
5.258040510645634047e-01
4.992724447448318448e-01
5.200579366270622339e-01
4.715177062129686791e-01
4.644326240919287585e-01
5.008611316966561366e-01
4.619960430763848658e-01
4.679061322070041662e-01
4.632463157384750785e-01
4.827289791623379789e-01
4.178866286460571344e-01
4.608424536389603698e-01
4.584785639289580828e-01
3.854893355813657774e-01
4.217863046992049725e-01
4.435346166590259376e-01
4.728265546921174844e-01
4.892413065283351403e-01
4.840007016122171990e-01
5.073112470205543012e-01
4.662748404054425921e-01
5.017764758648031176e-01
5.226110632066259809e-01
5.153657099039674616e-01
4.714134019123061292e-01
4.488020268772404675e-01
4.543570317102126332e-01
4.596517501797396377e-01
4.401284484656134977e-01
4.866033832754926847e-01
4.503645560189039054e-01
4.729289371953273591e-01
4.710742539275705743e-01
4.834368962983246476e-01
4.748719083378292183e-01
5.061610972830486999e-01
4.657417235449327064e-01
4.704641152166400553e-01
4.530636329071859869e-01
5.014426539662288906e-01
4.795885229175972375e-01
4.850405028307600563e-01
4.836254530698684828e-01
5.195731033308662594e-01
5.472619610760459663e-01
5.231101710918244496e-01
4.692466244883699011e-01
5.087892240477368544e-01
5.056592291822339380e-01
4.802430863559268293e-01
4.571569559408606431e-01
4.459168482160827951e-01
4.549293377226219515e-01
4.864518824278012965e-01
4.633710900296956203e-01
4.453532885812473419e-01
4.897229490930053442e-01
4.937004923613866891e-01
5.465535515485979712e-01
5.640991641433602544e-01
5.385833461983188242e-01
5.067446468927562231e-01
4.944990845367176480e-01
5.170543573935771908e-01
5.181303780032119333e-01
5.154224268925330366e-01
4.788116064017179929e-01
4.985495330904359812e-01
4.531743210770788899e-01
5.253115663069546359e-01
4.621171726208760933e-01
4.821810631527896907e-01
4.925115175596668782e-01
4.900842740378357765e-01
4.611504911899819703e-01
5.082661014436838931e-01
4.760434990516572706e-01
4.900043328249624186e-01
4.688224189001156117e-01
5.281039300414699378e-01
5.438642508098737727e-01
4.851675658870986951e-01
5.026939689365047537e-01
4.976493724230819926e-01
5.215743743459401172e-01
4.745079024572983473e-01
5.075213970435221711e-01
5.593755987752285774e-01
5.111130462121838969e-01
5.272539206405514323e-01
5.537606564402443032e-01
4.796658170243973673e-01
4.761143315629203232e-01
4.570847849988649014e-01
4.598466409559739398e-01
5.241222138644654471e-01
4.913943120431299993e-01
4.706439043945873646e-01
4.644230001243868089e-01
5.137281763889449682e-01
4.997792096361446945e-01
5.004035169024839691e-01
5.241984242252036852e-01
4.498642717883897246e-01
4.893949730736086856e-01
5.180536059529711190e-01
4.955359644972328059e-01
4.818945195492164713e-01
4.606078014873540849e-01
5.071044034044507320e-01
5.244183027550839427e-01
5.020525472868579975e-01
5.032101189108323380e-01
5.152331967583266836e-01
5.073969263177816602e-01
4.785380661454513573e-01
5.030551167038681548e-01
4.965793279936943083e-01
5.621510721215081663e-01
4.958883939799472729e-01
4.127353397780731403e-01
5.199918278988451270e-01
5.275923119331032973e-01
4.747269401669872990e-01
4.378144580527053575e-01
4.782464238949671875e-01
4.704557065155139939e-01
5.223191207162025673e-01
4.484754191686105007e-01
5.029585890042918006e-01
5.106588104333872336e-01
4.885080636746785276e-01
5.136163489082266054e-01
5.039645168140421960e-01
4.931382274290549428e-01
5.049831906986437247e-01
4.819755470835662692e-01
4.557230277930258144e-01
5.132385744398928473e-01
5.203080072977084303e-01
4.698619038682548821e-01
4.555065757161945728e-01
5.106674971971338906e-01
5.006813433985115580e-01
4.821267141786367283e-01
5.043427139600548115e-01
4.583730343055875123e-01
4.521689898591378931e-01
4.534552856494759032e-01
4.805709849740260609e-01
4.786900856859584441e-01
5.271985250835340420e-01
4.704374324529666529e-01
5.082973123538008231e-01
5.195002348830579653e-01
5.194245349174883009e-01
4.740706040090408857e-01
5.360487741646741133e-01
5.368709883762039503e-01
4.898198729989326483e-01
5.536158718143936452e-01
5.324690260415705367e-01
4.680736414850275584e-01
5.231095874656775946e-01
4.769226647915484896e-01
4.993760675874947541e-01
4.962228332387499941e-01
5.152274241196853621e-01
5.121936383308889340e-01
5.388755171955987855e-01
5.251664538613763922e-01
5.176403084478474748e-01
5.399541543782672148e-01
5.062703588025242452e-01
5.042876479288221914e-01
5.385187031034456284e-01
4.923083644105985535e-01
5.632315785523291929e-01
5.300893468572920320e-01
5.286250312013511810e-01
5.000899457840827234e-01
5.182564708056583980e-01
4.928537749825733782e-01
5.203507954571265914e-01
4.893335860772479728e-01
5.320980253898707213e-01
4.724777275446111480e-01
5.333277167371831551e-01
4.944479796891502188e-01
5.135726846019296188e-01
5.087289123439646676e-01
5.003470471307044365e-01
5.089692102697151999e-01
4.772097630371720522e-01
4.870486332703624077e-01
5.184645532576499516e-01
4.997018541032248184e-01
4.659121661003713943e-01
5.016074364852377565e-01
5.374875747989052988e-01
5.989853894463249562e-01
4.970123554264004317e-01
4.941984391021671530e-01
4.953352766732955215e-01
4.863730991560652472e-01
4.984851166460561589e-01
5.029979849703140049e-01
4.697220415031785890e-01
5.179349075070284192e-01
5.179096145558319542e-01
4.799201272279725594e-01
4.726566962327179433e-01
5.281316375360776139e-01
4.558242283859121335e-01
5.026328275024056769e-01
5.194604019289180696e-01
5.315975361201571436e-01
5.181886172127995183e-01
4.817010495605720810e-01
4.899408772474511120e-01
4.788884952863119437e-01
4.896413582410882870e-01
5.201415296897935470e-01
4.894175500084034236e-01
4.931943305211154427e-01
4.740794531391595568e-01
5.295510155663863960e-01
4.795951118141174030e-01
5.260156411226820650e-01
4.689108072742114719e-01
4.864234896377266915e-01
5.055321869383579969e-01
4.832595036463291915e-01
4.653519064852888465e-01
4.658693247876199428e-01
5.090705248040886532e-01
5.087729462439007921e-01
4.754839227870968354e-01
4.711023846821531524e-01
5.209429415988037215e-01
4.876364360528930297e-01
4.820445189048465084e-01
5.107643985040856149e-01
4.447175345531655943e-01
4.947510161220317060e-01
5.152674660543875573e-01
4.791371929982863875e-01
5.377210894677246777e-01
4.997029681572204285e-01
4.759041569919925663e-01
4.628132032824182063e-01
4.810055985953109459e-01
4.560697914596139046e-01
4.742276820037204521e-01
5.057903861942197876e-01
4.876524644858503676e-01
5.011972559541570948e-01
4.826211668449679193e-01
4.504180793242557046e-01
5.127180736293628360e-01
4.867399391643645323e-01
4.550363806004346645e-01
5.000611258985783181e-01
4.794708760792747992e-01
4.541187740670389883e-01
4.494512263878396863e-01
4.366949280649412568e-01
4.826039528508306864e-01
4.369876929666849374e-01
5.273915350380283806e-01
4.693241240189878205e-01
4.908064869829647514e-01
5.578459047933851389e-01
4.923484036421115206e-01
4.932474437811731893e-01
5.291300999582360109e-01
5.179358845375372500e-01
5.159462128080578580e-01
5.069474115277976534e-01
4.854660579696088996e-01
5.012062880191435754e-01
4.953782398178609991e-01
5.209934243478122617e-01
5.380274152797561715e-01
5.138386117395592478e-01
5.316247859091216554e-01
4.976145481548840399e-01
4.737000381607154309e-01
5.028850596221180469e-01
5.032534838461221183e-01
4.913578081230544070e-01
4.795418004017834579e-01
4.846956312983012882e-01
4.559011137749366394e-01
4.949111232783655612e-01
4.487389112692444226e-01
5.116032940308811172e-01
5.114580949319277314e-01
4.631052295526558171e-01
4.922621965164866165e-01
4.753886662109749750e-01
4.655609186832543878e-01
4.989559975159126304e-01
5.162928868814220529e-01
5.091541414126279363e-01
4.902713742973641153e-01
5.005423083971869413e-01
4.467399952690312981e-01
4.898799834296475031e-01
5.037399308792922525e-01
4.644560844675718614e-01
4.422719610494592057e-01
4.978484040455453119e-01
5.315820766395427110e-01
5.268369167249713492e-01
5.472155842602431930e-01
5.358333500465832788e-01
5.207721841336433455e-01
5.060490798758251474e-01
4.991736122821671673e-01
4.952604823674668921e-01
5.031791831596572617e-01
4.939501410761516498e-01
5.065418814958011495e-01
5.273790926130305090e-01
5.212532219189589533e-01
4.769294805267342285e-01
4.320327122357137117e-01
4.866565584759729446e-01
5.266343036549030465e-01
5.374511455623955936e-01
5.582757841862036052e-01
5.101991565142819374e-01
5.203526451884624704e-01
5.371166057606482358e-01
4.840878072602093352e-01
4.821489056239475768e-01
5.393511834711630648e-01
5.580296896613932134e-01
5.270471703002506114e-01
4.989173549547096242e-01
5.070687736049926952e-01
5.133190368218529809e-01
4.808483987901143730e-01
5.242267890135271502e-01
5.080204278268574125e-01
5.408550396215831002e-01
5.539230273603013011e-01
4.985546129644999325e-01
4.797572665525975388e-01
5.014943286478370510e-01
4.822739168990773928e-01
5.143232233254009245e-01
5.436754578523715908e-01
5.159676584045825853e-01
4.577844878096313241e-01
4.748010536669194925e-01
4.969271871440077426e-01
5.186125131786227804e-01
4.793515364862820927e-01
4.618512396470813575e-01
4.850544336557579550e-01
5.217785659883975580e-01
4.546250403583292909e-01
5.152806683265591658e-01
4.855465013241054839e-01
4.628023954309915533e-01
5.134122310836524150e-01
5.492496358590752692e-01
4.832596555210682543e-01
5.019594050284431619e-01
5.109215975597480863e-01
4.690633227986729659e-01
4.618077854870936694e-01
4.446437263517811767e-01
4.785719540118290594e-01
5.319352462079974808e-01
5.075484592659676997e-01
4.798392815308538673e-01
4.884562161193792829e-01
5.205011579537616173e-01
4.815857376025838854e-01
4.924665429546570827e-01
4.991345226691067394e-01
5.011361232758423379e-01
5.078549975837953756e-01
5.075458793424744153e-01
5.382199214756837602e-01
5.174717259425792859e-01
4.869030520101500503e-01
5.226410936437095867e-01
5.169369989035645929e-01
5.047660981773453015e-01
4.950919677215711578e-01
5.002130201369627827e-01
4.883714947598602474e-01
5.247244205821104401e-01
5.092393928083789323e-01
5.026784109006560142e-01
5.276885844541261417e-01
5.425605637896662170e-01
5.018058384618864221e-01
5.334520685964971864e-01
5.461304925877233929e-01
5.013200072922461281e-01
5.138180108075182106e-01
5.099002220743071856e-01
5.151711519605631784e-01
4.862665522278410979e-01
5.028914618116069324e-01
5.014732291479274684e-01
4.464332547476135837e-01
5.484730197901345194e-01
4.589392876014029010e-01
5.154449828589735549e-01
5.151130251726816489e-01
4.857021233985668318e-01
4.845559188904816073e-01
5.231382890261563334e-01
4.990543815664647553e-01
4.720069662845032821e-01
3.981273808024315408e-01
5.027245142187901639e-01
4.989803218727754119e-01
5.353288122232988666e-01
4.601663437995218708e-01
5.142675382864541067e-01
4.848979326401879342e-01
4.846664855228684510e-01
4.983743897761852004e-01
4.981997079945527096e-01
5.140503009973643733e-01
4.816707988960173825e-01
4.550599635571302426e-01
5.193795501416457183e-01
4.828883407540406902e-01
5.324330669726925480e-01
4.422324734121831913e-01
4.577720947165922483e-01
5.162358135363829259e-01
4.960646048379369621e-01
5.044541244360821741e-01
4.596983424096533488e-01
5.108374352138814745e-01
4.616568916902567543e-01
4.758624325637935693e-01
4.719780990368052653e-01
4.670502404654903739e-01
4.962216814217971228e-01
5.130916256147621812e-01
4.539328614303152487e-01
4.503044159756786069e-01
4.826604957264367668e-01
4.903479650576804127e-01
4.730521816300111149e-01
4.712004555852595256e-01
4.696472791813878778e-01
4.872915262883830700e-01
5.396969375708442485e-01
4.860186782965104091e-01
4.585305536649120217e-01
5.079639998775179466e-01
4.779308234016360624e-01
5.125941021879558690e-01
4.796763140426194560e-01
4.861020675936908453e-01
4.753517741291112264e-01
4.188646730376290317e-01
4.620596515044058106e-01
4.891396371345052008e-01
4.963991477304072197e-01
4.874373261833030990e-01
4.709124995425275628e-01
4.658693681296041111e-01
4.910833994548360892e-01
4.898501716454391475e-01
4.482039898027048164e-01
4.792147663099198263e-01
4.579425136075416791e-01
5.123410782104991235e-01
4.688204163454783857e-01
5.100986351289364951e-01
5.263016271336463658e-01
5.208908710128230535e-01
4.991000640759482576e-01
5.130492889721085525e-01
5.026782484037626286e-01
5.124681890786814131e-01
5.278460961582127631e-01
4.857713718757686316e-01
4.912807452512623629e-01
4.870112274787881668e-01
4.822089196747190165e-01
4.994924594668795348e-01
4.879127937484610822e-01
4.905847929718391565e-01
4.680733861599722934e-01
4.943697546692292777e-01
4.807480242046727748e-01
4.970035731328428241e-01
4.555567392260991277e-01
4.935697123935872677e-01
5.068624023185261951e-01
5.040456553047770738e-01
5.296668246661437873e-01
5.123090518018706963e-01
5.229259947947817455e-01
5.534069755118357081e-01
5.431295359906131992e-01
4.957008938586207059e-01
4.727036936239357168e-01
4.719684589849820755e-01
4.913926031674403783e-01
4.742704273134392690e-01
4.514613984995040630e-01
4.705191185660555497e-01
5.257274009630211742e-01
5.546337354680102028e-01
5.404697502441794255e-01
5.067800465456612224e-01
4.936057326965933023e-01
4.908547644688163181e-01
4.815077052387897183e-01
4.628543901779927361e-01
4.598648495650893286e-01
4.909196264607548765e-01
4.824954255761338406e-01
4.753358688643266605e-01
4.706680018634197271e-01
5.395800039887428401e-01
4.915011171007629409e-01
5.123117903668138462e-01
5.349630955337514315e-01
5.171655694420552729e-01
5.027811716750731907e-01
4.997846899053147163e-01
4.833602471193371719e-01
4.897577236380801224e-01
5.187639101727092861e-01
5.006384107803453221e-01
5.200274563417391915e-01
4.918998342356684095e-01
5.056824948488549687e-01
5.399822616430403066e-01
5.269316703751029118e-01
5.263961829728304176e-01
5.024459791140759579e-01
4.999391045849830850e-01
5.293538872463300349e-01
4.407322835675779316e-01
4.998482218875502370e-01
4.449285479851378677e-01
4.861769377031935346e-01
5.229226392595963668e-01
4.988691724733282928e-01
4.814876017474492564e-01
4.979316272824851897e-01
4.565608821686635843e-01
5.238323335806521763e-01
4.897415868486801882e-01
5.308045077416853053e-01
5.205465278785821326e-01
4.757077990375638832e-01
5.024489301933878771e-01
5.062100104376371368e-01
5.184640290346150815e-01
5.340454719880003420e-01
5.028213943033181810e-01
5.293085384199706089e-01
4.790517560118038864e-01
5.350105833459423144e-01
5.155339964883687287e-01
4.668234026874883980e-01
5.152543364455699493e-01
4.543550328401462224e-01
4.766406335869070032e-01
4.955252114432042720e-01
4.704995445913238150e-01
4.789315606854264162e-01
4.557057046548108059e-01
5.139694795747316025e-01
4.523509546936975712e-01
4.924073790083589586e-01
4.963018748115229917e-01
4.651621146903159865e-01
4.823163234818800271e-01
4.700810117152433576e-01
4.560961745178970239e-01
4.728740622820146178e-01
4.438549730242772884e-01
3.997364853763147874e-01
4.067338595533765977e-01
4.748816801508263241e-01
4.093759239440917796e-01
4.268617561594589827e-01
4.217124510520863789e-01
4.681368021090145382e-01
4.870535897066980424e-01
4.550795549609684132e-01
4.807121181052398384e-01
4.893361392646107255e-01
4.584970140799870530e-01
4.538921188292517894e-01
4.787343856157029176e-01
4.163203539790058527e-01
4.403788498172195309e-01
4.735964396937960563e-01
4.607865548894884422e-01
4.394869767523838511e-01
4.424627110059807800e-01
4.768354374029897258e-01
5.099464927822356941e-01
4.763361226517087155e-01
4.854393604073109492e-01
4.904235558148245522e-01
4.932404756552135061e-01
4.612418276425400143e-01
4.854623864772140140e-01
5.109887679690505724e-01
5.313182754278474862e-01
5.043349343508914950e-01
4.482780994540733754e-01
5.162798340601595370e-01
5.114029364326048155e-01
5.529666813965066208e-01
4.986629197449946038e-01
5.075313664937700642e-01
5.139691316843892910e-01
4.814180420427711660e-01
4.941745729528381204e-01
5.090437072966031984e-01
4.407662601418612658e-01
4.842636680339696409e-01
4.744448445005025050e-01
4.893307630313298850e-01
4.486176839581625386e-01
4.941315573507186754e-01
4.690510624011776653e-01
5.029322834901185368e-01
5.275200041546463936e-01
5.052367866612947900e-01
4.873366384682835672e-01
5.104152172917401087e-01
5.199595526521237909e-01
5.269019163725512378e-01
5.174071282786025794e-01
5.072728275988461766e-01
5.189481422337748340e-01
5.142959867337012492e-01
5.001335083207646415e-01
4.847510188238309814e-01
4.769760330236124668e-01
5.336939944970340299e-01
5.261682264914775420e-01
4.419508059911953501e-01
4.814461574733691074e-01
4.489026610156359731e-01
4.582642483869432959e-01
4.473237586252525877e-01
4.827945147390420022e-01
4.870952020940478300e-01
4.906249322391318390e-01
4.809005117627876968e-01
4.584426852202020952e-01
4.600896661101929186e-01
5.058830018825104524e-01
4.504633097739449976e-01
4.570592154741411339e-01
5.133224733799935935e-01
4.783256081380281577e-01
4.574944076403845150e-01
4.700742277016690673e-01
4.884655420237665746e-01
4.695182742640136575e-01
4.686637578885284316e-01
4.611506867624680095e-01
4.875660561735098431e-01
4.716002342068845721e-01
4.803030625507243023e-01
4.745195612960328990e-01
4.910546950422221002e-01
4.597977350910082417e-01
4.754252243252248267e-01
4.661992955605104294e-01
4.782193926906497805e-01
4.425158331023830161e-01
4.799162467385184594e-01
4.558133075883027963e-01
4.459172130764461617e-01
5.282555888535565014e-01
4.729007393821731964e-01
4.393353547614350374e-01
4.561642007163673740e-01
4.677848071269315455e-01
4.835034288215702691e-01
5.333239413820251018e-01
4.737484161723852227e-01
4.661591311066753396e-01
4.960976335453702313e-01
4.688533545437078565e-01
4.769523714331628805e-01
4.634531647198126825e-01
4.849697590888364385e-01
5.164673308112213146e-01
4.769655006635028505e-01
5.241175569873806062e-01
5.085102604445340679e-01
5.633628138375047500e-01
5.555898121784295096e-01
4.909693336318322610e-01
5.157182219583055227e-01
5.447444581290734611e-01
5.242063333318461860e-01
5.091322424989800366e-01
5.446379437134504231e-01
5.172987100978049257e-01
5.251375505012444433e-01
5.150462153945460919e-01
4.836456665549545564e-01
4.603825613335662537e-01
4.809310633028321402e-01
4.987724295768546923e-01
4.947705506961274091e-01
4.658612160247170286e-01
4.536312931658545988e-01
4.616634677791809360e-01
4.684279339908258288e-01
4.878219727152303675e-01
4.691703972613101570e-01
5.056958859748337254e-01
4.830356260992889061e-01
5.095080016924815602e-01
4.890119641949619012e-01
5.302371453233825083e-01
4.813897344442054083e-01
4.852619473971746533e-01
4.916928891201106655e-01
4.737571114957504492e-01
4.799777509992838587e-01
5.193881458131728301e-01
5.232333313963986043e-01
5.048852023642592668e-01
4.904480793180635567e-01
4.816426790568441585e-01
4.931389505409528029e-01
4.501394372020895984e-01
4.743568734926208452e-01
4.529682555610915484e-01
4.641989972445531021e-01
5.084183625495463099e-01
4.888742105328947596e-01
4.838268366957116373e-01
4.415693013815173429e-01
4.929088789181627628e-01
5.480198710978464449e-01
5.128581049740444930e-01
4.818870503720185106e-01
4.786507857110287034e-01
5.038142945932585492e-01
5.007220067702240485e-01
4.748333203076207654e-01
5.259485782851074376e-01
4.250394403703491308e-01
4.910602044961400736e-01
4.577499507227325015e-01
5.027150069696185719e-01
4.862587907261775033e-01
4.536139225860456037e-01
5.080739112325585172e-01
4.751254339760211942e-01
4.673942452407811032e-01
4.922417072555471673e-01
4.924501824850567311e-01
4.609095172785976913e-01
4.982994924442014639e-01
4.995855878713048592e-01
4.726652888991857981e-01
4.479162805455765839e-01
4.248450407401668794e-01
4.708457381755756788e-01
4.458903531095075312e-01
4.891291332393608027e-01
5.041899821067021836e-01
4.844272248931649205e-01
4.996720513591416668e-01
4.672043009857439477e-01
5.047532137684653808e-01
4.780725204803747963e-01
4.851800229616537452e-01
4.939131995568157296e-01
4.830707405267766208e-01
4.744486898858375490e-01
4.849589219145465369e-01
4.836531294485543198e-01
4.923570146809542747e-01
5.091423800250668430e-01
4.678326727564485199e-01
4.572246823833713281e-01
4.846271678696197349e-01
4.602719884038149467e-01
4.779719593689008006e-01
4.669510324027369430e-01
4.627355196276526916e-01
4.738495669442210345e-01
4.754274941306149693e-01
4.814250924635191109e-01
4.717883000062728094e-01
5.120274474865664782e-01
4.823541749659006617e-01
4.691907768244997223e-01
5.138483163902088924e-01
5.259485041333548105e-01
5.670213157863873699e-01
5.565368755534894074e-01
4.994523556077023474e-01
4.951340212413904429e-01
5.148334049028610027e-01
4.826884893738377369e-01
5.380278260868366358e-01
5.089515116107556914e-01
4.939399291592309060e-01
4.556636939889048277e-01
5.166072161664937434e-01
5.291893501593233351e-01
5.413665172645897306e-01
5.297861991737889964e-01
5.125930501535848061e-01
5.140623571246191181e-01
5.158633256338911455e-01
4.769099327989143045e-01
5.186425869031013880e-01
4.922308770647465526e-01
4.790101206446440996e-01
5.343918728028705933e-01
4.978301816679694403e-01
5.339557575487147156e-01
5.051792325109649706e-01
4.958113002830653038e-01
5.225373761927228911e-01
5.356615158141060373e-01
4.739640045462296669e-01
4.566176689951886303e-01
5.167111362535309338e-01
5.142741584321198767e-01
5.442700888826299543e-01
4.985335126037383491e-01
5.087074907907822574e-01
5.142421308322673301e-01
4.941009289795642578e-01
5.151757231080733579e-01
5.118279641532244018e-01
4.737214132101585373e-01
4.629044868634140109e-01
4.796086461120612765e-01
5.061368694179536609e-01
4.834062972294163041e-01
4.990361639951582107e-01
4.424438158780296115e-01
5.013764520953084558e-01
5.001788380183836979e-01
5.188703538985598440e-01
5.132294279086362376e-01
4.801911848789272019e-01
5.088149935241841337e-01
5.342583271127269162e-01
4.564273201195466756e-01
4.927216199070752478e-01
5.164363491536583251e-01
4.548480455619429708e-01
4.873644088283496378e-01
4.735614215580245534e-01
4.727095825236830584e-01
5.011672573897163474e-01
5.062824220049583213e-01
4.769267951613304080e-01
4.469297698512043615e-01
4.635188379605572062e-01
4.864657485670004222e-01
4.269599637154674054e-01
4.789166283015684478e-01
4.777951551374943762e-01
4.893342070421820011e-01
4.797562595997206247e-01
4.601314785143867936e-01
4.084596052770044228e-01
5.014871176254204199e-01
4.871272917593415519e-01
4.166059363851356556e-01
4.657742137211641764e-01
4.824635415295039920e-01
5.054276633076754122e-01
5.149599947239945630e-01
5.371238864937605273e-01
5.239946324316090420e-01
5.192709593838826798e-01
5.124083051101290254e-01
5.520272454474268731e-01
5.153145152246931815e-01
4.912572759334614125e-01
5.207596226564819020e-01
4.914160193306405522e-01
4.672371706594076191e-01
4.962728385282849097e-01
4.881185814336574946e-01
5.128762025870394758e-01
4.557349251164606874e-01
5.166174029118454358e-01
5.332629504627935946e-01
5.005340155806736746e-01
5.279958937094342275e-01
4.465532432144662112e-01
5.126920847512015378e-01
5.358120599400388873e-01
5.483923205877365703e-01
4.834056215402476320e-01
4.663304564229892035e-01
4.936450094763665253e-01
5.170549306437882686e-01
4.901754049729366014e-01
4.924367298749368071e-01
4.652049814325281418e-01
4.870882151560175233e-01
5.423199848416164759e-01
4.926454934585203227e-01
5.119020600912286278e-01
4.980064615762191949e-01
5.012071715032693220e-01
5.099168890233114482e-01
5.034971467830380298e-01
4.574693090962632103e-01
4.811703339342436325e-01
4.207786755289189551e-01
4.433856231057946018e-01
4.338951415166953929e-01
4.834525536796469569e-01
4.882653717363999446e-01
4.826570371925621994e-01
4.646829598453871002e-01
5.017305534213203355e-01
4.926127758709674120e-01
5.186539694690873725e-01
4.752008125979567676e-01
5.138792928722955011e-01
4.771242585071369668e-01
5.224162974551305183e-01
5.243744555418660136e-01
5.020497880870740115e-01
4.611538615070442937e-01
4.803375989456639683e-01
5.032595382716323895e-01
5.120355106341816231e-01
4.883790654980390000e-01
4.786442772210885988e-01
4.686591458920651432e-01
4.768421619305460712e-01
5.013081438773945298e-01
5.017762156331755374e-01
5.357453171348872667e-01
5.074715519818167042e-01
5.418007982981491999e-01
5.098586733711371055e-01
4.886311218395690825e-01
4.806878962208517292e-01
5.557737984849944191e-01
5.474730104563021449e-01
5.300978732769846546e-01
5.335411186062616329e-01
5.259448742209870131e-01
4.992184840562284287e-01
4.575006561092090362e-01
4.762844488691015954e-01
5.153094639650204201e-01
4.661303435429161590e-01
4.729390665515231795e-01
4.756557959957452564e-01
4.958441348574495477e-01
4.916662783278223925e-01
4.483599165908181416e-01
4.825239163256442310e-01
4.444310733779970879e-01
5.093336294644310591e-01
4.662712536945066710e-01
4.494854677825428912e-01
4.617163458755265681e-01
5.016468772937240361e-01
5.281605664507724729e-01
5.023139180337621301e-01
5.076837809849654715e-01
5.103835484376356701e-01
5.236728468669423764e-01
4.996852437147096815e-01
4.944655105824445340e-01
4.670238375493832028e-01
4.707684549237027838e-01
4.596253155439070648e-01
4.984554002258676508e-01
4.969471064893801748e-01
5.121989487788375373e-01
4.181506783606372402e-01
5.378971749727530227e-01
5.237183256707145240e-01
4.649139102071987439e-01
5.169506882679447690e-01
4.750854859786245443e-01
4.881581504896855828e-01
5.403523249072643697e-01
5.145183412616933794e-01
4.826177831816073072e-01
5.016055921550466312e-01
5.096535510111914746e-01
4.498046813919535647e-01
4.687456099357789063e-01
4.736131392621811820e-01
5.337563616840512726e-01
4.770416726920589934e-01
4.871119045214636345e-01
5.051952000060977443e-01
4.991299752379740329e-01
5.158052030765811757e-01
4.815168607497332109e-01
4.586531418774010826e-01
4.562824230353528243e-01
4.724740780309608645e-01
4.902947592633202789e-01
4.338466474519456773e-01
5.212037251815609951e-01
5.249468207884019355e-01
4.812090751370033392e-01
5.282904666932255466e-01
4.712229878676724160e-01
5.355662440402073621e-01
4.730546548373049665e-01
5.035473152754285087e-01
4.870002585829429909e-01
4.856485754214900918e-01
5.234785140039558415e-01
4.777399275911178855e-01
5.260102836595945686e-01
4.885150310501141790e-01
4.846323032773698913e-01
5.426066736792966028e-01
4.831871905749487439e-01
4.780907643440981958e-01
4.702243415667430315e-01
4.743325984018980090e-01
4.990895044584367501e-01
4.480926514579048336e-01
4.542537900926205130e-01
5.053302298279244154e-01
4.931220157647097091e-01
5.075898409854548987e-01
4.891365255147329116e-01
4.749164558438027095e-01
5.309872865403992837e-01
5.315865364578735708e-01
4.757757778235964796e-01
4.379723127794267201e-01
4.800719665302606298e-01
4.957416041387276984e-01
5.200084077141048366e-01
5.104728492480895552e-01
4.781872909881435540e-01
5.115748544913754081e-01
5.375417020896471332e-01
5.104079981564099144e-01
4.539663225414122816e-01
4.877780808908758203e-01
4.768398121253319966e-01
4.862144104740701023e-01
5.011085670803707703e-01
5.371427907319786810e-01
5.031665300327606838e-01
5.058211581290827930e-01
4.840982064665467210e-01
4.735273164188114614e-01
5.621628845271484654e-01
5.149765119875299169e-01
4.724881013039149980e-01
5.067821748123124692e-01
4.748935814651252252e-01
4.590321389781509276e-01
4.800550627871629783e-01
4.292705321611058333e-01
4.972129779372752023e-01
4.865730949961816210e-01
4.666916114474868871e-01
4.873127209813306604e-01
4.570950125720363855e-01
4.972878503419259077e-01
5.095121802921597221e-01
5.186051086675277366e-01
5.279555317815223248e-01
4.932374352301798770e-01
5.033558943701986754e-01
4.817314041232353405e-01
4.929327055958011572e-01
4.939888426055712989e-01
5.467217213569017797e-01
5.292901930743205696e-01
5.048605248038543492e-01
5.323647778258051577e-01
4.918743371863459890e-01
4.840135036048963113e-01
4.996385866474975512e-01
5.313839900387493653e-01
4.973989846739851339e-01
5.006407337837586180e-01
5.268435964593507492e-01
5.161212820036762405e-01
5.533748547936421236e-01
5.263306468220823042e-01
5.159474859394233004e-01
5.040528343115602272e-01
5.162434763782552949e-01
5.306887982836712148e-01
5.163124042971891647e-01
5.196246677555652616e-01
4.951616313621204912e-01
4.740076709788813569e-01
4.811490397933870788e-01
4.690039336327249675e-01
4.527696346376327008e-01
4.978059588889262588e-01
4.781110731497336674e-01
4.775694178367663190e-01
4.947380047254284485e-01
5.208639423656767908e-01
4.865305812874777813e-01
5.223709833138404646e-01
4.979576573205333201e-01
4.881384363765373657e-01
4.655997557602601367e-01
4.411273699224347311e-01
4.727126874383483224e-01
4.424556125514457761e-01
4.850980530732276752e-01
5.348216193239720972e-01
5.101441443764090922e-01
5.248628822680616590e-01
5.373610654479368254e-01
4.805171886340431353e-01
4.952813580930988113e-01
5.092495902608771274e-01
4.928724104167609976e-01
4.916881757338233405e-01
4.911839215986877893e-01
5.516729072494938046e-01
5.045509043331942722e-01
5.058091818112762095e-01
5.089159035993660041e-01
4.984509568425324333e-01
4.212402603547080182e-01
5.296905172079727775e-01
4.845448070427495479e-01
5.370645656224448672e-01
5.391313211827688523e-01
4.982899897686395296e-01
5.075717021167304166e-01
4.521950308910660521e-01
4.929204998297528340e-01
4.733311269057099979e-01
4.869515500825791765e-01
4.370874944203990697e-01
4.310139420378050201e-01
4.775522202798200277e-01
4.799904615968025312e-01
4.624260276268808978e-01
4.948103995904211128e-01
4.905856799687606795e-01
4.461969731345966084e-01
4.262197088270720524e-01
4.985634631346387291e-01
5.222217070531990357e-01
4.662771926642266807e-01
5.089603739430322848e-01
4.588835270536761879e-01
4.938205766524154661e-01
4.649737683915694531e-01
4.759555247370222397e-01
5.033895860792944044e-01
5.427038099524057468e-01
4.988960120806261167e-01
4.930804713522777272e-01
4.987050260202967600e-01
5.373810428218587232e-01
5.022250811433891515e-01
5.355076457843016557e-01
4.974209653110117091e-01
5.604070347228106153e-01
5.041334565621254926e-01
4.839051315878037940e-01
4.951091241380794483e-01
4.797572592012969706e-01
4.785243416800948335e-01
4.334541905332452427e-01
4.399958614957812930e-01
4.916148256619183310e-01
4.931592579340551841e-01
5.231007490688140971e-01
5.134917138640625600e-01
4.932856429041606039e-01
4.871061100263689436e-01
5.223695571488859990e-01
5.192507538401585077e-01
5.229989566651070954e-01
4.614854098565699392e-01
5.119749679200338299e-01
5.475893939998153215e-01
5.104765605088933400e-01
5.548851168722932492e-01
4.995710562577130309e-01
5.265758379248810517e-01
5.244815417038719563e-01
5.661157906156822905e-01
4.745981302000422120e-01
5.126590844483024378e-01
5.148818810658406520e-01
5.159650099661126088e-01
5.152177122640005935e-01
5.020570580191369148e-01
5.086036551225008306e-01
5.351054216125364915e-01
4.742752933213669198e-01
4.797266127370195532e-01
4.791024509344525839e-01
4.882327134269460189e-01
4.874062954315119822e-01
4.785854768277244542e-01
4.302365800529707185e-01
5.187828717736873152e-01
5.223167863569724290e-01
5.131462320195205873e-01
4.797902584784601854e-01
4.790581029671193147e-01
4.577309036184810109e-01
5.113742944040600147e-01
4.430946234189304112e-01
4.387877180419548773e-01
4.923869589002423663e-01
4.079953544383322916e-01
4.693098371910669475e-01
4.548402221996066808e-01
4.415100888426071180e-01
3.981817948481424785e-01
4.425042904638045727e-01
4.412894983638938617e-01
5.226880846186288121e-01
5.355773834185532101e-01
4.815344236356308150e-01
5.071947693679550451e-01
5.084825723316940271e-01
5.004640576880505787e-01
5.020840304931464271e-01
5.181628005485284794e-01
5.290426933305174551e-01
5.189265090982144724e-01
4.912462200721664507e-01
4.789551521849736981e-01
4.893188890118189138e-01
4.953995949715044866e-01
5.203668491789205097e-01
4.795929447616244512e-01
5.209230783570629741e-01
4.952462635392715362e-01
4.947177270903289070e-01
4.681031526631956874e-01
4.751692425235493622e-01
4.277320309796776021e-01
5.252346542430662568e-01
4.919411741402836546e-01
5.105224994908695857e-01
4.854677660732632516e-01
5.041871345988934161e-01
4.987498878518104584e-01
4.527571127161911790e-01
4.978724943283507343e-01
4.728087228983587353e-01
4.818095846868803989e-01
4.758777475566371429e-01
4.945086595058193479e-01
4.426254897874354333e-01
4.875705159843736758e-01
4.562425654387208818e-01
4.403195907590254365e-01
4.847692009592702855e-01
4.977080246161988963e-01
4.630606612435637093e-01
4.503496633837612562e-01
4.999444166462239658e-01
4.572653133388819291e-01
5.210549379190266839e-01
4.926933558667223045e-01
5.018563694657449670e-01
5.093957422456365514e-01
4.584685049921666811e-01
4.642328373161841992e-01
4.663110921547554133e-01
4.949506700165271500e-01
5.363022029275726910e-01
4.681057430633308036e-01
5.077688646425154717e-01
5.182964978670667744e-01
4.705548536940743487e-01
5.050192781895929128e-01
5.297242297078301743e-01
5.210161074043420104e-01
4.986784974097330236e-01
4.314141339878053705e-01
5.202364940455485032e-01
4.723889758099426572e-01
4.872587418540083593e-01
4.712809262174174063e-01
4.641744894195942717e-01
5.238617982104772919e-01
4.439135982902456257e-01
4.934260398795671798e-01
4.871474643292005857e-01
4.227294912913288627e-01
4.610204545337625581e-01
4.798413660080347309e-01
5.282250967750317105e-01
5.372790303712317028e-01
4.866815044167362436e-01
4.938339601657630862e-01
5.116402173218549398e-01
5.100786341696545989e-01
5.278074622608731614e-01
4.569241178809025916e-01
4.667358786960669748e-01
5.097223077618031617e-01
4.859711613470816816e-01
4.837839282199156155e-01
4.619355247602875414e-01
4.867944600997102800e-01
4.739433217429729339e-01
4.471964399229063636e-01
5.145630267471609232e-01
4.788345086079732194e-01
4.883502050292038432e-01
5.060641105246667104e-01
4.849554679491802078e-01
4.607581754814131791e-01
4.679394930179415768e-01
5.221902322482057102e-01
5.533622929661538015e-01
4.982844386053741359e-01
5.370064999907966374e-01
4.831138317940363303e-01
4.902751823761978822e-01
4.888770848632392751e-01
4.853652314385505928e-01
4.327553012670425914e-01
5.230086772836245457e-01
5.073432033248473916e-01
4.867902112553310623e-01
5.263825956350224322e-01
4.868552070767866446e-01
4.654439751746487497e-01
5.024721382312422602e-01
4.979342983989886173e-01
4.770899671369551731e-01
4.505687219083994166e-01
4.928651036530367624e-01
5.002518268891795739e-01
4.431220385210952739e-01
4.931166880735054492e-01
4.765609492483891541e-01
4.887857836808774392e-01
4.950151739373571669e-01
4.801995385537989325e-01
4.535905966705913173e-01
4.819093948613388245e-01
4.901756780359057819e-01
5.142272597918903232e-01
4.800539948270602930e-01
5.071509687470784344e-01
4.633562553136592599e-01
4.972545733892894670e-01
4.675107756865543029e-01
5.041514811108229743e-01
5.091800453763052348e-01
5.122126983699123448e-01
5.261934916668620232e-01
5.037597864774552292e-01
4.456898759803256116e-01
4.725186664518741253e-01
4.936154206483620022e-01
5.046963911978412654e-01
5.065461377623937667e-01
5.045319481686780794e-01
5.348353023114184035e-01
5.190759429654623336e-01
5.289500217385972869e-01
5.032057880996377852e-01
5.515513912962387577e-01
4.781764863592093961e-01
5.051138536701550441e-01
4.555120584034830777e-01
4.962395593317797116e-01
5.277542125821422792e-01
4.850730951514303224e-01
5.032778426085896539e-01
4.720687139936066701e-01
5.261879790497799858e-01
5.144440646245042048e-01
4.815563733104115118e-01
5.131722565392559110e-01
5.146664985619320287e-01
4.818085624846848436e-01
5.281159130095369747e-01
4.980515447589720646e-01
5.105041460270337561e-01
5.196838158013953324e-01
4.813764478380649914e-01
4.659807111707256477e-01
4.864024626735586332e-01
4.737181675680486315e-01
4.844090527224547138e-01
4.653459700919700959e-01
4.862590106863329820e-01
4.956303290155414931e-01
5.021772367961659933e-01
4.831435212217251030e-01
4.928171274038913863e-01
4.443231071276789734e-01
4.528452736221554309e-01
4.470377600072420465e-01
5.171252222456639291e-01
4.848946795709387914e-01
4.184471919975550347e-01
4.377866017123813736e-01
4.565900594875101914e-01
4.764183364942949916e-01
4.873029427837744509e-01
4.395127853883315505e-01
4.950124096238768812e-01
4.551181241543783562e-01
4.576564395926617790e-01
4.702088602583670562e-01
5.060794066833188554e-01
4.858670254947052847e-01
5.156525322327066840e-01
4.582654155388645179e-01
4.602867796986773730e-01
4.971691079870900198e-01
5.120549736007313779e-01
5.381413715515567242e-01
5.072196057566781269e-01
5.149345820478974378e-01
5.102873915570118601e-01
4.890591561765539885e-01
5.228190721550391995e-01
5.267595707333653232e-01
5.106119699954787539e-01
4.950222241991406036e-01
4.723945078616274551e-01
4.485522626138875868e-01
5.031874288432071074e-01
5.044374968902567424e-01
4.820820920051636094e-01
4.934047042068113176e-01
5.054127797311360748e-01
5.152290161109657207e-01
5.645652288716873635e-01
4.951074463780968382e-01
5.269964966388447358e-01
5.009648115079271546e-01
5.000749504887828101e-01
5.565756075453469620e-01
5.015164439545231057e-01
4.856218479434605828e-01
4.536199884550249362e-01
5.168018284183948374e-01
5.074178812742692335e-01
5.190607877005535276e-01
4.967509201324900592e-01
5.152868314076494149e-01
5.147591177030816922e-01
5.029902001202591899e-01
5.294732419568249915e-01
5.447033056057987155e-01
5.376074884060083603e-01
5.428566622490039739e-01
4.945783090647972169e-01
5.310960452040112134e-01
5.287118451282757370e-01
5.106909673083191992e-01
5.133960582402968820e-01
4.860239923532460038e-01
5.073956269958309617e-01
4.739392773194957553e-01
4.900443213973350587e-01
5.223972464037835994e-01
5.111240093101956372e-01
4.869167073304386806e-01
4.568960054400911797e-01
5.033611206702862662e-01
5.184909200410480201e-01
4.953883264688531129e-01
5.155144498701860201e-01
4.953316277741491858e-01
4.665099629284007454e-01
4.869538537443677262e-01
5.025670469647501859e-01
4.762283894425081154e-01
5.154117769351552747e-01
4.955980583537272222e-01
5.196974723001581697e-01
4.862086487258271417e-01
5.637195663377094768e-01
5.252014108106959345e-01
5.106692381769789568e-01
5.147303450579623352e-01
4.757471995976996215e-01
4.762582545344120621e-01
5.042049868926974376e-01
4.887227763789387947e-01
5.197887869903847768e-01
5.063211502822151378e-01
5.078439100386747951e-01
4.883400655316837424e-01
5.475890665777404243e-01
5.296415222326805727e-01
5.170179020994539743e-01
5.012527847084036203e-01
5.066942771602616080e-01
4.700817708260986438e-01
4.634707606587859519e-01
4.607556774375996533e-01
4.746038284590303746e-01
4.458870653606987755e-01
4.824996348755141162e-01
4.847055516431693079e-01
5.403296471571074067e-01
4.490333601140697461e-01
4.931258061373990920e-01
4.296040515956516259e-01
4.505123119303035550e-01
4.739731415124283642e-01
4.862744304867721579e-01
4.881459298921045353e-01
4.483612002642325400e-01
4.553921485295143179e-01
4.432908950336627019e-01
5.146692461621181769e-01
4.910822396214616359e-01
4.892064135289632132e-01
4.780697775205168809e-01
4.938318446688648167e-01
4.779971472514605857e-01
5.046422093669937770e-01
4.998678855564935852e-01
5.277606562639267640e-01
5.014977419485650012e-01
4.979838579599663029e-01
4.402683353367713992e-01
5.095470837946929343e-01
4.587171852915989945e-01
5.075743433413503203e-01
4.868159329466422158e-01
4.981409470169064768e-01
4.837323964164073620e-01
5.101862126943188525e-01
4.985912219168295301e-01
4.407627465059915095e-01
5.363146312875735067e-01
4.718270428387247306e-01
4.936415853773860607e-01
4.523219540480705181e-01
4.889571240736163560e-01
5.064391566540514811e-01
5.051148006237112797e-01
5.127953062774744941e-01
5.173297264158293052e-01
4.916775144718564250e-01
5.025913136163380202e-01
5.055688630770367453e-01
4.725317429223973020e-01
4.693310659431855769e-01
4.644789054381883164e-01
4.872972231140337840e-01
4.502498152986965096e-01
4.957650635240856696e-01
4.566059958388641316e-01
4.739569387592043048e-01
5.194355006895634563e-01
4.949291940691263325e-01
4.968043404291443976e-01
5.188945924993779713e-01
5.339650758118847929e-01
4.789770173031094869e-01
4.936549073520740127e-01
5.100315067234304500e-01
4.824074585476133548e-01
4.804327664802647835e-01
5.290047947750905477e-01
4.899867676631844970e-01
5.169735071511448732e-01
5.160573983281786514e-01
4.712193187266330296e-01
4.742896128251109511e-01
5.168684462619633768e-01
5.274940714034312972e-01
4.778200416966754682e-01
4.896301835244155631e-01
5.125793568470681238e-01
5.622647782779277570e-01
5.385268751281112598e-01
5.226672735186042029e-01
5.155735696052813344e-01
5.584036310767299671e-01
4.854402087026560286e-01
5.174302463358904092e-01
4.990460669230605273e-01
5.259187706392881578e-01
5.430974690607259792e-01
5.571580138959780770e-01
5.712659487023268312e-01
5.252748170062710997e-01
4.999630909188888528e-01
4.796485101287303321e-01
4.962891535838671597e-01
5.092914849285511414e-01
4.657494888946372980e-01
5.389518181263999175e-01
5.427699968354277038e-01
5.004174984528331205e-01
5.112895096719527466e-01
4.843342737412453802e-01
4.940897605481935906e-01
5.023370659209381861e-01
4.262560556126376299e-01
5.080884910710482538e-01
5.414685759265625009e-01
5.072545536274836175e-01
5.273361066343918990e-01
5.600790786630409634e-01
4.905951726464690132e-01
4.768925468279083257e-01
4.660387161824156577e-01
5.092236241804127816e-01
5.097900456650601431e-01
5.447752765365594385e-01
4.659689338213863774e-01
4.832326990986505200e-01
4.670062708282456954e-01
5.243878409410722696e-01
5.259758131843206286e-01
5.298476899682634800e-01
4.921476010139387292e-01
5.071733564604220534e-01
4.731728417619317506e-01
5.109242708399915900e-01
4.507255428936990382e-01
4.814145314551857568e-01
4.863833203643668224e-01
4.560146572071544502e-01
4.762282726936822308e-01
5.010106824615010446e-01
5.044558833300407663e-01
4.895872640335777737e-01
4.591015159758441988e-01
5.475358336461073616e-01
5.264670661311732225e-01
4.797802248662851876e-01
5.204767398577817561e-01
5.372388726754016020e-01
5.225151538143418817e-01
4.991969699716558018e-01
4.905724347700000099e-01
4.734699386025719714e-01
4.954627589154939615e-01
5.078032910735816863e-01
5.194458385539809653e-01
5.323567576629469889e-01
5.038276908424338396e-01
5.390178809885125544e-01
4.817657377731777713e-01
4.581277049118996914e-01
4.921186019451141425e-01
5.093471746120281640e-01
4.812355091536938967e-01
4.617637680605787276e-01
4.973684526094729330e-01
4.726232735068934265e-01
4.682960425726173659e-01
5.025632235696221306e-01
4.915955406813913298e-01
4.797399715455107905e-01
5.129549901516461397e-01
4.504307359049543047e-01
4.472146267328861446e-01
5.304944797771693477e-01
4.918433260762485881e-01
4.701059054939726867e-01
4.877854820147379256e-01
5.075542413732196945e-01
4.677599657928479537e-01
4.390136436637736006e-01
4.628163015296649085e-01
4.880078744283700143e-01
4.900661045864238563e-01
4.969182483799020056e-01
5.098847352848280279e-01
4.976432840239740640e-01
5.213328307160209896e-01
4.689686370716004138e-01
5.071851379218766942e-01
4.792501815184416758e-01
4.966078234600683206e-01
4.895449910456888265e-01
4.997132451509109230e-01
5.238259591080023370e-01
4.866696159508108188e-01
5.055719712684940692e-01
4.947688217876265449e-01
5.096507649903356807e-01
5.206947341491177106e-01
4.434609839357004368e-01
4.804902719954389778e-01
4.992758936680515847e-01
4.789884939885610260e-01
4.840348992991257981e-01
5.144084694477309982e-01
4.933830065986150037e-01
5.370255816173025165e-01
5.032604200648720383e-01
5.254897622510905641e-01
4.915355481479053434e-01
4.702390339610391101e-01
5.231589543833115030e-01
4.440603701950376347e-01
5.235003875074819568e-01
4.707536942596750040e-01
4.738651286488724801e-01
5.223984679614170901e-01
4.721653526036647119e-01
4.599293731130882357e-01
4.943897861157371953e-01
4.780335256160170299e-01
4.825543485124996756e-01
4.653338453602872682e-01
4.639681715228088921e-01
5.221858377404372531e-01
4.543819033418228792e-01
5.059947339195562943e-01
4.647598548858751233e-01
4.770940697233255756e-01
4.953248727794470896e-01
4.997143175805559556e-01
4.712093163224589931e-01
4.665427466083901242e-01
4.838452572622762293e-01
4.745803577368454818e-01
4.798870758275806669e-01
5.086869513884433314e-01
5.069362406827375711e-01
5.515955447953482249e-01
5.216354231336789438e-01
5.174908508036233368e-01
5.168294957102528286e-01
4.770776372156486089e-01
5.134479152315784001e-01
5.139024181571865135e-01
4.727651046097587351e-01
4.847504842907142675e-01
4.309029196361659486e-01
4.795036630883364737e-01
4.626941059974642445e-01
4.833818979948403816e-01
4.625998885155592766e-01
4.944290874555163362e-01
5.232093905465592387e-01
4.530672147597155086e-01
4.923170907361525406e-01
4.761023595349237469e-01
5.193721968861519933e-01
5.112734485057068845e-01
5.215588879266446209e-01
4.750999607088383647e-01
5.501469125048368269e-01
5.168335155769018252e-01
4.992816983540214193e-01
4.652575953005044229e-01
4.947958628280195725e-01
4.808520422727930455e-01
4.590752728387164083e-01
4.646938796060454124e-01
4.582349528138755512e-01
4.579639254282188432e-01
4.747050193737680224e-01
4.595601260241448660e-01
4.822061882752339268e-01
5.055103034787610250e-01
4.745188773285231587e-01
4.932291218640664776e-01
4.766100307982051310e-01
4.947123621150673611e-01
5.167629019047763617e-01
4.840026201205568923e-01
5.126050207576451356e-01
5.166215583347404383e-01
5.252914981297052144e-01
4.751149223514136155e-01
4.582668860215818873e-01
4.414052062234633533e-01
4.660938308994034274e-01
4.143919329706031718e-01
4.007785866397756136e-01
4.725418233599409379e-01
4.754379141279709287e-01
3.778144824438272042e-01
4.541668871244518013e-01
4.753464856746723588e-01
4.981751692483220029e-01
5.553500760992619023e-01
5.272277573852502952e-01
5.278055267867138856e-01
5.354201947553963725e-01
4.878560437974486241e-01
5.153825701553228500e-01
5.066607586337058544e-01
5.195790748031553496e-01
5.376876637783309931e-01
4.998109849478660216e-01
5.360077284642763562e-01
5.395901900779971339e-01
5.325740462929654528e-01
5.356514567043046959e-01
5.094510031483515666e-01
4.815896582292629180e-01
4.879708422472192608e-01
4.727671648063260790e-01
5.105950034086566003e-01
5.237037375133120065e-01
5.326507737250608665e-01
4.591931350253360411e-01
5.349409288908455462e-01
4.905718509110904568e-01
5.497341049787950462e-01
5.435310641327588677e-01
5.008029355192540333e-01
4.887937653212326983e-01
5.211914847070174828e-01
5.714575502607908142e-01
5.493290130940439164e-01
5.079748440702279710e-01
4.844332482006312168e-01
4.763366967858566059e-01
4.974260841472646910e-01
4.848071396762972940e-01
4.725469100086373553e-01
4.941660522566109215e-01
4.999778606417482063e-01
5.023151634826840128e-01
4.852061936876727599e-01
4.992733481490197467e-01
4.908867129233628335e-01
5.021738953240574288e-01
4.771039294654550456e-01
5.166890775721344475e-01
4.959122156634272471e-01
4.660444366118413617e-01
5.022484750434346168e-01
4.686905769315578563e-01
4.594002023336836715e-01
4.609682388501559203e-01
4.861853818370237001e-01
4.744814461938279826e-01
4.818749299495762028e-01
4.562444278079116344e-01
5.264757238062511835e-01
4.470510875206546442e-01
4.128843201150453335e-01
4.620032865509355324e-01
4.545440644630947546e-01
4.357044714968403287e-01
5.096559362710948449e-01
4.853429909125577257e-01
4.697394941481679020e-01
4.592792649589432785e-01
4.969136676147766218e-01
4.835014388220694181e-01
5.042081882198100606e-01
5.329216451030754920e-01
4.797551149281372718e-01
4.968689326171821796e-01
5.127559852263624540e-01
5.069977931790367043e-01
5.124179303451803502e-01
5.239556376259553172e-01
4.778729777511524501e-01
4.522197495440580806e-01
5.153807448693487059e-01
5.027950539909473715e-01
4.798983817885533187e-01
4.785670916691568411e-01
5.494925896335841609e-01
5.049705439619246450e-01
4.914099588445547395e-01
5.106537364230978593e-01
4.444616014045607022e-01
4.608033328298571374e-01
4.967979901801152232e-01
4.406357890714088232e-01
4.647487752932784599e-01
4.951686518336805842e-01
4.836505876352992783e-01
4.730068158079678842e-01
4.973601452964602765e-01
4.649821961200401588e-01
4.983777186220932909e-01
5.276798137322589177e-01
5.062181604862137085e-01
5.162934458678846150e-01
4.628476753785935593e-01
4.482588860014979915e-01
4.470797570982329994e-01
4.843076099538485280e-01
5.270497760037230472e-01
5.102273152109296772e-01
5.508051894773003943e-01
5.157001762855775162e-01
5.464281037720033485e-01
5.097029764907873295e-01
4.707021121333510583e-01
5.263643003007202337e-01
4.853308385723225093e-01
5.115074460827745417e-01
4.830128375413545450e-01
4.958744861240846902e-01
4.967941394562258028e-01
5.039413760695080624e-01
4.824295776045398054e-01
4.863370058571152565e-01
4.548173338597137350e-01
5.109762197809525341e-01
5.467930943998500215e-01
4.790480232713164033e-01
5.051012285128614332e-01
4.948041413736330996e-01
4.930024394475767680e-01
4.968565316862029180e-01
5.256846690655948562e-01
4.915933101270993921e-01
5.179269056215483058e-01
5.009494432168994926e-01
4.926187932430213801e-01
4.621186822453736687e-01
5.156061726294343117e-01
4.874752607067066035e-01
4.509939658285366804e-01
5.211647693864686071e-01
4.750686460777563958e-01
4.774031152470590289e-01
4.854354533715800057e-01
4.778193142266598525e-01
4.532426500025502070e-01
5.127190283256466419e-01
4.962786457041594157e-01
4.740821681455352210e-01
4.908377429845971474e-01
5.034066086977038168e-01
4.397901229987659089e-01
5.245811415706590486e-01
4.961814176761659700e-01
4.661997154144805755e-01
5.076458802013305016e-01
5.184873570437281698e-01
4.623249933082219099e-01
5.243283022034062046e-01
5.167106160148500216e-01
5.432471614787378611e-01
5.034455933787961301e-01
4.863478829811367921e-01
5.406490539812156548e-01
4.573180754120107494e-01
4.652657194926173578e-01
4.479999627041407750e-01
4.707694798232389677e-01
4.515737394860911413e-01
4.871730131328472213e-01
4.948810146159742240e-01
5.107110776280544551e-01
4.806962727061945273e-01
4.975611249473482767e-01
5.080775545285199923e-01
5.127242174822246312e-01
5.062449566555962122e-01
4.559807226952438675e-01
4.902719564199840008e-01
4.843418948790435552e-01
4.702736745477352209e-01
5.087995950671320156e-01
4.663328495009596564e-01
4.297938089314685128e-01
4.895278135626625615e-01
4.994303820738155708e-01
4.455278020179176957e-01
4.242748127363505928e-01
4.297908703649254147e-01
4.904656698777186130e-01
5.347104140019048879e-01
5.252889697218765530e-01
4.648231119533604572e-01
4.929043350037310978e-01
5.091089346114840986e-01
4.721748684962214226e-01
5.182722428495063483e-01
5.381247833726404695e-01
5.096983802182696310e-01
5.025920851273335543e-01
4.650078091100355859e-01
4.621172749635226173e-01
5.234289657043919020e-01
4.518554963655632695e-01
4.900590470894560791e-01
4.401539532476638761e-01
4.364557733916711313e-01
4.684528923640715048e-01
4.625031550518517443e-01
5.224043696747355803e-01
5.156894854077339607e-01
4.800037139561287303e-01
5.058278218314784525e-01
4.511085038232263700e-01
4.838064539273594367e-01
4.824637107513629619e-01
5.360994695633338747e-01
4.956400904539976504e-01
5.131526421220936607e-01
4.962269698193366163e-01
4.772721570757360587e-01
4.811027114530906923e-01
4.978626465665103584e-01
4.795680604546383452e-01
4.750745694844841216e-01
4.914111914877245524e-01
5.035001603561150008e-01
4.476500938499782256e-01
4.571902768524189198e-01
4.635082513967384577e-01
5.312567594779663560e-01
5.362625161302806420e-01
4.622036363790141822e-01
4.894146450797004499e-01
4.776013720991353906e-01
5.017198381850107580e-01
4.813305298071363092e-01
4.586587710101188708e-01
5.115454427676874305e-01
4.840541631283848956e-01
4.959892658939963339e-01
4.636751948740717721e-01
4.982561426519067083e-01
4.457776580266995525e-01
4.494117485643642773e-01
4.397974650303190791e-01
4.749981772510942224e-01
4.122622481971330299e-01
4.761368040957851822e-01
4.815941004487846455e-01
4.794417290203679127e-01
5.010840660937264657e-01
5.440315142704037488e-01
5.109292443626483049e-01
5.269331227971407738e-01
5.117627786148085667e-01
5.083048624579226127e-01
5.127075838502404004e-01
4.696779834762906392e-01
4.926982254142359130e-01
4.869582656995640191e-01
4.999406653780609222e-01
5.086347906908732508e-01
4.805638444199539228e-01
4.689438538107054133e-01
5.427660773344449296e-01
5.058149983214026424e-01
5.045446981016603605e-01
4.809201546362440460e-01
5.214251521084726226e-01
5.242957022579046722e-01
5.271109649820159282e-01
4.574465912752197494e-01
4.631713354020208784e-01
5.368292396419366286e-01
4.775864707193511749e-01
5.063698241900478347e-01
5.294670148983348090e-01
5.426039114250262863e-01
4.633157612421685001e-01
5.232454162453930024e-01
4.583749849636711837e-01
4.426162292119898423e-01
4.880734597582477852e-01
4.793060704241818848e-01
4.918893291603315676e-01
5.160299952382211286e-01
4.911081994430123165e-01
5.026279108456360722e-01
4.918873421970413329e-01
5.042993721887985004e-01
4.882943871281103521e-01
5.464504612371759995e-01
5.150948034588301860e-01
4.944295389562146648e-01
4.858441473524345300e-01
5.133151798739260530e-01
5.172320124278879661e-01
4.587086052545271686e-01
4.470771086795022886e-01
5.167786148060437013e-01
4.832531163683241870e-01
5.708731582104823454e-01
5.506422398086060488e-01
5.311980141024695845e-01
4.913712922764813529e-01
5.055360727866066162e-01
4.900597036731360046e-01
4.650877198161020298e-01
4.939402363974992327e-01
4.827716658753410939e-01
4.756065635277977877e-01
4.438952768468653054e-01
4.518681374931359795e-01
4.404798837218949492e-01
4.802205390619763703e-01
4.555874140577649278e-01
4.646828606293185726e-01
4.336505168371078134e-01
4.739222178912985139e-01
4.282100028650314694e-01
4.105044226692521336e-01
4.532658579691739575e-01
4.945517383813589629e-01
4.405738366769417769e-01
4.473742395671905792e-01
4.529330779669082929e-01
4.914404066039274599e-01
4.707702972011184595e-01
4.414539754727930254e-01
4.848211904479856615e-01
4.627338527102134447e-01
4.555168411002848972e-01
4.496003311268048641e-01
4.634065058976461482e-01
5.232432033427447671e-01
5.533777567714168732e-01
5.653642683485404774e-01
4.596389427259285343e-01
5.275141420376140422e-01
5.090488081371031814e-01
5.240949067486938562e-01
5.017649139805150371e-01
5.004451057635976863e-01
5.225808470664945471e-01
4.119120088836036864e-01
4.441535771173081848e-01
4.810527391330324254e-01
4.610435445165860235e-01
5.266061103349051198e-01
5.004086145443137346e-01
4.867814817029263996e-01
4.688722398670893687e-01
4.501220582733000408e-01
4.545128906104130562e-01
5.139289618239301083e-01
4.543271324505386288e-01
5.062086295608215769e-01
4.593099245456173652e-01
4.759392853530270417e-01
4.698580836326631816e-01
5.258597019246079585e-01
5.306769757106555296e-01
4.934961863085435829e-01
5.059634088577431577e-01
4.693326834252500857e-01
4.731716138699444407e-01
4.697803421850286765e-01
5.066486930325008187e-01
4.858943825867211852e-01
4.530871110427302506e-01
5.074010510583797373e-01
4.683871614533218208e-01
4.523896025137622012e-01
5.355268489842257562e-01
4.940128868578361754e-01
4.787591749821197284e-01
5.015581625130355325e-01
5.579545566811817681e-01
5.261538616838056237e-01
4.896087906650344879e-01
4.658315276423820039e-01
4.949821647551386206e-01
4.762907554739983507e-01
5.094140718565347559e-01
5.161198959816117871e-01
5.077649407043488550e-01
4.892675998793380443e-01
4.933878195025898084e-01
4.850050807484005411e-01
4.993415414547016651e-01
5.156569813543553371e-01
4.816434346607497696e-01
5.167960890965574983e-01
5.750819219626680523e-01
5.459185992314480318e-01
5.401929232309876650e-01
4.730138380294646172e-01
4.754413620913001681e-01
5.422367513626009661e-01
4.898057304218303987e-01
5.199393508849058376e-01
5.054229240981520377e-01
5.401334586671475702e-01
5.428810259390545179e-01
4.671634274802988762e-01
4.938404298416443350e-01
4.932440016298351160e-01
4.900027003804660053e-01
4.985136427718835361e-01
4.992409605177047793e-01
5.124330640059235886e-01
4.698949942967965421e-01
5.228756439360446873e-01
5.115438254344706337e-01
5.323126366582551228e-01
5.194462041529865903e-01
5.386542019037260376e-01
5.372746579076508322e-01
4.544600442146359831e-01
5.032620586684846131e-01
4.900582993178185243e-01
4.605401760595178584e-01
5.194868026067862576e-01
5.021676118534383892e-01
5.165015697758282842e-01
5.419938184045623997e-01
4.775373042748151664e-01
4.804138682923744796e-01
4.758827610752957016e-01
5.310343749553604331e-01
5.180883156521050026e-01
4.559320258742201037e-01
5.644967729001516554e-01
5.237910252916796461e-01
5.358715587070153052e-01
5.401879957645929764e-01
5.289317523242197394e-01
5.413404111958070031e-01
4.788630194213852609e-01
5.263118601654970252e-01
5.002675887930722043e-01
4.984643097118331423e-01
4.984021195475833999e-01
4.755475005387010401e-01
5.052148895305792475e-01
5.453740533988774564e-01
5.215234548775271595e-01
4.986490118704914321e-01
5.191026641258306151e-01
5.054407955611769365e-01
5.384019509682123061e-01
4.735818736683427566e-01
4.960917365519986744e-01
4.733919893835483728e-01
5.064231680917675726e-01
5.199069271984424478e-01
4.801266579244542476e-01
4.683420097276440597e-01
4.720326001501037316e-01
5.070853552719472024e-01
4.775935269743915579e-01
4.019662430279378751e-01
4.620965165657782703e-01
4.830559928613304410e-01
5.029028183049779610e-01
4.923467223577542851e-01
4.135144922483587893e-01
5.125019039894629369e-01
4.622758965049680313e-01
4.815545524500735586e-01
5.072617288232458277e-01
5.092566041561121803e-01
5.040254323363485556e-01
4.552317253151196841e-01
4.267816788993906707e-01
4.797714449025577421e-01
4.995566798581116963e-01
5.051975983141566706e-01
5.409953853412441394e-01
5.356743060784653343e-01
5.501234405886887835e-01
4.932768769455296298e-01
5.512739727756839070e-01
5.017906530771334417e-01
5.202956056748462288e-01
5.333270139822271494e-01
4.237334799622518577e-01
4.840879739288010408e-01
5.045229409752360894e-01
5.298867829123052875e-01
4.467840461898060500e-01
5.006533680514929641e-01
5.125352681204832228e-01
4.804393001303003397e-01
4.930630862880352461e-01
4.899292249109397090e-01
5.389055212317098720e-01
5.076588508770819574e-01
5.302475276349726263e-01
5.056860841418907571e-01
4.991770317320280981e-01
4.980821569676058824e-01
4.976312941936652523e-01
5.092306716660133237e-01
4.255133458657173184e-01
5.075242870053483513e-01
4.698260555715531028e-01
4.878642458806761728e-01
4.546095541869602519e-01
4.795214656895724348e-01
5.238776009424591651e-01
4.979810787760156066e-01
4.977644451214915389e-01
4.960841458113123270e-01
4.648443247834020964e-01
5.534166560916787825e-01
4.749493883040901698e-01
4.699963942729445399e-01
4.788597319579012690e-01
5.076036796587432010e-01
4.961427792346901899e-01
4.717679710370096813e-01
4.941903802294374537e-01
5.118625743860820698e-01
4.712259995019089098e-01
5.008002720581337108e-01
5.249237076885138187e-01
5.048539196723863531e-01
5.665226402079927004e-01
5.579320776866789622e-01
4.949596035824022078e-01
5.110572248051864497e-01
5.233366647268120619e-01
5.302495374332472089e-01
5.450967925339522679e-01
4.630863578289766136e-01
5.125847961095061356e-01
5.039840048118111593e-01
5.226663315561043133e-01
4.707581079051642026e-01
5.181999576982008193e-01
5.052121257371221530e-01
5.243416895265653466e-01
5.536444487383581636e-01
5.141323004397060359e-01
5.087919694466930265e-01
4.732691114131101773e-01
4.657374130885244545e-01
5.013053106273336335e-01
4.816515896493504534e-01
5.683451921224865755e-01
5.125209146111558978e-01
4.990735460204521190e-01
5.007190115211597181e-01
4.934278383302321269e-01
4.994481156622877505e-01
4.879216686152978433e-01
4.861288727765957773e-01
5.013124310959484742e-01
4.659961256556559017e-01
5.293994300149117427e-01
4.587733551297548673e-01
5.073585602934279626e-01
5.142807923320146246e-01
4.915273948373239388e-01
5.361112766398884455e-01
5.240320691863371572e-01
5.610826930877403917e-01
5.367810752829755838e-01
4.767773571836933511e-01
5.159324296662731735e-01
4.929618505876242618e-01
4.873272102397130379e-01
4.783790149356145771e-01
4.731291434194779821e-01
4.933145667402688006e-01
5.116172397093242674e-01
4.591756856102028328e-01
5.037346724080489224e-01
5.003175077936375947e-01
4.853677257842345383e-01
5.619239270518019413e-01
4.779891094143893238e-01
5.115902095622080203e-01
5.071610595615563266e-01
5.035474973516704811e-01
5.091209857431786556e-01
4.986454200558564365e-01
4.443536072818782268e-01
4.533513703469040923e-01
4.632600473885798431e-01
4.970813517057725006e-01
4.225519007780917935e-01
5.240235886571263935e-01
4.394869733411887469e-01
4.905471280077470242e-01
5.037750729646888193e-01
5.041151869891449255e-01
4.923764404735925249e-01
5.037270624871924563e-01
5.031799828844260025e-01
5.212977002600851506e-01
4.864688627327865555e-01
4.617945354573273486e-01
5.329642571324300082e-01
5.238541221305764717e-01
4.817454413139048430e-01
4.379202602968328417e-01
4.635579966625751336e-01
4.725927923468259406e-01
4.565283669090372531e-01
5.029290777061109496e-01
4.859827022485011527e-01
4.765931151771186092e-01
4.930968911394623677e-01
4.390750288373246324e-01
5.415116421989295548e-01
5.133561907621554399e-01
5.005585955236052653e-01
4.732702426099554271e-01
4.983653947147416718e-01
4.942345147075254963e-01
5.299240674868445078e-01
4.805843268283894187e-01
5.354822007590209765e-01
4.944548487870108477e-01
5.024965061507026265e-01
5.052026242461544747e-01
5.149435782762084024e-01
4.821766316629834681e-01
4.648109148907242361e-01
4.838184740294976249e-01
4.449132588634324703e-01
4.423084407777962968e-01
4.628855574705849629e-01
4.853252324499502945e-01
5.425370158778070051e-01
4.937540614824236784e-01
4.985460610342906662e-01
5.000309056510547912e-01
5.151667726775394085e-01
5.328677709588057754e-01
5.161206916411265055e-01
5.262072152450268936e-01
5.247791501056012775e-01
4.947476087150454171e-01
5.317235124089948473e-01
4.662707540737753287e-01
4.984714553562640260e-01
5.452282197658246954e-01
4.923461345422325830e-01
5.230783147747155581e-01
4.875154303353737006e-01
5.503616084407668696e-01
4.899046376850026974e-01
5.084664127323362814e-01
4.691266889966496656e-01
5.334934847354058096e-01
4.848914321586353937e-01
5.032116277083885647e-01
4.866842705600049057e-01
4.854048283305873457e-01
4.674729161161680913e-01
5.482653429236082898e-01
4.869779914251711750e-01
4.962729832545323405e-01
5.155915772389318974e-01
4.954377666429345406e-01
5.282469119723257611e-01
5.217198713409579858e-01
4.949797859063407302e-01
5.080161740467642462e-01
5.021267923907505315e-01
5.145189169604185153e-01
5.013773599854978169e-01
5.121918647717959017e-01
5.206800849161231648e-01
5.009549836036650827e-01
5.289470168858362298e-01
5.218150900572960937e-01
4.995815533353138438e-01
4.540022010444664247e-01
5.422764209814174841e-01
4.700688572361417794e-01
4.947473158988180408e-01
5.174822107878811472e-01
4.962567641454207479e-01
5.277916036112670906e-01
5.354089372663918267e-01
5.131384546063897378e-01
5.072203729069851841e-01
5.086535772427114299e-01
4.989807312762680747e-01
4.535451240148537511e-01
5.135510481355347601e-01
5.095142733914298505e-01
4.971460942864882604e-01
4.920729288976903315e-01
4.656144094068764838e-01
4.544122506623270996e-01
4.604121479207377576e-01
4.984628820688570272e-01
5.357620042003070626e-01
4.510351313118810546e-01
4.644613339655300766e-01
4.816184760044220914e-01
4.860738159224541888e-01
4.971740943928074086e-01
5.230858279070105255e-01
4.745871027657398988e-01
5.162836700316454364e-01
4.721366174896982626e-01
4.478507263645044589e-01
4.512952805816742297e-01
4.854373282822320168e-01
4.822937891558357060e-01
5.154634573528285024e-01
4.946689819348810691e-01
4.939574449268375744e-01
5.156058972381528660e-01
4.870238868894773421e-01
4.761873364256385965e-01
4.910602577790755263e-01
5.380332710444272193e-01
5.014561613843470100e-01
4.856353185623178970e-01
4.421173399052227837e-01
3.842583843392222698e-01
4.256450346522965278e-01
3.885559288302989356e-01
4.911588105324490861e-01
4.705801875272244694e-01
4.720474617123880390e-01
4.661729372573175101e-01
4.783510980942580204e-01
4.455986033643413724e-01
4.654237131299577834e-01
5.020559207907204780e-01
4.542407829336937986e-01
4.947870045397430028e-01
5.171897932488671579e-01
5.189777273689042403e-01
5.115866846449983463e-01
4.757862393146409241e-01
4.730109928528181684e-01
4.876077032853004534e-01
4.971080788362178260e-01
4.592260390883098342e-01
4.431524384374471159e-01
4.749142644197791308e-01
4.677763673182246396e-01
4.212355508953367078e-01
4.348653204355285018e-01
4.647028719061105373e-01
4.803780322537134495e-01
4.893656971482563955e-01
4.433607939020208777e-01
5.084816525248200270e-01
4.436542329716543498e-01
4.680706833479988949e-01
4.629749278654928246e-01
5.092959286602503077e-01
4.312124194565478685e-01
4.560482295520716378e-01
4.569465768133731398e-01
5.069205934585295781e-01
4.870233242043044419e-01
4.768256449818620291e-01
5.011383204756015841e-01
5.078555476186563666e-01
5.220919382311588475e-01
5.061145700707112560e-01
4.583417024117978356e-01
4.974301204750994909e-01
4.435547352655572761e-01
4.821744452828941596e-01
4.992880248625786166e-01
4.912005033421931732e-01
5.372489618710699633e-01
4.996495146152423739e-01
5.264510179816764834e-01
5.459848923329799764e-01
4.830430415826043600e-01
4.636211145221313945e-01
5.182949644328136429e-01
5.180072149051728747e-01
4.687985487099565751e-01
5.659269893234083471e-01
5.105342072801166697e-01
5.205675681424727363e-01
5.196180287454409408e-01
4.876646115599956310e-01
5.064021725355152270e-01
5.019952897502311107e-01
5.668068871669120767e-01
5.144587473208598327e-01
4.925229089669329041e-01
5.421820169791202737e-01
5.078519004348371890e-01
5.125259973223410537e-01
4.678463401880457728e-01
4.778156765952326079e-01
4.540577686532122348e-01
4.994855223036027692e-01
4.919454625070969200e-01
5.195425393226311694e-01
5.080088989257677268e-01
5.130882015622161285e-01
5.128970796276790534e-01
4.813403785157226444e-01
4.852072166486774418e-01
5.382756780627935278e-01
4.741922578876137107e-01
5.168545034834721719e-01
4.917104925075547750e-01
4.893616542005240766e-01
4.658859218462062524e-01
5.347385329727269987e-01
4.561800536919954907e-01
5.150126306125422104e-01
5.034870768343261416e-01
4.981494029314435523e-01
5.133890550204018854e-01
5.403209908997835820e-01
5.381366159767611013e-01
5.030621907000473181e-01
4.846765760207822904e-01
4.739160233005109690e-01
5.333741906100061270e-01
5.356844943940005654e-01
5.357987142073153963e-01
5.644970543579402866e-01
5.183470498444149310e-01
4.750335290122635334e-01
4.864590628319439003e-01
4.866304960897571141e-01
5.005215330447366773e-01
5.246505439793840431e-01
4.984758053248363741e-01
5.242614300085154388e-01
5.257348284098136704e-01
5.230654694820899842e-01
5.238445750832915193e-01
5.145468300365176884e-01
4.983224903422143193e-01
5.183734914801733096e-01
4.774005738200584603e-01
4.952787453054637856e-01
5.205243672623466322e-01
5.220774800991461184e-01
4.896449337778611133e-01
4.998251944151745896e-01
4.996130383257146867e-01
4.519590965513734515e-01
4.480801520505671709e-01
4.751035613250292333e-01
4.800723373157174123e-01
4.609348964714554686e-01
4.843027663610450784e-01
5.080744415478457565e-01
4.404758242171551985e-01
4.698149128905372285e-01
4.675826878262901998e-01
4.910506774050137357e-01
5.243525419125006914e-01
5.131203669785752153e-01
4.942863974000998861e-01
5.030935490969560275e-01
4.963120357161541207e-01
5.051022852086957116e-01
5.059740067598539337e-01
5.217337087659390527e-01
4.792545568834157832e-01
5.010975660564573886e-01
4.699616754251651485e-01
4.815638760515121852e-01
4.919987211517043990e-01
4.902614379312680848e-01
4.793844339973470925e-01
4.803737664802891216e-01
5.085123080244584592e-01
4.921730297341364024e-01
4.925012946173439876e-01
4.585226673343952286e-01
4.877002931443666922e-01
4.191476934450347192e-01
5.133112003105304577e-01
5.126370000036467589e-01
4.995858106124245746e-01
5.141119282842521176e-01
4.630144427228630732e-01
5.027096827977111104e-01
4.589064767888444418e-01
5.278899223836986954e-01
5.244557730889148894e-01
4.990025784397791320e-01
4.714074334358634988e-01
4.660895421934280192e-01
4.531912375889479150e-01
4.849808484418320353e-01
5.250699133775010852e-01
4.728693708921588024e-01
4.470593878768512330e-01
4.569681885585621939e-01
4.759871138640092147e-01
4.589707161739841057e-01
4.748894810863610871e-01
4.927381076980139052e-01
5.029693159774250022e-01
4.741290289979293027e-01
4.900238105515806741e-01
4.927717949951304632e-01
4.965697748964612579e-01
5.335010517870045765e-01
4.907490370641284239e-01
5.210064938502452225e-01
5.788951338715133677e-01
4.540363393595553410e-01
4.960173091076909846e-01
5.040398677183161036e-01
4.991449384554078605e-01
4.860654168056143254e-01
5.203179323746039975e-01
4.951297420241201341e-01
5.076707522655616867e-01
5.059631098705944519e-01
4.987311236884509613e-01
4.897446707429509716e-01
4.829887108314719346e-01
5.033375561059891812e-01
4.920631681445142847e-01
5.139406635167754755e-01
5.105995090899937416e-01
4.981207634487189173e-01
5.147206393402689040e-01
4.686017902612669705e-01
5.287716238177136985e-01
5.480124650114513996e-01
4.851305928461798200e-01
5.008054712504672601e-01
5.383124455810628373e-01
4.940041285012858330e-01
5.024248282208474414e-01
4.968610953935855279e-01
4.881854973808390508e-01
4.989244110213096328e-01
5.295428200065170898e-01
5.061961886545611744e-01
5.376169817984387533e-01
5.228955235096970355e-01
5.537047204151217539e-01
5.241056203067906427e-01
5.041896733709938516e-01
4.701122851944311565e-01
5.184321981597939111e-01
5.152315833734371076e-01
4.767180978559857896e-01
5.065030531947170012e-01
4.915206308037587957e-01
5.158742018337720836e-01
4.772549234802391793e-01
4.805258570169052001e-01
4.610429504966032654e-01
4.367306746408728957e-01
4.885012185885742597e-01
4.691017902796685846e-01
5.113802428691270885e-01
4.685883299853731976e-01
4.621059113328919721e-01
4.390987607977928087e-01
4.580521145785160786e-01
4.838430613951759107e-01
5.132789095344100216e-01
4.894166850414707892e-01
4.937197900199027933e-01
5.226571850622013793e-01
5.064327682754264925e-01
4.989073780365083088e-01
5.447816222521610907e-01
4.991589502583236304e-01
5.053309339789282539e-01
4.699511576195642415e-01
4.806448063544195293e-01
5.062704788458314287e-01
5.036051819716719224e-01
5.171077886164031634e-01
4.722414770521112248e-01
5.180048264129555324e-01
4.785861046163731314e-01
4.915909542884654981e-01
4.972872461835767810e-01
4.613840982182129125e-01
4.846558354344878139e-01
5.151643901963529615e-01
4.895527233389310728e-01
4.947668791193113869e-01
4.237765924673355666e-01
4.761818579049791333e-01
4.871013911672803509e-01
5.257908495845501351e-01
4.986759242786851787e-01
4.842711062162652347e-01
4.592895031942574868e-01
5.140086534666040707e-01
5.093607675212787900e-01
4.514874181789646501e-01
5.250275697763421290e-01
4.710353654373660715e-01
4.973667193162877864e-01
4.911578093953130608e-01
4.545085098506457810e-01
4.628093990259290469e-01
4.598579353006152504e-01
4.528216085085416953e-01
4.734711846816656022e-01
5.151172611464625017e-01
5.415029130766001453e-01
4.913268585037423031e-01
4.827472080876826777e-01
4.905599836696796223e-01
5.204858480562163381e-01
4.820416774018259076e-01
5.022850452644885832e-01
5.199991326356885324e-01
4.997347366194381246e-01
5.041444080682628837e-01
5.649749398733714401e-01
5.034991836495967821e-01
4.902529319305933830e-01
4.794413465556854881e-01
5.132903776768440451e-01
4.676861463435779687e-01
5.303147565127973584e-01
4.973080072243496463e-01
5.164179002697232290e-01
5.317304726319737052e-01
4.919356007490922611e-01
5.402421587385246582e-01
5.239107942836273013e-01
4.860072679717848954e-01
4.934385752491350363e-01
5.328239556769068797e-01
5.512096400921814299e-01
5.375939993097377245e-01
4.907107997500493868e-01
5.029764917081053222e-01
4.714513390386974589e-01
5.088154559545838840e-01
4.784546575730888041e-01
4.725522582156811979e-01
4.747465992757485820e-01
5.191142232004695156e-01
4.715260610965822385e-01
4.446823204608638669e-01
4.950790786080706551e-01
4.829504541068199708e-01
5.021785398927358646e-01
5.240686096234504765e-01
4.743746865690476877e-01
4.822285818767721444e-01
5.447580486852572346e-01
4.570672750676555429e-01
4.825457462119842056e-01
4.741344718113406076e-01
4.897881449086251560e-01
4.995450315265342334e-01
4.950963183799549916e-01
5.306954542411035369e-01
4.656898098587100576e-01
4.735195869054797946e-01
4.996468826804618124e-01
5.227463020144640371e-01
5.444311919177904358e-01
5.296353758026071112e-01
5.177361266704533227e-01
4.954417600673810540e-01
5.188741654822347504e-01
4.863553475465745013e-01
4.536141645770750408e-01
4.451548012847327263e-01
4.526084678796811755e-01
4.836152055191864640e-01
4.589318108141822172e-01
5.225579594519562665e-01
4.627108683257560862e-01
4.277651016079158097e-01
4.845622205615886524e-01
4.998350996991527406e-01
4.547706544619612989e-01
4.665191885038234010e-01
4.944844799265720736e-01
4.739846927214448891e-01
4.623329647849547808e-01
5.351894359121872613e-01
4.997519657858611741e-01
4.745131979088328955e-01
5.010881735427396011e-01
4.982597387434276048e-01
4.909331127297852371e-01
5.159447984696591272e-01
5.064725797182881850e-01
4.739705765962824446e-01
5.099054232590655156e-01
5.062100876195014809e-01
4.805048993602756835e-01
4.992944401185199221e-01
4.996161796283706269e-01
4.810615764120838578e-01
5.339863923569632131e-01
4.968943605218507642e-01
4.819869250471249811e-01
5.294789261167071048e-01
4.790456077956854464e-01
5.215483047506930259e-01
5.182979587147882317e-01
5.157210129887433991e-01
5.146398273448062888e-01
5.292663008323910123e-01
5.032361522800247178e-01
5.103377016532146815e-01
4.998004049381780667e-01
5.083237530255505510e-01
4.775779978447384222e-01
4.544056868416324613e-01
4.491249910078703445e-01
5.171701753399797763e-01
4.845787841152330855e-01
5.409346458505153166e-01
5.284578042411749443e-01
5.019858311096278003e-01
5.229591394341780441e-01
4.834631640978450107e-01
5.074469114648870738e-01
4.683306903091262741e-01
4.655979982949657869e-01
5.069864470265774692e-01
4.824355485070501159e-01
4.729335364692787702e-01
4.776623396631997087e-01
4.806656825602287353e-01
4.696429966484859664e-01
5.296534248954064550e-01
5.151856403883395830e-01
4.908884550335139152e-01
4.907145275695699582e-01
4.554032713208354122e-01
5.023745444524065906e-01
5.131604408363164005e-01
4.804887171612640673e-01
5.015080254054790077e-01
5.330834963142062621e-01
4.975974487460684270e-01
4.655561501392757040e-01
5.188271275297470231e-01
5.391806037931964335e-01
5.419945885633173921e-01
5.614100731581993520e-01
5.275853614674553826e-01
5.002382138988752391e-01
5.227427191801783390e-01
4.861880312486410727e-01
4.950742452940988803e-01
4.956139360840471353e-01
4.835872913967252940e-01
5.017129233279205014e-01
5.123680361727778187e-01
4.916289645763448624e-01
4.938758454630229888e-01
5.220101541150272695e-01
4.776635846504069249e-01
4.499615599741181859e-01
5.039778418969964591e-01
5.017063489285773503e-01
4.823243475557004722e-01
5.205758473618800064e-01
4.994666541286871819e-01
4.837250443566904479e-01
5.005532993179189205e-01
5.223785885117168126e-01
5.221693503913379386e-01
5.477504963845885033e-01
5.363517453207021779e-01
4.661391177462186342e-01
4.548270150539588386e-01
4.955338022684969701e-01
5.019113802076267117e-01
4.526313402207379766e-01
5.061861618078625780e-01
5.216841269632230826e-01
4.974035793106213466e-01
4.989459057979689915e-01
4.982808485691719302e-01
4.820810061649742351e-01
4.668559131417309715e-01
5.214506184462419647e-01
5.456992536481326539e-01
4.685203650347567472e-01
5.269760294660812416e-01
4.943172456991650754e-01
4.754696890020642663e-01
5.276198059322666500e-01
5.137074654101233540e-01
4.599593644604622611e-01
4.781407700237069180e-01
5.088679929745983932e-01
4.932976096545860223e-01
5.387890678150322188e-01
4.928535984030438799e-01
5.085798227358897527e-01
5.119899085121321081e-01
5.390042834458976806e-01
5.081165331707154786e-01
5.014542503493284453e-01
5.244223259770826040e-01
5.046544132017308781e-01
4.897967740399938874e-01
4.691350896364209211e-01
5.148846255053486365e-01
4.890969592089086659e-01
5.278899369225156235e-01
5.420467242250687212e-01
5.012250664216764129e-01
5.042768631058267559e-01
4.995785712564687620e-01
5.041674980808070750e-01
4.325771785859293117e-01
4.936296090573488171e-01
5.498311221349864164e-01
4.473795078379046442e-01
4.742505703418292695e-01
4.702967156244842184e-01
4.357028417816807275e-01
5.422854763452851223e-01
5.179568939054909338e-01
5.134734049604332551e-01
4.924067951268566445e-01
4.591673599219914248e-01
4.766399413982057576e-01
4.973306649192975604e-01
4.590071000013378200e-01
5.334840254895839573e-01
4.823064794187975624e-01
4.771829916126615334e-01
4.767642714920604097e-01
5.013176284662801407e-01
4.964319739531197206e-01
5.254353746412216974e-01
4.790578702779135223e-01
4.798854421066362508e-01
4.776640357657486735e-01
4.623270387988913654e-01
4.558404065511911796e-01
4.613520228582229099e-01
4.772650310948521324e-01
5.103459404674403066e-01
4.899134450687422371e-01
4.732298951298930523e-01
5.047330911993638258e-01
5.046977004507409159e-01
5.235864809910919515e-01
4.801298880241907652e-01
5.047207590462334803e-01
4.684787847434254138e-01
5.209104963208101013e-01
5.041738495434160416e-01
4.890642741711061503e-01
4.817861580800908428e-01
4.891368515706965292e-01
4.942166263689274919e-01
4.963753592436547235e-01
4.458220219947666707e-01
4.661988933046093964e-01
4.986120516438293238e-01
5.096842203615520317e-01
4.930911487309736496e-01
4.614235452106892343e-01
5.517822618827813441e-01
5.321607062918074504e-01
5.100485757473408599e-01
5.147316230182810148e-01
5.466171060045250663e-01
5.403458029335853618e-01
5.165535553456824802e-01
5.389783469887510226e-01
4.852271647880720962e-01
5.008400178904328648e-01
5.289224426536140999e-01
5.495225381243108442e-01
5.439033583909450575e-01
5.103619763501724416e-01
5.335071079312824205e-01
5.219433398589350404e-01
5.398558072382771966e-01
5.519873875837335575e-01
5.484426100123915848e-01
5.111534395944640208e-01
5.065374075828803502e-01
4.736718499929785664e-01
4.583173987769432189e-01
4.762499215231717486e-01
4.881888325459567413e-01
4.958186413634174672e-01
5.277020043158510143e-01
5.134830611642856590e-01
5.178447535097662202e-01
4.780275874788093016e-01
4.786296410317011918e-01
5.263306710968533864e-01
4.780185534540444814e-01
4.631248770599468711e-01
5.069636125478956812e-01
4.938133475332736610e-01
4.860468333993583356e-01
4.792383889828476518e-01
4.867645366245176297e-01
4.724736865315478651e-01
4.933485870269394558e-01
4.503148615998007753e-01
4.451783573628826929e-01
4.987196168912925720e-01
5.007116537943833157e-01
4.993992815042580524e-01
5.032705389296207033e-01
4.626962709869962276e-01
4.758339749718663025e-01
4.569531124979143155e-01
4.693664469388839078e-01
5.251131926868395361e-01
4.370582767091467646e-01
4.291233703043847991e-01
4.809163917405367417e-01
5.038302539511757550e-01
5.118530171659313455e-01
4.887511255093396900e-01
5.001115703255945011e-01
4.956958860614669726e-01
4.995206845314992261e-01
4.762719137382599444e-01
4.910176965968372498e-01
5.097215428634520595e-01
5.079836481143515936e-01
4.885982189789718766e-01
5.068555334709885507e-01
5.133343131811943794e-01
5.125946277765667247e-01
5.210841459819108845e-01
5.120779794673540053e-01
4.985618285152952911e-01
5.073423366175713323e-01
5.249316736839948483e-01
4.962673098806402727e-01
5.076915935874278807e-01
5.034905475476433301e-01
5.033526325782965438e-01
5.217278544584265099e-01
4.431441593726549444e-01
4.997091406851961737e-01
4.994052835997897510e-01
5.091524650471834779e-01
4.996666571648704092e-01
5.272848086215309316e-01
5.576984138482458109e-01
5.096650436164902320e-01
4.750348015875993646e-01
4.633109333657298712e-01
5.032163542925410793e-01
5.039622786067716742e-01
4.699201814566490443e-01
4.823248904911822676e-01
5.208159902170337308e-01
5.518919008681839600e-01
4.833738730100277659e-01
5.323676763699696224e-01
5.035174171860169468e-01
4.909476975529409870e-01
4.791161076719810952e-01
4.619623647192783733e-01
4.750569536332891474e-01
5.337618180035882398e-01
4.969372210845325877e-01
4.842309704737526310e-01
4.776705306008814933e-01
4.457701370185936929e-01
5.084370666055855192e-01
5.343897630537318699e-01
5.056557915652565294e-01
5.112548326712711422e-01
5.022145996137693524e-01
5.007136873281038403e-01
5.012845509683883094e-01
4.629855349230376227e-01
5.307115591572562074e-01
5.049500058351416021e-01
4.666842477078145812e-01
4.709258399408008389e-01
5.081916285170263725e-01
4.848946096979139808e-01
4.877031209727434868e-01
5.557905083742411545e-01
4.592708482912581380e-01
4.805444302303868431e-01
4.710697423345620027e-01
4.445591946734954725e-01
4.761265816610109614e-01
4.629189656846194878e-01
4.819688961730219101e-01
4.634819403333309551e-01
4.638438029328088574e-01
4.999601956177321394e-01
5.068321475641128782e-01
4.676276151717241314e-01
5.226160794639870266e-01
4.914758266634221551e-01
5.391701194844014111e-01
5.195191433530100822e-01
5.141526723476790295e-01
4.817010184517637739e-01
4.720247599253917237e-01
4.656232856254781671e-01
4.810128999659871174e-01
4.834994492427326929e-01
5.208119626515088640e-01
5.019485409719002256e-01
5.464135389194560988e-01
5.298302879120703190e-01
5.033704372886310674e-01
5.140861891956186591e-01
4.837259588700629775e-01
4.697904099782696519e-01
5.201689096993337147e-01
5.044469019024557799e-01
4.969112964619399331e-01
5.210145654791341618e-01
5.154979086181240566e-01
5.043559707506964918e-01
5.084253553568617301e-01
5.152265614919274705e-01
4.575308830368007285e-01
4.786880007728884223e-01
5.263142443066016751e-01
5.297002085182271891e-01
5.352937184858342912e-01
5.060580037250111962e-01
4.798366260790529747e-01
5.020274700931175449e-01
4.519341111789748622e-01
4.723068255335169940e-01
4.699789431965510356e-01
4.617283695549747602e-01
5.054921318078432479e-01
4.974170002772611010e-01
5.193271252490725409e-01
5.024868817786981579e-01
5.205164068513975506e-01
5.325434614935897759e-01
5.164586824891889139e-01
5.141982823529460678e-01
4.770891105042714964e-01
5.198728200983911973e-01
4.401074649094558477e-01
4.417772880240912747e-01
4.875200292821225134e-01
4.913792190740928212e-01
5.116851562160709133e-01
5.031639211131840872e-01
4.984988957844759816e-01
4.468833987258021834e-01
4.593738477616280402e-01
4.630796481569809386e-01
5.010693728794066715e-01
4.684733594537983659e-01
4.990029657312882172e-01
5.196211957176142260e-01
5.186642743225725605e-01
5.230355136419049256e-01
5.212871712321600626e-01
4.950749745233312127e-01
4.747045263957975214e-01
5.137130006606995813e-01
5.186220334307890534e-01
4.866283635748893110e-01
4.672814740771666364e-01
4.719031278699095111e-01
5.309468815927540497e-01
5.361162048982757167e-01
5.167635210360322917e-01
4.951163162649590554e-01
5.046627264788144940e-01
5.048830099291564677e-01
5.087963358456840668e-01
5.181354062078681322e-01
5.577240221007487841e-01
5.105877980510209468e-01
4.765695830252368870e-01
4.996763747678394929e-01
4.501720923735598734e-01
4.368306735619458259e-01
5.080723031326564998e-01
5.275517816886822198e-01
4.774028435964207118e-01
4.894799205080479498e-01
4.909276863676040326e-01
5.105011011081408423e-01
4.994387206939359114e-01
5.534728243370088396e-01
5.046210818851976088e-01
4.880396940123248317e-01
4.731182694572568237e-01
5.097038555377852997e-01
4.737882673918703547e-01
4.624086317935426904e-01
5.027208515384441467e-01
5.007063006667259453e-01
4.972500255901607380e-01
4.898558207338069570e-01
4.954978739740833471e-01
4.762075513083646738e-01
5.210559225271814698e-01
5.014347322549774777e-01
4.983792671662554130e-01
4.899247350520526956e-01
4.105035568269579382e-01
4.488073034708550124e-01
4.622848285675659197e-01
4.426313685692549460e-01
4.640896591661151649e-01
4.809712479774633231e-01
5.078827728846966316e-01
5.102762612653137797e-01
5.046728805314386612e-01
4.709051617721289329e-01
4.459518322849382876e-01
4.796507852644513181e-01
5.158195274062202795e-01
4.562566607250572170e-01
5.366913739345841039e-01
4.707252390339732306e-01
5.138629685890294674e-01
4.670347451035214981e-01
5.284493091573008172e-01
4.980594477104021145e-01
5.157418423663665541e-01
4.961420816702629688e-01
4.728391135254041422e-01
4.728105957767101963e-01
4.624384583044353070e-01
4.338971696129292899e-01
4.255874555705557172e-01
4.840670269543065340e-01
4.095633903460147995e-01
4.298598215301188685e-01
4.210683654329535619e-01
4.487630877273204311e-01
4.560009085608537349e-01
5.163342600784908143e-01
5.151342631674336037e-01
5.268394529401106974e-01
4.604427311881844620e-01
4.600760571135635857e-01
4.838333574430165318e-01
4.312271781933972870e-01
4.319595119003311057e-01
4.848981949780203915e-01
4.472698460814710231e-01
4.536533756917623950e-01
4.491198158294468223e-01
4.750270168742454779e-01
5.146339133139007371e-01
4.971936399011117058e-01
4.947384265220094446e-01
4.590918488806049469e-01
5.150025304323164743e-01
4.941646261175175470e-01
4.803382983309002485e-01
5.204591649597749559e-01
4.994065389120191378e-01
5.049672293903462172e-01
5.644865249434681820e-01
5.186710354277022095e-01
4.884090021830749251e-01
4.810276939643054472e-01
5.002397050399083334e-01
5.054206091345163632e-01
4.779698087736810042e-01
4.968265731775474148e-01
5.120719901133753416e-01
5.003124069319306866e-01
4.809129411421226297e-01
5.296592797189715318e-01
4.607768260610272115e-01
5.203610947438258583e-01
5.365126414035583657e-01
4.705047232940571256e-01
4.527655777748469390e-01
4.619342229926449162e-01
4.013212436500198654e-01
4.450312404347771533e-01
4.997484485525973685e-01
5.148522827135694202e-01
4.940179940387942059e-01
4.898061228727992322e-01
5.100329262603355840e-01
4.476576315155632035e-01
4.514686020208975581e-01
4.982640821903351891e-01
4.943185237171545676e-01
4.577264178699892438e-01
4.481190707985076571e-01
4.370476106268401106e-01
4.908696209916396658e-01
4.396388793909150605e-01
4.876463064244144219e-01
4.933282068076376148e-01
5.113234587237890372e-01
4.787865812725599635e-01
4.840143186467446568e-01
4.809767982197737379e-01
4.763793403908617718e-01
4.704068980121422494e-01
5.000712918663722251e-01
4.656110556162646463e-01
5.396360827642291413e-01
4.929651709563153128e-01
5.132191139813364611e-01
5.048842702089818557e-01
4.746511434272598917e-01
4.859232051784317941e-01
5.037620271664284832e-01
5.030064415041072268e-01
4.492385528336375056e-01
4.872439326440189955e-01
4.580063507701664371e-01
4.612626073964346540e-01
4.725407338271098712e-01
4.481375905958779882e-01
4.765160971610134522e-01
4.916196463586207654e-01
4.962045898327413496e-01
5.323239183053821710e-01
4.852039179211888875e-01
5.142655163761673531e-01
5.092468201557592833e-01
5.012916301939557284e-01
5.052311237423577905e-01
5.154833946850072568e-01
4.929465601835352762e-01
5.195710790920089472e-01
5.263175784648495004e-01
4.998453127954382569e-01
4.815791697250135783e-01
4.946406004934496559e-01
4.394731741972762173e-01
5.223910152740425250e-01
5.251472411755948588e-01
5.058633337144420317e-01
5.215662234422607790e-01
5.204315812536435271e-01
4.939446470795809119e-01
4.972727804897552617e-01
5.095290276564495846e-01
4.666673909916663754e-01
4.940523895933298659e-01
4.959484405673454943e-01
5.645002084460440939e-01
5.323058506072185780e-01
4.855260770140175097e-01
5.215478805547436592e-01
4.879814586312499203e-01
5.304690668606006909e-01
4.783594006504193752e-01
5.143553860929355181e-01
5.266313398508953858e-01
5.138664231845788688e-01
5.062596019985340368e-01
4.743703544082821244e-01
4.841623462070773209e-01
4.922487062512428402e-01
4.706169203559022463e-01
5.279675459458876841e-01
4.724247307842184829e-01
4.259111252421016180e-01
4.960478218436978892e-01
4.636933081924580757e-01
4.812769546043255131e-01
4.692558141128701510e-01
4.753928181010711462e-01
5.152509182724837045e-01
5.448895001077391775e-01
5.236025636162066066e-01
5.330293325010106997e-01
5.597147109759462724e-01
5.161635364573823326e-01
4.866730777883092607e-01
5.282863512237702119e-01
4.746229001588742058e-01
4.921462661033982888e-01
4.914452952418748022e-01
4.583938866467020534e-01
4.858386843931447041e-01
5.065381899972869473e-01
4.624594916507038245e-01
4.456120846501908095e-01
4.437262327873693346e-01
4.806199982909214463e-01
4.357074417439247838e-01
5.176920931833821626e-01
4.735034005583236283e-01
4.881130335859663050e-01
4.834685149519237224e-01
5.214438942338176508e-01
5.447250400728694819e-01
4.939317445919877425e-01
4.954552816315459518e-01
5.323520867844685478e-01
5.438506821717137285e-01
5.353437717600463275e-01
5.018195632630976233e-01
4.788338451626641401e-01
5.188607333353925100e-01
4.852527610853113460e-01
5.109473421595727149e-01
4.863127536493267455e-01
5.052292195041766520e-01
5.429718798116479617e-01
5.404563754123350439e-01
4.941771944612604051e-01
5.342039045560827981e-01
4.867191931237321301e-01
5.144666488760247791e-01
4.766286208421524062e-01
5.238486252713261404e-01
4.563273703584482810e-01
4.789113792298981820e-01
4.670603112192933115e-01
5.348151696085121642e-01
4.787384882680469356e-01
5.165991343960173454e-01
5.313668518161080989e-01
5.078924042412835682e-01
4.677930786209446579e-01
4.542247778077066478e-01
4.795870297336712884e-01
4.864242551484105892e-01
5.133283540479078866e-01
4.680897954783392878e-01
4.789100669626491502e-01
4.890867273849482944e-01
5.203428142172208393e-01
4.428253286226259688e-01
5.167968055420913975e-01
4.573477153303888154e-01
4.437094538870464122e-01
4.661165247686286373e-01
4.532040460175226215e-01
4.329708015199286719e-01
4.762034157613608265e-01
4.851638388680804548e-01
5.265863344243484345e-01
4.620350494170322730e-01
4.646797915521339584e-01
4.679283548431948381e-01
4.570933482887275523e-01
4.852070330151014854e-01
5.138670593465117786e-01
4.710143215354817281e-01
4.387251484667969992e-01
4.914442831603172968e-01
5.318077629543699336e-01
5.076581308495637934e-01
5.443246199662745699e-01
5.209400883574527574e-01
5.190847626877320709e-01
5.308684559778219514e-01
5.054145399440754804e-01
5.433584295067723779e-01
4.845182530710475111e-01
5.081825760645135581e-01
5.119705344983103146e-01
4.473106820894391378e-01
4.821897150746152771e-01
4.935306516859817583e-01
4.568284684096417525e-01
4.813917366584942736e-01
4.885153486756874663e-01
4.759337139974946784e-01
4.680889209108986537e-01
4.697030058347340109e-01
4.778714848042059926e-01
4.778545380991547353e-01
4.700252837609553147e-01
4.500654320115622942e-01
5.077070242741150707e-01
5.581534581977968257e-01
5.206985199864986313e-01
5.095182558193582789e-01
5.121349295015684699e-01
5.071801003448987988e-01
4.745613206481429369e-01
4.535493778908425977e-01
4.957734676036429367e-01
4.666119018826604403e-01
4.793369170391398315e-01
4.964515719731761312e-01
4.935741024161382495e-01
5.259481533752486948e-01
4.867966539646078616e-01
5.106974903322536452e-01
5.174062948494805303e-01
4.418266363889544746e-01
5.001903489847123740e-01
4.787347009939518228e-01
4.591558332662455388e-01
4.849410519698262312e-01
5.143746894311924667e-01
4.777106138964758442e-01
4.840114399704767978e-01
4.709707715135312833e-01
4.875891484219023742e-01
4.389786615792799496e-01
4.019979630080665611e-01
4.394984713005722909e-01
4.688093733072148939e-01
5.289285922804937146e-01
4.759321671555902800e-01
4.735983974094766791e-01
4.807061858973918356e-01
4.789252529135921144e-01
4.806761939349790125e-01
4.996449641493876381e-01
4.843494544950234237e-01
4.705120540506529947e-01
4.973142425613745199e-01
4.738206608266162800e-01
5.148834377874296209e-01
4.838574691042063503e-01
4.864159831232395814e-01
5.174904448536054025e-01
4.880073367186950617e-01
4.461933581931915582e-01
5.365435750058886732e-01
5.216019601685583096e-01
4.512461192248604092e-01
4.805387738966540589e-01
5.357658356034140645e-01
4.914889366241282365e-01
4.915075537056278754e-01
5.422027188119976637e-01
5.378635141437657641e-01
5.321290207072836287e-01
4.638588055972531765e-01
5.042301932441255463e-01
4.943663328216504893e-01
4.928076452846541500e-01
5.159705435152264208e-01
5.126537265466264426e-01
5.500126236627780330e-01
5.234993524600058956e-01
5.529574703195360152e-01
4.778308205549541832e-01
4.725400279812111970e-01
4.989505324456721680e-01
5.012481850832953834e-01
5.082432770204188266e-01
5.369669850609798400e-01
5.370598320904591549e-01
5.326430868622212822e-01
4.970302794839315252e-01
5.094249479102153089e-01
4.729853953934499144e-01
4.991391951894741941e-01
5.192080464058583811e-01
4.944909487019856220e-01
4.806341779884353849e-01
4.762875497309838058e-01
4.671728740098346488e-01
4.511464487553768499e-01
4.830882118336680686e-01
4.520055327817679158e-01
5.226561487681640195e-01
5.063185620847687751e-01
5.106165566807414624e-01
5.375495539770323017e-01
5.399576371596539470e-01
4.993778777826144433e-01
4.935189885805610355e-01
4.760014368219711023e-01
5.558629207119347715e-01
5.607173200135715518e-01
5.142715609723524928e-01
4.605271083300209178e-01
4.924327682865836109e-01
5.305884706772969750e-01
5.158155496848372268e-01
4.743947045891930281e-01
4.934082816234216518e-01
5.122753900002192662e-01
4.618774607534776311e-01
5.008751760495396832e-01
4.580888350312050661e-01
4.799278253915277292e-01
4.686644235951495374e-01
5.113255168086041635e-01
4.973469372224860741e-01
5.325408943053090427e-01
5.002662256465572055e-01
4.852131017342524166e-01
5.136009246327960520e-01
5.416363749218506829e-01
4.826176788223440761e-01
5.080412259546372988e-01
4.932413248934368055e-01
5.138642774832981042e-01
4.868123697025549812e-01
4.894866573646934893e-01
5.089471596034824685e-01
4.805022368920004450e-01
5.012093841672430328e-01
5.091185989991265926e-01
4.933289893964790673e-01
5.183070518024985862e-01
5.049736025518373195e-01
4.878422234684588465e-01
5.022965548598294916e-01
4.655531854921983737e-01
4.752282000355732561e-01
5.121611569055680713e-01
5.171778889774194532e-01
5.073674796136530274e-01
5.271832920659589306e-01
5.088309943992705975e-01
5.424168545781176132e-01
5.258513712379700999e-01
5.029996783129855320e-01
5.165885418459978951e-01
5.102056972299113813e-01
4.877999464802821317e-01
5.107923770071478575e-01
5.019017910202829835e-01
4.843463497748993207e-01
4.956090900115668330e-01
4.673641551439472464e-01
4.544555721983568608e-01
4.407251818942085064e-01
5.099909617743338952e-01
5.081967476018671714e-01
4.864656327864034790e-01
4.683179434779330408e-01
4.925051640939055453e-01
5.083641285400167797e-01
5.224502115742141184e-01
4.979559938576265110e-01
4.723516712364967951e-01
5.171706867432673826e-01
4.997882313579026237e-01
4.645938052341402336e-01
5.091902071837151045e-01
5.204033409706031454e-01
4.730165303311868463e-01
4.844573082828411148e-01
4.795562392790462258e-01
4.694727004533394421e-01
5.176109512874179641e-01
5.130133057071474267e-01
4.932340684238159523e-01
4.577508227562540610e-01
4.960295666339396004e-01
4.798198439283423156e-01
4.909949809418255318e-01
4.807715739201204319e-01
4.937925957957545742e-01
5.077171608092604371e-01
4.757282752323993003e-01
4.787742998251898752e-01
5.084731619932100211e-01
4.907448581041072844e-01
5.244364571043208523e-01
5.143180879181890042e-01
4.733836470988412870e-01
4.518377900045708051e-01
4.528057007208665663e-01
4.589064816187854445e-01
4.858778599013026112e-01
5.096106527207812098e-01
5.002565315175304672e-01
5.076401468482458768e-01
5.323591141594699039e-01
5.135514322428645917e-01
5.531840626242152670e-01
5.337960679092246252e-01
5.308307697688029458e-01
4.697259546953931331e-01
5.410467087868834346e-01
5.210391427726697167e-01
4.789271470648347462e-01
5.049295546395725642e-01
4.626151132085146167e-01
4.872145599525058435e-01
4.875277727796896166e-01
4.998266372922848810e-01
5.036264870702911178e-01
5.106692483521105830e-01
5.332328302421458499e-01
5.303967829749673957e-01
4.787688586459717399e-01
5.476506609725119157e-01
5.664634692565831964e-01
5.190550497185371093e-01
5.410811859478379393e-01
5.316619585475127474e-01
5.124270533506720682e-01
5.289433769554499065e-01
5.120899025678505856e-01
4.793523390225061243e-01
5.061269995121526755e-01
5.156713254887790310e-01
4.908947580066061467e-01
4.967922529052069547e-01
5.172285896766420921e-01
5.121287189412129237e-01
4.678302753562919580e-01
5.202761936772789531e-01
5.077150663368354966e-01
5.013066411854952831e-01
5.065218469689350966e-01
5.064898091597651586e-01
4.866734061695556224e-01
5.180570459435825947e-01
5.026964819270219875e-01
4.657845101203162974e-01
5.138895753636296693e-01
5.103965557022440702e-01
5.247366546668019716e-01
4.623647442499113080e-01
4.873376771000992314e-01
5.478423771352853855e-01
5.474518430796695423e-01
5.345641591568957018e-01
5.005592422028520838e-01
4.512000040958854541e-01
4.589574161791413753e-01
5.007480956433880692e-01
5.020732623973942488e-01
4.991963417352060506e-01
4.909821884068551467e-01
5.117288899736210928e-01
4.940280267669553416e-01
5.275386076479373632e-01
4.839355034237105002e-01
4.556546152863962251e-01
4.750020752001394286e-01
5.098195850927137451e-01
4.508370814757973744e-01
4.878516034977560811e-01
5.040392068451040597e-01
4.339203390852821030e-01
4.772724001666550087e-01
5.288857499405216211e-01
5.190745063085250299e-01
5.623093880371627939e-01
4.753757750281992767e-01
5.171536626590903518e-01
4.762416230055787625e-01
4.932858308753802490e-01
4.850909548244962122e-01
5.126002592938020408e-01
5.284957535577896603e-01
4.886178661595468320e-01
4.969532380989194476e-01
5.016602148030129271e-01
5.500475118646536155e-01
4.879635792534645078e-01
4.682022690111102281e-01
4.877710320612071992e-01
5.018948703338504957e-01
4.675833081490293197e-01
4.637857502943107946e-01
4.972631749472470331e-01
4.746753896140736284e-01
4.559542614321739906e-01
5.234156022455859203e-01
4.871326226287003847e-01
4.803512447780635131e-01
4.916723264424113227e-01
4.832578431795117035e-01
5.151726254774332547e-01
4.894624885208264664e-01
4.931307251492327293e-01
4.519827564487564064e-01
4.941652837285578359e-01
5.013696604189237238e-01
5.180363138859684913e-01
4.913503229936918570e-01
4.881934211524335265e-01
5.496056825610362573e-01
4.618300112181497052e-01
5.092823928923105870e-01
5.099383345652507282e-01
5.139683512686997746e-01
5.083542560600182725e-01
5.226192844959051120e-01
5.127521803289404323e-01
5.072827888660227380e-01
4.664584841722402841e-01
4.617065583355811631e-01
5.082982557847229854e-01
5.510300985488058023e-01
5.195442083332317829e-01
4.946107902868280837e-01
4.684438740807006507e-01
4.776506401927810286e-01
4.975789716212296598e-01
5.653664293481601710e-01
4.989008975417534297e-01
4.836184040216603419e-01
4.905265308553868886e-01
4.970398944059303825e-01
5.313518614888195213e-01
4.896752126275917272e-01
5.079222366910219888e-01
4.418605964448626411e-01
5.174976413468642678e-01
5.165333311360507107e-01
4.378826964685386125e-01
4.686633602036738289e-01
4.802906958466676701e-01
4.466286546668489232e-01
4.761978455244808561e-01
4.759041252724701687e-01
4.964988252305913563e-01
5.272590251095324865e-01
4.912789392328524296e-01
4.882357993121429485e-01
4.575214564337279355e-01
5.578099625794077365e-01
4.639027452010647812e-01
5.088168310396169458e-01
4.948759657813672774e-01
4.682198571333396342e-01
4.838286602641305167e-01
4.560658307981999005e-01
4.678371196399070397e-01
5.095754111533270514e-01
5.168895183833577267e-01
5.686979638927089908e-01
5.115497252639686909e-01
5.055137416169331877e-01
5.493580594141753703e-01
4.976940244074253283e-01
5.152280854048714165e-01
5.061306420102675840e-01
4.909434211478990728e-01
5.438732785338212805e-01
5.300329365254310421e-01
5.689223685633795213e-01
5.359530029613027713e-01
5.175515938053004694e-01
5.351534076996936617e-01
5.328733384833284070e-01
5.043113467838240549e-01
5.096651779934242565e-01
4.787880311830966518e-01
5.370295179953716858e-01
5.100130954890293999e-01
4.757653124938267530e-01
4.836747748852646689e-01
5.070709721453204866e-01
4.681432175895406944e-01
4.767356498128670905e-01
4.686916941098377976e-01
5.524573226152610372e-01
4.482198864554222117e-01
5.035966640838387409e-01
5.179737683197120912e-01
5.116175901110423530e-01
5.231239430323898487e-01
5.081293741642179951e-01
4.188769552208321256e-01
4.813958823361642603e-01
5.291352463336994605e-01
4.608111424723674299e-01
4.828526382956307983e-01
4.881169561619050357e-01
4.575816511393925867e-01
4.322015299833134039e-01
4.906140878783998849e-01
5.026521219921432637e-01
4.828212665234201673e-01
4.799487637707173793e-01
4.561920226707193438e-01
4.497827343432387326e-01
4.518056926956888208e-01
4.443396417760256956e-01
4.487927551188908293e-01
4.206809600582894770e-01
4.105716485369723667e-01
4.557695898892801800e-01
4.467893770335472636e-01
4.525189911973954149e-01
4.674418096610119533e-01
4.621138524927879687e-01
5.179084062475413086e-01
4.811534560398784133e-01
5.077133706493321963e-01
5.024767917190007260e-01
4.849539273687714647e-01
5.312856629813023090e-01
4.677565562507212116e-01
4.434459001755721164e-01
4.495382169720094079e-01
5.341278026165106052e-01
5.073856752855923080e-01
5.188472472709050320e-01
5.204041607994743801e-01
5.252023557331346737e-01
5.432708605239745525e-01
5.172376118577338699e-01
5.335454272238004947e-01
4.843959630839866359e-01
5.243488885078860795e-01
5.080839054989534365e-01
5.076756535711475227e-01
5.112677941035305151e-01
5.207881299999472802e-01
5.172098687760028346e-01
4.940066629698253164e-01
4.820398565364393817e-01
4.849614949778725537e-01
4.837531160706208255e-01
4.561012288436953610e-01
4.910446755486148618e-01
4.865731716394974260e-01
4.626760079364333755e-01
4.729132779146875687e-01
4.745990297033391148e-01
5.016700853069416821e-01
5.003959647523676946e-01
5.093287638836468956e-01
5.194078811281568342e-01
5.098861319542485893e-01
4.993998323593203947e-01
5.045513532334939821e-01
4.710557726746950613e-01
5.054405565119134414e-01
4.689375903524128919e-01
4.979344060573322461e-01
5.148064008714440254e-01
4.880415294353507294e-01
4.993760483187329458e-01
4.862449824781328589e-01
4.815145531986241290e-01
5.000444837142850041e-01
4.896004643837316150e-01
4.803102318515717339e-01
4.801480701950386898e-01
5.301411589625523169e-01
5.184312756639433140e-01
4.927072339205215146e-01
4.962991622472106568e-01
5.456676606418781050e-01
4.851480023542469877e-01
4.619493820354523828e-01
4.791120594133997934e-01
5.048403197083892735e-01
4.808970484118381683e-01
5.519689639173266382e-01
4.871581823228479102e-01
5.163119343727441413e-01
5.071679354394877937e-01
4.878688090505618469e-01
5.127504692586353219e-01
4.929463400198870748e-01
4.980852226732180865e-01
4.914936972948896754e-01
5.200607904743154153e-01
5.548973977378387490e-01
5.415644549086335857e-01
5.312954384375625505e-01
5.316282730816084268e-01
5.744884219546140258e-01
5.537191807436562252e-01
5.610534242119725734e-01
5.145121377108818894e-01
5.351261743052104780e-01
5.795885016985214966e-01
5.573813096749310469e-01
5.152690343028483166e-01
4.990415012819919838e-01
5.109139275406989755e-01
4.915326131454020864e-01
4.803057000848826030e-01
4.987480242196172253e-01
5.016695799023229707e-01
4.806708691609647421e-01
4.701674829989475057e-01
5.188689478909684905e-01
5.501241980502451501e-01
5.086288915456251836e-01
5.035967247175711092e-01
4.832369294984749097e-01
5.101176882049411887e-01
5.316475282870207764e-01
5.661677460005370977e-01
5.191030547460885325e-01
5.492933493768874520e-01
5.324808286192125317e-01
4.659945675285541711e-01
5.435291038410481335e-01
5.087617126426638992e-01
4.546444725624624872e-01
5.015424565983498395e-01
4.555025118246860960e-01
4.916885509585389724e-01
4.955369252407204050e-01
4.609749626959500080e-01
5.035028694693338691e-01
4.663435094704935224e-01
4.504097828729968223e-01
4.575201834879117357e-01
4.863176938626801449e-01
4.945445045941623818e-01
4.760062424430300809e-01
4.248891872407400960e-01
4.540830244774110569e-01
5.172653731046543690e-01
5.140342019411939800e-01
5.033417876063639440e-01
4.854383320771978316e-01
5.136509421180025514e-01
5.606634664664598144e-01
5.440605550804943347e-01
5.369377182301326989e-01
5.059449314133968034e-01
5.058314049771623910e-01
4.857166029121026685e-01
4.891857057357916760e-01
4.903768814672518905e-01
5.218816360860861758e-01
5.099133351355858990e-01
4.971524365316988825e-01
5.199868352682559536e-01
4.462822482775009036e-01
4.585207197319046135e-01
4.592868407617199944e-01
4.661855119762168265e-01
5.012170670800283334e-01
4.805780713509349433e-01
5.517207250041302746e-01
5.150689893577824474e-01
5.034252587119175670e-01
4.624290285580113791e-01
5.337031895848822760e-01
5.099085043791802274e-01
5.182739657311520309e-01
4.923614951250279703e-01
4.755979150835114022e-01
5.120637159587411169e-01
4.589881187187846434e-01
4.814281215621887822e-01
5.266101858222311805e-01
4.725632736772727993e-01
4.383593953325028436e-01
4.323927045052992635e-01
4.591477300493133074e-01
4.702023469980143866e-01
4.748529084029405878e-01
5.054946174211960574e-01
4.740762972028422784e-01
4.856484206651193181e-01
4.801321250991270051e-01
4.560444011310990087e-01
4.782327810690626402e-01
4.477717967440590363e-01
4.511448936523722031e-01
4.600570075928428482e-01
5.259068206855089800e-01
5.209117309395719930e-01
5.558350485502165927e-01
5.527526882455832125e-01
5.243522095328297938e-01
5.007804935146469294e-01
4.929784654305702785e-01
5.242395449695562704e-01
4.975185961800288603e-01
5.282079536558160759e-01
5.008437080802182750e-01
4.839332211927187544e-01
4.531797092106413238e-01
5.469273560333263173e-01
5.297119801780663106e-01
5.025637136906886404e-01
4.737204780565524853e-01
4.695467713217810202e-01
5.025059050046830622e-01
5.153919565604010433e-01
5.068820968355594037e-01
4.736309371302427351e-01
4.807779689968368908e-01
5.156218011356195063e-01
5.199224464967560078e-01
5.413724899523976175e-01
4.746389526589004926e-01
4.696622541168078979e-01
5.062788714430354053e-01
4.868590786149140648e-01
4.842323322213911152e-01
4.741423223245321839e-01
5.065917427047594845e-01
4.717216211746405596e-01
4.965181852036040788e-01
4.647929035153788302e-01
4.813174004306913778e-01
5.000987294826408913e-01
4.924653306595483393e-01
5.219393849002065267e-01
5.146991315335043282e-01
5.007249326863761896e-01
4.769705003730494441e-01
4.554189810717216846e-01
4.520087953802205960e-01
4.512299527981938896e-01
5.031767231559718390e-01
4.722493623035988186e-01
4.451688223314971826e-01
4.810933940829055788e-01
5.012703082891757367e-01
4.655903014441718502e-01
5.243977271396553785e-01
4.994894942562859153e-01
4.973132209288631533e-01
5.186145705475863066e-01
4.859507984249378798e-01
5.189459317408953165e-01
5.119057070665365972e-01
4.997662815752508814e-01
5.264113370881611242e-01
4.871851697989721952e-01
5.200561835845961545e-01
5.119941224382277278e-01
4.905457592659348554e-01
5.523151371273683496e-01
4.883772947173568579e-01
5.330065052840597950e-01
4.974104682959409884e-01
4.807137865398265486e-01
5.029052095963171265e-01
4.881437089049512346e-01
4.539674337652513936e-01
4.492279300614029913e-01
4.883490276582559964e-01
4.783259918429195179e-01
4.826522380143461466e-01
4.733451569752377130e-01
4.719765372713730645e-01
5.250871094300946229e-01
4.557173804868970279e-01
4.097224687830706702e-01
4.535498053412552188e-01
3.907257243924786017e-01
4.521021560846182896e-01
4.242087477341103807e-01
4.765415309011389322e-01
4.029611813550934007e-01
4.341154851946339988e-01
4.613824323785802317e-01
4.325804372109121054e-01
4.393328634255129761e-01
4.331392585891948865e-01
4.049032472860619736e-01
4.290719372637574747e-01
4.488648116333850968e-01
3.930012671313670714e-01
4.854625363337164434e-01
4.633946437011604025e-01
4.601157151650254740e-01
5.175152688138432433e-01
4.681188728007374400e-01
4.390837273653295791e-01
4.914664253860889231e-01
5.043520004736563589e-01
5.122995336444082781e-01
5.108174250120319781e-01
5.314237537801815847e-01
4.917229213419428979e-01
4.566238284303255623e-01
4.585996102585529477e-01
4.576420099991528878e-01
4.653378740915505296e-01
4.963156714240480882e-01
4.891564495752780961e-01
5.079413892131449115e-01
4.698770350871394608e-01
5.092783642347802342e-01
4.865106837984701227e-01
4.613316459348525966e-01
4.437533874175674242e-01
4.927660772148744761e-01
4.666589029149650347e-01
4.411088333847534293e-01
5.598387426725766058e-01
5.087926035434283678e-01
5.148453464978294258e-01
4.509708893399947405e-01
5.256871753896299460e-01
4.825465352127373819e-01
5.339393908496881114e-01
4.203019601173462183e-01
4.553394743454726168e-01
4.735826353324690263e-01
4.486597140892742974e-01
4.827890271763451424e-01
5.004307502454138357e-01
4.565096769834725565e-01
4.418071436680415243e-01
4.159289298681667635e-01
4.642388491831317965e-01
5.148915501529618410e-01
5.085410017369753621e-01
4.593030274938467716e-01
4.981608520029777165e-01
4.585379248542337249e-01
4.999795869891524580e-01
4.909222853929593455e-01
4.831536646501249921e-01
4.705886225049447091e-01
5.066926645593468059e-01
4.959173308899542110e-01
4.741517258653841216e-01
5.125703977707674053e-01
5.490581001043030041e-01
5.170331818501037180e-01
5.071340243529010028e-01
5.274278038631170507e-01
5.432807495638680706e-01
5.080148833963826771e-01
4.989225673956573792e-01
4.097402047548839299e-01
4.375786755901082681e-01
4.624641908187182571e-01
4.475943484532847738e-01
4.709591042318733711e-01
4.627821470925458924e-01
5.024496609259188062e-01
4.886986923718835696e-01
4.503348980960870107e-01
4.724232894093510771e-01
4.695765925187858625e-01
4.806620809894606161e-01
4.365678561976069072e-01
4.992588198212742356e-01
5.408544246226972829e-01
4.611590746734091639e-01
4.609631631712238775e-01
4.872392071813167469e-01
4.367802275401033718e-01
4.759080835312864965e-01
4.674671197000184186e-01
4.830167163607846925e-01
4.624759809611272421e-01
4.678076938783585215e-01
4.845310826431959983e-01
5.027905680398774280e-01
4.958119238725495204e-01
4.586606571245065989e-01
4.885101652137354145e-01
4.505626241186772019e-01
4.604262115976376357e-01
5.397523741361324179e-01
4.873019234342177985e-01
4.834233883946346122e-01
4.885801754097977012e-01
4.676255417839832451e-01
4.844480473500666351e-01
4.845516870687958111e-01
5.014417561672117607e-01
4.901849708338224532e-01
4.789253790065193805e-01
5.064964640392264350e-01
5.270138324296316235e-01
5.093967049549927850e-01
5.307669649197103157e-01
4.999732011123568243e-01
5.295119507616213861e-01
5.152874862549604584e-01
4.935671705839835277e-01
5.140477637444835768e-01
5.168792406886102420e-01
5.151412082734064812e-01
5.061676395683706309e-01
4.859595336308869529e-01
4.653371926798007263e-01
4.731909542305733352e-01
4.964454761213464296e-01
5.217191196892846383e-01
5.318921244436057849e-01
4.851394623488589075e-01
5.439152678550597253e-01
5.068930832431536304e-01
5.136956853269903922e-01
5.145465610552968361e-01
4.767563014726814430e-01
4.628050439681493655e-01
4.876742036946238312e-01
5.085607550765263163e-01
4.921250784355002406e-01
5.258875418159235648e-01
4.717820592074931096e-01
4.819486916453855074e-01
4.521989946096713342e-01
4.848096181858665976e-01
5.232245876083994052e-01
5.128655366631605927e-01
5.091822303807050920e-01
4.794920940185367630e-01
4.508217640521436920e-01
5.006532475176957986e-01
4.573786169227811449e-01
4.508476451784621530e-01
4.916452330120417158e-01
4.908629511723952565e-01
4.924353344068963523e-01
4.858711233361390214e-01
5.292253928549099928e-01
4.920995055096922810e-01
4.831865445619297206e-01
4.978761031265471204e-01
5.143740903225715311e-01
5.108824987666800155e-01
5.308157246265992057e-01
4.946746190839965696e-01
5.090412831097864688e-01
4.957475793189158875e-01
5.003531500837329338e-01
5.348407936867757284e-01
4.975754501772466365e-01
4.825431142651848693e-01
4.946928024659859036e-01
5.269259666236951745e-01
5.275151428929758524e-01
5.019153592051708301e-01
5.297851431974062164e-01
4.863649923200203951e-01
4.791097090542833503e-01
4.921962230957283579e-01
4.889355978000858860e-01
4.926139851240006196e-01
4.800655470016921278e-01
5.107639797420350236e-01
5.095306103539893883e-01
5.365613552508922135e-01
4.963342428796183592e-01
4.630264253857617751e-01
4.569931368885232770e-01
4.706039826515159286e-01
4.348389809626557190e-01
4.527118576630931313e-01
4.462672659942188980e-01
5.175570459061356043e-01
4.671561682730201448e-01
4.644454740842945961e-01
4.656789198867092860e-01
5.007072719003560213e-01
5.285275390942867357e-01
5.223840554799402680e-01
5.153197248109797624e-01
5.087924333062270321e-01
5.016156103851427961e-01
4.417038565666676631e-01
4.779278821110405917e-01
4.814288169499297276e-01
4.992606249719939160e-01
4.883924448856530875e-01
4.787313984304604197e-01
4.766400739789863339e-01
4.863070546363398305e-01
4.817800379121771615e-01
4.857996375281826151e-01
5.209559212273233708e-01
4.797943339996643686e-01
5.241940134448340727e-01
5.091636360259734762e-01
5.144217208572722244e-01
5.280456831862055944e-01
5.087441521767226416e-01
4.939424223489838339e-01
5.411764766895940104e-01
4.983649591404346602e-01
5.322857310519482077e-01
5.453910451192910402e-01
5.487606454159108527e-01
5.010493107110630673e-01
4.979117608400350226e-01
5.067723339788177128e-01
4.890853831531151164e-01
5.274358131711291975e-01
5.019352282508053875e-01
4.942644101171087545e-01
4.983310697034469272e-01
4.565529246279464437e-01
4.882206959836025706e-01
5.149810265315287738e-01
5.335358503623788273e-01
4.883746655754094279e-01
4.456184694938440938e-01
5.005983363957893229e-01
5.062363975737217414e-01
5.160361380628520900e-01
4.914197516379122388e-01
5.421576104784854300e-01
5.070067599761973742e-01
5.030451958767443443e-01
5.556088132099141763e-01
5.162056501160918742e-01
5.235180172749406280e-01
4.266459596609395444e-01
5.060674632049743105e-01
4.861955055154426608e-01
5.059275798753204434e-01
5.426988604080859036e-01
4.812649821037218167e-01
4.695377131606218724e-01
4.853775116378478138e-01
5.105537381657732077e-01
4.549340193107556662e-01
4.869964159752564470e-01
4.937452605806044170e-01
5.097385088997810065e-01
4.849796356292506161e-01
4.931626267901827454e-01
4.893046256639289604e-01
4.753777004921043714e-01
4.864873882392065640e-01
5.297820358175221456e-01
4.959015523673189207e-01
5.465242833857684168e-01
4.795070733425648157e-01
4.658809698036446290e-01
5.139202428854791060e-01
4.431968697473611662e-01
5.091106052667575543e-01
4.730390836935584042e-01
5.176897286044374047e-01
5.190124432482454697e-01
4.726572139131258732e-01
4.590340429807778233e-01
4.774503711629489167e-01
4.652098293231552439e-01
5.008474004161139748e-01
4.765105614567533010e-01
5.046337533770192119e-01
5.078568924606936541e-01
5.300541977522881254e-01
4.915148813470642808e-01
4.749848808550455326e-01
4.644920608050032151e-01
4.740680756996050738e-01
4.894769088797252810e-01
5.143559446444270211e-01
5.188576837132725661e-01
4.994391162829208697e-01
4.816049448577913172e-01
5.095732134388807344e-01
5.194016266776705359e-01
5.204558519229731672e-01
4.708162174476276385e-01
4.675572698645307779e-01
4.732371120227407690e-01
3.981865930742581883e-01
5.111235385914668639e-01
4.297010599354392779e-01
5.078474043307482644e-01
4.800354731586188861e-01
4.634890144043901650e-01
4.392018709321016123e-01
4.437040906327958112e-01
4.582924635022476711e-01
4.652921657163158198e-01
4.870247760805543336e-01
4.886109963096216813e-01
4.957118941128868528e-01
5.131789287706861602e-01
5.023287555462083720e-01
4.567667987745875346e-01
4.899509752296422049e-01
5.480585292856415824e-01
5.011109461101346252e-01
5.228773639597359413e-01
5.646666459791227499e-01
5.232696225877843110e-01
5.116892973348632356e-01
4.556284967484476311e-01
4.834698407545189314e-01
5.040557471853897020e-01
5.112739408475227565e-01
4.970748941622215034e-01
4.491835131182687624e-01
4.705928126443715276e-01
4.534970616278513056e-01
5.060555252724344699e-01
4.709363390640374236e-01
4.765310773505024855e-01
4.951459626230457212e-01
5.017068245001171656e-01
4.992368839773525524e-01
5.198487519766912257e-01
5.154332133034298380e-01
4.929274605693101940e-01
4.481682186912787635e-01
4.912129249034923317e-01
4.853918511932409641e-01
4.774731907351482674e-01
4.385300954500123694e-01
4.839558423820277122e-01
4.658539013704931508e-01
4.587047510821660179e-01
4.808544141646712289e-01
4.245807139194207602e-01
4.626581317598314480e-01
4.769682859292603272e-01
5.367315488878000584e-01
4.950307061775303663e-01
4.882852143664354050e-01
5.346246043935704018e-01
5.079862223976028268e-01
5.216103419959967624e-01
4.805069808773257956e-01
5.049097302956456756e-01
5.324933055153641126e-01
5.018276241700442286e-01
4.944714179712285662e-01
4.522257305351197187e-01
4.622852482734327029e-01
5.414809482554011622e-01
5.281331470501616776e-01
5.129084029380456267e-01
5.270703868586886776e-01
5.647362238942731372e-01
5.046530610320231203e-01
5.008752657120310037e-01
5.354681193688323182e-01
4.849754245145312948e-01
4.771354888768525870e-01
4.723520536892260036e-01
4.649702244643799109e-01
4.672967666397723763e-01
5.013326206283796882e-01
4.908443242741489243e-01
5.184006656354427367e-01
4.393316131778675082e-01
4.847127654963480081e-01
4.867003777838977974e-01
4.972701943787784518e-01
5.071158827625692478e-01
4.987802168007501313e-01
4.637746794656469884e-01
5.022780399383107719e-01
5.106499248027122073e-01
5.036756865682898709e-01
5.077375215543683540e-01
5.259624527642315917e-01
4.805928941790890696e-01
4.791879544186368189e-01
4.543272482145326863e-01
5.007119750523069124e-01
4.767277278036859411e-01
5.192596135665632495e-01
5.032292296639525597e-01
4.989897641661962258e-01
4.819745008713521295e-01
4.341383269662534294e-01
4.697857103614685448e-01
4.943788011150893058e-01
5.526813463138199323e-01
5.217529445140970390e-01
5.007627415852211605e-01
5.265342267308792401e-01
5.095358007988596283e-01
5.191133386038213615e-01
5.354472101034518650e-01
5.477610699985845377e-01
5.618723278267813148e-01
5.518867644788789661e-01
5.451624175423580576e-01
5.292354524187096176e-01
5.097597534929815266e-01
5.218564660208142580e-01
5.225191626221684649e-01
4.979016557174452129e-01
5.022672225202472474e-01
4.732681558152709300e-01
4.976909693204918939e-01
4.729817374657737106e-01
5.011145380464042676e-01
5.157703335055018323e-01
5.447390967889593760e-01
5.296738068378405995e-01
4.916459395753284278e-01
5.934710338734116020e-01
4.617394542238850708e-01
5.320415161244113067e-01
5.136296756269156383e-01
5.064131600542950418e-01
5.105050928019576606e-01
4.944287385588188033e-01
5.136353928790676759e-01
5.304261453111631663e-01
5.290222071467285403e-01
5.195028508377986798e-01
5.031319353297998287e-01
5.601524463475646698e-01
5.294295854137137658e-01
5.229261270433769315e-01
4.500819579572423179e-01
4.958059173857184976e-01
5.118068095394947559e-01
4.558966848539817152e-01
4.641172836291479475e-01
4.987520960097641676e-01
5.006627887378746200e-01
4.989098839979417277e-01
5.137009514300433510e-01
4.895680237814801217e-01
5.044950462869361996e-01
4.860607472299945386e-01
4.939642410735037847e-01
4.873886152704923758e-01
4.704799394095544596e-01
5.307926812396369654e-01
4.783602428137389562e-01
5.131685083168282535e-01
5.071300851553312006e-01
4.414254507718581300e-01
4.614545833544849707e-01
4.675347811226282513e-01
4.799319713268364040e-01
4.516289404811173469e-01
5.116213312377705380e-01
4.704695434580763447e-01
5.107970765751573827e-01
4.885960122873510558e-01
5.385499926930668035e-01
5.057228684308952005e-01
5.052110457564188417e-01
4.814628047488905827e-01
5.156462682515811080e-01
5.279534036848192446e-01
4.693008424133534584e-01
4.733191131015563324e-01
5.116229266137085618e-01
5.272476151380522946e-01
5.182486239379588966e-01
5.012178515748508811e-01
4.862975900937661078e-01
5.103113037825389720e-01
4.638163404233824894e-01
5.073208340112606018e-01
4.950376673496878488e-01
4.912019619949102300e-01
4.839898294132084500e-01
4.771765284926661188e-01
5.370194802993977223e-01
5.161852198502127065e-01
4.780970261900407414e-01
5.030105018520975024e-01
4.791131935276807252e-01
4.684770446157681678e-01
5.424519079821901180e-01
5.036542903667037274e-01
4.706914200486163602e-01
4.982702257649507804e-01
5.231162090444626545e-01
4.937219315132123643e-01
5.066334881118176314e-01
5.124891365792154652e-01
4.969672537689443503e-01
5.172690838141946745e-01
4.890956062178223318e-01
4.919778164012867938e-01
4.714210992931613387e-01
5.113141197792497872e-01
5.016384408764025249e-01
4.752603823070451483e-01
5.417039880985707878e-01
5.165318875223801065e-01
5.327971679640546299e-01
5.464804091757278215e-01
4.902020444424245449e-01
5.134895641111177911e-01
5.690552466258490538e-01
5.275142334465833249e-01
5.720396733002781620e-01
5.511549455724900071e-01
5.673318982496781127e-01
5.455111321806086488e-01
5.127541179284811346e-01
5.243160802910492579e-01
5.043935367122802660e-01
4.993176943481387742e-01
5.404750132255509154e-01
5.001960404359782064e-01
4.937377020367063607e-01
5.369927406938436176e-01
4.874551255958423646e-01
5.623909807868781030e-01
5.253457254567629464e-01
4.861944472525903671e-01
5.085765336977686735e-01
5.212559469201709650e-01
4.702569880404684488e-01
4.628248908455473432e-01
4.877592452356135366e-01
5.126949125444552058e-01
4.839265309658011827e-01
4.883764478249652541e-01
4.933972751910205568e-01
4.945391177478937195e-01
5.000807704355842986e-01
4.785049970443951417e-01
5.038106847689407530e-01
5.020916964778961988e-01
5.011203589378451229e-01
5.161284763686934118e-01
4.749645329376543379e-01
5.217192921549801410e-01
4.852681070109137740e-01
5.462055466559928574e-01
4.698356106778549535e-01
5.104810091860002563e-01
4.974352578628146726e-01
5.103151801690204437e-01
5.064931837056119157e-01
4.942985363657088627e-01
5.125414282566471691e-01
5.259429853056550863e-01
4.735771652739118598e-01
4.593154566976077047e-01
4.495347820141553097e-01
4.635960873024361217e-01
4.572102647329174263e-01
4.397655770472677084e-01
5.076471174346851578e-01
5.021682350374548909e-01
5.122797259177327422e-01
5.244606033305794224e-01
4.987055647672419822e-01
5.186093171741767982e-01
5.128427516916521656e-01
5.070870274418166623e-01
5.190614615581599089e-01
4.848399277495228921e-01
5.266599185710829634e-01
5.220041378256291553e-01
4.910724436766641388e-01
5.032507356981031910e-01
5.009662651897909269e-01
5.298914839445824088e-01
5.297712674525885124e-01
5.004192319512710263e-01
5.179573315056401617e-01
5.238674685788566876e-01
5.525208618979584596e-01
4.778394960825341209e-01
5.292300356266645966e-01
5.313739772117036519e-01
5.245611831997906149e-01
4.771396567020642632e-01
5.350540097972629194e-01
4.818029135437287835e-01
4.805284319496496703e-01
5.134513663675841499e-01
4.833723353744890372e-01
4.869576060561215392e-01
5.042847408158189770e-01
4.720357921833572279e-01
4.674969626956344548e-01
4.821129195800883394e-01
4.359451457126624629e-01
4.958389707951905145e-01
4.968099071413455414e-01
5.120188443310916826e-01
4.769951404016461449e-01
4.523132325634307005e-01
4.712130887934410373e-01
4.816989478670315461e-01
5.232589781669231277e-01
4.962274872990171115e-01
5.237621887314354296e-01
5.109018405240106642e-01
5.358853582739570021e-01
5.187359784985823286e-01
4.728600250126537285e-01
4.903575498624231366e-01
4.827596583889328108e-01
4.921478550060323087e-01
5.189393599029444859e-01
4.839176067486452570e-01
4.684924284481414292e-01
5.594077560663925919e-01
4.548299140784576866e-01
4.547554529626744446e-01
4.879437915534838299e-01
5.419048444520336849e-01
5.106013788457324232e-01
4.789541825191391822e-01
4.673931199009943027e-01
4.993754002307768114e-01
4.752302558012236888e-01
4.553668473141844197e-01
5.195362372121661299e-01
5.234588085147959813e-01
5.180159663292192018e-01
4.831005100672424168e-01
5.054361768404275201e-01
4.908762811413467930e-01
5.096196289861424367e-01
5.062065648629642256e-01
4.832466067058585057e-01
4.472333757589489478e-01
4.593063657003959577e-01
5.276582302760738363e-01
4.667801709838069746e-01
4.676765723988253187e-01
4.753395601373336388e-01
4.618647517170359484e-01
4.747910224334341844e-01
4.853004861840591322e-01
4.870355270496860567e-01
4.954132249755420769e-01
4.832331643555284328e-01
4.940246454369149331e-01
5.077588802531629586e-01
5.064900075973526317e-01
4.818780749205570646e-01
4.863506037441376328e-01
4.937610741373954504e-01
5.362806357175130545e-01
5.391541487878035444e-01
5.045983459085218170e-01
4.823240974364280120e-01
4.900867138258485634e-01
4.476699864415864538e-01
4.893285898540388756e-01
4.404821314731535153e-01
4.489401000150275434e-01
4.662054988725975457e-01
4.877949231419091980e-01
4.201714324089752539e-01
4.637386665634911642e-01
4.463734213624532821e-01
5.039931795546718218e-01
4.756075471806853749e-01
4.664181005686748871e-01
4.773911957992471589e-01
4.807698215112654605e-01
4.889353411912467084e-01
4.935295724919019911e-01
4.661942015329091915e-01
4.563870277984301005e-01
4.498554547217761268e-01
5.041835226707994666e-01
5.223587838024001950e-01
4.932843180525611215e-01
4.827329034359718052e-01
5.380248294288267896e-01
4.997888070523207049e-01
5.144194440540692526e-01
4.749843686098963458e-01
4.876610416585214769e-01
5.342469124182240847e-01
5.026673402725141404e-01
4.825175157643492585e-01
5.212732132909410065e-01
5.155310189887744032e-01
4.952742417796310304e-01
5.113806419321912378e-01
5.272184405207587243e-01
5.269230521038006376e-01
5.070386806055934281e-01
4.860832800346903682e-01
4.996870232037426973e-01
4.981314687072453395e-01
5.072318912774668176e-01
5.225714452741201388e-01
5.470127815502940916e-01
4.565121877647512760e-01
4.796024634854086921e-01
4.901613784636036364e-01
5.298809675118386631e-01
5.066332109098868886e-01
5.468544638136474401e-01
5.633687368838737886e-01
5.592488693111905551e-01
4.972013208189405287e-01
5.084246206745618446e-01
4.888415628365302967e-01
5.229042105777151894e-01
4.902111576759879408e-01
4.857324131536924217e-01
4.601201312759607975e-01
5.184011052556030119e-01
4.961653512399233357e-01
4.951319377169209890e-01
4.980085399218158182e-01
5.214848878310098801e-01
4.819821669146677756e-01
5.143314155915416075e-01
4.991253025687240052e-01
5.274610543277093999e-01
5.531917034762136032e-01
4.988330489219879316e-01
4.760350366119420751e-01
4.702506748969067507e-01
5.452965835275656037e-01
4.893264218915711061e-01
5.068975676836625643e-01
4.689121892242172351e-01
5.037877926107366955e-01
5.134215570329374589e-01
5.206129455840468045e-01
5.233692519353289052e-01
5.531444300098823375e-01
5.336613070268616532e-01
5.314302930270623504e-01
5.391305408220732343e-01
5.237548308607227199e-01
4.800274346291813488e-01
4.963695376563865835e-01
5.218867723276667814e-01
4.696708992438756725e-01
5.210488342929051608e-01
5.144205019756573627e-01
5.644460643138274891e-01
4.771933542018337859e-01
4.442236164682484834e-01
4.724476753856773348e-01
4.690927067247901983e-01
5.061966131653370393e-01
4.885115292798726250e-01
5.313779478791526012e-01
5.092080739016884294e-01
5.256882752580892548e-01
5.302272274355357418e-01
5.194824923291122554e-01
5.316523804697895761e-01
5.053261050670548871e-01
5.236035555096129057e-01
4.936309361167467435e-01
5.034811932134481971e-01
4.773782379532719999e-01
4.940083192065000128e-01
4.776245900950472634e-01
5.007241008590336273e-01
5.130440439369000627e-01
4.778191688751627364e-01
4.745777544196282949e-01
4.844158775320190347e-01
4.752485426691697157e-01
5.044612101454462039e-01
4.404294732317370897e-01
4.003446821093809560e-01
4.605584856942561145e-01
4.603854995821476392e-01
5.201076513929366874e-01
5.301013776846206227e-01
5.102902583839624695e-01
5.012550593941897947e-01
5.384408092167518589e-01
5.193807948029656174e-01
4.878277922555614987e-01
5.274057284636108900e-01
4.827938220128690228e-01
4.962581562908112143e-01
4.733381814338842308e-01
5.001103247526478279e-01
4.792904516797221182e-01
4.746089856633775583e-01
5.032372180298673170e-01
5.362463263586463302e-01
4.863955104361551429e-01
5.056604893667625555e-01
5.111061357095588731e-01
4.831466458333983360e-01
4.964918989514385816e-01
4.743017614720652086e-01
5.143976547573079205e-01
4.997848959594134444e-01
5.104978192009578253e-01
4.822069194692150118e-01
5.128798431301343497e-01
5.050210206074163821e-01
5.080307165960253890e-01
4.973831841810497645e-01
5.247795551738112518e-01
4.892490292827088028e-01
4.773601434502274810e-01
4.378393292197758635e-01
4.827612120918020056e-01
5.285258170373638986e-01
5.117232871355176238e-01
4.900059769280454280e-01
4.804006209263564919e-01
4.536687062968093875e-01
4.804265543566189622e-01
4.973033581314656448e-01
4.611183393759467064e-01
4.959791599098534176e-01
4.870963862133296240e-01
5.089978630035439933e-01
4.760933011766804168e-01
4.581201529469537959e-01
5.124378655998984566e-01
5.384327252602622016e-01
5.244056220262597323e-01
5.035251794914180623e-01
5.027053555392362316e-01
4.520938320284654810e-01
4.758972858969335307e-01
4.979971384859467332e-01
5.161781608651720976e-01
5.156742328516554785e-01
5.242218634453832404e-01
4.819279900686467832e-01
4.893357436812054706e-01
5.078380549553344059e-01
5.280766308790419972e-01
4.928690572202426012e-01
5.228454579372533439e-01
4.772238172057434724e-01
5.265357917822166556e-01
5.431123045787011883e-01
5.316843885541668868e-01
5.074254034609708697e-01
4.715312390713585766e-01
4.698354074479032527e-01
4.596173697497162314e-01
4.733807667948009557e-01
4.567502796278527510e-01
5.168229807367635820e-01
4.748813465133343570e-01
4.945803629042158645e-01
4.762879970004766372e-01
4.686571091909977338e-01
4.997294497238882194e-01
4.851998474643413051e-01
4.593722953000077824e-01
4.850892656446000317e-01
4.110947406914927105e-01
4.783892710321763220e-01
4.916939957501985647e-01
4.869178455582058862e-01
4.389476436365974399e-01
4.801372820968571320e-01
4.659988599856202951e-01
4.765493729802773304e-01
4.867986204628208524e-01
4.424337345168976032e-01
4.467753376032983503e-01
4.387698053945712218e-01
4.427549504185641083e-01
4.124237240847544173e-01
4.231350451122030676e-01
4.717712959933580419e-01
5.134304172440291580e-01
4.632206118257420902e-01
4.328230359489204093e-01
4.816561739028620281e-01
4.893838969028573849e-01
4.406887010647564384e-01
4.856270560873117703e-01
5.342710305735872689e-01
5.423449158131266046e-01
4.897507262744480450e-01
5.148162636725100993e-01
5.315853934924705815e-01
5.252267998583484143e-01
4.612435002486468538e-01
4.951681666256260161e-01
4.479978734026952569e-01
4.578427309981018545e-01
4.645951867192801288e-01
4.568176475784009316e-01
4.845826132031841871e-01
4.995295508296183074e-01
5.530333810836502995e-01
4.440506830615484901e-01
4.779752427689758498e-01
5.130541967704276285e-01
4.650833275101297071e-01
4.907944781833055159e-01
4.607218884284196014e-01
4.830066414587442236e-01
5.233030128542873749e-01
4.969499473938565060e-01
5.247023889835915611e-01
5.052518832919363767e-01
5.031052496007020203e-01
5.325765517480272049e-01
5.318279131853650421e-01
4.890900169804647812e-01
4.990828920499249532e-01
5.069800237034065571e-01
5.002109449785716588e-01
4.996235863017566836e-01
4.901863407389130955e-01
5.524279675082255370e-01
4.830127387198912547e-01
4.965185324839280212e-01
5.162160336620027490e-01
5.476887189876642470e-01
4.959892236921812358e-01
5.253875212933601935e-01
5.039075554613231533e-01
4.549199311156268410e-01
4.891031288633275187e-01
5.122028113767448376e-01
5.275322068223471383e-01
5.081214788374780467e-01
5.132928922971762287e-01
4.879218752874910914e-01
5.083572270097377332e-01
4.566801262681001727e-01
4.547330427862423252e-01
4.163976067440266493e-01
4.801529502852998621e-01
4.756245061511021888e-01
5.116697016621217786e-01
4.864981703248576483e-01
5.320837194473986287e-01
5.202966073848971362e-01
5.136086533040915558e-01
4.603966921271049340e-01
4.502596956124580996e-01
5.089217353081804118e-01
5.219313492331599802e-01
5.367411456122307412e-01
5.520996878342883107e-01
5.096741151617139032e-01
5.014606425085555985e-01
5.400006489645919894e-01
4.701977573726189297e-01
4.817944115358573920e-01
5.053149228107072233e-01
5.415624875276161543e-01
5.089104597273147457e-01
5.313243510531306946e-01
5.025891181205274227e-01
4.995267519987771632e-01
4.747211691332557937e-01
4.615985738928336524e-01
4.861766345478728546e-01
4.493473110472765986e-01
4.717673537774390025e-01
4.963134396743412724e-01
5.091921402110846095e-01
5.113646428104874353e-01
5.028025398990920714e-01
5.004980998601704645e-01
4.714482359384318810e-01
5.121941181507223551e-01
5.465704540992580851e-01
4.958503596537028324e-01
5.056087846663480656e-01
4.975038237733737656e-01
5.029823549806257121e-01
5.056640603811999313e-01
4.612438465809813315e-01
5.027390330419264641e-01
5.860714994659277366e-01
4.824591074086536646e-01
5.184329387921944310e-01
5.275682093439078013e-01
4.837158657334277301e-01
5.268156750014804102e-01
4.778501397443596921e-01
5.177881910143589117e-01
5.014909500957298594e-01
4.968598103001152233e-01
5.027187012638978381e-01
5.051458403800493935e-01
5.362321160948453347e-01
4.794973415341057255e-01
5.061028935558160580e-01
4.862831977857657861e-01
4.831225800884647037e-01
5.121697111890299858e-01
4.781938519598924464e-01
5.302905268032845898e-01
5.468045635724047004e-01
5.339653413642432289e-01
5.054619293836544180e-01
5.307610693849927896e-01
4.920228876300447030e-01
5.404841152783153024e-01
5.085959173445956383e-01
4.871460830169213607e-01
5.255832907279919253e-01
4.762483440817169567e-01
5.116977066039707367e-01
4.882069501297391922e-01
5.226106315699960980e-01
5.373970845416811137e-01
5.426301729832520016e-01
5.149711070165569060e-01
4.939982490745145616e-01
5.098539750103481261e-01
5.340279629807698214e-01
5.234417992682086629e-01
5.023369815767589897e-01
4.725226590209168354e-01
5.212983317546213691e-01
4.915016759872209429e-01
5.055667189096786363e-01
4.804836016273066335e-01
4.801503121658622364e-01
5.034510804589888977e-01
4.946806065625393156e-01
4.760963283206244845e-01
5.249353094107784834e-01
4.981871991078364870e-01
4.925229577899614686e-01
5.169201612423957037e-01
4.935337532429433516e-01
5.227440578410440519e-01
5.124449486498300343e-01
5.462469789714675672e-01
5.186742764213849721e-01
5.417531255974219473e-01
4.920727229838963157e-01
4.716629982939021248e-01
5.276031338391025116e-01
5.150611030219746089e-01
5.139415331631166373e-01
4.250675564739558321e-01
5.420036188640495745e-01
4.718856290708969836e-01
4.539555028905323253e-01
5.154494714804218614e-01
5.117062268879719600e-01
5.601680127116680508e-01
4.889463049313836351e-01
5.179602985224892597e-01
5.366420567761533977e-01
5.467245440066142992e-01
4.969634530477552437e-01
4.868676844550222094e-01
5.173451984650278002e-01
5.265764823239088566e-01
4.851413488601422630e-01
4.858261040693661603e-01
4.994316793546724753e-01
4.590900623550172033e-01
4.450575470915373311e-01
4.749272178806787648e-01
5.002508073865709060e-01
4.398530810134261837e-01
4.466385561803750126e-01
4.637923944057516512e-01
5.208301532493128105e-01
4.959490292441646186e-01
5.018682443712136898e-01
4.891393657758539293e-01
4.405120232408553660e-01
5.135260541186875693e-01
5.227981390673457351e-01
4.969740982096417237e-01
5.227339044868836160e-01
5.102581527595339006e-01
4.634385981705534396e-01
4.315391664693772888e-01
4.969977416329210418e-01
5.144600507838282821e-01
4.698454026527351113e-01
4.418270937563594791e-01
4.741488231548324772e-01
4.286043420266253956e-01
4.604628990168369018e-01
4.467559054003441554e-01
4.728822148216369481e-01
4.071601626652983086e-01
4.776215987223497161e-01
4.480063633926479327e-01
4.971829125732706300e-01
5.245035848591597105e-01
4.741899158503322109e-01
4.847824935017961412e-01
5.202379086732991098e-01
5.180104173508895959e-01
5.065755472624732247e-01
4.666791015598623082e-01
4.566550663068568716e-01
4.585521638430906100e-01
4.921058679999738561e-01
5.119103839502012754e-01
4.688456200956760411e-01
4.602075836043901802e-01
5.030491303157682559e-01
5.081916520371576595e-01
5.019445357991908496e-01
4.522381474963637626e-01
4.937138425885807536e-01
4.525493150775553031e-01
4.778512756788130256e-01
4.415803519310276815e-01
5.107446425629653675e-01
4.843829402825580166e-01
4.958817135303208445e-01
5.040791097493353412e-01
4.978590666651072083e-01
4.922278540206003750e-01
4.866346730222261829e-01
5.159854002987479538e-01
4.933247750259260878e-01
4.636542945194429000e-01
5.279845147130677319e-01
4.973861538946232619e-01
5.124145713751619979e-01
4.686548913659227544e-01
4.856415834224137029e-01
4.868506654974381065e-01
5.465471403056778588e-01
4.939928886824281884e-01
5.020395354028728274e-01
4.921491475177983133e-01
4.598348521375614228e-01
4.826285550761693632e-01
4.872946064413256062e-01
5.122285168560503088e-01
4.997299067902911118e-01
5.096456634017301202e-01
5.406581249559728741e-01
5.299281892435490082e-01
5.179431801973625182e-01
5.103859406845124846e-01
4.747419844906936026e-01
4.302576890926459452e-01
4.922010810361651667e-01
5.053276761569276410e-01
4.724003025735154515e-01
4.725497739496563598e-01
4.460944323933776490e-01
4.453469454876623490e-01
5.026811658256133963e-01
4.977801475757674954e-01
5.047984159015342920e-01
4.989781444640699060e-01
4.670895847799299561e-01
4.841935447846406060e-01
5.142773699592385617e-01
5.369458334377287256e-01
5.145254473280498342e-01
4.818590961472766776e-01
5.412961620140510632e-01
5.110971344881650724e-01
5.152401588224453377e-01
5.258979855920814517e-01
5.241701309814820187e-01
5.193191840636751655e-01
4.655035731642700458e-01
4.573809181988930384e-01
4.704992808947664473e-01
4.380079990826012404e-01
4.492628422769204266e-01
4.413467976870525389e-01
4.386406174356479726e-01
4.650786248479671370e-01
5.051670472745150020e-01
5.251680276186407870e-01
4.424473019496790172e-01
4.379469367515363976e-01
4.555918791005212909e-01
4.941151735627337116e-01
4.580783787609545854e-01
4.938111973502620766e-01
4.839386332921299383e-01
4.683137715927612188e-01
4.707149821848526372e-01
5.231582104236063291e-01
5.207925774510001604e-01
4.732782221190973138e-01
5.020710103772374477e-01
4.991343823504268418e-01
4.766453391331460510e-01
5.255041877722059773e-01
5.558206028929620901e-01
5.411588180476518684e-01
5.350826600727006666e-01
5.243417801904219910e-01
5.286550214419971638e-01
5.097234164657241662e-01
5.038343125246214083e-01
4.630445553040507534e-01
5.270826256014907729e-01
5.111078285916624830e-01
5.101797504678921014e-01
4.977789948398224085e-01
4.929142516053263701e-01
4.938458054286025689e-01
5.234176566147450416e-01
4.751326538179346248e-01
4.729784813027868018e-01
5.173056120402093061e-01
5.414628532840005670e-01
4.939001837877063372e-01
4.667327594052945172e-01
4.817483870463146189e-01
3.997811462392322213e-01
4.791143708558806003e-01
4.962534023314866816e-01
4.960739750264386294e-01
5.248221020113625901e-01
4.951252581175091816e-01
5.173860159926711999e-01
4.824659870371144632e-01
5.036933953894116023e-01
5.105778852195188566e-01
4.866479521795942786e-01
5.026287857785024515e-01
4.851091203622401316e-01
4.684110007014052890e-01
4.711773211241577775e-01
4.817958505809171732e-01
5.163934945571655444e-01
5.298602675550834196e-01
5.378283054695274235e-01
5.225965493252779925e-01
4.503819653637449738e-01
5.230332886965919359e-01
5.119533967948286524e-01
4.927060857238285685e-01
5.047258218623429382e-01
5.359654965417542938e-01
5.571136438785505574e-01
4.910921649318342741e-01
4.889794403731413941e-01
5.230560364638913162e-01
4.984038641190562391e-01
5.042289451922112864e-01
5.339715353552401123e-01
4.854264575528067227e-01
4.738132729146862232e-01
4.840105902334427834e-01
4.994654857773536127e-01
5.653407871854376765e-01
5.340075495740657097e-01
5.334650503387268206e-01
5.112019865469994429e-01
5.169608840072024147e-01
4.728157898428997918e-01
4.818481541269097890e-01
4.739744505887145687e-01
5.055776729777582412e-01
4.918980415834851572e-01
4.635793465847951600e-01
4.850055146827098040e-01
5.032403804850188456e-01
5.021877258914126951e-01
5.218363440223658944e-01
5.163658488592536289e-01
5.221110669816358962e-01
5.173892896856444601e-01
4.644575572405820751e-01
5.225160646166829848e-01
5.133441238201371659e-01
4.977542146186920147e-01
4.764928969186989494e-01
4.489664031956836499e-01
4.419631461668415140e-01
4.872154215151127121e-01
4.892988016852934940e-01
4.593481617269171702e-01
4.861314837575971270e-01
5.030148845176511951e-01
4.688822748202110535e-01
4.938484651225374389e-01
4.940815026766246509e-01
4.473409482435449780e-01
4.813489271889773158e-01
4.682662715837381251e-01
5.112336205293032121e-01
5.158298024234513335e-01
5.019286545448864434e-01
5.195122624804379141e-01
4.824959532961882180e-01
4.631768116365697630e-01
5.308063284154199701e-01
5.259595568297905643e-01
4.305005740500076339e-01
4.922251160399997438e-01
5.049098278828642039e-01
5.164786650500727827e-01
4.930892307911902139e-01
4.933174804977729644e-01
4.696174430710585157e-01
5.197181937489030457e-01
4.835615171193905493e-01
5.035686178941894964e-01
4.986094667617324006e-01
4.705542521751600593e-01
5.293271686468674631e-01
5.271268412394585212e-01
4.905604362729895085e-01
5.096253982880034616e-01
4.677102566143990781e-01
5.006946020196568758e-01
4.870094867618859347e-01
5.217435205235081419e-01
5.284561185450326048e-01
5.118303207936942822e-01
5.017482353196778266e-01
5.136548033618446585e-01
5.007045253559865294e-01
5.051920488784336083e-01
5.255469013302572767e-01
4.678977826036720966e-01
4.661023132174795247e-01
4.595960539361829689e-01
4.729701759467024313e-01
4.628372313903966195e-01
4.732038809024046722e-01
4.707378071231951844e-01
4.426188880082772559e-01
4.577015751818745426e-01
4.686478198042985377e-01
5.476565053684339102e-01
4.781002364050351283e-01
4.754832406525589805e-01
4.798084296196227228e-01
4.515320337594692646e-01
4.565141396339317259e-01
5.168224149888460683e-01
5.098767363366782934e-01
5.313552690181657656e-01
4.623518316995459121e-01
4.863200045956552753e-01
4.447140998712219573e-01
5.087337055364763438e-01
5.499554313661667582e-01
5.086794211971490398e-01
5.345518397087245521e-01
4.902970322428628625e-01
4.906628695054915945e-01
4.749598982384581336e-01
4.872377164499384072e-01
5.029030880944215243e-01
5.064939292918764213e-01
5.038272442617744984e-01
5.305808379665065688e-01
4.726843884132626017e-01
4.919279899901731201e-01
3.819925168908607782e-01
4.574659316426475386e-01
4.554283909008375320e-01
4.439213788017767337e-01
4.667753151874397544e-01
4.304420215615145651e-01
5.163735685242020201e-01
4.867860735673503192e-01
4.626498455121350051e-01
5.203695511583139588e-01
5.078631728181254301e-01
4.939721087823912837e-01
5.166198357405884511e-01
5.030898951906485062e-01
4.922220355431775607e-01
4.924870955863892008e-01
5.316211790228607681e-01
5.499945666577760184e-01
5.324327783173781192e-01
4.707682499484701633e-01
5.215827621414502735e-01
5.032951085508952094e-01
4.481441397945195027e-01
4.846196321908365912e-01
5.461335284567394588e-01
5.016546743591444590e-01
5.142768276847797804e-01
5.100515860312397898e-01
5.313925124665026534e-01
5.236207301125894720e-01
5.263127822409925383e-01
5.185413474670280687e-01
4.970623744999433935e-01
5.300572804086998158e-01
5.220124481207197853e-01
4.991038576765472468e-01
4.975811883233895450e-01
5.214100668769895419e-01
5.035100382365558236e-01
4.904423355012768049e-01
4.673563772811444861e-01
4.702459738459456307e-01
4.900489633826751179e-01
5.160308374150003319e-01
4.846798336772731863e-01
4.935279044396004844e-01
5.119397318745649850e-01
5.019611792274684126e-01
4.857851130365736236e-01
5.073830206542070398e-01
5.068441348475580810e-01
4.904254287682658919e-01
4.668595452911675769e-01
4.631071265447844199e-01
4.373994347177321274e-01
4.766123080070647222e-01
4.676073621161040972e-01
4.886557161689883966e-01
4.845573039589226583e-01
4.998379357773745646e-01
4.934433721441982557e-01
4.590961886537848757e-01
4.290841753916004864e-01
4.457569540407478881e-01
4.859592281561298521e-01
4.814834706768079120e-01
4.856725672109790115e-01
4.595122032207896168e-01
4.632548567553510521e-01
4.938313158787864809e-01
4.994845851320516839e-01
4.395734437567388464e-01
4.741596888111387909e-01
4.955717829571279487e-01
4.610455286117952634e-01
4.794876201516474756e-01
4.932245142295315077e-01
4.900180348526957941e-01
4.593190552137174087e-01
4.694161534206098829e-01
4.932528784954305912e-01
4.682246365384984954e-01
4.494501250828635275e-01
4.747031981006102908e-01
4.908902508463753867e-01
4.994818672887058608e-01
5.318653694506187968e-01
4.570655957239916356e-01
4.506628112986364454e-01
5.022845939509045232e-01
5.036062693868872397e-01
5.043600234277354488e-01
4.540424113108543214e-01
4.410928446649278190e-01
4.666142885883559632e-01
4.813681428800393736e-01
5.045827434980564297e-01
5.436715735849848574e-01
5.149849792609805244e-01
4.540071913315514851e-01
4.776498764880992010e-01
4.924542711789500204e-01
5.157677117082585250e-01
4.389768394024566867e-01
4.905950561070948068e-01
4.674198480149207580e-01
5.072786788009719938e-01
4.678298039904003058e-01
4.865077487933606171e-01
5.162339348803038908e-01
5.252977739620464659e-01
5.040260352469821958e-01
5.235352732786566765e-01
4.960151219715351889e-01
4.604278431525564708e-01
4.936926717743259641e-01
4.379902546100414851e-01
4.443897883557145212e-01
4.846518213877812342e-01
4.897180555705656912e-01
5.144331071491100582e-01
4.910434383006894721e-01
4.371317295902625299e-01
4.751287185805810886e-01
4.581121638739268365e-01
4.767782329460592550e-01
5.048872898064895587e-01
4.509329553732073226e-01
4.535600455015188492e-01
5.000784005550930056e-01
5.045415947803496559e-01
4.609218690783446482e-01
4.855173196920026246e-01
5.200059786343841362e-01
5.397314104898260911e-01
5.367665677222858145e-01
4.881891676996065188e-01
4.476741328195580905e-01
4.768807539166705634e-01
4.567329258834333938e-01
5.054020305272384217e-01
5.182386213991617696e-01
5.155326345073324434e-01
5.774616484082617518e-01
4.782219290529657885e-01
4.845408029901068225e-01
5.034412089068053264e-01
4.538144918620399260e-01
4.540046555871170564e-01
4.871844584901087183e-01
5.103799364033949626e-01
4.819695259870310777e-01
4.896266336594103374e-01
5.176552188969221202e-01
4.783667539134850433e-01
4.833950603310800953e-01
4.314104916626192998e-01
4.594588530048539510e-01
4.380761597648025196e-01
4.373312449012175529e-01
4.315590216932133627e-01
4.856167261428185333e-01
4.316483060205505429e-01
4.597166895150945343e-01
4.308922445119505729e-01
4.064109451832760289e-01
4.981919097166375154e-01
5.525376124996546068e-01
5.009071681396382036e-01
4.645921697612714896e-01
4.384039837116924243e-01
4.844587628660864675e-01
5.066551947891390073e-01
4.936650181940127613e-01
4.737904807570255672e-01
4.802453687755794953e-01
4.875516001289967871e-01
5.247952859226853173e-01
5.194266395779827405e-01
5.215073987846735593e-01
4.882124086265789420e-01
5.009043616056878534e-01
5.068678377990858408e-01
4.598670280781632091e-01
4.704940850642909678e-01
4.343479725905194933e-01
4.949103511958857782e-01
4.532410051558953268e-01
4.522869767136805663e-01
4.585600699659653778e-01
4.811505291347599189e-01
4.729730895519276279e-01
4.942525086633323683e-01
4.780334202386574138e-01
4.779947441135710129e-01
4.455231833095701366e-01
5.027089569250441370e-01
4.826084595209804151e-01
4.723375170383350419e-01
4.675999208488605396e-01
4.755050542245101153e-01
5.251717589860211977e-01
5.270415874142870827e-01
4.998043783376271976e-01
4.744445309171479441e-01
5.151546798836299512e-01
5.248341216188771030e-01
5.261765940182041579e-01
4.904160084205159142e-01
5.233390721739837881e-01
5.148292924893229650e-01
5.148523972652514491e-01
5.180246817966549511e-01
4.200647469751847551e-01
4.651702555324082056e-01
4.213546029059534459e-01
5.112833132340394160e-01
4.950477547019107027e-01
5.214312401809124697e-01
5.046497627207225944e-01
5.238926289757165344e-01
4.504343815186904743e-01
4.831118930063844075e-01
4.830810585655340716e-01
4.681987925006476092e-01
4.894337332601317869e-01
4.586399103611160655e-01
4.657087199213252870e-01
4.775672924710648304e-01
4.671424208934796263e-01
5.108140572044584937e-01
4.690544693284218192e-01
4.980360915018077761e-01
4.888153188705174901e-01
5.184810317431882698e-01
4.769807440093142836e-01
5.300429972358845498e-01
5.098226011567229543e-01
5.304827868691927018e-01
4.955801390164732978e-01
4.759412930817585874e-01
4.958907105868340381e-01
5.101003870849052380e-01
4.719127450522402345e-01
4.732380720019883080e-01
5.011163247085972383e-01
5.444524847330510786e-01
5.149016438643890803e-01
4.939419036546831010e-01
4.907729877095193260e-01
5.144690952967130304e-01
5.183757519666445379e-01
5.007717182666877598e-01
4.926241621266086446e-01
4.733677854034602506e-01
5.104377328901094080e-01
4.884333114728925396e-01
4.981515059869811024e-01
5.116224313612102170e-01
5.115659825226186452e-01
4.551712785015243345e-01
4.443499581825031686e-01
4.856428957800050794e-01
4.489904027995233471e-01
4.689388740711202264e-01
5.061444420394098920e-01
4.994641898894817689e-01
4.853741535946729524e-01
4.946723798383024784e-01
4.908952301376970917e-01
4.844346877352369019e-01
4.837757688134658451e-01
5.200785249181762993e-01
5.087195682882700298e-01
5.072311885727718295e-01
5.272928107233909589e-01
5.300649417529652574e-01
4.995168404349113467e-01
5.192723750049917930e-01
5.256373421957176717e-01
5.542918846272091304e-01
5.531088673629404040e-01
4.997562913571468868e-01
4.676193905390708672e-01
4.799529224929421356e-01
5.217085898059193871e-01
5.372280889519487346e-01
4.946778101517252391e-01
4.999058904250597291e-01
5.152799103813172632e-01
4.623380687017473178e-01
5.026838971137835843e-01
4.987287863940687016e-01
4.949015599045461511e-01
5.065265249398932523e-01
4.820580341235957134e-01
5.295720470761439147e-01
5.287108563919407089e-01
5.045651807669593314e-01
4.743227822653441894e-01
4.606510048563204895e-01
4.955916836847654716e-01
5.330224841052136897e-01
4.646227263675435371e-01
5.345353891993643858e-01
4.849022340461628944e-01
4.855201862364178500e-01
4.906771841276575397e-01
4.634814977436531036e-01
5.276391303818752654e-01
5.067663370599425621e-01
4.883498426932288417e-01
4.686790140904103508e-01
4.954142738691645342e-01
5.019589209174170064e-01
4.954008499092601991e-01
4.552207254170834716e-01
5.336951707423093216e-01
5.074558836326472644e-01
4.624516351248119106e-01
4.991517029738758437e-01
4.867745125167076137e-01
5.004958089656370568e-01
4.579698955010359507e-01
4.578688905329890702e-01
4.714194879431028995e-01
4.816014444369821623e-01
4.756452753656903454e-01
4.339862529505681410e-01
4.527031425681568022e-01
4.747486405111753793e-01
4.199744697689543615e-01
4.641819505487426722e-01
4.501978174960044599e-01
4.593113840099872780e-01
4.657332715795364786e-01
5.010812840465845852e-01
4.610808057356690637e-01
4.494997567573161268e-01
4.988870179305793795e-01
4.717385240146313441e-01
4.954341876528611244e-01
4.565834401050434810e-01
4.360668217220167175e-01
5.117608010713338151e-01
4.482931612470119065e-01
4.256745672337520769e-01
4.627687300281035920e-01
4.362485445855890376e-01
4.531006841904479110e-01
5.030818445858473709e-01
4.608898785508320772e-01
4.900046160898310910e-01
4.828594265205966019e-01
4.617050868473583369e-01
4.691275572755351786e-01
4.478435730838264406e-01
5.065298563167481838e-01
4.392998776135176309e-01
4.503773282498551023e-01
4.803833175275907252e-01
4.625531107904386485e-01
4.320406371847127502e-01
4.880401827594293418e-01
4.791234215538493491e-01
4.779347823992894928e-01
4.505342646497972892e-01
4.583304259917757029e-01
5.135924176880587444e-01
4.631700132689091087e-01
5.011932530774023675e-01
5.208113887530931851e-01
5.470610924306271716e-01
4.929006739105119550e-01
5.242325603580628712e-01
4.967030814904126457e-01
4.691142881023148137e-01
5.265817906245899849e-01
4.361788440816417589e-01
5.240503082347494068e-01
4.502304274965406305e-01
5.114436048299825233e-01
5.613030980462969666e-01
5.387314207224838114e-01
4.724251466786872355e-01
5.111398175529943133e-01
5.190116837283338391e-01
4.985790714501865395e-01
4.679877523075000600e-01
4.986617855937179322e-01
5.209823948696117313e-01
4.997218954427467552e-01
4.872854856748022878e-01
4.737599950482301314e-01
5.072298306989598826e-01
4.888183308975183605e-01
5.133754142556329336e-01
4.741629086274079530e-01
5.304296192747559591e-01
5.169744532089521893e-01
4.919113674647125345e-01
4.928728127745725662e-01
4.684097939921099685e-01
4.944126754971426285e-01
4.971604379741439428e-01
4.795123747235335299e-01
5.165870980646182220e-01
5.314688273635354010e-01
4.949782110469809759e-01
5.210343092965782352e-01
5.140828038438343128e-01
5.010201577188843070e-01
4.850663867829745346e-01
5.250662472842587691e-01
4.904980020175191413e-01
5.057760379327963518e-01
4.602522261007414572e-01
4.728798561286542967e-01
4.280979417930070863e-01
5.070429964190185101e-01
4.808771953471550620e-01
4.724116139038890827e-01
4.751273420436168959e-01
4.893925780445254059e-01
4.932309306314325847e-01
4.928318295593954179e-01
4.684963413400645704e-01
4.765962372563446459e-01
4.995967510541836631e-01
4.820258581155359989e-01
5.047482344961008449e-01
5.022505194011667173e-01
4.799008007444172108e-01
4.644001358434384219e-01
4.923562354834894461e-01
5.231627516412724610e-01
5.143311873658800160e-01
4.850245104664676066e-01
4.929618913227023502e-01
4.617862283785402200e-01
4.570922965509606195e-01
4.568562204819491268e-01
5.198094426801669332e-01
5.234539642373218227e-01
4.901085511234772318e-01
4.692366185376808385e-01
4.917465337865398745e-01
4.902137509970238005e-01
5.017141819995161178e-01
4.738464656065089486e-01
4.959254898706551007e-01
4.766146470948297020e-01
5.237963894992495595e-01
4.848620307576279043e-01
4.488973571075484670e-01
5.602911479295857866e-01
5.236699673811492373e-01
4.924942109552847835e-01
5.078856012112951124e-01
4.945886349930145864e-01
4.923506822009772743e-01
4.922519017332977476e-01
4.981647867852280753e-01
4.441931384159937823e-01
4.814825636338806447e-01
4.716589924419237190e-01
4.783011323043976359e-01
4.857630364534193945e-01
5.090588475579440608e-01
4.607102004313173294e-01
5.157954778658014883e-01
5.074411466691698402e-01
4.830043804572156652e-01
4.946384321075888435e-01
4.853035555112056310e-01
5.082974795362946718e-01
4.624377823152984179e-01
5.243756981073384171e-01
5.556366124251733707e-01
5.051460031823798991e-01
4.889536673260589938e-01
5.335446569319418630e-01
5.259099556854056612e-01
4.624066336674644839e-01
5.147125321767758166e-01
4.864647020718492754e-01
5.263402804283509040e-01
4.791149763056510302e-01
5.003694467842257909e-01
4.982121378768683551e-01
4.828478095401709802e-01
4.317634815120072744e-01
5.650078633693178531e-01
4.724304471396954530e-01
4.539615571100271141e-01
4.580591571000899309e-01
4.768779569273948749e-01
4.475847923286647156e-01
4.568535883198734382e-01
5.181832748973792535e-01
4.799412730573084929e-01
5.054075266131862199e-01
5.321788413213299762e-01
5.357972630717281470e-01
4.877828805395828526e-01
5.454646248545161891e-01
5.050718419069155640e-01
5.151527186560850291e-01
4.899151388553695252e-01
5.033279262061746140e-01
4.877178375020462253e-01
5.220590735520336256e-01
5.260367496596842773e-01
5.082938959648941601e-01
4.924746353212698935e-01
5.355562334427661497e-01
5.302917657886569991e-01
4.927636444660145609e-01
4.973002201356124807e-01
5.111419010416720088e-01
5.176133080260453267e-01
5.098975063397672702e-01
5.419837844203850841e-01
4.901530915177038650e-01
4.933890876212444487e-01
5.331068543692023542e-01
4.825402032069931457e-01
4.902506122751198459e-01
5.504292252813419717e-01
5.221655607255603071e-01
5.048913371274884598e-01
5.335498560267910584e-01
5.093879517456834094e-01
4.952600435214676855e-01
4.689783868019241075e-01
4.800082219629954183e-01
4.161416433903319390e-01
4.171745294561316486e-01
4.847662856988061431e-01
4.540103732394373259e-01
4.850139060522460355e-01
4.630607336258067974e-01
4.193559950565873273e-01
4.504629032896305119e-01
4.549743398113132442e-01
4.523758340169600767e-01
5.108756896076043219e-01
4.739656439408451716e-01
4.459094527637866290e-01
4.477598263129603517e-01
4.603932114897076322e-01
4.731117034887248884e-01
5.027621938900639353e-01
4.321105908034366117e-01
5.056046998645554735e-01
4.837947076554400261e-01
5.003735938703205433e-01
5.021570937769831433e-01
4.778584003985225093e-01
4.944591610894038536e-01
5.422432468454259080e-01
5.209702319084655864e-01
4.773686127211800856e-01
4.713013100366739150e-01
5.527069415951243458e-01
4.527446609299194402e-01
4.830233597652577870e-01
5.580921452285667606e-01
5.945235919519084034e-01
5.069174037691265289e-01
5.169882992398174837e-01
5.165964854510444182e-01
4.883987625285227119e-01
4.532242583423880533e-01
4.528056320263319501e-01
4.918639875368763792e-01
4.120375351279561560e-01
4.740591965739004432e-01
4.704827953713595079e-01
4.675763128788147371e-01
4.629355294687099720e-01
4.976270369675672156e-01
4.432949314771009730e-01
4.695731825633360779e-01
5.298105082012772860e-01
4.587789085030291591e-01
4.892630164679586113e-01
5.359094044062230333e-01
5.270929247141135088e-01
4.823954231919874713e-01
5.446386248739907288e-01
4.759358544986933559e-01
5.234167407408985007e-01
5.698398335589713870e-01
5.303581860635464551e-01
5.428973480035610422e-01
4.672370809387735857e-01
4.965612368219287087e-01
4.923775949807678853e-01
4.778352784381283969e-01
5.124864676036131605e-01
4.933741591155800799e-01
5.103071951981118515e-01
4.945930952810939640e-01
5.219487346722472276e-01
5.120216267388143505e-01
5.009057776829586306e-01
5.086764911139206591e-01
4.758332876871754769e-01
4.778611721935159817e-01
5.309155246996792865e-01
5.208217520077244034e-01
4.609819256283867461e-01
4.809908302949218450e-01
4.955995463367570686e-01
4.781393341125391716e-01
5.051126522266220498e-01
4.891191089809853731e-01
4.728502652218969926e-01
5.063789937931664209e-01
5.042775081466966958e-01
4.961266695045152830e-01
4.896163654424820488e-01
4.836440294070707413e-01
4.645361395256931702e-01
5.316789683592615390e-01
4.982542949595937798e-01
5.121106865870109770e-01
4.568536435380148863e-01
4.898358143611518667e-01
5.389923300070202927e-01
5.563015172216017046e-01
5.291605169643134321e-01
4.983374295951671917e-01
5.212165833682289584e-01
4.783634466313685385e-01
4.979120339956225605e-01
4.650053840929568860e-01
5.172840796878703795e-01
4.692375753178710251e-01
5.658471623992563648e-01
4.920226251122822303e-01
5.088690219004822213e-01
5.277971733235151675e-01
5.089526608232457505e-01
5.463470923715896266e-01
5.254893401597626745e-01
5.207561512449425667e-01
4.772224048757475190e-01
5.243088233270642995e-01
5.466328343599378137e-01
4.953404125503671485e-01
4.822075831205395180e-01
4.918899805054200436e-01
4.692283164833870313e-01
5.179402117993048282e-01
5.461882141243999955e-01
5.721382231101566074e-01
5.102728088370184212e-01
4.887339658522504848e-01
5.150977026724405938e-01
5.006975122593189109e-01
5.269566779280016044e-01
4.728962992100477214e-01
4.997469864161914743e-01
5.209576354197501535e-01
5.061653984417928687e-01
5.013915556900472303e-01
4.425984848669944349e-01
4.970501899107570010e-01
5.213882244627194851e-01
5.520229133312344327e-01
4.878772641533338783e-01
5.348416123639061492e-01
5.318366601152599848e-01
5.264687077317673491e-01
4.663995917598964813e-01
5.266940607504694283e-01
4.538948748716591930e-01
4.792949625904029953e-01
4.454561243346459865e-01
4.668702277647450716e-01
4.757522613936422395e-01
4.536289832916041154e-01
4.835837271639021884e-01
5.208543104940618340e-01
4.680031721700931291e-01
4.643346141732158650e-01
4.964142055014897914e-01
4.520047880776812965e-01
5.063211277217705142e-01
4.486961558994748689e-01
4.782452577093463386e-01
5.171979038029610454e-01
4.857894361264853966e-01
4.829330623959424140e-01
4.721108403408671994e-01
4.865222963856117300e-01
5.045857035598331208e-01
4.899133857212965015e-01
4.690175189397500222e-01
4.843272531314727347e-01
4.983445861406222144e-01
4.838285852288921052e-01
5.016135050402867890e-01
5.066796035446292645e-01
5.249502760831642467e-01
5.130002982104348019e-01
4.757553895135162580e-01
4.833647273046723924e-01
5.279496044394980103e-01
5.140102607637113685e-01
5.387026957493650237e-01
4.705790345120496876e-01
5.225227130985077295e-01
5.239108166267659739e-01
4.612953743238604742e-01
4.931785107595665907e-01
4.507836791918199970e-01
5.214866436060481281e-01
5.017857169466944933e-01
4.916261102441792930e-01
4.784642037197099906e-01
4.679691426091404094e-01
4.752874072784549209e-01
4.941830601502795184e-01
5.549943881872628770e-01
5.216556145640527387e-01
4.997589470566071723e-01
4.927649610454486462e-01
4.334349228087797656e-01
4.423883407852166605e-01
4.705299916856700015e-01
4.979228121191189849e-01
5.104833213764848887e-01
5.255898232516996726e-01
4.668463390313972727e-01
4.517350127660664794e-01
5.431332338825864969e-01
5.518817414036285562e-01
5.196845371063992802e-01
4.883199578798241292e-01
4.072398783473059614e-01
5.172574168460675192e-01
5.190163461785878285e-01
5.248627061590438458e-01
4.840098710378294422e-01
5.312818786914955682e-01
5.807333587541338993e-01
5.259804304682174081e-01
5.353490284358314311e-01
4.753001148053760949e-01
4.806866391516336212e-01
5.105339224970888434e-01
4.913298539164062118e-01
4.760501844573077901e-01
4.943465022172656709e-01
4.850299157463514588e-01
4.996741651628734959e-01
4.876507695130811726e-01
4.772849809223743689e-01
4.715301768149807726e-01
4.420355191505973003e-01
4.767553238373800073e-01
4.520300885861485152e-01
4.819165371474136150e-01
4.967890218911088507e-01
5.154823021218898349e-01
4.877146009083686007e-01
5.189688089022053141e-01
5.137193042188190617e-01
5.177968965570347581e-01
5.435886731742440858e-01
5.319338500222466903e-01
5.108329551075618813e-01
5.022493054128400747e-01
4.859294901267330324e-01
5.282927411371729498e-01
4.952257758140240496e-01
5.073864459558151685e-01
5.411284692335038837e-01
5.338149395886448989e-01
4.877392376573262966e-01
4.314535434195233554e-01
4.867803514286925259e-01
5.018744527568259617e-01
4.565852022289092482e-01
5.113922032398605655e-01
5.227478208135094562e-01
4.820033973252899617e-01
5.459715833634881665e-01
5.159805689297337628e-01
5.130166031187523012e-01
5.118051659471244408e-01
4.902362412383333701e-01
5.111619501717966640e-01
5.075409721956146702e-01
4.516530614786384845e-01
4.669072702194436708e-01
5.022467947341616723e-01
4.945853521105956774e-01
4.703715577219995669e-01
4.828717969595099913e-01
5.305928391950494039e-01
5.103387906585662437e-01
4.821225430432274917e-01
4.811663410909650107e-01
5.160743035078371177e-01
5.298288587917792114e-01
4.768394863701529429e-01
5.571854336513467620e-01
5.141311229006674255e-01
4.816817974789159296e-01
4.912403414168837190e-01
5.313386140737266228e-01
4.603908617585243945e-01
4.572354717998901585e-01
4.710675436629521706e-01
4.926329562189967759e-01
5.013573014033002595e-01
4.620857907600222636e-01
4.918035021126697659e-01
4.892750776121220224e-01
5.308181798098676740e-01
4.841717332141033392e-01
5.413894687843637810e-01
5.100852893876253180e-01
5.091477839162598107e-01
4.816939011753477162e-01
4.763875724257191635e-01
4.844134199368099747e-01
4.704779453449314253e-01
4.653716385184509807e-01
4.446118000807043891e-01
4.258316524069621911e-01
5.044024450641645396e-01
4.988763934308254600e-01
4.671730937702617825e-01
5.041077828525196702e-01
5.202196732603134866e-01
4.732910998584912710e-01
5.262929747174612816e-01
5.219042098214967673e-01
4.831942983038799988e-01
4.914946465392868169e-01
4.742505808859658334e-01
4.984728570866025499e-01
5.147701871734050583e-01
4.770341072288254436e-01
4.893613482659017189e-01
5.143737557889741518e-01
4.672424412602995125e-01
4.706814159836768541e-01
4.946923664084590389e-01
4.260216237945070872e-01
5.166309504955240994e-01
4.820344710016024048e-01
5.152913547985270570e-01
5.019464633455176239e-01
5.009189873889777767e-01
4.608276649508252221e-01
4.793872466908107866e-01
5.260256798296552017e-01
5.180086314253945501e-01
5.000550013051048293e-01
5.177000674445713102e-01
4.974818663873519231e-01
5.370454255069289085e-01
5.425971587318274558e-01
4.623689668897736360e-01
5.085914749822723069e-01
5.044273359075601704e-01
4.720707023557871307e-01
5.047718666488806294e-01
5.104924554113144941e-01
4.922599932874188178e-01
4.876400721116412318e-01
5.210522356571314351e-01
4.986613962259658361e-01
5.312667483974802263e-01
4.719853073847739000e-01
4.955733794046222052e-01
5.153556207573974923e-01
4.827418686256962910e-01
4.780232680421093172e-01
5.088216524580558842e-01
4.915811622874652342e-01
5.102181824366831542e-01
4.295598485891954921e-01
4.485785905232541060e-01
4.817080363202513316e-01
4.746353654882345952e-01
4.983018890763182274e-01
4.748589049972938847e-01
5.194898809213701618e-01
5.278407341977588985e-01
4.797801859108222766e-01
5.088977570588882893e-01
4.760108302990576634e-01
4.974363448978882385e-01
5.256626772587753571e-01
4.745191971227954442e-01
4.609375849729146490e-01
5.042005430802302124e-01
4.519836020434685464e-01
4.808846910627204707e-01
4.659624477405984733e-01
5.011144584003623947e-01
4.616630075171167524e-01
4.137914777639536412e-01
4.554562664307851283e-01
4.758555846717809068e-01
4.622493507220493125e-01
4.307362934818370626e-01
4.684894843411315790e-01
4.857575368294418938e-01
4.224497633508361716e-01
4.404944197810348183e-01
4.503710694558750172e-01
4.812916275465899951e-01
4.851050340795040605e-01
4.159247038116628548e-01
4.194064043919173979e-01
4.583513277726510848e-01
4.640737954205202409e-01
4.779627893124711036e-01
5.117039913631438175e-01
4.908719391177960301e-01
4.901945965038044806e-01
4.696200290604015670e-01
4.642494873617858397e-01
5.004754233349996140e-01
4.928572623629423055e-01
4.510637658126995797e-01
5.046336516591948262e-01
5.269655065328140431e-01
5.061615563304051602e-01
5.010949486299898226e-01
4.785294462533967175e-01
5.158573450247715408e-01
4.804408975018343853e-01
4.860047577823340959e-01
5.281849448139980252e-01
4.642537939065123354e-01
4.844742381288117405e-01
5.018481885290291267e-01
4.592127726455089154e-01
4.580565014205763008e-01
4.745619073263122045e-01
4.751673760653939427e-01
4.602134511621931434e-01
5.036357356380244399e-01
5.386032376795952814e-01
4.651230418058027727e-01
4.541316707046768042e-01
4.487256115077409291e-01
4.696696009617747358e-01
4.368719040142130527e-01
4.992483088098722543e-01
4.995801431437930096e-01
5.143684230430474180e-01
4.921155292177081808e-01
4.825267709801105975e-01
5.024118466032904129e-01
4.600967355605080633e-01
4.821116260585613933e-01
5.186399829611552104e-01
4.912908170760212911e-01
5.199959485303784490e-01
5.075713548892764049e-01
4.667313188016743997e-01
4.862795612031682313e-01
4.894672061179700662e-01
4.748901985990365282e-01
4.909897027678301051e-01
5.152728360302991639e-01
4.792434142883047477e-01
4.866855604407619995e-01
4.418091683256772928e-01
4.723909965934117716e-01
4.767345844560234580e-01
5.145045855198623341e-01
5.001833676306340903e-01
5.080561269144213687e-01
4.735015257635551977e-01
4.984119961252179709e-01
5.280080528991972777e-01
5.076482848128348602e-01
5.214744299430927876e-01
4.860635821974626514e-01
5.323631693274017973e-01
4.605545622157512509e-01
4.868458962735475737e-01
4.745738779409510166e-01
5.148170777128636688e-01
5.109102889607283204e-01
5.239709251594075745e-01
5.367761609308794313e-01
5.027985624453248370e-01
5.012314713540566569e-01
5.348466939118841079e-01
4.782129635268926870e-01
4.726901603243147676e-01
5.290024786125671064e-01
5.469554522931561191e-01
4.923296866650917480e-01
5.381821005883867803e-01
4.950601384519986436e-01
4.822319015997579839e-01
4.860231817734198545e-01
4.567223793157446088e-01
4.831819146405054166e-01
4.927181581693866330e-01
4.464479972517428896e-01
4.631211954936944042e-01
4.332076924483476144e-01
4.673119767071302055e-01
5.676608864815146926e-01
4.877573529616615611e-01
4.814167678031623931e-01
4.639415067934644643e-01
4.772533318724334062e-01
5.168954378660237658e-01
4.659952904913671756e-01
4.798579941323999343e-01
5.257653465898599610e-01
5.312717043407330086e-01
5.055759628878505607e-01
4.848300693201683664e-01
4.861787535196652188e-01
4.837775951288969534e-01
4.799030767212026372e-01
4.328196405709174299e-01
4.855088067383041550e-01
5.373669424087909041e-01
5.425872865294021352e-01
4.942612527895688390e-01
4.436013009803062568e-01
4.923949109903766885e-01
5.233225793393796454e-01
4.645794792343613255e-01
4.871888794595712335e-01
4.706108002779864630e-01
4.789200034821451957e-01
4.956879623908546639e-01
5.267851651048719441e-01
4.939337077544755927e-01
4.833067546391380254e-01
4.845617046923780258e-01
4.620051180402552915e-01
5.368123544894979338e-01
4.895192933994989004e-01
4.743201922179676178e-01
4.409399209966012867e-01
4.332113956106968811e-01
5.044774823336460878e-01
4.802179764093730263e-01
4.349743100509019800e-01
4.479039856564765443e-01
4.797421659824814832e-01
4.354438707342244141e-01
4.818857168635827803e-01
5.132653681690140246e-01
4.818210099836678362e-01
4.626166795910331975e-01
5.048872032689417644e-01
4.329938815577425437e-01
4.896986217110771977e-01
4.814460443439598780e-01
4.395499643362957287e-01
5.044798216424195569e-01
5.321570855487035567e-01
5.110591379891884500e-01
4.966532795066515571e-01
5.044865087079386523e-01
4.586888914037237086e-01
4.993667877055901205e-01
4.840182101217153088e-01
5.711124330436628815e-01
5.459658734731825946e-01
4.760731332581385478e-01
4.669589907762801140e-01
4.919840711082791862e-01
4.384403032283331059e-01
4.967730153627716305e-01
5.119594938915045246e-01
4.772821779578934609e-01
5.381873860128073561e-01
4.964515036319678276e-01
5.210255056228130233e-01
4.913897863465803151e-01
5.284029897306979917e-01
4.649485366205561299e-01
5.139339789503341027e-01
5.124890724267490150e-01
5.139474360177821444e-01
5.215839668772919158e-01
4.702516338945812446e-01
4.857060765413805936e-01
4.814398586393843771e-01
4.886538643578699492e-01
5.232240219311105056e-01
5.038425579123525511e-01
5.557459219761806679e-01
5.068000411082689283e-01
4.862528467161325585e-01
5.350439545430496491e-01
4.450898049646449528e-01
5.140094142284502565e-01
5.221893766566532147e-01
4.781463132076536615e-01
5.287011460952859565e-01
4.861960254640255719e-01
5.222330183884641430e-01
5.029588510560895065e-01
5.254206883892229563e-01
4.898583774982028793e-01
5.296909369542049939e-01
4.666393300436946778e-01
4.795932544295667954e-01
5.085871885765470557e-01
5.107236494119394843e-01
5.226739092205470172e-01
5.123872111365197490e-01
5.617180315620875497e-01
4.897489286994314850e-01
5.076983742038789771e-01
5.125194481333165131e-01
5.085741167396882201e-01
5.001486095999460035e-01
4.799351565127848995e-01
4.712502876789902428e-01
4.803057756137021350e-01
4.972869247870224663e-01
4.677591257219786414e-01
5.313720296738391191e-01
4.878146273726599591e-01
5.015423040600355264e-01
5.214725353382503314e-01
5.446908438538284880e-01
4.826343181875754618e-01
5.569488062005445439e-01
5.021017268193558314e-01
5.244548549483443178e-01
5.180021077773901972e-01
5.093935610472987152e-01
4.753047349163198598e-01
5.188890119727896932e-01
5.484548971628566694e-01
4.719392835818757570e-01
5.262406285392090544e-01
4.863081042982238533e-01
4.952609045078209538e-01
5.079979393541431687e-01
4.962833792395696109e-01
4.737841083631691985e-01
4.843855991200372024e-01
4.628490329038943973e-01
4.863172928638208048e-01
5.500554845459360020e-01
4.801497129608587322e-01
4.784735914526556111e-01
4.734547775579265316e-01
4.844970739691045747e-01
5.332101237199883270e-01
4.979403891970880514e-01
4.671881254861262600e-01
5.050522031423079206e-01
4.779789310513978817e-01
4.976187281765964143e-01
4.789532524396740709e-01
4.750548837348905207e-01
4.815062989094537893e-01
4.748532101834912478e-01
4.814868733517499444e-01
5.088818215395225497e-01
5.129674712892939858e-01
5.481875763704102678e-01
4.750994150784161874e-01
5.008854305095535864e-01
5.408035779068304238e-01
4.927259004349778260e-01
4.925856271923215735e-01
4.975556544929682357e-01
5.103935706126543348e-01
5.044595937131126639e-01
5.136286127429788850e-01
5.130303180280676445e-01
5.070904598462990798e-01
5.299125460253679698e-01
5.109560716396365221e-01
4.738971019378185323e-01
4.714464206643280142e-01
4.550467791856416255e-01
4.685553011081062258e-01
4.955778386646922939e-01
4.866294112015714379e-01
4.526298401896734491e-01
4.675002357386827123e-01
4.896642284318020732e-01
4.556898575915474536e-01
4.495480584726614937e-01
4.770784772999214218e-01
4.713037341090927090e-01
4.588639311681893540e-01
4.752204770922499044e-01
4.708611834918124406e-01
5.198032446350153712e-01
4.834492325551155711e-01
5.360852243422160601e-01
5.164395538422396070e-01
4.976100764226668027e-01
4.971229239015251267e-01
4.343375843447666584e-01
4.455529632723285172e-01
4.414929627517117372e-01
4.414270928679503991e-01
4.943754058084562919e-01
4.933654321512024321e-01
5.185420772840977355e-01
5.235989978054279570e-01
4.947553904386758905e-01
4.377996600576637976e-01
5.438807328586153789e-01
5.214792621273435236e-01
5.115432086500718567e-01
5.111793139989910806e-01
5.052422898124215855e-01
4.970913813602490516e-01
5.081694951108519653e-01
5.180782839065769529e-01
5.295815418770781768e-01
5.487779272113839646e-01
5.102292033983585329e-01
4.927751329948230063e-01
4.919458334873966776e-01
5.125545157479071134e-01
5.249265851877191746e-01
4.892543723238275688e-01
4.963361759672460516e-01
4.619919649486116109e-01
4.954120988972833817e-01
5.027173531816914176e-01
4.678800709714133754e-01
4.931063101348902578e-01
4.278984742263295948e-01
4.646039823843607364e-01
5.198685053012555013e-01
4.636390510143721944e-01
4.814591341527324486e-01
4.928415490977168800e-01
5.064413146969166668e-01
5.155090910468463905e-01
5.039548633715463799e-01
5.542135508322887372e-01
5.048502339640823511e-01
5.309178505448298724e-01
4.447000142080992369e-01
4.520481827753111137e-01
4.701225182410835868e-01
4.900134192781359088e-01
4.815750238954902840e-01
4.596282995586623010e-01
4.756976850819047975e-01
4.582391015002799661e-01
5.150007263853372264e-01
5.087352976599006649e-01
4.862003010510201895e-01
4.779157066182216362e-01
4.680690502606888459e-01
4.833899517866249163e-01
5.120379770873564329e-01
4.740117932290746072e-01
4.552918264450461217e-01
4.799490538112071714e-01
5.595150280804584986e-01
4.929909089034436032e-01
5.070673819559414763e-01
4.890182657629468799e-01
4.917644906927534088e-01
5.266261400029610407e-01
5.249674500009066103e-01
5.014847748338533417e-01
4.846468950783430207e-01
5.368492825252630940e-01
5.089740538807293602e-01
5.374062358388311811e-01
4.856309551276569714e-01
5.030238400161844980e-01
4.927027461147840959e-01
4.903338800521501173e-01
4.875464733216921531e-01
5.270939335852500296e-01
5.079742578704949940e-01
5.186192137079898012e-01
4.871431317514348103e-01
4.803050617354926999e-01
4.460698655198836460e-01
4.665826680210700128e-01
4.930789915330086592e-01
5.361036518916287852e-01
4.692829427558484201e-01
4.639801521642770710e-01
5.177760635524507604e-01
4.861564786303705921e-01
5.061714573592569488e-01
4.730699061875139888e-01
4.725561388968468335e-01
4.596179706374259322e-01
4.965937580473873125e-01
4.874183833910897823e-01
4.880268590359578829e-01
4.731065137717034852e-01
4.787382536583242865e-01
4.617155579937190502e-01
4.620403156579618864e-01
4.622593578302595096e-01
4.711880960125713336e-01
4.995000753693842888e-01
4.647315079145936112e-01
5.210849860374388021e-01
4.615874908047947756e-01
4.894792708997530162e-01
4.998926546896060863e-01
5.411455871285882901e-01
5.015058544065555957e-01
4.864382616201882725e-01
4.845913438360954784e-01
4.688773502696211848e-01
4.734781743179935498e-01
4.937476029736629357e-01
5.203765739106357424e-01
5.188071942402892045e-01
5.134916826555740998e-01
5.254941987696403194e-01
5.125571520053064933e-01
5.195848711504001960e-01
5.005695004247169289e-01
5.044154844203881938e-01
5.246564929241426256e-01
5.232173405989624104e-01
5.200485685673785774e-01
5.223371163720613719e-01
5.046094105410937614e-01
5.227758961509949565e-01
5.278755279603545292e-01
5.148213964754091432e-01
4.824955414720871194e-01
5.319869300167480164e-01
5.176196875016871868e-01
5.423797322775556484e-01
4.900742641245900422e-01
4.756376973844347877e-01
5.058262581351496978e-01
4.955897875851754120e-01
5.247365705196659347e-01
5.519752319515505157e-01
5.031303474250249375e-01
4.888499606457152868e-01
5.514381046856221547e-01
5.094115525176784454e-01
5.245751461163238316e-01
4.838935998939082328e-01
5.007897043481285282e-01
5.111987174580594484e-01
4.559018104963142304e-01
4.885676247656334237e-01
5.031376199260586546e-01
4.379550768430381380e-01
4.954240139335765458e-01
5.115727563865423155e-01
5.087324195705286156e-01
4.566747103968653021e-01
5.158140616056074990e-01
5.314064468463297608e-01
4.662824220222035465e-01
5.365094209071235021e-01
5.284525452187127659e-01
4.920060643690309377e-01
4.677887900327015180e-01
4.711134898000157722e-01
4.756351084950539154e-01
4.549894078483209259e-01
4.659261142009359369e-01
4.948480728557575481e-01
4.663824605884972496e-01
4.756134332728214065e-01
5.254848031726931934e-01
4.792651084904439585e-01
4.851326712170637157e-01
4.837596539681360830e-01
5.097592941823840818e-01
5.436242791468911539e-01
4.722247675397747702e-01
5.234120324410950209e-01
4.800751219581450013e-01
4.406165669796205386e-01
4.565249411817918213e-01
5.019446716487558913e-01
4.574707313084146465e-01
3.773008965897127198e-01
4.361411565190350670e-01
4.280678056933951425e-01
4.332220905014695367e-01
4.079566266907919125e-01
4.777899927368726152e-01
4.406868960638808397e-01
4.778199515605471848e-01
4.064683091007494919e-01
4.806086976959513257e-01
4.607642770325622306e-01
4.326588634571458258e-01
4.866536567441460126e-01
5.050959837610258241e-01
5.097242198682735426e-01
5.041330770608036804e-01
5.182060846720338843e-01
5.002950565472232825e-01
4.950950361156134516e-01
5.049234061733894885e-01
5.022764688446352821e-01
5.292017018146734086e-01
5.125160727853854681e-01
5.083113410778419272e-01
5.161275244531502437e-01
5.223449282694073714e-01
4.955700882018668207e-01
4.867712661761723902e-01
5.449574049887085936e-01
4.923004386793025100e-01
5.292470891831180246e-01
5.284986872681238790e-01
5.236271844831493771e-01
5.358241605435968280e-01
4.692349144793083182e-01
5.336940839064977515e-01
4.413664897751851113e-01
5.062477243363592283e-01
4.793067298967295664e-01
5.403160017161900974e-01
5.062432018440460313e-01
5.205153324951488081e-01
5.048824297962072327e-01
4.836670397860154402e-01
5.067113877709089609e-01
5.296630568289690810e-01
4.932933459708175872e-01
5.139558504991712518e-01
4.898518263761567626e-01
5.416093025606947275e-01
4.942627731076153497e-01
5.261588518142065185e-01
4.720034538761671561e-01
4.914933008250622626e-01
4.978058598215673869e-01
4.861081550780799732e-01
5.245512450834455276e-01
5.449919941114251820e-01
5.186168037897282979e-01
4.989885033653500002e-01
5.105280356998543878e-01
5.524578031410407597e-01
5.337770600066460425e-01
4.565412782337808784e-01
4.585518928365482916e-01
4.992501127228687330e-01
5.083547709809876913e-01
5.063733428319724394e-01
4.823649156387754822e-01
5.206141747287262866e-01
5.152590795707850946e-01
4.685186499001853799e-01
4.618174015468266558e-01
4.620249837019818062e-01
5.075447123221503709e-01
5.091785752450230795e-01
5.690166931280458140e-01
4.947963462297445547e-01
4.721459237242987550e-01
4.529358348550045488e-01
4.787864630010981171e-01
5.030186584889492218e-01
4.518744591097453855e-01
4.774490595688378747e-01
4.364418195721661564e-01
4.777906181204554237e-01
4.977065180072308137e-01
4.993925124550838146e-01
5.164450258961466034e-01
4.872986434713715842e-01
4.893585496249494571e-01
4.650791276589201773e-01
4.758453940214999456e-01
4.673617109847891804e-01
4.476894527026118453e-01
5.073073912093192250e-01
4.382226311587367196e-01
5.097712705867596394e-01
4.648299281240752534e-01
4.910461456411132075e-01
5.232665997157306403e-01
4.756209364371613013e-01
5.083338555160660244e-01
4.763696699437310889e-01
5.278225083211729451e-01
4.890188741735483346e-01
4.807064068431196602e-01
4.588964921189884749e-01
5.286775705778683498e-01
5.255057112319598822e-01
4.825727846390789888e-01
5.006469392387168371e-01
4.957085214819479391e-01
5.075617095257465294e-01
5.104275328113651033e-01
5.032773234987817368e-01
4.904501305564052394e-01
4.857882811360794140e-01
5.319152467610603896e-01
5.234355308635547654e-01
5.024179135297968113e-01
5.142581007487367906e-01
5.415662067129428658e-01
4.815105741677334628e-01
4.523901651728511886e-01
4.805181491330012267e-01
5.154896545425983190e-01
4.490532559844192528e-01
4.988048874776438990e-01
4.918963440603532633e-01
4.676663337664811460e-01
4.842946377662470381e-01
5.077485056745524306e-01
4.832642590958827755e-01
4.761435101688593075e-01
5.088361454757014402e-01
4.987487030032192181e-01
5.087717790492110037e-01
4.955593018074722633e-01
4.909365507640108262e-01
5.452063493869072630e-01
4.888513827106769072e-01
5.057924408241016856e-01
5.388493704580364918e-01
4.918159266101856941e-01
4.663106928602269718e-01
4.788139814247842629e-01
4.684570875122270883e-01
5.037011743665547048e-01
5.315990178681182510e-01
4.819953379210217270e-01
4.848153332097543400e-01
4.641793407250456860e-01
5.066354276949130986e-01
4.943739349774253222e-01
5.182893481146756409e-01
4.812616567351956087e-01
5.208900619464922332e-01
5.481027484698111074e-01
5.112581600581174168e-01
5.322527822544179665e-01
4.893867472416223996e-01
5.034872293668578580e-01
5.135912191300411322e-01
4.928151883010378764e-01
4.933108455198766396e-01
4.994481381043590074e-01
4.853256767347311484e-01
5.338467564031914581e-01
5.359766204309890369e-01
4.920027138955516133e-01
4.685584510207817521e-01
5.104075124025538868e-01
5.226818929352139431e-01
5.105079866964890023e-01
5.305848348179753593e-01
4.976182074913536035e-01
4.961195264449990705e-01
5.207821878570730867e-01
4.973193877014140396e-01
5.038646461855375014e-01
4.765124114147191725e-01
5.029152944872523623e-01
5.237982509355143534e-01
5.306661973104156438e-01
5.084623619262248484e-01
5.227608374332826102e-01
4.721589892461822147e-01
4.493424337745944852e-01
4.937863317962765675e-01
4.722602973444177676e-01
5.016749499710052573e-01
5.171932828021795769e-01
4.824644738510748820e-01
4.968666171587297065e-01
5.380439721358886151e-01
5.124885387132649406e-01
5.037616650722205325e-01
4.885352009060434653e-01
4.522562809935413153e-01
4.889484818442216274e-01
4.540241297882238736e-01
5.110266600283027705e-01
5.165145812324642982e-01
5.545407514613238664e-01
5.015787506120530370e-01
4.676465604141445409e-01
4.616596744723333035e-01
5.529021178500342915e-01
5.061330712588273384e-01
4.869869525235784868e-01
4.895413217044444765e-01
4.886702240036578382e-01
5.014139470466411064e-01
4.611501747930330519e-01
5.352520416514862100e-01
5.158680052723163545e-01
4.931812421792068912e-01
5.637119972624835551e-01
5.050054064648502594e-01
4.844706880196955612e-01
4.696371070879777343e-01
4.682718103286817590e-01
5.190685380655568615e-01
5.072438742171454518e-01
4.857162109110794712e-01
4.712517587704141420e-01
4.626576616054338675e-01
4.386196759781597065e-01
4.673211830958425850e-01
4.547936042364979503e-01
4.688270465963548239e-01
5.134592910079969208e-01
4.819640697734398072e-01
5.039988372123415106e-01
4.680071787133753825e-01
5.200027556630943959e-01
5.050667107353279395e-01
5.106164869789745486e-01
5.079637106433557703e-01
5.384472980164515254e-01
4.664681009227902853e-01
4.943209817401911232e-01
4.899973134825232890e-01
5.098291758428454834e-01
4.980145114217097713e-01
5.043731273083557065e-01
4.473166947641913915e-01
5.132707294878017246e-01
4.704766661501253999e-01
4.819329841115781998e-01
4.248196127690824775e-01
4.707242947304372538e-01
4.841551284107745712e-01
5.023589489114560491e-01
4.649136443992147871e-01
4.777653171731708337e-01
4.914604213493968254e-01
5.024421963054237494e-01
4.768202036120407494e-01
5.078153445371635932e-01
5.073102780357707786e-01
4.563968269707775471e-01
4.817599903898094338e-01
5.092380375834316686e-01
5.754688108169063732e-01
5.167118870212747961e-01
5.068134855248683790e-01
5.096451037049360977e-01
5.087015821232337975e-01
4.695356787513710328e-01
4.817817641116735050e-01
5.143788314778057202e-01
5.119193206903737137e-01
5.190870795903061996e-01
4.385256274761154538e-01
5.292291874688466180e-01
5.014709735144143865e-01
4.766626360328389822e-01
4.767221291857272614e-01
5.554629483185886674e-01
5.099634369660954736e-01
5.176974528143926113e-01
5.315176682440313494e-01
5.443005137896294032e-01
5.146875047592818220e-01
5.185088187636200940e-01
5.112170862694002116e-01
5.348185496892804425e-01
4.667071791940006764e-01
4.567012384651332191e-01
4.874328900903884265e-01
5.151577078032292256e-01
5.219875575362550313e-01
5.106172291217121462e-01
4.822528120176008959e-01
4.724662694682820741e-01
4.950239202357427093e-01
5.052593668503980728e-01
5.151712077212837748e-01
5.023099241198791809e-01
4.396291817701947213e-01
4.835844666034994077e-01
4.590715206336822285e-01
4.716775078514934272e-01
4.941394913780428610e-01
4.854577169662408487e-01
4.815890555350715863e-01
4.900112123586466972e-01
4.702006351226636349e-01
4.916796059755201842e-01
5.033765907635534553e-01
5.157277165900615579e-01
5.040293313064039271e-01
4.840784033438553235e-01
4.805655993857830821e-01
4.964251385636186953e-01
5.197641563790791341e-01
4.392424946471325531e-01
4.926637002334133264e-01
4.661546576295402811e-01
4.489001628828267476e-01
5.101812193611089397e-01
4.956524091759738071e-01
4.964405820456927465e-01
5.157712918489607556e-01
5.109764744007078141e-01
5.474075501814671396e-01
4.992364057309496839e-01
4.884961614363060312e-01
4.878460700369999237e-01
4.872695973368643685e-01
5.123955503722507077e-01
4.722766299303697290e-01
4.884678028443228404e-01
4.925102994598821171e-01
5.019304423530913661e-01
5.176664738088812001e-01
4.883565109237489876e-01
5.177050311297387575e-01
5.242895745352526005e-01
5.418025073854387808e-01
5.217323619014377911e-01
4.697842418520705166e-01
5.010958794214670498e-01
5.155462676363193886e-01
4.986196929236674236e-01
5.412080664568090782e-01
5.114681127099024449e-01
5.600668809614434140e-01
5.380811491532787594e-01
4.997198947154996018e-01
5.147299336233073230e-01
4.905577182578211293e-01
4.858317365883562111e-01
4.949206038837659083e-01
5.112057597882901927e-01
4.651489546238323225e-01
5.356273669413403882e-01
4.977911259763703189e-01
4.954979572629735762e-01
5.098310714875009531e-01
5.262031417918549003e-01
5.294746718236309491e-01
4.968306163405526443e-01
4.669680058943791456e-01
4.751926237174654566e-01
4.669468946092601436e-01
4.899982787565979603e-01
4.787732582314150331e-01
5.512470817534922407e-01
5.173329942762843192e-01
4.535056573752743736e-01
4.803779385252580636e-01
4.948057538153048940e-01
4.964506801997242147e-01
5.164286234425081723e-01
4.780690593710641978e-01
4.756410742448493600e-01
4.482108103952853195e-01
4.906158752509999221e-01
4.573791443939823620e-01
4.892632759897254657e-01
5.156431096341071996e-01
5.262605766304374599e-01
5.502833738925787532e-01
5.336310433443207657e-01
4.713454577647186450e-01
5.097383549821824511e-01
4.953930281063689822e-01
5.129703267970511238e-01
5.239603091519225986e-01
5.237828486496468594e-01
5.167282412306555273e-01
5.289745452569836193e-01
5.430680516166844773e-01
5.261544919233741568e-01
4.765419973839348788e-01
4.760983393813121300e-01
4.457730053259410519e-01
4.721020182376543528e-01
4.629951773324311737e-01
4.924422915780818921e-01
5.070683230556518595e-01
4.802204051554641029e-01
4.245977462361776311e-01
4.080001257116696589e-01
4.565880671039345695e-01
4.967902182299663849e-01
4.528684403727565311e-01
4.767882544089386276e-01
4.642837958541543575e-01
4.959792867686100837e-01
5.282304261875800933e-01
5.155750753918256768e-01
5.167522810162700209e-01
4.877875791638118796e-01
4.562670955808906248e-01
4.488149393268697773e-01
5.106462257225321544e-01
5.258141773002152908e-01
4.904119824572729103e-01
5.032672036545536853e-01
5.281341094524815150e-01
5.615821594243846082e-01
5.290928503290850404e-01
4.782540154755798301e-01
5.188367799961410842e-01
4.892303249271282017e-01
4.936448328108018480e-01
4.863040231829612869e-01
5.204449564254974847e-01
5.380228615900197742e-01
5.330959206834465780e-01
4.952109348480053796e-01
4.975316612035367014e-01
4.802541856110354446e-01
4.817455946993789428e-01
5.092347308307619835e-01
4.666351885734170146e-01
4.410966620523173454e-01
5.093653535327933302e-01
4.838379668172143044e-01
5.390502647844982453e-01
5.040064120624246913e-01
4.820959520260919007e-01
4.892494586134285561e-01
5.319464269603531026e-01
5.581646178116755896e-01
5.226969584654890255e-01
4.808091340420669879e-01
5.094268433678338370e-01
5.031440880992265052e-01
5.161956927748951873e-01
5.012295005230587019e-01
4.814364488172644396e-01
4.969332476737002846e-01
5.029911345206344864e-01
4.584191099326490049e-01
5.176486570107453611e-01
5.406595010250194733e-01
4.794179386823002043e-01
4.969669629382542086e-01
4.624895139075476669e-01
5.252002868628178334e-01
4.885998515275212228e-01
5.164116409216978898e-01
5.042956270042294742e-01
4.836953954004199474e-01
4.778701910538406539e-01
4.560192361036574105e-01
4.776385697251260831e-01
5.049358609541603204e-01
5.286100447798784963e-01
5.066809373975448283e-01
4.736337181910715288e-01
4.947372832127400200e-01
5.062744630304745197e-01
4.831884959204548191e-01
4.893588647016062221e-01
4.687382010860190462e-01
5.033875037053154866e-01
5.341778363416177511e-01
4.574460682569775338e-01
4.962265099456273365e-01
4.772617704071724920e-01
4.639813594034633559e-01
5.159831489080229927e-01
5.174788932031485489e-01
5.035581681570263646e-01
5.324157975265316756e-01
5.288445096552473190e-01
5.409084778661686910e-01
5.300434186781406432e-01
4.844152170206093566e-01
4.949385031830604853e-01
5.087289372540407806e-01
5.317632081266492339e-01
5.281529676855865052e-01
5.154505305363172862e-01
4.950932863229346448e-01
4.983490727919007157e-01
4.870151202535855650e-01
5.442269051697777860e-01
5.226176223891713102e-01
4.987751586846593255e-01
4.865754445559385410e-01
4.626258311120239886e-01
4.701547594246093809e-01
4.618656061761757803e-01
5.333766899288985286e-01
4.768410707333793908e-01
5.451851205431367253e-01
5.090604261208748760e-01
4.694397119533499918e-01
4.496117170062177704e-01
5.016680486204270206e-01
4.880430417493353823e-01
5.076264476370133671e-01
4.847905834922421886e-01
4.675482719454447933e-01
4.892807977970520805e-01
4.946412145999936616e-01
4.941190294116490911e-01
5.285620181291483810e-01
4.549764524294790391e-01
5.022002379281264028e-01
5.204065445801975276e-01
5.079057260837157584e-01
4.810464214854988652e-01
5.235627667383625505e-01
4.528947416080839616e-01
4.999413627220172240e-01
4.761216731992421458e-01
4.643054494204889027e-01
4.772779023375069984e-01
4.644565589898311808e-01
3.678482987332843401e-01
4.582233098814659233e-01
4.902626054378821929e-01
4.333393557267438134e-01
4.621425863693758851e-01
4.247275672731765095e-01
4.822099905231912453e-01
4.621255434274686436e-01
4.265583328692426623e-01
4.643712031011180685e-01
4.985969136420679293e-01
5.305076768727229330e-01
5.086382199896549716e-01
5.182835903968648905e-01
4.587131348659027608e-01
4.387829951934607009e-01
4.751113877604279945e-01
4.663868313602166915e-01
4.819759424395549940e-01
5.150391086769232629e-01
4.846668597105852072e-01
5.066575919795346383e-01
4.825416236794534131e-01
5.045814339507156410e-01
5.248835562152011081e-01
4.499203069973526925e-01
4.461493820342920524e-01
5.175766480292554039e-01
4.751811691182362685e-01
5.169441387718992642e-01
4.701184462162141808e-01
4.760803761941473367e-01
4.765975478614641880e-01
4.920217458544358102e-01
5.267083773962653037e-01
4.977809332146535537e-01
5.093542195709579445e-01
4.618623983998188520e-01
5.476914893386783945e-01
5.194189673942044561e-01
4.997564486590999611e-01
5.442643184194750905e-01
5.172780126401002043e-01
4.956171439917429478e-01
4.983226784230291861e-01
5.367962820488400011e-01
5.066399562077903429e-01
5.019363285487942195e-01
5.183505435526548633e-01
5.083132800514534866e-01
4.829165280260226956e-01
4.741045011326687209e-01
5.287819421832686828e-01
5.106668493618992111e-01
4.920909726610021573e-01
5.317820589760767769e-01
4.818095573792168795e-01
5.306082450472607848e-01
4.790798296729648631e-01
5.067436981809839702e-01
5.264810626637029811e-01
4.808061868987070220e-01
5.029344743352138769e-01
4.881409930675357778e-01
5.447426138735084189e-01
5.456567047021927408e-01
4.908052013186839369e-01
5.047419645897909257e-01
4.939015431852362692e-01
5.057220906686402673e-01
4.357025445620440474e-01
4.892159885823409438e-01
4.845823232711934381e-01
5.085816831380249869e-01
4.784743225806433742e-01
4.826617901620034456e-01
4.955587305998306324e-01
4.705733597748661956e-01
4.950725556366221691e-01
4.641999157098125606e-01
5.231705566311448674e-01
4.856503186705472541e-01
4.537333442708908482e-01
4.539052509387601630e-01
4.767837129762104720e-01
4.212175155819426475e-01
4.370190576472829935e-01
5.217510824369817612e-01
4.538510203707421531e-01
5.068188032764604500e-01
4.849703628973499603e-01
5.015006721771007037e-01
5.028429178341098371e-01
4.881392897498297856e-01
5.269890682344502419e-01
5.067903673901192896e-01
4.931278855045139742e-01
5.371905503775491475e-01
5.261743062938556426e-01
4.794966444086448121e-01
5.135932364222509650e-01
5.235768294980148729e-01
5.079943528485214577e-01
5.483803206531869812e-01
4.530180136127723856e-01
4.719527057394976022e-01
4.847933140404883101e-01
5.020929614382694250e-01
4.820440785050129073e-01
4.943889058531925063e-01
4.595110173722305458e-01
4.821812244084228150e-01
5.012340844928169226e-01
5.021285960442646301e-01
4.888281576601381517e-01
4.936952901433366847e-01
5.143379845793646377e-01
5.410736467443472142e-01
4.934437562098432095e-01
4.824855337945788691e-01
5.281227979209927037e-01
5.037203826444731636e-01
4.889970981472553380e-01
5.396476490725033992e-01
5.095969386094332254e-01
4.762209888842777739e-01
4.670946554340831280e-01
5.208493926517842043e-01
5.061799830128858035e-01
5.345501942598104295e-01
4.805113647266072707e-01
4.511679200293694514e-01
5.018928454504615333e-01
4.827881088758744776e-01
4.879117358441828478e-01
4.829843810643724700e-01
4.802826634550730334e-01
4.914589429826188294e-01
4.781738295193849186e-01
4.768870130189756806e-01
4.860286339404706890e-01
4.617049019722702097e-01
4.522801125246280751e-01
4.707474964570323994e-01
4.469515896535135591e-01
5.167287535740785476e-01
4.848199825884987324e-01
4.746479409460128696e-01
5.131696239907667101e-01
4.904060874264810632e-01
5.496389166950795824e-01
4.827806486032056865e-01
4.475164784791361150e-01
4.248252808802712166e-01
4.539999079125243142e-01
4.856729050141982418e-01
4.869649636343278409e-01
4.521936963786646890e-01
4.137061968886228125e-01
5.008370453504212838e-01
4.888113744482725509e-01
5.008268710587111539e-01
5.228572948136323006e-01
5.151903291499202453e-01
5.181936363767838394e-01
5.095369108144930381e-01
4.816601942154141169e-01
4.798641208098601840e-01
4.524376714894219886e-01
4.891361589482261518e-01
5.083413237443004107e-01
5.435211033065744379e-01
5.103794076929983881e-01
5.325482878345086935e-01
4.656357415103861697e-01
5.160120012382078958e-01
4.820099633823125562e-01
4.439364974412908782e-01
4.958315159306486697e-01
5.252378214824940938e-01
5.442389306217390033e-01
4.901802351455831208e-01
5.257913335521721132e-01
5.042319056378257169e-01
4.854438200332639175e-01
4.844121350465973586e-01
4.809295999382908748e-01
4.939805399121683371e-01
5.239987819889249110e-01
5.025404289895707421e-01
4.910189392418070065e-01
5.168146781786917554e-01
4.692103368091645188e-01
5.483633507806833229e-01
5.412433274184336174e-01
5.280911935104357635e-01
4.852066740623728336e-01
5.368199523750784019e-01
4.888861453060697193e-01
4.846424704235067771e-01
5.134553667716401648e-01
4.743256127380468534e-01
5.167397489672528321e-01
4.819534766129259795e-01
5.527169439214245639e-01
4.773865839392708033e-01
4.805217663250429538e-01
4.832972731049533510e-01
5.034727107771088672e-01
4.930844384286742765e-01
4.978868747387524829e-01
4.963284343922022557e-01
4.888049757073827384e-01
4.819406370702345455e-01
5.080045330464892928e-01
4.926566917585427086e-01
5.043264187599920678e-01
5.382287358919195519e-01
4.834678085867871178e-01
5.248737587820907491e-01
5.245991060446315579e-01
4.897136098460385667e-01
5.087510431243187359e-01
4.764945437829655184e-01
5.200555628613852122e-01
4.827857833697977719e-01
4.699257484592143097e-01
5.079458227955641059e-01
4.975404212450215136e-01
4.720549202965061975e-01
4.793310011052742126e-01
5.216125066012112788e-01
5.189020449026987558e-01
5.618134477186729203e-01
5.458985458347045405e-01
4.679103859748722227e-01
4.823577541321346085e-01
5.164720503857070932e-01
5.137014784396602973e-01
5.284486172898380518e-01
5.084046627440003130e-01
4.816259827510342983e-01
4.860757565068727359e-01
4.767789829335692398e-01
4.682192898149363791e-01
4.570448292954603087e-01
4.517556207689832348e-01
5.039403543309667333e-01
4.903096402267448362e-01
4.883723370668021091e-01
4.592951540724565795e-01
4.856675253945381132e-01
4.862602629320887382e-01
4.487143763643156036e-01
4.439156762750392504e-01
5.503684805329384089e-01
4.883166457616912592e-01
4.914450782122408157e-01
4.887490065156344654e-01
5.059321105451738410e-01
5.135496353100289513e-01
5.154110117484420606e-01
5.061752750756772778e-01
4.729019846373218594e-01
4.592382131866071804e-01
4.867158129373502784e-01
5.004600267777107314e-01
4.824223122553243370e-01
4.749783114919808868e-01
5.172556471230245201e-01
4.715390487836045863e-01
4.968667514686788689e-01
5.335837206691943502e-01
4.655955889402320635e-01
5.259063631074786249e-01
4.713509899666454284e-01
4.701621140752546557e-01
4.517498960880862446e-01
4.814120011501973884e-01
5.174348541904371102e-01
4.516692365912499674e-01
4.555985043418319114e-01
5.508331531465519015e-01
5.334994647245089316e-01
4.482227909715807423e-01
4.877273867004439656e-01
4.942851701463010783e-01
4.919846320218792535e-01
4.863189706737908735e-01
4.633445186582900721e-01
4.975413630887145500e-01
4.875282058084479675e-01
4.909139559734037039e-01
4.913078690574196328e-01
5.174791282216091304e-01
5.037292979851929475e-01
4.902847409894085517e-01
4.748047628152082256e-01
4.818278321926264818e-01
4.972105594113974680e-01
5.071195642263062187e-01
5.000261357135613594e-01
5.126831038502119853e-01
5.345292817688584996e-01
5.092095520336565873e-01
5.104646349950238138e-01
5.106950527154010544e-01
5.118654032192029302e-01
5.108415635130754140e-01
5.050889239863678437e-01
4.989345874593750785e-01
4.965870709596053034e-01
5.067547722716976288e-01
5.355132199090371081e-01
4.903817593169002009e-01
5.260182636365844377e-01
4.569427916772096365e-01
4.797266682381444713e-01
4.831690711492264145e-01
4.830374058443577812e-01
5.169699893672350388e-01
4.728866373472039863e-01
4.703391248561266114e-01
4.733764793292449813e-01
4.699673321137070037e-01
5.106473034717469162e-01
5.388694989785703937e-01
4.892710698864553009e-01
4.813821111819807097e-01
5.183493097348879086e-01
5.384679320808828384e-01
5.005777421332807675e-01
4.984315581726662114e-01
5.256217550923887316e-01
5.141235270189791207e-01
5.414596920834693350e-01
5.060785279498940525e-01
4.698415016614664874e-01
4.921349875830466347e-01
5.004318228359213583e-01
5.030046583497304047e-01
5.115217688295978782e-01
4.827532151433178154e-01
5.054739685571626451e-01
4.732424737994774810e-01
4.676627114023834686e-01
5.016609957022311050e-01
4.985416234182097894e-01
4.812591401765904386e-01
5.208110715572092930e-01
4.529318701376432443e-01
4.893384851063704577e-01
4.983153255043004104e-01
4.584519459849072387e-01
4.398205026995002376e-01
4.482658632135413379e-01
5.002427520080574563e-01
4.285445259964368869e-01
4.811744402706409907e-01
4.960514245630199270e-01
5.041714826372281077e-01
4.634233426053601113e-01
4.644277500229620492e-01
4.933037774547136545e-01
5.000367281712430056e-01
5.558432386815622683e-01
5.056710339003960275e-01
4.794803479637733123e-01
5.158238252970063220e-01
5.049870034414377651e-01
5.314771644514464377e-01
5.379335741964571538e-01
5.008294846508084541e-01
5.666212856703936041e-01
5.295056898953086622e-01
5.299673382496293828e-01
5.357542093267241290e-01
5.203535635183789143e-01
5.321378414849265992e-01
5.427397289548041570e-01
5.402376592485325091e-01
5.345731354349878561e-01
5.176161962357764823e-01
4.975425536025522844e-01
4.873733173023017118e-01
5.004336763194457971e-01
4.801523370264466073e-01
4.812775547386042296e-01
4.687930931058384432e-01
4.990950406839823050e-01
4.965427483684008991e-01
5.054583974691082560e-01
5.037878184946256166e-01
5.286557754638864237e-01
4.745415502107016570e-01
4.730214893713706736e-01
5.257220967157895108e-01
5.056086259480425671e-01
4.700140790564770188e-01
4.866830610890738873e-01
4.766267217643173626e-01
5.147946640604100788e-01
4.813602945030490132e-01
5.276825395629926030e-01
5.413512645216300712e-01
4.706025249567266644e-01
4.764875644164637269e-01
4.553804716813252274e-01
4.925883968659580670e-01
4.759368831076518647e-01
4.831298220434282475e-01
4.725244644346275891e-01
4.548105405604036533e-01
4.801759034797054015e-01
4.916123988686493251e-01
4.796350544821478823e-01
4.557531931993011876e-01
4.381472836904756196e-01
5.078742107488759538e-01
5.088714927074142746e-01
5.089531674102533154e-01
5.098070567622123850e-01
5.069482493259482858e-01
4.974958236166754921e-01
4.963202664671340636e-01
4.867433263821602796e-01
4.617701867101922097e-01
4.756777670069528008e-01
4.825162486282720820e-01
4.936751274474587836e-01
4.693228558404259898e-01
4.563287610544731199e-01
5.177961566817992356e-01
4.372191823645882325e-01
4.662880581683024328e-01
4.820699471954442150e-01
4.917384467572677442e-01
5.356041875854656853e-01
5.007740816364046887e-01
4.894857749490998944e-01
4.965054633275141627e-01
5.018975581360236582e-01
5.398718092026335569e-01
4.935916841180537085e-01
5.316890359639403485e-01
5.141429074007114464e-01
5.552386750732293264e-01
4.909095110537735063e-01
5.201739320981209058e-01
5.275685864205709175e-01
4.883060805204726962e-01
4.863685352812082696e-01
5.150835499622428149e-01
5.221850610580194285e-01
4.828223302826977759e-01
5.306865088992874790e-01
4.973534691402223262e-01
5.063577404203004617e-01
5.338751240797444675e-01
5.029316938021352046e-01
4.865735784195893698e-01
4.953400139751910070e-01
4.800745854299547366e-01
5.039801631716478436e-01
4.846806472950138112e-01
4.479399861715513964e-01
5.079143880515724074e-01
5.121329127590346086e-01
4.775963413090847931e-01
5.023491805620299289e-01
4.364773077067580775e-01
4.783943747989730655e-01
4.805871999335185052e-01
5.120491880353896796e-01
4.922267710380744399e-01
5.156907636880998513e-01
5.184726690695917739e-01
5.123128587406771128e-01
4.915597525659793354e-01
4.947510454801764546e-01
5.114262429706226687e-01
4.626300974472801197e-01
4.973541979437796634e-01
4.963741849004219553e-01
4.964105384601957272e-01
5.020310295753515062e-01
5.216798199098721112e-01
5.402382318492474633e-01
4.884378163434191511e-01
4.841122274296231209e-01
4.832579399948906951e-01
4.997467018149034379e-01
5.337151142837250895e-01
4.953550982655653412e-01
5.062242597726633875e-01
4.708032006474284215e-01
4.692001135219510677e-01
4.705384082288024961e-01
4.998038783863783530e-01
5.154261030813326316e-01
5.374151878439361596e-01
4.910192970151358582e-01
4.848412749427031265e-01
4.698053501138578225e-01
4.933783115726449453e-01
5.213228945623610278e-01
5.094510915054127898e-01
5.026712838738396361e-01
5.439157868475791302e-01
4.869834390540587199e-01
5.054461199620823297e-01
5.459980794951340144e-01
5.263993467538834459e-01
5.192644335030832670e-01
4.963264013981157352e-01
5.021439233681261882e-01
5.205949833614896827e-01
4.896731700662927400e-01
5.170509103256640815e-01
5.145722211522425482e-01
5.071740015750596520e-01
5.232618891651433790e-01
5.329706733364353299e-01
5.039359444009482436e-01
4.779518398550562930e-01
4.605193971866051728e-01
5.184393388692746241e-01
4.451902706437922963e-01
4.994225306198289416e-01
4.922201188979160591e-01
4.565836422922723292e-01
5.030276856247224426e-01
4.959991368284164537e-01
4.962851728425548559e-01
4.421038426895475548e-01
4.662994099035026596e-01
4.464726399198721274e-01
4.492894407596615958e-01
4.502780744319870299e-01
4.391124983189723108e-01
4.839160910008158956e-01
4.304454641774694279e-01
4.430610059398325529e-01
4.668148176791034332e-01
5.299273968519665479e-01
5.311166957571150649e-01
5.006171954041256367e-01
5.050472727537482776e-01
5.049449094146443162e-01
4.429590532802636926e-01
4.290297149400978949e-01
4.823908791886583058e-01
4.549931839427950320e-01
4.815570589523268108e-01
4.744485807793892840e-01
5.209381675275225332e-01
4.821874361915401419e-01
5.137318232854191091e-01
4.672052395559315174e-01
4.851374685853171997e-01
5.022279369171499530e-01
4.781633095475737449e-01
4.841303413491010454e-01
4.852280297297258960e-01
5.269665392400837423e-01
5.237344759320601284e-01
5.252826174296798545e-01
4.990024580139467147e-01
4.916255963545427266e-01
4.668962975522507053e-01
4.820741446636174210e-01
4.745791268650222383e-01
4.628718005091169152e-01
5.325346557856857066e-01
4.876290228657666481e-01
5.201378772584552834e-01
4.673672242087794082e-01
5.087248145229502638e-01
5.453689230606105776e-01
4.960828672331473177e-01
5.038397880703969767e-01
4.829513083485749703e-01
4.830422263106501912e-01
4.890193271151437315e-01
4.787190305139764068e-01
5.352503133557454662e-01
5.327090186763228097e-01
4.983289994246165033e-01
5.146177308986762400e-01
4.576150894700942162e-01
4.523178128525921493e-01
4.717918563365797180e-01
4.840072805355488672e-01
4.806850241172562765e-01
4.870925868706408313e-01
4.817408202563792652e-01
4.768377954135294416e-01
5.086322572330641556e-01
5.084601066972205263e-01
5.199374441693607185e-01
4.830251663048953370e-01
4.558404490913801066e-01
5.073111187419554469e-01
4.982988784311491726e-01
5.013569943772432369e-01
5.025496418837176460e-01
4.851979743691618996e-01
5.475345980619029662e-01
4.523936411544721148e-01
4.831334118751864359e-01
4.750568633712970446e-01
4.766308615581034136e-01
5.210397585332315895e-01
5.061634593655953696e-01
4.677788139042644011e-01
4.911294365072773060e-01
5.241628431472353800e-01
5.141156494297967061e-01
5.294598662355222141e-01
4.976071353099064676e-01
5.029524413260023641e-01
5.077250204883584361e-01
4.902901282333677613e-01
5.214990260798038069e-01
4.631675846672339558e-01
4.752558324953425339e-01
4.681853218220831114e-01
4.966494561213509740e-01
5.093399918066148224e-01
5.161304911577223598e-01
5.620282617807077497e-01
5.032355277574053209e-01
5.426474241164654932e-01
4.984468724253360850e-01
5.238703047176785921e-01
4.452249139786441656e-01
4.934421431198680041e-01
5.085321614001160340e-01
4.519364367323501219e-01
4.317583321653662431e-01
4.674306077761586908e-01
4.521376018024466648e-01
4.726484518235966048e-01
4.963684249531219450e-01
5.073487832925666075e-01
5.187681476712384665e-01
5.368208230503315193e-01
4.537972467409616129e-01
5.098827428179577570e-01
5.153406586435779202e-01
4.915359823420642482e-01
4.691295599200793198e-01
4.809322065652074651e-01
5.193850495807524892e-01
4.595141126252734187e-01
5.344121935724081007e-01
4.847632460067045623e-01
5.071327883777853041e-01
4.485592582327165845e-01
4.393738667617252958e-01
4.771604599622681353e-01
4.963553874319995285e-01
5.312586134716296149e-01
4.812872739398196820e-01
5.366548366980068430e-01
5.468165825039441597e-01
5.287452712212856731e-01
4.878290301814608987e-01
4.762977321695853195e-01
4.855808388362047312e-01
5.291110228727178288e-01
5.010949414977455829e-01
4.912302115218000753e-01
5.288143691580200478e-01
5.330706647594342096e-01
5.022731741511032855e-01
4.702086964732621888e-01
4.949398660576809217e-01
5.019484411010564084e-01
4.721628909709442157e-01
5.049971456098965028e-01
4.889671601364831144e-01
4.587146221421781189e-01
5.006066013199220732e-01
4.974044197015562996e-01
4.613911385983555102e-01
4.440095732746576762e-01
4.757066619087934045e-01
4.982919795064579827e-01
4.838013337323713858e-01
5.559419368445133181e-01
5.155201188989819716e-01
5.587587668569251598e-01
5.247813815734498899e-01
5.551787419136152701e-01
5.171310398275407172e-01
5.196575990836985737e-01
4.981577540445155106e-01
5.240199726800157665e-01
4.652926812074088536e-01
4.812755038548903741e-01
5.306269724734073989e-01
5.126434136676922826e-01
4.738705653566278042e-01
4.998718680479621868e-01
4.899145371192122345e-01
5.150055860484130665e-01
4.730715294034106844e-01
5.113497494540956145e-01
4.784851182602906094e-01
4.813233397804757563e-01
4.843357242543532837e-01
4.980178266328076364e-01
4.614194563340722199e-01
4.510429363950804738e-01
4.987806044640528680e-01
4.717639429009168328e-01
4.793261402154359030e-01
5.197243083617272275e-01
5.304475314878247527e-01
4.701250390811297919e-01
4.881736759060532616e-01
4.408644249682867056e-01
4.609568364292587206e-01
5.136857692923019192e-01
4.895114733877409252e-01
5.268267029045013983e-01
5.021166419940010783e-01
4.444516187946384034e-01
5.002670112129165014e-01
4.759939965412415819e-01
4.698262991034449776e-01
5.190280093635206704e-01
4.863239007804672775e-01
4.863681193845631467e-01
4.990166546169017558e-01
4.872312726855758669e-01
5.162476579077575067e-01
5.036909084660382563e-01
4.945274203716593098e-01
5.262433545053527562e-01
5.356133078639048195e-01
5.046465166197232621e-01
4.907448652630480579e-01
4.892788421531891752e-01
4.990683075490201515e-01
5.112889527657924482e-01
5.170248077047638890e-01
4.656445163642449203e-01
5.241209804423561103e-01
5.287913750531644252e-01
5.380673364830143024e-01
5.127594852062224984e-01
4.958996776264082973e-01
5.161074943603312093e-01
4.679260052096543832e-01
5.206842963892295284e-01
5.269648786742712199e-01
4.671846749555292333e-01
5.361687266766953508e-01
4.782342284332560256e-01
5.035965562122063366e-01
5.290872856162570637e-01
5.311889969303269510e-01
5.236908663827164467e-01
4.756792373780726058e-01
5.244504215597889374e-01
4.977528495276085652e-01
5.515364790543646478e-01
5.263371304391220029e-01
4.934666395852472798e-01
5.079836792709901960e-01
5.007595399552280391e-01
5.029947623319808159e-01
4.611276309919432048e-01
5.168444781704769619e-01
5.119370532605653779e-01
4.862181020118430674e-01
4.668050121083142101e-01
5.245215532952478554e-01
5.165544204255814176e-01
4.897544381378922673e-01
5.250659339073940890e-01
5.336003683492019922e-01
5.141966927919247032e-01
5.309977257617403135e-01
5.133312759721606611e-01
5.302230025302336891e-01
5.188878887728776146e-01
4.584092150425398970e-01
4.804753367468822534e-01
5.095175100439277571e-01
4.587823105858116479e-01
4.822256870063016398e-01
4.958017736873244763e-01
4.920000478635312979e-01
5.111054193593213002e-01
5.025785396824530293e-01
4.935955483952041978e-01
4.817119519314465581e-01
5.016400730061297830e-01
4.900489029606042157e-01
5.120792893403410817e-01
5.120490431973274692e-01
4.891392621181140932e-01
4.949539782629039375e-01
4.582820653764672625e-01
5.247840657869794478e-01
4.811804248928425731e-01
4.988721470934421864e-01
4.794181023143461728e-01
4.951768771555329907e-01
5.066073502456043265e-01
5.331472601319040550e-01
5.157957841516234154e-01
4.817843497778110939e-01
4.884380122315803985e-01
5.011246135519279443e-01
4.793236770011440884e-01
4.540791056631549028e-01
5.020884346519133290e-01
4.799421005275265051e-01
4.624782433246020785e-01
4.554487597807616028e-01
4.260298046603125943e-01
4.998514082449556639e-01
4.615206133167795710e-01
4.874475306104691374e-01
4.593706418438815442e-01
4.573883554355877012e-01
4.711847489382549603e-01
4.974863056024637076e-01
4.381793457989444085e-01
4.543674375390566733e-01
4.679261173902083404e-01
5.057279545124929721e-01
4.768491838416510920e-01
4.659534430314711817e-01
4.838171759466827759e-01
4.587000569180740284e-01
5.533431663932564248e-01
5.282064327216673405e-01
4.959176032335056994e-01
5.223735391759940505e-01
5.420526679526596059e-01
4.758285207524362570e-01
5.022399232211328668e-01
4.786444842330547234e-01
5.310134045808447834e-01
5.255037569408942399e-01
5.079904025746938556e-01
4.664477908706873843e-01
5.303554383946591511e-01
5.155457931008716743e-01
4.912806324067716113e-01
4.489486537148033585e-01
4.990833861413048189e-01
4.221154813256497995e-01
4.890652313263398332e-01
4.818261610576623499e-01
4.923340746492771425e-01
5.277692304154990577e-01
4.949490768407325270e-01
5.384134249491058233e-01
5.251809517365210178e-01
4.872185862304549975e-01
4.611258221261600454e-01
4.879546187400560786e-01
4.942358458758738804e-01
4.986452338098270043e-01
5.292274599448743011e-01
4.982764682062858497e-01
4.825461637805856796e-01
5.064907942951256681e-01
5.434666429874246418e-01
5.291177764292326335e-01
5.310955587734096373e-01
4.760294776013376805e-01
4.958757220334005233e-01
4.912438117041015295e-01
4.754965447357770159e-01
4.858158391250625430e-01
4.926280554495072184e-01
5.003477869585069016e-01
4.877590483396385679e-01
4.642502558882233843e-01
4.997605659006075229e-01
5.298713606066774995e-01
4.912614539516611534e-01
4.240986781383840887e-01
4.455977493286903401e-01
4.718709668195369966e-01
4.836144537827573031e-01
4.671960861840556700e-01
4.962269609919303659e-01
4.505825946847266672e-01
4.956383301471088965e-01
4.989909668541369081e-01
4.601753304724890969e-01
4.920695221850280299e-01
5.355370853629708439e-01
5.124432169015172844e-01
5.025058127290025212e-01
5.021481117346805467e-01
4.795380813124255903e-01
4.959607584433582961e-01
5.117717666947596555e-01
5.111010679190399753e-01
4.993853624193783647e-01
5.013897795064745644e-01
5.363674655658099422e-01
5.305478448265666946e-01
5.558029118272924674e-01
5.487907758899475130e-01
5.803378052621396277e-01
5.507087669848708122e-01
5.290741165422122583e-01
4.950130365429449286e-01
4.939998945655794116e-01
5.257775199108626341e-01
4.945778013807245466e-01
5.702292323278692621e-01
5.123509800045676910e-01
5.327904554543716475e-01
5.073214435159691948e-01
4.759067744124070853e-01
4.949454959399526288e-01
5.216584237080347242e-01
5.458368461505346270e-01
4.850756807295044104e-01
5.000999672332843149e-01
4.557806654890047549e-01
5.086870278088931885e-01
5.561769592211845969e-01
5.260421750103748684e-01
5.014383953350978196e-01
5.192617866687166961e-01
4.825500056420432560e-01
5.058816265683035995e-01
5.151261911932748516e-01
5.080753116256618851e-01
5.049953233162244315e-01
5.041009973213529394e-01
5.367313357719987188e-01
5.317820374543889006e-01
4.958054799866162266e-01
4.501443552567989115e-01
4.692824777586825924e-01
4.330297130636023839e-01
4.434333559292939486e-01
5.093445971101886460e-01
4.913232196105440375e-01
4.971233984550757490e-01
4.672059389163363274e-01
5.089946451104484515e-01
4.935619767469845431e-01
4.409217029053487114e-01
4.706246933275761157e-01
4.914851909406162678e-01
5.027773396517414284e-01
4.852985004473456820e-01
4.925148364732306328e-01
5.001836907771409768e-01
5.068244234534960979e-01
4.922208526779561777e-01
4.891941882436655065e-01
5.185996154197949348e-01
5.010429458772381883e-01
4.992687292722621240e-01
4.796220096475874439e-01
5.224393549574536388e-01
4.956377890545907161e-01
4.885648728015739017e-01
4.976037729931028220e-01
4.979969906907691368e-01
4.576771820310534533e-01
5.097062728778395391e-01
5.217545838535463387e-01
5.394619863364839008e-01
4.916354715884840854e-01
5.562533496541531841e-01
5.083035559097682787e-01
5.003470943152840134e-01
4.975721645440339125e-01
5.050677871395580221e-01
4.530431925332648602e-01
4.974213754088164241e-01
4.540035886875606330e-01
4.543653690869269846e-01
5.063914127444426594e-01
4.454642558588189916e-01
4.672739997973844872e-01
4.308436306248678571e-01
5.014079212549736875e-01
4.809473492885119050e-01
5.152614845394478671e-01
4.693736383396737710e-01
5.066175021219746499e-01
5.183047389712700515e-01
5.609278732788605115e-01
4.976932993409226014e-01
4.883147785636131610e-01
5.231790616077137690e-01
5.428417444900818234e-01
4.960949157350340033e-01
5.499211133469563695e-01
5.193470739872753095e-01
5.016283704003671184e-01
5.101019555074723932e-01
5.038455393350631528e-01
5.152635419617781487e-01
4.979937488008685520e-01
5.119828096833519693e-01
4.750321002196000175e-01
4.651582095959190810e-01
5.263464540212204890e-01
5.250633330475319438e-01
4.513107564079181233e-01
4.709620778992263945e-01
4.824227184051925743e-01
4.739568180827312127e-01
5.341097874254217004e-01
5.104306231695298068e-01
4.622815918663076284e-01
5.030251089156564381e-01
4.376591513481905560e-01
4.835531058766712187e-01
5.126564225480579884e-01
5.033343087242517777e-01
5.083730795123090340e-01
5.116434925876290896e-01
4.960008915152382958e-01
5.118450786407818809e-01
4.829063251112390431e-01
4.639203042907836250e-01
4.859924687480049466e-01
5.086695024278283794e-01
5.035242449114488705e-01
4.640699047946925115e-01
5.175662235463056593e-01
5.229726702011231465e-01
4.598080572996274262e-01
4.791034613383708396e-01
4.920804212975565251e-01
5.562278851747396446e-01
4.808973619669409394e-01
5.100632927526572713e-01
4.987927403349058375e-01
4.909638687793896339e-01
4.979106191725886088e-01
4.494432384233079114e-01
4.984206653845592583e-01
4.834418660511560772e-01
4.729954165102212560e-01
4.766924332730689828e-01
4.991182914074508981e-01
4.394407335561068551e-01
5.123653544101185453e-01
5.259826915722582985e-01
4.971189485006229369e-01
5.265726095248582928e-01
4.949115327449082335e-01
5.125961546649066003e-01
4.945979632062876274e-01
5.203151579095350865e-01
4.919903534489488139e-01
5.051494555827611421e-01
5.279520032871289903e-01
5.458242548069384137e-01
5.274973395032166446e-01
4.711449953032881832e-01
4.710838859865398298e-01
4.610121455172025984e-01
4.894636699327275520e-01
4.641711449387204147e-01
4.615904156218553211e-01
5.053700247669494772e-01
5.121315177087688575e-01
5.319027386890610165e-01
5.189464432065332700e-01
4.730256433927699233e-01
4.873800772472883791e-01
4.959196647898602706e-01
5.019269333589957416e-01
4.914044409749402376e-01
4.547533906352242417e-01
5.074182521966981163e-01
5.096127713495269829e-01
4.821175815704423218e-01
5.525200662284822650e-01
5.076692219620726476e-01
4.920826779274298790e-01
5.358679540079680503e-01
5.130255999596540217e-01
4.692609757696884487e-01
5.058054609182739414e-01
4.324489827689170784e-01
4.629000903580067772e-01
4.859197084303406022e-01
4.984920595883531869e-01
5.146246038795649902e-01
5.353655865772856126e-01
5.176145591554587311e-01
5.194097442965038836e-01
4.785298629930260228e-01
4.893479303687255921e-01
5.289983664898073590e-01
5.347185313411486618e-01
5.023365193399975670e-01
5.052394841015811489e-01
5.203259635071690870e-01
5.010882024256221312e-01
5.208729498313712236e-01
4.992824966640804774e-01
4.863046247815956402e-01
5.269577265490120732e-01
5.131040123209694714e-01
4.763676420497827690e-01
5.220717587631784617e-01
5.058738614479932894e-01
4.993924069114725195e-01
4.922597988226530275e-01
4.571829136259923931e-01
5.275576957818944868e-01
5.057771681916184425e-01
4.819380528063852420e-01
5.287886198744765620e-01
4.996442907173334058e-01
5.118573725363810833e-01
5.466439236799713886e-01
5.145329190971946742e-01
4.941452404024267442e-01
5.001116099475841903e-01
5.141145392573819306e-01
5.056578107441200842e-01
5.224223145243451771e-01
4.863678069013812055e-01
4.924325100665166155e-01
5.268490281808563269e-01
5.312163181184629268e-01
5.430089237681865466e-01
5.246548606808463244e-01
5.218992839909344372e-01
4.810978257156566795e-01
4.746414273038748188e-01
5.170926674544564783e-01
4.952983278938399292e-01
5.172048344671861253e-01
4.909416752618640523e-01
5.030911035178567969e-01
4.942731763990182992e-01
5.334493289951449668e-01
5.078952791688624568e-01
5.002852595291998883e-01
5.042677834321918073e-01
5.140518379569195551e-01
5.114589250246216467e-01
5.030914385096010299e-01
5.047425911096093953e-01
4.995770125088574987e-01
5.308138788883122183e-01
5.122271696125619833e-01
4.971136313105237181e-01
5.127968198570714842e-01
5.014945148850946666e-01
5.048318638253080914e-01
4.881395459253017322e-01
4.761418310270260079e-01
4.809912610285847490e-01
5.269932455822420314e-01
5.313976515096421327e-01
5.374092935460756948e-01
4.869594602763422930e-01
4.847098898016060642e-01
4.928272588860400649e-01
5.331192538959055316e-01
4.595548064454949566e-01
4.990196422828526712e-01
4.701840489603829609e-01
5.015943187588666197e-01
5.173471530333989543e-01
4.782667189181402656e-01
5.140620366913510875e-01
5.263519259486831858e-01
5.028533147157514538e-01
5.406618420956321724e-01
4.906173817850686403e-01
4.677378106757177911e-01
5.052266957560024307e-01
4.939935359508009771e-01
4.700033353208782905e-01
4.662025651949732730e-01
4.800901239600066650e-01
5.007306650175304963e-01
4.862203242032441253e-01
5.068045111621436449e-01
5.017097236073723154e-01
5.344313582514765848e-01
5.040030126542468514e-01
4.841542922541545169e-01
4.955018103343771796e-01
4.974901480497470607e-01
5.121126946717944328e-01
5.087037421276739968e-01
5.405163731296475094e-01
5.002210584639155133e-01
4.835751044404561494e-01
5.360554598475661958e-01
5.612723420885346037e-01
4.811604086388646673e-01
5.145386100030424625e-01
4.903967875290921041e-01
4.887821545011439284e-01
4.848541770049261124e-01
4.798517432892947521e-01
5.120497159524286523e-01
4.781788896927549048e-01
4.836628157216901758e-01
4.412394577570775134e-01
4.908529742329680312e-01
4.636541204132398342e-01
4.507836223840400169e-01
4.675211498186195858e-01
4.836048937865933817e-01
4.554666802102038115e-01
4.944150018907707556e-01
5.181016898092039025e-01
4.857006772365042857e-01
5.146931776641049394e-01
5.803304633528760803e-01
5.254504075998431833e-01
4.595442272460764088e-01
4.716757724172637167e-01
4.756164096058114743e-01
5.048460619733595722e-01
4.477015921526901754e-01
4.843534199892479131e-01
4.866539438571889642e-01
4.997130762702814422e-01
5.274984747736373158e-01
4.752704629807538717e-01
4.870281393523044899e-01
5.320589091327148079e-01
5.486571395514383553e-01
4.883669746883781415e-01
4.809137601233126058e-01
4.997925780993888734e-01
4.273454116264766012e-01
4.711265746644718311e-01
4.870054521384010182e-01
4.869744924683199194e-01
5.327941280643397892e-01
4.711204527281964705e-01
4.989539962529312422e-01
5.108084302605175875e-01
5.238401691006812078e-01
4.788598133685260660e-01
5.028085880506892869e-01
5.152761760190938123e-01
4.895991604858447865e-01
4.939466426088036100e-01
4.927417219350330724e-01
5.201575242318809966e-01
4.841444044205598374e-01
5.444810646219884198e-01
4.961474164621152427e-01
5.193336312726184456e-01
4.944447249156150304e-01
4.919257889965643615e-01
4.709565598110315721e-01
4.657558778757092122e-01
4.958483065668579659e-01
4.790278890763871034e-01
5.168933903304219202e-01
4.277248487170122182e-01
4.865138441090494092e-01
4.605364997706461461e-01
4.568888757495931929e-01
5.181540746702713029e-01
4.845315761976788926e-01
4.984301681584157317e-01
4.665935430193816624e-01
4.872074061298010128e-01
4.542330836610460332e-01
4.930055045433391347e-01
5.217138007861622517e-01
4.953859442197696694e-01
5.045022906936338369e-01
5.122999061607781401e-01
5.308729850904767567e-01
4.708469562078578807e-01
5.150801187771635314e-01
4.722740852302277359e-01
5.321041869400835456e-01
5.028829002325372333e-01
5.072666886915764284e-01
5.155936573035359016e-01
5.384218106122719005e-01
5.311207651029498100e-01
5.263446461558073386e-01
5.375802856276228336e-01
5.406237555063340139e-01
4.581697060056285631e-01
5.199207187643539729e-01
4.838083938083969637e-01
5.333609336589616445e-01
5.105719313238825663e-01
5.103686712252675228e-01
5.086105504965242607e-01
5.200481516276729277e-01
5.099892708499460525e-01
4.864832577002223823e-01
5.672811703903952729e-01
4.932960910136672261e-01
5.271059929344387163e-01
4.831896434971370557e-01
4.692222941874120701e-01
4.348387742058055783e-01
4.509483050979163354e-01
4.585766070890069934e-01
4.849594510109670464e-01
4.721754984026286794e-01
4.550225154680219153e-01
4.307199258167712652e-01
4.163874322183220844e-01
4.934188133920774377e-01
4.911552204845670011e-01
4.479305508516842060e-01
4.534297659076962361e-01
5.072517932162137200e-01
4.698334735805825835e-01
4.301668732963356279e-01
5.318940672875747122e-01
4.806687543924550443e-01
5.052367717896223409e-01
5.251314131499225102e-01
5.159299212914899568e-01
5.458504654552005508e-01
4.912373783939538718e-01
5.328778678735324181e-01
4.688004345402247419e-01
4.865115500458407349e-01
5.005617744508518152e-01
4.670978917750490123e-01
5.301238434710929814e-01
4.729024999299150656e-01
5.178943676677558727e-01
4.997179559804378335e-01
4.822012846488681892e-01
4.905963836623216667e-01
4.506691241140729498e-01
5.382309033265245679e-01
5.342994492153956276e-01
5.129533567198343302e-01
5.393722555710017685e-01
5.130945842144988278e-01
5.253637809262206027e-01
4.715112905393787912e-01
4.853005345628433886e-01
4.649261030721115739e-01
5.107740194023367986e-01
5.083525801103007113e-01
5.343902510878399958e-01
5.160322588759503892e-01
5.252494068079380796e-01
5.354278779984370518e-01
5.097464734346383031e-01
4.831551993878733242e-01
4.908700227872585531e-01
4.921634587505054892e-01
4.966776384785551168e-01
4.921117688955050640e-01
5.031849153287336618e-01
5.182467322842531088e-01
5.213835486257331064e-01
5.300942316592867076e-01
4.838871096522434634e-01
4.565285043439826218e-01
4.807435137890337939e-01
5.274431073955438976e-01
4.672025690277783472e-01
4.947002037550909392e-01
5.193919958418773408e-01
5.197721755478875716e-01
5.031866361083559003e-01
5.175914388841262870e-01
5.160766748331743203e-01
4.979172025933251700e-01
5.460276007311515301e-01
5.146560133992380548e-01
5.508522120979192360e-01
4.931156566420822895e-01
4.936889659922498175e-01
5.083812086647661044e-01
5.112291847024624802e-01
5.192868183565580997e-01
5.064361306576962152e-01
4.867420874333071024e-01
5.132220441363869456e-01
4.727724970145444905e-01
4.731477756685599223e-01
5.639544736329502594e-01
5.058225849519992767e-01
4.948305140813473724e-01
5.155482923982204202e-01
4.765223703327669535e-01
4.521359277765314988e-01
4.864098186413949310e-01
5.170425128094408018e-01
5.060823180845316349e-01
4.909851605338625413e-01
4.334901488020896920e-01
4.328980163564221106e-01
4.978948324339675935e-01
4.922392800370742338e-01
5.218128921298279543e-01
4.846400668226165109e-01
4.597987722297963153e-01
4.198382119910629706e-01
5.000543536335397832e-01
4.469824758837077083e-01
4.838636370935106013e-01
4.573315028874447297e-01
4.686682792072219272e-01
5.192848581926110541e-01
4.909606394734891133e-01
4.791690588827099417e-01
5.279338359621106314e-01
5.268886380729973506e-01
4.844279223690432512e-01
4.884195204382084099e-01
4.963435831181430835e-01
5.095806522392236637e-01
4.705718168891248609e-01
5.161516869791930029e-01
5.165879820759041730e-01
4.864891955180450922e-01
5.048684639023676146e-01
4.818247921019213065e-01
4.779440865544247186e-01
4.649648018218575096e-01
4.850532010387254567e-01
4.845524326277553806e-01
5.457930083421049794e-01
5.280930430420134325e-01
4.958599554582385216e-01
5.159015897295959885e-01
5.231135261613016896e-01
4.296265479511330865e-01
4.911838691327487516e-01
4.683090494122577052e-01
5.005325509313942600e-01
5.055463954273752281e-01
4.966657161418507882e-01
4.720656622997190244e-01
4.973273021210289913e-01
5.360808677143980017e-01
5.027592774198049730e-01
5.105283047226235604e-01
4.719401796063319443e-01
4.671898525935324065e-01
4.743140937260477141e-01
4.903891359780049308e-01
5.345973607027021401e-01
4.772430118407797739e-01
4.762374599320950974e-01
4.951178885035482646e-01
5.037608524386496534e-01
5.414585011438806106e-01
4.805173407273693464e-01
5.473328548111282554e-01
5.026297857810443359e-01
5.276293688143779415e-01
4.914191601089504813e-01
5.224460055028502525e-01
5.290361100380212012e-01
5.205950780618816554e-01
4.962920543521266437e-01
4.312095366649439931e-01
4.822158275305333253e-01
5.107688762691752205e-01
5.400726912876441244e-01
4.296873218157390983e-01
4.760145342640512700e-01
4.931563872211101041e-01
4.687468396566758511e-01
4.883837135919517625e-01
4.636669275438015658e-01
5.228410260103807383e-01
4.304056473198527022e-01
5.451760983033152597e-01
4.761449279016887748e-01
5.016984102915622579e-01
5.373637781517867085e-01
5.321432141760759071e-01
4.550815912639356586e-01
4.966088886720209650e-01
4.460979467444630142e-01
5.196269249608688190e-01
5.109719684696959474e-01
4.314058486865355868e-01
4.706967839655054608e-01
4.587017871535732372e-01
5.126578207457100911e-01
4.385347404826197559e-01
4.672022199459170411e-01
4.870322025329942850e-01
5.428729766164417381e-01
5.085212355866424172e-01
5.206925063687861677e-01
5.052439895186673358e-01
5.265411655200930019e-01
5.016918266093483014e-01
5.095504396163945682e-01
4.883594879387486154e-01
5.031518995571426789e-01
5.220930812627840867e-01
4.766638835102070537e-01
5.198745823835806412e-01
5.206516292381025979e-01
5.408701270684947993e-01
5.161418644707145287e-01
5.010835082954652187e-01
4.793858329769817850e-01
5.115848656428239050e-01
4.962652188934282838e-01
5.345606129007057783e-01
5.082716694570124094e-01
5.257847362712441130e-01
5.195243190818683576e-01
5.278051269705722470e-01
5.148193701033395575e-01
4.801297638452639016e-01
5.112620288821234649e-01
4.920696682303183356e-01
4.636271767362072360e-01
4.990726336466921320e-01
4.879743662072488775e-01
4.670573790264953007e-01
4.461221554309577897e-01
5.216204709973591980e-01
4.664512962725445022e-01
4.630948519782185357e-01
5.024320901491604596e-01
4.932020446011817771e-01
4.817709499037647891e-01
5.184356611122233893e-01
5.337064752307723037e-01
5.350270395906470133e-01
5.006703588927303716e-01
5.180935891028296547e-01
4.986282339719838030e-01
5.287496948540967301e-01
5.404857048323510327e-01
4.989158550673649661e-01
5.199536088593690319e-01
5.443865451806280120e-01
4.618581777844171787e-01
5.232649094760624120e-01
5.049349678816940079e-01
4.707118011926282319e-01
4.634861946472391692e-01
4.983816673113539708e-01
4.884473387739882155e-01
5.062589430331415619e-01
4.938241369485742438e-01
5.058520317049752801e-01
5.314654004603591719e-01
5.124624420216472576e-01
5.211347482179881085e-01
5.366040203064482705e-01
5.037185814305503717e-01
5.088889251174363304e-01
4.989088165642706074e-01
4.956016655029693574e-01
4.356313970702804794e-01
5.150008789154074673e-01
5.308019393395442265e-01
4.872576770775468580e-01
4.831516282526196471e-01
4.852316716742182123e-01
4.890164783131494830e-01
4.742702881717957286e-01
4.924756834240088255e-01
5.119853315196171151e-01
4.855244895502535685e-01
4.921245799996376014e-01
4.857027894068722818e-01
4.707294988688300319e-01
4.832580983887493908e-01
4.842757676977164638e-01
4.414049216065655257e-01
4.823128668419086051e-01
5.010858730293040741e-01
4.626570690417308729e-01
5.103357909385218827e-01
5.229788105530602804e-01
4.835740568976999998e-01
4.783683141664494265e-01
4.976439896694556664e-01
4.937870842916083358e-01
4.689005423582723320e-01
4.530999745212188068e-01
4.904326008801132564e-01
4.774730530895310854e-01
4.862784408502092703e-01
4.901211479236013413e-01
5.053524824277609850e-01
4.854309478941852829e-01
4.866488095984324858e-01
4.812118719266794686e-01
4.898235759781122134e-01
5.276685016120091776e-01
4.751477637206878435e-01
4.753045316128197140e-01
4.865565087279341006e-01
4.690847829989612250e-01
4.369187860189009953e-01
3.986876208508449149e-01
4.078672559619751503e-01
4.590293420891495835e-01
4.103392182400725230e-01
4.292679662790999107e-01
4.193033067794290636e-01
3.868092212411631259e-01
4.704423419826148645e-01
4.675154541765279559e-01
4.691493145642004481e-01
4.909703935974451539e-01
4.908764675672036004e-01
4.824099765631242875e-01
4.790089566794351050e-01
4.915223364681383655e-01
4.964383864046014727e-01
5.285646803959906936e-01
5.425290392953127094e-01
4.938083486351920737e-01
5.073511856686840904e-01
5.048554978485415567e-01
4.677832627610291061e-01
4.486879244351179574e-01
5.060247982188469384e-01
4.811791444053818423e-01
4.690501086640103678e-01
4.292989173855001339e-01
4.579683682881164897e-01
5.459822322233816028e-01
4.943654027488342262e-01
4.386575880018690476e-01
4.694791833969114703e-01
4.319836619979167125e-01
4.896806899509291156e-01
4.397165297513385696e-01
4.893065266826409632e-01
4.582674141426478220e-01
4.892390401152295620e-01
4.661289057825060977e-01
4.911387961009399672e-01
5.026761705644737788e-01
4.689331303989090483e-01
4.724189092708644400e-01
5.050240152300033980e-01
4.874414570789176171e-01
5.054477986299948933e-01
5.351460236590417363e-01
5.079673361126426645e-01
4.580122397822080638e-01
4.648830232033533405e-01
4.619498703040430532e-01
5.493674958027225941e-01
5.043497680341985090e-01
5.260913087958517531e-01
4.368191307723314765e-01
4.915450650528624954e-01
4.846471584242648678e-01
4.566917073117717774e-01
4.663853794023686272e-01
4.954661512324717298e-01
4.745901449117250204e-01
4.741099333915695380e-01
5.213541741468279422e-01
5.034134700604574464e-01
5.222430300171232442e-01
5.443320078817170948e-01
4.814748758124564598e-01
5.190083964974666619e-01
4.986294527798095788e-01
4.755803484495402245e-01
4.906640935489740007e-01
4.798713472965465132e-01
4.737118010878010321e-01
4.642107572374169489e-01
4.994997200188883713e-01
4.778284849106032017e-01
5.542461630346472434e-01
5.036602304813394548e-01
5.179998496248592321e-01
5.132437124001080209e-01
5.242784789844148197e-01
5.409614538681067897e-01
5.516412803220338557e-01
5.385934204172184714e-01
5.018662296075482310e-01
5.169151204045873138e-01
5.161402654286270097e-01
4.927059847366870304e-01
5.041329505551921386e-01
4.814528633916743683e-01
