4.152075383283009291e-01
4.052506131895170505e-01
4.017126725549374222e-01
4.040091269912786665e-01
3.982269748121360364e-01
4.324459501003869999e-01
4.074238668598623714e-01
4.137925944959623958e-01
4.390944570234797117e-01
4.148083422815919130e-01
4.005950034683597449e-01
3.952717453476977671e-01
4.136231859441761860e-01
4.391613450120458451e-01
3.452961822283598936e-01
4.236654084253357322e-01
4.210690833990533566e-01
4.346195925886705003e-01
3.995417763745370832e-01
3.823131026588079684e-01
4.909214217349204268e-01
3.871839637644273746e-01
4.241007649706189930e-01
3.628890015542898251e-01
4.422712737324911436e-01
3.920564928971239649e-01
3.854852908115966037e-01
3.906719546472253168e-01
3.734548638876855620e-01
3.522435197745020230e-01
3.365451812193456793e-01
3.510021465099095184e-01
3.874590657134489025e-01
4.074192443898729810e-01
3.539309950351364198e-01
3.826671791722741078e-01
4.099726207305832149e-01
4.330302555071897652e-01
4.226232903422699194e-01
4.123371151717221683e-01
3.912044511419671133e-01
3.677874026250105843e-01
3.576351097664927092e-01
4.311449886955495137e-01
4.767608224178743193e-01
4.148312992322510384e-01
3.646753646647263869e-01
3.873700503644526005e-01
3.951054353517710616e-01
4.773706514040461646e-01
4.295978798999881554e-01
4.083397301444023353e-01
4.027997331795984959e-01
3.922401872842685155e-01
4.411919230501800682e-01
4.300683813650620912e-01
4.046580734033073390e-01
4.377029822695320815e-01
4.171326446284140954e-01
4.008243510737969917e-01
3.997511694124183945e-01
4.296804003865879462e-01
3.562913827243330833e-01
3.776356117142452007e-01
4.194168978281770377e-01
4.341854026275053791e-01
4.108349892604940545e-01
4.223013729006474537e-01
4.152496681317292548e-01
4.260261264745654475e-01
4.330938498363833822e-01
4.206230756799168025e-01
4.108281049709910926e-01
4.173365252695827587e-01
4.111347016615189420e-01
4.178988207224256790e-01
4.509075810355309133e-01
4.202399347209729852e-01
3.785418508099749335e-01
3.881834794081284734e-01
4.146393394939391075e-01
3.947863517596142957e-01
3.416742865725978517e-01
3.852483452774871919e-01
4.332478406089628753e-01
4.412587560353617988e-01
3.537042362389037353e-01
4.251153097444566598e-01
4.170438305215868890e-01
4.050343385724636258e-01
4.080904644676289772e-01
3.780014373708345254e-01
3.784457580690696599e-01
3.985608057581507269e-01
4.320760063317097832e-01
4.114331107137513266e-01
4.213188160459524489e-01
3.882184418783847790e-01
4.428671257889629231e-01
3.586427465577823881e-01
4.772759988355660399e-01
4.260249437035473763e-01
4.475028207526338120e-01
4.802924803391085407e-01
4.452512846814932757e-01
3.637859207218094304e-01
4.088473736383176904e-01
3.928636815910507285e-01
4.352885360669983550e-01
4.020342655007519417e-01
4.307018937478420129e-01
4.281233607973677358e-01
3.730289803149893224e-01
3.969511784475875937e-01
3.672659391412961272e-01
3.555112759538605061e-01
3.919530405645026416e-01
4.435639437439845567e-01
4.009013715554302637e-01
4.179059635110684567e-01
3.928997909432083713e-01
3.871804855888159036e-01
3.562285994662535704e-01
3.339931056227036232e-01
4.217233088547057140e-01
3.821718197180673515e-01
4.039039214072007167e-01
3.652231467545836718e-01
3.640648553407065391e-01
3.543894561908108032e-01
4.051841704601196748e-01
3.852089994965640085e-01
4.066824982680622425e-01
3.801698059318689427e-01
3.930504923599890121e-01
4.344254605036568795e-01
4.143361906149219953e-01
4.077508164092332188e-01
4.082127625324383224e-01
3.662555092928126421e-01
4.295164226878226410e-01
4.117841375948079752e-01
4.187066626627099497e-01
4.181274726678089193e-01
4.335885531858013064e-01
4.180577292875312101e-01
4.067829846607919908e-01
4.399037677794657708e-01
3.882699972599884530e-01
3.978882253884428177e-01
4.144659481432073633e-01
4.414883044505770182e-01
3.552006606339342398e-01
3.659214874797049877e-01
4.408968222646551527e-01
4.029597161693015961e-01
4.304424576880189202e-01
3.976557409229846685e-01
3.953055993266829105e-01
4.258114987881292945e-01
3.963843579192770084e-01
3.666246472599959949e-01
3.875800406068241055e-01
3.847909442785396039e-01
4.109689785391242856e-01
3.906391141978866055e-01
3.765804141582740350e-01
3.756955973025051798e-01
3.807341418716269077e-01
4.329279707165553659e-01
4.543441225538050743e-01
4.375771083228918723e-01
3.945719731608871572e-01
3.880308752465049249e-01
4.156040591805554296e-01
4.106170581899730165e-01
4.122254115041550371e-01
4.544187529047291618e-01
4.304135089090541655e-01
4.018450780461111371e-01
3.917216680554710395e-01
4.398553597190666409e-01
4.214159255450850572e-01
4.203471001511495664e-01
3.631380395306781361e-01
3.847315677409329226e-01
3.579944277864273716e-01
4.307829848890057933e-01
3.977663317997769954e-01
4.001294956288168336e-01
4.025376475975018242e-01
4.030095492099389221e-01
4.069546179233147210e-01
4.066913356624595188e-01
4.514010805185362241e-01
4.160230351961544670e-01
4.029661518182740543e-01
4.045630713593143524e-01
3.816476171420907781e-01
4.033229515474777149e-01
4.262235381736803608e-01
4.744920906770890845e-01
3.744114927827992267e-01
4.167329387067382762e-01
4.370327179502112580e-01
4.121208947017404034e-01
4.458204672724249695e-01
3.856927257033827550e-01
4.245005449901806949e-01
4.168642046571148230e-01
4.509365521832755519e-01
4.779071751368424992e-01
4.222966517131570008e-01
3.913009689743008890e-01
3.807168931819808200e-01
4.001263690422168784e-01
4.090157623535545794e-01
4.063743701543756082e-01
4.312421498689965604e-01
4.118519628792270404e-01
4.225455041803961587e-01
4.521533038013803574e-01
4.271397369994060500e-01
4.441133748763470002e-01
4.139479559026195132e-01
4.376619855741488152e-01
4.156771355621404207e-01
4.465416795172195141e-01
4.214153370568682333e-01
3.825417036931921255e-01
4.187510617276716807e-01
3.875575330701787058e-01
4.351761191849877197e-01
3.611193115354836558e-01
4.016255635024993387e-01
4.257137663635046088e-01
3.951656500782692039e-01
3.865671159725033723e-01
4.025642782739200509e-01
4.328970276001788409e-01
4.412232654595322212e-01
3.882927811593038792e-01
4.220860604127860682e-01
4.144579566774544421e-01
3.918731070833534336e-01
4.043841026880379275e-01
4.411114419360862571e-01
4.267247107062491773e-01
4.209784093679687644e-01
3.828745943646477690e-01
3.981077966052495865e-01
3.590579996483258540e-01
4.089319240469609928e-01
4.226042359212042743e-01
3.702714080180318224e-01
3.910352645059367860e-01
3.556397365757466567e-01
3.907212166359657624e-01
3.752165237953418719e-01
4.142390535794682194e-01
3.764348777373086041e-01
3.868455251087011271e-01
4.163674490025149888e-01
3.802258533413478969e-01
3.463883904809745840e-01
3.900574353752401247e-01
3.942049511991994049e-01
4.123157139400082105e-01
4.020394544062701470e-01
3.526739013584562765e-01
4.164746926179348496e-01
4.018495858960686729e-01
4.207968442358374084e-01
3.848911382594415453e-01
4.121153594848889767e-01
4.140744459192274296e-01
3.537935233504452825e-01
3.680562665637404085e-01
3.633009576325520462e-01
4.063837586006567304e-01
3.782971867054837900e-01
4.011801950143946693e-01
4.096568598706696318e-01
4.281043183978456845e-01
4.018851616977291430e-01
4.129444409523257975e-01
3.729383663305180785e-01
4.169909573857740748e-01
3.819953718440057822e-01
4.061742933343534534e-01
4.130985435715469056e-01
4.053893575268721627e-01
3.944910325811390450e-01
3.996301500963797548e-01
4.340825433943845124e-01
4.645991915499598224e-01
4.431728407457919960e-01
4.214323374100980568e-01
4.473934232847454062e-01
4.219077957114196198e-01
3.803823044577162027e-01
4.704533879295522136e-01
4.381199239899095099e-01
3.747437623557861586e-01
4.078198294417997860e-01
4.030157436762624723e-01
4.320957117304934370e-01
3.935313251924488775e-01
3.802763468053386164e-01
3.866349186212987288e-01
4.363605889010222505e-01
4.416956171280450594e-01
4.036236094346887238e-01
4.366100408563980961e-01
3.592001004710544398e-01
4.201709821954635049e-01
4.171009124814046287e-01
3.908510629928759195e-01
4.264633821582387574e-01
4.040910503930446040e-01
3.930038419544377715e-01
3.820314016652691658e-01
4.151425709018244370e-01
4.132543859538926889e-01
4.097360648359054114e-01
4.115929314816750284e-01
4.226262009062891067e-01
4.613200786086330552e-01
3.510393990733354230e-01
4.200000865840834985e-01
4.223513265365614333e-01
4.488302276602416652e-01
4.007601836956172225e-01
4.003405848654585930e-01
3.929342960248125016e-01
3.872802735073728186e-01
3.797095533276647061e-01
4.052101663746845994e-01
3.849475127944524400e-01
3.602987149818444590e-01
3.761410564985162575e-01
4.253431508863831922e-01
4.095462825494894377e-01
4.015296734700499748e-01
4.389392880777723271e-01
3.832271419956886915e-01
3.997322064879306747e-01
3.861633286347527783e-01
4.686736197445618424e-01
4.396228461985658975e-01
3.746765064902506936e-01
4.001578512124805975e-01
3.869144569784706000e-01
3.718651308779012954e-01
3.953900463807815679e-01
4.083841397534228590e-01
4.268607557724024004e-01
4.258041650676237522e-01
4.157455202749880674e-01
3.865575804782508951e-01
4.020093315524601030e-01
3.977477353233397350e-01
3.895184524272057858e-01
4.150802424356598852e-01
4.646201218097552044e-01
4.558045453350885734e-01
4.068495028598412833e-01
4.160066958365777889e-01
4.142564775139644384e-01
4.321913343778476246e-01
3.717969477623338515e-01
3.630976853492752787e-01
3.200880663919796199e-01
3.781822777721997042e-01
3.611093303705424362e-01
4.422643818842159069e-01
4.317800256153626615e-01
3.916055019776393253e-01
4.173741756100293188e-01
3.543079524982706285e-01
3.946566709707426401e-01
4.153412391414140203e-01
3.915398891960760741e-01
4.318329139614812684e-01
4.203028175035702363e-01
3.601342058286811643e-01
3.968319264036802574e-01
3.885841633458440025e-01
4.053243251023258553e-01
4.438122287453893922e-01
3.936845451873258739e-01
4.062238441832766722e-01
3.829746373920565050e-01
4.166798686064001056e-01
4.252668326829744383e-01
4.230421767322746218e-01
4.325669612476453763e-01
4.131244109370439399e-01
3.857337282635737163e-01
4.484553349413190060e-01
4.429729857642407675e-01
4.141082370511609545e-01
3.881113074899648629e-01
3.757365750914871128e-01
3.706074465221616543e-01
4.101118167552815774e-01
4.348214306556906217e-01
4.095198256185473840e-01
4.030710310996897250e-01
4.070914026543731579e-01
3.555588055844481343e-01
3.168577919822351818e-01
4.052554763706199270e-01
4.078353063091061381e-01
3.521930359120226672e-01
4.027362150399070861e-01
4.439167469324896143e-01
4.043883037111198897e-01
4.031738391451784587e-01
4.134818179193974208e-01
4.111195923911525885e-01
3.534387686417856389e-01
4.253175298856344821e-01
3.986648073554968086e-01
4.232225663314991282e-01
4.451946523285165158e-01
4.176902360179907125e-01
3.580741515325100432e-01
4.375577008811722957e-01
4.586961468702842604e-01
3.916414387819552312e-01
4.019162803187757427e-01
4.022029261546357093e-01
4.160291985951659610e-01
4.258433445697826780e-01
4.352608497155142087e-01
4.425603163276574659e-01
4.089172592824353858e-01
4.138573875031546501e-01
4.256345363614535415e-01
4.577572652385983876e-01
4.250280190468883057e-01
4.054809499256741834e-01
4.352422485474275460e-01
4.299366078699358162e-01
4.715281009591551498e-01
4.553862033421452460e-01
4.159583484079100724e-01
4.095016857025111645e-01
4.249387636785088573e-01
4.597088743391440913e-01
4.191268989661339761e-01
4.659294542232848557e-01
4.454038775748171974e-01
3.925568998194476911e-01
3.933075781149620309e-01
4.145380872674902517e-01
3.701863688099308880e-01
4.283019527949240568e-01
3.910586054369252218e-01
3.870533207941251885e-01
3.385407191835287932e-01
4.273184959769616431e-01
3.987901624248567645e-01
4.670742829747123737e-01
4.342493572009819003e-01
4.309045435876862618e-01
3.946469388167059833e-01
4.056177167886119705e-01
3.853487172379332915e-01
4.108533354758241996e-01
3.909356793729715229e-01
3.982204553219166887e-01
3.795586959694377538e-01
3.491934120769850658e-01
3.712433498953792155e-01
4.107573046286518981e-01
4.251026388165481951e-01
4.145050450596398095e-01
4.239057871888727291e-01
4.280832703644699144e-01
4.016262543791883077e-01
4.094114114760637468e-01
4.219171001515409358e-01
4.041529894239940246e-01
4.142506320608098092e-01
4.165215297338406009e-01
3.989386024747192949e-01
3.786092046053630145e-01
4.213899439806078062e-01
3.554404991992849983e-01
3.953532789799835134e-01
4.159117900531903445e-01
3.582293906425519370e-01
3.968223716544612700e-01
4.027997301386381790e-01
4.404741206897594408e-01
4.161904298552568382e-01
3.565172053889780757e-01
4.264789546912690632e-01
3.989500059684819577e-01
4.511190141853786417e-01
4.239554409390109413e-01
3.981160775095040072e-01
3.993132348223163985e-01
3.941854395616590789e-01
3.874783645894044337e-01
4.397654993234970666e-01
4.395490509516277178e-01
4.412206406816419624e-01
4.597295953085517306e-01
4.257451186901153872e-01
4.775445538392011913e-01
4.540944022569428085e-01
4.094514805148739001e-01
3.937428031678393281e-01
4.357881985041102135e-01
4.369701127630468696e-01
4.182335947840037926e-01
4.556198986641222248e-01
3.973555048759424557e-01
3.861868381180484366e-01
3.820850290443075781e-01
4.032554754945497644e-01
3.945237344894868547e-01
4.176491716765570184e-01
4.394479143862805026e-01
4.105465213442438532e-01
3.996737680533452575e-01
4.092717486944459915e-01
4.423232417243677661e-01
4.261206560882796479e-01
3.657286227763686393e-01
3.777608754179900274e-01
3.917233433334603165e-01
4.025022101763272575e-01
3.857629592688571751e-01
3.909023996428206416e-01
3.692948980048820773e-01
3.988084437091873879e-01
3.857169822606565934e-01
4.269886928401561699e-01
4.185045499177825756e-01
4.534083433791597506e-01
4.398427589773862278e-01
3.997359233141599133e-01
4.113884300787053472e-01
3.989719262860436655e-01
4.218143687728458935e-01
4.288646447231588832e-01
3.795368238491976798e-01
3.630803543853322046e-01
3.678163942013905063e-01
4.136642249207841404e-01
4.469561422409524254e-01
3.931437724309168047e-01
4.157500758268976027e-01
3.596495556904938384e-01
3.969183953346840932e-01
3.937046642382549533e-01
4.140838181242872396e-01
3.751909433253527992e-01
3.933381982442514246e-01
3.853454203972118131e-01
3.994114437323054712e-01
4.328767035195522639e-01
4.248378019851260512e-01
4.518195946890858350e-01
3.851798275939479210e-01
4.387714491204149914e-01
4.245411004593792614e-01
4.419408913590849308e-01
4.374536195872838484e-01
4.138138634285328243e-01
4.061402262895768001e-01
4.030384715703954068e-01
4.195631242776219905e-01
4.197058819929531670e-01
4.279828256888860150e-01
4.500323489097038943e-01
4.553992688341880202e-01
4.510922039149504736e-01
4.023461716103897690e-01
3.813468602972242549e-01
4.281381689706521554e-01
4.099757097427086383e-01
4.180585631772459898e-01
3.741335728712762987e-01
4.151672332464679260e-01
4.339388793331420136e-01
4.053058445501647178e-01
4.063072006643321243e-01
3.882716883428786736e-01
3.740395527093973160e-01
4.258724095718892100e-01
4.151151226905908098e-01
4.291101727548882194e-01
4.108476080081372439e-01
4.313086595650430510e-01
4.164953980732171157e-01
4.254819224698119240e-01
4.587121175304985643e-01
4.368279665610960150e-01
3.804296478814194749e-01
4.240659157308226401e-01
4.175322983217216177e-01
3.768823601171076842e-01
4.403640633488260514e-01
4.288606730608097717e-01
3.936990932301694945e-01
4.156506603020634349e-01
3.880541623159906028e-01
4.047222249111170900e-01
3.914201861729471599e-01
3.714490530341437724e-01
4.079018122284097658e-01
4.291040454547178640e-01
3.817979064020256552e-01
4.661287215209445334e-01
4.369765307397129317e-01
4.212916743233198202e-01
3.516688584355878722e-01
4.082522647111045400e-01
3.762551471307664652e-01
3.802907860978129162e-01
4.210720866532909334e-01
3.964460761888964901e-01
3.985642501489279343e-01
3.904130945895423199e-01
4.486389685824523355e-01
4.472358899111276154e-01
4.339810429986616924e-01
4.454635820925503253e-01
4.359351954573437160e-01
4.124070868910482135e-01
4.114211136764093779e-01
4.034486095750164925e-01
3.813579752296205050e-01
4.181003634172034134e-01
3.991699532923541627e-01
4.191949714861490373e-01
4.010096202465630033e-01
4.423683046654526274e-01
4.186668533480212284e-01
4.567173035462209763e-01
4.013471372217813915e-01
4.146520977246873074e-01
4.300173609421301668e-01
4.541877443715497953e-01
4.141832023005124763e-01
4.007895434752312691e-01
4.044039836434370483e-01
3.977832694279960224e-01
4.178562679321852769e-01
3.974852587081980082e-01
3.896721318236731069e-01
4.000079827515822251e-01
3.532796705064945586e-01
4.086840967009287562e-01
4.420964264194467419e-01
3.928010286681920538e-01
4.504635761273714234e-01
3.836678281970187787e-01
3.935092801119492445e-01
4.414842550618860439e-01
3.806476911330729518e-01
3.664139076434503317e-01
3.619101682239140305e-01
4.027995592025815363e-01
4.211439369621632900e-01
4.076296375000452166e-01
4.320660447542696847e-01
4.069889367587007367e-01
4.314553069636057892e-01
4.229950878013817861e-01
4.182765707452363313e-01
3.505444741013987731e-01
4.297928081148454371e-01
3.850458120314654287e-01
4.215465025246383224e-01
4.336707694911626221e-01
4.096987904370480438e-01
3.681134991774804299e-01
3.750618420681213760e-01
4.049951341713260433e-01
3.962666606164960137e-01
4.251963444790731739e-01
3.951014290374285642e-01
4.280885313515560564e-01
4.555056319088782724e-01
4.122725424308673614e-01
4.131293825821564791e-01
4.408754098522335019e-01
4.331020221637198464e-01
3.858687316068450390e-01
3.868223045320207110e-01
3.754411927715024522e-01
3.874265821200516546e-01
4.058850759291692256e-01
4.249520380122694951e-01
4.400462962462212690e-01
4.478527581115086531e-01
4.193100081885977604e-01
4.331253502260789534e-01
4.537985111383641135e-01
3.975604238174093030e-01
4.238992920941118681e-01
4.025205754174664419e-01
3.662198919697301491e-01
4.307749007156922438e-01
4.002393770308150245e-01
4.376926032645552245e-01
3.812091805738129779e-01
3.840364497135579369e-01
4.302112427668715600e-01
3.921617039929543580e-01
4.313154923076178426e-01
3.924264054622619291e-01
4.350643109794102847e-01
4.051447650632389319e-01
3.711282452137513732e-01
3.927529668897129511e-01
3.866175032606848361e-01
4.267471247047083804e-01
3.865085490991402861e-01
4.433193691154045935e-01
4.402107395022534786e-01
3.831468372007329481e-01
4.056688667869827736e-01
4.263540964363515817e-01
4.498558110433210633e-01
3.838026090186266170e-01
3.980081836151172503e-01
3.982739207272551485e-01
4.049440949324241701e-01
3.788958006353041474e-01
4.549443539837997874e-01
3.927495782513656386e-01
3.615716601379699857e-01
4.211567698155923578e-01
4.282980262250572490e-01
4.268208148884056752e-01
3.834334578428144069e-01
4.486149001275324677e-01
4.491457132137582908e-01
4.124184381053671022e-01
4.347518893093419989e-01
4.356932253477094896e-01
4.239334381818388731e-01
4.249179421587847560e-01
3.987624962197244272e-01
4.289757260045715115e-01
3.968555584573200679e-01
4.396512952861936774e-01
4.007861039736760889e-01
4.344117989272567315e-01
4.336601408445036054e-01
4.313494424192806931e-01
4.557170304801373417e-01
4.262484472412396697e-01
4.412445097617886391e-01
4.346796647073830067e-01
4.434682753443101033e-01
4.469457580036064748e-01
4.320013816856277944e-01
4.566659472264176234e-01
3.607480062255588038e-01
4.016223716819921630e-01
4.304109140219296581e-01
4.178504759008199176e-01
3.760766201659718200e-01
4.095119935573886538e-01
4.169517516644540844e-01
4.521123993149104847e-01
4.171505062081425352e-01
4.184965770556765552e-01
4.384918901980739969e-01
3.793908694601092479e-01
4.285668434171913121e-01
4.270164613409221932e-01
3.981731648537959467e-01
3.782963714857095483e-01
4.046991426848977613e-01
3.931639201255464067e-01
4.530804947053765908e-01
4.310038789172060403e-01
4.195665440480684238e-01
3.700964284084959921e-01
4.088450141187959241e-01
3.692778275942131816e-01
3.646445671818924206e-01
3.911187149998459622e-01
4.176982389891391034e-01
4.135682627824540103e-01
3.877495334899832558e-01
3.628677112925201564e-01
3.732334113951680798e-01
3.027921324465854824e-01
4.014359266917381652e-01
3.944763584410636570e-01
4.133598524766071147e-01
3.286994578129283084e-01
3.891178698756416754e-01
3.703192472857311235e-01
4.295326991820500595e-01
3.858474493376599090e-01
4.648497621762907039e-01
4.115110038591202613e-01
4.560465533820410311e-01
4.275603823077400167e-01
3.907474166270787919e-01
4.370186468717451311e-01
4.641443315217644860e-01
4.524981735788596859e-01
4.007768750256326951e-01
3.833049181332900956e-01
3.857399994150086942e-01
4.611078346860849608e-01
3.866296325928850197e-01
4.405973280746834919e-01
4.903982606036150216e-01
3.981249243206867461e-01
3.941434879807812486e-01
4.203468827351969916e-01
4.214433270905820206e-01
4.103625309739547533e-01
3.903834094448163650e-01
4.175008658060053168e-01
4.240609998968662975e-01
4.024052946778367001e-01
3.947656356332273075e-01
4.214544527598642620e-01
3.710939883420563135e-01
3.649839263354726082e-01
4.195733580353929737e-01
4.106130822739329500e-01
4.367231327828539622e-01
4.630255298529515340e-01
4.230410990926616877e-01
4.186755469503691263e-01
3.879986637271696792e-01
4.251507969136857357e-01
3.962360528574244700e-01
4.093644787768104809e-01
4.068598791311434093e-01
4.601045922790310549e-01
3.903538528212593395e-01
3.858741314195183736e-01
4.434258066279191390e-01
4.494718961103795207e-01
4.028737125384705964e-01
4.181932227585123951e-01
3.544072988915771827e-01
3.740455823595306706e-01
3.569740186427659001e-01
4.206264808064548166e-01
3.783919973830778272e-01
4.400823099641743008e-01
4.130731068179041010e-01
4.142835345437469452e-01
3.939971217412070459e-01
4.066920509301378828e-01
4.021203670203447600e-01
4.315487552667096605e-01
4.096627985646056347e-01
4.158292321382263124e-01
4.135223086052378649e-01
3.961743605273284063e-01
4.337138453030425778e-01
4.366954343092822044e-01
4.319803801010239641e-01
4.285913395953371841e-01
4.021273854039170148e-01
4.032481829888779346e-01
4.270815705836539244e-01
4.547476313101869727e-01
4.051893464710800696e-01
3.640509478706975832e-01
4.122575395455260194e-01
4.311872029534246642e-01
3.954677175366094199e-01
3.721490840678298717e-01
4.231486526634167800e-01
4.236853688626182057e-01
4.362993982994498032e-01
4.273694551348048987e-01
4.775089659834340083e-01
4.368736970697101318e-01
4.137764659182733840e-01
4.251648885168484160e-01
4.074700133314769768e-01
4.546418082364805380e-01
4.020162412116805029e-01
3.583666420504882377e-01
4.009171457564597030e-01
4.028096520893358901e-01
3.983557632693756068e-01
4.417837627625728625e-01
4.180422754224966675e-01
4.060696982522715714e-01
4.127411666617890051e-01
4.535550475267520198e-01
4.006021003990005158e-01
3.635093357002189274e-01
4.299102323167285911e-01
3.973025849829428524e-01
4.114083301424303896e-01
3.721320287447375530e-01
3.840473782375115053e-01
3.800485338982831363e-01
2.621985919879193938e-01
3.752892895607931045e-01
3.878128068861567690e-01
3.692856330178171942e-01
3.960534845711274343e-01
4.252175507992135839e-01
4.246599346741059544e-01
4.039428678220873814e-01
3.844082907784256431e-01
4.086671460801469813e-01
4.066562948856328186e-01
3.981102855694013676e-01
4.228347349698502455e-01
3.652397230729761968e-01
3.655823658532726950e-01
3.572828104072369726e-01
3.990017129541214569e-01
3.967523665395374377e-01
4.055386945430156098e-01
4.300716270398240448e-01
3.790838967982037011e-01
3.558605516945721470e-01
3.713384636446570020e-01
4.073921232743636378e-01
4.368975065356293652e-01
4.499893726786359793e-01
4.037676029375016351e-01
4.119262374759165013e-01
4.231721842660063349e-01
4.181563890858959187e-01
4.245513900001600116e-01
4.286130957844200284e-01
4.154588231821067512e-01
4.294862268964579344e-01
4.249418893740301018e-01
3.929419148647438353e-01
4.087550718034240194e-01
4.927238889312161030e-01
4.476827438109947654e-01
3.831250647958525657e-01
3.858400395666770066e-01
4.507582020112834154e-01
4.079067569843787822e-01
4.383807721781149414e-01
4.496988055240762061e-01
3.878900611664090614e-01
3.951803229671278506e-01
4.417681378722754237e-01
4.153163967525153044e-01
4.327398475719645421e-01
3.600839989659389007e-01
3.885459302987263608e-01
3.936583379802677252e-01
3.891153700910214841e-01
4.129297246002604505e-01
3.983914530329693560e-01
3.838263542916220961e-01
3.982748019285039520e-01
3.609205281588091507e-01
3.767918963125702625e-01
4.298241438969471750e-01
4.346760435573682191e-01
3.688997059167110071e-01
4.031494836333535114e-01
4.098449021413753668e-01
4.997882470601900939e-01
4.226493646394585690e-01
4.102195227829375512e-01
3.948023097132484227e-01
4.328168245009055282e-01
3.985254437963065000e-01
4.075353558080886951e-01
3.931311376996429185e-01
4.596320940904577990e-01
4.537393453022717793e-01
4.189880379767687568e-01
4.129200185372077225e-01
3.930330168078745023e-01
4.233334149718586126e-01
4.119613178769804263e-01
4.256567903575559919e-01
4.129003727765496179e-01
4.229351748753706897e-01
4.334578540769455368e-01
4.235386413630904956e-01
4.005205801665726040e-01
3.956586353484924379e-01
3.865039843768665606e-01
4.512880144240065672e-01
4.197242703824674570e-01
4.535086600332899898e-01
3.789274841079586231e-01
4.262097640637931284e-01
4.190814953784544050e-01
3.900665045040415668e-01
3.853518799357007474e-01
4.705492059628367807e-01
4.059016953942281569e-01
4.183636778936833389e-01
4.128268600485645035e-01
4.237451143658813590e-01
4.214059661818465585e-01
4.512124209249596118e-01
4.438038180822015399e-01
4.199684696898093872e-01
3.976751652423541894e-01
3.841685014861311864e-01
3.866810701439443720e-01
3.793186323719399677e-01
3.856475788320837261e-01
3.967899179971229318e-01
4.068262617999082176e-01
4.280800266817863520e-01
4.229348720639352077e-01
3.831480643333487479e-01
3.863979815581518040e-01
3.522600508819539455e-01
3.814483641860134666e-01
3.557659176466217432e-01
3.956650729529622157e-01
3.910240562654441754e-01
4.166740976319825984e-01
4.548936091535879522e-01
3.856602336244602247e-01
4.225544546796132228e-01
3.919764269849389526e-01
4.009829364481146130e-01
4.028531917123890915e-01
4.268916005209009157e-01
3.972712337175732245e-01
4.052350648724346027e-01
4.269830821649371888e-01
3.550020747019132505e-01
3.715317412009384590e-01
3.941526539034393983e-01
4.084627371017435782e-01
3.657292317119776315e-01
4.353739944785563476e-01
4.268137472875133120e-01
3.999469143143685734e-01
3.798720892949347672e-01
4.053280823918877784e-01
3.848816903639034059e-01
4.177485904276900253e-01
4.345403760879317789e-01
3.851136873605701672e-01
3.881867415986237080e-01
3.949238729331838726e-01
4.227073561237428834e-01
3.589933383437623471e-01
3.710619789807372282e-01
3.717231475643899552e-01
4.297723269060919060e-01
3.932026687256057196e-01
3.855097988728956038e-01
4.258389403809437757e-01
4.315623807148686319e-01
4.091110319106352478e-01
3.663122947787920136e-01
4.127720795461961023e-01
4.236793767212027606e-01
4.367624984397387444e-01
4.099641348226912840e-01
4.255921292861785665e-01
4.497012940546196158e-01
4.690649938648399075e-01
4.619707068443323905e-01
3.780223129162019191e-01
4.456219215116440924e-01
4.384784355954504664e-01
3.622611631041154356e-01
4.059114962644446711e-01
3.943228678278417054e-01
3.385660674787128177e-01
4.287126903394368749e-01
4.214508769987423409e-01
4.002517663459055908e-01
3.669426691399934048e-01
3.767638276876265624e-01
4.127239166733920883e-01
4.026627292074869691e-01
3.763187954366934429e-01
3.980536907142405711e-01
4.445236558189568643e-01
4.043894565177041933e-01
4.421180142764232213e-01
4.389341897132125747e-01
4.076528827586251014e-01
4.182342626680951025e-01
4.127576119631812812e-01
4.686245337774570530e-01
3.901466270374081557e-01
3.917150594888065274e-01
4.115839674127804715e-01
4.213393135581518512e-01
3.702137012681269712e-01
4.033742978334260987e-01
4.268504418724802241e-01
4.360415119660860928e-01
4.271937297972421277e-01
3.949669955212830597e-01
4.082617208972373346e-01
3.786567469365548222e-01
4.662631626950820007e-01
3.961146316432416770e-01
4.414527663868543783e-01
4.358439816589790849e-01
3.871620571956375101e-01
4.171392702270327879e-01
4.430023679591714170e-01
4.421399906690655635e-01
4.370478988981876811e-01
4.457573434461277739e-01
3.995689454380617067e-01
3.835592379461176815e-01
3.963253432763391704e-01
4.090682756182686397e-01
4.084119739075696698e-01
4.378877763705915083e-01
4.171340705837078278e-01
4.313465039621595110e-01
4.081428189025291253e-01
4.230577061320557331e-01
4.405505174851802597e-01
4.095155377003240615e-01
4.588089498081331374e-01
3.716091101544123920e-01
3.801060273330795214e-01
3.987615345472627637e-01
4.022665410412599729e-01
3.936114049224702649e-01
3.819080822252767793e-01
3.369198381481146032e-01
3.677100165694439093e-01
3.463351545226569517e-01
3.417671520973504795e-01
4.048981151318855609e-01
3.883151810288898997e-01
4.110567228101070225e-01
3.993235193133875538e-01
4.321988560349225850e-01
4.105758993408101798e-01
3.555320251849743984e-01
3.951202435757212306e-01
4.178669066626509720e-01
4.683371873753059411e-01
3.929820416662601623e-01
3.830885878074837270e-01
4.167604452390200054e-01
4.000299314048030852e-01
4.287157241823709719e-01
4.600593256396039443e-01
4.649945812898623188e-01
4.318337411101106915e-01
4.085491111390087138e-01
4.082653994847582068e-01
3.964826297401113364e-01
4.331004392854984064e-01
4.029020033826483105e-01
3.742196600590458888e-01
3.448667411271091887e-01
3.653303815858697789e-01
3.777989311174647091e-01
4.414862503242076852e-01
4.164513718112237695e-01
3.640654331604800675e-01
4.232877588054583251e-01
4.079526480220069806e-01
3.830602613851552540e-01
4.413940767171145030e-01
3.971004190344377127e-01
4.172033213470771051e-01
3.616669750349424950e-01
3.819741810476671717e-01
3.578148040183151135e-01
3.691651895020609531e-01
3.507297526938207843e-01
4.166188624265931284e-01
4.644892541396631880e-01
4.596326042719470761e-01
4.117010965935825606e-01
3.153202647032860018e-01
3.471957187170687242e-01
4.008313191571352685e-01
3.856076403664571162e-01
3.989535156500121360e-01
4.014224263593940134e-01
4.451681548754402584e-01
3.758916292898202838e-01
3.517661820552856478e-01
3.673139701865874018e-01
4.074878175616992171e-01
4.012908884208033489e-01
4.094914960165125239e-01
4.219189044767943653e-01
3.982451327594748181e-01
3.953097086214246714e-01
4.039654911399030990e-01
4.132099177788919886e-01
3.801727744283237009e-01
4.393024010665415036e-01
4.339374579545042798e-01
4.376799638546637339e-01
4.262404777433445036e-01
4.017186728935581708e-01
4.524485008552000531e-01
4.424852946386085284e-01
4.188664585290380882e-01
4.475376415044398648e-01
4.108309857503986140e-01
3.960208258098982803e-01
4.285710381054811391e-01
4.260022313605126287e-01
4.244018879874513206e-01
3.815712664798867615e-01
3.817133009124196175e-01
4.314138608579510814e-01
4.260177860124720328e-01
4.284254624228623354e-01
4.227881112650415663e-01
4.235083861539936101e-01
4.436997435354406716e-01
3.965684260069040068e-01
4.101929407107349213e-01
4.129333475006057297e-01
4.158672485681056963e-01
4.693380560818713465e-01
4.006735807342167166e-01
4.287933079966043670e-01
3.972934233849325647e-01
3.615127153128645521e-01
3.907029109505004705e-01
3.975883878071946320e-01
4.325934025855507903e-01
3.818579672333959341e-01
4.037613596368715418e-01
3.864452890115226413e-01
4.305612802644199766e-01
4.698637436927084465e-01
3.911031834550020569e-01
4.108836047753056664e-01
3.611657464573190812e-01
4.107949315455838857e-01
4.045813265467970155e-01
3.705560250649013176e-01
4.021584247172045878e-01
3.360107961982607971e-01
3.803011351637688997e-01
3.724304050838479485e-01
3.858209901908319361e-01
3.762059418449686388e-01
4.100584471362290762e-01
3.607339438122913466e-01
3.664917904220662548e-01
4.139813650794026412e-01
3.817174439498567939e-01
4.201138616157389372e-01
4.271074823927069053e-01
4.290020288642759083e-01
4.194507287900033354e-01
4.328861019397520216e-01
4.086488866140242648e-01
3.785646638529860941e-01
4.017813320678922384e-01
3.603248097530759586e-01
4.344357770270979580e-01
4.258465247979910662e-01
3.849365077879078334e-01
4.170760333261786523e-01
4.196189625438288551e-01
3.460771527687554472e-01
3.492089004775251748e-01
3.508619102976430204e-01
3.950862044800139694e-01
3.818532916316776382e-01
4.198466586902228626e-01
3.965528993221363874e-01
4.098724607429589106e-01
4.014573625955788483e-01
3.638028814728094806e-01
3.747480968780808053e-01
4.212270660866664351e-01
3.834276764963742146e-01
3.787750228064628022e-01
4.134330037108090439e-01
3.479761329548656246e-01
3.787520890794537909e-01
3.795123026206742023e-01
4.387793564765344323e-01
3.921606845387798912e-01
4.340665538631360287e-01
3.915872467064004936e-01
4.049904998498409237e-01
3.918334366987004103e-01
4.257546702909814074e-01
4.119713737316595958e-01
4.343901114718657919e-01
4.338952473157511869e-01
4.078381342272302534e-01
4.065307047006397889e-01
3.980048422537207364e-01
4.009819164040291928e-01
3.688948062938873229e-01
3.794174406928076393e-01
3.773488165954461127e-01
3.883689144241205815e-01
4.082121447077988741e-01
4.282132516915156395e-01
4.165049169494026704e-01
3.988036734383668125e-01
4.246602815158545541e-01
4.608739472867821041e-01
4.359260073318776407e-01
4.471215537827745168e-01
4.098069542707925561e-01
3.841134690516921912e-01
4.653462746940502104e-01
4.332446927757276911e-01
4.293725806971537828e-01
4.106078102668012653e-01
4.018653038375922248e-01
4.109880835754990414e-01
4.356936241822421674e-01
4.004061086099405808e-01
4.099963656881723817e-01
4.196011206477836541e-01
4.423943211620338101e-01
4.037749016481556041e-01
4.198413449091424332e-01
4.954965090163574448e-01
4.394016863064126310e-01
4.286787788955481182e-01
4.328167920941211055e-01
4.140202551813116916e-01
4.208795493571673707e-01
4.024611820560254349e-01
4.300312421158344334e-01
3.877397234160943063e-01
4.121642083981270077e-01
4.161125243135609941e-01
4.055483593770492501e-01
4.396437940457229021e-01
4.035235614780716129e-01
3.738675304977273628e-01
3.918979841696929589e-01
4.621079533214066393e-01
4.093504602773594958e-01
4.235017978543571537e-01
4.006524193373790510e-01
4.020700102648557817e-01
4.497048289095368356e-01
4.310033054771261751e-01
3.578809697374342735e-01
3.793591897605698149e-01
4.092179267525511421e-01
3.903923616320504331e-01
4.335434887112218916e-01
4.171385019215561596e-01
3.825641582370566396e-01
4.116403864252068945e-01
4.252152337110344238e-01
4.061164204588830207e-01
4.587873435565174574e-01
4.775232099160929278e-01
4.524953574974972526e-01
4.415565851540116382e-01
4.187135044916332483e-01
4.639285660132483891e-01
4.249185635227839541e-01
4.646634806650505878e-01
4.105658583396170069e-01
4.071490123629605828e-01
3.586034214092471140e-01
3.821961552945315477e-01
4.066852799406616148e-01
3.582051480083818795e-01
3.330929039566919991e-01
3.898106765080830427e-01
4.321924229010006280e-01
4.176852859488100478e-01
3.870040863890368277e-01
3.935947994006510631e-01
3.544595984314203863e-01
4.130845639711351325e-01
3.955115141434884518e-01
4.125399875432368968e-01
3.775277624222688200e-01
3.856796238276049560e-01
4.497987292506837043e-01
4.290032695945218966e-01
4.409100049436622815e-01
4.163879064753416293e-01
4.366254855546238822e-01
4.065283741504666093e-01
3.994616783201903054e-01
4.664759976558830457e-01
4.198671667713904654e-01
4.454376054399499241e-01
4.189325305298100544e-01
4.387799480484176895e-01
4.407332224876844284e-01
3.901822409563450722e-01
3.776261406617849037e-01
4.021524519924525864e-01
4.347143638736883364e-01
4.262513583777483572e-01
4.424364220418856020e-01
4.270464523675955859e-01
4.228658329384902825e-01
4.331385045565880887e-01
3.738140909084489150e-01
3.483692590622193830e-01
4.238072609971216265e-01
3.657543508090362328e-01
3.414125290205932695e-01
4.047795334988488758e-01
4.237705867229049073e-01
4.061084246553876564e-01
3.862929752407712747e-01
4.250521042418605733e-01
4.468317768506733234e-01
4.319214289580576294e-01
4.138345614553354812e-01
4.058487476023044382e-01
4.629049553695983032e-01
4.240618437348182557e-01
3.613181247459751888e-01
3.861780962114906290e-01
3.637801829515695529e-01
4.230719139202025469e-01
4.157403157508580138e-01
4.354714367486083315e-01
4.110304461558992317e-01
3.628634234469014230e-01
3.237458713122896015e-01
3.183453947481923452e-01
4.087096059684668381e-01
3.733652781470090387e-01
3.917830873841303130e-01
3.808405604084397211e-01
4.264241288487320980e-01
4.129281861914685936e-01
4.217230116468478340e-01
4.320821319702429775e-01
4.405849865338624660e-01
4.012578555593468432e-01
4.479211455516100004e-01
4.142008432140502072e-01
4.345971011587242971e-01
3.891520091095004297e-01
4.299964356049355563e-01
3.965414346990214778e-01
4.028501952075745907e-01
3.723242608139204490e-01
4.283132541546237348e-01
4.027993093613895237e-01
4.292133053270696386e-01
4.097767228165947739e-01
4.582834914214620747e-01
4.294857195599523503e-01
4.408292115566270764e-01
4.207582058657994284e-01
4.063191584502202636e-01
3.953416168202020242e-01
4.436459390217255550e-01
4.066994757394933324e-01
3.823591239651811247e-01
3.985548979995938712e-01
4.220780050165750530e-01
3.882384976740876348e-01
4.456243429824267577e-01
4.389318781550355930e-01
3.962709300297632131e-01
3.869222117123788385e-01
3.999954235683239046e-01
4.230573054225095220e-01
4.096926375825856170e-01
3.730252378160802684e-01
3.634602811574338399e-01
4.054293124307604135e-01
4.102232669990353853e-01
3.934024562325623697e-01
4.145790417726522015e-01
4.274446463556603182e-01
4.359635199909890346e-01
4.225891445166935489e-01
3.992487399945160442e-01
4.557487807174211980e-01
4.041639200761499295e-01
3.931667983323834936e-01
4.002626888248542736e-01
4.084705877894260762e-01
3.787001040422569020e-01
4.267685556597408114e-01
4.223573850856069400e-01
3.986512680882076665e-01
4.464376612206245043e-01
4.219552471904255420e-01
4.029183321813033514e-01
4.273463530490658191e-01
3.958255693906130301e-01
4.593607930387378357e-01
3.647218359624552209e-01
4.307615936223748165e-01
3.838412957917483603e-01
4.147839082346769790e-01
4.047789531427100629e-01
4.137519423521338058e-01
3.972979088392373237e-01
3.948666527697313744e-01
4.324297257450862020e-01
3.872674693600739459e-01
4.298300311876401825e-01
3.677730587507773152e-01
4.226399950728164101e-01
3.692133459914158089e-01
3.686693943085773695e-01
3.804312773140121617e-01
3.965559132595204428e-01
4.139526005557042088e-01
4.173479810495604458e-01
3.835097533675422277e-01
4.227618055036889144e-01
3.396386501945752312e-01
4.374089364919182543e-01
4.015855666794553858e-01
4.016966126950701210e-01
3.951590798889025313e-01
3.728817618771845810e-01
3.996271140392942955e-01
4.122330272394371664e-01
3.940564006936261854e-01
4.502706254410916986e-01
4.191659240261094710e-01
3.989411192688151475e-01
3.651834795499153130e-01
4.379723023947693084e-01
4.146031652033858594e-01
4.315434533528608174e-01
4.353318748312774433e-01
4.365999855259258267e-01
4.066332643303390837e-01
4.213956479121616638e-01
4.388954576293598309e-01
4.367689718102955587e-01
4.056079469180797203e-01
4.007192020025571177e-01
4.027441083061659155e-01
4.275097698497631327e-01
3.682388612485943402e-01
3.962953211743714954e-01
4.062871085251309466e-01
4.107335326096264727e-01
4.001806212840346433e-01
3.858691333592549344e-01
3.761812625014698819e-01
3.989730564728569684e-01
4.079506536032223019e-01
4.066684524322263794e-01
3.764800509501927683e-01
3.827995279456372635e-01
4.164388761510030013e-01
3.941658541039080310e-01
3.980964395464180461e-01
3.770301972314568095e-01
4.201129403397246276e-01
4.136094206056515343e-01
3.553987865556765824e-01
4.514154945565041488e-01
4.534215329860185606e-01
3.921261495778199935e-01
3.558973025242161969e-01
4.227546414353878790e-01
4.096368161528635699e-01
3.905282250867008753e-01
4.294239981124622907e-01
4.127911779298289452e-01
3.753179356238723896e-01
3.963545083410485170e-01
4.430088882074809664e-01
4.199013100180783442e-01
4.276738768844344230e-01
3.971644075629561788e-01
3.568771602940348786e-01
3.356801195604277588e-01
3.402822163729414817e-01
3.761507859385502806e-01
4.101405544085629518e-01
3.932533454793283312e-01
4.212878940890740220e-01
4.103218503472679246e-01
4.319858623395730901e-01
4.042304380781293616e-01
3.834393678342059575e-01
4.252937170696305946e-01
3.772621058509553205e-01
3.742596654153118041e-01
4.367220728459992873e-01
4.120167919647070853e-01
3.874532011287895594e-01
3.844015128070054077e-01
3.670623772708672128e-01
4.171957082158472274e-01
4.098436214788426235e-01
4.548970574499041075e-01
3.873708604960009461e-01
3.671195792299051242e-01
3.911196024931997695e-01
4.372028276983062067e-01
3.942579752279454230e-01
3.876767995754772378e-01
3.626359277646045709e-01
4.286358608468959774e-01
4.197992853197603513e-01
3.923665527871331715e-01
4.282074132169026437e-01
4.202662345895579188e-01
3.943233671561198195e-01
3.920284084916215717e-01
3.718432550217412591e-01
4.130260873283301826e-01
3.919939657484943218e-01
4.250821090697365356e-01
3.985844274406621923e-01
3.819098349641283918e-01
4.117955465089200850e-01
4.247962104305402775e-01
3.756962876410146479e-01
4.502076532626594352e-01
3.929526412812702763e-01
3.828828826242445804e-01
3.830915472902570729e-01
3.534337950200847622e-01
3.864661841712327406e-01
4.087901347087485870e-01
3.887554189915731762e-01
3.926383490829618017e-01
4.371068166008852951e-01
4.001154016508681188e-01
4.041782037656529991e-01
4.177601570978679013e-01
3.999055288632137328e-01
4.542394794206942032e-01
4.350778169921629135e-01
4.024074245169186881e-01
3.693964701191907452e-01
3.768610026490724629e-01
3.985475808177618151e-01
4.022447791379571425e-01
3.976773500506093351e-01
3.859024947452798227e-01
3.927317660302745983e-01
4.205903408593222870e-01
4.506289727514671273e-01
4.058784312638263891e-01
4.054694459014955843e-01
3.457065863938451056e-01
4.416353318107804071e-01
3.973333979284072726e-01
4.320967042850897277e-01
4.195843772443206277e-01
4.272108119616948585e-01
4.355632294744425925e-01
4.100574549501231902e-01
4.392242246073252976e-01
4.327829155466361710e-01
4.191200342121987887e-01
4.199291184970522783e-01
4.906912088805389649e-01
4.334799120388824201e-01
4.074137247359743141e-01
4.170007891283097901e-01
3.821610191508001408e-01
4.186983860852466766e-01
3.911928786778127165e-01
4.629565810489449929e-01
4.659740208439039910e-01
4.115426611887315622e-01
4.371633482854038744e-01
4.060283233418056636e-01
4.489911911032721248e-01
4.370822704509357282e-01
4.282115306098914220e-01
4.018333083606267508e-01
3.920691479293816895e-01
4.297746909246888958e-01
3.917866096069858028e-01
4.317792887604994800e-01
3.990753701735742509e-01
3.807652104222936096e-01
3.941886119568227542e-01
4.117354597042600650e-01
4.075778861585035440e-01
4.365348324173227157e-01
3.989187298090225431e-01
4.278798775457621217e-01
4.035971662669007864e-01
4.218959657562344479e-01
3.923360167575447033e-01
4.512862873718704315e-01
3.851665384738003350e-01
3.846461119005211149e-01
4.217831862609398019e-01
3.835315708573792670e-01
3.870104786429952592e-01
3.429687195332148941e-01
3.602611261462925207e-01
3.581983116277596135e-01
3.612138821627836061e-01
3.877574846792590235e-01
4.112964790043894259e-01
4.417727636618264397e-01
4.224501580941601442e-01
4.232565184768926070e-01
4.214995018301977425e-01
4.277311648126785881e-01
3.609457338598814902e-01
4.134170395358531813e-01
4.157954189403584855e-01
4.425608509533636159e-01
4.639302925449723669e-01
4.224973039731326763e-01
4.221263346513530190e-01
3.999523170834790586e-01
3.917775326930504343e-01
4.086265957657990167e-01
3.845695935566740831e-01
4.022064796264836484e-01
4.007654688756742134e-01
4.330682545716054710e-01
3.509128077653275168e-01
3.999928458947272225e-01
4.001949217352248622e-01
3.764832645660763366e-01
4.030865843505662682e-01
4.628946316621380119e-01
4.028901685362807905e-01
4.167222844482231237e-01
3.450268331049891612e-01
3.762361282858283085e-01
3.952879313928562288e-01
3.637575949158812216e-01
3.405559309352280684e-01
4.208555669065958127e-01
3.976130532111469273e-01
4.022009756087842058e-01
4.157669927774872431e-01
4.379714457257239402e-01
4.631169816258168259e-01
4.306002682795125325e-01
3.879456899487084831e-01
4.126105103453809875e-01
4.187776424477108184e-01
4.571057243696409200e-01
4.338046437010958933e-01
4.424305504506950704e-01
4.332587100202360264e-01
4.042726416145932533e-01
4.236058446068623473e-01
4.144692318811468157e-01
4.313273383385868298e-01
4.713672536999697904e-01
4.208132044441453279e-01
3.734599762030720860e-01
4.366832581938179803e-01
4.020999404381535580e-01
4.611888289472141356e-01
4.871005053979429178e-01
4.291544623159184724e-01
4.151943431008245367e-01
4.381318484069547936e-01
3.785814618017310784e-01
3.856118841777749218e-01
4.355924366167528428e-01
4.220817174722147902e-01
4.403407722544208647e-01
4.495948270879783215e-01
4.356900747339157443e-01
4.110088411156873067e-01
4.278524543320748608e-01
3.989958575618628434e-01
3.996930738611824685e-01
3.964549790687479924e-01
3.850866966085593757e-01
4.040439613203713476e-01
3.798216578808181754e-01
3.412403866502152772e-01
3.842219549452167704e-01
3.704949925390912391e-01
3.699326054875107239e-01
3.727560110721371833e-01
4.191672352803489932e-01
4.166395031952241923e-01
4.425947955575222914e-01
4.675994827405343668e-01
4.037462603426006935e-01
3.749618841095223587e-01
3.941138071607275806e-01
4.030432225853790018e-01
3.677649985864395732e-01
4.068171212857619179e-01
3.744077100835201954e-01
3.771204530312475267e-01
3.929807201000336536e-01
3.760258944112309099e-01
4.346954940006484414e-01
3.964152396545995716e-01
4.086518519105044600e-01
4.043310469595245982e-01
4.119939763960787094e-01
3.978292167078926189e-01
4.082094639866972741e-01
3.638085900122764449e-01
4.029931060984799918e-01
4.032488432411619472e-01
4.381072514260504480e-01
4.302873263702473583e-01
3.994754584794493191e-01
3.639142788177277543e-01
4.040654954294815027e-01
4.068599089175899963e-01
3.916282802068440372e-01
4.144816425067955890e-01
3.663005688827885020e-01
3.366852092007459052e-01
3.822043330794608340e-01
3.393470565852573229e-01
4.107389549455912614e-01
4.089699429752075566e-01
3.615246322455688555e-01
3.743077369737848326e-01
3.289984164467326111e-01
3.903237685460609341e-01
3.588851809588739505e-01
3.839302110149934166e-01
3.951083654588737892e-01
3.706473922169438717e-01
3.806256510808698201e-01
4.159562971443439006e-01
4.054795507136255139e-01
4.178365063433958637e-01
4.033572207137195442e-01
3.666249241550502691e-01
3.669158817528767047e-01
3.531021416417488568e-01
3.884083081103424373e-01
3.792695512948206504e-01
4.681228207916433570e-01
4.196373473481313510e-01
4.302268484287610217e-01
4.082838607913022999e-01
4.039396475254248831e-01
3.822030050389145783e-01
3.689387229120520417e-01
3.854145515594983307e-01
4.294844565167308947e-01
4.047553226227686429e-01
3.745525042418568762e-01
4.262339655197110999e-01
3.593963556806940574e-01
4.048007943900593375e-01
3.841306225052703027e-01
4.005608091036406693e-01
3.926138177648677563e-01
3.722322846903917126e-01
3.464699715562684079e-01
3.654766732196566004e-01
3.958272227241170782e-01
4.209442574434604234e-01
4.016575130415167005e-01
4.312685721706000508e-01
4.193883063200028460e-01
4.070892157494367947e-01
4.155673972121038395e-01
4.132684506186110607e-01
3.987527410983192078e-01
3.981786149203674907e-01
3.917260774511983623e-01
4.269919978120998438e-01
4.589775468259072455e-01
4.233411193235622205e-01
4.092343180972190519e-01
3.931778569711105731e-01
4.084771762128515671e-01
3.588278219318385420e-01
3.839875597928117390e-01
4.112365011951109595e-01
3.670157426798180689e-01
4.075311362372618929e-01
4.106707321668410238e-01
3.780733836874510811e-01
4.037190232143969548e-01
4.122558621158324832e-01
3.711120632445789047e-01
4.215034601601360120e-01
4.362551129183436793e-01
4.173361618271523854e-01
4.226187480585883449e-01
3.949391004926521287e-01
4.184206210275954740e-01
3.806207465271661539e-01
4.395220865521150544e-01
3.749302651613876103e-01
4.278477415667835126e-01
4.085978409050505800e-01
4.101952082747219452e-01
3.353642225364730223e-01
4.124937379372722313e-01
3.797651399673902528e-01
4.310233950652654911e-01
4.100606965040338725e-01
4.022853393779857734e-01
4.029715636951573532e-01
4.159602651907945425e-01
3.950546625089925712e-01
4.110048638087551720e-01
4.298545430722760519e-01
4.111576514329366439e-01
4.758455246627532609e-01
4.346638857384811372e-01
4.303022001580084632e-01
4.050830371137342234e-01
4.090232389266261759e-01
4.481903514628080565e-01
4.050715680446985156e-01
4.004100947771057628e-01
4.282963242223341016e-01
3.833744985863159482e-01
4.020043117626446727e-01
3.529503331527588661e-01
4.062937803293298344e-01
3.600576673915485415e-01
3.909937008560824823e-01
3.793358842219894389e-01
4.105587369921467888e-01
4.232363719726138784e-01
4.255115854961935562e-01
4.373714504208763287e-01
4.161404687506050637e-01
4.353005189624756244e-01
4.354845697953790840e-01
4.389122604968727082e-01
4.279362582371851187e-01
3.683464159298621143e-01
4.093036707981631550e-01
4.254090846461399122e-01
3.839581871452157347e-01
4.145302824529091268e-01
4.406813694378964308e-01
3.452874008871797962e-01
3.966681172232583430e-01
4.085058986505357148e-01
4.320606385032356722e-01
3.475071536420247242e-01
4.308839898437538674e-01
4.326559492114031569e-01
4.078536223059930355e-01
3.886962584754895533e-01
4.228363381212226213e-01
4.091354633043595701e-01
4.367142840767187506e-01
3.654994950335348491e-01
3.999951965423688138e-01
3.826983457599295591e-01
3.663450366241091660e-01
4.380752142096550616e-01
4.439417618902552487e-01
4.212977100407785946e-01
3.630408417207495186e-01
3.982266358966544129e-01
3.664944468617826745e-01
4.408882872890483862e-01
3.857838144857772544e-01
4.282626250732710083e-01
3.827120470999328394e-01
4.060130155837169408e-01
3.887672155365433091e-01
4.295400695946692826e-01
4.283137570150420959e-01
4.025672734360404847e-01
4.403372738976628065e-01
3.894497940662904334e-01
4.155658160744387652e-01
4.109472691992441806e-01
4.384356394929999068e-01
4.457756703127247477e-01
4.131675340790982864e-01
4.231567929493837976e-01
3.723457087900038376e-01
4.065353199315629440e-01
4.126325779720883546e-01
3.944383018553420661e-01
4.157218925858470748e-01
4.159182226368914881e-01
3.931207488219408130e-01
4.210058888766775587e-01
3.985402797355344084e-01
4.364698785352225108e-01
4.353732756551070837e-01
4.312531900302498666e-01
4.024290380039468040e-01
3.874564401189835028e-01
4.045314455293401723e-01
3.785717506606839367e-01
4.324083359926523262e-01
3.963773600463940117e-01
4.259854900218047469e-01
4.203557668580259477e-01
4.308466980485208819e-01
3.803388902952961614e-01
3.893271895111844461e-01
4.340053238304629191e-01
4.007153659320950578e-01
4.221904033085256414e-01
3.934702329097148343e-01
4.141473194229720600e-01
3.492680424107386106e-01
4.263710189304688591e-01
4.286687596762778218e-01
3.966797948532985174e-01
3.806807532896815949e-01
3.833465606856501506e-01
4.033610198665941726e-01
4.354470361928983180e-01
4.181498939842899776e-01
4.214687534901426225e-01
3.935631601411806457e-01
4.112787088952953307e-01
4.036742978101529045e-01
4.060908662325996010e-01
4.144878430744631248e-01
4.286537682021229201e-01
4.197696690050695678e-01
4.421356702078237388e-01
3.865306239220068774e-01
3.636536595809058414e-01
4.298485069388433000e-01
4.424023606400240283e-01
3.898398247127720651e-01
3.962753994160260751e-01
3.756926836956381854e-01
4.196972845540551944e-01
3.499168004155517875e-01
3.763524628479046341e-01
3.867162959896605079e-01
3.410560381177809575e-01
4.170586807448246058e-01
3.654421148704661837e-01
3.756835622115711204e-01
3.784069635310310931e-01
3.770018892433645297e-01
4.141529055972243412e-01
4.074476947905246171e-01
4.063261906163140313e-01
4.083662670250214899e-01
4.312989132835269301e-01
3.761137858278068014e-01
3.999752168037298827e-01
4.241156206046330923e-01
4.324487605504824805e-01
3.804003126069969709e-01
4.175286127833701122e-01
4.435382180443665501e-01
3.716808056479339872e-01
3.955015302581906811e-01
4.343837068288347036e-01
4.166594805603773266e-01
4.225118218779652102e-01
4.236591836285086843e-01
3.702591542133481517e-01
3.762642320551157771e-01
3.919902788453383802e-01
4.532622677454429261e-01
4.182908975221686365e-01
3.257835950896980082e-01
4.395978873256269348e-01
3.854040486071222404e-01
4.345362925713325830e-01
3.334434454428220063e-01
4.350350544260783714e-01
4.231441724894721146e-01
3.744011212415567780e-01
4.533420384561575589e-01
4.145583526778038874e-01
3.779280109767446105e-01
4.490183775183127501e-01
4.157232067335586700e-01
4.167271474609773318e-01
4.103363722811534942e-01
3.994789827463321452e-01
3.805223897456816440e-01
4.022075216075791659e-01
4.056603270405196304e-01
3.944808853987110675e-01
3.575164278081108260e-01
4.070327005032585155e-01
3.963091641911201668e-01
3.987210536882585532e-01
4.326493949914048120e-01
3.934251702870212308e-01
4.007502443394199698e-01
3.979987894247998259e-01
4.145715985534635384e-01
3.663954661170540916e-01
4.550512233553951624e-01
4.296206933108430714e-01
4.160752740936594085e-01
4.318925549693736210e-01
4.213589734536418718e-01
4.037144612928014187e-01
4.095653940384185732e-01
4.741888602530833219e-01
4.161782127939541720e-01
4.129859826294876024e-01
4.358755546800174852e-01
3.949665200468286952e-01
4.062275229453651271e-01
4.055216259279668112e-01
4.097797246516653447e-01
4.308726664601939538e-01
4.669771527743401540e-01
3.951255138626337815e-01
4.201888986696099004e-01
4.197719421176148158e-01
3.886818203075777522e-01
4.252665447496836726e-01
4.365988142998760146e-01
4.538263737971026113e-01
4.180562671678114128e-01
4.234157368566378032e-01
4.209762882239677095e-01
3.901919985447170891e-01
4.349216325875003841e-01
4.100841403798380913e-01
3.488205963180097124e-01
4.136137541446476273e-01
4.753794256606100888e-01
3.869292399659231552e-01
4.117104419829323847e-01
4.414527600582463518e-01
4.325033570997567911e-01
4.290996634574155144e-01
3.844953280111803595e-01
4.235979460477760639e-01
4.221146768627679347e-01
4.484002783814349802e-01
4.234023203796563606e-01
4.866950598003502715e-01
4.355499569071125121e-01
4.145227492454204299e-01
4.431944231562168768e-01
4.315448107003630462e-01
4.175357543892327938e-01
4.566560592778864391e-01
3.831116591048798203e-01
4.043867546007953728e-01
4.200857181955010566e-01
4.188136865510062590e-01
4.172938677234814264e-01
4.534996957183437538e-01
3.963674400607925530e-01
3.720819391589590408e-01
3.908201214142559832e-01
3.769988034441022484e-01
3.656184299724482001e-01
4.173024644035910335e-01
4.339059316883520090e-01
4.356791939662202906e-01
3.741536857727810195e-01
4.413764293877801004e-01
3.654582167442636531e-01
4.242303783235205072e-01
4.052920444095904906e-01
4.014039924244625634e-01
4.255857043498634251e-01
4.378050833499345096e-01
4.364409870982898787e-01
3.970604036769505574e-01
3.838985712878626999e-01
4.221054485538704992e-01
4.121268692038954629e-01
3.960710015561378361e-01
4.414580420949523742e-01
4.105850701638815159e-01
4.323088183676351282e-01
4.002323492817818629e-01
4.135292034302484043e-01
4.163427768384523886e-01
3.361032582916210765e-01
4.019220085953817412e-01
4.180216487152998428e-01
3.676803853763567220e-01
3.253410124061798525e-01
4.003129142057602619e-01
4.600263326787507046e-01
4.129429191625101359e-01
3.687865758009021278e-01
4.018227188383247106e-01
4.001956258140955125e-01
3.892040519872930759e-01
4.228280288444903889e-01
4.194287065163032069e-01
4.433389439443308211e-01
3.867220705506524414e-01
3.877049136719543654e-01
4.089523203776874727e-01
4.003481294095110332e-01
4.100724064268476687e-01
4.470038227148666610e-01
4.402236230934368777e-01
3.974518155647137618e-01
4.243841131729775284e-01
4.106723412475684620e-01
3.771145388226352368e-01
3.742206350347374588e-01
4.018717452579980143e-01
3.764331307706547114e-01
3.937696447624587370e-01
4.109149596759714695e-01
4.471862816710171495e-01
4.085319598999397894e-01
4.571900017836892927e-01
4.403152868286040467e-01
3.928528494204190369e-01
4.133693649275702597e-01
3.795713860325781175e-01
3.988994804102627412e-01
4.045399907504005910e-01
4.099671176001558615e-01
4.285870807520286152e-01
4.165787203340355904e-01
4.128907915938593298e-01
4.536061405361897503e-01
3.729866777193331373e-01
4.318756761384140996e-01
4.223303121916681668e-01
4.080861707497854263e-01
3.776176819431628084e-01
3.798959492080195011e-01
4.274998683814344447e-01
3.824108857637507630e-01
4.062314977756506518e-01
4.322250220718390490e-01
4.146889016388946581e-01
4.041711202810362447e-01
4.085696034746732486e-01
4.089966767513472101e-01
4.373379436352571314e-01
3.894943280820486464e-01
4.555320807162022145e-01
4.146744360768508941e-01
4.173621431325541531e-01
4.108600141417549367e-01
4.185818943448634255e-01
3.891459612073293606e-01
4.396644614255567629e-01
4.101951609346960459e-01
4.199226852612924499e-01
4.180566722662698020e-01
4.197955005900722014e-01
4.243855843406926232e-01
4.163864263286741751e-01
4.194318847106603410e-01
4.331008885679171749e-01
3.840494802190090318e-01
3.785827073580426694e-01
4.319970608065207274e-01
4.078420524163569039e-01
4.032979245588724226e-01
3.981801763949743833e-01
4.603485661739786239e-01
4.546139207935506743e-01
4.247047327172615572e-01
4.041923144326166062e-01
4.064553770167967373e-01
4.091506419990583732e-01
4.009354948372081950e-01
4.121967194470965157e-01
3.379278016717234268e-01
3.593495842647332905e-01
3.921518710627494575e-01
3.496446681726056438e-01
4.106524158397532043e-01
3.922821143263224841e-01
4.172127067032777026e-01
4.475748274642452618e-01
3.895147351751988007e-01
4.235050849523092076e-01
4.059373162799950752e-01
4.606653649697365904e-01
4.215525623860895688e-01
4.073326282176176205e-01
4.596771111641265728e-01
4.336776077495889115e-01
4.485452561337726074e-01
4.072147205535874281e-01
4.548200542766836496e-01
4.138534550244821197e-01
4.444914372223366938e-01
3.980399624303004313e-01
4.303908783873425237e-01
3.807348633188148423e-01
3.669081517963605488e-01
3.496737606605598292e-01
3.664157801007255633e-01
3.938121485915627717e-01
4.495265533711324535e-01
4.600765771434379703e-01
4.353038717418071801e-01
4.235887781812257002e-01
4.044534726113011569e-01
4.386533277507064787e-01
3.616484140294670135e-01
4.228729465540113641e-01
4.212008724406395288e-01
4.070015589703603887e-01
4.195817940442343463e-01
3.841285812854163262e-01
4.377933044734422241e-01
4.365661426488945951e-01
3.618045328802919069e-01
4.069900248797215236e-01
4.510740893304792110e-01
4.284818172672195113e-01
4.632672748514187200e-01
4.397193689178333087e-01
4.258130820306833542e-01
3.744784848896080542e-01
3.973108413714742659e-01
3.804994860603915785e-01
4.176125042541821153e-01
3.607414708010804327e-01
4.373475490018083334e-01
4.061965544035571196e-01
3.828111182562086712e-01
4.023625438986875302e-01
4.211050796080668124e-01
4.129795870524008428e-01
4.132820408284405000e-01
4.547523345983926490e-01
4.121770464483950347e-01
4.461312202761842927e-01
4.041078669416291458e-01
3.939164784497513616e-01
3.974169319902925435e-01
4.293638454051587616e-01
4.355058047026482693e-01
4.312002171798489103e-01
4.268849867554148636e-01
4.343090706991838967e-01
3.784567812022691657e-01
4.085741500719717867e-01
3.847189905336194093e-01
4.434046289793683315e-01
4.389192590734320998e-01
4.504638323005236700e-01
3.359052813624926470e-01
3.580201366087704673e-01
3.554101486378729025e-01
4.101061040678757874e-01
4.310182951711407084e-01
3.807368237602901662e-01
4.051134374523923665e-01
4.363759693095304870e-01
3.708753307877300509e-01
3.487265572708526662e-01
3.963860972899050927e-01
4.309323099455382167e-01
3.943611749296120905e-01
3.747719031643451659e-01
4.035948564638613401e-01
4.122262867669517217e-01
4.606170293140043892e-01
4.526720376025599180e-01
4.043837017500399034e-01
4.617451952242221935e-01
3.905401864293740477e-01
4.345016057831768697e-01
3.848762058345827075e-01
4.066648183746730538e-01
3.919234292191987601e-01
4.055747997899982749e-01
4.174148179797400049e-01
4.088786180580868956e-01
4.272235507752663586e-01
3.922171834460300155e-01
3.874026395800651001e-01
3.952417029290579698e-01
4.085374450067046914e-01
3.825114754134475992e-01
4.228047389748106344e-01
4.255758957798536080e-01
4.636648480169399678e-01
4.230348474677613213e-01
3.857764351192246588e-01
4.424105577188828797e-01
4.290983103512682195e-01
4.219046320931534866e-01
4.059851840011774460e-01
3.898873732694875249e-01
3.924144860399085832e-01
4.084704476763497127e-01
4.664202902737714096e-01
3.920575945637840287e-01
4.539236839201979401e-01
3.894475832275409721e-01
4.040708398278669566e-01
4.372403664972844273e-01
3.827783164690134465e-01
3.828634634904921619e-01
4.498841778226451149e-01
3.913897394070769420e-01
4.058778740952164732e-01
3.577993565833231804e-01
3.627765830215057274e-01
3.460898795714459353e-01
3.852071960419947150e-01
3.382974706727052694e-01
4.029652455286398260e-01
3.703094073937286956e-01
4.045770747816753721e-01
3.983570162824155436e-01
3.930977648481176479e-01
4.433862510060745388e-01
3.936799638716039218e-01
3.978498354071163257e-01
4.033553128321160641e-01
3.571079671490246521e-01
3.472310237774151598e-01
3.721454532290746076e-01
3.740096314355471629e-01
3.970717391919221795e-01
4.112263252688632686e-01
3.950448087714830692e-01
4.122120600600575058e-01
4.088974062715934887e-01
4.000438987551874770e-01
4.317215557658769520e-01
3.589318577026542334e-01
4.444098128891742494e-01
3.576231422941051896e-01
3.423128657527789720e-01
4.096630625698844397e-01
4.124081325331576120e-01
4.218244556805377798e-01
3.899055037733620277e-01
4.146705141006840623e-01
4.003676462697330907e-01
3.869491296350730525e-01
3.872707474472206757e-01
3.950473290924687020e-01
3.676818878963878379e-01
4.280514359132823743e-01
4.302512891237575410e-01
4.058250677362920111e-01
4.005397520089840624e-01
4.183954535565769239e-01
4.387999677047118574e-01
4.030220133608950484e-01
3.916405356015735251e-01
4.740773632109990809e-01
4.134450414136110474e-01
3.943506568721779071e-01
4.131254912005926094e-01
4.030022345610752010e-01
4.257183128211755041e-01
4.297920878321201399e-01
4.139408467289134586e-01
4.288199990484514723e-01
3.901548675753058193e-01
3.844025350846708711e-01
4.090682170724341260e-01
4.437915010851615216e-01
4.452306029813618560e-01
3.701107873838423989e-01
4.177213749191617809e-01
4.351568862041876873e-01
4.080834973665393717e-01
4.234209992873657624e-01
3.645340049788500236e-01
4.325727265795072940e-01
4.361795812796990246e-01
4.092041423218326646e-01
4.256497278240682358e-01
3.501657368385497904e-01
4.258320429988130540e-01
4.207676799462337081e-01
4.020733373943298772e-01
4.048480760101939580e-01
4.182836032715083197e-01
3.862356281923484125e-01
4.393270182392074452e-01
3.754242008569491085e-01
4.305045627792954410e-01
3.735310325139127308e-01
4.003668069058843870e-01
4.266209835262360084e-01
3.846074537054657849e-01
3.949313197073443527e-01
3.762996725656098107e-01
4.056535571896442982e-01
4.328207583593567942e-01
4.093285420399247476e-01
4.132712573203852768e-01
4.363385708174724043e-01
4.211642496571033067e-01
3.968637924389963878e-01
3.937945689560193308e-01
3.983121754676213211e-01
4.192152178147468544e-01
4.164357990401489906e-01
3.914117460172047425e-01
4.208755367570352068e-01
4.615869863762298575e-01
3.888429821137006637e-01
3.599594264032777158e-01
4.248450235467525760e-01
4.244586727961385253e-01
4.283918135554803941e-01
4.293582990005408995e-01
4.117981465867169288e-01
4.306149721856520340e-01
4.946705930298707643e-01
4.570571291048656781e-01
4.156610333103273325e-01
4.559333699925540717e-01
4.124685322630242679e-01
4.627784157590645320e-01
4.176171094337268741e-01
4.361100794331423391e-01
3.967134604620951022e-01
3.983964021977681180e-01
3.982024870888528079e-01
4.271167761851381028e-01
3.928101551116146561e-01
4.141826476240170196e-01
4.099945071349122561e-01
4.468309973768493371e-01
3.661671048607395007e-01
4.223377701603000522e-01
3.733197305308101344e-01
4.047427577593675774e-01
3.980352761975084475e-01
4.147725944162972134e-01
4.259905334248137443e-01
4.287254547437819863e-01
4.196811807385103510e-01
3.984106151266443296e-01
4.194949257856008251e-01
4.322779479504083588e-01
4.303738734803965182e-01
3.859368164483477082e-01
3.709876100084012474e-01
4.365472776553998013e-01
3.854029887486776218e-01
3.626134517633057275e-01
3.965255997520570896e-01
4.024246800583649586e-01
3.952416994917364867e-01
4.064239339234160253e-01
4.163098971877453591e-01
4.044192956155612806e-01
4.291418567133197803e-01
4.321642300364604838e-01
3.850709367790481341e-01
4.032067638930672548e-01
4.506825760679274984e-01
4.361032769773617312e-01
4.347452735252684830e-01
4.035698910904487180e-01
4.246026388041490573e-01
4.234146295264617499e-01
4.083183519569346109e-01
4.220125601288223227e-01
3.642011905248551673e-01
4.164860551942902722e-01
4.013830418471012185e-01
4.289180238302032211e-01
4.451990344914844022e-01
4.067096164026693383e-01
3.940753327666448591e-01
4.174367533223388715e-01
4.071095755813631256e-01
4.059605057238396819e-01
4.010331842178329609e-01
4.225887870728600171e-01
4.322413005008441389e-01
4.055907494732462482e-01
3.805004815298746457e-01
4.242160939018363996e-01
4.297899472778212160e-01
3.979057325675012802e-01
3.784819106577495540e-01
3.760345651998500127e-01
4.599260214762495025e-01
4.445638983150216883e-01
4.797018648331252688e-01
4.281247437014353285e-01
4.015975549731170546e-01
3.923691508157946539e-01
3.762259449586006221e-01
4.097894408637495767e-01
4.242546386563212923e-01
4.132778691908614577e-01
3.610172378130776516e-01
4.206872693404313801e-01
3.838704224157499789e-01
4.250947049754919549e-01
3.968586609094388873e-01
4.218218731020036416e-01
4.048634397482340774e-01
4.352540532027132647e-01
4.512508319576382654e-01
4.593628544909129086e-01
4.223445156598112371e-01
4.095857321100290216e-01
4.265646454565649726e-01
3.954505216915764620e-01
4.365770069903327499e-01
4.159534700591833722e-01
3.836752171415823698e-01
4.089892273352671026e-01
3.758074518055894431e-01
3.983170478544596493e-01
4.100663523328606508e-01
4.144469186565331031e-01
4.322934793435265211e-01
4.489724924105424342e-01
4.534160594654390031e-01
4.699454918826429517e-01
4.727278804161337833e-01
4.516657935263657109e-01
4.333949065742087603e-01
3.983723999289447981e-01
4.265932417883101513e-01
3.901434737998465407e-01
4.145163455258155105e-01
4.147311289501893761e-01
3.866127682046885949e-01
4.439745170426412368e-01
3.633606238632243191e-01
4.286405215502850363e-01
3.812513250880860682e-01
4.076965552059049203e-01
3.644936547444850294e-01
3.802453851117459371e-01
4.124892796779088822e-01
4.095980234949826437e-01
4.428148799925532564e-01
4.288270924290177311e-01
4.545841215764550025e-01
4.077865434870897032e-01
4.653231591107359622e-01
4.540649686309646271e-01
3.956301587317168078e-01
4.036022576096520709e-01
4.127833047510557352e-01
4.325773295915380512e-01
4.019277179542116718e-01
4.242337641933269787e-01
4.695611738310151440e-01
4.563721175843605260e-01
4.541135744567234567e-01
4.488033978620953879e-01
4.351595832784100337e-01
4.260202045644525537e-01
3.744520993175114443e-01
4.069849102776120220e-01
4.386749853897087270e-01
4.623800004781177808e-01
4.478869196388588492e-01
4.223700516855196097e-01
4.546139488852082300e-01
4.208270211517073367e-01
3.934930345958826403e-01
4.035185383128301329e-01
3.868674568930866031e-01
4.080394051751691231e-01
4.026473589482090776e-01
4.447424413199776438e-01
4.205343849352170538e-01
4.289212971848455069e-01
4.388004527344181449e-01
4.412266754522211620e-01
4.601613132601701794e-01
3.817690197144762987e-01
4.291299848505785719e-01
4.192122149939762066e-01
4.470654559564332109e-01
3.879306062366438268e-01
4.322506077646199873e-01
4.064181371170946244e-01
4.201162338012059960e-01
4.308152508723034901e-01
3.915412576811249656e-01
4.003333888446328204e-01
4.182044890749044841e-01
4.222359408061878705e-01
3.313827309123953957e-01
3.682882644226688762e-01
3.766234760602945597e-01
3.904534865420007939e-01
3.860794137853422181e-01
4.191134670347488878e-01
4.221610362419353502e-01
3.950316850316630268e-01
4.477504804847807773e-01
3.935960503532351384e-01
4.329812086469559396e-01
4.791272379989899854e-01
4.358298644074494743e-01
3.690092855915538816e-01
3.717663687430606823e-01
4.291570022429004316e-01
4.201405509218935630e-01
3.913299224876253257e-01
4.080385850553442939e-01
3.760049991547682602e-01
4.117873264424216639e-01
3.975331909141183173e-01
3.948082772109995364e-01
3.610342599618010517e-01
3.810686033199036093e-01
3.983572615624820790e-01
3.521655165719733138e-01
3.947046854655531511e-01
3.747440756147372154e-01
3.614446777766207597e-01
3.933007651241075542e-01
3.389114562354180182e-01
4.003073375111060872e-01
4.335633224200233782e-01
4.081053190977741441e-01
4.391226486059652268e-01
4.530025030181130674e-01
3.791334055201773245e-01
3.911929003654279757e-01
3.985584004891338794e-01
3.977985750033377066e-01
4.311755034805930253e-01
4.310262971251114239e-01
4.463979658472926881e-01
4.094229045202908979e-01
3.696806487995127899e-01
4.175662901512028902e-01
3.881123682067891822e-01
4.502866365508173541e-01
4.628303194816510979e-01
4.604432088387633848e-01
4.099400788029219922e-01
4.357438975011476145e-01
3.909769543803159886e-01
4.065665318771216619e-01
4.040470353427759731e-01
4.364290016798267335e-01
3.828442470564173972e-01
3.999435593337661299e-01
4.014409124329451073e-01
3.817308972404781509e-01
3.905929223149587348e-01
4.418541370364941767e-01
4.272475231671890583e-01
3.949594017098928544e-01
4.044621459511982819e-01
4.180651895777437455e-01
4.454280440297285759e-01
4.014987907071873030e-01
3.815415448306773150e-01
4.694241835189071899e-01
3.700602310930233285e-01
3.968321783809764525e-01
4.747221112248712904e-01
4.384649007393033315e-01
3.928082281185186209e-01
4.184657335800971434e-01
3.744786388880265160e-01
4.365230639256202916e-01
4.251869472813279427e-01
4.510658060796150504e-01
3.969427911279651000e-01
4.061502958924204654e-01
3.979445191132157111e-01
3.335063138917033765e-01
3.966319072024324099e-01
3.837141401864231360e-01
4.069520262980124148e-01
4.048367896764304419e-01
3.816486267991819892e-01
4.170148376405754531e-01
3.885567325287604401e-01
3.994912305931045404e-01
4.030082643527646002e-01
4.431822797722608787e-01
4.579817031619664025e-01
3.753974812571583830e-01
4.072118909584900304e-01
3.976778774896965740e-01
3.871283948086610138e-01
4.133285553293803427e-01
4.194498328771976703e-01
4.037774178545140980e-01
4.303551331447651451e-01
3.517200504499234381e-01
3.824481596587170351e-01
4.021290258293367392e-01
4.094806430927210861e-01
3.846569663882472567e-01
3.681422403761722695e-01
3.661234215585523200e-01
4.033247602118365527e-01
4.001314799273216760e-01
3.662243425612180525e-01
4.058296009567799456e-01
3.788676181920709318e-01
3.671227700686362505e-01
3.993012684716323313e-01
4.215858335181706940e-01
3.606499503535474105e-01
3.830232944717926191e-01
3.863182044377176938e-01
3.532745156113498153e-01
3.562382168261719606e-01
3.548833039084550167e-01
3.994046143514384251e-01
3.425083885376296045e-01
3.962158148982203865e-01
4.124672291993729534e-01
4.094842232398221427e-01
4.728411485315439089e-01
4.603333368365055689e-01
4.085869293706750893e-01
4.004796320436412316e-01
3.969228042845016069e-01
3.750636107216959170e-01
3.793481961107503242e-01
3.964761414714945698e-01
4.206704527828961093e-01
3.799847888502783655e-01
4.101034400316607154e-01
3.976355775964900974e-01
4.099541726811263831e-01
4.246310282952542869e-01
3.950880197751995282e-01
4.235400050588565835e-01
3.954667961333477311e-01
4.215247027384594336e-01
4.206294911024898719e-01
4.121604803929256322e-01
4.192791918457166034e-01
3.947201569090525441e-01
3.946917153169541281e-01
4.148050135119475401e-01
4.105574753596173410e-01
3.971786539820914563e-01
2.859816869440174880e-01
4.049468477036332614e-01
4.013136576494507057e-01
4.017577148505310780e-01
3.703324584000428077e-01
4.510726449869403298e-01
4.136605824561562783e-01
4.179325179226348053e-01
3.691586005617483734e-01
4.130120863452074742e-01
4.376119601570116480e-01
4.689391050059004140e-01
4.515622958872212989e-01
4.516230723151784532e-01
4.303955983214438064e-01
4.213429039204100723e-01
4.181287787997766681e-01
3.793008273188501200e-01
4.209534003386717349e-01
4.234675741534274507e-01
4.396834267814600516e-01
4.298224505681862428e-01
4.279728785657850310e-01
4.083074881936750167e-01
4.048578419263081374e-01
4.059835465148359246e-01
4.220761517781726480e-01
3.830610922811096830e-01
4.188666480466002873e-01
3.747099575935614602e-01
3.695153387063136452e-01
3.967184515699787584e-01
4.060060078454139076e-01
3.842279107837822671e-01
4.185385224198944210e-01
4.439209456832816647e-01
4.389494414882156859e-01
4.391044012014022613e-01
4.349497128979271099e-01
4.121035232331441422e-01
4.119515918396232657e-01
3.989019099674332436e-01
4.324803592907241478e-01
3.971591597261761586e-01
3.897580922585269780e-01
3.876377296814288442e-01
4.493949480370191263e-01
4.230964378128787007e-01
4.008836756844618154e-01
3.981462091237737977e-01
4.056336744366362823e-01
3.901990933583985854e-01
3.975707554276706190e-01
4.643701696673205870e-01
3.946008634340258947e-01
4.130786217927654436e-01
3.900471771114550346e-01
3.481797511971848613e-01
3.774493596351694014e-01
3.790737626221543088e-01
3.794096055242307530e-01
4.295332227460927355e-01
4.017572470516544425e-01
4.006298839012218393e-01
3.927720324496049020e-01
4.307831743809183989e-01
3.895142100765110471e-01
4.244240636114459675e-01
4.023618235853874681e-01
4.336905373125149454e-01
4.109769726710787441e-01
4.332556910654179472e-01
4.796314915042778071e-01
4.484826835298443282e-01
4.304619169076976948e-01
4.114340141310136034e-01
3.664568129800021556e-01
4.070471345504661498e-01
3.973731478568779396e-01
4.518786793997895401e-01
4.245148616895652594e-01
4.027402128058673036e-01
3.613027794350257560e-01
4.154636224067526640e-01
4.145827801834465753e-01
3.755175224209804652e-01
4.230198931822808373e-01
3.714176106688363288e-01
3.799569307288966358e-01
4.270239851231720785e-01
4.081375589062831710e-01
4.237595337724929245e-01
4.361589515149080221e-01
4.035600301446191640e-01
4.088108023955660530e-01
3.897314085291745944e-01
3.849499789488209922e-01
3.891803991939560836e-01
4.338822772918987658e-01
3.779952925312945466e-01
4.004286289904179230e-01
3.208382162343660360e-01
3.414606733197826927e-01
3.914747325078505868e-01
3.658136614794372798e-01
3.711348817769920538e-01
3.863975812874750893e-01
3.788241502381890502e-01
3.962494944578114353e-01
3.675235758683464971e-01
3.726914011552484030e-01
3.915124043526272413e-01
3.852972437395458249e-01
4.187434628737743969e-01
3.945000025407241484e-01
4.234941497898864204e-01
3.995943502056166774e-01
4.211458938974821931e-01
4.425601986889524109e-01
3.791767234881464610e-01
4.299558926651658175e-01
4.038393843038879383e-01
3.682214574884606906e-01
4.299003820888935845e-01
3.804030774246595636e-01
4.265943513913324492e-01
4.358567395625321805e-01
3.994670184081272057e-01
4.404701203954974886e-01
3.939806360355234682e-01
4.010791411619143432e-01
3.989123204146689528e-01
3.887114037659101795e-01
4.415716653853980489e-01
3.973270738200481711e-01
3.675695567898895622e-01
3.987534008052522339e-01
3.749907031981928873e-01
3.840228840191007298e-01
3.848012756448164207e-01
3.798854527845638152e-01
4.350121954325628648e-01
3.681423058620117428e-01
4.202683688204958967e-01
3.651186862403031919e-01
3.976517739399155760e-01
3.665375780567038388e-01
4.075017451572634508e-01
3.877969475132985733e-01
3.877038317033544845e-01
4.490608641347544339e-01
4.055674776965819128e-01
3.955872149748542177e-01
4.178805315896857997e-01
4.090074380009309785e-01
4.322894561812907765e-01
3.928705374599718025e-01
4.206232333685316349e-01
3.987515901094781934e-01
4.507784086727993356e-01
3.963495255099080961e-01
4.105277795137532992e-01
3.826054945846705801e-01
3.669283934900428590e-01
4.063763232184188778e-01
4.324599165422474689e-01
4.173895967361845316e-01
4.418352742870302330e-01
4.008308662056411231e-01
4.265373717824053612e-01
4.194983144821514687e-01
3.858968215895602349e-01
4.160357856772128882e-01
4.264967667129226370e-01
4.333326320845670709e-01
3.914778654817615555e-01
4.271795310006371582e-01
4.448301323593360501e-01
4.040962102939837375e-01
4.032735121058158567e-01
4.217391736705646821e-01
3.962219208342723231e-01
3.920344877964419550e-01
3.522499740368162380e-01
3.855333018008508805e-01
4.460168627792689966e-01
4.175275470205289108e-01
4.048829473336618134e-01
4.278976310926415061e-01
4.387461141093563222e-01
4.687847639447425552e-01
3.673062539878619859e-01
4.113459881965058074e-01
3.702044015696841495e-01
4.548849758135335430e-01
4.279347902629289102e-01
4.374668778365584099e-01
4.235267585913956578e-01
4.044438645418663159e-01
4.150012773760228257e-01
4.565924803943654520e-01
4.677241290721726452e-01
3.897978870446566213e-01
4.201754668008026439e-01
4.110383816105632193e-01
4.246180147699679108e-01
4.409301476664034825e-01
4.570329369923009089e-01
4.283059412229647811e-01
4.632021323204464913e-01
3.872577584769166803e-01
3.814036433891405120e-01
4.507232839000755442e-01
4.096801225893992870e-01
3.783009414952362426e-01
3.802249365637758172e-01
3.826411624125949928e-01
3.738533976355813415e-01
4.474230751503180947e-01
4.333404906562711711e-01
4.038485057140271395e-01
3.745291720003092184e-01
4.162711629672335989e-01
4.151939397746989835e-01
3.782757175400146554e-01
3.993169143763097839e-01
4.119280488641653415e-01
3.551106758957308096e-01
3.661623122958516663e-01
3.896980496558737350e-01
4.709140914189616778e-01
3.795208941860404028e-01
3.875150034330072657e-01
4.036572417956275083e-01
3.998831907086168314e-01
4.023676667655997075e-01
4.603152809156140224e-01
4.710702388529914297e-01
4.443115396274874840e-01
4.560793855679752262e-01
4.588949220283302100e-01
4.063635728628611221e-01
4.205694522952848069e-01
4.279912543779906819e-01
4.286006342634255950e-01
3.862000293735530221e-01
4.427490675237543694e-01
4.124776839735220801e-01
3.874467952859089181e-01
3.761479633259748323e-01
4.163538216081194010e-01
3.900481675125713754e-01
4.325552311510711401e-01
3.800409079192875739e-01
4.233124556428369822e-01
3.478399012587988226e-01
4.293436159931443008e-01
4.162939495385357125e-01
4.267642302536302501e-01
3.943322500663616337e-01
4.091376084478371422e-01
4.225043739534536380e-01
3.731040871612635867e-01
3.894470646187622176e-01
4.413875762684019710e-01
4.050988581691573054e-01
4.000200634264574062e-01
4.042277300275363139e-01
4.272758119095978468e-01
3.704169164133993553e-01
4.100696284314820916e-01
3.959574128084752953e-01
3.244474711122872779e-01
3.778446573294667599e-01
4.090947805763364142e-01
3.894934138053354755e-01
3.966375041824700132e-01
4.013606414350364693e-01
3.911157846468268917e-01
4.267675597973500934e-01
4.255712512167967865e-01
3.640403937176952542e-01
4.057132290594671065e-01
4.100092146226121392e-01
3.872179741472348002e-01
4.111946614251232868e-01
4.233092997271151181e-01
4.199738085973285795e-01
4.483018883877575300e-01
4.173372879034246141e-01
4.438122129299102991e-01
4.109256477634209426e-01
4.296072809211625154e-01
4.192922372665909836e-01
4.044881255741822335e-01
4.526289560154506675e-01
4.165043870173548712e-01
4.415479563544844610e-01
3.968405238489723930e-01
4.279050887975199280e-01
4.326684971870527474e-01
4.427774152160893206e-01
4.749851220766953541e-01
4.249566315775382686e-01
4.421558895361721864e-01
3.916921505123288072e-01
4.469532249757870446e-01
4.073118478896611272e-01
4.266222098118243600e-01
4.262762414878197292e-01
4.494785652006995091e-01
4.233944869494947749e-01
3.983409224593537079e-01
4.185954100913807929e-01
4.371590881623660940e-01
4.099360847972225441e-01
4.309356444216113080e-01
4.157579678594942041e-01
4.370137215723513546e-01
4.079680638552312111e-01
3.685951427958111815e-01
3.937401025827767520e-01
3.990113530587950375e-01
3.843374780169230287e-01
4.438017371540838307e-01
4.010432936380547431e-01
4.491017907725017855e-01
3.802871378536926139e-01
3.964523306317662144e-01
4.330393330499307525e-01
4.375722913025675842e-01
3.891784421639843949e-01
3.875800263960849645e-01
4.298513139736171440e-01
4.111852061333865493e-01
4.130642478585308530e-01
3.899862112837530481e-01
3.973402191217818569e-01
3.667961360535512139e-01
4.186805634307316781e-01
4.124902850081064165e-01
4.033117870110909386e-01
3.919122344324738605e-01
4.271610495684391995e-01
3.734517075679888443e-01
4.040016685405692920e-01
3.841760022698892940e-01
3.976528875527199913e-01
4.383456042472404501e-01
4.196172738134423819e-01
4.283983853470494374e-01
3.488448180592697012e-01
3.546466408217673894e-01
4.256949968814259244e-01
4.436282341637331483e-01
4.180335701916742530e-01
3.531059934681285983e-01
4.019867417797839404e-01
4.228209202717734261e-01
4.620017876933142920e-01
4.277842041717451194e-01
3.837093728891822209e-01
3.787333238628753929e-01
4.404318164444629424e-01
4.418466846967181727e-01
4.479216539409435760e-01
4.265563502504853832e-01
4.083536335881470247e-01
4.245175005138632773e-01
3.752980291184490613e-01
3.658501647994764072e-01
4.019851924888702133e-01
4.508706618768812957e-01
4.185625138114731913e-01
4.134300286871965269e-01
4.294335134799389109e-01
4.059111245227844944e-01
4.165882341795948407e-01
4.120802966910013798e-01
4.484008916051853699e-01
4.389224604441281374e-01
4.596856853387351061e-01
3.947801876380374053e-01
4.185462488112064450e-01
3.952163552412465974e-01
4.172916303288696782e-01
3.932906980112944595e-01
3.807676100656394169e-01
3.884138372029340425e-01
4.196390969120193382e-01
4.280857919493826214e-01
3.783223932598439587e-01
4.504692229688267435e-01
3.964113450622220314e-01
3.892182881792202731e-01
3.814748055189474130e-01
3.771835897569643103e-01
3.781239622734106631e-01
3.242125558863565571e-01
4.031583963862065967e-01
3.793653061105198288e-01
3.992254344361061413e-01
3.919945372337456657e-01
3.758840631648774910e-01
4.232880581272276399e-01
3.796396732402931296e-01
3.704020763072873867e-01
3.859676478673160216e-01
4.022578126345073279e-01
3.421510225477003564e-01
3.853438701739939631e-01
4.226113188470536075e-01
3.775201285659267048e-01
3.833606788324744330e-01
3.985636354250555180e-01
3.813243292630374981e-01
3.310812768483397672e-01
4.247266804092678094e-01
3.667157354571374817e-01
3.969761113693095478e-01
3.861096437362860900e-01
3.864620117037890767e-01
4.439682142930557740e-01
4.256906988982620543e-01
4.160894429812921902e-01
3.727634884403064341e-01
4.313713727580216206e-01
4.173088748000536863e-01
4.619037353937176515e-01
4.395129793510634819e-01
4.329838359175677276e-01
4.237963008897351336e-01
4.000409761539424069e-01
4.345111405409551320e-01
4.563841422936525394e-01
4.268357983954846335e-01
4.913925183859738643e-01
4.346656842223876049e-01
4.561219192703576120e-01
4.382638019737202240e-01
4.328645968954882850e-01
4.101428932075747436e-01
4.103003361495028978e-01
3.821851495802989773e-01
4.093293794021535259e-01
4.259685081016620911e-01
3.815964283051604400e-01
4.097405080082523465e-01
3.772170558410486985e-01
3.727966935725948727e-01
4.143292993873151087e-01
3.898457161711925689e-01
3.810297295499259773e-01
3.978308367751756114e-01
4.138581905093272062e-01
4.465561045015982722e-01
3.651911158057243312e-01
4.455434446316278718e-01
3.890430207956567243e-01
4.100618207780816760e-01
4.384044353128255800e-01
3.747093165849607055e-01
3.946673253617770105e-01
4.220197689400458918e-01
4.111284334101701909e-01
4.233544889790178956e-01
4.016386440276987768e-01
4.070091708500582772e-01
3.740512513733478261e-01
4.247290353278793673e-01
3.999632158962002637e-01
4.177897986459259694e-01
4.326744846837979885e-01
4.152007595088015313e-01
4.500761998401046071e-01
3.880791997465759535e-01
4.465354036748774291e-01
4.264453382063458919e-01
4.172231379989734812e-01
4.011945915988371358e-01
4.675191290454315807e-01
4.143134281211495185e-01
3.623747501995497333e-01
3.964067471725138403e-01
4.141889229575986819e-01
3.735917837755707849e-01
4.317465508795764184e-01
4.032952651418800771e-01
4.173697125064658731e-01
3.415493523555089839e-01
3.666864508920899546e-01
4.382663334627283080e-01
4.038740899033854137e-01
4.253606973859317408e-01
4.002661167385150875e-01
3.849052714243627049e-01
4.259340112351348018e-01
3.890967266399306124e-01
4.182446128121137807e-01
4.341331470734670073e-01
3.468986044726536933e-01
4.339696495527651243e-01
3.875226467612293280e-01
4.008623665433252992e-01
4.005125471638389389e-01
4.020867724570043600e-01
3.898640734836708033e-01
4.116542172192676485e-01
4.085860813185090423e-01
4.424731458907784076e-01
3.901510955284797078e-01
4.089544417562129275e-01
4.033378339945092872e-01
4.489095350615598945e-01
4.364118001556371862e-01
4.139551445031802723e-01
4.072550253711034185e-01
4.093456125050599081e-01
4.224866576418310204e-01
4.142333617308622262e-01
4.185878490371790495e-01
4.338178294758237019e-01
4.038456158723529588e-01
4.139009406615229425e-01
3.988185821468558379e-01
4.104073528885791577e-01
3.620894590387128686e-01
4.183878759686051052e-01
3.916195114282007284e-01
3.934647061362280818e-01
3.937746580016335263e-01
3.660513787965259391e-01
4.483404306778200898e-01
4.298654059993130550e-01
4.100026193676413189e-01
4.091431010307609029e-01
3.521519580359255830e-01
3.865381409778125832e-01
4.092267938937663718e-01
4.123659413067925494e-01
4.226733211556729097e-01
3.786444854852544784e-01
3.932332971523320175e-01
3.984644219468549409e-01
4.036851626513813240e-01
4.039873775235571784e-01
4.496712938778226754e-01
3.937696380483214353e-01
4.023376139954508157e-01
3.885621433186193796e-01
3.824381562684202041e-01
4.134252901491775045e-01
4.073526422850392015e-01
4.139252741344074393e-01
4.104478457957824733e-01
4.457722119588715115e-01
4.027313076206676667e-01
3.853784794060351460e-01
3.907121947062471290e-01
3.941181156625683801e-01
4.108405505566610216e-01
4.106326362227694649e-01
4.057257228100862312e-01
4.567399694716105518e-01
3.784156632489595329e-01
3.766916069465530703e-01
4.368192474502508027e-01
4.026041813056594476e-01
4.177689838935858546e-01
4.041250518192645025e-01
3.950149498068553644e-01
3.753689136355610190e-01
3.786578201582728176e-01
3.872293137192899803e-01
4.157636364608258139e-01
4.002575015594407315e-01
4.261641527751803271e-01
4.341374141728948644e-01
3.998853055134575785e-01
4.170721843237705229e-01
3.569246225891680169e-01
4.335886235338111128e-01
3.928319114445480431e-01
3.867577136117446579e-01
4.109318930391246405e-01
4.355448621319472635e-01
4.604311987998203071e-01
4.072180694317931171e-01
4.507179716122491353e-01
4.686407934390243168e-01
4.602635009785752129e-01
4.264597046883273901e-01
4.247649066493710546e-01
4.234889086657376289e-01
3.868852850513904706e-01
3.822363418576223415e-01
4.115349620474130776e-01
4.423266678923337691e-01
4.293757044821603919e-01
4.402362120413386704e-01
4.073226234284140213e-01
4.525349156738300294e-01
4.776347326062353460e-01
4.001065665835894514e-01
4.385018219368295722e-01
4.122111387839477170e-01
4.015754554824391698e-01
3.907181040549593254e-01
4.084968840878480112e-01
4.666267956415618978e-01
4.110703496018975334e-01
3.901807068620948282e-01
4.049011042484803036e-01
3.929924407445963275e-01
3.958482217825077254e-01
4.214523147893080579e-01
4.541184896255396897e-01
4.246133504213442378e-01
4.414460090012733429e-01
4.557546008636976231e-01
4.222937812452957629e-01
4.317642917960139992e-01
3.942266390174093416e-01
4.237929807187865716e-01
4.224262310195304182e-01
3.797440222912601415e-01
3.986118291628932275e-01
4.275407686180924260e-01
4.190759856862592003e-01
4.159123546859971321e-01
4.134562176387452381e-01
4.152356820318864328e-01
4.695842305866357314e-01
4.232775360238839601e-01
4.206410937325446575e-01
3.727175146847118148e-01
4.150002376578461605e-01
4.500281438733607642e-01
4.231799576922899431e-01
4.076814454191304837e-01
4.139591637151554537e-01
3.507725153999094458e-01
3.694751866853405731e-01
4.135557606963823907e-01
3.286390416926504576e-01
3.782826147311769138e-01
4.244242085948967680e-01
4.091155521330071543e-01
4.531331864431969447e-01
4.014464310231536937e-01
4.030162016916941092e-01
4.177530660723285383e-01
4.368084817532241204e-01
3.731476776533174111e-01
4.029127428903946373e-01
3.841426913778697161e-01
3.350967112377528645e-01
4.447295327694970046e-01
3.785270071292695659e-01
4.163384603782525617e-01
4.050384774799329346e-01
3.786562650291175891e-01
4.491089523556556773e-01
4.366375702191736541e-01
4.172552404860561670e-01
4.440017286288794884e-01
3.817481046446126736e-01
4.380908320075658224e-01
4.271293301441682622e-01
4.152958124479532165e-01
4.043588359689303524e-01
3.710128299321184819e-01
3.940349058720849507e-01
4.245396222556775956e-01
3.605880477283427976e-01
3.964622792817120711e-01
4.202032091267507430e-01
4.016565643963374010e-01
4.108996510492838317e-01
3.546722897982637068e-01
4.433526734439436900e-01
3.890416854286957715e-01
3.994795405939174926e-01
4.096817617195289696e-01
4.189009636298549055e-01
3.450333772662849130e-01
3.861840465160076841e-01
3.962039608606660601e-01
4.009512032060851827e-01
4.287661187337949986e-01
4.042442846185252403e-01
4.224562418147039256e-01
3.968268633017121294e-01
4.007769659217359504e-01
4.340545743291449043e-01
3.983163370965120409e-01
3.868518982111585625e-01
4.304309861668549342e-01
4.132967237790986514e-01
4.408788339892202313e-01
4.257324768199202691e-01
4.394675542892642617e-01
4.462264712870893657e-01
3.943500739135097355e-01
4.421415803998716698e-01
4.290744950476961805e-01
3.480817563945122761e-01
3.878640857629627736e-01
4.098089179914800595e-01
4.246658784577984624e-01
3.856627954225869126e-01
4.513425454110774893e-01
4.118991176581895397e-01
4.133445994443761262e-01
3.901937215141765836e-01
4.078435578694864505e-01
4.047919210989970318e-01
4.376233077475264466e-01
4.263004862246445592e-01
4.019010804021237449e-01
3.818966155150997355e-01
3.730074848391981557e-01
4.166681659882548461e-01
3.831261093180068911e-01
4.352570076106105912e-01
4.242968298135686434e-01
4.075389902978216461e-01
3.730649473561419294e-01
4.329080961972701647e-01
3.752248312262737029e-01
3.890498380878272267e-01
3.620233225540342992e-01
4.228990706975294667e-01
3.510006548807058091e-01
3.762897902427831953e-01
3.890467461145188377e-01
4.243211687587675751e-01
3.844850329044820492e-01
4.157240570719694661e-01
3.952417846106655586e-01
4.005418271184593704e-01
4.397455906958311900e-01
4.258712120796995793e-01
4.347769815089180256e-01
3.967861337355232942e-01
3.972658575709771545e-01
4.009171637509628683e-01
4.142793482604159028e-01
4.449240470140002901e-01
4.138939553456244536e-01
3.968323515174971283e-01
4.496873563098675586e-01
4.102070742359458788e-01
3.587913001854681205e-01
4.434596168537277561e-01
4.039317322046703795e-01
4.112118745421197707e-01
4.175545565471249776e-01
3.881791680569549596e-01
4.226616190986874355e-01
4.223936746829394240e-01
3.663746819233110186e-01
4.483059873569214537e-01
3.946637573007326094e-01
3.943650899613549976e-01
3.644816099333305082e-01
3.593337684845239743e-01
4.052117293853115809e-01
3.993961076799819043e-01
3.903635051283344537e-01
3.843822274236001202e-01
3.965212387848475184e-01
3.242265908444981193e-01
4.406158877708472588e-01
4.042690640636725785e-01
3.879125945014005317e-01
3.813089997089152416e-01
3.682600465382983024e-01
4.093266692986147204e-01
3.888334492825413768e-01
3.808122771544046881e-01
3.719796677066498081e-01
3.386605135576998271e-01
3.970971489175531555e-01
4.315937723962559591e-01
4.030435885638324889e-01
4.022852253279554091e-01
4.138675899192999497e-01
3.974139749934286203e-01
3.734888282882992128e-01
3.490455474211453524e-01
4.160456187701099817e-01
3.541881715385287177e-01
3.572325743009314714e-01
3.859690282116607363e-01
3.782066207134409108e-01
4.188237254800458720e-01
4.011384319908817275e-01
3.980016053554766287e-01
4.023207631986649435e-01
3.765052805142048431e-01
4.094004688936607184e-01
3.736326688933916951e-01
3.918156894943647939e-01
3.763970501559552595e-01
4.135162342560884108e-01
4.248733397562777236e-01
3.762614497905890087e-01
4.283736497988412384e-01
3.793665956410725570e-01
4.675986851146073930e-01
4.216141449246498807e-01
3.982313173694916886e-01
4.067707818478600856e-01
4.495639466504615100e-01
3.859464024617036415e-01
4.541688811067797205e-01
4.212472150651142000e-01
4.233648295424008445e-01
3.844714799310334219e-01
3.623442135598871072e-01
4.354549155321482123e-01
4.369675041874198085e-01
3.994915532504613731e-01
4.094457016500705482e-01
4.488564908093470307e-01
4.376855044085121160e-01
4.580614476155268622e-01
4.211348420307369222e-01
4.093502194745569644e-01
4.046155831264051650e-01
3.896915849380883090e-01
4.140808846583266534e-01
4.155134381824683865e-01
4.294543034960348615e-01
4.778988812425875032e-01
3.739019503831306768e-01
4.224649390831372031e-01
3.623918538927184407e-01
4.136417095549740908e-01
3.903513177880345020e-01
4.175665458300722999e-01
4.154604385921937260e-01
4.230344448938478941e-01
3.927108385857002726e-01
4.246863777705166543e-01
4.314123265546802588e-01
4.387303196655505388e-01
4.060088680883313650e-01
4.155613257456242104e-01
4.599172891815317410e-01
4.263644890814750621e-01
4.041844837295688886e-01
3.970763224332585217e-01
3.502661026649511733e-01
4.227590702753479812e-01
4.101643566568543564e-01
4.422162753780853883e-01
3.904408407917940860e-01
3.985125557268938135e-01
4.166195267999244223e-01
3.920074112367591401e-01
4.342909098504195153e-01
3.778187515125907558e-01
4.236603066438925369e-01
4.216715079825490431e-01
4.110969797198870124e-01
4.427185292123839155e-01
3.972864105198051221e-01
4.224614741899754833e-01
3.998446775002771347e-01
4.159476653766037701e-01
3.639670765394881768e-01
3.847474350312439784e-01
4.006046558679755565e-01
4.212365217777240267e-01
4.314025213361341038e-01
4.204860007606165961e-01
4.049986840601439986e-01
3.592692907899186494e-01
4.005367085406442151e-01
4.374614777351927275e-01
4.026406683155278055e-01
3.725515833224353202e-01
4.237844754232385491e-01
4.249249013679463616e-01
4.379332773407004220e-01
4.034442596160251471e-01
3.339411937480781800e-01
3.290256881396370625e-01
4.360024521211027793e-01
3.150821734643877159e-01
4.210110981796978402e-01
4.637100195030710026e-01
4.369401155012624938e-01
3.921400599975224943e-01
4.525867352628456519e-01
4.001130800249536046e-01
4.339689088366659453e-01
4.182373775608218547e-01
4.144412533942015697e-01
4.365097886464577304e-01
4.060326278360196772e-01
4.739128509934641409e-01
4.411287330134240903e-01
4.309654558382626233e-01
4.264693205335380877e-01
4.251836398571627318e-01
3.999227820323254523e-01
4.065323914712668518e-01
4.283183981655159789e-01
4.403352146954214175e-01
4.383583770649065459e-01
4.192306298794892250e-01
4.012460070482202212e-01
4.056083797381449529e-01
3.510538527007224796e-01
4.005789907181263043e-01
4.522684097507023715e-01
4.173746971917246529e-01
4.082144025608156479e-01
4.076573173048624321e-01
4.291361262643592078e-01
4.041900271731266314e-01
4.104553202287215541e-01
4.003005730492201208e-01
4.141376749329020446e-01
4.555469722687911505e-01
4.197599759270287390e-01
3.874890093039738970e-01
3.963239467564170226e-01
3.960138514343045646e-01
4.446954116650133626e-01
3.542110450485689843e-01
3.788493807937980407e-01
3.685416360490826326e-01
4.051664783245502166e-01
3.911301264391651711e-01
3.949071879542787045e-01
3.730993170041866924e-01
3.895588506160013731e-01
3.384293898561597791e-01
4.231862151964425611e-01
4.539330118041730588e-01
4.542933158966159235e-01
4.087847139876456537e-01
3.756561937784192451e-01
4.154329636073824661e-01
3.851955563511237357e-01
3.717974784297310986e-01
4.437927786099051253e-01
4.069531338528800113e-01
4.493663080391237519e-01
4.038550272769793059e-01
4.012635622605750241e-01
3.763537229413688734e-01
3.759450776027284391e-01
4.296795714806192490e-01
4.235850542162168386e-01
3.528388506509747558e-01
3.808207135151841505e-01
4.050100109157274697e-01
4.078248082382270878e-01
3.968209197260779142e-01
4.140693215334348976e-01
4.336083757578882980e-01
4.172663909520134551e-01
4.026049617426684102e-01
4.169119202837657245e-01
4.523088949881026166e-01
3.746798119060520404e-01
4.481055107060580855e-01
4.009669616468089504e-01
4.121997779512526772e-01
4.550061546825975300e-01
3.999224010909529503e-01
4.177756765300207897e-01
3.773455492006296264e-01
4.194031067215598374e-01
4.180013460606365472e-01
3.982616942747926880e-01
4.101132304773177917e-01
4.428180944116967277e-01
4.572479675231043150e-01
4.701543304041598814e-01
3.779665264607616759e-01
3.995015934758656684e-01
4.107623096906715676e-01
3.887451821650620420e-01
4.237987608803967521e-01
4.495538441573892485e-01
4.123896077507558933e-01
3.727195248587111265e-01
4.315007478996943369e-01
3.916468662625325337e-01
4.264327462372198840e-01
4.190637791051320948e-01
3.978845875990175696e-01
4.063915049308264305e-01
4.059453903925017704e-01
3.998795712156236193e-01
4.025757874038952133e-01
4.716055007559558643e-01
4.304137965001287314e-01
3.920211379683114505e-01
4.251408585652596828e-01
4.091125641175738514e-01
3.924254224418826098e-01
3.815584431753734074e-01
3.544708197900156010e-01
3.877359943835348988e-01
3.753578502247322812e-01
3.472738910691359204e-01
4.019298010176788893e-01
3.477777722770994950e-01
3.927820594263827791e-01
4.473618809329791279e-01
4.226983255041988352e-01
3.958299906205729468e-01
4.397623357063337179e-01
3.598044865748131760e-01
4.182122835566818853e-01
3.940604802339922053e-01
3.747432650012402777e-01
3.914618499634047732e-01
4.375047886096832817e-01
4.464539865340504954e-01
3.585261284192848841e-01
4.126448900429126043e-01
4.220823952781982413e-01
4.321861266446146432e-01
4.634682647762384256e-01
3.823380426150551625e-01
4.737965602520605168e-01
4.035716442654418978e-01
4.307479653081217608e-01
4.013784635564261460e-01
4.206752917316803897e-01
4.330303065984533184e-01
4.300289767449928524e-01
4.125109877332927000e-01
4.200668978093783923e-01
4.219358035815787278e-01
3.966714108359033486e-01
3.685888241133141174e-01
3.798624745580979623e-01
3.778597921051334296e-01
3.924770644265500597e-01
3.854907306570260483e-01
4.083144464132902884e-01
3.947329335550746610e-01
4.140738863792362556e-01
4.111221091183227538e-01
4.318027692941324158e-01
4.230355053451984593e-01
4.010683742527034745e-01
4.214370268132718311e-01
3.716500621357607392e-01
4.063513506326616453e-01
4.373665524620460876e-01
4.194241000361835781e-01
4.574403541535135842e-01
4.096522392573767601e-01
4.032681894241009202e-01
4.188945331855405407e-01
4.305176655707605438e-01
4.253957203252667907e-01
4.222541483953550223e-01
3.609293747318760293e-01
3.882947934914963706e-01
3.606547593394433537e-01
3.811436165889172112e-01
3.727573662694256829e-01
3.736250536072317496e-01
4.002662413259154839e-01
3.744927667278611927e-01
3.724591484221502213e-01
4.037367526791776351e-01
3.676826923371181444e-01
4.421099479906350771e-01
4.098850362800926517e-01
4.055985390269209456e-01
4.017757346808674690e-01
3.862949721292482930e-01
3.978476767893296961e-01
4.019383406009637838e-01
4.831964369185652863e-01
3.685658540942872707e-01
3.903040512697375508e-01
4.229424523748140374e-01
4.535542485883754527e-01
3.810721416431829822e-01
4.393684302575964762e-01
4.492703847157938357e-01
4.484454417651854707e-01
4.429160263572133882e-01
4.234006140055780465e-01
3.984326836964947605e-01
4.002603536297869025e-01
4.126247010937428294e-01
3.633048766589547784e-01
3.576109748669166755e-01
4.046351219942660449e-01
4.323543126759118449e-01
4.722651154153493791e-01
3.689545783519637689e-01
3.822998283309488876e-01
4.006769325058830433e-01
3.900332276167091661e-01
3.963588118227709400e-01
3.901360444777254854e-01
3.932136633797453928e-01
4.365648056706810665e-01
4.359762676154411154e-01
4.155915521281456360e-01
4.187592328886671766e-01
4.349251231515814942e-01
4.144274156070773540e-01
4.094543211606558875e-01
4.389644237505631041e-01
4.294546233089689413e-01
4.163161546862815809e-01
3.772207662713577547e-01
4.314443191776042852e-01
3.791637137260115420e-01
3.701129748109394102e-01
3.928563369983442688e-01
3.517027540829873455e-01
4.137954763062388630e-01
3.871793960543615798e-01
4.397876933470218352e-01
3.613178380296505621e-01
3.719326959468692850e-01
3.703940306730072463e-01
3.902942140237292135e-01
3.601341911282382457e-01
3.949282439144440882e-01
4.128726615346970386e-01
4.557649264242971121e-01
3.986314141185618443e-01
4.559342210933746697e-01
4.058960855128591061e-01
4.287759452151556627e-01
4.048746229221212301e-01
4.044454190271720706e-01
4.323652477089597324e-01
4.544148945300152675e-01
4.712842994365825100e-01
3.984478609984306585e-01
3.845651065209417796e-01
4.180798985870424755e-01
4.226300944980672658e-01
4.254056334638927628e-01
4.074173657234967383e-01
4.271124003138439540e-01
3.984248634022372060e-01
4.375137856358272681e-01
4.025899975422284616e-01
4.486861114154541141e-01
4.399874030271277991e-01
4.236899428576975102e-01
4.253511986238797671e-01
3.904806540188427433e-01
4.592830013092579766e-01
4.013233872453212947e-01
4.057023088456940818e-01
4.205433831328240779e-01
4.347264236886244637e-01
3.976603946444842719e-01
3.884623485006082344e-01
3.776719665476037657e-01
4.319808473262473081e-01
4.398793334498961594e-01
3.935319945838290923e-01
4.006965242097201840e-01
4.063279877760513359e-01
3.730392344957018658e-01
3.680152499280513467e-01
4.396624576638581416e-01
4.215734823532937270e-01
3.924870167236532703e-01
4.299340914162348426e-01
4.195758570569395052e-01
4.171672309043821247e-01
4.161844041499845881e-01
3.650895432814750818e-01
3.938844123692375465e-01
3.809478789938079979e-01
3.904640225365813011e-01
4.178248155299629785e-01
4.094885144366580132e-01
4.038833009223267712e-01
3.874181776920992970e-01
4.359388616013941675e-01
3.972948080673938676e-01
4.110753137350104391e-01
3.961698869014487201e-01
3.934039871359416574e-01
4.123392805247299009e-01
3.618790606856768788e-01
3.625409280727752703e-01
4.002036437401431113e-01
3.786181305858246082e-01
4.624740297158791424e-01
4.196913722842354755e-01
3.547747762869275512e-01
3.655575283837948497e-01
3.950863438700166208e-01
3.931034666589283133e-01
3.848711393051102436e-01
4.036485408024805266e-01
4.181873283001611985e-01
4.639021311071590548e-01
4.098715360651481454e-01
3.778219062194517197e-01
4.263100138055282429e-01
4.359845660670032541e-01
3.723835051510321348e-01
4.263704030571657255e-01
4.797814539249153354e-01
4.427680058903424865e-01
4.324567666287657541e-01
4.373391771661732652e-01
3.982023020637672772e-01
4.114338056945350819e-01
4.197608999708162814e-01
4.584720535396665797e-01
4.161740180304492887e-01
4.099567050002428936e-01
3.856364823786521123e-01
3.947187075797995437e-01
3.933531250705459836e-01
3.971540866718718532e-01
4.189437884844533500e-01
4.302555787213958038e-01
3.592012060883531532e-01
3.999642995915131394e-01
4.122096363160887011e-01
3.784515766167798612e-01
3.559165899530258859e-01
3.737197881644822584e-01
3.908326084207068285e-01
3.551647425441247230e-01
4.164765982075147033e-01
4.150149727669571464e-01
4.336306542269224851e-01
4.339666692360315547e-01
3.967659177496350997e-01
4.353984529055628938e-01
4.078895016182691458e-01
4.248914322857197390e-01
3.983077449478599208e-01
4.626878969399420560e-01
3.971055663875608377e-01
4.515376620847466049e-01
4.444887127764231005e-01
4.243042654439971861e-01
4.420141440979517555e-01
3.969434315419135828e-01
4.382115974449108942e-01
4.489155615386873910e-01
4.489754445749117306e-01
4.247344119826278463e-01
3.739542617851409068e-01
3.633341932414839714e-01
4.319035409191924191e-01
4.118917777959762438e-01
4.255278725512104399e-01
3.847915592544779440e-01
3.879115473664879188e-01
3.837977935625635495e-01
4.343779609149195364e-01
3.439044779995811263e-01
4.263045894078979492e-01
3.885182917486386112e-01
4.335455406416187651e-01
4.428102412885969175e-01
4.916878115951431871e-01
4.226928102919338404e-01
4.097576085254548417e-01
4.347155054145789288e-01
4.378871940494540871e-01
4.039356239527734926e-01
4.737929538263218610e-01
4.316953290781315178e-01
4.276372987823612304e-01
4.474810454915879032e-01
4.313232249841463806e-01
4.092823104721974303e-01
4.158090706812120896e-01
3.911575905352847049e-01
4.306627656459968700e-01
3.984214754135443903e-01
4.074348429139429961e-01
3.570245502749130884e-01
4.035030024128176684e-01
3.856288406490940845e-01
4.298061651978482556e-01
4.324310635577985340e-01
4.185464079828413730e-01
4.527530902687960657e-01
3.946891546530873485e-01
3.942737870042498649e-01
4.403064461729844226e-01
3.938152947858888919e-01
3.843040203658181220e-01
3.792282760761324090e-01
4.520177383018991746e-01
3.988431717766778850e-01
4.093445272687125658e-01
4.063207329157886849e-01
4.201685128334508579e-01
4.039516529985217597e-01
4.518941556474250776e-01
3.986757602254399346e-01
4.307974792076137982e-01
4.246134407601899752e-01
3.883215398259025619e-01
4.374245685828520580e-01
3.889250892574319662e-01
4.209492339316988074e-01
3.934262798447041298e-01
3.824260636725799745e-01
4.203696303497020947e-01
4.216131841477194775e-01
3.631618541750454843e-01
4.368216436010866621e-01
4.193955780206968242e-01
3.667289170301771817e-01
3.972700893957223367e-01
3.935229126654732346e-01
4.002772008667596082e-01
4.067265539979424416e-01
3.873144685403652199e-01
4.004652602081490431e-01
4.013828927671033719e-01
4.353020329045947379e-01
4.254761516151897016e-01
4.223051190824438916e-01
4.146300672970689716e-01
4.079675418734174941e-01
4.015333499432017783e-01
3.928424044062623910e-01
3.632475484961890655e-01
3.786798536173671126e-01
3.962161504796702372e-01
3.538624541726891337e-01
4.047176995139674660e-01
3.311465779756522787e-01
4.336001462549056717e-01
3.840347955258090473e-01
4.086670704589261960e-01
3.783861419822815986e-01
3.939927617870113141e-01
4.077953248407614195e-01
3.677523183982011612e-01
3.753805684027696210e-01
3.605000125074130368e-01
4.074941926077002008e-01
3.582627798557724841e-01
3.880308248708768115e-01
4.127148362432315754e-01
4.191278900734746737e-01
3.937344965859416734e-01
4.105991374524730619e-01
4.075739112237240502e-01
4.421657801230993723e-01
3.972078094771759327e-01
4.166549362739639939e-01
4.176206885606188468e-01
4.401409899820757365e-01
4.318079455376923614e-01
3.903452710577107743e-01
4.047610779031023398e-01
4.372054811723448120e-01
3.995516390499294079e-01
4.185368449586577277e-01
4.253937563373728081e-01
4.097847846125042270e-01
4.102745533215453322e-01
3.635126912423330969e-01
4.240314436134579035e-01
3.980527536163422364e-01
4.144270461808631234e-01
4.129081272036244088e-01
3.981166902609982738e-01
4.183090026178165055e-01
4.218911905277852870e-01
4.725529802804406820e-01
4.532481039428436498e-01
4.033804960198122957e-01
4.079255224302218985e-01
3.898102419914148409e-01
3.975696682567249063e-01
3.589677904003410469e-01
4.251282154629081322e-01
4.020640197419994566e-01
3.891670672785909058e-01
4.415324194491630494e-01
3.734426324746830672e-01
4.089920957136093937e-01
3.679545364192145507e-01
3.837724380103890720e-01
4.510750328619921867e-01
4.165561638828887414e-01
4.467678919735963428e-01
4.001208370835793171e-01
4.012108346382739499e-01
4.383947943879952791e-01
3.867996649085144734e-01
3.518834251478434871e-01
4.104380271933188995e-01
3.650312273163334176e-01
3.904959624815401709e-01
3.944143675174952013e-01
4.116394081816668882e-01
4.370522443281577019e-01
4.349903178625905142e-01
4.348951297793225979e-01
3.948731603669234369e-01
4.521876317979944271e-01
4.194576019802785938e-01
4.106500811559189446e-01
3.778960660014875073e-01
4.510187811887049758e-01
3.886567156911900911e-01
3.598350600721868520e-01
3.669718557140091986e-01
4.130260152537983398e-01
3.913424860404933203e-01
4.044598882421384656e-01
3.759313843437296909e-01
4.011728082364032777e-01
3.990135359378421120e-01
3.793469777051641234e-01
3.971393648754509842e-01
4.587254230454226311e-01
3.952209805953215138e-01
4.119092104069539406e-01
4.332348413513623653e-01
3.705244039466956130e-01
4.205275387163899259e-01
4.152320636080498173e-01
4.065846966505037852e-01
4.016566993235929917e-01
4.109236914800338258e-01
3.812546261295185479e-01
3.934228742076125718e-01
4.135340954135211522e-01
3.689167391450119959e-01
4.051395488057808469e-01
3.792130565114767426e-01
3.854638165701729791e-01
3.828825574268194254e-01
3.756733199828612979e-01
3.753257224489127131e-01
4.522759536167771932e-01
4.310321480138284422e-01
4.611901003939152255e-01
4.065654573955846396e-01
4.068519835908762095e-01
5.076625356218119611e-01
4.260849357744982413e-01
4.296749581397387718e-01
3.818262215396594494e-01
4.697806210804069127e-01
4.198902992926493716e-01
3.984721235123235838e-01
3.895091250273677863e-01
3.898305365182110904e-01
3.757810885039841176e-01
3.625068977531077929e-01
3.711077373752492137e-01
3.799161477119208374e-01
4.030550671683108543e-01
3.788774925524961978e-01
3.629920677436155318e-01
3.847882677176290289e-01
4.144215155954684704e-01
4.267694777201723744e-01
4.101965521952508631e-01
3.735481736300363398e-01
3.816982182346068675e-01
3.857750515098519739e-01
3.850811332001935483e-01
3.963966480291413186e-01
4.195894605197466598e-01
4.071204634558031610e-01
4.119520058794410855e-01
4.204077335688682360e-01
4.310551107378603475e-01
4.162884778108085215e-01
4.258118582252116702e-01
4.145347025297903554e-01
4.233820275742471440e-01
4.314170855028545692e-01
4.050787660613189289e-01
4.130194931027682537e-01
4.371444286406930280e-01
3.983421616226973105e-01
4.628045997807272438e-01
4.154967171588339059e-01
4.169928610317334416e-01
4.012487017652111576e-01
4.638563025851836219e-01
4.118990141306280717e-01
4.199813131068572125e-01
4.318395612099970027e-01
4.340653346093755194e-01
3.951161393791013943e-01
3.709669510274415938e-01
4.077095231523391594e-01
4.175998328543060745e-01
4.168951047912232144e-01
4.173466531648235556e-01
3.653003888080965100e-01
4.109717577079806117e-01
4.038438194721086227e-01
3.741294592116740647e-01
3.704459829645317948e-01
3.932402468238038740e-01
3.871456342727087607e-01
4.045089481076601379e-01
3.400120715440257957e-01
3.735174046429447503e-01
4.577413743071651608e-01
4.224883667010037591e-01
3.815442722140491849e-01
4.341867288183901552e-01
3.885150220241389007e-01
3.586445457026585792e-01
4.341049659114032955e-01
4.202592984663170439e-01
4.258761532450536236e-01
3.642135696420281121e-01
4.107267451340388398e-01
4.101396994527179429e-01
4.183180587978552190e-01
3.908876546391559792e-01
4.060310218454460940e-01
4.248041882228693056e-01
3.833124038661273603e-01
4.188133658418762839e-01
3.921153236097704720e-01
3.988029936640487549e-01
3.626859956920074346e-01
3.588307639800810689e-01
4.350101861469952147e-01
3.880517371874150911e-01
3.988336343383057092e-01
3.815990919234226175e-01
3.919424854143212511e-01
3.664181388778136594e-01
4.325859502625087893e-01
4.243876377992292226e-01
3.959921368161822275e-01
4.225641258239505871e-01
4.352931467323137849e-01
4.426283977583633789e-01
4.360462386734201279e-01
4.051109333406134883e-01
4.020779367790089931e-01
4.356785715054517505e-01
4.114826089337654258e-01
4.046377697835940590e-01
3.874344878662315805e-01
3.499744842531611888e-01
4.218580079154563567e-01
3.655128423971943374e-01
3.889742826308042467e-01
3.823893747910868668e-01
4.141969962486368728e-01
4.258371636867267496e-01
4.390874958903677738e-01
4.162474062724657031e-01
3.909229713823039742e-01
3.819100436200533744e-01
3.804824539045020271e-01
4.298814685562543647e-01
4.273414203737457284e-01
4.464420274978119219e-01
3.735951991297668529e-01
4.326790484742908394e-01
4.334488729041084953e-01
4.082399875974825898e-01
4.052149719332813205e-01
4.423424520854392084e-01
4.647478895877786842e-01
4.246789820123854642e-01
4.269505522203067005e-01
3.715303274888744900e-01
3.763272551436318558e-01
4.186689316431934649e-01
3.920064573775199346e-01
3.940401327700063239e-01
3.776598161621605443e-01
3.902498274615027185e-01
4.055073943821978499e-01
3.890783725435185136e-01
4.024894295754226081e-01
4.318039553815674059e-01
3.592407291908017997e-01
4.091426816778123143e-01
4.305582322973607323e-01
4.562258968298656403e-01
4.596183375539738547e-01
4.361121028633450081e-01
4.413141038960334828e-01
4.333081121786044321e-01
4.184243568337148722e-01
4.224380790469580704e-01
4.155838005678079150e-01
4.251454743273591075e-01
4.027730005056238682e-01
3.708358857462356051e-01
3.994059005581742094e-01
4.055972699783692015e-01
4.016085036383142959e-01
3.861323884446717369e-01
3.871359122086140414e-01
3.750216366100201371e-01
4.373913868502352642e-01
3.892196550520254927e-01
4.184639509119757461e-01
3.828133903529750137e-01
4.072263691646670347e-01
3.749419413338594964e-01
4.305595053092130531e-01
3.979294323400529576e-01
3.963305873111975797e-01
3.471242730224942674e-01
3.942359983882385288e-01
3.701754416073260723e-01
3.918739107044061365e-01
4.504742661600433240e-01
3.653314379156863967e-01
4.027240547262664339e-01
4.250280402947917979e-01
5.105393821336121629e-01
4.693358014186445604e-01
4.069177139747011118e-01
4.045001427755857137e-01
4.390032791211038177e-01
4.410522527874285448e-01
4.247339590865783499e-01
4.247226164915872682e-01
4.072427467489196373e-01
3.904813026507038543e-01
4.198415553834182190e-01
4.442913015636282825e-01
3.832872824955348423e-01
4.189304849271826559e-01
4.281474707742078945e-01
4.349809278526342027e-01
4.544974124533884829e-01
4.444409415784884021e-01
4.559271959823147924e-01
4.371799063443870814e-01
4.045851187103176039e-01
4.370437270997551416e-01
3.818041882457479108e-01
4.327644787935562287e-01
4.471766014505737519e-01
4.382737486073733368e-01
4.150990541689869584e-01
4.171590887992817631e-01
4.209714468447074975e-01
3.687368159212141561e-01
4.305926754462867656e-01
3.451884036935928268e-01
4.570754577515867001e-01
4.135581421502458888e-01
4.274050687727652398e-01
4.351853798952212138e-01
4.273727601755206718e-01
4.083256178159023753e-01
3.875598389789827736e-01
4.131198405588154543e-01
4.549793207327993416e-01
4.405562457450671321e-01
4.122781550154013819e-01
4.264619241395601890e-01
3.879040922105671529e-01
3.465126841725034157e-01
3.621898000250248773e-01
3.879541567400651703e-01
3.354827741252015549e-01
3.812519748819768739e-01
3.626007614349652797e-01
4.212320420986087610e-01
4.147058643493836683e-01
4.078945714068658579e-01
3.840695898155831456e-01
3.919328422596187189e-01
4.289752230461370552e-01
3.938090763889731116e-01
4.177690455814300763e-01
4.059028744734332061e-01
4.558118575579862553e-01
3.987634532845337199e-01
4.320878484479410142e-01
3.793862967711250089e-01
3.850954596843162436e-01
4.497113978605841722e-01
4.272075007280431991e-01
4.457119126416331789e-01
3.890312398346466027e-01
3.907041175361388730e-01
4.007154986946757091e-01
4.083900695871496844e-01
3.737670358107007540e-01
4.104981017598849924e-01
3.784420471142646014e-01
4.438519156172156532e-01
4.237499594101358236e-01
4.412921268124722074e-01
4.198704475168642536e-01
4.279544622209545124e-01
4.202897103500500275e-01
4.208133883244418727e-01
4.373889407953844288e-01
4.275843602485556172e-01
4.160095644299074413e-01
3.993642522943420259e-01
4.365772367235180584e-01
4.192318836062580156e-01
4.301238464813536555e-01
4.077772217021372048e-01
4.077772303760147099e-01
3.821688301379097541e-01
3.631492375569571607e-01
3.879236664608137763e-01
3.404087558333391272e-01
3.969468782065456169e-01
3.972326299240594438e-01
3.888364611531328063e-01
4.491214091628688565e-01
4.129651123214272412e-01
4.472025024219022371e-01
3.987888733925274987e-01
3.790269200304834385e-01
4.251187045279261612e-01
3.638127294645284726e-01
3.982984360073871244e-01
4.248098244706299265e-01
4.403594937111636187e-01
3.922825233887528018e-01
4.363413080807012068e-01
4.629996641878419972e-01
3.937101755793686597e-01
4.317217402049472463e-01
3.569336555381029119e-01
4.455285706428319670e-01
3.945247795118878020e-01
3.417348913277501454e-01
3.525227770101411751e-01
3.888556998463452707e-01
3.667659170125741053e-01
4.292196487530301474e-01
4.180187158741003328e-01
4.447155868415907376e-01
4.371740321239938609e-01
4.210925944308528956e-01
4.394882669352532800e-01
3.887688228073299390e-01
3.936986021544353620e-01
4.182018221268678504e-01
4.144692220275091876e-01
4.078484172902203664e-01
4.292313904954157544e-01
3.897390202467397313e-01
3.851687395000771286e-01
4.427281630184972672e-01
4.061593144410319267e-01
3.895186903326230410e-01
4.272224380388006115e-01
4.215259349083804175e-01
3.702587325459725243e-01
4.040392503719754669e-01
4.174675206783067249e-01
4.245760409625096155e-01
4.365558544978980771e-01
4.406748873716146431e-01
4.183912036643067656e-01
4.486136203276008261e-01
4.610226197694118344e-01
3.868197234253391015e-01
4.399094484491323231e-01
4.028828522019559655e-01
4.032531396268735913e-01
3.981448290617772279e-01
4.103632207569675172e-01
4.017046094492497943e-01
3.936042531936853606e-01
3.706344672421333919e-01
3.431028115217424901e-01
3.033095691793084026e-01
4.059719990442141602e-01
3.887849883123030703e-01
3.382410371417548522e-01
3.803507262625307472e-01
3.454137362166630476e-01
3.730705330912672535e-01
4.181352917134659175e-01
3.951631189954755707e-01
3.740561804400977519e-01
3.867012957390573158e-01
3.627076403802327320e-01
4.317009344097360035e-01
4.091492325773926075e-01
4.284583298894325543e-01
4.302912371553965776e-01
4.367230704442615075e-01
3.781535757292263655e-01
3.833757565355558894e-01
3.748932912002620466e-01
4.138648603277900739e-01
3.847729369239942243e-01
3.650908220873941290e-01
3.716267794391338031e-01
3.599443355335317785e-01
3.853465892130780168e-01
3.843796950626093833e-01
3.837445071366897831e-01
3.529133726236338697e-01
4.400584551831080993e-01
3.873930107261099320e-01
3.872562421881258210e-01
3.954140902105193756e-01
3.964010065065539656e-01
4.392124502369307293e-01
4.320763060378719489e-01
3.889392659375205397e-01
3.689818409217466844e-01
4.162198380459316560e-01
4.241078348940917619e-01
3.924485729807883905e-01
3.693074083383645068e-01
4.699396417464199449e-01
4.009987682283988053e-01
4.117337491757002144e-01
3.893721921425152277e-01
3.691450372971666338e-01
3.979070901756981415e-01
3.787096830271057257e-01
3.965321625699677610e-01
4.213259135662674737e-01
4.525894852233109944e-01
4.051998894141413121e-01
4.213754416328449603e-01
4.055199763107703581e-01
4.596068432088171174e-01
4.300960461704236848e-01
4.225783004186767222e-01
4.579405276823463877e-01
4.142148079910368819e-01
4.222269251591995176e-01
3.975326028984113025e-01
3.910622057701170773e-01
4.401031852675434397e-01
4.035045469138072716e-01
4.252195777422395628e-01
4.210495243936924759e-01
4.223888903630225178e-01
4.302643354536972442e-01
3.902050405379219322e-01
3.770822403485947216e-01
3.898242598350831756e-01
3.778149280398017118e-01
3.836735755047886998e-01
4.093692421744345444e-01
4.327754315210119995e-01
3.855930475921919842e-01
3.983823190810945047e-01
4.093822797400855640e-01
3.665726361899835362e-01
4.505774820846337181e-01
3.698324536239406268e-01
4.437621149391770548e-01
3.948482584579521282e-01
4.364959645981685843e-01
4.205032532374797793e-01
3.747202551601730436e-01
3.856641229562145501e-01
3.985958429293735561e-01
4.331318388164139277e-01
3.929883736016508422e-01
4.210233354477743717e-01
4.304665871546541345e-01
3.828327896848084944e-01
4.181305988454401268e-01
4.189057188092822348e-01
3.802236646371458528e-01
3.567843089049843042e-01
4.125694358524146232e-01
4.131748299584060979e-01
3.795490680862285693e-01
3.849279711825746575e-01
4.314727304715303413e-01
4.083843376633848887e-01
3.692957255361972724e-01
4.048308038718243518e-01
4.540410158992090883e-01
3.742618432704669651e-01
3.910901780720539844e-01
3.126021590667175110e-01
4.098744961943419640e-01
3.804001164753342823e-01
3.438087479141862524e-01
3.956413224486095559e-01
4.250204907250882957e-01
4.472235280023249548e-01
4.423537176025935103e-01
4.004249920292448084e-01
4.012637581306114920e-01
3.932259577805518602e-01
4.294802582076468478e-01
4.008315346418014902e-01
4.306156721498529683e-01
4.494930757981285274e-01
4.120210891300328249e-01
4.220001781612145453e-01
4.046062018147181250e-01
4.098537438571061009e-01
4.156893444414029304e-01
4.388801861435258078e-01
4.373374875897623748e-01
4.579433547360367562e-01
4.122487851012680560e-01
4.513397094086486483e-01
4.366609300463518695e-01
3.717620011659805157e-01
4.440540245131812114e-01
3.710063047244550050e-01
4.284570130838358248e-01
4.228804183520498694e-01
4.329689022407726684e-01
4.548067840552814101e-01
4.598508060612992443e-01
3.879651187679674651e-01
3.765428266046154104e-01
3.607443251716655475e-01
3.598106991616755734e-01
3.878275147557852520e-01
3.969992131959542703e-01
3.611034747393027100e-01
3.764800523992256620e-01
4.469506990038820682e-01
4.359786527818860224e-01
4.416858716156630282e-01
4.199970603311378725e-01
4.060232698397565620e-01
4.353961486339455456e-01
4.263260521491060717e-01
4.042279440555658354e-01
3.923223777622694697e-01
4.586442064963580090e-01
4.060697511554779982e-01
4.033555573262284644e-01
4.184785078469929753e-01
4.437479382396247174e-01
4.097648069330369069e-01
4.434452115799704108e-01
4.164918744747011514e-01
4.221324336789580300e-01
4.000628797332331787e-01
4.035761091405310474e-01
4.344858210165961632e-01
3.748744948793648613e-01
4.595326672683642810e-01
4.537224736772704214e-01
4.043414513364765872e-01
4.088074791624066728e-01
3.881172734431781457e-01
4.155242894554257438e-01
3.750296926971602995e-01
4.030731882131790567e-01
4.006573744161925910e-01
4.235691281622991355e-01
4.067818558672107176e-01
4.240486269752489767e-01
4.227393665410772994e-01
4.454449504832624362e-01
4.329901730119224967e-01
4.245717409999441583e-01
4.133333996691851420e-01
4.197312827856337636e-01
4.102325523800663398e-01
4.116372797004045347e-01
4.539726530502943835e-01
4.219364521427034220e-01
4.163170951685932764e-01
4.338372713481527532e-01
4.272277197333926857e-01
3.894140773558833479e-01
4.185671175654998577e-01
4.576312286346341240e-01
3.928326760248291305e-01
4.200208487478478414e-01
4.032087845128578540e-01
3.842962949053443933e-01
3.914770385548994591e-01
3.799019821176387590e-01
3.936591294808779451e-01
3.756954183799884883e-01
4.034690925341012924e-01
3.543449490743573183e-01
3.598312979033317371e-01
3.800674518239297028e-01
3.813872561794737770e-01
4.081894270272511949e-01
4.237715950224967276e-01
3.664664952540815923e-01
4.049205148376552876e-01
4.190438998178654950e-01
4.020031059629343706e-01
3.918331312345647022e-01
4.296054537648748006e-01
4.203710107625596715e-01
3.885912743671025571e-01
4.320819959430372559e-01
4.196579657155266041e-01
4.012387022912348167e-01
3.759108462890205504e-01
3.707749528457123245e-01
4.106262777106293171e-01
3.842792664171591488e-01
3.920099880248128499e-01
4.064745552440897081e-01
4.281582652200302541e-01
3.736151392354239431e-01
4.350602083743303483e-01
3.892955142510777788e-01
4.151570668981541812e-01
4.204124288738505522e-01
4.245935320414398473e-01
3.863220464677945554e-01
4.465603060285099901e-01
4.463768632048818463e-01
4.785292331294516699e-01
4.634340886617056565e-01
4.692909672031321255e-01
4.317602784615932054e-01
4.248586915504600214e-01
4.483174192616621312e-01
4.523547504181658074e-01
3.929850446910752582e-01
4.333394161622470264e-01
4.276965787967343391e-01
3.902315219118294154e-01
4.271920589631952869e-01
4.176605294006976998e-01
4.480010581327950603e-01
4.227986308311254549e-01
4.482718412369910421e-01
4.497070274900637488e-01
4.050084766781950063e-01
4.083495883432642914e-01
4.538896509072743446e-01
4.147254602816496938e-01
4.361363987971365042e-01
4.115164285958648471e-01
4.281603018541786376e-01
4.075736971667480169e-01
3.882345604060495337e-01
4.005157725417298198e-01
3.908881170521382731e-01
3.627405551989375532e-01
4.084489326431828826e-01
4.102804631332462315e-01
4.425957440603476845e-01
4.218878014412038580e-01
4.458069389567254071e-01
4.097825500988432901e-01
3.995833265974197968e-01
4.229215530588565919e-01
3.909024543605394975e-01
4.338548783075553139e-01
4.422137850435026718e-01
4.414203741630500222e-01
4.259196796281735087e-01
4.082158221431223533e-01
3.517674109910868263e-01
3.869296513290939599e-01
3.938024988346641164e-01
4.341745050795301486e-01
3.941368460560413234e-01
3.946085191628204702e-01
3.864106102913463237e-01
3.914736124282713892e-01
3.727736029826682618e-01
4.226112306673249774e-01
4.346752604704336997e-01
4.022462461154913682e-01
4.151799846627258761e-01
4.055697294059557589e-01
4.501388298178741199e-01
4.259514141333201609e-01
3.703967109462568685e-01
3.587094732372228534e-01
3.920054126359465707e-01
3.983163661941572231e-01
4.288742156340341616e-01
4.114638469597345916e-01
3.611958511106300729e-01
4.739904231348306962e-01
4.445691630154257057e-01
4.560499124404034377e-01
3.911489654789306325e-01
4.058782763954177364e-01
4.101433786127718362e-01
3.868348497706054490e-01
4.151982762279254890e-01
3.922518861145094515e-01
4.032577079461752700e-01
4.105688892032659520e-01
3.990010785435830765e-01
3.700847826824167353e-01
4.557691759662856335e-01
4.226654125010225749e-01
3.609700766120591542e-01
4.040322116174606126e-01
3.665876461404750097e-01
4.192366293636635710e-01
3.990079425047911021e-01
4.336077539823323668e-01
4.049687992369818690e-01
4.406602106008857267e-01
3.829782488726615752e-01
4.326584191614915031e-01
4.066011395597435851e-01
4.055126697724045770e-01
3.836930343989374270e-01
3.869784152607346206e-01
4.066642514712148215e-01
3.857939329310579590e-01
4.050466212901525087e-01
4.233460253432215770e-01
4.108795528319215684e-01
4.183369479198814633e-01
3.714151737278077459e-01
4.318431039756097656e-01
3.877403428619395354e-01
4.110414998576541468e-01
3.912365490655283495e-01
4.172134855662792963e-01
3.437859748614747746e-01
3.682376711767641475e-01
3.942718022709978398e-01
3.726606332508339836e-01
3.434706272670387528e-01
4.055113110373037011e-01
4.227852871515259126e-01
4.129995639887795722e-01
4.160112872559679209e-01
3.969640720345541385e-01
3.958557191599710867e-01
4.481129147468423946e-01
4.393056880916201279e-01
4.528873737365017305e-01
4.234553450569806810e-01
4.191883661693505680e-01
4.254360408095714252e-01
4.072732939242474925e-01
4.399897524692614748e-01
3.761551019828447417e-01
3.748286453560329967e-01
4.227437928797415090e-01
3.643705861663745216e-01
4.320689398964783767e-01
3.919300727887805036e-01
4.057411514265353847e-01
4.326376180424840179e-01
3.479799366637539304e-01
4.297737467344374673e-01
4.190862070322672883e-01
4.256190776240540985e-01
4.332005322912694245e-01
4.513356106513654042e-01
4.236151207761714166e-01
4.370228258369275864e-01
4.461813490534387028e-01
4.176620694133910683e-01
4.160673446324091307e-01
3.910162105185145953e-01
3.899453796022387397e-01
4.352436264283475742e-01
4.099120534870271948e-01
4.288140108125166883e-01
4.263066853223995700e-01
4.369768304048968766e-01
3.622344559185842194e-01
4.691716789138632993e-01
4.406345944871025710e-01
4.107717431107215655e-01
3.887481767700604607e-01
3.971652353056487894e-01
4.181641276980908040e-01
4.076686217166595738e-01
4.451520392611215127e-01
3.993860550696084477e-01
4.226485939120678270e-01
3.652819236129235536e-01
4.009487310121412351e-01
4.270564927328549532e-01
4.239104105800733935e-01
4.269513767075628352e-01
4.271788603156451702e-01
3.615000485425092780e-01
4.345040778343626786e-01
3.688702934549200618e-01
3.999318524542341824e-01
3.744871511622409610e-01
3.938766122516045298e-01
4.344638498428796125e-01
4.099519030993148960e-01
4.157281032849974856e-01
4.075695877131873535e-01
3.898302197073856834e-01
4.073533520418590737e-01
4.021871302992155450e-01
4.420945501584389037e-01
4.238044120789992153e-01
3.602404916416501179e-01
4.299982500884230729e-01
3.943570805546425806e-01
4.137996828546355865e-01
3.848903632953180054e-01
4.172551940949913440e-01
4.146924145578763099e-01
3.955352745090843225e-01
3.893903384100979581e-01
3.966727828610276951e-01
3.594379196102011065e-01
3.664459718220784978e-01
4.215865633205473362e-01
4.519104973235139600e-01
4.474570578872695825e-01
4.225991280251312210e-01
4.464054797164146438e-01
3.858702210034446467e-01
3.976553315335144556e-01
4.267522989968438041e-01
3.985195909817645932e-01
4.343780841300833306e-01
4.287178493060732620e-01
4.061272988718881982e-01
4.469393933823316845e-01
4.180955972509944885e-01
3.905040561245634034e-01
3.256531442616530381e-01
4.406585225474530798e-01
4.556161809601083634e-01
4.069970196584476452e-01
4.178260912312403708e-01
3.928840259931791756e-01
3.892704298297347543e-01
3.978386041887542190e-01
4.176185640018494905e-01
3.999926414470139080e-01
3.746013649544562840e-01
3.999259954589494681e-01
3.529350640414279372e-01
3.984864212661120009e-01
4.039625596667429930e-01
3.895608227530371614e-01
3.829919482988266011e-01
4.006366116175710257e-01
4.013051081600833014e-01
3.859054222159435943e-01
4.319715532614272213e-01
4.197770850667029152e-01
4.185327614156584830e-01
4.318628088354600769e-01
3.792138296119593743e-01
4.092321517128727493e-01
3.896286049054185630e-01
4.325780556600868909e-01
4.312265360227713340e-01
4.004964147354098669e-01
4.033751047510639731e-01
4.180611137128112942e-01
4.445545053768532040e-01
4.044493516525407562e-01
3.996572876125094598e-01
3.843292755449178588e-01
4.288164890925554862e-01
4.022675041269925256e-01
4.278829996755336706e-01
4.078059809836120930e-01
3.595245115050600404e-01
3.829984325846833015e-01
3.786991264189923934e-01
4.028904712437704205e-01
3.878559639056611830e-01
3.947347778636852156e-01
3.878829869935307983e-01
4.313658433766017763e-01
4.177335329691663768e-01
3.934881602459408545e-01
4.498417587924815608e-01
3.856093064113298441e-01
3.811123477546813909e-01
4.361896826508352421e-01
4.232748750372153368e-01
3.807605543496228040e-01
4.294773438433656665e-01
3.973535188285082786e-01
3.730065423295976790e-01
4.463978193919513893e-01
3.774369376034881762e-01
4.292820433958181026e-01
4.073618944343195269e-01
4.019837246599902714e-01
3.964672798114063923e-01
3.997794262374296803e-01
3.658587763758043288e-01
4.148458120534764815e-01
4.105465158406330084e-01
4.108437098891094541e-01
3.628612562291104182e-01
3.478350612962285426e-01
3.556289011571646119e-01
3.843640420194037732e-01
4.075696535213048644e-01
3.815715103362867788e-01
3.787176981183627000e-01
4.169163247548847706e-01
3.740855567397960435e-01
3.411470526668266001e-01
4.175153698378215594e-01
4.430200170585146258e-01
4.019991305529250769e-01
4.324752928568258992e-01
4.358507040131066046e-01
3.920730028739753403e-01
4.085633944347600854e-01
4.484927754676142353e-01
4.197399462771349010e-01
4.030868055280598106e-01
4.378767885451487762e-01
3.763435374296307812e-01
3.992892443768928379e-01
3.727330315117791670e-01
3.641051473318184240e-01
3.932919098840477190e-01
4.262455591976080926e-01
4.271177700133033661e-01
4.295015402860664078e-01
3.633716874113644968e-01
4.014889842949078691e-01
3.944187247302229360e-01
3.917776820898810630e-01
3.966603123505503259e-01
4.429436402143399620e-01
3.984956067685352932e-01
3.753966651594015103e-01
3.795656485196239882e-01
4.202797802867457855e-01
3.992337094264133412e-01
4.173560546471726251e-01
4.110622718681850585e-01
4.074891710680979551e-01
4.266417515952657391e-01
4.053733401584506124e-01
4.074258579754320153e-01
3.678069900838996098e-01
4.157265312933514645e-01
3.981752590827486449e-01
4.574138510753651410e-01
3.659902909630674550e-01
3.411363280349878901e-01
4.291331344515784685e-01
4.043098960686992149e-01
4.217492126109394501e-01
4.104308939036790393e-01
4.263619609025049995e-01
4.199802138305864796e-01
3.932144448175108886e-01
3.870526215429276884e-01
3.721051120105420273e-01
3.909867684473098959e-01
4.337639627170977730e-01
4.298854402331894753e-01
4.227724525034263769e-01
3.986807188373411859e-01
3.660880029501253352e-01
3.709701453131447058e-01
3.934885459367580274e-01
4.178253680143994564e-01
3.980594087921625057e-01
4.182728206630031975e-01
3.925865646999990854e-01
4.275728655299353975e-01
4.567223090263105023e-01
4.285701260072033447e-01
4.124748089367041293e-01
4.502322291798699361e-01
4.194533088182697544e-01
4.450118161638448866e-01
4.668997557666826337e-01
3.966871754343674894e-01
3.788731045035108047e-01
4.078728346506233504e-01
4.014454462834052273e-01
4.230629110602101006e-01
4.116960416019425084e-01
4.417954494193148118e-01
4.298608738462505463e-01
4.203758675485304019e-01
4.161369774155434520e-01
4.098785232065053630e-01
4.257486220006319599e-01
4.086224449284120985e-01
4.210847562338791983e-01
3.940526627527743964e-01
3.789458896027275703e-01
3.806473511163137036e-01
3.919505141664561543e-01
4.084279919915590473e-01
4.834391869054744384e-01
3.693442516346636673e-01
4.813106081696572058e-01
4.265960132394793769e-01
4.564624944430084041e-01
3.713330419194705301e-01
3.757401005553063777e-01
3.967804727116847618e-01
4.016667687213626992e-01
3.789214963315107876e-01
4.047172008406851318e-01
4.127054674339453721e-01
4.209747693979440375e-01
4.073734416565463756e-01
3.923953970144281045e-01
3.520170232041459069e-01
3.507338298872602622e-01
3.733111743305856378e-01
4.111538920917911510e-01
3.717364608793757297e-01
3.865540925991192700e-01
3.963857950039911260e-01
4.103645799876678990e-01
4.217753333794175830e-01
4.037103188356857553e-01
3.627208192421392807e-01
3.788864073827660772e-01
3.566875402679815510e-01
4.108816152132840349e-01
4.008646721657909140e-01
3.981382504788082421e-01
4.560239241108116071e-01
4.148999307613003840e-01
3.593894591929692739e-01
3.718002341309880054e-01
3.819324996763676094e-01
3.944155415917111607e-01
4.067287406057196186e-01
4.142661854714034808e-01
3.822940479356762289e-01
3.995816678414208512e-01
3.987111258033197991e-01
3.979422025799969620e-01
4.464627026946134669e-01
4.292556203275710858e-01
4.225679050861981256e-01
4.263486614820746201e-01
4.069619281753533713e-01
4.723807156702563015e-01
4.414340043349830878e-01
4.318714262527710845e-01
4.452601946711483016e-01
3.982894634176588067e-01
4.160999784395517098e-01
4.260125034912521924e-01
4.326164359698023709e-01
4.026828751767385084e-01
3.810748818757783707e-01
4.514921951749460427e-01
3.736509079020517432e-01
4.165806344685101248e-01
4.062935161268781403e-01
3.857950138749267621e-01
4.281033279245083367e-01
4.083861327641251093e-01
4.334396365129246087e-01
4.512690493710001527e-01
3.817225984707553477e-01
4.304123527013308248e-01
4.105534283673778484e-01
4.489221927264319123e-01
4.669467574457692449e-01
4.197393849526187548e-01
4.396387037758711092e-01
4.532841531778276645e-01
4.234505279494599206e-01
4.315036944461289603e-01
3.847506768886883033e-01
4.311938322208986318e-01
4.099307894932409102e-01
3.802689583169709397e-01
3.939113957114911968e-01
3.785824191018399287e-01
3.864063743485516844e-01
4.121557453307512220e-01
4.377153532308358796e-01
4.184280650038426641e-01
4.174733358561215635e-01
4.328241174493940302e-01
3.790842674458084760e-01
3.936263267743605465e-01
4.058599677423325169e-01
3.853297400610400381e-01
4.222824298109139618e-01
3.774453292473490817e-01
4.229009102391237396e-01
3.698057015201985376e-01
4.032056850457619301e-01
3.992591526666913748e-01
4.416008056054825937e-01
3.847279352772639549e-01
3.709106162954738939e-01
4.183423498832075649e-01
3.697087862670981884e-01
3.757992711342968972e-01
3.857527927456793071e-01
3.863864907616843536e-01
4.005266670722387734e-01
4.193748530602933733e-01
3.801269116061120057e-01
4.310378238280717089e-01
4.302968731494930532e-01
4.124733049154425402e-01
4.244865139455739622e-01
4.005754166816713480e-01
4.125723321380843633e-01
4.497467552142614400e-01
4.321418422694753847e-01
4.074447513953372568e-01
4.206990231469424635e-01
4.030489709418958455e-01
4.222027331846707199e-01
4.273220437541091488e-01
4.218503040693518669e-01
4.190601017205924927e-01
3.956300793919991232e-01
4.426615525849286747e-01
3.719139507420194390e-01
4.158342355713100513e-01
3.542637638433828728e-01
4.109078752335527107e-01
4.168521021252872827e-01
4.657696301190711874e-01
4.178598718467716466e-01
4.388015872943567541e-01
4.293057901913699959e-01
4.295362600956378341e-01
3.785014812564665432e-01
4.254624528592817478e-01
3.516399267630436754e-01
4.776184907483270736e-01
4.218529390319731287e-01
4.184990701443447314e-01
4.210217091065059924e-01
4.245309175132506163e-01
3.657348965647534977e-01
3.997542145533231617e-01
3.738581337488842138e-01
4.089014417586852579e-01
3.501356782321262129e-01
4.174823709436064623e-01
3.792858064056301992e-01
4.024176199415381294e-01
4.280976160901482364e-01
3.405173404413276428e-01
3.737329602806130913e-01
4.382859529693497458e-01
4.670588080520775009e-01
4.190186955791494472e-01
4.050111374610103621e-01
4.326166855601650263e-01
4.142456010491105678e-01
3.904553486231278070e-01
3.971914630395456669e-01
3.944027357795568123e-01
4.174835289197559862e-01
4.062456190925770039e-01
3.493121001037242657e-01
3.511978939210559925e-01
3.644039103659844625e-01
3.761218947770009202e-01
4.350645680047916519e-01
4.327262943316669830e-01
4.129577326524521141e-01
3.918779602123759198e-01
4.251586406949618979e-01
4.784432555823444067e-01
4.256016488633656003e-01
3.862886088625831493e-01
3.845595394880985118e-01
3.710806274068910726e-01
4.525072341901831274e-01
4.375405940362658841e-01
4.219520047799394935e-01
3.460554374258991706e-01
3.797982270488872714e-01
3.719862477917120214e-01
4.446850591733298996e-01
4.480091275029830511e-01
3.303830306402664174e-01
3.529059599436769057e-01
4.023861113204834083e-01
3.414167345509822038e-01
3.070517684356218746e-01
3.599870109462023349e-01
3.820082693745278091e-01
3.541877562345315811e-01
3.585016262043613233e-01
4.017149164295471531e-01
4.242577671525824545e-01
4.000165739583844693e-01
3.509816476700143295e-01
4.154080165133904323e-01
4.169154535725794197e-01
4.125905566476212316e-01
4.216990608491230641e-01
4.305663092147498650e-01
4.247640276792774561e-01
4.489781985857504987e-01
4.295053569065962473e-01
3.985205052651789592e-01
3.882296729945107217e-01
4.131204698971256417e-01
3.927842507889468537e-01
4.181106178257966155e-01
4.056524151954879476e-01
4.303362987353224756e-01
5.014916239367835926e-01
4.114267318630069337e-01
3.906870396927485944e-01
4.093339546789512839e-01
3.905201147834742037e-01
3.700833267785339498e-01
3.631736399104059654e-01
3.524428715895662201e-01
3.777036506282754891e-01
3.790711229449005293e-01
4.518847146359608047e-01
3.745741324911807113e-01
3.772831842278134284e-01
3.954082051280493615e-01
3.636410465802658032e-01
4.010420729585838506e-01
4.457221048967855426e-01
3.748303239780301221e-01
4.535245628555402142e-01
4.299724104669196412e-01
4.218953838308622251e-01
3.940641842315149579e-01
4.218117100603157588e-01
4.161474081799533820e-01
4.090100619355682143e-01
4.489318194304907084e-01
4.244651918051026152e-01
4.175102173984072129e-01
4.055781625772708621e-01
4.345548673400103645e-01
4.250257587125160219e-01
4.284168586001166901e-01
3.908464270354867209e-01
4.101742374969272187e-01
4.630627865223176931e-01
4.586952003030368430e-01
4.128289415534061035e-01
4.229027763234886605e-01
4.650077561017339489e-01
4.085224388188134492e-01
4.141175048801281622e-01
3.949784045336636740e-01
3.825047653899741329e-01
4.072423903767090625e-01
3.919899453203655737e-01
4.014840552937097296e-01
4.053243796673627886e-01
3.600530462272932830e-01
3.769302246539716905e-01
4.165434939473713905e-01
4.575365035749491271e-01
4.285710312302413727e-01
3.597219875832728397e-01
3.720024430558420692e-01
3.543685407851646096e-01
3.837489588720574551e-01
4.597650010064804338e-01
4.427632761430377872e-01
3.859140190504773971e-01
3.948673289119984942e-01
4.595457774494980940e-01
3.852700824979097827e-01
4.185279247262990721e-01
4.533166953805927157e-01
4.132692535876676398e-01
3.957022339119547483e-01
3.986908025828313495e-01
4.162299498957263699e-01
4.188887217559019716e-01
4.464372586869074788e-01
4.178962575122820433e-01
4.636145445344679317e-01
4.328266599160036088e-01
4.350196324935510228e-01
4.123885601485842156e-01
4.311341847309898001e-01
4.265364523842657962e-01
4.201188096745042677e-01
3.750707935054596320e-01
4.296551597262295297e-01
4.178157729676745258e-01
4.302874087692329930e-01
4.113136010486556082e-01
3.743624294618292381e-01
4.682029394020713609e-01
4.154542066634081543e-01
3.761499163414362412e-01
3.998790308412480954e-01
4.070744996834219087e-01
4.275857936692326611e-01
3.955552710022239848e-01
3.832672145515087503e-01
4.249327193557479454e-01
4.412447926121189634e-01
4.279313404651250430e-01
4.345416822591391948e-01
4.518636100503263808e-01
3.919730115170177998e-01
4.096312702523787763e-01
3.998268960457099785e-01
3.857253286110125523e-01
4.018005716890831747e-01
3.612058041177385048e-01
4.296040244887033843e-01
3.794986181952286763e-01
3.712801168462200874e-01
3.752316121890759693e-01
3.958546865803736492e-01
3.901957039849927589e-01
4.081408099272641476e-01
4.420580928870427861e-01
3.786352672847019263e-01
4.054943372699545412e-01
3.757057592189801398e-01
3.698076685686390586e-01
3.477326689491500589e-01
3.644688602317094350e-01
3.341751788067706119e-01
3.810213007778281424e-01
3.669842977339540235e-01
3.989450038654879238e-01
4.012180561819575497e-01
3.814692157310007325e-01
4.523686816259796517e-01
4.176959265106974795e-01
3.544364291988393867e-01
3.920711898580235832e-01
4.335810773958037601e-01
4.199569742843851650e-01
3.927073918945518383e-01
4.375651826063242100e-01
3.933019669842053312e-01
3.807116587747527148e-01
3.855439975600786773e-01
3.924158151085615498e-01
3.788971034694749163e-01
3.983430771804898907e-01
4.017752284108963012e-01
4.051114892491937125e-01
4.637022787650849631e-01
4.257387632840374248e-01
3.916993936951419508e-01
4.487555727196942401e-01
4.150698899400208086e-01
3.966664993403603012e-01
4.384831758694184289e-01
4.575372924938762575e-01
4.034878886058149150e-01
3.865388434709302601e-01
3.696694738751338805e-01
3.669891494034051016e-01
4.313568792291713194e-01
3.586113137093426828e-01
4.177145053071636971e-01
4.260346681679147984e-01
4.237927186937801016e-01
4.241040576673045237e-01
4.127013608347024909e-01
4.048624543017914634e-01
4.331693546142353357e-01
4.257312991180053907e-01
3.933918195582282173e-01
4.142404709328867396e-01
3.927426473063873602e-01
4.180007888008354655e-01
4.387947278085389535e-01
3.825430904993312731e-01
3.968069829263914938e-01
3.838624531713849541e-01
4.153235756210025276e-01
4.408528768227849559e-01
4.105611935407447732e-01
3.667245775187275569e-01
4.335294609674839594e-01
3.935873585337289482e-01
4.636930296223925607e-01
4.216340836041292395e-01
3.752123515693711608e-01
4.139891674343693095e-01
4.118348320254671124e-01
4.383082251968128951e-01
4.129971153580347387e-01
3.962367306278228862e-01
4.288690354184802045e-01
4.165129288176022682e-01
4.316674681665948476e-01
4.304496415547391375e-01
4.505980693299344031e-01
3.900228429624971738e-01
4.265225816044454499e-01
4.187761202064025357e-01
3.885522038772660780e-01
3.787127623820546463e-01
4.070129171255625899e-01
4.088859590520294018e-01
4.429305147665772990e-01
4.203926262514526280e-01
3.571187884334423579e-01
3.705693214651363254e-01
3.843746434822437608e-01
4.215634990353019917e-01
4.189407247836235415e-01
4.014062371070145629e-01
3.659186494710296444e-01
3.975725591324172359e-01
4.177734138503707562e-01
3.723819237519215286e-01
3.757407146312625734e-01
4.212137562093227761e-01
3.941026997234338691e-01
4.082803396208916635e-01
4.499409346662215370e-01
4.159844705044253854e-01
4.136053987294925904e-01
4.473649500277139812e-01
4.831840692858258013e-01
4.087828096951463541e-01
4.043861666715198311e-01
4.001434938380855066e-01
3.771743355029130718e-01
3.942839391068190813e-01
4.671172078466870325e-01
3.763817828312572833e-01
4.161092962969578091e-01
4.335466090267174888e-01
4.360132101521486114e-01
4.188045735541977566e-01
4.024603701884995055e-01
3.817470881839445385e-01
4.152789857947375984e-01
4.089609238337275632e-01
4.133491495235679936e-01
4.148324399473413138e-01
4.490060019588346663e-01
4.444850603292762048e-01
4.650072795492614652e-01
4.470600440938444220e-01
4.239674230587814341e-01
4.800072287414784422e-01
3.983209510090282013e-01
4.468537182631094895e-01
4.476365229608168517e-01
4.016472337514613300e-01
4.400678411972391291e-01
4.599188456190476670e-01
3.801457432888281085e-01
4.089292580959372203e-01
4.595340962504668725e-01
4.228707667364723366e-01
4.384418578463636362e-01
3.834408664580867820e-01
4.336461931593629249e-01
4.076794695060907414e-01
3.607133394249917302e-01
3.923469190251763217e-01
4.216024417380074829e-01
4.176685538752753502e-01
4.309370594443107660e-01
4.272387222798313400e-01
4.490518387608857798e-01
3.702465748408741986e-01
4.404539374616218139e-01
3.918635104138533665e-01
4.524092631255392516e-01
3.978012170823357896e-01
3.961445119920434244e-01
4.371320587237469968e-01
4.455348898325661167e-01
4.208620825499423956e-01
3.638015314360454333e-01
3.973548707446452055e-01
4.210602947134263196e-01
4.332412949503658406e-01
3.730436835622599756e-01
4.094703277274979736e-01
3.982508417899725539e-01
4.115507070211565921e-01
3.662865912148164371e-01
4.622813330988119751e-01
4.222999105885742455e-01
4.069472360281871648e-01
3.459427445600818385e-01
3.499286843985981443e-01
4.451539326093356119e-01
3.742620784432194592e-01
3.916238348354842413e-01
4.452362238289852003e-01
4.033769832382201881e-01
4.017031098143860612e-01
4.127622021602859737e-01
4.167665682854339582e-01
4.249600420161835923e-01
4.292244531708643840e-01
4.312339540425162432e-01
3.921874782393445225e-01
3.915354057067449989e-01
3.707197549031335804e-01
4.062757893785729491e-01
3.799214931461871170e-01
3.748159662388897417e-01
4.098188361993602702e-01
4.067744726390351007e-01
4.300125213404782376e-01
4.051537868265316922e-01
4.272962801072888173e-01
3.676309531466876446e-01
3.762699468394322122e-01
3.808921836819306739e-01
3.714457751027723797e-01
3.781127589512831011e-01
3.801889607154712025e-01
3.753598773100363384e-01
3.603336468177983365e-01
3.604837698811207414e-01
3.945006548739190544e-01
4.272950439788857913e-01
4.068573469269577969e-01
4.000614383918821848e-01
4.263813861011479522e-01
3.858157865541622100e-01
4.374734978789702744e-01
4.375823132223429779e-01
3.976335806049327570e-01
4.540517223152135129e-01
4.382243445948999505e-01
4.392751497022182039e-01
4.249914596067955741e-01
4.721867495639070489e-01
4.529088867081206282e-01
4.232640909815017505e-01
4.285742711886988965e-01
4.226980228215049262e-01
4.600789918006191748e-01
3.957385922359529795e-01
3.901821421622788666e-01
4.286700044396110076e-01
4.357280290807329370e-01
3.761127929480997945e-01
3.649778981825066992e-01
4.009423624219350946e-01
3.962585164309039287e-01
4.387306914626593612e-01
3.536269169585858907e-01
4.612232681947205370e-01
4.409075877544626487e-01
4.060541086658832621e-01
4.313998139486674432e-01
4.536891050173983975e-01
4.519189861056130408e-01
3.988032901573852484e-01
4.032948071298022574e-01
4.745899937261235935e-01
3.930093983671767988e-01
4.148096584487451222e-01
4.032803545048637694e-01
4.054613077316135961e-01
4.205375440637953988e-01
3.693461141693948901e-01
4.362656827882057664e-01
4.028774078977710449e-01
3.991461710283180087e-01
4.066677186404081268e-01
4.377579871532674693e-01
4.406358657069235907e-01
4.389811024257447847e-01
3.890118973406178071e-01
4.435913092116886558e-01
4.753261311423275792e-01
4.209903691535163417e-01
4.075716152207415899e-01
3.957750594827045831e-01
4.116133441050860431e-01
4.248550110697009718e-01
4.047224743902054223e-01
4.259340494260580590e-01
4.171654932320453257e-01
3.974906709187996934e-01
4.481132284272436039e-01
4.005456711256304980e-01
4.386320824802474871e-01
3.908928661965989648e-01
4.001377846914905279e-01
4.370124737901112111e-01
4.498131004866517957e-01
4.354805026194085715e-01
4.143186450558635769e-01
3.805053354444156710e-01
4.201821556714107619e-01
4.189628250186175906e-01
4.364219300414557967e-01
3.772263835725863101e-01
4.209434535643454822e-01
4.256586346167286483e-01
4.003660953026786373e-01
4.288845147476624264e-01
4.515719608703833154e-01
4.001843680997764219e-01
4.228402992683916728e-01
4.106953025306099847e-01
3.900602850049421644e-01
3.835788882109548714e-01
3.748810483226240331e-01
4.304821255567487515e-01
3.733889946533132109e-01
3.991898584916565573e-01
3.918204546202771477e-01
4.083537644584376292e-01
4.481084324612824576e-01
4.537822576986339507e-01
4.335712452779398873e-01
4.477812513766599167e-01
3.950666889371986512e-01
4.278173830257499533e-01
4.007013658801122924e-01
4.348305363207843333e-01
4.158580339794805680e-01
4.170212323233010721e-01
4.355206602878682887e-01
4.130969227184275172e-01
3.908989910674668944e-01
4.166601838401663982e-01
4.002747982313377695e-01
4.070216292998751761e-01
4.423635977598363578e-01
4.569573877261233208e-01
4.352559854161153208e-01
4.334822220524497949e-01
4.124084563537809833e-01
4.180529591760614450e-01
3.769741893269736299e-01
4.149117422804290412e-01
4.263862761589343187e-01
4.169368348242093458e-01
3.937622881821884469e-01
3.870714857347068993e-01
3.938355623119351168e-01
4.040419692081572700e-01
4.202948258228370593e-01
4.117508913165093820e-01
3.867999973099751632e-01
4.053594855406019160e-01
4.025107356356525945e-01
4.512020135163106183e-01
4.264305388401903874e-01
3.936277171964694954e-01
4.471794738350794440e-01
4.037451067213274070e-01
4.420462701647852044e-01
3.941749752286347053e-01
4.638346861552895550e-01
3.963339239756304422e-01
4.192894574156130205e-01
4.130625773495503750e-01
4.166253195363857631e-01
3.674522499713227530e-01
4.325842945934693096e-01
4.439719622984551473e-01
4.325739544269276426e-01
3.955952603564008574e-01
3.931079724307517953e-01
4.087413237567374957e-01
4.654992886839426358e-01
4.252902532586657069e-01
3.871942126622872626e-01
4.369579912489836571e-01
3.907291597954655749e-01
4.267853602070800778e-01
4.711008888889899882e-01
4.248828449797934503e-01
4.238054990825964596e-01
4.171023098043891708e-01
3.945775267294989175e-01
4.218414401843312844e-01
4.180437251594191772e-01
4.189516491892468775e-01
4.114014130843020034e-01
4.478506160896990607e-01
3.929152190668896427e-01
4.307267989896207405e-01
4.239944205816648659e-01
4.342062615672248604e-01
4.073235833343521461e-01
4.107858599602448590e-01
4.117004879125512606e-01
4.245096882349337353e-01
4.662004366037403869e-01
4.590693081570537681e-01
4.411822821899183955e-01
4.393571911601559243e-01
4.450034579272629243e-01
4.587674711695102769e-01
4.135696395934972958e-01
4.120584894531274522e-01
3.918059942474974577e-01
4.230945639945651315e-01
4.000126935268656370e-01
4.534034818363551489e-01
3.915247635617341571e-01
4.340272579630952698e-01
4.239395876519389539e-01
3.991275743081812988e-01
4.059648086667840827e-01
4.234815859972673180e-01
3.607806956202874726e-01
3.855128455433229351e-01
4.161135904205203739e-01
4.292537891705154873e-01
3.988163494551846266e-01
4.011278051114807175e-01
4.309791346182177962e-01
4.329862983174904145e-01
4.155935934140936872e-01
3.946526016409107052e-01
4.010907657106263513e-01
4.003812272012843287e-01
4.278019143122323564e-01
4.267680002945524187e-01
3.961779616648757330e-01
4.207042122543728779e-01
3.828200092155932266e-01
4.074348344365212315e-01
4.142450695125950988e-01
3.962109087341003089e-01
4.213966519401668442e-01
3.766346748393101795e-01
4.225763551713740962e-01
3.687742280490230451e-01
3.796743976717386615e-01
3.805441323711074575e-01
4.043720620484984041e-01
3.946068480758757047e-01
4.008651886030967781e-01
4.562960006501126653e-01
4.678272776489096896e-01
4.528307655031392209e-01
3.810587982107103699e-01
4.055680295174389216e-01
4.205822011961772300e-01
4.234036905428775754e-01
4.263604210130571559e-01
4.406807597016064726e-01
4.017258250064656422e-01
3.400902507132251285e-01
4.360712567585074972e-01
3.852288056632352520e-01
4.234575339056004806e-01
4.306238727073423700e-01
4.138947253910409407e-01
4.128810474159668731e-01
3.561153677852421096e-01
3.737715717106254720e-01
3.868221702520389105e-01
4.059365667137706524e-01
4.360252548976760734e-01
4.059238849677382355e-01
4.302007014211203240e-01
4.336876770747148391e-01
3.931256134411623693e-01
4.196265796156159467e-01
4.284923406674808755e-01
3.955278126247315229e-01
3.841962889720945684e-01
3.926184544177004354e-01
4.339671333052610436e-01
4.116278322923226929e-01
4.596437491260890185e-01
3.596320319454949788e-01
4.047290017368286863e-01
3.753322771849241235e-01
4.088762573427341396e-01
4.024330178462470209e-01
4.396904599906054090e-01
3.718492825751337771e-01
4.122926395425637325e-01
3.869156815171206909e-01
3.721956438034678682e-01
4.126515634881471328e-01
3.858242633184165160e-01
3.959372463855205249e-01
3.614592904700459908e-01
4.255445618036886590e-01
4.278793017672498644e-01
4.246237809816940656e-01
3.965858219980336052e-01
4.407407927263697900e-01
3.947748485857863199e-01
3.820237016148945175e-01
4.164710001293809305e-01
4.251052545101685620e-01
4.716242402656783961e-01
4.141127196165427793e-01
4.093757003071348266e-01
4.350124761315223854e-01
4.090819348539004308e-01
3.928113871771524157e-01
4.185594435303234273e-01
4.269745855918998800e-01
4.085735840407429542e-01
4.368090492162278182e-01
3.636107591563325081e-01
3.991715042609259023e-01
4.068169174355698026e-01
4.386376754207366169e-01
4.238818353558987395e-01
4.030484598633090609e-01
4.224986444989635714e-01
4.180621616299021737e-01
4.697863607489868865e-01
4.065982631193716945e-01
3.974596988910195083e-01
3.905560193870967201e-01
4.008233715829608856e-01
3.964753178356167918e-01
3.902814190226501223e-01
3.834301045496226190e-01
4.727466746199428527e-01
4.335524690918852175e-01
3.995101759950663856e-01
3.963731140378960460e-01
3.790128068627742763e-01
4.050823591171920923e-01
4.232410043849297310e-01
4.148557884121413242e-01
4.402191303776717968e-01
3.744452489781894267e-01
4.225999103121207967e-01
4.173455257155171960e-01
3.894851345715926172e-01
4.058040047320745081e-01
4.102194949352603315e-01
4.009568291085919278e-01
3.439822766223524231e-01
4.008579109924692019e-01
4.016003419429579613e-01
3.199224680439024526e-01
3.504605386932678202e-01
3.794992422142274835e-01
4.357655697262446393e-01
3.719888117118654303e-01
3.765042846485338046e-01
3.614734207856651893e-01
3.851657515397538534e-01
3.722805882495757723e-01
3.830739235515527308e-01
3.808060940567653541e-01
3.937591396363337437e-01
3.931582731735265845e-01
4.126931387064177170e-01
4.184068421961530948e-01
4.227022167887566351e-01
4.479177761927832790e-01
4.529980833226391335e-01
4.427557768230515611e-01
4.329364852577136658e-01
4.441055074367397104e-01
4.466795120588131773e-01
4.211527068990464917e-01
4.184875379851132338e-01
4.240961714128311244e-01
3.999602112392864894e-01
4.054693239933918059e-01
3.565511323283958589e-01
4.147055858065938905e-01
4.024064227070467958e-01
3.910616111064801892e-01
4.108144446027600649e-01
4.609362791265865789e-01
3.320642914094890652e-01
3.814701597681466883e-01
4.239755642806379843e-01
4.182055804064737647e-01
4.115577780922414775e-01
4.012441586581516062e-01
4.469286912238844001e-01
4.554704555434100355e-01
4.209967623397850578e-01
4.439428946884821370e-01
3.943081865761088323e-01
4.445179975837275643e-01
4.157712132112915127e-01
3.783448608957858394e-01
3.805088388120800857e-01
4.123423013362674250e-01
4.347323606194455348e-01
4.113496466560813691e-01
3.774864958501166212e-01
3.988940683107820018e-01
4.294116520344037347e-01
4.268438584038768968e-01
4.209888717237150191e-01
4.093941171939107782e-01
4.130993076488061466e-01
4.026490812864665925e-01
3.592531965569375485e-01
4.353812746253528099e-01
4.201372288531732835e-01
3.699976863027976681e-01
3.807590993828383619e-01
4.221744839647621483e-01
4.076290416573253306e-01
4.208334303313149283e-01
3.807548075750020189e-01
4.603216944874328753e-01
4.275350663768711090e-01
4.110810075331829405e-01
3.811238739969280420e-01
3.906404347811818223e-01
4.019370857247654971e-01
3.561586749943309593e-01
3.880292908263936469e-01
4.226556442057809448e-01
4.185849805855242911e-01
3.194117314919378559e-01
4.489402619611221334e-01
4.359953044605962003e-01
3.899590708646085147e-01
4.557769823177141855e-01
3.801740645143637520e-01
4.319670057957165632e-01
4.017853110578210596e-01
3.720765431605000950e-01
3.748897649030086265e-01
3.779400543449395466e-01
3.937396187232222178e-01
4.189432908757425578e-01
4.226669374112219657e-01
3.963198113576200110e-01
4.319101302489782856e-01
3.890508482129923506e-01
4.295190861655400760e-01
4.170065022837456947e-01
4.436473741416810390e-01
4.592459492236473095e-01
4.433708863989715421e-01
4.180910331512877609e-01
4.090279466873024683e-01
4.236589583217770238e-01
4.396963528608034411e-01
3.881842195166156362e-01
4.271468943307953348e-01
4.306303642380035490e-01
4.154039031437301577e-01
4.234581660473722420e-01
4.101478175803414117e-01
4.115060616233880975e-01
4.325242938297057527e-01
4.127696026632757809e-01
4.427182331818355077e-01
4.268939727194904221e-01
4.064828550460055645e-01
4.438319125514770813e-01
4.161561210604518002e-01
4.240016092013997873e-01
4.296454139604380940e-01
4.192077808235666891e-01
4.084533385791490612e-01
3.788504616887092280e-01
4.457384607055978609e-01
4.301270637063883684e-01
4.389169618088341607e-01
4.256999260600017876e-01
4.820654810821212721e-01
4.245923387190843057e-01
4.684090001691217364e-01
3.995133426288919876e-01
3.970334856912559052e-01
4.521272840747920796e-01
4.144098931183696211e-01
4.556061652583003330e-01
4.466270103616274412e-01
4.276715909153306905e-01
3.953996622279811746e-01
4.325951351670727085e-01
4.132336939736972470e-01
4.201611905965016991e-01
4.442003841620890681e-01
4.483513850924649158e-01
4.239903931739024689e-01
4.160006270038787979e-01
4.735634921835450983e-01
4.436725267127102912e-01
4.407978159678082042e-01
4.652065613042644099e-01
4.407776579732139988e-01
4.438427117181847903e-01
4.319211954582607982e-01
3.628414809749666015e-01
4.150670363501949289e-01
3.579415818289751750e-01
4.142854547274587018e-01
3.779211287853704304e-01
3.613243964672991915e-01
4.322404523402664789e-01
4.238277228444334299e-01
4.140602947422878377e-01
3.429176841223684491e-01
4.334172523833199620e-01
3.678408068970457911e-01
4.169997554751572189e-01
4.306876299842713474e-01
3.830212252820253682e-01
4.076483975423447204e-01
4.138361613226496094e-01
4.369418679729262789e-01
3.851763776273459672e-01
4.113890291911862507e-01
4.456188133648044669e-01
4.310490015770320760e-01
4.243145687234256003e-01
4.700581456671581448e-01
4.345270287066074211e-01
4.104076422108061672e-01
4.075150203809068117e-01
3.958678310214353013e-01
3.739893216452829794e-01
4.036140933902836458e-01
4.296752774810144726e-01
3.851042497453575630e-01
4.059139806433585962e-01
4.372951428897362547e-01
4.074809513947731388e-01
3.730921002202314818e-01
3.783455166787195734e-01
4.252580403260468600e-01
4.143228955714942097e-01
3.924395948502673037e-01
4.108223498581813349e-01
4.112867554883642973e-01
4.299336671413150346e-01
4.476883874829042376e-01
4.442020312190766429e-01
4.265229184736883949e-01
4.616262728169699403e-01
3.994638704326096690e-01
4.453611455532490160e-01
4.391508386609804804e-01
3.963755318426161467e-01
4.438521159171001651e-01
3.812430610463184433e-01
3.766150025070265639e-01
4.074490443689454122e-01
4.129061669002165869e-01
3.962509537849812080e-01
4.334610864400680885e-01
3.963108830853283582e-01
4.076638465492520291e-01
4.008178499925860727e-01
4.307408461514536935e-01
3.918067861202281787e-01
4.779467451886014184e-01
4.146820759185474992e-01
4.125170672100496594e-01
4.648819410051436285e-01
4.271040832178734092e-01
3.669450566256604596e-01
3.670999996415035271e-01
4.161343363940057105e-01
3.783295110165676434e-01
4.090739459700694081e-01
4.039369144938231848e-01
4.040466740021814718e-01
4.545461536567963479e-01
4.205858264705284455e-01
3.802011200474817443e-01
3.907245405127253157e-01
4.137401024628906687e-01
4.460012134974099540e-01
4.311586555044753521e-01
4.211561546639497333e-01
4.230026463273617865e-01
4.238129173674855532e-01
4.142781448925436649e-01
4.642828422899868412e-01
4.245281349904742041e-01
3.996701614701699268e-01
4.189944128084235331e-01
3.851642240744772017e-01
4.337014496752240045e-01
4.558488212494386516e-01
4.489102839787530441e-01
4.396054514796808865e-01
4.062342471354767337e-01
4.499115138302965944e-01
4.165659130991234416e-01
4.319398709644918233e-01
4.329274845297728658e-01
4.187182019401192723e-01
3.878252223109526220e-01
3.540770474139031676e-01
4.479665944027403368e-01
4.511953809785234637e-01
4.322796067913234341e-01
3.932056312489570216e-01
4.362103555954021661e-01
4.291508805659616788e-01
4.067992177697670741e-01
4.129243051348686078e-01
4.028969728127542727e-01
4.368374641213630949e-01
4.334925191004126432e-01
4.013393429963819647e-01
3.450093706738072141e-01
3.689733825634480824e-01
3.694443963064740766e-01
4.102560083803680757e-01
4.690981603891443696e-01
3.873978523042312383e-01
4.218702017727388176e-01
3.988002555752535039e-01
3.726084974175560838e-01
3.988807347323760077e-01
4.357065059987228484e-01
4.225957864212587789e-01
4.200273751759516228e-01
3.908617565167448182e-01
3.813133709011851114e-01
3.889486516732930110e-01
3.771179815049821027e-01
3.964735174220651026e-01
4.021951444140111631e-01
4.295786107149962008e-01
4.380996984048882714e-01
4.238060529038961133e-01
4.565627185774316366e-01
4.097663742901520023e-01
4.343033100940423274e-01
3.876929406621110186e-01
4.286886517973913513e-01
4.469434238364412004e-01
3.501745498634347142e-01
3.967859671594078375e-01
3.948338731902668042e-01
4.259096703103907866e-01
4.011241428177397816e-01
3.744439515045309697e-01
4.197283380584522772e-01
4.372045301716047105e-01
3.735798529706109705e-01
3.445327741496502227e-01
3.435966948741367988e-01
4.380590984718326086e-01
4.058099373149322564e-01
3.783742529155046941e-01
4.058582684950871045e-01
4.265909840180798773e-01
4.127953862752530845e-01
3.695236670119504963e-01
4.242497907729574358e-01
4.174450639443156308e-01
3.955704297071540032e-01
3.879648930428378217e-01
3.972209865872316503e-01
4.234551963525392537e-01
4.209573211519250235e-01
4.121126313724438051e-01
4.167097271248154100e-01
4.288026440225395919e-01
4.489145592881291780e-01
4.026902449015620222e-01
4.067902337775445298e-01
4.563029826363717012e-01
4.269391645115503398e-01
4.239787276981861197e-01
4.374172200007633848e-01
3.918050496506977343e-01
4.068490049243484452e-01
4.725051469429623063e-01
4.147976998054688780e-01
4.576015331919125462e-01
3.934035686331597281e-01
3.606176809660864291e-01
4.456370942132415469e-01
3.944151936936404756e-01
4.273311355862036143e-01
4.315027476545744145e-01
3.883552262260517307e-01
4.142100235723000790e-01
3.885662357483926077e-01
3.775542543481484881e-01
4.201007602000981778e-01
3.875619844094722599e-01
3.836964895250360441e-01
4.219538924998977314e-01
4.074230875922754125e-01
4.120729531020776437e-01
4.053565729798982997e-01
3.987559098094658472e-01
4.292247772240161408e-01
4.198186687897861868e-01
4.064086900856738183e-01
4.323388685962878397e-01
4.206545135175367989e-01
4.355428292209660435e-01
4.255637299567270881e-01
4.294331184358105569e-01
4.104086675782154248e-01
3.947642218023194038e-01
4.161351808669097596e-01
4.405224361449984194e-01
4.118359995716687205e-01
3.961742844654315143e-01
4.161174980004365143e-01
3.817664532131959110e-01
4.190519712052228618e-01
4.219405430345297137e-01
4.293671967196930339e-01
3.803528897365702766e-01
4.318968324571532680e-01
4.055863986902246143e-01
4.331568910148967388e-01
4.022718044274787297e-01
3.782706149104703153e-01
4.069548773042661605e-01
4.158737905276453928e-01
4.264100515157508986e-01
4.030325163548856837e-01
3.923549648120998046e-01
4.409862423508431051e-01
3.855603280311405978e-01
3.891931821029824268e-01
4.036951177993337025e-01
3.632025923425247771e-01
4.026592605535363467e-01
4.279248590463283208e-01
4.031037507589527724e-01
4.497580791623065344e-01
4.432098629836011550e-01
4.758469764193950513e-01
4.105773188459250767e-01
4.337307285692783010e-01
4.320341333951194795e-01
3.994317213541543343e-01
4.129202089345302418e-01
3.792768518057095251e-01
4.261229953954182581e-01
4.295290298988285738e-01
4.317701314143658764e-01
3.932539111486864081e-01
3.816137714633455191e-01
4.373024166358184806e-01
4.332307158265811808e-01
3.917976087673695762e-01
4.155128361231805734e-01
4.698247551681549172e-01
4.463796020868858738e-01
4.602554540826263030e-01
4.384400098356439068e-01
4.500165043800764542e-01
4.113781745432720793e-01
4.050161139077607664e-01
4.317227598995811988e-01
4.439261785997274945e-01
3.937180035275928969e-01
3.798109230388346247e-01
3.885482636677439205e-01
3.397958890362741680e-01
4.626422685649286826e-01
4.387280595589290733e-01
4.398240722123052948e-01
4.255706868530770293e-01
4.565177721048592763e-01
4.653136125207392171e-01
4.311652597844488621e-01
4.051353312477767310e-01
4.278400709950619385e-01
4.381964461765593399e-01
4.387993393525039809e-01
4.137854150990513125e-01
4.084892719828631669e-01
3.629250590318987002e-01
4.485065181350041952e-01
4.640278017875691940e-01
4.612943453243773528e-01
4.970784504215028377e-01
4.283421574701802292e-01
4.386966648151467973e-01
4.028907938320968607e-01
4.105231517941316799e-01
4.456478626177340918e-01
4.580926947435861041e-01
4.353881694220958498e-01
4.326903207406850305e-01
4.399358636844279968e-01
4.174658366093175754e-01
4.256262247936873355e-01
4.176573427101477054e-01
4.139217835081367980e-01
3.730982698535910691e-01
3.977555065899657238e-01
4.030270523246611281e-01
4.472597817935470288e-01
3.773115410958103877e-01
4.019749404328827880e-01
3.843648217805161749e-01
3.552973493710358532e-01
3.856049370964676481e-01
4.216404765061823046e-01
4.563014622245757379e-01
4.091656206145420915e-01
4.386766834984139884e-01
4.423742776933491383e-01
4.554129591838289026e-01
4.179371339376263816e-01
3.600198516282132610e-01
4.114164244190939845e-01
3.853205891041481257e-01
3.879718990401542222e-01
4.015981102313046502e-01
3.441436967872515407e-01
4.169646124041286317e-01
3.680400997211958902e-01
3.753119308789633068e-01
4.112288767301647274e-01
4.062458519689459702e-01
4.110911458346073188e-01
4.080882044086877602e-01
4.266891551643469671e-01
4.155611597395152956e-01
4.213708333355039026e-01
4.261104307647865519e-01
4.127539483869143710e-01
3.961107015529378161e-01
3.925209739137672793e-01
4.081912830599228048e-01
4.106618650924294678e-01
4.003905555507604741e-01
4.456976196598470552e-01
4.185900318305464385e-01
4.404717878128688868e-01
4.416614041579540184e-01
4.083952244166423884e-01
3.941754308368516924e-01
3.820469774603399982e-01
3.833669473456062793e-01
4.195107968099751061e-01
4.315539255006659580e-01
4.261828727213985424e-01
4.539541476558283106e-01
3.914914591597865035e-01
3.462923966420735633e-01
3.957705672543198605e-01
3.928491676323322412e-01
3.559830773400071147e-01
4.199815037232483839e-01
3.745628572915566945e-01
4.188581652765526742e-01
4.385623125377129949e-01
3.853367901787556615e-01
3.607754824874468413e-01
3.842473519547681127e-01
4.042595437670086778e-01
4.052765023478153705e-01
4.239601836134168633e-01
4.146849876190247253e-01
4.275938701136181019e-01
4.148515282724278275e-01
3.675734879711525238e-01
3.713984220901568323e-01
3.941635188768275455e-01
3.904003143425018307e-01
4.636401035026090911e-01
4.377609234635557733e-01
4.326498797167553922e-01
4.072448779492313098e-01
3.815302385143757302e-01
4.163344865686461893e-01
3.958612950255079310e-01
3.725671562834798611e-01
4.396778160921853695e-01
4.401634324523127084e-01
4.092815044346047038e-01
3.949746403298098341e-01
3.548171403639632793e-01
3.810232524907853358e-01
4.169959844349115374e-01
3.829607245430187157e-01
4.672264322963552985e-01
3.929582731325729217e-01
4.343040609541771180e-01
4.058525716827982022e-01
4.016549560971049426e-01
4.069774976835501823e-01
4.424046461483812642e-01
4.090710691595922932e-01
4.235715626472774109e-01
4.057793192306419217e-01
4.346387992915317633e-01
4.468816835229170725e-01
4.220451276854959022e-01
4.089362898387400302e-01
4.475259294248720154e-01
4.362914426111715871e-01
4.227614425311851387e-01
3.984658784903891693e-01
4.294465563510247996e-01
4.148186921209091049e-01
4.162187119086319664e-01
4.055828521668206066e-01
3.972623618622020403e-01
4.396505258522780957e-01
3.835177539784071499e-01
3.688622527091215408e-01
4.230949363963865673e-01
4.275088529710560081e-01
3.757234929265181322e-01
3.907436688477216036e-01
4.141568985685674109e-01
4.384157507620469185e-01
4.532376874182217352e-01
3.947033413230594534e-01
4.186631858783022020e-01
4.256903911954038611e-01
4.257961673705021877e-01
4.096823199149193795e-01
4.293202525591283125e-01
4.179382119110312543e-01
4.510054046019955631e-01
4.733855442884264964e-01
4.445187008941432483e-01
4.405655201956669709e-01
4.226328791027371135e-01
4.204759109748010815e-01
3.980845588614825292e-01
3.733788156971335481e-01
4.030958002749355229e-01
4.424531052005766796e-01
4.327778396180623766e-01
4.164360763558820899e-01
3.990818338503812068e-01
4.134282703783404567e-01
3.821258190293422285e-01
4.513138033035717367e-01
4.199650668632266548e-01
4.139196541707983457e-01
3.901866684998100965e-01
3.848279327366984082e-01
4.026173946689453609e-01
4.324791564784513098e-01
3.781841877496860405e-01
4.383745602430750843e-01
4.647125687991670029e-01
4.441239009140409144e-01
3.868847776978627251e-01
4.112743449926820061e-01
4.289332893954310721e-01
4.135876973200741102e-01
3.642650454163570140e-01
4.298061867146475423e-01
4.150899452737217832e-01
4.109146654632819251e-01
4.114371757029375853e-01
3.958217374374207176e-01
4.126615391901672369e-01
4.248674137364837344e-01
4.443086524704702445e-01
4.456967541538912614e-01
4.760526097330132211e-01
4.573278271458561806e-01
4.362052308302690751e-01
4.315684045162066496e-01
3.889527127896832970e-01
4.200717009422744175e-01
4.222819964658112157e-01
4.338253421678057165e-01
4.244419996940527740e-01
4.372823930903776413e-01
3.847414139318495185e-01
3.809153069592205454e-01
3.994243653082095724e-01
4.049844421259591876e-01
4.180117513285994124e-01
3.897452589670786782e-01
4.582789754560605000e-01
4.281336220027490702e-01
3.876704262594251604e-01
4.013396191121612611e-01
3.699788193331929320e-01
4.045973870610658496e-01
4.384879059970344661e-01
4.470290535394689790e-01
4.129076998406943089e-01
3.648976366811280680e-01
4.201454302184620682e-01
3.851688174591856306e-01
3.766212243948861560e-01
3.468345989176933042e-01
4.102103254516566988e-01
4.189065220176652615e-01
3.937173000245197674e-01
3.982651579882636739e-01
4.278397121481943288e-01
4.043387789717854952e-01
3.739835675171100937e-01
4.202675571058990256e-01
4.222471173903009078e-01
4.062470400829543138e-01
4.049924462176191509e-01
3.989460756049005852e-01
3.814075090612246144e-01
3.683239779440736217e-01
4.060858465382811144e-01
3.814428787680317345e-01
3.686677734041503562e-01
3.957305037185472329e-01
4.226735639102919273e-01
4.261034553470905428e-01
4.180318136844241583e-01
3.858378763355353458e-01
3.769563323094113905e-01
3.675373294750776121e-01
3.904569666610916423e-01
3.918592298881529712e-01
3.792325137910774746e-01
4.189551063027149302e-01
3.486786856056667827e-01
3.669912732926307597e-01
3.534194357222124050e-01
4.326156086665481348e-01
4.030849897800646287e-01
4.091241203193767273e-01
3.915458281959863784e-01
3.979843406083288238e-01
4.072251843716494513e-01
3.371275490615176507e-01
3.308684998950741085e-01
3.164702028362832431e-01
3.857157518877035729e-01
3.789819914448811500e-01
3.538897781104254903e-01
3.636282127662940344e-01
3.401909736693402020e-01
4.106495165637193967e-01
3.522121431024820004e-01
4.076762464781395479e-01
3.707502023758845744e-01
3.909651001730110043e-01
4.646944435072629109e-01
3.629805961391994740e-01
4.085905219050945392e-01
4.507830040800721583e-01
3.987765241150357798e-01
4.064551747900008727e-01
4.301311888486081259e-01
3.976341046841172511e-01
3.968217428316472839e-01
3.911042274551353448e-01
4.374606165269378510e-01
4.372890328636927504e-01
3.797568356462437955e-01
3.579193218294748902e-01
4.055173307251850878e-01
3.924745149576523984e-01
3.735518994378087543e-01
4.082930210544141736e-01
4.364325938472036204e-01
4.197610016014829415e-01
3.417055582513012224e-01
3.908895364326912536e-01
4.434556365455694649e-01
3.975096580880655428e-01
3.919151012864465211e-01
3.960338327122334134e-01
4.206693430356051033e-01
4.156847346139288524e-01
3.596866440809690091e-01
4.198767522952018272e-01
4.151945226782657317e-01
4.234898886331425194e-01
4.379085540190144066e-01
3.965186500080186693e-01
4.122316109528904593e-01
3.546218806687150837e-01
3.812519490157019186e-01
4.140410401003182250e-01
4.148166637475214080e-01
4.344809459500215132e-01
3.779180343881740622e-01
3.861335510511402225e-01
3.584780135423900616e-01
3.887390967059319857e-01
4.196912861473192091e-01
4.152957610020840407e-01
3.827502846357559996e-01
3.749251605409075760e-01
4.053489890336014478e-01
4.019895054384980959e-01
3.889739767854430985e-01
3.605948235590576423e-01
4.099797204572171450e-01
3.923059585915597558e-01
4.163088685192319893e-01
4.016725261420145965e-01
4.573001291889599029e-01
3.867135416493282518e-01
4.450476971034565965e-01
4.192137370144163877e-01
3.483420823918073617e-01
3.932158867375946665e-01
4.297400906824591638e-01
4.162144920726200681e-01
3.973811952719695229e-01
4.292723328954855533e-01
3.801731894393092226e-01
3.710681027617432903e-01
3.879521612881796644e-01
3.965843744711264329e-01
4.256926884077180118e-01
4.198502073708534899e-01
4.405470193760316344e-01
3.976890024278338376e-01
4.208865754714033458e-01
4.201330581243213902e-01
3.968580348244625244e-01
4.288874143303663677e-01
4.216973108359808320e-01
4.056759726492154550e-01
3.737803422470500347e-01
3.660958215247501202e-01
4.104895683716263122e-01
3.884715382204870782e-01
4.005397488656705640e-01
3.830383714657342731e-01
3.962205627898238713e-01
3.728105364094558283e-01
3.790454728481224556e-01
3.911343095559414729e-01
4.196332774220296602e-01
3.437944571965971252e-01
3.769103361754822523e-01
3.697944813097787664e-01
3.976533663836814281e-01
4.224025715233227785e-01
4.205317843456143345e-01
3.950442750707639505e-01
3.665632640825313149e-01
3.944730930299593097e-01
3.904496831117145739e-01
3.786871400443377333e-01
3.836759651859424913e-01
3.786976954342247681e-01
4.160257800081574864e-01
3.960406896359831008e-01
3.908721444206455509e-01
3.929303763629088397e-01
3.989052951449763573e-01
4.170310572799136306e-01
4.225887506946395811e-01
4.205242552098523712e-01
4.134587574914425079e-01
4.153974695190131294e-01
4.080049161187623841e-01
3.986745485026095825e-01
4.078176536977975997e-01
3.778990187268963519e-01
4.592434143512612588e-01
4.010812078172307782e-01
4.251133371137871819e-01
4.038777968764517001e-01
3.981746412035209737e-01
4.597073905504274749e-01
4.201951881152528601e-01
4.190755102445336555e-01
3.773744561172272527e-01
4.298702168538288126e-01
4.311552411332273405e-01
4.505107796738941905e-01
3.858074626075357338e-01
4.181018344761373018e-01
3.555166147757920503e-01
4.159631123837964628e-01
4.058405178624402976e-01
4.095715184759173844e-01
4.188775143691951808e-01
4.020707742672909313e-01
4.192194759033675000e-01
3.643413906073366126e-01
3.674482121380430732e-01
4.038430920193399887e-01
4.248502467715596920e-01
4.483380511481381836e-01
3.977371049011421134e-01
4.326701813304953959e-01
4.018179593435923236e-01
3.941820131381210679e-01
4.486319239950063986e-01
4.565617757931380583e-01
4.000602519189987438e-01
4.174911406438681638e-01
3.928876863356831617e-01
3.849416154670167178e-01
4.336703449490950102e-01
4.389138215863622183e-01
4.378985438449680134e-01
4.139320158884711165e-01
4.006878818245076523e-01
4.355863630783133322e-01
4.391524934055806573e-01
4.135590259452618378e-01
3.840770657856478199e-01
4.300832208177596261e-01
4.281362927222615578e-01
4.002654764068374060e-01
4.055185384701576745e-01
4.399002755592582581e-01
3.809579026677668567e-01
4.207601127377382788e-01
3.910553107648495064e-01
4.139075864016692474e-01
4.263047078334706308e-01
4.048300705258342513e-01
3.729086802599518302e-01
4.372645238759538255e-01
3.984846498819347715e-01
4.320550439640412077e-01
3.897021614677533274e-01
4.291002958170042625e-01
4.177783456046826327e-01
3.255996088918866049e-01
4.192473497612900779e-01
3.984390700455828216e-01
4.071294307672308488e-01
4.302545973120961431e-01
3.968687122154802016e-01
4.309567561342020348e-01
3.787415609155596052e-01
3.547253477147717660e-01
3.252759334383441003e-01
3.674557550430810893e-01
3.429244401379463181e-01
4.246014615520427582e-01
4.162708039262686399e-01
4.320410492722401297e-01
3.879093878203421775e-01
3.949485952950430590e-01
3.982981469722848278e-01
4.071562009528406634e-01
4.109555045941883922e-01
4.125651013882672413e-01
3.379620645011520153e-01
4.199635263922844586e-01
3.727449299118236192e-01
3.803768789763529168e-01
3.759827789129391862e-01
3.523211549625698269e-01
3.760251262602266054e-01
3.761864321031987424e-01
4.004458841996035301e-01
3.919204166171727510e-01
4.253201167489749634e-01
4.204147640538893338e-01
4.253572547228030576e-01
4.264444862079873055e-01
4.721982605164218305e-01
4.206463756965274636e-01
3.936346237664472003e-01
4.362663005339795230e-01
4.384939842076217564e-01
4.221651058415341051e-01
4.282049236888009758e-01
4.214028095396416540e-01
3.969196289427681656e-01
4.118385034907580122e-01
3.672665167267850084e-01
3.747541344231576921e-01
4.006521011285233413e-01
4.336493957263569121e-01
4.641639745753414759e-01
3.929366149397467423e-01
3.528596594340192572e-01
4.462643105216789752e-01
4.118166493742937972e-01
4.134047837561330430e-01
4.336119414501163893e-01
4.246294020900930888e-01
4.090767838293843939e-01
4.281061595341711934e-01
4.117658312540685706e-01
4.137017549470445310e-01
4.128582308594512251e-01
3.944900206045817703e-01
3.962283712901116250e-01
3.880351753364604805e-01
4.214328397687848726e-01
4.454244506937694581e-01
3.868700200715758930e-01
4.035893438777976572e-01
3.914963811666496429e-01
3.573610942591617934e-01
4.389024212794421231e-01
4.144428292582272855e-01
3.661293055275739450e-01
3.391362935225079034e-01
4.189255739523525812e-01
4.457015003140342713e-01
4.084891556177654981e-01
3.979875431639930961e-01
4.212854629406771467e-01
4.319852098996652678e-01
4.145689755655664333e-01
4.169130850446859937e-01
4.172544228781819853e-01
4.087539741704708796e-01
3.993811902802836822e-01
3.894811144878981279e-01
3.238278294262388335e-01
3.999612326340711288e-01
3.929031716973706012e-01
3.881889322817996812e-01
3.643446511676049493e-01
4.393229661659783236e-01
3.737314819019367795e-01
4.104139638820730740e-01
4.032990793645717664e-01
4.221895809457452131e-01
4.587377072127603039e-01
3.902876806577727509e-01
3.361733682054784955e-01
3.909661115780828089e-01
3.952262032031586547e-01
3.830546777405502978e-01
3.840964848064918891e-01
3.807822311200879106e-01
4.287505592142917266e-01
4.257323560428313280e-01
4.401439642096079963e-01
4.046624845187698494e-01
3.875321876933163767e-01
4.274095243999131988e-01
4.139186334998937178e-01
4.028953279736874893e-01
4.228225405454081876e-01
3.930639701708443234e-01
3.992815359702698297e-01
4.273662067567482459e-01
4.781690051060748514e-01
4.599644483579676257e-01
4.198943060370934899e-01
3.788825223547363508e-01
4.032032772569120738e-01
4.018103230315208108e-01
3.714736658988235796e-01
4.001055506126146022e-01
3.784068588225895646e-01
4.037172172743271337e-01
3.609055304046032697e-01
3.402403399524878691e-01
3.602185817565741188e-01
3.479561812272523036e-01
3.967587655530467328e-01
3.852049095097651588e-01
3.902271981791984312e-01
4.431002011017822761e-01
4.123984338491884505e-01
4.234088926434869671e-01
4.290123941024292509e-01
4.008824765532035816e-01
4.366271721214805557e-01
3.900955781330691652e-01
3.909915003752158502e-01
4.282709552754286331e-01
4.170786545890183827e-01
3.930944140471118731e-01
4.351001261132004805e-01
4.717388743179753430e-01
3.876280455545159098e-01
3.978356129109262840e-01
3.762100873132829260e-01
3.935242201326457079e-01
3.792502734694812028e-01
4.077148225053390806e-01
4.142710567831822122e-01
3.789028212726222034e-01
3.764501463223463018e-01
3.757188031731801825e-01
3.757399202667567883e-01
3.860645576597668827e-01
4.019248609664969329e-01
4.174596644309103155e-01
3.426097359156930477e-01
4.312275448065160388e-01
3.973785827539932369e-01
3.854820214286096558e-01
3.858049623171719844e-01
4.207345808412971677e-01
4.468164830137531518e-01
4.109808396413284215e-01
3.904099585496722535e-01
4.156625238912219356e-01
4.449678816024038031e-01
4.214153334098632020e-01
4.140955286801924484e-01
4.295473171525555078e-01
4.285649541254415440e-01
4.025752661332817617e-01
4.302141229526770805e-01
4.277943369987278199e-01
4.090309770044714410e-01
4.363350194702528273e-01
4.328674926074410068e-01
3.875768948463139685e-01
4.304139602292711975e-01
3.744253813439707979e-01
3.833287257710913387e-01
3.864403958432022779e-01
3.866497599532952578e-01
3.508292411484030260e-01
3.592262919474438210e-01
4.496164783966306588e-01
4.241865543984723597e-01
4.644770572838688438e-01
3.748344125768163226e-01
4.228989515066256533e-01
3.976622587015529731e-01
3.813082056658378960e-01
4.289835326859912645e-01
4.302246412168638789e-01
4.295885283691285306e-01
4.473733311856502581e-01
4.192603927262119057e-01
4.119349438655384721e-01
4.230322436680700737e-01
4.279795268658410645e-01
4.296303442717724352e-01
4.225558564341869716e-01
4.018607067779788045e-01
4.491813520043644870e-01
4.331421574258219054e-01
4.173447206475293103e-01
4.431408888410170444e-01
4.417652807138931492e-01
4.279495188693928087e-01
4.180392372033912007e-01
3.919792228762153385e-01
3.978155439864479725e-01
4.202659419874642532e-01
4.296402556126684424e-01
4.278177172856929000e-01
3.904355246649243716e-01
4.063568185932668331e-01
4.185218294690650764e-01
4.047276203546196771e-01
4.135013191529997023e-01
3.989998421547470420e-01
3.549084231146981128e-01
3.781402246207467566e-01
4.289614608939841811e-01
4.263530659071471662e-01
4.385564328808112533e-01
4.114464542204098740e-01
4.183763032470876331e-01
3.829701149241585556e-01
4.186535801990231564e-01
3.808715096786212673e-01
3.529853006836228269e-01
4.641121262120735946e-01
4.405372034816251170e-01
3.732304610997987382e-01
3.976018365905002461e-01
3.643231049400467159e-01
4.104976166566599582e-01
4.425981899659925944e-01
3.958295556011823813e-01
3.911951014818322858e-01
3.960868211694016372e-01
4.315909673919181011e-01
4.165021433248716209e-01
4.038063731615532670e-01
3.830208989180006185e-01
3.840566482732227782e-01
3.736155743465412460e-01
4.029363812122404576e-01
3.958694441988641066e-01
4.332505011057622424e-01
3.898465271287155920e-01
4.242581865135224839e-01
4.149621152943621660e-01
4.343839078982162927e-01
4.405481344236165109e-01
3.942789314702199177e-01
3.980291956111349227e-01
3.968256958814896929e-01
4.000004029300450736e-01
4.026460333078362708e-01
3.841801600658141802e-01
4.407220272048555376e-01
4.064737015134221587e-01
4.031758096711380301e-01
3.999098479095193892e-01
4.300884208635901151e-01
3.765771076237174331e-01
3.857496805772424042e-01
4.264738082365188143e-01
3.954803955184531539e-01
3.847810269251760174e-01
4.214819924421518427e-01
4.261348119097774223e-01
4.054576791976586270e-01
4.207424070781556891e-01
3.984977011500093202e-01
4.310218273752689511e-01
3.518915826614342768e-01
3.954848843600415331e-01
3.866048629882659071e-01
4.180088645730946628e-01
3.735092628735223186e-01
3.737871620853107091e-01
3.837146070691658251e-01
4.277312070016237588e-01
3.742289425803115299e-01
3.704004458886758777e-01
4.110902735893657844e-01
4.527618445493580279e-01
3.930660118947951753e-01
4.341391823308676789e-01
4.320639592386237293e-01
4.004350542839044125e-01
4.396419683311850179e-01
3.459116304465493230e-01
4.298112897293969725e-01
4.101834511782823101e-01
3.922739751191879898e-01
4.236454010694873373e-01
4.156929126183319112e-01
4.376013416732486561e-01
4.279061997158428166e-01
4.251348173545625997e-01
4.141954897570391259e-01
3.757612365403894539e-01
4.020353193447270823e-01
4.119341369919707896e-01
4.658590681464577221e-01
4.449537436262002710e-01
4.109792545266959252e-01
4.910187134160273748e-01
4.254242352834153307e-01
3.852756167610253413e-01
3.427581688301200025e-01
3.969239590442688037e-01
4.321761722798041494e-01
4.750258732989491861e-01
3.910294665309779205e-01
3.802856548404636716e-01
4.284466258915505810e-01
4.273702619440225559e-01
3.881236161861153500e-01
3.898826434968509225e-01
4.234392529062108723e-01
4.040476829184750929e-01
3.813493852275270379e-01
4.267072644294973016e-01
3.731217101762702715e-01
4.113939397111821550e-01
4.013137838986687300e-01
4.171330948321692045e-01
4.432060592057003312e-01
4.439758440940081985e-01
4.023367212217928701e-01
3.675633684295159798e-01
4.415301685134020993e-01
4.280971259106383098e-01
4.382669337054830305e-01
4.441861119434673544e-01
3.936294315769225949e-01
4.417187484010971499e-01
4.366576865151827191e-01
3.751742187805201523e-01
3.727748860048047952e-01
3.962851566536999548e-01
4.333684851219438139e-01
3.811156470617065861e-01
4.237596260390002478e-01
3.749595380039562054e-01
4.068016836009272219e-01
4.180622511891989301e-01
3.869545583977711534e-01
3.917222697162497380e-01
4.080756590022551200e-01
4.164139601425193571e-01
4.271993565915905289e-01
4.251247493044716941e-01
4.552897423245492181e-01
4.409204406183481750e-01
4.102319156736080608e-01
4.115282009228564686e-01
4.021611015605113804e-01
4.383756901658873439e-01
4.030892967938314309e-01
3.952672274756867665e-01
4.022997994569891267e-01
4.129119458896058359e-01
4.193949432251169451e-01
4.205481139396903822e-01
4.259083192332883128e-01
4.154318302620478298e-01
4.295275607925428396e-01
4.377057765139204526e-01
4.080868846645877568e-01
4.243766342347936593e-01
4.132886069671010132e-01
4.054975944539129240e-01
4.290791505797673100e-01
4.036618632271935514e-01
4.193580046352021196e-01
3.976965648676044074e-01
4.421154933225606709e-01
4.023678713153756581e-01
4.018518915094001498e-01
4.238289437488259592e-01
4.318874182834990805e-01
3.355362816184632724e-01
3.895369500868952617e-01
3.702338348747766794e-01
4.494399614713630031e-01
4.211455751557720562e-01
4.446253286057655352e-01
3.510070367541969216e-01
3.867090597017001641e-01
3.831317482976759337e-01
4.534705987710961339e-01
4.022651364603735402e-01
4.041610609151755629e-01
4.279294209890686651e-01
4.340384760973027278e-01
3.958819151409202486e-01
3.432668862583232450e-01
4.104797068707685126e-01
3.940733419191992382e-01
3.751872841866333297e-01
4.033164915489930724e-01
3.747488063128789904e-01
4.142346017199238783e-01
4.196670050320498446e-01
4.256434017350685384e-01
3.846322221701949928e-01
4.102247967040033583e-01
4.197661935144395007e-01
4.093012623700964525e-01
4.186916632881992339e-01
4.181849284491492291e-01
4.367726281573147684e-01
3.753930677984048114e-01
4.301424084599028697e-01
4.034250571271580932e-01
4.100645371323544119e-01
3.843311639001411595e-01
4.177930074767918223e-01
4.173631377952868315e-01
4.262607685788651346e-01
4.351187638109345612e-01
4.201882813505410375e-01
3.735370925284146049e-01
4.229390411790066029e-01
4.449188020408156308e-01
3.904441787689395538e-01
3.797328176336697836e-01
3.947704959840895866e-01
4.139565281563830634e-01
3.886780557477898523e-01
4.053544851714636077e-01
4.590225896810569139e-01
4.009719201911539632e-01
4.254497548377141336e-01
3.637467459385976820e-01
4.282900229704570960e-01
3.872445032174788859e-01
4.233077691962849332e-01
4.821260800808671032e-01
4.193184793996752036e-01
3.999152249425827477e-01
4.487218213721902438e-01
3.946912312545136081e-01
4.432376242647133591e-01
4.092450306504297197e-01
4.167236737533511204e-01
4.343248208858286885e-01
4.259759382530408089e-01
4.494510126695032692e-01
4.168958619654608566e-01
4.409551109282940362e-01
4.292079220428157149e-01
3.997745907995347014e-01
4.055232120345439450e-01
4.187729251399637254e-01
4.507032348835212088e-01
4.492834016506266348e-01
3.810538341827357511e-01
4.076455030607721852e-01
4.323938402136190962e-01
4.319858749373728934e-01
3.785711812584630076e-01
4.047872286550645571e-01
4.004221217920146403e-01
4.162010042406796284e-01
4.185689025135457264e-01
4.098756079808562047e-01
4.302214545894632036e-01
4.211301950645335301e-01
4.152819073184911836e-01
4.174892102552853479e-01
4.375733696212084078e-01
3.735669369571607557e-01
4.152195759223507587e-01
4.089094907880062024e-01
4.176066235665095161e-01
3.963740093295549105e-01
4.275531772223738480e-01
4.186552544743910031e-01
3.827744719694108344e-01
4.210257229710376303e-01
3.533730958829716107e-01
3.934219407077526043e-01
4.003517976395256639e-01
3.945597672936705935e-01
4.467700666785533459e-01
4.090734402718963492e-01
4.380557286448392151e-01
3.931768936504334011e-01
4.212785565371879315e-01
4.813956894674092934e-01
4.449586588491560302e-01
4.307426587486783420e-01
4.182428956922151220e-01
3.859514796889168542e-01
4.371801377441441039e-01
4.084711856782526906e-01
4.163817693943741571e-01
4.619367768730631707e-01
4.777420207700107668e-01
4.323902161585531645e-01
3.873327593148616077e-01
4.037172450955193725e-01
4.496441462630315633e-01
4.107275905928560733e-01
4.521804133523508740e-01
4.433055755590230573e-01
4.086806584553921429e-01
4.133619195298272597e-01
3.688539405838591190e-01
4.231502146698342126e-01
3.951264411370097318e-01
4.296673355066278344e-01
4.370156936388527313e-01
4.093369923656631770e-01
4.080956380283499718e-01
4.271685114290439955e-01
3.751938413305210829e-01
3.828391765426019111e-01
4.154730193421923290e-01
3.990005573250537396e-01
3.674954050547619699e-01
4.524375406278333678e-01
3.882620100604368685e-01
4.259817400556803468e-01
3.583577750588288757e-01
3.932001306230228921e-01
4.088604963141636572e-01
4.155125731222731322e-01
3.828033253790634194e-01
4.099429458769150991e-01
4.019753965122849215e-01
3.460163701437503625e-01
4.816136885867250417e-01
4.305622602767804619e-01
4.285006380687166883e-01
4.093794890902694994e-01
3.835879733075834852e-01
4.511180887835170572e-01
3.881068178829933379e-01
3.738503618736404577e-01
4.140441314292092612e-01
4.328554466620337937e-01
3.821541132650122519e-01
4.110496746160358095e-01
4.091933986062037398e-01
3.869103912818822599e-01
4.276703965503874105e-01
3.668272729401569343e-01
3.781342111275192708e-01
4.028853441927576218e-01
4.129778979623329183e-01
4.162574313084729249e-01
4.270499207574671718e-01
3.856683244454033321e-01
4.292055501596344635e-01
4.241136723507054063e-01
4.184530214030868223e-01
4.523719408679258147e-01
4.684729010301143526e-01
4.298409137722763451e-01
4.506831799963960661e-01
3.884876959477119307e-01
3.841797311554987493e-01
4.135397235762455215e-01
4.351276828874744429e-01
4.103843738904290883e-01
4.137123651638132116e-01
4.329704870783106507e-01
4.130527999708137332e-01
4.521397997230992005e-01
4.475167806300814344e-01
3.779391776408237424e-01
4.327382694799183360e-01
4.681737067697643861e-01
4.571673712805610634e-01
4.721243569184983002e-01
3.713477063978718462e-01
4.154482317440057471e-01
4.176237704355719726e-01
3.718505102369667470e-01
4.166487071000816722e-01
4.118663048361957402e-01
3.975937788177436039e-01
4.068561291106292388e-01
4.250352311105106695e-01
3.746942496928453159e-01
3.639263851314045173e-01
4.072843037027430446e-01
3.551900306401142293e-01
4.302341285545878136e-01
4.689089413863707922e-01
4.469119062896251271e-01
3.903703662469166780e-01
4.316669783106543146e-01
4.058602075895065830e-01
3.747548087619380630e-01
4.277042614214792149e-01
3.806353882139605904e-01
3.753642118181961806e-01
3.993409881603298128e-01
3.816593826806738421e-01
4.005779322564873568e-01
3.977962977172584957e-01
3.811903729368121829e-01
4.218522596710585493e-01
3.578649792350142578e-01
4.298423409684952179e-01
4.121892069750588972e-01
4.130347701756947321e-01
4.074562856478583517e-01
4.139156583848163651e-01
5.045076772228914708e-01
4.599553722304165482e-01
4.273899033034378458e-01
4.211890245909616914e-01
4.037565676558226291e-01
4.643613064419702674e-01
4.293014590511012862e-01
4.178543557574031508e-01
4.275616743007809584e-01
3.694267903587092339e-01
3.926509703553494601e-01
4.432773782754171332e-01
3.911515200886468424e-01
3.894945545089775751e-01
4.704079694013874047e-01
4.377679448377762017e-01
3.805185594256653148e-01
3.627514474765121122e-01
4.167223537270575151e-01
4.048627032344776500e-01
3.607596282380590158e-01
3.960638648032813736e-01
4.233964311221918853e-01
4.430060619211189654e-01
4.413220705075824868e-01
4.520978824771247906e-01
4.577991852245300031e-01
4.385545104381218251e-01
3.819316086606706628e-01
3.699360840486474178e-01
4.860577346782177788e-01
4.456168845532294531e-01
4.141557197352569442e-01
4.263434978741222903e-01
4.455439657219972815e-01
4.041495748239660735e-01
4.642955519259915897e-01
4.334074481495442388e-01
4.293707090909253954e-01
4.481922717392884947e-01
3.917097681065975223e-01
3.556074865793798501e-01
4.033125420068313094e-01
4.218449314659254989e-01
4.112716861295226400e-01
4.387765636162816452e-01
4.032729265119625595e-01
4.179287617978549307e-01
4.257466624127221877e-01
4.484806523471406292e-01
4.296638158064349788e-01
3.914848606456429736e-01
4.317096035279898714e-01
3.870536684296993490e-01
4.447772344454336002e-01
4.510914574143346512e-01
4.080748415257901551e-01
3.906936941409355768e-01
4.191542343071216203e-01
4.443520214834548177e-01
4.196537321112989716e-01
4.345583265804697226e-01
3.909948324524481489e-01
3.491774411378061882e-01
3.718572299144586313e-01
3.801574192744311409e-01
3.905559039292188506e-01
4.127774160069519471e-01
4.137073488204331961e-01
4.429088204818069641e-01
4.510578775751102332e-01
4.287220005513576737e-01
4.142165705700628919e-01
4.402756022225706167e-01
4.096727255949458302e-01
4.022535049988907874e-01
4.484023676969162708e-01
3.701413064540047815e-01
3.890853784478560118e-01
3.993443491644796395e-01
4.100027253968004937e-01
4.265944460242465652e-01
3.853801538629266221e-01
4.147552680086596388e-01
3.865796335723181709e-01
3.818422039125377032e-01
4.082388048128003377e-01
4.086259898247895372e-01
3.834459726387230982e-01
3.932751453376344686e-01
3.926265078668859099e-01
4.015052487004666659e-01
4.117018144461928597e-01
3.943857102162973693e-01
3.955583270235891735e-01
3.937741582026130782e-01
4.027779683106921804e-01
4.197358934550582399e-01
3.727299849434375645e-01
3.878271157382482959e-01
4.142387493836282020e-01
4.082764160352541083e-01
4.237003617374723863e-01
3.277149931940319671e-01
3.782846672762813500e-01
3.763012766381728103e-01
4.187010501759197978e-01
4.205696799191434021e-01
3.782345777333814829e-01
4.411728683281367358e-01
3.817616028791691596e-01
4.112854462614159434e-01
4.055528763683313720e-01
3.779032585336229433e-01
3.596735276981021245e-01
4.218360184071299201e-01
4.491499355138126592e-01
4.082830076668304553e-01
3.989789347565052546e-01
3.762858578658333508e-01
3.431094744236824479e-01
4.491705903904777974e-01
3.801327030281391739e-01
4.308536410802520367e-01
4.237538182585818824e-01
3.798047288211385819e-01
3.883134604023366077e-01
4.206581649453308702e-01
4.138791152262201734e-01
4.080448332628011099e-01
3.715019739371625551e-01
3.749123578966630510e-01
3.599512372203384492e-01
3.552987669003725979e-01
3.867692033926792838e-01
4.190640364775879423e-01
3.562358968287727690e-01
3.688833437429043238e-01
3.802757253195885867e-01
3.774576085197175468e-01
3.954822440524493610e-01
3.823130560845703907e-01
4.161920509040347715e-01
3.999430087410709156e-01
4.075533861593357843e-01
4.405297901306613473e-01
3.552292142807215725e-01
3.979318290288796911e-01
4.257929159660181484e-01
3.861046249582354983e-01
3.810813574410112925e-01
4.089978179543787284e-01
4.102561369359533083e-01
4.270265796771917644e-01
4.081118652377493383e-01
3.837839247822715794e-01
4.053974041317512378e-01
4.530630327051913264e-01
3.703695441832717261e-01
3.814056354787958569e-01
4.046768014819164261e-01
3.766139546027973406e-01
4.172259260778636847e-01
4.023030192077639011e-01
4.106083976674130276e-01
4.479955003000952174e-01
3.869801164753440825e-01
4.282570548139634781e-01
4.169213550427123827e-01
4.255794864316270187e-01
4.173840124301568810e-01
4.597070764461381742e-01
4.371112858714134020e-01
4.303507171999426117e-01
3.855727591744300686e-01
4.507998350445279190e-01
4.170837064806285355e-01
4.117676793789200040e-01
3.746002549816078719e-01
4.369500067280686073e-01
3.895506466489658259e-01
3.569189659702279860e-01
4.036332473897781270e-01
4.083949513211935223e-01
4.318443460522387034e-01
4.026676874514303894e-01
3.993399620491599467e-01
3.961553683602628828e-01
4.484219574500190597e-01
3.826786463112072378e-01
3.864079723253084353e-01
4.379395494236483777e-01
4.331617243440913922e-01
4.017872917838262725e-01
4.525860327280917805e-01
4.138932551188451714e-01
4.537622576906491512e-01
4.065020830984563127e-01
3.723961742221745808e-01
4.479144685840121265e-01
4.148436395768930751e-01
4.202699138274362256e-01
4.480764706394692598e-01
4.386071872242608416e-01
4.580381740708933114e-01
4.419227450521403533e-01
4.199954532170672161e-01
4.128322762427420467e-01
3.359945765090021075e-01
3.880574815995078697e-01
4.315957585772791649e-01
4.815119710603111836e-01
4.123111126927322956e-01
3.852293330632954316e-01
3.558124002874805680e-01
4.074718816880225636e-01
3.879407347804471606e-01
4.060197106270302392e-01
4.033554719784006037e-01
3.946158407550018898e-01
3.755375899050389932e-01
4.023565297633305837e-01
4.162803953964505088e-01
4.270283539739303524e-01
3.565154455828641877e-01
4.106379912952342059e-01
4.428667988286469903e-01
4.176155633295429714e-01
3.976429595665452177e-01
4.131716406301991773e-01
3.947783921300839216e-01
3.938021184724436186e-01
4.120859778004928864e-01
4.638880889286115528e-01
4.592312060250519634e-01
4.280454902021518238e-01
4.006019917654327633e-01
4.082651915611644200e-01
4.086741279939233862e-01
3.773290868725254210e-01
4.308803804923583836e-01
4.276740344106690350e-01
4.060506057247234568e-01
4.059860418091815748e-01
4.042637049146551309e-01
3.759366747494914396e-01
4.202044848719042047e-01
4.100478168950970614e-01
4.323677716131281157e-01
3.909047478214324189e-01
3.555154097282831605e-01
4.147759946468784764e-01
4.345519302057198052e-01
4.323445523786258460e-01
4.324355814855831981e-01
4.145896702093193054e-01
4.099662174031455941e-01
4.234661174121879257e-01
4.326494356443553180e-01
3.744402136995252928e-01
4.150842385457383932e-01
4.095501998984770187e-01
3.859179333349692098e-01
4.217310364112072385e-01
4.319410557722923039e-01
4.029180075621449086e-01
3.497886331601972598e-01
4.122500047351991270e-01
4.148158582255850324e-01
3.689784439123036108e-01
4.017133510308358857e-01
4.296317358410736698e-01
3.595437663453674437e-01
4.301522198564916577e-01
4.283655546076163279e-01
4.422046090744629065e-01
4.003380006666567570e-01
3.981144774525252616e-01
4.332957168559682937e-01
4.107850537305236527e-01
4.245067493498466682e-01
4.211437039494362877e-01
4.100729712181544473e-01
3.811472598383470189e-01
4.415215100440094131e-01
4.199118310122901820e-01
4.366995250801761763e-01
4.379559839305530167e-01
4.355539624703579360e-01
3.918785458425774748e-01
3.729258878835312041e-01
4.177867130753947222e-01
4.489119685340292598e-01
4.065434727258645520e-01
4.279590404595462472e-01
4.212784653755679565e-01
3.844834088799647387e-01
3.779762717476391476e-01
4.092825276991062800e-01
3.657818550182936335e-01
4.202544787428653117e-01
3.941307725053501132e-01
4.035882748370659412e-01
4.260597716742491325e-01
3.489009854268835253e-01
4.077787195944834742e-01
3.564370175076805869e-01
3.869289525791962392e-01
3.852763474235101349e-01
4.255356949539947919e-01
4.036421504608904143e-01
4.316753623678284413e-01
4.139858007616434854e-01
4.051926943162715289e-01
3.908202262276586070e-01
4.671258939770246421e-01
3.948886694675668441e-01
4.159299236433420810e-01
4.111192533389805837e-01
4.042365847353491803e-01
4.130424935835554368e-01
4.155085768525744738e-01
4.257356723502944140e-01
3.753987551689501601e-01
4.511518058680025201e-01
4.789730575633513454e-01
3.815562807659280131e-01
4.341191573349988397e-01
4.498583703055735183e-01
4.136141626701052010e-01
4.471270804964599943e-01
4.468181192164778492e-01
4.437447025727367378e-01
4.267479919465003158e-01
4.304193477574178028e-01
4.713057306078740072e-01
3.991855699018176939e-01
4.545466096597844952e-01
4.101811618640254786e-01
4.490562457452836331e-01
4.394048098377030254e-01
4.085800534480452106e-01
4.300962711967963314e-01
4.296612341599444496e-01
4.143592339228084342e-01
4.136910127635406997e-01
4.185769386941829429e-01
4.194745376370304646e-01
4.168277631951914919e-01
3.947422938727767061e-01
4.448982500014634911e-01
4.290355532355318302e-01
4.393415625250917667e-01
4.446013474428232026e-01
3.052086623809530108e-01
4.327263568990024067e-01
3.934261309100549053e-01
4.828452354803846047e-01
3.739678094657511442e-01
4.318360258093738580e-01
3.989343415486079070e-01
4.133587342376282003e-01
4.240813039183607414e-01
3.921937176573310202e-01
4.426905338271497903e-01
4.212242910823720821e-01
4.057704031780764997e-01
4.499281957754037164e-01
4.028272207088089973e-01
4.621337118118385989e-01
4.258272841687383847e-01
4.119114640074852396e-01
4.337573796961337047e-01
4.336800956766020398e-01
4.737596937208216064e-01
4.408831333807091690e-01
4.228252473036704928e-01
4.359712145230387748e-01
4.295167783722093069e-01
4.270035965267551248e-01
4.318859632718369257e-01
3.802672522990832027e-01
3.864863911218993087e-01
4.255832608298738551e-01
3.940673312513106596e-01
4.055359339993513945e-01
3.339403402268319998e-01
3.779749185222562313e-01
4.046428177303484364e-01
4.200746728976074151e-01
4.478743967828456296e-01
3.780227422401889470e-01
3.521361531464161643e-01
3.392012986697133803e-01
3.606748496373592405e-01
3.612163033997518036e-01
3.555735208368657196e-01
3.731057220904513416e-01
3.719435569513554474e-01
3.998478524213074370e-01
3.803214104684204955e-01
3.708930590702804730e-01
3.710680101056648139e-01
3.987522680112202678e-01
4.040787347019852427e-01
4.283967285476208420e-01
3.837225126478384096e-01
3.966269912250861562e-01
4.072508634483335554e-01
3.647851467118621849e-01
4.007442873922136828e-01
4.437185809439714301e-01
4.434961684766400292e-01
4.134993601746393965e-01
4.277958155972195753e-01
3.734526929372970483e-01
4.155534288198513004e-01
3.530876578200802807e-01
3.637101208793617202e-01
3.807426269284183151e-01
3.678540061722363474e-01
3.964718096112850310e-01
4.257260126736956973e-01
3.975414190701754835e-01
4.038184490802173565e-01
4.427359537386413857e-01
4.263470542991180667e-01
4.392118097492054840e-01
4.154384993873003196e-01
3.853355282272598048e-01
4.373313900899176709e-01
4.523490606212550169e-01
4.232747640049268067e-01
4.313413887243928158e-01
4.547196967604315021e-01
3.912444870821403242e-01
4.370216562461950449e-01
4.650838928991788968e-01
4.421928343956050833e-01
4.506626791901142681e-01
4.315693512837034951e-01
4.390570408020712523e-01
4.605142188464688702e-01
4.352338834598994399e-01
4.421292016662593527e-01
3.494746105292538818e-01
4.189064927727904064e-01
3.905762354353131127e-01
4.321883493165056822e-01
4.170081760996922071e-01
3.860122760554988153e-01
3.739234755726675297e-01
3.797271641633346295e-01
4.252217041193937508e-01
4.369944510415680883e-01
4.001156958496257521e-01
4.063536449967261599e-01
4.140699124838569944e-01
4.475209789037577490e-01
4.190745527665554193e-01
4.267525707472736851e-01
4.405243365327132787e-01
4.224218516204538143e-01
3.304206984018591142e-01
4.151870531502114270e-01
3.739853424345248589e-01
4.154369035368543073e-01
4.348229212205981242e-01
4.119818227567695335e-01
3.959907843833029850e-01
3.737552119253078065e-01
4.115171550198830630e-01
3.915844908574943051e-01
4.448826783700102205e-01
3.990866767073220078e-01
4.121755503163104795e-01
4.013939938827614240e-01
4.566667097932419761e-01
3.868034601728849164e-01
4.033540644741482883e-01
3.684133047224048552e-01
4.036763355930305108e-01
4.198346962688636053e-01
3.754285561689244544e-01
3.582841541309298994e-01
3.991318180534834670e-01
3.717352658597897763e-01
4.153709087054507365e-01
3.887108833056682755e-01
3.873886052866848395e-01
3.440408115118036014e-01
3.425271632192905535e-01
3.734379776723951161e-01
3.979634447042751377e-01
3.970823225481868723e-01
3.470119638678788587e-01
3.792678709143052496e-01
3.628824502900958593e-01
3.847868456423234607e-01
4.055830967687803490e-01
3.877319169563009371e-01
4.076727510818741185e-01
4.257685358008980181e-01
4.235202651853827160e-01
4.058082690879575849e-01
4.511873172906949447e-01
4.349753086295318760e-01
4.283536094462069843e-01
4.506292492663336313e-01
4.130137995395522510e-01
4.212518666240948617e-01
4.199249254139030274e-01
4.177854102357093091e-01
3.984391971949705069e-01
4.040718791932139675e-01
4.437175624227319148e-01
3.842057930929840270e-01
3.780783090998917628e-01
4.314162306564849891e-01
3.657413728195993419e-01
4.389098755944763064e-01
4.171112213169974603e-01
3.851616337026686487e-01
4.420593135093295323e-01
4.045006571034127085e-01
3.670158066746973535e-01
3.665792664262518263e-01
3.991228515878600946e-01
4.002067604341564278e-01
4.805391501302779811e-01
4.197237664974782789e-01
4.190808927960749108e-01
3.799552416393312537e-01
3.966746056353835925e-01
4.155903088844059012e-01
4.183843135711541872e-01
4.479719295527405665e-01
4.471331658622965111e-01
4.524239263852451454e-01
4.251771486613365458e-01
3.934958638338659220e-01
4.375837475778223684e-01
4.211071719319829931e-01
4.563602502569608643e-01
3.971765113466256270e-01
4.092207619551227471e-01
4.017041201175481357e-01
3.810266225941908447e-01
4.009017288760774456e-01
3.588189431198354762e-01
4.076041236903180098e-01
4.147756742714733824e-01
4.136884554114634849e-01
4.130051076656682252e-01
4.203022599772094914e-01
4.323254613442647498e-01
4.194232197213607072e-01
4.477651260971532987e-01
3.994654828608689701e-01
3.975460831531016925e-01
3.677990609868525551e-01
4.304167348170570007e-01
4.180086180641424121e-01
4.019524990527577057e-01
4.099504306971361589e-01
4.223764723733034465e-01
4.038493761881740141e-01
3.778163023899515638e-01
3.923166446096032489e-01
4.293170653739851184e-01
4.299008790595567620e-01
3.928379267350656234e-01
4.329568507736086258e-01
4.508047060804581951e-01
4.526829253975648282e-01
4.270575361506411816e-01
3.683043828336093894e-01
3.922946311120720231e-01
3.895794586080161270e-01
3.480755247100266181e-01
3.640297308656181841e-01
3.766347903820926879e-01
3.910247018285502585e-01
4.038291144048333781e-01
3.860280944979863627e-01
4.031747136939086706e-01
3.908717834837805993e-01
4.206953844739553805e-01
3.658884636059122619e-01
3.980953334212770645e-01
4.000039553853780849e-01
3.939422592381790489e-01
4.182316439342519399e-01
3.564344905219292703e-01
4.001808495360718587e-01
4.266341534548350189e-01
3.843429150789768878e-01
4.007454457181354179e-01
3.782512090011014294e-01
4.049618754038283863e-01
3.862649537418576529e-01
4.272205565203878175e-01
4.693251648023334943e-01
4.347239944805677547e-01
4.429483554828718139e-01
4.690533512259515980e-01
4.844695431482377579e-01
4.654164333852581770e-01
4.452380294961932883e-01
4.405910552551473569e-01
3.929067590230422846e-01
4.069395418756442395e-01
4.491816051924311659e-01
4.076094167097203402e-01
4.409015401767744646e-01
4.158318957999981857e-01
4.445648701360243038e-01
4.040766835263356893e-01
4.130389863463987954e-01
3.938930947476778077e-01
3.594622802275775353e-01
4.051048601899535639e-01
4.257284047930515736e-01
3.884500812884724152e-01
4.536636322975287627e-01
4.386406587502963417e-01
3.679413930438601432e-01
4.442390189525607935e-01
4.073429704986873401e-01
3.786247842054057400e-01
4.225268053593967399e-01
3.908123063613144210e-01
3.913223882128798459e-01
4.199217165855668177e-01
4.259811215342734769e-01
3.946977976059177773e-01
3.931916112708361277e-01
4.035070335055479518e-01
3.348151742026562183e-01
4.035092017083029003e-01
4.170574656873536901e-01
3.772044457804011319e-01
3.732725097739224007e-01
4.060464525537004210e-01
4.425776675521760350e-01
4.702769206733110052e-01
4.240441599183029098e-01
4.420056500805423227e-01
3.799802643312202299e-01
4.233015535907280191e-01
4.135935029644658423e-01
4.147090647707250000e-01
3.664302941760289034e-01
3.814649075872205142e-01
3.757568306268380676e-01
4.140986249832309674e-01
4.162875551964501097e-01
4.290488364790280840e-01
3.756605566080967740e-01
3.964411352075267736e-01
3.741927842756764822e-01
4.119749469542292597e-01
3.710234866975363754e-01
3.567504883672100169e-01
3.552789446179158706e-01
3.887799429300824450e-01
3.687875478773245952e-01
3.676342671186111355e-01
3.957592881097304338e-01
3.367562391414378742e-01
3.916336179492534431e-01
3.389959848806354259e-01
4.044316851253195177e-01
4.036806687769028401e-01
4.307274099326629524e-01
3.913816795682812932e-01
3.901157450259666315e-01
4.474089672413432694e-01
3.950915646702614636e-01
3.731719113026706336e-01
4.125156347115109812e-01
3.998848032135486896e-01
3.988049353892166859e-01
4.105514970990841728e-01
4.577566014498306579e-01
4.299581593336438967e-01
4.114712388032108481e-01
4.133060618572154676e-01
4.065431439376482881e-01
4.292979708238973124e-01
4.108650692316020980e-01
4.034969989100553600e-01
4.361020378468267733e-01
4.139590389256376235e-01
3.544028842528852419e-01
4.390044148954123648e-01
4.767968608795432606e-01
3.709974654808609329e-01
3.467703611727189772e-01
3.781874498866611978e-01
3.591533149799188140e-01
3.857627946004664743e-01
3.592425852402533759e-01
3.700012235891109169e-01
3.759916867507503424e-01
4.212095306015983809e-01
4.029975572590797639e-01
3.853585883215217001e-01
4.066466977344101452e-01
3.948993865576040374e-01
4.465777761886378094e-01
4.506802711012635743e-01
3.681613558265429687e-01
3.873417585234436022e-01
3.215212700082084041e-01
4.253666616747950324e-01
4.094220961596283237e-01
4.198240584315246493e-01
4.375850822241785787e-01
4.096370118820562567e-01
3.844274857980257698e-01
3.644871400959763807e-01
4.111246635464043120e-01
4.434887487534555639e-01
4.097000525737201637e-01
4.230099680537841023e-01
4.330788241122444648e-01
4.105289475138469424e-01
4.196938373592740690e-01
4.288529326329627023e-01
3.953701059941138185e-01
3.917820063365880512e-01
4.099875524810319694e-01
4.034868647558725319e-01
4.257950231530387430e-01
4.330640445614163947e-01
4.121675722383523199e-01
4.256756031158817066e-01
3.876818163822923768e-01
4.267223262560589925e-01
4.307010871146872422e-01
4.311808302796738546e-01
4.266051909952991439e-01
4.307700736786628237e-01
4.228159958212848735e-01
3.736246114201462465e-01
3.723167417431378357e-01
4.466540222934996529e-01
4.244601125412752474e-01
3.687758304139294174e-01
3.712754281981606175e-01
4.056361893017711995e-01
3.725148760394216829e-01
3.874551290934464820e-01
4.170302150674862762e-01
3.647446785627729837e-01
4.274327352500637556e-01
3.830728236883065851e-01
4.329783848032564553e-01
4.032069315663886488e-01
4.144448387814320123e-01
4.595314385346702668e-01
3.562129758347900021e-01
4.104006386959049291e-01
3.908770240554414466e-01
3.671961948098945716e-01
3.977172866942236817e-01
4.557924947858406628e-01
4.064502866449782315e-01
4.137382465677896248e-01
3.965177041465396957e-01
3.974222062715239701e-01
3.815903716525706479e-01
4.027625576545428854e-01
4.130689693858831668e-01
4.230554451950707673e-01
3.842221119897409887e-01
3.634915638632538193e-01
4.499863726570311195e-01
4.178095342803793688e-01
4.100085669337557026e-01
3.970210718790352367e-01
4.181412802142191465e-01
4.160599674218690147e-01
4.084543249045826663e-01
3.913244957016681624e-01
4.454029726644452292e-01
3.694395673729805596e-01
3.036888950902379980e-01
4.101660852024596737e-01
3.937158939463569762e-01
4.957752153985540700e-01
3.656143065769256184e-01
4.011185678364020957e-01
4.334997280479339077e-01
4.114848491452636758e-01
4.020713414809815589e-01
4.480268905526955114e-01
4.029997977128852438e-01
4.041725674914203870e-01
3.685329237537274816e-01
3.258299044991271320e-01
4.173272073474671440e-01
4.647903016532394238e-01
3.790224118973011258e-01
4.140220644924912374e-01
3.482400411436741283e-01
4.031197680726777977e-01
3.814291263213413496e-01
3.820518945527672239e-01
4.262319570210768571e-01
4.065357769466343973e-01
4.021124334069114958e-01
3.615893950105695809e-01
3.526122307231837061e-01
4.049710499071854652e-01
4.011540534872648500e-01
3.857753100454068829e-01
3.466502490337216580e-01
4.237478968363487253e-01
4.345979829143909456e-01
3.618198367764041690e-01
3.929700838020472320e-01
4.666944440429365293e-01
4.466586743719307417e-01
4.229318369501230968e-01
3.801246092446211033e-01
4.558339031897017390e-01
3.596175460565559368e-01
3.961424787823129567e-01
3.821989284342465210e-01
3.837885073144285397e-01
4.042125938183528389e-01
4.143178309496652889e-01
3.692418705342546681e-01
4.254814434868207651e-01
3.691936990434263599e-01
3.711026150248198929e-01
4.369101871630189371e-01
3.832218210137310899e-01
4.306158781068242791e-01
3.957351829511935870e-01
4.138140950241131488e-01
4.137808423799538282e-01
3.990711461602842736e-01
4.790630070677915908e-01
3.921435129159482336e-01
3.894583324454083950e-01
4.248162654024911222e-01
4.139431569561610180e-01
4.420826105368120817e-01
3.785968863482841451e-01
3.626151899681757107e-01
4.199795944029095507e-01
4.024970828719007243e-01
4.124889555746233949e-01
4.138352603837380239e-01
3.674462642724818373e-01
3.902343701583062541e-01
4.255657536018287446e-01
3.659253478036787466e-01
3.900034922862045117e-01
3.892510206995734579e-01
3.642494197373162823e-01
3.969326642077685707e-01
4.107969884397141835e-01
4.290098162175530749e-01
3.860308227247972734e-01
4.036388349007343224e-01
3.260141770418281126e-01
3.623730560215293606e-01
4.509571735914930102e-01
4.129033310639451670e-01
4.021786483751826347e-01
3.971224032086442812e-01
4.193754230450960074e-01
4.002606802689112064e-01
3.722475747807121871e-01
3.978142814621283829e-01
4.045121312081101927e-01
4.169033457250082009e-01
4.014959330558850459e-01
3.821714996598216674e-01
4.164303128555114641e-01
4.277156909852214417e-01
4.016774444416307266e-01
4.159913367033590270e-01
3.959395909523895085e-01
4.197804386999407500e-01
3.954096823946885997e-01
3.977972491072108707e-01
4.224016695571952140e-01
3.692976957855970133e-01
4.046163732296589877e-01
3.618775363801728373e-01
4.200047125638841083e-01
4.048851973130278559e-01
4.080404381998167795e-01
4.085972078597328028e-01
4.552102033285004290e-01
3.694316338831867275e-01
3.907599283127316525e-01
4.257683363575973656e-01
4.416517412599439973e-01
4.246074202885277149e-01
4.060961352126511992e-01
4.643537399765655382e-01
4.219952309173643501e-01
3.856881047835761245e-01
4.708579693703445757e-01
4.139999647887378509e-01
4.498885613568341379e-01
4.263879419602736309e-01
4.286566328122423664e-01
4.041885826690537753e-01
4.148961760522788533e-01
4.347645574817644021e-01
4.692888666692084931e-01
4.136776139929382867e-01
4.184520238450564755e-01
4.564095603236946741e-01
4.176369091827663027e-01
3.984127065691431824e-01
4.225500541209561978e-01
4.301056907309905308e-01
3.869922910078248957e-01
4.118804998998100153e-01
4.255843443961449535e-01
4.144057240192635105e-01
3.839295674912778789e-01
3.898220989506995249e-01
4.085888428510202619e-01
4.337869116271818037e-01
3.895414453275705680e-01
3.595547650600546818e-01
3.645247902615021962e-01
3.718021835788944962e-01
3.608186700034237693e-01
4.443371692195327571e-01
3.944363109470456763e-01
3.855939859243733836e-01
3.849030823261815892e-01
3.706890420282407117e-01
4.236445869368312134e-01
3.635343121080749085e-01
4.281174815931544919e-01
4.217119086212258727e-01
3.810664461012966409e-01
3.679320973301223874e-01
3.595202896235627499e-01
4.398790774244660806e-01
4.224728016898504079e-01
4.150336587905770203e-01
4.356465604837074790e-01
3.820749214839552765e-01
4.220635303810964523e-01
4.408293515745606572e-01
4.023074830203485219e-01
4.327569954109257711e-01
3.980087010514605783e-01
3.585936630532383096e-01
3.615745613698593819e-01
4.400723877619177049e-01
4.114862411104248663e-01
4.092194289398327633e-01
3.777512256987972106e-01
3.999412308677847694e-01
4.133435205203932483e-01
4.245173001639910293e-01
4.346008225570644479e-01
5.161051734634715116e-01
5.050421380781909830e-01
4.198840844041487053e-01
4.257804768084531566e-01
4.552991207717567712e-01
4.326268080320429532e-01
4.216294583086143688e-01
4.303287099067192867e-01
3.574775547378007401e-01
4.443531367635726315e-01
4.160779691203077557e-01
3.658373995519743072e-01
3.745980830080583024e-01
3.443461897711741493e-01
3.752652202513532265e-01
4.167312527483434947e-01
4.283988861373549395e-01
4.303728377709321595e-01
3.999260340575694905e-01
3.426070292499440728e-01
4.001485845083967430e-01
3.854407515797825812e-01
3.509854668342762829e-01
3.580850078874955322e-01
3.938846281001186500e-01
4.041831991862551710e-01
4.142581535054880582e-01
4.012211211554084223e-01
4.116590967262270806e-01
4.173647370289428338e-01
3.846924648537196068e-01
4.081792590859219527e-01
4.213088688886004740e-01
4.349600800982162396e-01
4.315596899020472388e-01
4.384912990024166790e-01
4.601927369236922805e-01
4.346011895010614690e-01
4.106180324944185833e-01
4.372138070305047197e-01
4.040334072569461976e-01
4.362170304448356739e-01
4.195800973602071826e-01
4.335851229193322665e-01
4.144637167769669728e-01
4.130958413493374115e-01
4.541788825747073988e-01
4.559906897212522292e-01
4.302729817839063275e-01
4.053770638398931370e-01
4.136846363849178143e-01
4.037065170105926248e-01
3.683647762250061852e-01
4.332349581233608804e-01
3.971559375007482906e-01
4.803905242957832167e-01
4.212051473405451496e-01
4.227272096632579412e-01
4.305997288083311947e-01
3.833801424189665075e-01
4.098214405151739959e-01
4.135066671715076358e-01
4.042224792470256456e-01
4.073757485900911801e-01
3.911596081995163399e-01
4.294581444512877710e-01
4.248263539744117634e-01
4.155332856995399560e-01
4.193067212745077432e-01
4.742336048077628874e-01
3.770071551096195739e-01
4.058841199816834444e-01
3.905067957842908721e-01
3.821952956115659550e-01
3.873133616848069560e-01
4.214558815272178016e-01
4.046368909732021013e-01
4.107317114880388864e-01
4.454729875019686758e-01
4.178435683384890131e-01
3.736457847396757459e-01
4.162331220735108195e-01
4.117766705757938128e-01
4.681664814554712395e-01
3.885887416828287533e-01
3.950450065649216969e-01
4.313319490906089015e-01
4.208191716633357116e-01
4.153867520173201155e-01
4.096298140228092910e-01
4.216304448755034406e-01
4.142406381087006539e-01
4.410996159287286500e-01
3.778356560362318151e-01
4.280017631288911550e-01
4.210811934254937161e-01
3.985180549978830644e-01
3.937037336341228655e-01
4.100451772438251652e-01
3.915128938721453844e-01
4.220216007167845174e-01
4.066328789970029556e-01
4.223554711664273542e-01
3.937908689812411045e-01
4.075233119519731106e-01
4.159843148782007560e-01
3.883607728947789939e-01
3.951932350870286381e-01
4.045371789389674566e-01
4.131655964443069484e-01
4.614866920971230080e-01
4.145825224543338572e-01
4.333387148565908675e-01
4.378011681047292991e-01
4.029965310522787836e-01
4.327365250105860706e-01
4.379970926541854603e-01
4.056453178469762166e-01
4.854127296399989300e-01
4.236870379314083834e-01
4.123113498064178706e-01
3.995997029694227098e-01
4.130839170491167334e-01
4.165287160421172197e-01
4.127193188421471870e-01
4.221274835322209040e-01
4.515212539102861911e-01
3.889325524247379540e-01
3.994660771294404333e-01
3.965954927247430373e-01
4.441699967298204932e-01
4.636887609599100735e-01
4.139071487438062968e-01
4.123458670640520740e-01
4.182859571283416567e-01
4.309773163308940891e-01
4.443898301555391228e-01
4.254315062748657561e-01
4.074094638697317583e-01
4.490264782079129158e-01
4.013333969042222060e-01
4.237089469965329425e-01
4.562205509490238065e-01
4.262695981995863193e-01
4.513136226692266995e-01
4.027904371775395398e-01
3.975836336150481709e-01
4.135667885069858607e-01
4.404887639571911095e-01
4.108997160050431585e-01
4.083311350631432246e-01
4.600084917752517155e-01
4.067813819589867208e-01
4.321448310713289498e-01
4.487535821630061483e-01
4.228339365308372844e-01
4.242271647109210342e-01
4.288415580202292743e-01
3.827497452706849490e-01
3.934841832360500002e-01
3.761754080630458907e-01
4.065591556081605829e-01
3.951057720480481983e-01
3.833465729949083745e-01
4.231821014531649827e-01
4.074757303382043894e-01
3.563255749564819275e-01
4.536320782345856228e-01
4.366914659618686967e-01
3.844936066644752404e-01
4.231842942064080737e-01
4.146543567622038573e-01
4.100338516795715704e-01
4.485233594031570181e-01
4.124625132384843740e-01
4.067247173864804166e-01
4.568251961058971133e-01
4.466030089682664905e-01
4.701911163450597231e-01
4.200018715377613066e-01
4.473799955464231037e-01
4.013388289463594716e-01
3.818646220673545533e-01
4.415682782969694298e-01
4.181411867237440627e-01
4.464375839060213957e-01
4.384535410852894999e-01
3.705859824038472694e-01
4.049439756837323601e-01
4.678128264690668003e-01
3.996560109837261621e-01
3.955329426480014843e-01
4.180374123685773324e-01
4.538503881572146792e-01
4.157142544130645323e-01
4.208703644949398082e-01
3.626762178294128391e-01
4.274403092070337973e-01
4.041218867281212712e-01
4.291256181525799351e-01
4.042329393238870971e-01
4.378449550391656508e-01
4.097915454232654020e-01
4.187515837467211122e-01
4.730113531570219187e-01
4.675416078717957724e-01
3.805972432754518575e-01
3.691570614657777583e-01
4.211162031008457984e-01
4.223631008417957355e-01
4.213602226052199362e-01
3.852737092732479995e-01
4.560195190658907771e-01
4.023439606285807435e-01
4.097889587240797216e-01
3.974193638573719767e-01
3.614867927246550594e-01
3.902772821876078213e-01
3.625055162160981670e-01
3.592426605754945323e-01
3.684088714237347961e-01
4.052309511431581024e-01
4.200684994617638335e-01
3.909050927708120904e-01
4.033962004242017674e-01
3.877930039033626319e-01
3.740795427002443496e-01
4.283373642503751078e-01
3.838981689130956942e-01
4.193128225827792432e-01
4.434480375022441523e-01
4.439243038565689470e-01
4.143654203547132431e-01
3.946026206552030735e-01
4.070142752500958694e-01
3.941888709764990728e-01
4.011532378866423665e-01
4.126697258569311244e-01
4.146394669543794764e-01
3.946149540983400206e-01
4.224473646540222727e-01
4.322025740225066137e-01
4.056762292725070718e-01
4.311203447024063440e-01
4.101700318902682940e-01
4.072684050287606605e-01
3.857385194568190845e-01
4.118503611973927669e-01
4.147141196992237822e-01
4.536156272107847442e-01
4.165103188828263026e-01
4.536406271351076103e-01
4.295907603217099524e-01
4.589822157508760547e-01
4.505502736822618037e-01
4.401568368139155973e-01
4.150305644216873979e-01
4.201846550446636797e-01
4.079581235235801295e-01
4.481323493382084466e-01
4.227158318045724505e-01
4.180359555149846251e-01
3.410010917915800577e-01
3.707073377380674106e-01
4.280190097369422353e-01
3.834434133114791865e-01
4.043557816226791002e-01
4.142267598237363568e-01
4.410895585553890608e-01
4.208179935881063982e-01
3.996532215357700424e-01
4.319223561267148126e-01
4.745282170161521096e-01
4.249550711533106595e-01
4.209507578674219208e-01
4.299617308278571581e-01
4.561227483734061061e-01
4.645095519260983297e-01
4.220721398921358780e-01
4.313560177273295104e-01
4.497037077709872266e-01
4.134620499132609650e-01
4.040158358908637615e-01
4.181933476310760178e-01
4.103832232677829817e-01
4.014689380221201365e-01
4.192527847005098618e-01
3.772369143824589877e-01
3.657977099234602236e-01
4.030068247599139508e-01
3.760527256881350255e-01
3.627320463271636597e-01
4.489086126074831595e-01
4.188675734497448455e-01
3.878830918101277558e-01
4.065831057854150665e-01
4.117460917066945725e-01
3.892935365644775714e-01
3.928057696923744069e-01
4.154124410429603231e-01
3.950033199631661773e-01
4.424928964434503009e-01
4.122822265293052957e-01
4.713102943071951767e-01
4.444988928202737166e-01
4.435757951223716633e-01
3.820630952110866674e-01
4.296177858688576823e-01
4.138683082496874555e-01
4.309848300602321380e-01
4.088937796414652270e-01
4.550742074912080826e-01
4.032015847423219834e-01
4.112165123751750362e-01
4.641096436976011042e-01
4.278714602471783701e-01
4.462897639395829175e-01
4.325284349289814090e-01
4.166524857427664208e-01
4.556755076293134143e-01
4.231022726200452944e-01
4.081734221944069985e-01
4.016500593708315359e-01
4.023583985968209875e-01
4.188208293009269001e-01
4.052344745507964752e-01
3.982520174887393405e-01
4.139554162466808074e-01
4.249439271914520755e-01
3.782173649800621429e-01
4.292787973635462939e-01
4.222590173322656737e-01
3.702911277541356960e-01
4.149523293492871079e-01
4.323001091473864244e-01
4.139722151195672772e-01
3.864079052283911353e-01
4.443116968190409244e-01
4.256854244849824220e-01
4.229027892080647888e-01
3.815674426467968727e-01
4.354624478728501003e-01
4.341089985195053513e-01
4.151366561042310055e-01
3.902622207118119912e-01
4.093656277082666772e-01
3.836611066751720034e-01
3.550125438176955361e-01
3.869045174448783597e-01
4.316553923768352563e-01
3.871651211162802086e-01
4.309477966821531059e-01
4.273778605994641988e-01
4.357619777497588331e-01
4.420248132963600085e-01
4.329363419857517048e-01
4.408160071522397860e-01
4.583526711490088501e-01
4.002523650693040613e-01
3.754422429528243010e-01
3.634407418958783276e-01
4.796069463442135250e-01
4.463101012059380590e-01
3.367126915825872091e-01
3.813898238556497344e-01
4.052089056444132531e-01
3.760747343747825600e-01
3.718270796037643766e-01
3.580312270797139096e-01
3.848456097685616917e-01
3.855887810378063052e-01
3.817282449753252038e-01
3.967103859998140636e-01
3.890618841214591450e-01
3.809700013414722419e-01
4.591485036753290006e-01
4.056825307471202957e-01
4.128372417367520142e-01
4.164718695292163320e-01
4.527087026695177374e-01
3.896920837659810788e-01
4.039225375235955817e-01
4.605552152588731629e-01
4.709354082995933499e-01
4.328405296258180934e-01
4.632432611794036759e-01
4.898308162541050170e-01
4.027306738307850353e-01
4.828293869757979140e-01
4.014767296776597938e-01
4.251144307868809369e-01
4.221286076181601232e-01
3.935291554283611992e-01
4.303293318984466875e-01
4.186249124487225193e-01
3.722085897912151831e-01
4.267696990037344595e-01
4.172973627095750149e-01
4.131439432440648929e-01
4.478882998760923551e-01
3.957167150408401612e-01
4.316527781382495932e-01
4.291659562393745908e-01
4.108668840955361223e-01
3.990455026073745914e-01
4.084780869905357270e-01
4.244479137598110019e-01
4.069251634354595359e-01
4.837827239430790294e-01
4.164178622489381754e-01
3.892191703445826434e-01
4.170277887874790923e-01
3.931441355657098735e-01
3.918823627508020713e-01
4.136568713792713736e-01
3.714426741683795608e-01
4.027186756381898602e-01
4.348002441969747722e-01
4.009261156706460660e-01
4.076776878995296838e-01
4.075441730432230458e-01
4.173761236442963263e-01
3.832965263367133502e-01
4.022398248250808050e-01
3.895218665561751004e-01
3.784112153746143625e-01
4.207979734871492017e-01
4.345183739058034456e-01
4.276864861846255694e-01
4.534745749612242305e-01
4.260245408794853250e-01
4.412318688620625040e-01
4.248550453737013899e-01
4.023120941385278093e-01
3.833997117178295500e-01
4.198686699599735173e-01
3.842427212069490783e-01
3.810973795359112182e-01
3.919141328454706641e-01
3.759231417139075604e-01
3.891651191606257387e-01
4.199152097796489125e-01
4.117270173331413208e-01
4.118132943840198124e-01
4.265277657404691891e-01
4.320890698784906059e-01
3.866433529780122225e-01
3.691637533585503395e-01
3.808134581458648693e-01
4.236936983831762760e-01
4.305569318305013105e-01
4.185146389585442939e-01
4.360242224588435911e-01
3.635192791787612565e-01
3.745692681831948589e-01
3.863706585108525604e-01
3.857462334787553071e-01
4.175922577109043021e-01
3.967619348789108158e-01
4.291974468585768587e-01
4.304614826871589472e-01
4.215972439553025142e-01
4.247704490226882346e-01
4.140777021870019614e-01
3.870722856329761874e-01
3.896209992710663594e-01
3.200092221669048609e-01
3.718748775201819456e-01
3.683216013923133469e-01
3.732152297241717598e-01
3.905084794444707019e-01
3.973267337618179296e-01
4.225415357684936257e-01
4.278933473468618520e-01
4.149073302571199551e-01
4.065808109690352556e-01
4.266876038241576574e-01
4.047221086942467960e-01
4.114869992645167618e-01
3.628129326106994679e-01
4.134572443124800434e-01
3.962858991120822849e-01
4.198141136724024558e-01
4.234414738067022177e-01
3.926338956630814336e-01
4.035461149571238915e-01
3.469527223833505092e-01
3.831230861153457345e-01
3.788509629103070653e-01
3.780873152749814059e-01
3.719770516445854991e-01
4.148536174199632387e-01
3.717594748244547054e-01
3.790005597126460124e-01
3.713202335834518419e-01
3.335059170545499052e-01
4.377995283497344570e-01
3.879887259701889080e-01
4.137251661627693866e-01
3.877494295801148794e-01
4.047036688156470108e-01
3.925179626696920776e-01
4.115899719724618322e-01
4.282829805218236752e-01
4.075664784305069732e-01
3.979707404779800339e-01
4.012768293269615705e-01
4.604718995894900857e-01
4.373038083802348597e-01
4.481751254404681140e-01
4.220004736772494103e-01
4.451288124541397107e-01
4.304582432469560849e-01
4.183326919308945624e-01
4.489495071155567008e-01
4.374064240377193991e-01
4.272102550928503772e-01
4.509939954620292291e-01
4.224470005103472814e-01
3.880173212421478279e-01
4.173514697591875766e-01
4.263415139051420222e-01
4.247112020367860286e-01
4.033720407138926545e-01
3.800280786212016926e-01
3.828453283578946986e-01
4.449128294942196193e-01
4.208168009392511677e-01
4.173401367446798460e-01
4.049906544843938083e-01
3.596086621518450044e-01
3.896836002911383545e-01
4.247753342074347405e-01
4.078509732926245412e-01
3.989925521451293533e-01
3.559555028391107045e-01
4.195886222828292267e-01
4.201070364751464670e-01
3.774919458149424978e-01
3.452594798844489388e-01
4.151634563649178045e-01
3.593882671519579297e-01
3.372627642206104115e-01
3.790559024385696252e-01
3.950238853340572454e-01
3.540766686357403326e-01
3.965825602517105697e-01
3.689664818229514975e-01
3.913529925632154294e-01
3.762378963347672856e-01
4.310214236853581182e-01
4.074063138590187094e-01
4.327251774214098123e-01
3.517892980118796364e-01
4.225825440212018225e-01
4.371978644924427448e-01
4.048295334148118707e-01
4.632300331855310205e-01
4.075010438469309215e-01
4.260656921795734076e-01
4.225223523439221029e-01
3.868893425296392463e-01
4.475001850962957994e-01
3.434092011071139816e-01
3.533368009085041672e-01
3.772677394538310192e-01
3.619171926286774421e-01
3.350931888308897322e-01
3.908257302389908094e-01
4.011476376713093428e-01
3.524161215073317033e-01
3.388045777653440616e-01
3.712610488199033498e-01
4.185889370062588211e-01
3.590277548061944213e-01
3.417363870763856504e-01
4.202407430239814556e-01
4.320606022290124359e-01
3.604350078960291137e-01
3.909800779672262250e-01
4.099430759878394115e-01
3.972401350760377814e-01
3.970089498027805086e-01
3.947934236466309477e-01
3.960987064118290935e-01
3.868541365544553301e-01
3.885093054615375574e-01
3.264684349729609636e-01
3.509178062020567590e-01
4.120128586942002902e-01
3.882118547879246928e-01
4.100941207441701764e-01
3.758287514963816744e-01
3.680789392949094241e-01
4.277796964171914906e-01
4.024293170532820541e-01
3.780725624684120323e-01
3.650621521012169524e-01
4.472156114795296511e-01
4.191600750213202997e-01
3.797706607680402802e-01
3.799460460307806375e-01
3.512453324972301116e-01
3.596141854341717847e-01
4.105766222283060429e-01
3.875449487963424922e-01
4.311519706039829147e-01
3.983519585031196075e-01
3.725428825139893707e-01
3.840180158027177160e-01
3.701429229578753199e-01
3.987938551856472502e-01
3.829710693230088392e-01
4.201519792931732167e-01
4.101852243540602960e-01
4.151200250978850370e-01
3.631127604897474992e-01
4.060102460440510042e-01
3.963227794753522715e-01
3.721793567706362382e-01
3.886089436586745993e-01
4.272557199948562312e-01
3.862306106215360191e-01
3.997211199549118854e-01
4.514072971371890786e-01
4.054041493049645450e-01
4.347999776083055767e-01
4.441767822565479973e-01
4.638686592719406532e-01
4.834344335419836769e-01
4.273546710287046135e-01
4.209716308199665247e-01
3.660115745904012341e-01
4.278752498234290602e-01
4.179340604770913070e-01
4.199647808512508296e-01
3.801767521834836239e-01
4.167677364729990286e-01
4.184945758963696805e-01
4.001844149256341687e-01
3.903705930596979012e-01
4.424427601150083267e-01
4.051014002244318069e-01
3.970258039841124131e-01
4.081940496532214246e-01
4.464221461138544456e-01
3.874649736776472064e-01
3.034907161950376464e-01
3.940848500065344817e-01
4.141450255989200802e-01
4.167720062790749025e-01
4.369761978190626617e-01
4.480702075682335139e-01
4.802778420046042718e-01
4.178373434702650213e-01
4.148918357295657833e-01
4.377651203108034461e-01
4.536005108480615222e-01
4.698123709690330552e-01
4.474498878952211656e-01
3.998680787272197446e-01
4.181651999122577013e-01
4.637416382257547598e-01
4.215325967944892893e-01
3.823263236146769994e-01
3.900838660827879445e-01
4.215159236419426247e-01
4.282338273366161907e-01
4.176349116676312256e-01
3.883117223138695673e-01
4.099232091602298400e-01
4.359702826904482409e-01
3.812040966167627443e-01
4.203407231043736481e-01
4.425133879581620855e-01
4.189040445069688312e-01
3.913885784183084859e-01
4.334806921782478617e-01
3.634727263549284992e-01
3.816217693587538040e-01
4.053659351065552752e-01
3.917919665682654817e-01
3.705151100483425886e-01
4.245665430033671583e-01
3.980692889962823555e-01
4.422556710945205749e-01
3.732463267497734272e-01
3.588419036852546484e-01
4.062968278686365231e-01
3.659836549374544390e-01
4.029394126246536034e-01
3.857637680131354996e-01
4.124399324933203381e-01
3.659748601264398715e-01
3.964298057218188509e-01
3.708565191664866534e-01
3.965707979305979625e-01
4.319134141257189863e-01
3.815385285546988858e-01
4.333814236438566780e-01
4.137267189426292457e-01
4.171592854365597791e-01
4.482630586840668507e-01
4.322714809459847207e-01
3.688195787955871330e-01
4.455552345738624243e-01
4.104335531386217317e-01
4.216227020266707926e-01
4.022506246515245021e-01
4.513795668573502562e-01
4.001470943337981367e-01
4.044951325827000899e-01
4.125627531626336331e-01
4.440122131451909038e-01
3.998921335964379375e-01
3.762213929199683671e-01
4.106103337508004714e-01
4.058626822512954591e-01
4.268831527543553994e-01
3.709678951550340331e-01
4.128661725379016434e-01
4.086619215741851274e-01
3.992951678529688686e-01
3.761964216183501519e-01
4.135910350065206686e-01
3.865455244992127559e-01
4.150127563389042207e-01
3.509421435486937413e-01
3.860671851436184299e-01
4.108687597399561242e-01
4.058277432559294073e-01
4.181111111131642355e-01
4.240523812660266234e-01
3.804182719535810220e-01
4.265515382097765373e-01
4.383685288118883694e-01
4.344270112154780539e-01
4.118787919929868813e-01
4.131571571251871355e-01
3.887623570105105952e-01
4.016433315043332897e-01
3.958836493632014175e-01
4.416325908039210324e-01
3.834279138058412362e-01
3.702725159993357495e-01
4.056131966663679700e-01
4.139799059581767415e-01
3.910653419529923625e-01
4.198169129632800534e-01
4.495988962133836697e-01
3.825003856783308342e-01
4.267578696590613174e-01
3.934031288361179435e-01
4.007432159212481748e-01
3.974239590391991372e-01
3.603212984883867875e-01
4.026307615288626796e-01
3.775082241669764915e-01
3.890838103766264267e-01
3.702628177300610890e-01
3.456964760401132764e-01
3.447397922525531344e-01
3.741001650320384120e-01
4.665807836923991370e-01
3.902879461576056475e-01
3.918891418450065611e-01
3.687297821027255007e-01
3.695529287643044003e-01
4.276430355855514454e-01
3.932822072330701690e-01
4.210491383669883736e-01
3.659291202233053708e-01
4.026250520580880732e-01
4.295223802434526839e-01
4.096773953222048181e-01
3.940443371860862798e-01
3.923425687042215171e-01
4.033323111550624063e-01
3.946812417898866721e-01
4.197253595220843403e-01
3.624415195128888878e-01
3.642531061456524277e-01
4.054151393812635562e-01
4.227945752515938072e-01
4.521553819970401955e-01
3.687127715151700125e-01
3.622077237089345592e-01
3.972215374404143851e-01
3.892203140739269318e-01
4.268499142478188180e-01
4.492316776266443434e-01
4.383544990469277480e-01
4.407102590964075972e-01
4.316949308748124770e-01
4.249045620112765209e-01
4.258733089032668007e-01
4.269952569097065775e-01
4.159039280456031107e-01
4.153661713033960368e-01
4.086269833148412634e-01
3.698698334326432358e-01
3.991959199778803979e-01
4.427021516362036890e-01
4.311638438645267746e-01
3.991715834297807630e-01
3.836236038700200912e-01
4.400607354084310474e-01
4.079141599131893003e-01
4.000229819066158932e-01
3.885365652388095836e-01
4.433972396288852758e-01
4.387266599490393659e-01
4.216535776521071477e-01
3.790816619183706715e-01
4.285732112753601331e-01
4.118679665108972432e-01
4.040838934712280839e-01
4.086989045720717528e-01
4.256965393412244780e-01
4.334817895768925955e-01
4.215626818377676277e-01
4.200182874931341903e-01
3.614836749523945292e-01
4.062153263980464724e-01
4.129423143018276510e-01
3.887148162428987197e-01
4.662645226349752536e-01
4.186697577998141906e-01
3.536105035286733478e-01
3.340014525477163487e-01
3.952425338002318878e-01
3.780981617321194088e-01
4.141224295059588445e-01
3.846816770670651864e-01
3.879458630434209354e-01
4.032026955208552477e-01
3.737447805491052044e-01
4.297698758258840512e-01
4.270077272531374590e-01
4.132806737063989266e-01
3.562718499319096899e-01
4.065396474419008532e-01
3.914738554063734721e-01
3.834174442086812906e-01
3.526628809533062237e-01
3.996751458116714062e-01
3.754889796840532590e-01
4.114356104482141951e-01
4.002771540482562007e-01
3.415193860074099974e-01
4.136906139161973250e-01
4.105782051248949571e-01
4.578121721933839927e-01
4.104358999292070376e-01
4.054609905924126956e-01
3.963661488251582488e-01
4.193310914162755032e-01
3.940880643798170824e-01
4.179544707475041365e-01
4.427779492781767634e-01
3.945964013378895352e-01
4.012348942418132447e-01
4.250643340950326921e-01
4.364299938465642237e-01
4.068835250547120919e-01
3.745672607705327617e-01
4.018303793966235826e-01
4.312416966655305828e-01
3.883202645777908968e-01
4.204010889339365731e-01
3.796391112649000199e-01
3.963519765861470145e-01
4.420467834285267683e-01
3.953090211209421834e-01
4.099708712684689282e-01
4.058384176381849007e-01
3.861390393430699230e-01
3.989798185905187866e-01
4.198246146691381742e-01
3.926909743823082111e-01
4.227470313189445883e-01
4.259024145039435050e-01
4.046961325240626683e-01
4.062143187934303956e-01
4.292317413766659762e-01
4.371830824101486379e-01
4.284138352651757908e-01
4.246464673566517911e-01
4.407535683796499071e-01
3.793974382427393599e-01
4.152082230104945371e-01
4.185113089788831120e-01
3.601462703663352860e-01
3.855392515127865072e-01
4.293222496486795992e-01
4.138450391922917637e-01
4.153388971070698377e-01
4.299442252409780840e-01
3.866335903361393656e-01
4.180683231813472345e-01
4.316995540744725246e-01
4.089301409940184207e-01
4.524897832949427157e-01
4.268422858799884034e-01
4.266637440713472174e-01
4.079474462546938129e-01
4.425191853750009563e-01
4.592747395840282021e-01
4.467470522618610662e-01
4.096620723898034555e-01
4.372063961104145635e-01
4.415850125325744280e-01
4.096614063535501393e-01
4.231371649027435011e-01
4.231755084596877103e-01
4.507103767546412620e-01
4.092433428366886727e-01
3.820475159565436263e-01
3.765108153167998628e-01
3.837422890237623396e-01
3.977000308815131779e-01
4.010015651503837097e-01
4.164817962630953940e-01
4.168174637685273520e-01
4.061578787173419358e-01
3.813667479202589305e-01
4.043995513583839574e-01
3.780205112155103353e-01
4.110547413270544959e-01
4.132401521514826315e-01
3.574085759898084080e-01
4.211125749749559111e-01
3.682633634564710379e-01
4.123570377191393410e-01
4.169020106835182315e-01
4.015996135197739680e-01
3.970495238446508091e-01
4.017874277802729877e-01
3.857562841903869888e-01
4.113211550502347547e-01
4.047448969347831604e-01
4.071541904811030732e-01
4.001903805784620682e-01
4.067858201007238939e-01
3.825644728515085191e-01
4.096609423340353273e-01
4.053176861896427008e-01
4.677181870366744487e-01
4.320306493366023459e-01
3.519190484229242077e-01
4.125903150151842280e-01
4.174351607693638222e-01
4.238215315883866463e-01
4.285571921077300783e-01
3.991643213388642586e-01
4.059245943978998516e-01
3.169885867241468147e-01
3.494330337202270487e-01
4.229517833704833363e-01
4.197977273548451627e-01
4.292129938377123310e-01
4.103815535125968084e-01
3.815019086065883913e-01
3.873066032463175490e-01
4.310076492803076587e-01
4.033778750005697078e-01
4.130071636960337966e-01
3.951605980668990714e-01
3.859483644632213939e-01
4.405724402416336671e-01
3.939912056224552095e-01
4.969381080679238227e-01
4.445311108077136253e-01
4.268029879583606356e-01
3.849966232581644721e-01
4.269935086178745509e-01
4.330095656402099258e-01
4.392661245190524477e-01
4.019138515656530686e-01
4.299239753368422345e-01
4.181296312577427732e-01
4.212757943895079626e-01
4.733297978404307216e-01
4.151729598897621609e-01
4.086005478891863718e-01
4.052092013686772742e-01
3.722007683578114623e-01
4.579230712367797218e-01
3.490735806392814000e-01
3.707404046926474073e-01
3.840087514790987422e-01
3.972415187202336662e-01
3.934884769123055959e-01
4.497984047406786701e-01
4.185321291265943766e-01
3.923394509186816093e-01
4.480134700252301205e-01
4.473926863775775642e-01
4.300528313366929201e-01
4.089584591909127265e-01
3.752090861065696115e-01
4.149817414954619643e-01
4.043962244760813673e-01
3.715374720558489718e-01
3.906932237764359495e-01
3.987276719046584095e-01
3.867123165267605245e-01
4.119804933481446829e-01
4.516421284256196822e-01
4.141662030025867192e-01
3.643361873692306796e-01
4.225052834554632875e-01
3.881149920285060784e-01
4.278368493203541512e-01
4.079846031153636088e-01
4.231383095003170003e-01
4.423987820164370088e-01
4.152582874963720028e-01
3.711863043743282575e-01
3.543897076695344817e-01
3.778783499686177993e-01
3.755521070688061513e-01
3.775319378187900754e-01
3.878347788325064438e-01
4.083333285738234286e-01
4.101823371430876053e-01
3.938998208472930251e-01
3.954539892270408918e-01
3.940787759850047367e-01
4.179321313202638555e-01
3.724699738351303635e-01
4.185567287558227823e-01
3.677573410934288356e-01
4.338168301263622961e-01
3.893559764734604856e-01
3.949628057863371899e-01
3.632383721178819025e-01
3.852393709728621496e-01
3.895505122583193813e-01
4.088423369290922205e-01
3.857497354376557830e-01
4.060397325582307815e-01
4.337992515086032119e-01
3.774688708745085330e-01
3.887351330590731457e-01
4.006437876479681526e-01
3.570283686025344516e-01
4.436040025900519490e-01
4.506716164890705034e-01
3.511940965785336211e-01
3.819714167205660038e-01
4.238037747067696648e-01
4.067257247005778287e-01
4.057051636860990462e-01
4.405368589774191213e-01
3.579907263593167244e-01
4.011794362240111433e-01
3.869143932582768675e-01
3.960569804446077424e-01
4.195210488445179631e-01
4.230258586038326829e-01
4.190172055002063245e-01
4.232778273848586958e-01
4.625684857216008083e-01
4.200618155616340776e-01
3.551062842185663815e-01
3.843369273911138584e-01
3.760820651021535288e-01
3.923296582662033072e-01
4.411087241234881162e-01
3.993140049356763699e-01
3.988927820688876746e-01
4.075139421693956265e-01
3.500475189488450045e-01
4.054747656297662539e-01
3.527362613056526652e-01
4.249917858391434322e-01
3.798904322423095059e-01
3.671244999031800238e-01
3.743516010045945253e-01
3.553797878815133648e-01
4.073617880436403160e-01
4.325730893403685329e-01
4.156326133114146004e-01
4.238374867394049117e-01
4.265633721754560348e-01
4.399707161112603737e-01
4.513186529049724727e-01
4.348442388516791657e-01
4.278907813329701493e-01
4.056383659744495773e-01
4.200404280593126871e-01
4.121626212628897168e-01
4.448800581145922473e-01
4.076518310857688010e-01
3.828916026401759098e-01
4.394318198489356453e-01
4.359491232721385279e-01
4.185701189749587714e-01
4.097837478857022098e-01
3.815064424178230551e-01
4.099326606647472060e-01
3.971386398937195583e-01
4.043779004502895402e-01
3.812011459045899220e-01
4.064371991770058257e-01
3.748513173892376593e-01
3.620350250990703733e-01
3.670253712123035528e-01
3.962140432858752281e-01
4.015780519423851058e-01
4.403602227645679879e-01
4.173648616905943909e-01
4.236554729462734259e-01
4.496193405964155621e-01
3.588603972892728811e-01
4.218266676539797477e-01
4.194055766807647800e-01
4.605846679809382227e-01
4.232084881887095973e-01
4.220842325385676941e-01
3.973441297610284528e-01
3.469583580509241760e-01
4.190923111805974210e-01
4.107426723491065523e-01
3.578462411716548663e-01
4.235593881664090898e-01
4.049437712508386356e-01
4.174776117353709570e-01
4.052696531789498624e-01
4.434950838148126739e-01
4.559665130914000719e-01
4.264016493624369630e-01
4.270424941557212639e-01
4.321011726092610639e-01
3.875818544183377568e-01
4.629084939366262530e-01
4.347249560000048252e-01
3.875457374668266342e-01
3.850566287222815243e-01
4.127365399671970581e-01
4.252522853028518623e-01
4.139798922340676701e-01
4.595363277524270873e-01
3.849357633555096081e-01
4.223360617248601012e-01
4.133515965972087147e-01
4.494375273616368904e-01
4.188656246884539525e-01
4.243637506124364744e-01
4.131827911299564282e-01
3.632686718916170454e-01
4.087355754966014998e-01
4.062686369354034932e-01
4.246846179924553821e-01
3.725184723845854640e-01
4.380440037338321213e-01
3.441043314268311670e-01
4.277960100529828447e-01
3.748757383950648281e-01
3.814320034535640391e-01
3.905300494771892783e-01
3.473043069836128094e-01
4.078453807558367616e-01
4.178042494101205651e-01
4.030063956042620466e-01
4.514800331222694751e-01
4.112897089594932387e-01
3.964484488156362341e-01
3.862670844986922924e-01
4.233439244471484675e-01
4.431028072106401039e-01
3.353963878253873321e-01
3.489974509836579752e-01
4.159648627265120635e-01
3.721514554304131139e-01
4.297395951087489840e-01
4.209134597729803362e-01
3.651041308416320685e-01
3.857541937107016872e-01
4.305538008643124970e-01
4.182819031590125913e-01
4.117801834726558807e-01
4.130997177974656265e-01
4.450796533001190047e-01
4.227747670614541708e-01
4.436032043467073582e-01
4.235723908027612117e-01
4.034390945816298535e-01
4.159416947088442340e-01
3.795837046215060351e-01
3.779841807430845968e-01
4.507323343083893818e-01
4.431103991405662690e-01
4.067693719922593210e-01
4.166100770413885268e-01
4.178296183589261803e-01
4.599100160897564016e-01
4.342062690078068998e-01
4.187041512993482373e-01
4.351386149130581082e-01
4.208178428375735081e-01
4.255915412886581706e-01
4.018710181494656863e-01
4.702940411209760030e-01
4.029554815776072441e-01
4.196133410550538789e-01
4.418490346649250333e-01
3.502477012130973955e-01
4.460920391633131921e-01
3.833805918377150568e-01
4.228061895077943055e-01
3.932817020666005137e-01
3.957864606417995645e-01
4.310895245396865194e-01
4.048037212885833291e-01
4.364707568200483223e-01
3.539374708080588183e-01
3.791866250884612932e-01
4.062894549584527559e-01
3.891953984659684007e-01
4.096472420266906167e-01
4.504633055416166765e-01
3.937088980497687185e-01
3.672868369770245778e-01
4.268572973601761911e-01
4.335808162547991618e-01
3.874770928591602659e-01
3.802222033386155053e-01
3.906324850427011497e-01
4.309936831676030033e-01
4.260933821461314053e-01
4.015428699532060386e-01
4.380727753014336256e-01
4.383796891834866871e-01
4.496519469813508030e-01
4.266016191853632677e-01
4.319035326435475275e-01
4.407565371314474123e-01
3.833087236173274848e-01
4.328182767117913499e-01
4.475742664960457584e-01
4.191942116226473058e-01
4.455392505989330121e-01
4.299491885293127980e-01
4.060141499778813223e-01
4.440576066156088353e-01
4.369070667807902764e-01
4.326465620433497805e-01
3.924032984286321413e-01
4.155113624711835318e-01
4.139953064630861324e-01
4.104588743359732783e-01
3.989832407386170732e-01
4.108901112708568948e-01
3.974854378574606550e-01
4.279853535835936307e-01
4.025663869972673226e-01
4.200561102286860526e-01
3.636050915459949073e-01
4.097046432011876016e-01
3.189807854119266484e-01
4.386095192873298854e-01
4.503675043529776212e-01
4.651487692207711411e-01
3.710671452104039036e-01
3.921823395852981342e-01
4.401459585931980500e-01
3.824471983846335355e-01
3.579332501876391626e-01
4.043670068074908808e-01
3.831194288450959218e-01
4.400265537201266119e-01
4.492109648612975792e-01
4.201401546707762003e-01
4.262314445887972481e-01
4.484097734296452198e-01
4.414468133262114957e-01
4.112286309093180492e-01
4.492402953053071801e-01
4.164567123474591237e-01
3.718714842828039213e-01
4.006701332139072091e-01
3.812862927154203052e-01
3.919144167437743076e-01
4.254268607587895490e-01
4.154579765928875235e-01
4.335197004106333685e-01
4.084967499550911652e-01
3.970407603306792543e-01
4.204394132628076486e-01
3.990333084251418971e-01
4.002791005994771889e-01
4.029880083919601952e-01
3.981771470553490122e-01
3.549177986894684889e-01
4.153738097311607813e-01
4.537702540031216536e-01
3.819534145292816096e-01
4.049509552149032077e-01
4.059316493314557572e-01
4.286382358032201911e-01
4.112930232844858036e-01
4.614905862726131347e-01
4.183471951105631192e-01
4.006823073840352079e-01
3.738849648710281248e-01
3.976371684831451758e-01
3.991661229405025768e-01
4.044565745989203709e-01
4.119214709652903039e-01
4.339965248053397340e-01
4.154964196699637569e-01
4.011402976417856592e-01
4.199334508649046893e-01
4.129731392325055039e-01
3.949513439226914335e-01
4.299245260817757819e-01
4.458385854522228797e-01
4.247147994219110378e-01
3.964074879423056252e-01
4.062838821702079994e-01
4.211699720657599011e-01
4.513091527289093685e-01
4.011639688466720477e-01
4.528248974426746232e-01
4.381928204229573187e-01
4.085420793376304816e-01
4.039200475917604782e-01
4.293308035350967278e-01
4.581023503081237958e-01
4.231316417634258809e-01
3.788575758817292471e-01
4.342952665033075754e-01
3.488191898354179865e-01
4.349987002952594994e-01
4.424786163490103674e-01
3.897805116195255382e-01
4.435615618341325339e-01
4.445858072621016177e-01
4.210750795777585265e-01
4.400945880033167446e-01
4.583532042745633861e-01
4.671187098161389550e-01
4.735585973519400582e-01
3.731951843824729553e-01
4.386275158811243635e-01
3.732320153251075801e-01
3.859402576107213156e-01
4.244531798202333395e-01
4.387901429090101391e-01
4.280484243580031656e-01
4.523063647082283811e-01
4.208313180057635106e-01
4.704813460007090664e-01
3.998989811155524432e-01
4.046621386679082333e-01
4.197741030759694625e-01
3.960566550349701731e-01
4.049393725611662442e-01
3.517790200344787510e-01
4.014794349803882390e-01
4.042406870316879730e-01
4.107531738264888488e-01
3.507712616539682138e-01
4.029224048277976200e-01
4.478637750712451404e-01
4.125457657024250713e-01
4.204382371972436028e-01
3.804415975819562257e-01
4.371948382358068486e-01
3.755403525295145650e-01
3.721106661676493732e-01
4.498486482529930885e-01
4.518528203973335433e-01
4.106849598646415411e-01
4.162156109831419148e-01
4.218368107320301652e-01
4.369118655693209896e-01
4.180638477221126914e-01
3.724441897581984851e-01
3.877801242985810526e-01
3.976373117788676859e-01
3.868782069806906421e-01
4.516951385247712780e-01
4.491749971538283037e-01
3.879281930797889855e-01
3.926430158093288103e-01
3.949506656037023444e-01
