5.947505760301549094e-01
6.038578593771974923e-01
6.156038170855409053e-01
5.950043542567259314e-01
5.975903881421668062e-01
5.981132957070190992e-01
5.965683107481043468e-01
5.403611898876141684e-01
5.852286679003089187e-01
5.590566054893042480e-01
6.200833593790100462e-01
6.296758449544094249e-01
6.093560094543684080e-01
6.323911932855873497e-01
5.983396601383005331e-01
5.884509378280234904e-01
5.933833446345379015e-01
5.955544437811326475e-01
6.294903145054744353e-01
6.156110393156802862e-01
5.727962013894277726e-01
5.626108255081159193e-01
5.752977110486398038e-01
5.670560272273574842e-01
5.619436898034306793e-01
5.740864638534389774e-01
5.709874065390754261e-01
5.762392592175319406e-01
6.164584849687835266e-01
5.844771194658102687e-01
6.138144625823166445e-01
6.249843454389238939e-01
6.499146330242997482e-01
6.122583838428098391e-01
6.354695369281370132e-01
6.378318435740806258e-01
6.226093409346615815e-01
6.106144928991225074e-01
6.018779278840287184e-01
6.231520265415060322e-01
5.980648708044224993e-01
5.810628373594024509e-01
5.785075535049126749e-01
6.190846949758718187e-01
6.116410305044528428e-01
6.174411322726707230e-01
6.252909725818902587e-01
6.072165961168843884e-01
5.860627661495549923e-01
6.123672245199713871e-01
6.153482545943584903e-01
6.009060679579761866e-01
6.337877089337309311e-01
6.614468147724099634e-01
5.945414610649971676e-01
5.913651703487741162e-01
6.201109511577045375e-01
6.206375533840320369e-01
6.259567817155721192e-01
6.132233088808003441e-01
6.077143580984261106e-01
6.215241168861785903e-01
6.257184755557398947e-01
6.312267342117116042e-01
6.137955265465329102e-01
6.445619636007682285e-01
5.884418426673951874e-01
5.591813484938469303e-01
6.121551368686618533e-01
5.875735799050623154e-01
5.762767001699917735e-01
5.886878980465084510e-01
5.914659796775824097e-01
5.689329594885389474e-01
5.726867269304570796e-01
5.670593405787697217e-01
6.004014154197273578e-01
5.874792306338816328e-01
5.716849509806033458e-01
5.902742571432559870e-01
6.135099851085117351e-01
6.035939866567892054e-01
5.799993651742879619e-01
6.237930806659457428e-01
6.375526796821153752e-01
6.179987372496391629e-01
6.133935920088514626e-01
5.977486889086979227e-01
5.957938644561038277e-01
5.889949797438617241e-01
5.845596095598245556e-01
5.792667897766800023e-01
5.915668558745346139e-01
5.946412274235711726e-01
5.986480458448512065e-01
6.138725302043216425e-01
6.297533953708481791e-01
6.503133207485758405e-01
6.284798499136039496e-01
5.867724824631667113e-01
5.953231277646854336e-01
6.046478070635649127e-01
6.081116787224282172e-01
5.907249459874981401e-01
5.631788712830989585e-01
5.952409538402317901e-01
5.873135655672894195e-01
6.257449805923548380e-01
6.219012478664213139e-01
6.247969565118213220e-01
6.218130556502885486e-01
6.224756546190496342e-01
6.419574729917854050e-01
6.557480165042339770e-01
6.488287630788355242e-01
6.462454697244084389e-01
6.468194685588396498e-01
6.269974335962821277e-01
6.215531778368178495e-01
6.345573335921547153e-01
5.954949084591446562e-01
6.368148224372442989e-01
6.283380083439581432e-01
6.174343928889332034e-01
5.842891426158093315e-01
6.154689732916754918e-01
6.248679107668423383e-01
6.207766862750048187e-01
6.482081556764432984e-01
6.491209534799532443e-01
6.341919855182450716e-01
6.236347828251849190e-01
6.155460175295985881e-01
6.305958157222019134e-01
6.438107485009234576e-01
6.373148636289283075e-01
6.088358099859463302e-01
6.304671649785044130e-01
5.726226495493632607e-01
6.095643982883711676e-01
5.727571616646567332e-01
5.677094858211040318e-01
5.829417349544937510e-01
6.338091039751948541e-01
6.183434981401940700e-01
6.025017120460340880e-01
6.116991396039143103e-01
5.611207436445979635e-01
5.901222202996472266e-01
5.860502784777555929e-01
5.831958807600192696e-01
5.870821983325151816e-01
5.893366075585834141e-01
5.831698831244311876e-01
5.613618105133848513e-01
6.145507318004944652e-01
5.623422428331431577e-01
6.033974692241264037e-01
6.126045602761747144e-01
5.997124531705346762e-01
5.995657655155706145e-01
6.354818313018669729e-01
5.973114870412844502e-01
6.119160331235045103e-01
6.116197703635583016e-01
6.325119878385747629e-01
5.934465979739020902e-01
6.468675956001826988e-01
6.000656156656267726e-01
6.254666307049500107e-01
5.819103464860960750e-01
6.245010757029556547e-01
6.113855976737779807e-01
5.956477658020445931e-01
5.805362102806975733e-01
6.409450926247276525e-01
5.900317648200038567e-01
5.779038462294969758e-01
6.397750034744731362e-01
6.204751052619826845e-01
6.260382855254631451e-01
5.997621141401140443e-01
6.355607148465194367e-01
6.034260498683242657e-01
6.176778693160230871e-01
6.161985986177046515e-01
6.675599343241058747e-01
6.460430244134904854e-01
6.413760657050052716e-01
5.992589355018933528e-01
6.315080806470023678e-01
5.848723834075286732e-01
6.024268194743965799e-01
6.093797855585675327e-01
5.968148433369583339e-01
5.762226454506310658e-01
6.341401001948412386e-01
5.882105425589605474e-01
6.019325077562542869e-01
6.436721037283879010e-01
5.972559926842215816e-01
5.826079823072889408e-01
5.881190515492100701e-01
6.123500294952783918e-01
5.960878482815545887e-01
6.037601016049805036e-01
5.795214322179619293e-01
5.826954388717422439e-01
5.987653686148802779e-01
6.116110570032549099e-01
5.790562955088472963e-01
6.112615591505787815e-01
6.040362932460051626e-01
6.000976720338332404e-01
6.025582928788743020e-01
5.968077919091846484e-01
6.244585499816395213e-01
6.268240179061645989e-01
6.191117964288538333e-01
6.141959409650924462e-01
6.295952304193388471e-01
6.020183939695917807e-01
6.117782324380393044e-01
6.296948701971916140e-01
5.980903600631528594e-01
5.692036272617924109e-01
5.492271249657824095e-01
5.950710760600830262e-01
6.471433215515708381e-01
6.006981351607618702e-01
6.587435485857897621e-01
6.357755966268181513e-01
6.308553614808962706e-01
6.208680066098476447e-01
5.984133925265153753e-01
6.150606695758953357e-01
5.846306143898251095e-01
6.249152088348099987e-01
6.171807916782999781e-01
6.081338522014555492e-01
6.440432464731555839e-01
5.950557689982842735e-01
6.377670988793732176e-01
5.785961556498550040e-01
6.164467783104691234e-01
6.396907954341167768e-01
6.486548790167043776e-01
6.480068271446429717e-01
6.525181574113740890e-01
6.430445427639347455e-01
6.341188801575382561e-01
6.580208843696093712e-01
6.784585511446391548e-01
6.605107421265783429e-01
6.693955945369320926e-01
6.492576722837134495e-01
6.367408942028962571e-01
6.505509702800986727e-01
6.579003849620839173e-01
6.622847547475987362e-01
6.191305832489040206e-01
6.574242385145758760e-01
6.002197279873182634e-01
5.792493942684645569e-01
6.144897844742848170e-01
5.778060545934176062e-01
5.929420695739099356e-01
6.370074191312892209e-01
5.830576877005337888e-01
5.874452182100579067e-01
6.085090058096476184e-01
6.210194012148060327e-01
6.143708558167151335e-01
5.961771764033586551e-01
6.150788544527947543e-01
6.187699620929757449e-01
6.281739489474557070e-01
6.315456333997057081e-01
6.719159873944420269e-01
6.728929227705952032e-01
6.131939768920815492e-01
6.415351094161660939e-01
6.359388817491332668e-01
5.904978873971324926e-01
6.222919064570758829e-01
6.167114667549820073e-01
5.952679436884373843e-01
5.775376906511260344e-01
5.666205332619280721e-01
5.916100626827062170e-01
5.970158391007578391e-01
5.996330856083051941e-01
6.289872700251027959e-01
6.133874980013420686e-01
6.321983371287186459e-01
6.481561615614948035e-01
6.211581045662509792e-01
6.067850271641946902e-01
6.160928604500076622e-01
6.113841367020758089e-01
5.912276893581128734e-01
6.222144860776098740e-01
5.941237626380200254e-01
6.246430217810289287e-01
5.981519239890765727e-01
5.995751267916622496e-01
5.772601449613179447e-01
5.960377326190962055e-01
5.964830619015137891e-01
6.285589153631545578e-01
6.135045352997864354e-01
6.674040549682961343e-01
5.834636087624619494e-01
6.202996267280571629e-01
5.928223041614694155e-01
6.156257564225025014e-01
5.973606028895167563e-01
5.822971590079824011e-01
5.929219933547348331e-01
6.064900624894812298e-01
5.976460533947208775e-01
5.731850141571589452e-01
6.054515374624592772e-01
6.131343071535991784e-01
5.981112559057405464e-01
6.096291325712478448e-01
6.179923221549092904e-01
6.280630573312812048e-01
6.282179079098109131e-01
5.879778114426237323e-01
6.088041505031448475e-01
6.015681063335001078e-01
6.298823638091425314e-01
6.235526360705215820e-01
6.285178805866008522e-01
6.553457481257907169e-01
6.622144128926493734e-01
6.386191276825062824e-01
6.654309983870919654e-01
6.614157891671071932e-01
6.036800854715304032e-01
6.395464821236757080e-01
6.243084339830238250e-01
6.102557506033470247e-01
6.258778197124380549e-01
6.207395706649156963e-01
5.865885165481697916e-01
6.241273342741217034e-01
6.060707839996797297e-01
6.021875370983712505e-01
6.120845878852125832e-01
6.167100382303308814e-01
6.272943728815116859e-01
6.163992495586050335e-01
5.645550537725384510e-01
5.970953215788311619e-01
6.484669508018844342e-01
6.478701616599655821e-01
6.103771250702846318e-01
6.253062582316298856e-01
6.403801193161169358e-01
6.171021875796546263e-01
6.233454282904591359e-01
5.960418690471623870e-01
6.144915813741542721e-01
6.015897182059676274e-01
5.832212082525352059e-01
6.053493334785915447e-01
5.765644359515244011e-01
6.034153980043117649e-01
6.174161961847755009e-01
6.201593525928560391e-01
6.403601143994899214e-01
5.926586180657232861e-01
6.061388180537660153e-01
6.222320300731531972e-01
6.020388568406971341e-01
6.550777340670731475e-01
6.607427292972973820e-01
6.202020639408672986e-01
6.263007175599075715e-01
6.313308681872052963e-01
6.564044862406072101e-01
6.691772719137693004e-01
6.293553312565832725e-01
6.160221108633485709e-01
6.459091900898747962e-01
6.349979557655754947e-01
6.278770771069416279e-01
6.305852419070557824e-01
5.841130758973043235e-01
5.690721643295294507e-01
5.698155354396471362e-01
5.871009316806531375e-01
6.185000476528677016e-01
5.882002010380180668e-01
6.141086820676963098e-01
6.249059295121398572e-01
5.769081365914224824e-01
5.829501417933914409e-01
5.731505747513261362e-01
6.051637849355142595e-01
6.461944738198920346e-01
6.030217908463609833e-01
6.121212478554598491e-01
6.260155569927604580e-01
6.243160419417120854e-01
5.877291303891865049e-01
6.102002508325722330e-01
6.124130764078009603e-01
6.344440370096061654e-01
6.227977096233685561e-01
5.932498979837298458e-01
5.945179626959311570e-01
5.992548954048719789e-01
5.845264579008743189e-01
6.737361199333896655e-01
5.963142933942904289e-01
6.121384654540935610e-01
6.241909700497146885e-01
6.206568028788105318e-01
6.188790240696939726e-01
5.802814620848738558e-01
6.196462781955134336e-01
6.365189362681977769e-01
6.248375822125139534e-01
6.017323492176607225e-01
6.171553856648512859e-01
5.963607812003246522e-01
6.196598854624142394e-01
6.467711092780760174e-01
6.124991484884290127e-01
6.344616998650800532e-01
6.003095175974759723e-01
6.449064428981341468e-01
6.278473145740860462e-01
5.959783656115841266e-01
6.400758155442617392e-01
6.125777303683558328e-01
6.246972738448098861e-01
6.301780697840660972e-01
6.761384201440607811e-01
6.171447487295783629e-01
6.389207038110885639e-01
6.163569405986872862e-01
6.054009364920035496e-01
6.072097460742795771e-01
6.079581404114744458e-01
5.968317053643061865e-01
6.090553078272489262e-01
6.164721140172327862e-01
5.947854139494460624e-01
6.029447569080512714e-01
5.718321867557161209e-01
5.607767931877684076e-01
6.215428380865799518e-01
6.220076255996472847e-01
6.019253790843204222e-01
5.782061522905653783e-01
6.043287863531502380e-01
6.159578292779167574e-01
5.829903048237943253e-01
6.228715996453354498e-01
6.185084386689966296e-01
6.366572049368580677e-01
5.999036706434722754e-01
6.239559328912192004e-01
6.340421183363323943e-01
6.146800556993681219e-01
6.227786922487720256e-01
6.281017447236326712e-01
6.249071937759747009e-01
6.538654279884049680e-01
6.348532284736272402e-01
6.396321945280746268e-01
6.363294060849471467e-01
6.621603564289856303e-01
6.383838531057205445e-01
6.425861677081258216e-01
6.552025660966307452e-01
6.483585940970179040e-01
6.556096071373422873e-01
6.071313326029800228e-01
6.317535342356463968e-01
6.511275966957164041e-01
6.575949771121597509e-01
6.421307103528878235e-01
6.202135613739875319e-01
6.584947521770073697e-01
6.227238570112465510e-01
5.996546670792635148e-01
6.674889305945314044e-01
6.441228360975608247e-01
5.780770025845365367e-01
5.609239030917992919e-01
5.972051137043216107e-01
6.065949973556121755e-01
6.472916274041865536e-01
6.322792594513114706e-01
6.372929852832012187e-01
6.814111307947481322e-01
6.717829943504616264e-01
6.069918276461137019e-01
6.178209194928673265e-01
6.017443911562727621e-01
6.239979758370901575e-01
5.924352173845180980e-01
5.869710188396186634e-01
6.334319935482973785e-01
6.281685658320302901e-01
5.902295449188345033e-01
6.239768921005661717e-01
6.127138216612600941e-01
6.054040244969363105e-01
5.780832305415282146e-01
6.233577076268529416e-01
6.063481104726331505e-01
5.875111609976106930e-01
5.860084711233460864e-01
6.240753457275719507e-01
6.238665190806398364e-01
6.177326538005867285e-01
6.514835135804687427e-01
6.117742670196703036e-01
5.897226865619049629e-01
5.955536729354281578e-01
5.934265433013822255e-01
6.252348381367254238e-01
6.271450487564800280e-01
5.966568024026923656e-01
6.276854676582398485e-01
6.173629997784980672e-01
5.950934048211243832e-01
6.253478455651256818e-01
6.095439636068735734e-01
6.094177875301319824e-01
5.938340522287002266e-01
5.936252774748498329e-01
6.146809019344846581e-01
6.359242310942482268e-01
5.928813971958284412e-01
5.976726097723890074e-01
6.359315260375238976e-01
6.477182355137033332e-01
6.082657598008124333e-01
6.087452506060703206e-01
6.272987959036636640e-01
5.865675205559037764e-01
6.300533114015963720e-01
5.612097819721820757e-01
5.983266049103872497e-01
6.062027512032429621e-01
5.991721748935022740e-01
5.800143322825007663e-01
5.829130297926279347e-01
6.200896363946056811e-01
5.948100413203909476e-01
6.214839609515698804e-01
6.066093403631619418e-01
5.978703671824637800e-01
6.035171929870369878e-01
6.210138646467896484e-01
6.190866805372886583e-01
6.066652408268052854e-01
6.180699915363775387e-01
6.296437277200405136e-01
6.230150754277643532e-01
6.211863606531432547e-01
5.907647941032970751e-01
5.869216505043555188e-01
6.363623176738640863e-01
5.723179952938390880e-01
5.963147735963280072e-01
6.008197872095002445e-01
5.857208989832303203e-01
6.187439815906996543e-01
5.998890054967080943e-01
6.293768781745349150e-01
5.997309311748875160e-01
6.128778463256433495e-01
6.215725145375355920e-01
6.057142756601922029e-01
6.094289043472236322e-01
5.743272418301229587e-01
5.934726606229931978e-01
5.891853123574682938e-01
6.032611026833468726e-01
6.114343092406151481e-01
6.044343743877229613e-01
6.146635447338740788e-01
6.310381232876544066e-01
6.242706002334987847e-01
6.351826080044666867e-01
6.217284981621510331e-01
6.287661225807821275e-01
6.285046348423871665e-01
6.248441141600538096e-01
6.067369130334501204e-01
6.140665736460221291e-01
5.903432662343047754e-01
5.925138641736706901e-01
5.755019690476236294e-01
6.155084457100192807e-01
5.842975395498078983e-01
5.947736665610436901e-01
6.030323530703004531e-01
6.137866858796765523e-01
6.469161811548190810e-01
6.111642948162413491e-01
5.956612028622553234e-01
6.152747717393796112e-01
5.743118931478234934e-01
6.158188698470479228e-01
5.798637992066681957e-01
6.061609194590531491e-01
5.783862367152022843e-01
6.092822396763272197e-01
6.084450574189131933e-01
6.190457191354303834e-01
5.890078015359705432e-01
6.283811694874921194e-01
5.962845561227908542e-01
5.967889133713779604e-01
5.910223827259677432e-01
6.143958324529839032e-01
6.047215188660379770e-01
6.036523560462919713e-01
6.133104466731902349e-01
6.201573041165924227e-01
6.352322016194317245e-01
6.258254025147615973e-01
6.168918852095079952e-01
6.013014982696837096e-01
6.074465955040541099e-01
6.049484859552096694e-01
5.904945640781495975e-01
6.516096242143993855e-01
6.109634993112817991e-01
5.492558791982116162e-01
5.655770022078175918e-01
6.606478742796126902e-01
5.912421661259894545e-01
5.827871885080849745e-01
6.083147778842716846e-01
6.317366496265172104e-01
5.957429084429874955e-01
6.164363346246625186e-01
5.944415479879603392e-01
5.864940107808721548e-01
6.358260608199640673e-01
6.330745101097834393e-01
6.026561748279425368e-01
6.594282302769689519e-01
6.408272429600475606e-01
6.314847109899648370e-01
6.274973276482741502e-01
6.197411014198092039e-01
6.231198193509905892e-01
6.684231124043944483e-01
6.191898254339864849e-01
6.101493352054980779e-01
6.196515687622267121e-01
6.151579692139192979e-01
6.417086396980841156e-01
6.150168693580386758e-01
6.547825885825601100e-01
6.582353447642979027e-01
6.184544041318355001e-01
6.212730032171860373e-01
5.997330357512402621e-01
6.361478643845567271e-01
6.212395482117439860e-01
6.532203251432292523e-01
6.234142382921437076e-01
6.003976941713669024e-01
6.530407580032656645e-01
6.422431667423676993e-01
6.266231246507784070e-01
6.445105649720751506e-01
6.249026635715970723e-01
6.055304009411189847e-01
6.403451373826181126e-01
6.378703210967188175e-01
6.311059556415786753e-01
6.418582936465765387e-01
6.316296928319143911e-01
6.107330841139939626e-01
6.240232748214898928e-01
5.992128788901304182e-01
6.538758623873414111e-01
6.289689321370200981e-01
6.478654017866731785e-01
6.080933249831234066e-01
6.029865183975963161e-01
5.891151137927699288e-01
6.325115692266525258e-01
6.633366315229268784e-01
5.904659189786694018e-01
5.886359855623776172e-01
6.174013921140537597e-01
6.222728727201167764e-01
6.238061097445399827e-01
5.958228976401059862e-01
6.563187506440628649e-01
6.273919228149268390e-01
6.113892391677826499e-01
6.451372133897730343e-01
6.481699738368938979e-01
6.184206679179065080e-01
6.301293752202264953e-01
6.084126120404876881e-01
5.852749622113453398e-01
5.752601134332188115e-01
5.919342834275613807e-01
6.073126642827921806e-01
6.218540352378518765e-01
6.116409531730735427e-01
6.073174060339293634e-01
5.878454324586241952e-01
5.871754666393029787e-01
6.189336036058963320e-01
6.321408238264254464e-01
6.367804795372796756e-01
6.417969201417459413e-01
6.384648834416305485e-01
6.229980787226864214e-01
6.297191709997730369e-01
6.423099161796150813e-01
6.483413746605659611e-01
6.369633644344047108e-01
5.663343910478485510e-01
5.995949728926290856e-01
6.064879155543528855e-01
5.792088686500383998e-01
5.980037731704979098e-01
6.203202236016323035e-01
5.945851031231953465e-01
5.996751508509249318e-01
6.017695132017432114e-01
6.058245493632872236e-01
5.938115111911986821e-01
5.887350584009275467e-01
6.177451287874964336e-01
6.180828345925666323e-01
6.301162903060347764e-01
6.065807994614155207e-01
5.956764746559730650e-01
6.260613085596233862e-01
5.779167911006535263e-01
5.956049089934818408e-01
5.897735629803827484e-01
5.846333103785606999e-01
5.628289745751103856e-01
6.037016699938689834e-01
6.054321762552541397e-01
6.023409518238014293e-01
6.412755914188603690e-01
6.450496807238874641e-01
6.346683865673822256e-01
6.332433833768827958e-01
6.102855323492978323e-01
6.147981219245683970e-01
6.050343310958743448e-01
6.062396755877101917e-01
6.392191400501993082e-01
5.893449383193541946e-01
6.245572483861940860e-01
6.385312981947282029e-01
6.044342391351555932e-01
5.989939886259997293e-01
6.176728844912127148e-01
6.375811985046780928e-01
5.952752592954293487e-01
6.368701624017455432e-01
6.011243298132619151e-01
5.938419903915892473e-01
5.922188694392168662e-01
6.144334466476635281e-01
5.959845227778330923e-01
5.863380057680276369e-01
6.058522506552185272e-01
6.037560622786115605e-01
6.044897478576878314e-01
6.267968528132539241e-01
6.101209044783748592e-01
6.044865257625133825e-01
6.274744032082555378e-01
6.310655095908275225e-01
6.563909850535255552e-01
6.512572883832912218e-01
6.256467401556746744e-01
6.174445476423767731e-01
6.111918549442445503e-01
6.394931522293501036e-01
6.517667981870989280e-01
6.404707894289747294e-01
6.305341200222635001e-01
6.376386776302885862e-01
6.149011714427334852e-01
6.027414499811886150e-01
6.148409052314220968e-01
5.948849197390801979e-01
6.155604402202089487e-01
6.329958580666388279e-01
6.515470479966940509e-01
6.294519377540054306e-01
6.163581556122625926e-01
6.117684765401807390e-01
6.513114685300700479e-01
6.589925405149505977e-01
6.248871125605648391e-01
6.196241011984414682e-01
6.161816303512605009e-01
5.872505579769833339e-01
5.738276755720008726e-01
5.833844285833390542e-01
5.477331472808912860e-01
6.349361572656579966e-01
6.070152767865646393e-01
6.249127065815847093e-01
5.960197196853669332e-01
5.985600960890075095e-01
5.919474285644312772e-01
6.175831193500654903e-01
6.160055081427792123e-01
5.943813239526174463e-01
6.027741325698835473e-01
6.146250681978827624e-01
5.861431112711705804e-01
6.406014918681862680e-01
6.102210430428639532e-01
6.209333333245545816e-01
6.037579738583855882e-01
6.083374407125164973e-01
6.206389610524696288e-01
6.107421612379765330e-01
6.120279463532846131e-01
6.253186436045505836e-01
6.528787447312677239e-01
5.975732182148205673e-01
6.185876099892051450e-01
6.037644558006546314e-01
5.890998156528838292e-01
5.819197988512319064e-01
5.682562107714336230e-01
5.748881790254101176e-01
5.834601281861965250e-01
6.135878672695392888e-01
6.008525637813431075e-01
5.887492752952590003e-01
6.065407130994139306e-01
6.280915916001282850e-01
6.386560743761396930e-01
6.067623686773878644e-01
5.807073854084338072e-01
6.219540389953756021e-01
5.934389244494562288e-01
5.827657620352587609e-01
5.993249084311336183e-01
5.938142824381114071e-01
6.343407734809476395e-01
5.876837346683595475e-01
5.880283249566511383e-01
6.070368679332154294e-01
6.254869010344524805e-01
6.419862736483502585e-01
5.998869584876269645e-01
6.120654315490493547e-01
5.727940842126956200e-01
5.886711986756296699e-01
6.314325767503872200e-01
6.348077611500875239e-01
6.573449943721034749e-01
6.132100495445788058e-01
6.266148059696549089e-01
6.239588634173001136e-01
6.038508820211335726e-01
6.269587339429099071e-01
5.712187228965492913e-01
5.687828942691069978e-01
5.905792507536760105e-01
6.214171091015598947e-01
5.891415318501672660e-01
6.013634487736064793e-01
6.261046811384252120e-01
5.964067021867390794e-01
5.794580396423869573e-01
6.006469274680769077e-01
5.727429620505676278e-01
5.811916688188393243e-01
5.860727954345159585e-01
5.739917192169319282e-01
5.757186867905828009e-01
6.068524873036247325e-01
6.051281209174078635e-01
5.990578174082807905e-01
6.219774727770653877e-01
5.848262023436719970e-01
5.970399191669953920e-01
5.767561254931754533e-01
6.062072693259564771e-01
6.043193098369968874e-01
5.829385897808677663e-01
6.048163522419945926e-01
5.887917680206545823e-01
5.913524023531169238e-01
6.031557915147404136e-01
6.022029920724644159e-01
6.130143820273672439e-01
6.219551251543925519e-01
6.232090133092688111e-01
6.227948584982112568e-01
5.766390261771087156e-01
6.119146661405059362e-01
6.047338144452978348e-01
6.306773821420494919e-01
6.224919167385325469e-01
6.158804539974001013e-01
5.945326124515931676e-01
6.206377750855394115e-01
6.087608231583294671e-01
5.984093083158037452e-01
6.020215273457339977e-01
6.239922052974395950e-01
6.274812977863173380e-01
6.211242437905403202e-01
5.878173696420898597e-01
5.856156529406300049e-01
6.320904897802576139e-01
6.447567343054109168e-01
6.474161022571135460e-01
6.689990226243319738e-01
5.961836304312945201e-01
6.262917031703409965e-01
6.136144468691913101e-01
6.122559144443913137e-01
6.327379907906733880e-01
6.205061626751193771e-01
6.232959019412314117e-01
6.161853324047368297e-01
6.274348180472183456e-01
6.874716585568461102e-01
6.513710877713555503e-01
6.633605325414272391e-01
6.456342052431611744e-01
6.344883760097043135e-01
6.670870880602849384e-01
6.243109880301593861e-01
6.252250785653913345e-01
6.120219790893337564e-01
6.056690881654803738e-01
5.970907226334974949e-01
6.122223435534641656e-01
5.986630743737881843e-01
6.340876345911730105e-01
6.337907965091988949e-01
6.212701666342995699e-01
5.840652546570612724e-01
5.932404620403406437e-01
6.119917688408109679e-01
5.909867945306146453e-01
6.016213211834602337e-01
6.211446444170939385e-01
5.843779547645582273e-01
5.803572855012540943e-01
5.909569552850129082e-01
6.016040328995263531e-01
6.411797832632948335e-01
6.192100144953059937e-01
6.416098841445390111e-01
5.922868267222634042e-01
6.046915280484510546e-01
6.003963388580683125e-01
6.233001169175094169e-01
6.094162951125119410e-01
5.951496369025346400e-01
6.034415796999884618e-01
6.139080258271125690e-01
5.934040094607170301e-01
6.020337528635454349e-01
5.762827134418152530e-01
5.956794516339619650e-01
6.207395663797299346e-01
5.578365264494975495e-01
6.627016724392014169e-01
6.547547368571786652e-01
6.541976060037285601e-01
6.632174906286868454e-01
6.342168671113540546e-01
6.098032190866630176e-01
6.201158855448302143e-01
6.111507858816529470e-01
6.186560052675176280e-01
5.772812973122575242e-01
5.915338799328541119e-01
6.143472866289407808e-01
6.239991534103203064e-01
6.198432301449294801e-01
6.201135795241329296e-01
6.304151711560795901e-01
5.808163779137425209e-01
6.217810952190979679e-01
6.134344450966642270e-01
5.988875113476820333e-01
5.983220485597611216e-01
6.322450387526695748e-01
6.549737019451160602e-01
6.165809917570306276e-01
6.461736929422237097e-01
6.323063098318992825e-01
6.204455058560203184e-01
6.341637979292988891e-01
6.274612515101793964e-01
6.596738053729049867e-01
6.206425454686399501e-01
6.105797286999095075e-01
6.146161850971149088e-01
5.952394982457641648e-01
5.740405064706769478e-01
5.703557667351079052e-01
6.175483573464257692e-01
6.095478854605141938e-01
6.665438839200754639e-01
5.979376002372320809e-01
6.115718570744061999e-01
5.872901016282522368e-01
6.129074775863277980e-01
5.799780543618865414e-01
6.119314263368114126e-01
6.155032332816690044e-01
6.399243903351862217e-01
6.641273442621548062e-01
6.399846686665513484e-01
6.718923590845905514e-01
6.227488146692855553e-01
6.302213697678318294e-01
6.109529839324774336e-01
6.210477545073957995e-01
6.555050607292107756e-01
6.486162107266043586e-01
6.392576060605151822e-01
6.598484125733867778e-01
6.482874018619714240e-01
6.528106642578710428e-01
6.848158569672633256e-01
6.374998184112956601e-01
6.929854808471871408e-01
6.103357547492503921e-01
5.953123241516220521e-01
6.428753357884937625e-01
6.330797936305655460e-01
6.039908096044099839e-01
6.173551285848163372e-01
5.879348576508225399e-01
6.192338402248054319e-01
5.898509599497174793e-01
6.125879036619044093e-01
6.078390185828506098e-01
6.509216681996772280e-01
6.688728645942100259e-01
6.611649545867406275e-01
5.928506492084404389e-01
6.105792496269837333e-01
6.481977835673732313e-01
6.291654357767715311e-01
6.271301916930072107e-01
6.190381816604021425e-01
6.224450014914326701e-01
6.333855980345116654e-01
6.129302304359348641e-01
5.972644066928688433e-01
6.217139965890348119e-01
6.108115400399287687e-01
6.404215785791285143e-01
6.275253386012710211e-01
6.046370432563156205e-01
6.233922182218571972e-01
6.162365335680199951e-01
5.966560806623284474e-01
6.117095002300526607e-01
5.810472298304061312e-01
5.934193531968128266e-01
5.684449501761292822e-01
6.168628811967383774e-01
5.857764246973395927e-01
6.063948856587800806e-01
5.923977967635931652e-01
6.070127130239486579e-01
5.988827341047436859e-01
5.928145818538531620e-01
6.079567117858333258e-01
5.687822428990103596e-01
6.246032454431427183e-01
5.937096145008072812e-01
6.003270397044518925e-01
6.245976975088132210e-01
6.510973721881944121e-01
6.264064545114820248e-01
6.396857834060176717e-01
6.192390165951040526e-01
6.204483302784405963e-01
6.389756131020256635e-01
6.421854444746605273e-01
6.365616421763070631e-01
5.943232738009004423e-01
6.147305638588826948e-01
6.272009168686401015e-01
6.324980044592981576e-01
5.913107471854686104e-01
6.167230650254915680e-01
6.031804922407870695e-01
5.885245818933160233e-01
5.833939045984284366e-01
5.568727683438265963e-01
5.813473906965811455e-01
6.304993652013054506e-01
6.303389237060108563e-01
6.059516280433527857e-01
6.021903116424067726e-01
5.890020422599520078e-01
5.906749010367391417e-01
5.992475346819703397e-01
6.316268070309031257e-01
6.071156161240962579e-01
6.008274408810895251e-01
6.111540759877984730e-01
5.395455171716646570e-01
5.635175618737873204e-01
5.665756840994105037e-01
5.809713954161054295e-01
5.623447374622236872e-01
5.959648291894479311e-01
6.359236258503061512e-01
5.663905405572443597e-01
6.109247775637705047e-01
6.068032238680971524e-01
5.992249931789747075e-01
5.962469877063962809e-01
6.059617678061293145e-01
5.962419326245776974e-01
6.244218591014950581e-01
6.288194173176405721e-01
6.315136625340663779e-01
6.032669421153211697e-01
6.170753515397794375e-01
6.166639029989822163e-01
6.068599825271857595e-01
6.180513751572161985e-01
6.148529536947224816e-01
6.216689029725624982e-01
6.324969100265310784e-01
6.313000651531509577e-01
6.059837284655098522e-01
6.472890237297883598e-01
6.137781495740775028e-01
6.051352683791461073e-01
6.055524874185025386e-01
6.546398023157189439e-01
6.023553547904564320e-01
5.860934369589456683e-01
6.043905707354325640e-01
6.318867646478523170e-01
6.193115383255454187e-01
6.023069956235914679e-01
5.931562592647247056e-01
5.766229879545489156e-01
6.049536123985801428e-01
6.301609152553777626e-01
5.835817124802219480e-01
5.855922794154970745e-01
6.111287772385436412e-01
6.067192614474264944e-01
6.216629598411035351e-01
6.310606610059049659e-01
5.552690038437223530e-01
5.787262527168769433e-01
6.051701806550834339e-01
6.034716261942438820e-01
6.137294264192313387e-01
5.910568074237467773e-01
5.598380376041608431e-01
5.954997186516848284e-01
5.832542930570884243e-01
5.741281966504721002e-01
6.111685184721160624e-01
5.919716648530934933e-01
5.935066223975907773e-01
6.008394866208763840e-01
5.720500394416125900e-01
5.948106233973097234e-01
5.973569026023363149e-01
5.875474425483252494e-01
6.344335703866172960e-01
5.818818431811985104e-01
6.268742584055465583e-01
6.123205543815459784e-01
6.075893354668806534e-01
5.988257314630782702e-01
6.161916804128162450e-01
6.444268257642582487e-01
6.017631280381954273e-01
6.562301657766558272e-01
6.208270467194877407e-01
6.541849340039420646e-01
6.084433475692035964e-01
6.325581871512889753e-01
6.082746622569012995e-01
5.967811079261482465e-01
6.213978781320139699e-01
6.288741923179668181e-01
6.229476249320764492e-01
6.632471627033644790e-01
6.005924091956347244e-01
6.034523455813959325e-01
6.385158442651751587e-01
6.286421155176505904e-01
6.172018369407308302e-01
6.190713132687108988e-01
6.167431848354880675e-01
6.103558767879974090e-01
6.439547330266188752e-01
5.996681307660197691e-01
6.259267883802929200e-01
5.618809606212437080e-01
6.231568829281515232e-01
6.120027799775553667e-01
6.456992942873309715e-01
6.276846429477027645e-01
6.144357480913014147e-01
6.348913700055310860e-01
6.250894548412094798e-01
6.151558212165935124e-01
6.520428242533247154e-01
6.267802556020616311e-01
6.081621067716158624e-01
5.820828253648622219e-01
6.215723919899355243e-01
6.346494808472686877e-01
6.363728017821494998e-01
6.862258255875526292e-01
6.874723178749428953e-01
6.209894083706783974e-01
6.479830498479621781e-01
6.481482976750653213e-01
6.458270760225826024e-01
6.169151465577448201e-01
5.975728818604023607e-01
6.061111515843953246e-01
5.713903712304716498e-01
6.370251386216775336e-01
6.268551260640340406e-01
5.944902401406728654e-01
5.842409026289598906e-01
5.888026153721882539e-01
6.353824812345333362e-01
6.339740211635969125e-01
5.780812315920920152e-01
5.951064820867999483e-01
6.114081205464578783e-01
6.159190655008471849e-01
6.287527989785114402e-01
6.192772946469399242e-01
6.068361604066989656e-01
6.073420440767572925e-01
6.292856744959910431e-01
6.169244235284689903e-01
6.013643574063278763e-01
5.829925124686432536e-01
6.083903784864633790e-01
6.189158237876444257e-01
6.045665735901856186e-01
6.185190275804386406e-01
6.453218615331928198e-01
6.315782492637467271e-01
5.958711153464908428e-01
6.375492000807740922e-01
5.803089000919514628e-01
6.051034117708754545e-01
6.509284947191146253e-01
6.349909314233910251e-01
6.293682962592374031e-01
6.220044597737020009e-01
6.104449546017693962e-01
6.021012253028725780e-01
6.021031144336477237e-01
6.206034418148378418e-01
6.075047929150794168e-01
6.344426732912814559e-01
6.351460345609545310e-01
6.484239396655522292e-01
6.296765315275162367e-01
6.000685565946205502e-01
6.152807162579987388e-01
5.902675403417358968e-01
5.962660789737337375e-01
6.399266604610300835e-01
6.083737781175417858e-01
5.897031050980670042e-01
6.002597527645403552e-01
5.649508867597237138e-01
6.196060004239283270e-01
6.167050823126418724e-01
6.091377284772404588e-01
6.048378143094496062e-01
6.404867853342538497e-01
6.385209965296670953e-01
5.940198720421965284e-01
6.159659414248684906e-01
5.923987277828816067e-01
6.053568286634239959e-01
6.207013727372868717e-01
6.302932644616903168e-01
6.234264466002341631e-01
6.158230188845583708e-01
6.047205645907555160e-01
6.113308982379985768e-01
6.152551915233467339e-01
6.447263852552600483e-01
6.185099801716283929e-01
6.289663379825928269e-01
6.536956124106758637e-01
6.286455518860837310e-01
6.093032963791719103e-01
6.564546184422095365e-01
6.238957285684827436e-01
6.203696636929165731e-01
6.207423777594527348e-01
6.406956534390005897e-01
6.383606535851934494e-01
6.064008372309920292e-01
6.024588547986098330e-01
6.011477876535323839e-01
5.909679890149907022e-01
5.941060761997914996e-01
5.826324491143933804e-01
5.686424747819600611e-01
5.986940720400210081e-01
6.003693675909732574e-01
5.964714610818457885e-01
6.037418688302839120e-01
5.920376912920658485e-01
6.013207344643008989e-01
5.952249509324968324e-01
5.871985521668003916e-01
5.693687863660076287e-01
5.783831296087602603e-01
5.690466813132827317e-01
5.704450251361541380e-01
5.347345690143430197e-01
5.696588760962493225e-01
5.399984411573272025e-01
5.978392155799032714e-01
5.881065667287984633e-01
5.887458276541330804e-01
6.164569591843800378e-01
5.972355078196283085e-01
5.897743521674353451e-01
6.216581822844157168e-01
5.809165407882611598e-01
5.959602979178844073e-01
5.935979990075213042e-01
5.818814113281638445e-01
6.105884328627534385e-01
6.249290876480283474e-01
6.260510357069883902e-01
6.474947769845774692e-01
6.373072572136884162e-01
6.149654450133513750e-01
5.894361454134502409e-01
6.247710811934289454e-01
6.029845779593984156e-01
6.187080599296894690e-01
6.692743429715067860e-01
6.070787122413080494e-01
6.688888970975078729e-01
6.711502716826437398e-01
6.508813216295363802e-01
6.129134890899891053e-01
6.373622417033679710e-01
6.520287362489081140e-01
6.243463154745959587e-01
6.024542589438637297e-01
5.706518348473161861e-01
6.258478941040974686e-01
6.249778146731433948e-01
6.192895352338348980e-01
5.985318516409801060e-01
6.006705089291972666e-01
6.450335876460864259e-01
6.368062527545587104e-01
6.649427216174590427e-01
6.434674317274571287e-01
6.164182428159218352e-01
6.351887258209989451e-01
6.919462526174902095e-01
6.506174118747083401e-01
6.262486976825331064e-01
6.869585013682621977e-01
6.625897215282589015e-01
6.501099608449439904e-01
6.102324333783746280e-01
6.270472500779268321e-01
6.502269342242513739e-01
6.259044679060852268e-01
6.150490618632377116e-01
6.549627253454632925e-01
6.363079049827762290e-01
6.532430715198975779e-01
6.151837339153948259e-01
6.289410220309741284e-01
6.280860014531083335e-01
6.123976488987127320e-01
6.377005060651992352e-01
6.396570456809971272e-01
6.533049881604264808e-01
6.435084265612638355e-01
6.060680483676603725e-01
5.640878155797391935e-01
5.568464809131162818e-01
5.796461752432569003e-01
6.057191878750027847e-01
6.013145167388165291e-01
6.318430449458140030e-01
6.004461067246354977e-01
5.892337140396066708e-01
6.034211781861134050e-01
5.974810367278590162e-01
5.987570366299437286e-01
6.537290683389843648e-01
6.396035867501658201e-01
6.125581630567288327e-01
6.348165948317091578e-01
5.885685438297696415e-01
6.166213909876355759e-01
6.055715952474638453e-01
6.181448813862381320e-01
5.723171554747363832e-01
5.814723113976982827e-01
5.638732015133059994e-01
5.910102933512385581e-01
5.769831806276987107e-01
5.991160783590544492e-01
5.760175235847464492e-01
5.779999105344364452e-01
6.001042951194461850e-01
5.736731846785201316e-01
5.774994607512894396e-01
5.897089517456914898e-01
5.847434656186299984e-01
5.883942010130075451e-01
5.811950922869535408e-01
6.289089179449055544e-01
6.198438110478072804e-01
6.209075460772504051e-01
6.056587670402029389e-01
6.227230504692310431e-01
6.650100863563837006e-01
6.469388340679849136e-01
6.102130856712021378e-01
6.087439167687671571e-01
6.246477958670632047e-01
6.082948134483388003e-01
6.199661599949559676e-01
6.109675441259851958e-01
6.183750397419168765e-01
6.176165009010116114e-01
6.155120655721637579e-01
6.369899809248514844e-01
6.425479561664571015e-01
6.281916428796598950e-01
5.774406160213942929e-01
6.393399330010876014e-01
6.189254990122707856e-01
5.981831929596498343e-01
6.168717473735300105e-01
6.189731402079302613e-01
5.971341378369882102e-01
6.000655613450726067e-01
6.090225153630567378e-01
6.046948698466826366e-01
6.047793267785872562e-01
6.159975425753304590e-01
5.784886799228545762e-01
5.981244227858858453e-01
5.516962503796818407e-01
6.283388091481281190e-01
6.042673545414233294e-01
5.909515598121641844e-01
6.109985579635761610e-01
5.872234996554923647e-01
6.146549658456046394e-01
6.191104306374052291e-01
6.152461032910033767e-01
6.180927942971059519e-01
5.884091627889455056e-01
5.671817502629995511e-01
6.141639872298945146e-01
5.906317143855157603e-01
5.753737535217742227e-01
5.973988028113343951e-01
5.860153901273618127e-01
6.103213513986222027e-01
6.097348234119102095e-01
6.225921693117881794e-01
6.116822248117300687e-01
6.120094160334065281e-01
6.173747326378489220e-01
6.684825631093903597e-01
6.306671034495618944e-01
6.135121009987846152e-01
6.207115546843271492e-01
5.764461758330572394e-01
5.683424219223713880e-01
5.979566971548893051e-01
6.667279785536377457e-01
6.412465014242219041e-01
6.137700341569765072e-01
6.059675722918265173e-01
6.060411519281054815e-01
6.188047116424854055e-01
5.944355726230952097e-01
6.367408342497024032e-01
5.963023222261023548e-01
6.228092880537495768e-01
5.824378138994746879e-01
5.928171050183845825e-01
6.396446123426637875e-01
6.128838936671664461e-01
6.254901617834653926e-01
6.016420196954461730e-01
6.259814430768576576e-01
6.160599943466243955e-01
6.219386073780800439e-01
6.340679779877119726e-01
6.424197216098029850e-01
6.245605314765944049e-01
5.902368075108095358e-01
6.103431888730647126e-01
5.845279415466216877e-01
6.179543801035287665e-01
6.403146229005068912e-01
6.076481382189077296e-01
6.174611217865353385e-01
6.418658962360801468e-01
6.332838585616439309e-01
5.954001507617328048e-01
5.702741571222565975e-01
6.128214886923806226e-01
6.391013315122661131e-01
6.155496572481510276e-01
6.028468509286037946e-01
5.781150779665248374e-01
5.786103947895281374e-01
6.235089103294477741e-01
6.153866336987311447e-01
6.214554308187413278e-01
6.201601029481099703e-01
6.083055633824016040e-01
6.332324910932900508e-01
6.126107282004134014e-01
6.177401325282861899e-01
6.077868846386095258e-01
6.293290146095050774e-01
6.137735865270065316e-01
6.439866487685949048e-01
6.202070247745606890e-01
5.884537527395524714e-01
5.783897265580484337e-01
5.846865030146849440e-01
6.014950531698830538e-01
5.902848274721722577e-01
5.835619954560555822e-01
6.227031528834199303e-01
6.069627841157023695e-01
5.936926941101332567e-01
5.875096494171396788e-01
5.541258567736996321e-01
5.906256434640773101e-01
6.072190940031170214e-01
5.630147057929926202e-01
6.411994795718661821e-01
6.085462757982799120e-01
5.740868810140619116e-01
5.884882995517676241e-01
5.813833384788751335e-01
6.103780012355127793e-01
6.058824745920183830e-01
6.056887974871505431e-01
6.003141475861101251e-01
5.834905757541897220e-01
6.110585995360097167e-01
6.144666369456147637e-01
5.876169522978077486e-01
6.217271497908052336e-01
5.785407858401141468e-01
5.809697200263875816e-01
6.226852358265385634e-01
6.215808121681890563e-01
6.025194277945281618e-01
5.887371728661310311e-01
6.113604480678886954e-01
5.992205039032120206e-01
6.062959723030173498e-01
6.172366505068745957e-01
5.850638879761068667e-01
5.890453752134807708e-01
6.176570230548924512e-01
6.017942060149439332e-01
5.920508549117695640e-01
6.142833524960991110e-01
5.893134886351922841e-01
5.591614940005961154e-01
6.277011079249182890e-01
6.182635085863159574e-01
6.059512927130941140e-01
6.058851374174195614e-01
6.302155703323041314e-01
6.297293991673401647e-01
5.970422122274061660e-01
6.048132239720745984e-01
6.152512447831571807e-01
6.047526306159648479e-01
6.884888166394319553e-01
6.141056721173900890e-01
6.423015945342768207e-01
6.247381798807802866e-01
5.736048355214983241e-01
5.780335520877437627e-01
5.525330627809066364e-01
5.512273501937260400e-01
5.846305498109511944e-01
5.766975438782699914e-01
5.661569935677929211e-01
5.692684689685850730e-01
6.054794528237725793e-01
6.008809027687675997e-01
5.844252819266740895e-01
5.548072462441314689e-01
5.983440221227934730e-01
6.028089490857917454e-01
5.513522044461239835e-01
5.496804204281511286e-01
5.625299510810795045e-01
5.843396069997106590e-01
5.991760503098206847e-01
5.739410548703980375e-01
5.894458473696841949e-01
5.711357513567559829e-01
5.885761112307806853e-01
6.187220061286828887e-01
5.883660748828054565e-01
6.008535982969616107e-01
6.194780269454756017e-01
6.437115880693146108e-01
6.250990528301549887e-01
6.199534581359275043e-01
6.116618769818739088e-01
5.956341676858565304e-01
5.734763657085408806e-01
6.169837003353992877e-01
5.968697543409073880e-01
5.906474992418784264e-01
5.669906578907438766e-01
5.903889290429509273e-01
6.007368699768358411e-01
6.034739974876673907e-01
5.879588281893596280e-01
5.858704282056464985e-01
6.124189885291401181e-01
6.327795912068572282e-01
5.852307345868784649e-01
5.798182862584944086e-01
5.709894670036850250e-01
5.826243910274225835e-01
5.986319089864572396e-01
6.013201138922774636e-01
5.958662241893897260e-01
6.075519095991793739e-01
5.949082054711190004e-01
6.026692765087564574e-01
6.237139415647680041e-01
6.143551296798560601e-01
6.244833578353202741e-01
6.719258017991558418e-01
6.333662475712926732e-01
6.402699729483003477e-01
6.216486501239897322e-01
6.493891474314626988e-01
6.296917777357725621e-01
5.974416013402019665e-01
6.259575157870975737e-01
6.301987777176406569e-01
5.974525693542148685e-01
6.130008943304335878e-01
5.969636370075447340e-01
6.300083317130380500e-01
6.116370861427182781e-01
5.862297900754078750e-01
5.941007214654815405e-01
5.864397002099797085e-01
5.666858674615741220e-01
5.681963462519404873e-01
5.806569278512040411e-01
6.094131471669534950e-01
5.733063922374710408e-01
5.872855943957127067e-01
5.891946641767425996e-01
6.015660372986046944e-01
5.894854661258598361e-01
6.090993414415246665e-01
6.080883519002272530e-01
5.995796401553296073e-01
6.267952362926254573e-01
6.406549409902536629e-01
5.885808583851832587e-01
6.379051684367254005e-01
6.247685308458713616e-01
6.268538763830967531e-01
6.547257103191245209e-01
5.628737064311599703e-01
6.037712115078005537e-01
6.082572080041783735e-01
6.362235731485684775e-01
5.903808495372220300e-01
6.297393081431148509e-01
6.291006512546863938e-01
5.850419768948134092e-01
5.774743827372177396e-01
5.964169479191769874e-01
5.774566243431772383e-01
6.276962592929372642e-01
5.997808698986401010e-01
6.131329083947500980e-01
6.347825637629239681e-01
6.302758385511305628e-01
6.139148265906411162e-01
5.893436143905184110e-01
6.118903481676528644e-01
5.958059252623151281e-01
5.575183727168593339e-01
6.307282269860207125e-01
6.036972956387983702e-01
6.357124519487917791e-01
5.933212209113370994e-01
6.087665828640638210e-01
6.316955550479816939e-01
6.571931709693463741e-01
6.702798731962275047e-01
5.904495980278351430e-01
6.491306513997203709e-01
6.404620050228454486e-01
6.223876315589401687e-01
6.023557189365363884e-01
5.788496431425202982e-01
5.759191545111921329e-01
6.079849562826478149e-01
6.141276184294764962e-01
6.294973555551487410e-01
6.217344953330879997e-01
6.377752876771535240e-01
6.674775365656460124e-01
6.227230531150642623e-01
6.291833185719289956e-01
6.291398694405054837e-01
6.200051118891315438e-01
5.781039991144203416e-01
5.891579398401000089e-01
5.906952145219166450e-01
5.982301218655973196e-01
5.996892724179591072e-01
5.785550128105766410e-01
5.919471515960852415e-01
5.840370380985182575e-01
6.057719825173741857e-01
5.486988875298768331e-01
5.489510790530354178e-01
5.423786918683618508e-01
5.866590948958613216e-01
6.277739608233016133e-01
6.452632798430962824e-01
5.660156524062753824e-01
6.442520173174541842e-01
6.672024424159865852e-01
6.500854701346484577e-01
6.305827280206917074e-01
6.221804425474433131e-01
5.859853340658804921e-01
6.215517671456142201e-01
6.352245274862721169e-01
6.141430680934485409e-01
6.256517325326885759e-01
6.049151667011066769e-01
6.281591253031704181e-01
6.161180059800348552e-01
6.079255173200923679e-01
5.911245562986109370e-01
5.742142428470905502e-01
6.144808997031641074e-01
6.041877621605723503e-01
6.103342051514768496e-01
6.212193384910785765e-01
6.014132113740614516e-01
5.948351093339397933e-01
6.216160619192206971e-01
6.169557589742181714e-01
5.896813910557399119e-01
6.234822857319295419e-01
6.414192732000909558e-01
6.364631207001113511e-01
5.966533729131258124e-01
6.258986716135949147e-01
6.339108678436545796e-01
6.190287915050690648e-01
6.483142115555310392e-01
6.059925421440599536e-01
5.829263860361906247e-01
6.140227521822415602e-01
6.215381566020172777e-01
5.993277687693422395e-01
6.129470114271026171e-01
6.474482731586148621e-01
5.894049316233015423e-01
6.426910056117840497e-01
6.433516822496467835e-01
6.298122031907069651e-01
6.117417692159545783e-01
5.837077897782444458e-01
6.228931812398470491e-01
6.622610982601612184e-01
6.476300992512723509e-01
6.185601248231105131e-01
6.169865854565582675e-01
5.969260850198803148e-01
5.999871683715527482e-01
5.654807116439841685e-01
5.589976240278035080e-01
5.542274864536871348e-01
5.845274698997122709e-01
5.778590926350681833e-01
5.739587309598590537e-01
6.126742010008415784e-01
6.192131454149760739e-01
6.041845004806463137e-01
6.103677644456911855e-01
6.284260694467813657e-01
5.736521303006298922e-01
5.860719291157004962e-01
5.689450010002063962e-01
5.981327551964092937e-01
6.195875056489660304e-01
6.075601840965949574e-01
6.159066487440368887e-01
6.191379114233991343e-01
5.891581012402313799e-01
5.754258423102281972e-01
6.217306915447954330e-01
5.944063199997008384e-01
6.270986346678094625e-01
6.109896825964860057e-01
6.134907477241814400e-01
6.498509413415881619e-01
6.076165266708347668e-01
6.229443159558243348e-01
6.521361693042730945e-01
6.691714315272787594e-01
6.108247561167030604e-01
6.391268789515708315e-01
6.519551242285789305e-01
6.199341977357798461e-01
6.241658277435172542e-01
6.171347211113520359e-01
6.052838740758746949e-01
6.065291932892565852e-01
6.346518875022070239e-01
5.881668902325094539e-01
5.813310592672783494e-01
6.234391316984799758e-01
5.884688568303684253e-01
5.951334587128860321e-01
5.959387251664114427e-01
5.721408897120013881e-01
5.972279382864154051e-01
6.064185645475438369e-01
6.264775634233706869e-01
6.432713118739527003e-01
6.083957088721350104e-01
5.953485856289986167e-01
6.363833146866139101e-01
6.300289497788631454e-01
6.172801000896143142e-01
6.174974073963238608e-01
6.298312198258143590e-01
5.996326983916069331e-01
6.233391379333772520e-01
6.205859353256278910e-01
6.408362834235705741e-01
6.022018518218836824e-01
6.349301150811768046e-01
6.260350948137975990e-01
6.549501337994941830e-01
6.067255330109962985e-01
6.155352228454182839e-01
6.301922144719763752e-01
6.165370780925639727e-01
5.889042872484041569e-01
6.411592127008368669e-01
6.105905634799588810e-01
6.229049694537125426e-01
6.228946348848148906e-01
6.253094933388684273e-01
6.106369710278520824e-01
6.030320607760745188e-01
6.074949915583666149e-01
5.794046834854940098e-01
5.905940655860333344e-01
6.079088245399538737e-01
5.950453731435041416e-01
5.951439028270679721e-01
6.147724006225475657e-01
5.751178413431460301e-01
5.667206630816974400e-01
5.781306546527310575e-01
5.599529928273458967e-01
6.372398525055775753e-01
6.076933932940939975e-01
6.282759305261722549e-01
6.418396967535965336e-01
6.429663762328058363e-01
6.154386465926338090e-01
5.664637146389523981e-01
5.822167947582763681e-01
5.633364091337518254e-01
5.977093661441144068e-01
6.504514689495445312e-01
5.739787444047472764e-01
5.823681155113643593e-01
6.007808479201017793e-01
5.510653712097355328e-01
5.844512658283164130e-01
5.783221789680446090e-01
5.857754039912423938e-01
5.921211260364194207e-01
5.731385663786723317e-01
5.580994850389984219e-01
6.097278884180191705e-01
6.177435910515504114e-01
6.227532131769041301e-01
6.252827129714766397e-01
6.587560978771553888e-01
6.333815388268191349e-01
6.427439176067309967e-01
6.377678090167593350e-01
6.188809550652187852e-01
5.899012596125432495e-01
6.207670251503013548e-01
6.451816403540603373e-01
6.522369303121358097e-01
6.273673524800211787e-01
5.793863216809087557e-01
5.985138581484287235e-01
6.106771859319810591e-01
6.265898353230623385e-01
6.276066930419241796e-01
6.043714429464459581e-01
6.143650309117379971e-01
6.295402380389902852e-01
5.854370422422590092e-01
5.947457847623226490e-01
5.856599741041897955e-01
5.789359750654555770e-01
5.710769392025486502e-01
5.778437222836315668e-01
5.714104043204095706e-01
5.556800894539534186e-01
5.881180812182965623e-01
6.184361501219493018e-01
6.055988397289766567e-01
6.269694333055784163e-01
6.330900793167820728e-01
6.241103448206383186e-01
6.269879215897450342e-01
6.401934725655469283e-01
6.428707230607537682e-01
6.108343057953635746e-01
6.066762520589108476e-01
5.852341740268154346e-01
5.938620776003968871e-01
5.678108989372713244e-01
6.111757550315539689e-01
6.186392160732747669e-01
5.696036746621842006e-01
6.047602151097012380e-01
6.080816339020421735e-01
6.182138048382976869e-01
6.006314382726787304e-01
5.992717756422236697e-01
6.092611759710823138e-01
6.276060567021444214e-01
6.243140513798889346e-01
6.140969843626810087e-01
6.056521443707406638e-01
5.856513161597496353e-01
5.825057427536817212e-01
6.128325113623892539e-01
5.874288593953014281e-01
6.082043713997554724e-01
6.271141830510117421e-01
5.732566324805694613e-01
6.115900997054246613e-01
5.869648353984473488e-01
5.679375101337184040e-01
6.226441031610857602e-01
6.223707977966372873e-01
6.101081535249864851e-01
6.366336470449290852e-01
6.363823768931591296e-01
5.896288019192257313e-01
5.817517766553963465e-01
6.408365441643257832e-01
6.262526692392720307e-01
6.151105910851305536e-01
6.218622338404395933e-01
6.265830265250036391e-01
6.251554554623147686e-01
5.644843528646941166e-01
5.977675848208049425e-01
6.092094514562130803e-01
6.315091456428637562e-01
6.415757458137779645e-01
6.162886856071195796e-01
6.375424988539682980e-01
6.152333327104509975e-01
6.472571321231557206e-01
6.176078840445166085e-01
6.186336109514541937e-01
6.048775735427979194e-01
6.111508825872936645e-01
6.111055167166494773e-01
6.068900877768997892e-01
6.094729755490656542e-01
6.276368849590550081e-01
6.454758932566184715e-01
6.011533436513746276e-01
6.229979723893213084e-01
6.277392459245211276e-01
6.426390601868352537e-01
6.547818071725860500e-01
6.208447693801671941e-01
6.555458160812971391e-01
6.028039622086377447e-01
6.168017249530481916e-01
6.232737854849159653e-01
6.386990971366577341e-01
5.964813836689240034e-01
5.875055799229519371e-01
6.217210294330467457e-01
6.237353071038236330e-01
5.940295387844665154e-01
6.158371182664037491e-01
5.755860835013443255e-01
5.823370917428691840e-01
5.682793762221137746e-01
5.874376732239867671e-01
5.575431525350001971e-01
6.137131987773714048e-01
6.316281421650569161e-01
6.127506571176155603e-01
6.401561244744032875e-01
6.111676305259227115e-01
6.012654173018151527e-01
5.478006449888346285e-01
5.840316664167951588e-01
6.098029085411011962e-01
5.536846524451309870e-01
5.672793843163517202e-01
5.433806477775322552e-01
5.787296515026029153e-01
5.576071358102756559e-01
5.880563474503024413e-01
5.975186691647903503e-01
6.055854087426373322e-01
6.189778504408977033e-01
6.214862061687204120e-01
6.504127340544874070e-01
6.424829083053298362e-01
6.196692479673306941e-01
6.371524183078004500e-01
6.136427078842233707e-01
6.221017808204580835e-01
6.052893404593274740e-01
5.974288227836329623e-01
5.947608965706867590e-01
6.231658736699592360e-01
6.297279703256728478e-01
6.323506280921189493e-01
6.362897961264496471e-01
6.473291643407673712e-01
5.660201752208835480e-01
6.155897717501803701e-01
6.031298639550738416e-01
6.132833007441425011e-01
6.073531805512074611e-01
6.254157690964294858e-01
6.059482052947130493e-01
6.105238045844187944e-01
6.191037849001468363e-01
5.686480100770017199e-01
5.773277052690106714e-01
6.210394523246478560e-01
5.902909884581041267e-01
5.957316138191725008e-01
6.428502001682641076e-01
5.844236266963354076e-01
5.912966894395409456e-01
6.283898781081374008e-01
6.107378699394698796e-01
6.211202075265783717e-01
5.854731361436089632e-01
5.449817827737322151e-01
5.724803741672666035e-01
5.757253505426566109e-01
5.723916126554740025e-01
6.110184085835204115e-01
6.065888607989564640e-01
6.263304663113847814e-01
6.506554869788295781e-01
6.020407507798871682e-01
6.158487361390077020e-01
5.863215620913909687e-01
5.757382372221565570e-01
5.777494762539784334e-01
5.710529715207333101e-01
5.920633957295837746e-01
5.896417018935046217e-01
6.136160854716414814e-01
5.883127159863864586e-01
6.336886874801643810e-01
6.024647291130189597e-01
6.189633800291538535e-01
6.302524236647650824e-01
6.118521145653237348e-01
6.416652129916315950e-01
6.344818935766577406e-01
5.753110697348229330e-01
6.016558030033440918e-01
5.878736091271539177e-01
5.812105721814005976e-01
5.859328694754186717e-01
5.415355963424949293e-01
5.859651624035921991e-01
5.867627085934603581e-01
5.786224177110161904e-01
5.852805264647390482e-01
6.255752037616884031e-01
6.026731424494399247e-01
5.869947432415548727e-01
5.869421038331513740e-01
6.058836677791686887e-01
5.772341737676638385e-01
5.875952510115404204e-01
6.279825034048718280e-01
6.238489522855968916e-01
6.256398829909476378e-01
6.287871789881962492e-01
5.885141253705638009e-01
6.162005594144650544e-01
5.748603304526420654e-01
5.804570020202605152e-01
5.875448904166494790e-01
6.123930277077846984e-01
5.867312419645693833e-01
6.223643813110699696e-01
6.401692250938492146e-01
6.151106314541981979e-01
6.090163780320555498e-01
6.728065624695335201e-01
6.740628044760247350e-01
6.519464923083468921e-01
6.453901320751069814e-01
6.012696271077891952e-01
6.306868712865248972e-01
6.161637759658488145e-01
5.794226144909043752e-01
6.003088174797744925e-01
6.054216594451657940e-01
6.308401172926380029e-01
6.131414097394877194e-01
6.467783037890501019e-01
5.951177371467043509e-01
5.673572421103808550e-01
6.573831697057265222e-01
6.009242077404797211e-01
6.379525651233937111e-01
5.984267681984003495e-01
6.135999594948003955e-01
5.930801061528822027e-01
6.223812088892269889e-01
6.247046614671645237e-01
6.150289614045519881e-01
6.194278779116271227e-01
5.790920547930414886e-01
5.651487516735439476e-01
5.997011191579131317e-01
5.970714793584859237e-01
5.949395801846117937e-01
6.105754786487695984e-01
6.078988333517003628e-01
6.259475680221394667e-01
6.278803399050378875e-01
6.087977625483921296e-01
6.163065862203592760e-01
6.498386717915067834e-01
6.254701054230902280e-01
6.447691925374721134e-01
6.482563281481169559e-01
5.949432427681404789e-01
6.103080422994999754e-01
6.376126737614864481e-01
6.602533657690614621e-01
6.698195457852981205e-01
6.502944129856270683e-01
6.752341723882889779e-01
6.680472231371995528e-01
6.726352454707679174e-01
6.453796941052888370e-01
6.701288882027576221e-01
6.694341202431822735e-01
6.246163173364978061e-01
6.635691834440770043e-01
6.013680658070333918e-01
6.326200249144929844e-01
6.139889832485169174e-01
6.094570026666946694e-01
5.897464085820389723e-01
5.596713737342877693e-01
5.772231428007108534e-01
6.027419614374533996e-01
6.078105507090998394e-01
6.171632644958841007e-01
5.858279545593892967e-01
6.099737960003959181e-01
6.222731004485819728e-01
6.239900438852979958e-01
6.071545465925943796e-01
6.493827640214065999e-01
6.027168244820265697e-01
6.250934855737343421e-01
6.240099660050900665e-01
6.465437069894827138e-01
6.199686922383217391e-01
6.240041043114070707e-01
6.118659684516932762e-01
6.069830327570426842e-01
6.159057137812236071e-01
5.969923604042822740e-01
6.106682512508793126e-01
6.100168227719839908e-01
6.126965229920666722e-01
5.966656981259105264e-01
6.178890586559346865e-01
6.629902201234478820e-01
6.493848459077888879e-01
6.050371859635949034e-01
6.269083776330760527e-01
6.254869043012453167e-01
6.008257916030744772e-01
6.061666595686567849e-01
6.363611064343979162e-01
5.990065235810603239e-01
6.126966712910231205e-01
6.394769616012613289e-01
6.412408649612307832e-01
5.907234085501859022e-01
6.139063779157634126e-01
6.192419928858852174e-01
6.247356909110484136e-01
6.320359605211106624e-01
6.325953101182981708e-01
6.092772310532441615e-01
6.407802420191731629e-01
6.054441463309033766e-01
5.805916261662542599e-01
6.150947603404027797e-01
6.030939288910431850e-01
6.090441341378940443e-01
5.900732408040674226e-01
5.877839851799859794e-01
6.027483401283906250e-01
5.712956998003282383e-01
5.776896369014763444e-01
5.839620868130710463e-01
5.929486921139650590e-01
6.326934906368153477e-01
6.416624474364402975e-01
6.088555905531878309e-01
6.742856650253730155e-01
6.069161497548672957e-01
6.041176429706316409e-01
5.882831046571026512e-01
5.943085445564628699e-01
5.833031825483986355e-01
6.124265664308488066e-01
6.259764544224680760e-01
6.090055152967518426e-01
6.064581199399959877e-01
6.038580266317449263e-01
6.226837046248054897e-01
5.997219644528264393e-01
6.001705336974801908e-01
6.241381142101831703e-01
6.580799577084200935e-01
5.952583469268296623e-01
6.464719267245452317e-01
6.321289511598130462e-01
6.500288350962539763e-01
6.657857062144133531e-01
6.245399071458698215e-01
6.543504765224271713e-01
6.213166399613905266e-01
6.095329550622208270e-01
5.829402630602655844e-01
6.182828392506865001e-01
5.771198925943207270e-01
5.770637163451273199e-01
5.714342748557009743e-01
6.466390627082003739e-01
6.090666189600350000e-01
6.052225953666658942e-01
6.416497505108769150e-01
6.272363580160196239e-01
6.339708786729213452e-01
6.742906544144342540e-01
6.480076828421031943e-01
5.541248749974850840e-01
6.171175458961147831e-01
6.500399702152623860e-01
6.045696535814993888e-01
6.075141202515706995e-01
5.962480733018279411e-01
5.623697809705965334e-01
5.565710856176778742e-01
6.099124219354634668e-01
5.851860748643245014e-01
5.815344253842461564e-01
5.647781904536204323e-01
5.792993277131122110e-01
6.168097993283655489e-01
6.194999171268844584e-01
5.692027796584236965e-01
5.800382245797934821e-01
6.066869486090369357e-01
6.296624631804502714e-01
6.121354561557427187e-01
6.465418406684428909e-01
6.360458860215761900e-01
6.223814408681166421e-01
5.926682472508548738e-01
5.922579133257337425e-01
6.007540791840166872e-01
6.080027435541944802e-01
5.816940543447075562e-01
6.361017105279236361e-01
6.159108609785642896e-01
6.046829818640863108e-01
6.119804071623745623e-01
6.181704270513308508e-01
6.059249694512131024e-01
5.955120869778824932e-01
5.702684704236707924e-01
6.120780933731915230e-01
6.254771613573802957e-01
5.962227254779811636e-01
6.304578715116072596e-01
5.742049771694057725e-01
5.958449172805611038e-01
5.865934555904755987e-01
5.838264484559638756e-01
6.131552558017255850e-01
6.053756701991981348e-01
5.816398287470472273e-01
5.744692829794022515e-01
6.212204597720719645e-01
5.950717525485331727e-01
6.027534216443413140e-01
5.986044726080402834e-01
5.915648639125493657e-01
5.553214418614698111e-01
5.925735991992866492e-01
6.039131456120068187e-01
5.893218457183762027e-01
6.144152609927108211e-01
6.408194285934689649e-01
6.364566732914648250e-01
6.172593032910422828e-01
6.520589553666031879e-01
6.237242261304670743e-01
6.149733264340222494e-01
6.398363848013235433e-01
6.280043550801363006e-01
5.679999045382044809e-01
5.536652902392782405e-01
5.994941569127211212e-01
6.316306213162549144e-01
6.078821480895846285e-01
5.883518703977229647e-01
5.816681926148628001e-01
6.166616474636049672e-01
6.063952974815132180e-01
6.251761799135433506e-01
6.338596308642955313e-01
6.343116325358576502e-01
6.127951642558724377e-01
6.092741360442899268e-01
6.326952472518146964e-01
5.947143960473530999e-01
6.021153165463382084e-01
6.130698501702281922e-01
6.140180586290436837e-01
5.853877354751086948e-01
6.013134606615372357e-01
5.985027222079329912e-01
6.050333427570667721e-01
6.145582202095444257e-01
6.131944969959893799e-01
6.224134971351719114e-01
6.380839370134484545e-01
6.342077379274557725e-01
6.137255455297159212e-01
6.432198436699401167e-01
6.235185216099418115e-01
6.383646125149597950e-01
5.872125882523742124e-01
6.327826859048217845e-01
6.137542402905311612e-01
6.158038884840990601e-01
6.032050778341270236e-01
5.685573066848328416e-01
5.596139994242170790e-01
5.797466809227395101e-01
5.942770408813681238e-01
5.926285803762978421e-01
5.909363545761461278e-01
5.957138195950311133e-01
5.891279976558341236e-01
6.160068868818243670e-01
6.053632453353230414e-01
5.846637728606816076e-01
6.166244380165996075e-01
6.097723663320995247e-01
6.144496221824262694e-01
6.250648179014910433e-01
6.168039789128153538e-01
6.137289444091869051e-01
5.996864314484747771e-01
5.950593874408489636e-01
6.028712182679647480e-01
6.117213265321100879e-01
6.092208204037773411e-01
6.117104956312121589e-01
6.068089589169031184e-01
6.167073164849851130e-01
6.104711692581195059e-01
6.003434965694132153e-01
6.175636009029117357e-01
6.160661876170684392e-01
6.237834189268123275e-01
6.381008702259790555e-01
6.143870317010383664e-01
6.091635098941273752e-01
6.359037329908673319e-01
6.256872127522378202e-01
5.828961058411323837e-01
6.175987842058968669e-01
5.791750749277053689e-01
5.476205574758523653e-01
5.802643772912905451e-01
5.887446219170382467e-01
5.976038168924743266e-01
6.203819988392672569e-01
6.216192511698219736e-01
6.073720300852402110e-01
6.458973401765030209e-01
6.060515169514095746e-01
6.276751078398478123e-01
6.197665335421694843e-01
6.352142461586353095e-01
6.476227722728735703e-01
6.239589462943698761e-01
6.372510488308306131e-01
6.308340771313335482e-01
6.373228254841830642e-01
6.374312840622040621e-01
6.203494639047152370e-01
6.621553745884061204e-01
6.255892244325033102e-01
6.392684292694807979e-01
6.133286983269027326e-01
6.322160891179851028e-01
5.910149946495777407e-01
6.252507839514276355e-01
5.889238086021038043e-01
6.168401223542571143e-01
6.285706096935679277e-01
5.973458506578885885e-01
5.904765902262633093e-01
5.817290525857748973e-01
5.953857250426312087e-01
5.987076895845715452e-01
6.460084628800839557e-01
6.533888354349201011e-01
6.053897974104767155e-01
6.188167493462086721e-01
6.063226461512276622e-01
6.347351471601204720e-01
6.377601087810400582e-01
6.319298145190559435e-01
6.198946643665060874e-01
6.313915316823737189e-01
6.182119400898623551e-01
6.139979867141073244e-01
6.274924697372205040e-01
6.253987963846019404e-01
6.401243073240888704e-01
6.137937811068281402e-01
5.975136638628796293e-01
6.057369497993703167e-01
6.251609459816624970e-01
5.709327277859205241e-01
6.157355741430973195e-01
5.922919076256812909e-01
6.215632630310544693e-01
6.018706789640871913e-01
5.725543806237093358e-01
5.761843832873888571e-01
6.143000588446894117e-01
6.343588539234639168e-01
6.554334016394279816e-01
5.832535368992906033e-01
6.561446721735334497e-01
6.844227035373436907e-01
6.475241718584643369e-01
6.785531220927070173e-01
6.602112773709017945e-01
5.960219274688457469e-01
6.283469360593101349e-01
6.598142984097412622e-01
6.719920677336315151e-01
6.092469655576314702e-01
5.809918441974420977e-01
6.279153237549462974e-01
6.310929109514860080e-01
6.233028631134789332e-01
6.381926277020499860e-01
6.702839585334409156e-01
6.312069456039206550e-01
6.457044654131999240e-01
6.064143299733145698e-01
6.610465675310069900e-01
5.997675608320109930e-01
6.207433707700742431e-01
6.009306604171633648e-01
6.613407722316260173e-01
6.520487295807173567e-01
6.398076264400247570e-01
6.244075632919484642e-01
6.079087044438317156e-01
6.137853805792679029e-01
6.392509834226322019e-01
6.376505927642878158e-01
5.986804362766178222e-01
6.060076811547884246e-01
6.325235998528709880e-01
5.988939190086127740e-01
5.954857297804826421e-01
5.932510311425481797e-01
5.998088945337267663e-01
5.989423845608958796e-01
5.420553882335109597e-01
6.346673114239514968e-01
6.015173111661711314e-01
6.340987208242917506e-01
6.224648764248894572e-01
6.013078675900238590e-01
6.046148317076084355e-01
6.431738193383440549e-01
6.169870852394980787e-01
6.374809126864849906e-01
6.287974212170475141e-01
6.271028588601683662e-01
6.317349655486292903e-01
6.083690929344323095e-01
6.281245329497545660e-01
6.399250798769925419e-01
5.969200463886903396e-01
6.433557174113805344e-01
6.166704585144501261e-01
5.906926790629840607e-01
6.090491559340460714e-01
5.737324670230929957e-01
6.141537366940527098e-01
5.854636836306490455e-01
6.288046151715714904e-01
6.266609949030080839e-01
5.990709564759705286e-01
6.541104482417180455e-01
5.853136362018868111e-01
6.220669709186894547e-01
6.403676179538839719e-01
6.038917450637871775e-01
6.202855639212816463e-01
5.995515831301535536e-01
6.030846139164630637e-01
5.908156081580940855e-01
6.080889166282255065e-01
6.125145843090901154e-01
5.692137762581332971e-01
6.328475503680932590e-01
6.106741795791713612e-01
6.135639969828725615e-01
6.130485176149651494e-01
6.242229435012230931e-01
6.062011267485137855e-01
5.844456754657636477e-01
6.266769396939705361e-01
5.825088221348480033e-01
5.822710200762990507e-01
5.827401134749085054e-01
6.014746224917826289e-01
6.065390191753646798e-01
5.937832206843978167e-01
6.389802528169676865e-01
6.357578360625864011e-01
6.071109945880823755e-01
6.040202244420801447e-01
5.781234196071247666e-01
6.391466230696729589e-01
6.435753495078306852e-01
6.027282442816852548e-01
6.322980184742567067e-01
6.135630953612961624e-01
6.075040432169934723e-01
6.006057492548461108e-01
6.070939355693477646e-01
5.594220147635031726e-01
5.742225150268371880e-01
5.541145107221594479e-01
5.690589644707139128e-01
6.076081811481779393e-01
6.084119187820310470e-01
5.866532885198649794e-01
5.713615318735136839e-01
5.868786753927774935e-01
6.025172871831226962e-01
5.691900203473997388e-01
6.186675242152658294e-01
5.895021660798824836e-01
6.145638424032658920e-01
6.335160559220854859e-01
5.815184279540728252e-01
6.144690641496225458e-01
6.255508564867713339e-01
6.014714230100564052e-01
6.151671655420337670e-01
6.170197207032741549e-01
5.662001557655687023e-01
5.442098026582620207e-01
5.779058466461197696e-01
6.276662146432754330e-01
5.989027870192448200e-01
5.944613533443949827e-01
6.141467712015395986e-01
6.098063767838451943e-01
6.029786519275051049e-01
5.902853249693200688e-01
6.337795273423925124e-01
6.157638563838274681e-01
5.962052930243866289e-01
6.391807299193718039e-01
5.903256767032569741e-01
6.455893843518923925e-01
6.155782012503031586e-01
6.587656741780679726e-01
6.002714091246853512e-01
6.103423931066429553e-01
6.136284002503331614e-01
6.417960760193527348e-01
6.175494880825966870e-01
5.678309873491198534e-01
5.748344937684818357e-01
5.968170291324721433e-01
5.820702387036413850e-01
6.140507260132366252e-01
6.025082680923905532e-01
5.782296547382280716e-01
5.734167536678754784e-01
5.667580716771933869e-01
5.883487981862877136e-01
5.659036796705959604e-01
5.789575581082613276e-01
5.883473988013107059e-01
6.208539215135167044e-01
5.798879264770168129e-01
6.420763100893943642e-01
6.364763747684198947e-01
6.317880396815720445e-01
6.329321964983288806e-01
6.312868587807352050e-01
6.100746257803982830e-01
6.150971218439079680e-01
6.442838620657571624e-01
6.198264685826387899e-01
6.668140915474534136e-01
6.183565150496633800e-01
6.339193618539747943e-01
6.050743215310828704e-01
6.183641914998279088e-01
6.083915759172340287e-01
6.062169079957139273e-01
6.206389890962994427e-01
5.942027217704981545e-01
6.141852982826061513e-01
6.291657802091350504e-01
5.698793116264715408e-01
5.939267939205205016e-01
5.944377515325875994e-01
6.167783850992202277e-01
6.225565360183136221e-01
6.381372229300276144e-01
6.277829043202859394e-01
6.563375903691379687e-01
6.394983484382111838e-01
6.334149421767466537e-01
6.449065156133217958e-01
6.202640349081380844e-01
6.880220097100061549e-01
6.595591460646298421e-01
6.369086268056103339e-01
6.294103875850677321e-01
5.749998918742204035e-01
6.331296736392267865e-01
6.083315537694259367e-01
5.854059431644784706e-01
5.822282358072562447e-01
5.939743836931096199e-01
6.137123893102468530e-01
6.355123567870787360e-01
6.213364120797582046e-01
6.247404951429146314e-01
5.986836607600805049e-01
6.454196230665275591e-01
5.910095037830810361e-01
6.162296016809387655e-01
6.263390142881456457e-01
6.213359620929853611e-01
5.892271011078967780e-01
6.338833270628803085e-01
6.393442726178496516e-01
6.072978640090794800e-01
6.228803649077475635e-01
6.113496695970354056e-01
6.086242505168109052e-01
6.269569974400768242e-01
6.449379488678625982e-01
6.558240963783321664e-01
6.103588095306810013e-01
6.378424074273688626e-01
6.022121250647252122e-01
6.142877357709783936e-01
6.636513890831086115e-01
6.331061505919046706e-01
6.034611002031032845e-01
6.408151739848289008e-01
6.082450819034047607e-01
6.250114112108015041e-01
5.941783327820769900e-01
6.300241170612573827e-01
6.025003207052019860e-01
5.967680783282318657e-01
6.093676019582662251e-01
6.364397202173074364e-01
6.075416071652005590e-01
6.015883394232816039e-01
5.911080813050132443e-01
6.403679547539438133e-01
6.392226453603813141e-01
6.312746938326974089e-01
6.580765112151600871e-01
6.253265788332733610e-01
6.168412601006866280e-01
6.115908132240001072e-01
6.010823034940393494e-01
5.949181727550669763e-01
5.725046003756166790e-01
6.368740951382602100e-01
6.255563767022639388e-01
6.572955826541498903e-01
5.946807359048212893e-01
6.525370104111523073e-01
6.255535522545022653e-01
6.206397482003204180e-01
6.390010277222349933e-01
6.244597216925429350e-01
6.474977031384466786e-01
6.168305430152929425e-01
6.398380983064735350e-01
6.476072403769072006e-01
6.540561969780435136e-01
6.343569579129172409e-01
6.100062189877081265e-01
6.058892615844077012e-01
5.922654005957698198e-01
5.975059750895577171e-01
5.818653778202493854e-01
6.282587729003255017e-01
6.062259431421563871e-01
5.587164226385472610e-01
6.312246395672040933e-01
6.063722477033374192e-01
5.746954227114647873e-01
5.899655058014594555e-01
5.975500595095003531e-01
5.696980020394375455e-01
5.901608499470087921e-01
6.203192632571195020e-01
6.099982208689184171e-01
5.726001237279405576e-01
5.998172057497644927e-01
5.788592797976295223e-01
5.815005917558003778e-01
6.047296361157544764e-01
5.843736911202181972e-01
6.145364922707058364e-01
5.997618281963799092e-01
6.083371339953911328e-01
6.176660960928883615e-01
5.797885839215927151e-01
6.013887987266347546e-01
5.626650427278143685e-01
6.226117131291507567e-01
6.213278453318744621e-01
5.913956275754876923e-01
6.057446811208869741e-01
5.958775410551105933e-01
6.113337782100725093e-01
6.171444455960802822e-01
6.574982630334053058e-01
6.369478596612249133e-01
6.387084778487167602e-01
6.117808616554013534e-01
6.255627017575340343e-01
6.075577981839517250e-01
6.216662502753473873e-01
5.936546068659855901e-01
5.761739276953026234e-01
6.061223655685836764e-01
6.126228206724835257e-01
5.697331304032959842e-01
5.933092708141676219e-01
5.916700864539676807e-01
6.078473210722681319e-01
5.855642568489577426e-01
6.076738005739180659e-01
5.650553117834790084e-01
5.758952155131491502e-01
5.942391780053587480e-01
6.101207338777874245e-01
5.968722123303863425e-01
5.966480295619646101e-01
5.966922362009776659e-01
5.680375676575052379e-01
5.737529739662905470e-01
6.123995874808643158e-01
6.322593871607775640e-01
5.939575323268608820e-01
6.080234664788459753e-01
6.062445238000391257e-01
6.200163698156100356e-01
5.721742689896582856e-01
6.017254399090625760e-01
6.397200147273670590e-01
6.139293786777508810e-01
6.023253158507508864e-01
6.157275431892205164e-01
6.345013214397342560e-01
6.214184720200975898e-01
6.223828515257847638e-01
6.074794272554915331e-01
6.051674004157630016e-01
6.134937008601971664e-01
6.141902276683034456e-01
5.964547496141138216e-01
6.013595213446507604e-01
6.266415715704343192e-01
6.419167131415267624e-01
6.230900772700854739e-01
6.382859445354007732e-01
6.596498915489638071e-01
6.090642266906247659e-01
6.276453533588810529e-01
6.016944732244015048e-01
6.398161292486176377e-01
6.215369347178438808e-01
6.344835107862071277e-01
6.198353820916038259e-01
6.168332068019557468e-01
5.636884223802910432e-01
6.372904709012507940e-01
5.982083607754463683e-01
5.766705345976953501e-01
6.100467018532108598e-01
5.852694571385050892e-01
5.871607939796277265e-01
5.876036096565059319e-01
6.289098818780267663e-01
6.034564985042225604e-01
5.848762068975476014e-01
5.992945179200968031e-01
6.457440392184112810e-01
6.149942212738817027e-01
6.037860315799711275e-01
6.218004255425170212e-01
6.694855111455989549e-01
6.351572139244899828e-01
6.391260139423022846e-01
6.274620875633464268e-01
6.512594383175779322e-01
6.253260588698279498e-01
6.190592291756711329e-01
5.725026155263516214e-01
6.299508460746380267e-01
6.201963667811589698e-01
6.083519171839045780e-01
5.992403356506823542e-01
6.104943585842932396e-01
6.105687119577978272e-01
5.945296723043470566e-01
6.413947028411044471e-01
5.888937542425258798e-01
6.248309876520301565e-01
6.539613320608109737e-01
6.258920873901320236e-01
6.298317300577188638e-01
5.632427122652482465e-01
5.796406394140052321e-01
5.937336511741213574e-01
6.159663133295891768e-01
5.971758584964029781e-01
6.476879593877770125e-01
5.866952608523231527e-01
6.098658918407134921e-01
6.255385197497508321e-01
6.304849559666666492e-01
6.018767634108380671e-01
5.885006195826660846e-01
6.550015610229584784e-01
6.471432591578750726e-01
6.314453864671507599e-01
6.442233016403687840e-01
6.277566995443707443e-01
6.380701872357072979e-01
6.041819144582791790e-01
5.684866282582974328e-01
6.613828024596145605e-01
6.211752624769177888e-01
6.093831727448035807e-01
6.080852911177626607e-01
6.399877980558464907e-01
6.645948687951261924e-01
6.299353206699839225e-01
5.881567042741742135e-01
6.179575841387687785e-01
6.157976928881291334e-01
6.160534695079613599e-01
5.976005215929012238e-01
6.178383960420066323e-01
5.818174420427266735e-01
6.288645850857593755e-01
6.393135167835926058e-01
6.815585001624212547e-01
6.422781760384465022e-01
5.975126498692496790e-01
6.358385871464362626e-01
5.637322566866969087e-01
5.951802342475068786e-01
5.907843628596138874e-01
6.243640423091493252e-01
6.006948242008876004e-01
6.138332130973698231e-01
6.362484529734685479e-01
6.020814917875295658e-01
6.044879975830392826e-01
6.082498707150768569e-01
6.319054865242973440e-01
5.841393184256802318e-01
6.231935385759053148e-01
6.300823895247044115e-01
5.972366690149355506e-01
6.014926936016123937e-01
6.332942951000101184e-01
6.214894334596573477e-01
5.991198830559096855e-01
6.274201343501325523e-01
6.440155668486413632e-01
6.019942979117530735e-01
6.397878963387418905e-01
6.564535242306769325e-01
6.350769229102082303e-01
6.454060765506086650e-01
6.213611747054594847e-01
6.291801637980188877e-01
6.141808682904540406e-01
5.969698813220768452e-01
6.289411713760083567e-01
6.006477163106705985e-01
6.328622108948299685e-01
6.354330267645214025e-01
5.678098770082568025e-01
5.809897792583508247e-01
5.704943401945985482e-01
5.877059487420339678e-01
6.166965624887694730e-01
6.214737446592916159e-01
6.019374674549844428e-01
6.022198404901788482e-01
5.805225293751382631e-01
6.057236581235647677e-01
5.929318832840526632e-01
6.228375771741455624e-01
6.283618432589540559e-01
6.355774284999987644e-01
6.823023898691574773e-01
6.380793853617499067e-01
6.124940334132560338e-01
6.292068511980132284e-01
6.040647806233000461e-01
6.183654707924892691e-01
6.222821003897733849e-01
6.007932150886202693e-01
5.923915022973073041e-01
6.485183876337476949e-01
6.092159637615541801e-01
6.055435695431036214e-01
6.139988939090197384e-01
6.332824058489706642e-01
6.274169231866848495e-01
6.091732670638075886e-01
6.393182615135336588e-01
6.170061165901802314e-01
6.259215218915097356e-01
6.064522154653122499e-01
6.034184049788831050e-01
6.408302472214758572e-01
6.328172858880952711e-01
6.488352596366717684e-01
6.212585068370030106e-01
6.137114623920996159e-01
5.962968531020859109e-01
6.209818605266295144e-01
6.109519757954127162e-01
5.825890619912433843e-01
5.857075348770337531e-01
6.115671462600928976e-01
6.170914368985908061e-01
6.502275860230801730e-01
6.131470365348288265e-01
6.272758019283261044e-01
5.919388534759785214e-01
6.032113685936946190e-01
5.569306538846248156e-01
5.601657066574019517e-01
6.386491433281734631e-01
5.943100742237757972e-01
6.110343845839251165e-01
5.799496531769078311e-01
6.198354831121622999e-01
5.911980425222846947e-01
5.984503885477134855e-01
6.031739119213073153e-01
6.194193972597314968e-01
6.137897965734874228e-01
6.440245090145803042e-01
6.187351390272065599e-01
6.684907719970046847e-01
6.169173847019123746e-01
6.392160812034268780e-01
5.689561318379086075e-01
5.835117956198612177e-01
5.885107294871645411e-01
6.290020602069956723e-01
6.130105060209889434e-01
5.839903719693140260e-01
6.006033597817586056e-01
6.067278508210030008e-01
6.359335316657970250e-01
5.905292717721568607e-01
6.150740562094166863e-01
5.964644580863454060e-01
6.063249106864788684e-01
5.991334196344147989e-01
5.993587986575449333e-01
6.286961014352068222e-01
5.997235318803679771e-01
6.417328401485276057e-01
6.084027706893667675e-01
5.846221949206524826e-01
6.061311617345150893e-01
6.067663981878781421e-01
6.386742074249307510e-01
6.105256238997176510e-01
6.019952160018051668e-01
5.967273530909533719e-01
6.264529441273484212e-01
5.997011263800459124e-01
6.040895483786473674e-01
5.980980533326999415e-01
6.174115998322349252e-01
6.404903353462959581e-01
6.126183408622744020e-01
6.647349298955655961e-01
6.645103921043831186e-01
6.375958393195204632e-01
6.247730468590025898e-01
6.348298411851833745e-01
6.027832915479619524e-01
5.949633963756985056e-01
6.399720106120148078e-01
6.146016025153709927e-01
5.928605211721523771e-01
6.122929749547515454e-01
5.546733196747193340e-01
6.163656328337773216e-01
6.213738927473960727e-01
6.107542674426115203e-01
6.066820414689153562e-01
6.008590415233098225e-01
5.944143422264531740e-01
5.932818009932282477e-01
5.715074406412374852e-01
5.778291783115905300e-01
5.499933438883503056e-01
5.769749149371274921e-01
5.738402538154306898e-01
5.956586419301945767e-01
6.210229796202439978e-01
6.268545775156753042e-01
5.884535316073443711e-01
5.794552819328211424e-01
5.612459262795728154e-01
5.938170757320332394e-01
6.185282130974307790e-01
5.818515416449051569e-01
5.911181594694071562e-01
5.820716441299572663e-01
5.751152751624188930e-01
5.642488598458034188e-01
5.961713241093837823e-01
5.974912300336128190e-01
6.227666372383177107e-01
6.033951385784288579e-01
6.147959682654231539e-01
6.076137487564281514e-01
5.886421992581702956e-01
5.695416077331546534e-01
5.700424205080224516e-01
5.795284908308385718e-01
6.076994406536850857e-01
5.653151446899693511e-01
5.711238013479459363e-01
5.676076368779816583e-01
6.124769040684364674e-01
5.936546042329865491e-01
6.282521582539678517e-01
6.086469386544148819e-01
6.151036176275413991e-01
6.309313843459917193e-01
6.026076862041810367e-01
5.492686529525836470e-01
5.964686124106054477e-01
5.817954485056769931e-01
6.103559113136972636e-01
6.404338342274643603e-01
6.245899018991030172e-01
6.135926762943005874e-01
6.129008670248305979e-01
5.967426238215980394e-01
5.968630448807912270e-01
6.027030199191808491e-01
5.906087380489828398e-01
5.801941057591888384e-01
6.140156702961578894e-01
5.870273912144946538e-01
5.763207718121280410e-01
6.083127201079355784e-01
6.019055953000223003e-01
6.257083797127248603e-01
6.019483163582022289e-01
6.231991292936985838e-01
6.011351922735758135e-01
6.097883228986915594e-01
6.063771043861378995e-01
6.062252926139579667e-01
6.268260903348635837e-01
5.964704582414542822e-01
6.024254335951662043e-01
6.021649357095000266e-01
6.201549093557632286e-01
6.053325910446376579e-01
6.276415112842302912e-01
6.098943195219356239e-01
5.503427068454985749e-01
5.870595685025764565e-01
6.292950727419587276e-01
6.597954540728525608e-01
6.065542505563061848e-01
6.410571387708691171e-01
6.106590618911166279e-01
6.270697688303307205e-01
6.295309433044572467e-01
5.915650490952408802e-01
6.023798078667459421e-01
6.241729018826170927e-01
5.797396685628357638e-01
6.315219201032452601e-01
6.263335052058083274e-01
6.159011437576373815e-01
6.319235475436172367e-01
6.625238018509550519e-01
6.130877858820245052e-01
6.498656331812708853e-01
6.461778678274024967e-01
6.491018554837281185e-01
6.448228809001919082e-01
6.596539164465538008e-01
6.093977461660319284e-01
6.279039725706198061e-01
6.407508792296745526e-01
6.373016616475006835e-01
6.070649954096443146e-01
6.300647899619191694e-01
5.780196627900784367e-01
5.850093939462066572e-01
6.217526717932724267e-01
6.106856857698709229e-01
6.181801366362406069e-01
5.913315589432185382e-01
5.997030558890071861e-01
6.115674181540140530e-01
6.481686891806778261e-01
6.538070845567780509e-01
5.858577140186045362e-01
5.851395291062879700e-01
6.218801262436369770e-01
6.386588047504245802e-01
6.399504558097424134e-01
5.991590582791556097e-01
6.041577756151756962e-01
6.099382214321447115e-01
5.859889363542205576e-01
5.938834958883137949e-01
6.142597872545234594e-01
5.922839792986773766e-01
5.957353263332313409e-01
5.820665345246673894e-01
6.103726843137872171e-01
6.090979993020685379e-01
6.315005747235414857e-01
5.981110107745812865e-01
5.719681336240602931e-01
5.736941494855984924e-01
5.829577815676058039e-01
5.713782610156541431e-01
5.853027868078114482e-01
5.874861575725622842e-01
6.224688227903616422e-01
6.077094313972172257e-01
6.320101965310908065e-01
6.003436893450083689e-01
5.816656101668945533e-01
5.941945273547836193e-01
5.684131819036420952e-01
5.673746316598671235e-01
6.091648868404223593e-01
5.989545205546465967e-01
6.037007983600979344e-01
5.998958083314062106e-01
5.719864424052805152e-01
5.690316574729114008e-01
5.709991716064591882e-01
5.698580380884754604e-01
5.622751957220801788e-01
5.723315190077157277e-01
6.169637338122779813e-01
5.801237337727951360e-01
5.945458377785977078e-01
6.119304040740974893e-01
6.175209520686888442e-01
5.916267046233479876e-01
6.002106476674242685e-01
6.207916774279540473e-01
6.148615897910196804e-01
6.161147713856086616e-01
6.159164867860474901e-01
5.894717299011384970e-01
6.341994149338332498e-01
6.091604024702641507e-01
6.000286680406173856e-01
5.708982695645846706e-01
5.883576868010613747e-01
5.985334588241577602e-01
5.508205199905883420e-01
6.024370393834075355e-01
5.825402837628032016e-01
5.755453539796518969e-01
5.752567549792985124e-01
5.826580179605219678e-01
5.741489341934979951e-01
5.750553498230209781e-01
5.891865083268460479e-01
5.682024796353436491e-01
5.733670190550201884e-01
5.416408656202202909e-01
5.556086279176739584e-01
5.455471599357905044e-01
5.663086783615911557e-01
5.803780985886500821e-01
5.788371176546546204e-01
5.847618599886573731e-01
6.390303293895132075e-01
6.189104854396615396e-01
5.698873309438108326e-01
6.089620288771585566e-01
6.172111783429560239e-01
5.943786328325816326e-01
6.160502962915933578e-01
5.934775395188619518e-01
5.802770817793891922e-01
5.624137692012158851e-01
5.842090275046929460e-01
5.819669525102442176e-01
5.938619889240303040e-01
5.957189437975823898e-01
6.120056498042478754e-01
6.213781077124719276e-01
6.115804186718805102e-01
5.973146361646335389e-01
6.264181518584890362e-01
6.172661475353161675e-01
6.082056531975589264e-01
5.715884623476088500e-01
5.932114317317378482e-01
6.322517233349436161e-01
6.181504718790268305e-01
6.041773272179852272e-01
6.168047271438361623e-01
5.951997789703521446e-01
6.281282553098155308e-01
6.068270197596151716e-01
6.040652729184005088e-01
5.851442009161368363e-01
5.841035537157865942e-01
5.951327728876416590e-01
6.276870765046624889e-01
6.062256582143947803e-01
6.210943408971648649e-01
6.171455326399583052e-01
5.739838185779473356e-01
6.146550952988830696e-01
6.173805123157936059e-01
6.117767718392004284e-01
6.109579994985026019e-01
5.770481148724219134e-01
6.080834662987246730e-01
5.882181741680025944e-01
6.480281393023438197e-01
5.986428154739716900e-01
6.284287047226079226e-01
5.800254429302359460e-01
6.178170705560098730e-01
6.228271662601237990e-01
6.074408928247636563e-01
5.969937901114769074e-01
6.258563064729004699e-01
6.024980940874439250e-01
6.039313900207101682e-01
5.741779407185125805e-01
6.109571206076573890e-01
6.055915650204147793e-01
6.220411325415763359e-01
6.324339564407613912e-01
6.379176702627811224e-01
5.737162547496468257e-01
5.850768870536240396e-01
6.032704645894197970e-01
6.169254874202044769e-01
5.803284070160980024e-01
6.027835872354587732e-01
6.155453463707227790e-01
5.808139016711179048e-01
5.999975108311242922e-01
5.604211788640067748e-01
5.718652023024776154e-01
5.875561773148555433e-01
6.119544082230169435e-01
6.105953905931656989e-01
5.942813055842253167e-01
6.059773855433304712e-01
5.956437133882073187e-01
6.021188156461512175e-01
6.517824706502556298e-01
6.338954160019925066e-01
6.490357015527142837e-01
6.672491117275936023e-01
6.737706528847652310e-01
6.762457026468785548e-01
6.305707663481270320e-01
6.227155265167715337e-01
6.448111758697313567e-01
6.519937379516854703e-01
6.580258274135947216e-01
6.464674036224656861e-01
6.574004497689072135e-01
5.980805144198613199e-01
6.796838609795939901e-01
6.296075281609626595e-01
6.720277287441672742e-01
6.677464523950550346e-01
6.725755671666672209e-01
6.522478937830543666e-01
6.208573594519556371e-01
6.054956718873992783e-01
6.327787296871105749e-01
6.188100736577336614e-01
6.192134595486882276e-01
6.085978114649863713e-01
5.890192942853935687e-01
6.058182078749787536e-01
6.434990538417341144e-01
6.388006060383771834e-01
6.812658068670024436e-01
6.555018227730885494e-01
6.715421607936704618e-01
6.387048394323492362e-01
6.677705096803280282e-01
6.916429823096419405e-01
6.778639016985186228e-01
6.799054059038989184e-01
6.502178408363590290e-01
6.931659114743820016e-01
6.579468542766812034e-01
6.469485618973616070e-01
6.756212768953575587e-01
6.850490050261478503e-01
6.511796836474734729e-01
6.319086122922223936e-01
6.267171141155269964e-01
6.340671226928676907e-01
6.178469357630435033e-01
6.030110532505228438e-01
6.197820234851924015e-01
6.450672402099260072e-01
6.254846320567915008e-01
6.507017328647985988e-01
5.895399310303560680e-01
6.528502922129124642e-01
6.405171040383930148e-01
6.102326283713519484e-01
6.445804027396192515e-01
6.415520794648675862e-01
5.930236070998705644e-01
6.047629212758875994e-01
6.163062539162700304e-01
6.181856380113905924e-01
5.979515452388318719e-01
5.872723958358102569e-01
6.092167910733140568e-01
6.390063680466371299e-01
6.539997059119202483e-01
6.309954727032244248e-01
6.233478029299767131e-01
6.328366082678065219e-01
6.242594315408517280e-01
5.902307738838857842e-01
6.109551933702039861e-01
6.016233735768775626e-01
5.944403418582361320e-01
5.822353808419967747e-01
6.382789218290160216e-01
6.149688896290352869e-01
6.158676507475796535e-01
6.142501818051974150e-01
6.307995668181848314e-01
6.339098743858896379e-01
6.406985726504923484e-01
6.425417769375916244e-01
6.524825685948785203e-01
6.074158189435661104e-01
6.141557304517522020e-01
6.439955952480995727e-01
5.842745338882987527e-01
6.251583582183692922e-01
6.111380341338737976e-01
5.697066280902665092e-01
6.062210516842968522e-01
5.952495124138142968e-01
5.956689351948650790e-01
5.703907776245041861e-01
6.300020665408344600e-01
6.332206078009036121e-01
6.178392376819789034e-01
6.232083025750728700e-01
6.420483623985211441e-01
6.254201148596403304e-01
6.022648525680961429e-01
6.130542434464836266e-01
6.057250085593101074e-01
5.900059019528253179e-01
5.645162650996571330e-01
6.040370853166473486e-01
6.080070360911026262e-01
5.832506928985536909e-01
5.984962135451402654e-01
5.635443037777160269e-01
6.025803886384236696e-01
6.026124401069282710e-01
5.675260275363461782e-01
5.659717363247431798e-01
5.563193835675617205e-01
5.621786741596592751e-01
5.854214731936674410e-01
6.000563934938171196e-01
6.021597836077442478e-01
5.967271686844054512e-01
5.981438885354992685e-01
6.151867471669445475e-01
6.005663814632986597e-01
6.068744028843778837e-01
6.478174428176208810e-01
6.243596551107661874e-01
6.060340698922248581e-01
5.778678927932914267e-01
5.863566698541303746e-01
6.037439088373828255e-01
5.947240831767791613e-01
6.187356581548896228e-01
6.031424100847618819e-01
5.644042946651157688e-01
5.964336835912310564e-01
6.162425973464217277e-01
6.056721007663978806e-01
6.092937907921345264e-01
5.857894801092466963e-01
5.863837381089557210e-01
5.849280805359677871e-01
5.869851733382485115e-01
6.020955616570555780e-01
6.086511784733086294e-01
5.660001569098552787e-01
6.350243949896021700e-01
5.950845970246630978e-01
5.699541934932571552e-01
5.737274570043848776e-01
5.836851381100917058e-01
6.256084130798896803e-01
6.060189343921438265e-01
6.364603958403892703e-01
6.244836653421246275e-01
6.367839076255789044e-01
5.735049113507022511e-01
6.434587180489302893e-01
6.375581608234017761e-01
6.127900414526279427e-01
6.206599318719590030e-01
6.122904574426926150e-01
6.426163113284851791e-01
5.938814275074946192e-01
6.019887739255350700e-01
5.696341429858855498e-01
6.004150322890472458e-01
6.073831070598951776e-01
6.304782196536491412e-01
6.153334363806391982e-01
5.850298563432460019e-01
6.284283783810841184e-01
6.266380113771405913e-01
6.255944872858361094e-01
6.368114263428485966e-01
6.086252009785119155e-01
6.143435186452189667e-01
5.790887245095061031e-01
5.861356880190684571e-01
6.000429639380968627e-01
6.379954843876741721e-01
6.046180339078198740e-01
6.312770638662987821e-01
6.248986366879334398e-01
5.879933729194725123e-01
6.080369724349852234e-01
6.099616948444021025e-01
6.413182019126221212e-01
6.218572058549290960e-01
5.990029303493724644e-01
5.773690614132349630e-01
5.659294206958482842e-01
6.015277816708558545e-01
5.640152071038398995e-01
5.625283171949659877e-01
5.839884237656427501e-01
5.826379099807476036e-01
6.142354810624544026e-01
6.220358249992110622e-01
6.130295752667042075e-01
6.148663908948536205e-01
5.901180647193144946e-01
6.209427802650211436e-01
5.730413032570561560e-01
5.924750219712624499e-01
6.038739177548619885e-01
6.016890463449902082e-01
5.702165272852679490e-01
5.948473178610248491e-01
6.226620426575599776e-01
5.994366037104708056e-01
5.814516675307852545e-01
5.975336596756013474e-01
5.943869962124268547e-01
6.509254168802386387e-01
5.909021210978139260e-01
6.373764627560379870e-01
5.831670030709199537e-01
6.293123894126748663e-01
6.030037880897292091e-01
5.927587659853351676e-01
6.241133202812767511e-01
6.217243292390570719e-01
5.816369893150844517e-01
6.086657018201118152e-01
5.770722771032540388e-01
6.187166603302379775e-01
6.499499251056906068e-01
5.924947382465096668e-01
6.157826054427540940e-01
6.652614715470313023e-01
6.788305410343584700e-01
6.295690101789424009e-01
6.585275953116985770e-01
6.305604692006472334e-01
6.441555229533936222e-01
6.439853302364910714e-01
5.770754106407975925e-01
5.993694844954167156e-01
5.979733602226033895e-01
6.595522851648232265e-01
6.050162870309080398e-01
6.485349629599228560e-01
6.193582289757963988e-01
5.836166215668224799e-01
5.686056757491021463e-01
5.873367608123033490e-01
6.208692900153441885e-01
6.213788465223087920e-01
5.994602077049699940e-01
6.164222977192939101e-01
5.949506215840195678e-01
6.193677904494180320e-01
5.531056189216909669e-01
5.884171598421104044e-01
6.281622392502241858e-01
6.330527205856297801e-01
6.587129767820977255e-01
6.324365647125324008e-01
6.672460247683541512e-01
6.085624282856794132e-01
6.174556712064330766e-01
7.114507261489140255e-01
6.469982415662961506e-01
6.091611216594817746e-01
6.209589304494251838e-01
6.127895468210519114e-01
6.190767723852649285e-01
6.235182892615764860e-01
6.375107067769674174e-01
6.215670574842663276e-01
6.076875441562233915e-01
5.985010748870193131e-01
6.370806596848005432e-01
6.030778942672786469e-01
5.964987766309695072e-01
5.975287852242563424e-01
6.021939631702096785e-01
5.900516036292448030e-01
5.930645968784904465e-01
6.022458206072189846e-01
6.079542006788167807e-01
6.317969435586467952e-01
5.940520206339865439e-01
5.971757263578771902e-01
6.299792198917014696e-01
6.077487682464790542e-01
6.164337745854707729e-01
6.488795901066519711e-01
6.621469923857008499e-01
6.146935520291961774e-01
6.352185134264951571e-01
5.870611303961036365e-01
6.234492859444333845e-01
5.981144549428343282e-01
5.734470783145082518e-01
5.960059365110296214e-01
5.935423640931812850e-01
5.848124749792749100e-01
5.879104125080414356e-01
5.653826408517922397e-01
6.156227144948029917e-01
6.090476407918863355e-01
5.683347818747365165e-01
6.131940349049493921e-01
5.877850928005770026e-01
5.899029548263480249e-01
6.144381704454046078e-01
6.141177258731178590e-01
5.781263781954011360e-01
6.234589501411446077e-01
6.159984473942413663e-01
6.181418446259518973e-01
6.033314092343264878e-01
5.941615449268884408e-01
5.769123476467173939e-01
6.159172705722548713e-01
6.073883443428254036e-01
5.748380158773139792e-01
6.021851675572060802e-01
5.764474866327375935e-01
5.907485603255396844e-01
6.231594969263565265e-01
6.867846831380312045e-01
6.536400623992698611e-01
6.429236701988590985e-01
6.187485938869722313e-01
6.142133853556791534e-01
6.007784148670906044e-01
6.291538293668912374e-01
5.831435675314176059e-01
6.168800365804534280e-01
6.360150334547712836e-01
6.069744157681146168e-01
6.342609998264953086e-01
6.152839433465893126e-01
6.391843966303963898e-01
6.156734811208389724e-01
5.930098652616643262e-01
6.011353353243810149e-01
5.975327224966314743e-01
6.137646798693313643e-01
5.926637335102452608e-01
6.013055546637597892e-01
6.119216035089961592e-01
5.986164178795340129e-01
6.171640089447152366e-01
6.048082539605319496e-01
6.099731769633952583e-01
6.165223035245319672e-01
6.325772778325372547e-01
6.451996409505296182e-01
6.090065811151346153e-01
6.056927782023551199e-01
5.789276884693528302e-01
6.030582490362229597e-01
5.953590191121670427e-01
6.029663291570088735e-01
5.952996840685651492e-01
6.117646346803818913e-01
5.886246585379861784e-01
5.960447517362205128e-01
6.073939603055722447e-01
6.123109342815298284e-01
5.861668137821171021e-01
6.272543401016245079e-01
5.990585759941073896e-01
5.884680534321566903e-01
5.952415114596224521e-01
6.018726336370971985e-01
6.212248907586479518e-01
6.123740824002591454e-01
6.168916657938091630e-01
6.008693421043658223e-01
5.985538949103187401e-01
5.947653591264374651e-01
6.330953572545895414e-01
5.822674526054629762e-01
5.811460012457573265e-01
6.176073085795565909e-01
6.392817149585537928e-01
5.809239242965802408e-01
6.066010360039494342e-01
6.376942898289033046e-01
6.240848829537157805e-01
5.917601226079917121e-01
6.327847182255358360e-01
6.027757622786918956e-01
5.926043935855315192e-01
6.198979850565545791e-01
6.418025837637678643e-01
6.568608657249802585e-01
6.294048255523257973e-01
6.263737340087589534e-01
5.989482862029573695e-01
6.033634151717077732e-01
5.885119685155163483e-01
6.077009421732487704e-01
5.834059945821786775e-01
5.773253754780547364e-01
6.027515219800352320e-01
5.875513576514559411e-01
5.863557749403704999e-01
6.380919068129263794e-01
6.472865754062128163e-01
6.264037200038501396e-01
5.804759429154373596e-01
6.238376434424274253e-01
6.399385515659044010e-01
6.308385859129745921e-01
6.106762021873286539e-01
5.919350137804053613e-01
6.067914447885238705e-01
5.925460407188590795e-01
6.058328550927402079e-01
6.024650476341837368e-01
5.872165626587421139e-01
6.236428193981821133e-01
6.007945885349950110e-01
6.125806516744207730e-01
6.213538125071278451e-01
6.054397664990208705e-01
6.022200298218142178e-01
6.094691778481716726e-01
6.156999750494488444e-01
6.085915285373830752e-01
6.258444082798757524e-01
5.846336643452126891e-01
6.501924322367430564e-01
6.375254594220156612e-01
6.049800603324212434e-01
5.799323840178570721e-01
5.986449020933511944e-01
6.285112610797034538e-01
6.609939618976268250e-01
6.237151321654540448e-01
5.996149458209403260e-01
6.260725952212117251e-01
6.271165106710283599e-01
6.419086119897638998e-01
6.172686087305691016e-01
6.215941425201385595e-01
6.124875216914985598e-01
5.695341962422587612e-01
6.070197374468413454e-01
5.744275852179016040e-01
5.798746441343358704e-01
6.058233612397402323e-01
5.847011256933268841e-01
5.904317484105853220e-01
6.164478845078306124e-01
6.101309856463312808e-01
6.535982304450322911e-01
6.112758385605129297e-01
5.941409119746398071e-01
6.198417773862006097e-01
6.043345961802276678e-01
6.080182952026519372e-01
5.848555748220312100e-01
5.868628164886153797e-01
5.962502678687010560e-01
5.894088776273201935e-01
6.020418960448824519e-01
5.928047631606528922e-01
5.927216291010098947e-01
5.817198042958099391e-01
5.761417395452071988e-01
5.698114162362333257e-01
5.996197015669691988e-01
5.914894495896725335e-01
5.997700350748987885e-01
6.217139111808591689e-01
6.436991736870560921e-01
6.145615107587278914e-01
6.471884147635260653e-01
6.223697086374444520e-01
6.313452539237119909e-01
6.307746523656926341e-01
6.230459813307409611e-01
6.241344726537967347e-01
6.094996938571759504e-01
5.769311356800216339e-01
6.096791342996004115e-01
5.832150149053131338e-01
5.610837024403725337e-01
5.405219405418508760e-01
5.549776672964770174e-01
5.620426463127008443e-01
6.225452877542186902e-01
6.192602249228158495e-01
6.012839231057058864e-01
6.092017970302275875e-01
6.005080056913755238e-01
5.751014803620629889e-01
5.677717702664513144e-01
5.889016601310268495e-01
5.749895599122087919e-01
5.908965281622772237e-01
6.296418129229264249e-01
6.057218309158480807e-01
5.986664480829604340e-01
6.230852833059880025e-01
5.768045002300040691e-01
6.275526363703367583e-01
6.084031409831062165e-01
6.011146173625625533e-01
5.790595572494094956e-01
5.917609394414081736e-01
6.157385401217772003e-01
5.872748075170025617e-01
5.746826009140930669e-01
5.964673971482921111e-01
6.028693337148713915e-01
5.749774856043061710e-01
5.908875369202029049e-01
5.729390035268759895e-01
5.743271529373474849e-01
5.957828422022235504e-01
6.174926495338962651e-01
6.181533205574883949e-01
5.939336171956736132e-01
6.130191477398412303e-01
5.908215794618578709e-01
5.996092680681628373e-01
6.043137890553818004e-01
5.803575614914111558e-01
5.769367809293732829e-01
6.227372111943291211e-01
6.130169037346743233e-01
6.052583054757865177e-01
5.756047875025240845e-01
6.205422291942155333e-01
6.147647911223230732e-01
6.022622738680168952e-01
6.148195565095552206e-01
6.218459208098154889e-01
5.953251433238130330e-01
6.176036689084698494e-01
6.091209927957216275e-01
6.061393494925995107e-01
5.786506966300144494e-01
5.900712128817435786e-01
5.980194521541695174e-01
6.234066904926375274e-01
5.950946172914304277e-01
6.164874910298029365e-01
6.156669816825790509e-01
6.275885520018048558e-01
5.845414301799827239e-01
6.244311945447615919e-01
5.936862021307955928e-01
6.007411684158872056e-01
6.072273305163521373e-01
6.132754554106993883e-01
6.237761280441805889e-01
5.796652094839289671e-01
5.846620419793765455e-01
6.162394446880113952e-01
6.244870708474694609e-01
5.980156030112669940e-01
6.210418899436153106e-01
6.193926663855754411e-01
6.183868376787695631e-01
6.401257792847168115e-01
6.521650355155128587e-01
6.273753099116388121e-01
6.140713277107366919e-01
6.044005009922014393e-01
6.284672308479194447e-01
5.943060469637450050e-01
5.989493953776048318e-01
5.584600876119243384e-01
6.054311003330709040e-01
6.067758439043708929e-01
5.999929633560444620e-01
5.820882011866819195e-01
6.481383336737289724e-01
6.326665247338721931e-01
5.998980483054698887e-01
6.377465593600945004e-01
6.185767948424675255e-01
5.798348507900767945e-01
6.344501192604995454e-01
5.680298831338083110e-01
6.216533744885811563e-01
5.653209715593254803e-01
6.154133792904701306e-01
6.060221248589253706e-01
6.137026760513847323e-01
6.319966929805740374e-01
6.199878509455420961e-01
6.087746666778213189e-01
6.271517482526953735e-01
5.896409314309970506e-01
6.235763368012032792e-01
6.182646549777811584e-01
5.627165421511897136e-01
6.277567169013037462e-01
6.169027137227977020e-01
6.335965941356211939e-01
6.359489262415420896e-01
6.167640969654730743e-01
5.982675540684765370e-01
6.109748563361108165e-01
6.047469038231820804e-01
6.368340269819879884e-01
6.270752715058972582e-01
5.634255851190895781e-01
6.283796239114838311e-01
6.171221490668657994e-01
6.228097943190763486e-01
6.420541545586456733e-01
6.571216545166579381e-01
6.636953803903038462e-01
6.266468511222357263e-01
6.229595469571340693e-01
6.534384169773507223e-01
6.331819211266442871e-01
6.415956220890067785e-01
6.149172402151773520e-01
6.540650861447374620e-01
6.661093333586178833e-01
6.425004769433836360e-01
6.623405843450602681e-01
6.784384808696384273e-01
6.644191901264806521e-01
6.319689500384306768e-01
6.456706241108025601e-01
5.864054959595152994e-01
5.715039297980755162e-01
5.940863244014557010e-01
6.338691561736641278e-01
6.310627967982969100e-01
6.544046892374297819e-01
6.435453338155741054e-01
6.134001158784573304e-01
6.532160866974972002e-01
5.992746232232170067e-01
6.094929207001500426e-01
6.109001660711155246e-01
5.940655419008950000e-01
5.965711197876351068e-01
6.007993389446583121e-01
6.190646882743446877e-01
6.339971740274638057e-01
6.150081467093416743e-01
6.192469585079368732e-01
5.913090200355726189e-01
6.221808926670548967e-01
5.763752894397491389e-01
5.664605332863636988e-01
6.122776321602492189e-01
5.742527743249274952e-01
6.182678967502640566e-01
6.070865394107983759e-01
6.205040591126687044e-01
5.992302095592421107e-01
6.461866742285087284e-01
6.127035258528763517e-01
6.001981560211950839e-01
6.063644603270748057e-01
6.188810565369228245e-01
6.184306696903582035e-01
6.260161936094781332e-01
6.070017572176815701e-01
6.028700687789321222e-01
6.121882893007342119e-01
6.156517782630208657e-01
6.039951915334519361e-01
6.421509483289112863e-01
6.095774429240184977e-01
6.191985857749209288e-01
5.903029790266701715e-01
6.144986725969232566e-01
5.762057027998687131e-01
6.053195610189697762e-01
5.564785158751990313e-01
6.010014512072354709e-01
5.650514563315187644e-01
5.754739627116524092e-01
5.895815015153040850e-01
5.829366110047957683e-01
5.709719386137274144e-01
5.950976014515191315e-01
5.865166807458174203e-01
6.176202297628624605e-01
6.339915025586699837e-01
6.444592938329896104e-01
6.779907565805074476e-01
6.708548429851403094e-01
6.108859984129680898e-01
6.263760793620806178e-01
5.830743142991178241e-01
6.421896173880217162e-01
5.861521744596257522e-01
5.842385295213983198e-01
6.249497027261842197e-01
6.080525253960709087e-01
6.091421937493539662e-01
6.158178984240579856e-01
5.610202985186917291e-01
5.979951578138387180e-01
5.995514102946032375e-01
6.024721877247474211e-01
6.128502097013264205e-01
6.353276282555541110e-01
5.875734839078153859e-01
6.226362917567495048e-01
6.333113423970405664e-01
6.247936010960224440e-01
6.059610586907477892e-01
5.470082127542045258e-01
5.965688802012421021e-01
6.171036756359170594e-01
5.981495019493288101e-01
5.957230642314813585e-01
6.141831850369567913e-01
6.263036622030055955e-01
6.104281912635034502e-01
6.259338292255467451e-01
5.901701478087979513e-01
6.091239453259243986e-01
5.776594381323866267e-01
5.936936427420662632e-01
5.982903823898504392e-01
5.696773770951372162e-01
5.766112636333068364e-01
5.741981572139575052e-01
5.819863697500751165e-01
6.035690195283852644e-01
6.288162816768342323e-01
6.026781223717644353e-01
5.932216775822701793e-01
6.036189483685824309e-01
5.874388090556932340e-01
6.053106480050747251e-01
5.879522808207175988e-01
5.972896982147409828e-01
6.081485243526369988e-01
6.237545300657909575e-01
5.977673606207347667e-01
6.253195952358920895e-01
6.249397202167589205e-01
6.157505994734027155e-01
5.996820581532922301e-01
6.154531142846803027e-01
6.052104413346846012e-01
6.227192155952074870e-01
5.733197385312918115e-01
6.126855888000972694e-01
5.925358965785497700e-01
5.979915316782015156e-01
6.072992261759693200e-01
6.161296424795119631e-01
5.997297309793784281e-01
6.001781851688247071e-01
6.281860515790853583e-01
6.153744302352287532e-01
6.361515189798450098e-01
6.196108443470168536e-01
6.285767092801362033e-01
6.091786484755917774e-01
6.332331533212035568e-01
6.275637742900918026e-01
6.440513353878494218e-01
6.441956694517901871e-01
6.826852243592790304e-01
6.180171450892441021e-01
6.339710692203799347e-01
6.840808580934008010e-01
6.558170780735955718e-01
6.373873649448636991e-01
6.141672167638018154e-01
6.144644806148903404e-01
5.886363671844452305e-01
6.022743961816305891e-01
5.881963884898272488e-01
6.005848942550243708e-01
6.160644635222775056e-01
6.090280684160473967e-01
5.899209090414184731e-01
6.208690944129950928e-01
6.119726449540938695e-01
6.297738847107809956e-01
6.169534236135671978e-01
6.090433250254828623e-01
5.957604811567406289e-01
6.111110722150876473e-01
5.888060795846116191e-01
6.049267670639008054e-01
6.301682032633321162e-01
6.512063423543633656e-01
6.267203873487166010e-01
6.322806510061876883e-01
6.382740586834849683e-01
6.016069014013432081e-01
6.049872194358979494e-01
6.411660110731931539e-01
6.088072646540801935e-01
6.488032394076178599e-01
6.240314585396233849e-01
5.963392780274212601e-01
6.001734849386068937e-01
6.449112521912984120e-01
6.721388163814617789e-01
6.139774351264037922e-01
6.407107989227626144e-01
6.344970114376756731e-01
6.586533237177607525e-01
6.192589227744347280e-01
6.523691601343143409e-01
6.456684274031455617e-01
6.071494388881722992e-01
6.359189500890758406e-01
6.065682046956452078e-01
6.165427767997563313e-01
5.973361629545039797e-01
6.119542019801429422e-01
5.855829874429496762e-01
6.190652347843099701e-01
6.091557072585687127e-01
6.302827583555937752e-01
5.881102924501965257e-01
6.255195219101492565e-01
6.024960454269003840e-01
6.344216721686593008e-01
5.747185112811243890e-01
5.837201249483769949e-01
6.153868610421422414e-01
5.994386189319329539e-01
5.841802634092252422e-01
5.714861030416353849e-01
6.038676513322746020e-01
5.959882861440730650e-01
6.194196796939590577e-01
6.243608545416953204e-01
6.276292356169321796e-01
6.135726297507492211e-01
5.794677232870852901e-01
5.686469830658313906e-01
6.009584441971901336e-01
6.095693009050328071e-01
5.810486630269031672e-01
5.942038316313495994e-01
5.991142175637284017e-01
5.710160546689683203e-01
6.106801348337134172e-01
5.671257864645099511e-01
6.148587963723388672e-01
5.920507527805918269e-01
5.903999901872081235e-01
5.977734982968295752e-01
6.335133391457377083e-01
6.238698020309506598e-01
6.158121963477759531e-01
6.021861894419103800e-01
5.936317638794441631e-01
5.921361487933156642e-01
6.360116664587359692e-01
6.257077841092334447e-01
6.189015895913614340e-01
6.195656826288501451e-01
5.903444999203916188e-01
6.016811789375371422e-01
6.635983526471491700e-01
5.925624720482287611e-01
5.826636326072762717e-01
5.595401481118176257e-01
5.894273075963744057e-01
5.856624712371717445e-01
5.966445444679341348e-01
6.187902101090689833e-01
6.176664040321788729e-01
6.331330520250812999e-01
6.202414145891401720e-01
6.682327070019949966e-01
5.926929808889612739e-01
5.767424148595917677e-01
5.551914285831136553e-01
6.270976618393644397e-01
5.946678208952395073e-01
6.184433553338201106e-01
6.256973518789611388e-01
6.006826393745685611e-01
6.395213242882312743e-01
6.259875468035933643e-01
6.487787042558765815e-01
6.289212003235615800e-01
5.866493018515976932e-01
5.989686690985990269e-01
6.182968411563541933e-01
5.811430435012370221e-01
5.859956411970712598e-01
5.910500370107322210e-01
6.131493413302113726e-01
6.007093603651394442e-01
5.887294594735299480e-01
6.472704459539548871e-01
6.651433597075776527e-01
6.271182278428778512e-01
6.156757108574957282e-01
6.196058723345104768e-01
6.031906407192613173e-01
5.988374528318082257e-01
5.951215870944300823e-01
5.918026880984980087e-01
6.111404262675497190e-01
5.666892561943447371e-01
5.880211636023536803e-01
5.841872186294488900e-01
5.736941709052593152e-01
5.942349592328695085e-01
6.263636890218557962e-01
6.310270459214134542e-01
6.331036146226672878e-01
5.807681064515610725e-01
6.192154353380685539e-01
6.437867376261749985e-01
6.221185179741264282e-01
5.906199334219717212e-01
5.888436580250623331e-01
5.932479100153486007e-01
5.797793607617683920e-01
6.282198783415052779e-01
6.221921352233057423e-01
5.661792471722020270e-01
6.186450623953644312e-01
6.332486957550762519e-01
6.158610742675365568e-01
6.337063632106685329e-01
6.231466569578432146e-01
6.455787568043571678e-01
6.016388539954973247e-01
6.080458741518581789e-01
5.812966957934400103e-01
5.925086346730915610e-01
6.089097171144454146e-01
6.100881171043666118e-01
6.241353176620767496e-01
6.145163613628530364e-01
6.025755854682744994e-01
6.337770698667901659e-01
6.375645804703000685e-01
6.512199738274423444e-01
6.522199525178699053e-01
6.229712795568033146e-01
6.218787545666307759e-01
5.971314864946257739e-01
6.352378891464275368e-01
5.916514428352793731e-01
5.901852008434140817e-01
6.125503898063322517e-01
6.523047888789583748e-01
6.313173162487819567e-01
6.169349717113972176e-01
6.193146593528183752e-01
6.378167613502720990e-01
6.616467239228577268e-01
6.252790029635596492e-01
6.381158232263423047e-01
6.613275780083188726e-01
6.490750439453714105e-01
6.103492912370801493e-01
6.191307270927669526e-01
5.941557206338583530e-01
6.108257643588790309e-01
5.919145494166435650e-01
5.964420286373223190e-01
5.804860137017728849e-01
6.077479101687233154e-01
5.721977077670131751e-01
6.357427925244381051e-01
5.853087532665284254e-01
6.381636329510042005e-01
6.278053359526623023e-01
6.085678100532538881e-01
5.591607703412436736e-01
5.949701698533250704e-01
6.066596604141838434e-01
5.838980592707034845e-01
6.196655425472047396e-01
6.072417536435831265e-01
6.105757839333518788e-01
6.079002987907257127e-01
5.809763025817267224e-01
6.179559849271666350e-01
6.079680305965375897e-01
5.621286928868529653e-01
6.053147733372880035e-01
6.044213362891226460e-01
6.225026132303544957e-01
5.713005417891429127e-01
5.583752662438624670e-01
6.172845671598914397e-01
5.991487815785516702e-01
5.819462027246691260e-01
5.884946161364722483e-01
5.467602056082627726e-01
6.013646314283497274e-01
5.803429436456717383e-01
5.605417595034147826e-01
5.982012556361360200e-01
5.979501099036486078e-01
5.901212149825536546e-01
6.025464535108128183e-01
6.087712176513103701e-01
6.435242574715147601e-01
6.480335801475940460e-01
6.789581149443494335e-01
6.347846818641280642e-01
6.489242320218018278e-01
6.571919968509360999e-01
5.892201272723937011e-01
6.009904004366198871e-01
6.023470462354820754e-01
6.110351929608864863e-01
6.270450890369719810e-01
6.062433104967844821e-01
5.756776932406064695e-01
6.045473794682324487e-01
5.873981102142344923e-01
5.808395952418986541e-01
5.867470238757097611e-01
6.079374341681176297e-01
5.931055760565752122e-01
6.139209974963311112e-01
5.851753360516653846e-01
5.744929343721241199e-01
6.139753018416763686e-01
6.427386041971389075e-01
6.163038738985167075e-01
6.022942588374723405e-01
6.192899775437127330e-01
6.462372865696170976e-01
6.274254721477439123e-01
5.919739334157908539e-01
6.432239595608735261e-01
6.004660470584526344e-01
6.003158337942543499e-01
6.243778376156148280e-01
6.311149111979050819e-01
6.259049711383147807e-01
6.429628488611396353e-01
6.358740739807482445e-01
6.195918028427198632e-01
6.566636481012997351e-01
6.507959011257725690e-01
6.405859292832362106e-01
6.165775147515992760e-01
6.331894085218949808e-01
6.686153787234139223e-01
6.584502136194027022e-01
6.461268507624392532e-01
6.053329128824987970e-01
5.827844943753467399e-01
6.223560984325425816e-01
5.879601952503199502e-01
6.038279860241478891e-01
5.800837105047851328e-01
6.073944409245577436e-01
6.052589694113499341e-01
6.330799924260700484e-01
6.131609074599693177e-01
5.859807669035757005e-01
5.697233220717468072e-01
5.859637371437340647e-01
5.684285821177809117e-01
5.950716410967765713e-01
6.098457481512719047e-01
6.051128595003507638e-01
6.068492465807735492e-01
6.112867887216509866e-01
6.218863459235950408e-01
6.201892123641951082e-01
6.094731558689037154e-01
6.169089544119790158e-01
6.043660665043782965e-01
6.183812126893518668e-01
5.919500238508474954e-01
6.386631462130971659e-01
6.486848515396516079e-01
6.216772713115119586e-01
6.153303115858789196e-01
6.526027623884270712e-01
6.259362868784940082e-01
6.259065349880195139e-01
6.556500359841284098e-01
6.202265490749192534e-01
6.519678968273804331e-01
6.657792225340871672e-01
6.498163632238231902e-01
6.578339058155702190e-01
6.353910440760908163e-01
6.104714997991969039e-01
6.185063625857883940e-01
6.208102496208676158e-01
5.965284050456297615e-01
6.358712899069454139e-01
6.550376904862622585e-01
6.189476924029662097e-01
6.137211067096682848e-01
6.036359712198875460e-01
6.059543918543298657e-01
6.159658418117006651e-01
6.212169233449800210e-01
6.220870892454970491e-01
6.252336629939633239e-01
5.956262653852231193e-01
5.677534580465448677e-01
6.098350193423472954e-01
6.286113813085870694e-01
6.086395281954780634e-01
6.117961005466616697e-01
6.169377136208464840e-01
6.152357239428050129e-01
5.937605701882693321e-01
6.026336719850964307e-01
5.998783570853561953e-01
6.213407413701343973e-01
6.054294129070907360e-01
6.047977078660435879e-01
6.439871111881889654e-01
6.711479966119285878e-01
5.957837737750728557e-01
6.077099002645660608e-01
6.262645424782298242e-01
6.140751675605228277e-01
6.044539589956190451e-01
6.218333347523168353e-01
6.551335573653981337e-01
6.298463765144137749e-01
6.700121683539456141e-01
6.752089679994557336e-01
6.561646524713425910e-01
6.476480231092245354e-01
6.367310648008844831e-01
6.353167111233544162e-01
5.941579317226823864e-01
6.049113869012474609e-01
5.537677316254652204e-01
6.376523374768616748e-01
5.841460841376775459e-01
6.012232942759405674e-01
5.962956443011493413e-01
5.817804641956707545e-01
6.153592078018783607e-01
6.061483073766125163e-01
5.926613070497073199e-01
5.869367467076876954e-01
5.925185799346970317e-01
5.463220278194799162e-01
6.030659608470202437e-01
5.970527879989615538e-01
6.098717979235379616e-01
6.392012280406698110e-01
6.417873911631765127e-01
6.139144471611087672e-01
6.025346262320021573e-01
6.575208363655684618e-01
6.097458933622459387e-01
6.137923727244783967e-01
6.121856930809393971e-01
5.833606639991875120e-01
6.471308489892546589e-01
6.534745946194433497e-01
6.295153640230337633e-01
5.958606894084037542e-01
6.375519601886106003e-01
6.194351758385733264e-01
6.540792209585820638e-01
6.230720752389536932e-01
6.656265431378245445e-01
6.335814261263017499e-01
6.322503160216970119e-01
6.007140779705588685e-01
5.745952187619047802e-01
6.156030617589254295e-01
6.111560024865607677e-01
5.808411058363331936e-01
6.107168498663384515e-01
6.228108398022359493e-01
6.049941909286064012e-01
5.883843437247471275e-01
6.056028724640331040e-01
5.912707113410218263e-01
5.824422970766952590e-01
6.311434230310960514e-01
6.262241024658709021e-01
6.130013654547443736e-01
6.342372719935527314e-01
6.191268943590445550e-01
5.892790403398833199e-01
6.021853780884992569e-01
5.943156820193585821e-01
6.176414195732343737e-01
5.815812978147310019e-01
5.803430153005472159e-01
5.951801748885209298e-01
6.378360180200748353e-01
6.101765148725966093e-01
5.573996171413083678e-01
5.749244071888923724e-01
6.018914402029535982e-01
6.304403467823838092e-01
6.222395913394257461e-01
6.260206375227436171e-01
5.648343194483941287e-01
6.099481001853243045e-01
6.086745137429110386e-01
6.090178135121957492e-01
5.802250889085676100e-01
6.003644238670050592e-01
5.730832256720287399e-01
5.697696534862469742e-01
5.947178902423672087e-01
6.138555250041182187e-01
6.087961539529156418e-01
5.968995987956321470e-01
6.302982421079534880e-01
5.810871603630772819e-01
5.659898467689975510e-01
5.712402578628796856e-01
5.710342593245730791e-01
5.745113267690745706e-01
5.721115315808388280e-01
6.144258113551174239e-01
6.103373517806675030e-01
6.315776886147597136e-01
6.038771522769648126e-01
6.115493189847100997e-01
5.958766422297004928e-01
5.981616438411163639e-01
5.961512867189007192e-01
6.014824493468561295e-01
6.335385551023733353e-01
6.373911124977114095e-01
6.188455275265991595e-01
6.457535709946141678e-01
6.245303646927337082e-01
6.288184740563539377e-01
5.984852968727126798e-01
5.984748444576363235e-01
6.050667853791033002e-01
5.792916894172134290e-01
6.199604879650000289e-01
5.650941811409324611e-01
6.131136408985848885e-01
5.775412383372612313e-01
6.143742114916155295e-01
6.100856404342742678e-01
6.276662114334662368e-01
6.241982082919103059e-01
6.043101944880930887e-01
5.798708207335785403e-01
6.414972178187821061e-01
6.246960911199109789e-01
6.168518733058310222e-01
6.357299349375106212e-01
6.284065866655718091e-01
6.110076922373083308e-01
6.431014039569965535e-01
6.430524672521467089e-01
6.380443532083465152e-01
6.257280450816514739e-01
6.128572236507313642e-01
6.586273977226176912e-01
6.142457004996145775e-01
6.184806544033086828e-01
6.240109363529292574e-01
6.081025665535347846e-01
6.458797769159878577e-01
6.331673264277964952e-01
6.179870951112185207e-01
5.852031178774923514e-01
6.340975222760855123e-01
5.903631445559781588e-01
5.965613990456931637e-01
6.395588393286872897e-01
5.843992263185803226e-01
6.135169135875755408e-01
5.902230611940998406e-01
5.942147081504536299e-01
5.792054476004204755e-01
5.552508596431426913e-01
6.272905407957269919e-01
6.284548628144173144e-01
6.581581929190991609e-01
6.104675088997424393e-01
6.135860489934192863e-01
6.409850922220776681e-01
6.172547342336565102e-01
6.051927728794117556e-01
6.328308828623880888e-01
6.277587902953183363e-01
6.143150806302460909e-01
6.084327481753774025e-01
5.880162339211190137e-01
6.441524355192885798e-01
5.809791168944404838e-01
6.056510007248550043e-01
6.168990195418051492e-01
6.187240989778950429e-01
6.162660760900047219e-01
6.062626929237442397e-01
6.123921202721979151e-01
6.167254828228430075e-01
6.227201156434387652e-01
6.327946357681656364e-01
6.104967372008477389e-01
6.140123924794659294e-01
6.276452874589844022e-01
6.049237209860587328e-01
6.083328769205017528e-01
6.402350253446279504e-01
6.165728147828740680e-01
6.152829294644780456e-01
5.894481794429003996e-01
5.848000479161912235e-01
5.766645193149610993e-01
5.951479428292720808e-01
6.610188773015337471e-01
5.992782280117477933e-01
6.175282765512469796e-01
6.336030918538473333e-01
5.931188335684862700e-01
6.162762900183392789e-01
6.168131363180519022e-01
5.999316054884670235e-01
6.436124960992977151e-01
6.103877009467094661e-01
6.242714699189694239e-01
6.465843394566469504e-01
6.617599143012213858e-01
6.144453737455869424e-01
6.284620554070687870e-01
5.917572067465147745e-01
6.289671646832551977e-01
6.177104774516686270e-01
6.065130725051367522e-01
5.994839562636936625e-01
6.021894751716035943e-01
5.883864479036250428e-01
6.227576045187399600e-01
6.318484503821032439e-01
5.990185766558683289e-01
5.840268058572116727e-01
6.020852152870147522e-01
6.305515784725236328e-01
6.205830702091367224e-01
6.423102223826122614e-01
6.323384373651537160e-01
6.178136580696147462e-01
6.271417101736737054e-01
6.307254631598906425e-01
6.516099535129666886e-01
6.241285619695331466e-01
6.675067775511657198e-01
6.838918067039410076e-01
6.128138081521414815e-01
6.406330705235505629e-01
6.311080144970658834e-01
6.326275853178314756e-01
6.632655076059217336e-01
6.734557070174816973e-01
6.525537694623365637e-01
5.928989394551256176e-01
6.482548358333204419e-01
5.869659981132974158e-01
6.386916009104246506e-01
6.321466305546347142e-01
5.994532895177240306e-01
6.309453111891936139e-01
6.245506825252993277e-01
6.334521557233586675e-01
6.458879414394828045e-01
6.051030530315203437e-01
6.218971235164391098e-01
5.735867986916936001e-01
5.918322598991784256e-01
6.156786555442688158e-01
6.211083330792317447e-01
6.007215448632943211e-01
6.093260646066109842e-01
6.303014294978972476e-01
6.097254973481751605e-01
6.124943319055379254e-01
6.079591077822241729e-01
6.243787255710359085e-01
6.234203803094121588e-01
6.299336797584625947e-01
6.174406525363979048e-01
6.163223757835307737e-01
6.064388053905711562e-01
6.099934404551864420e-01
6.349968667896448427e-01
6.235258138814864237e-01
6.193186379219798310e-01
6.101687359218831430e-01
6.193268015870125875e-01
6.150904433774153635e-01
5.892654937740984256e-01
6.070236053626590911e-01
5.961791735116747093e-01
6.041730262756541681e-01
6.081749736355774871e-01
6.360622111311208249e-01
6.375080579489825761e-01
6.411489766172923099e-01
5.974185573771265689e-01
6.765557226457822315e-01
6.132712742450412424e-01
6.026053052405548893e-01
6.810162505508542408e-01
6.362754391979758006e-01
6.026627295945282681e-01
6.380663916685169745e-01
6.232926734325843210e-01
6.778985511936884700e-01
6.581582397119959404e-01
6.677200887982490674e-01
6.179352223231111552e-01
6.465418128698950939e-01
6.435162677384346219e-01
6.467541493086370608e-01
6.627139053362800514e-01
5.940076187091355431e-01
6.546173622190869512e-01
6.102342850651084616e-01
6.075907243434950367e-01
6.022820643551636266e-01
6.459223912622622521e-01
6.257793478434493517e-01
6.085899006733407335e-01
6.098818030372583632e-01
6.802397443758387841e-01
5.983965302683633691e-01
5.483487941117690667e-01
6.252711802541700559e-01
6.094028486236982012e-01
6.313423455451878663e-01
5.820086676059735842e-01
6.015826395896715084e-01
5.802461737708370926e-01
5.853927162654629646e-01
6.119383694861172396e-01
5.940206831463892279e-01
6.002121515903968696e-01
5.662872826443435814e-01
5.790828978539402927e-01
5.757866350404212685e-01
6.261055599564351315e-01
6.508727182620659413e-01
5.888469131000724222e-01
5.766312794895986915e-01
5.866785078427583233e-01
6.226315398314855587e-01
6.252125046240710748e-01
6.216977316415490673e-01
6.415304524159619604e-01
6.220959543446125117e-01
6.537903982769136535e-01
6.260601550727245002e-01
6.183089483308399359e-01
5.840576435954687451e-01
6.379892171513883437e-01
6.255740037534625042e-01
6.158135466369245581e-01
5.932453904201352435e-01
6.156890799072456399e-01
6.247995217494758391e-01
6.009860056372228199e-01
6.233897757432158571e-01
6.540150982173950078e-01
6.058370033327229454e-01
6.065128565650352854e-01
6.231414140595494811e-01
6.256944691024386440e-01
6.533946505140487693e-01
6.605432735724153792e-01
6.233630610143403583e-01
6.006303013726543849e-01
6.147671995070767004e-01
6.149723836337552818e-01
6.467639715708213277e-01
6.805886232081775900e-01
6.571248157624984820e-01
5.837076869826425263e-01
6.259349305757215820e-01
5.828351566320399968e-01
6.105229193592057735e-01
6.355154266478512115e-01
6.524393319717507467e-01
5.804809505289445504e-01
6.478925935269724823e-01
6.574512023382734771e-01
6.471539045555698699e-01
6.024064525326292552e-01
6.041005454399307473e-01
6.137893993853750230e-01
6.065389465846547923e-01
6.027143616964987238e-01
5.946709621332288975e-01
5.860465751930632461e-01
6.086767379889170826e-01
5.794679308149466301e-01
6.248825343110940844e-01
5.969356762701790720e-01
6.083261872106034973e-01
5.659617784312077626e-01
6.143270308976629401e-01
6.195769342134258562e-01
6.408752986809221897e-01
6.410142757106108702e-01
6.253668677596551095e-01
6.176161565679528787e-01
6.300629601574605498e-01
6.482437607992600492e-01
6.305709849400906730e-01
6.104563866684287188e-01
6.269402424348432534e-01
6.267131531508330911e-01
6.107234975521658171e-01
6.087010068442072486e-01
5.943141589862954710e-01
6.455224306093855224e-01
5.751111558679301572e-01
5.880114050226340483e-01
6.228829981291807982e-01
6.168582656796901542e-01
5.992565990130536147e-01
6.328944115406954785e-01
6.211182441430990187e-01
6.118665579096139728e-01
6.218736595241523002e-01
6.381124843802324920e-01
6.222649669793811622e-01
6.301911211154732628e-01
6.667233668332053220e-01
6.439486876604111343e-01
6.206041152285268758e-01
6.431376037142634283e-01
6.083818425340190572e-01
6.535135612077204170e-01
6.034061714890160966e-01
6.500706090959815775e-01
6.324794909430828671e-01
6.672253378769867904e-01
6.267785073451490607e-01
6.103567704206266376e-01
6.451255718188207977e-01
6.481758981139613685e-01
6.100386306201217579e-01
6.417402352402726828e-01
6.059464586042274670e-01
6.452142459327284696e-01
6.484653885956809249e-01
6.279298926981826678e-01
6.363806574171005925e-01
6.059840508756402233e-01
6.143589305067710393e-01
6.340079213869382890e-01
6.327644131073216771e-01
6.386404542194314971e-01
5.971614222432763963e-01
6.053079126744959071e-01
6.084581458948973287e-01
6.337534769384527422e-01
6.315388487356351499e-01
6.113705621586981165e-01
5.657679669901763964e-01
6.042553575546941724e-01
5.969764697586550373e-01
6.101178205487591821e-01
5.964972912129926641e-01
5.967416134334208033e-01
6.064431887742713911e-01
6.343170746159869644e-01
6.162466984919824364e-01
6.015637943605453009e-01
6.526837132088707527e-01
6.209442390523385313e-01
6.192484329435360424e-01
6.215314985603876963e-01
6.247196567591455363e-01
6.461244090578605048e-01
6.449476584912384736e-01
6.647689930888039944e-01
6.303175694440108501e-01
6.383308790785839903e-01
6.184081619575300115e-01
6.232795007306596302e-01
6.298948380116780044e-01
6.143298099055385375e-01
5.808314311365240235e-01
6.267608408253296792e-01
6.163687890714814044e-01
5.780720226822693153e-01
5.960648310810501282e-01
6.077016383912974273e-01
6.031940633945666042e-01
6.019084971790228389e-01
6.203832845170362820e-01
6.237283219228821896e-01
6.296054218219094833e-01
6.344924863526905101e-01
6.303512598503656639e-01
6.328790008728500949e-01
6.498408793992016541e-01
6.142353990112748852e-01
6.261291613057133887e-01
6.247001561365427280e-01
6.324944538990755483e-01
6.098494740571718253e-01
6.255526797481147927e-01
6.273640358552139418e-01
6.362879285368692184e-01
6.177101410724658015e-01
6.029852548189192918e-01
6.104051026134680313e-01
6.510556924661405898e-01
6.128480522697778987e-01
6.211175266778600212e-01
5.886003425792806221e-01
6.167003055483435414e-01
6.241438203960497644e-01
6.496136354267401103e-01
6.342917728718741044e-01
6.419587971978731877e-01
6.188404234098729972e-01
6.067876752640195548e-01
6.180609394692779812e-01
5.820270794012308846e-01
6.045555406139393462e-01
6.030275251535278658e-01
6.249372508883920263e-01
6.145258859603067725e-01
6.143559825851427902e-01
6.201180252223313927e-01
6.216762936439258480e-01
6.152782211970264648e-01
5.905299273194364318e-01
6.081850491241770351e-01
6.052169229281297858e-01
6.002240565759626723e-01
6.147424767033558002e-01
5.924852297240550403e-01
5.975716794327250447e-01
6.282476092574683646e-01
5.773486677178374382e-01
6.090214068650569024e-01
6.002294173838070845e-01
6.097482721247844406e-01
6.218303778246410118e-01
6.307891169165396050e-01
6.205268954052693964e-01
6.307186876886470284e-01
5.529077218453514186e-01
6.253333969879809606e-01
6.252282426881389243e-01
6.041151751398574632e-01
6.036747483010881377e-01
5.908168201881072168e-01
6.224532977905677944e-01
6.327140390255752145e-01
6.189393387397297275e-01
6.001454782827639889e-01
6.079857668548602767e-01
6.128655132594899024e-01
6.101904111784853812e-01
6.033293393049661280e-01
5.770008671263507916e-01
5.867113203537743793e-01
5.954299111264275135e-01
5.895821645760398466e-01
5.438114309386802292e-01
6.111750592700083695e-01
5.924258012673689899e-01
5.955916673572683173e-01
6.198605699719949014e-01
5.880221655916372248e-01
5.673061800668274257e-01
5.851100684233484506e-01
6.117727275445004054e-01
6.136630178521903511e-01
6.385558261374711941e-01
5.865106918408695691e-01
5.917275445220562258e-01
5.718028872024362164e-01
5.794705863283931002e-01
6.006052167137277964e-01
6.056771189749050599e-01
5.624069084423872766e-01
5.758072877799840228e-01
5.760500349774656526e-01
5.731078288700510726e-01
5.645336412658316094e-01
6.076168913170395536e-01
6.316238960257688495e-01
6.242421513118135978e-01
6.031684981627583042e-01
5.775590719751233504e-01
6.336681414350213704e-01
6.459279869408656172e-01
6.252152433079533056e-01
6.101532016891829668e-01
5.866795436532559194e-01
5.873274095663996164e-01
5.702655113684700350e-01
6.049016731044882800e-01
6.224556296099502672e-01
5.943839552399028392e-01
5.883208475504574375e-01
6.184564466472544098e-01
6.109307259340892582e-01
6.312930485920976720e-01
6.269242853363835577e-01
6.206652299550059482e-01
5.983189196439868685e-01
6.048924284683045993e-01
6.275145987331031128e-01
6.336428186991537315e-01
6.195055684903084670e-01
6.258417831551594812e-01
6.632613205278586888e-01
6.234040569736383208e-01
6.113170551410890274e-01
5.953910617364678304e-01
6.335089644929404740e-01
6.339592017271836744e-01
5.856397456568411819e-01
5.939473709410045821e-01
6.054129665754803824e-01
6.029459378205577202e-01
6.181274927056215063e-01
6.534653970616619567e-01
6.338348610263866423e-01
6.072644598450194220e-01
6.066759722692998125e-01
6.021116704040704315e-01
5.739435263993315495e-01
5.875167275845588621e-01
6.229678122447847022e-01
6.175736455056812790e-01
6.397077219417810490e-01
6.296640178898470497e-01
6.278313332319911400e-01
6.440096405530674195e-01
6.356794549729093413e-01
5.979001549198510457e-01
6.128710195366470215e-01
6.186741878632338043e-01
5.807960676962811153e-01
5.760132480265577337e-01
5.949825711231995218e-01
6.161459059772234070e-01
5.975447849925421551e-01
5.915779185017056019e-01
5.700537746399577665e-01
5.870438518412519624e-01
5.970376351472264087e-01
5.411224028973572464e-01
6.009736671245085038e-01
5.703880555532693242e-01
5.520748292548534053e-01
5.649348441477672900e-01
6.200978201078787277e-01
6.398327498600957508e-01
5.804930355308629553e-01
5.952989628691367496e-01
5.837957437532141913e-01
5.932617562896038699e-01
6.154749340523770762e-01
6.001434677357101455e-01
6.147031002068019667e-01
6.052195302463118098e-01
5.927472385432134283e-01
6.299852417106298619e-01
6.162317104966560377e-01
6.399057604235576235e-01
6.002263863410189915e-01
5.947521946492174694e-01
6.190444646184738442e-01
6.457000556215781728e-01
6.326476635949993543e-01
6.246247163734541807e-01
6.034672812025286825e-01
6.208644576501766155e-01
6.612457683175713141e-01
6.036145358643283387e-01
6.317871497345294296e-01
5.659179745772566772e-01
5.875317072095360693e-01
5.840170099291926986e-01
6.067236553959431955e-01
6.083378891454267468e-01
6.212998611816085148e-01
6.053731470061746167e-01
6.043851691896766631e-01
6.245518804077186958e-01
6.277919557775659687e-01
6.254199194272068718e-01
5.868950889714766861e-01
6.006953938213164257e-01
6.043373423097772035e-01
6.299392813080101350e-01
6.173912987223993953e-01
6.243336783232688036e-01
6.226008300202702239e-01
6.273198976563524321e-01
6.297976384614615286e-01
6.148083642265871340e-01
6.227272781429663562e-01
6.200994248364889438e-01
6.185264801261666223e-01
6.081443338571417279e-01
6.364018381528468993e-01
6.153909444272401830e-01
6.003682255987807803e-01
5.709121348014183361e-01
5.835111611758353467e-01
5.691720556410690968e-01
6.107170756154164382e-01
5.668990239441383805e-01
5.649712196370330064e-01
5.985670044090726227e-01
5.782764031596339116e-01
6.302135519416552922e-01
5.706338246362397948e-01
5.628976614277567680e-01
5.869238735727418943e-01
6.047860112887507578e-01
6.011004792041069189e-01
5.731533191125390836e-01
5.961369106050269373e-01
6.061126784520801669e-01
5.904339217941428908e-01
6.471529786761540670e-01
6.456425360215543030e-01
6.069406281485402177e-01
6.345940328150876386e-01
5.979010065632704984e-01
5.788805910559240431e-01
5.898538506661989977e-01
5.768960479455086388e-01
5.496616776220348832e-01
5.980944012006804700e-01
6.193686935506707014e-01
6.464894576260347137e-01
6.240305712372062885e-01
6.472005100669122601e-01
5.989510288497530421e-01
6.249023177589387856e-01
5.957108747228029300e-01
6.145869539760697720e-01
6.088787760858614950e-01
5.552999804077731749e-01
6.039258653764324469e-01
6.036036426333944993e-01
6.029223690392855328e-01
6.421893020803153274e-01
6.439817647912189358e-01
6.296547116850312875e-01
6.174063967095095862e-01
6.375562851151413968e-01
6.223540181536413307e-01
6.542734749545113804e-01
5.874770485006268750e-01
6.079033044167707622e-01
6.292139787177808419e-01
6.316852920346031075e-01
6.165376639304814832e-01
6.359321426766130214e-01
6.408792404834328105e-01
5.995070459379530092e-01
6.200295148905542453e-01
6.153753863336697272e-01
5.986374891141075238e-01
6.017112022693369422e-01
5.658371464925505689e-01
5.768789927938331452e-01
6.240736478120172404e-01
5.771403993333045213e-01
6.022179723052911715e-01
5.840257817469513002e-01
5.974409939154620153e-01
5.724118737937677892e-01
5.676437520261917724e-01
5.601144025577068364e-01
5.843628730237595548e-01
5.867778683822298946e-01
5.730924238447514529e-01
5.556883216530135172e-01
5.711296978137935243e-01
5.943007698144071593e-01
6.192762739376322934e-01
6.150321469532322727e-01
6.099231122489106038e-01
5.883829354907003095e-01
6.435081601390378880e-01
6.120149749646114357e-01
6.338161731981861724e-01
6.161102139837920655e-01
6.181750990128183076e-01
6.291365997841079638e-01
6.016501812649747150e-01
6.161987897502526623e-01
5.729445966669171053e-01
5.935339317613513854e-01
6.022193283773550343e-01
6.064518552319702049e-01
5.668874889148818319e-01
5.771031679872389297e-01
6.232562921315198956e-01
6.105079092831378063e-01
6.219851344964121287e-01
6.652935248182636485e-01
6.492741420026615362e-01
6.378457439824044561e-01
6.069255253393603944e-01
6.270357171516696138e-01
6.182259936387438648e-01
6.160559150474355095e-01
6.003688763411701990e-01
6.270917545117598024e-01
6.391306531220045661e-01
6.253261769616176302e-01
5.845960054766583536e-01
6.261459116896530563e-01
6.303631215812031119e-01
6.218548656147978582e-01
6.225879117138072294e-01
6.280727796978543553e-01
5.806506738170147397e-01
6.070720500211751469e-01
5.930681054586695033e-01
6.243729356133274067e-01
5.704442615458230614e-01
6.021838277230215919e-01
5.962180243413548464e-01
6.252277617397410392e-01
5.918617574366009659e-01
6.009039239039695168e-01
6.099202398925178681e-01
6.201703104805611488e-01
5.950698115348163064e-01
5.987740113261167396e-01
6.162543438816108221e-01
6.036917623601473215e-01
6.048941196813528709e-01
5.864274306748902266e-01
6.268440177386369605e-01
5.985361032279900018e-01
5.951997710066497804e-01
5.872176893201048742e-01
6.092733478153842253e-01
6.083446701912185173e-01
6.473572581904808443e-01
5.961634155481104758e-01
6.021083816332930549e-01
5.843023089810106541e-01
6.298246260673947550e-01
5.948709202525730433e-01
6.449911826802400272e-01
5.941975536695880411e-01
6.362384104863925138e-01
6.165387397318040641e-01
5.719483591745171402e-01
6.144307885213003972e-01
5.902021479865414699e-01
5.924133918864528114e-01
6.072665768191938263e-01
6.248799030112142106e-01
6.059464846376926284e-01
6.086724361433509811e-01
5.640228980528695368e-01
5.831329903517551427e-01
6.058884701867007783e-01
5.792017436755747539e-01
6.296275186487517717e-01
5.709180383874733478e-01
6.188406059142507187e-01
5.875847095247362928e-01
6.172428385046487831e-01
6.230402937902480565e-01
6.042618720148759115e-01
6.247412761472251885e-01
6.186008041488619824e-01
5.991356801773159990e-01
5.904274658300049383e-01
6.370686677774194395e-01
6.014302686636208151e-01
6.090549210309605943e-01
5.792714477577514121e-01
6.398432686333489494e-01
5.933000726403951930e-01
5.788416640955102999e-01
5.920979940580687328e-01
6.214437830489991654e-01
6.378335802139498689e-01
5.905421959019722111e-01
6.040328910086832925e-01
6.503391704413211682e-01
6.079379094820370755e-01
5.777595485207810411e-01
5.900885907022227483e-01
5.878814436179596870e-01
5.934731306603201473e-01
5.977299086936930239e-01
5.942927633253476394e-01
5.778778152381901512e-01
5.410061409276960553e-01
5.937751749293934678e-01
5.742371907569425726e-01
6.037885429988182340e-01
6.103807760320648645e-01
5.848787934769018593e-01
5.902390002924927659e-01
6.101323143451645725e-01
5.670617407226311579e-01
5.982321486954437217e-01
6.103447582583466646e-01
5.892467106948093836e-01
6.002119774479727221e-01
5.892516858272358604e-01
5.360107604862531794e-01
5.700368770110672001e-01
5.973991615906988351e-01
6.256759102155781127e-01
5.904289280865496758e-01
5.948502983581065440e-01
5.871199391636883202e-01
6.041411248125864164e-01
6.142720932599237127e-01
6.161323657785272578e-01
6.567363437324976738e-01
5.845303176691073466e-01
6.337764512945951445e-01
5.797748328004572738e-01
5.954510006152847756e-01
6.245515439180496786e-01
6.725310199327083627e-01
5.959816005825665508e-01
6.494900207594983543e-01
6.199674780918592587e-01
6.614507709964466686e-01
6.096826984964636154e-01
6.714701359128844027e-01
6.458735943640859789e-01
6.127332710779437308e-01
6.356540272776081135e-01
6.581433430840821774e-01
6.554738574346468116e-01
6.272909045605598033e-01
6.483152296708444284e-01
6.982097686887012156e-01
6.410473561799564512e-01
6.035374199202951928e-01
5.781496689265308575e-01
6.030728700078802351e-01
5.748358648560831785e-01
5.719342938428654266e-01
6.255163780498999015e-01
5.912252967271798276e-01
6.131748886640584484e-01
6.179953567638595269e-01
5.979492580574121696e-01
5.687110859424643339e-01
5.862781906143513799e-01
5.484979270762959658e-01
5.744028003430213802e-01
5.763040963595998933e-01
5.992312628191094337e-01
6.186538622959592004e-01
5.956516063476310352e-01
6.108994694390847968e-01
5.912207627017554978e-01
6.196341390620124789e-01
6.511381667307760690e-01
6.389763742415200953e-01
6.483559267487279953e-01
6.329361505303470192e-01
6.622327767057216708e-01
6.165580775201556785e-01
6.310428495700318718e-01
6.116612992772673119e-01
6.314915661017044268e-01
6.131890025072603834e-01
6.070252673505045493e-01
6.426071786240751260e-01
6.065947532504466500e-01
5.740704647627142831e-01
6.079709651566000961e-01
6.105309405802010758e-01
6.190845283952169931e-01
6.040218097032796774e-01
6.121972508132074164e-01
6.340335239528266387e-01
6.378478925713313430e-01
6.420977359851327559e-01
6.412116342699127891e-01
6.144966930483309886e-01
6.267509003176271465e-01
6.206134918005136170e-01
6.375381382800027197e-01
6.280684214644416397e-01
6.156138383462080865e-01
6.199628497366020952e-01
5.869775140488701082e-01
6.286220685591326074e-01
6.009196168745775113e-01
6.206411461918365235e-01
6.092443261702691348e-01
6.121023236221883046e-01
5.657692177420625690e-01
5.709982433483064002e-01
5.726935329253054485e-01
5.790953405187582170e-01
5.916956809073297130e-01
5.964198472556659913e-01
5.900650296007881046e-01
6.014627881055049086e-01
5.473653841243524276e-01
5.576019677633108351e-01
5.984510123185634578e-01
5.935437365067728344e-01
5.817398616319844340e-01
6.259216352969255714e-01
5.986594903069865081e-01
6.112803610387751441e-01
5.730574060569002537e-01
5.838063618018466405e-01
5.761945492122791945e-01
6.063293659942079472e-01
6.020145427440830588e-01
6.341528211016537186e-01
5.803347032931003291e-01
6.044340953399953698e-01
6.460938284547887989e-01
6.093252259887910194e-01
6.523947917015144871e-01
6.221814726884982161e-01
6.256501372592065957e-01
6.018526082147873657e-01
6.100665568404889383e-01
6.124545552096627432e-01
5.942057458269363046e-01
5.942605870995015804e-01
5.900922202211155154e-01
5.897343701798378746e-01
5.930449837079873054e-01
5.884214730049085462e-01
5.666032892072685456e-01
6.147642356977726097e-01
6.009687099655554032e-01
6.161438809744171907e-01
6.287846309874950412e-01
6.042971001579372503e-01
6.010002359509908354e-01
6.160035125050107307e-01
5.744240964016392725e-01
6.097322460152021506e-01
5.795949449469022241e-01
5.997599252139035331e-01
5.866518343663602586e-01
5.908318019403339116e-01
5.944417997909905438e-01
6.221409058944473713e-01
5.518498189659636344e-01
5.799446295830491538e-01
6.040554691242191465e-01
5.835556068943412722e-01
6.094379602334643042e-01
6.175210712478725883e-01
5.790714195732740155e-01
5.963951410090211347e-01
6.058291618841826764e-01
6.278448725494468752e-01
6.280133779127571314e-01
6.204492811487131165e-01
5.807386503173413983e-01
5.944770704884465573e-01
6.021177022954340430e-01
5.998506383457217206e-01
6.427860472798987423e-01
6.012492884190457909e-01
5.826706070536545878e-01
6.001092327507635549e-01
6.025738448642458112e-01
5.883539918758858844e-01
5.963720191080951194e-01
6.337626643092378886e-01
6.438927529342041156e-01
6.280074596371771900e-01
5.844256970132220008e-01
6.294899224654804115e-01
6.122804780611504905e-01
5.928851033380859725e-01
6.184390235481863618e-01
5.851303269937203622e-01
5.848194412407777820e-01
5.734439328161738958e-01
5.848791874899719190e-01
5.709604819311092649e-01
5.670641816704665716e-01
6.083468346981167896e-01
6.068697487785835731e-01
6.130992439633301538e-01
6.021289680983347159e-01
5.957784201346885133e-01
5.836608295465282037e-01
6.067126881986880660e-01
5.757513417303257164e-01
6.073995998777066418e-01
6.022741169979312081e-01
5.901617596849745295e-01
5.788184426341820288e-01
5.722030782873446242e-01
5.576895690810127482e-01
5.641804728760069221e-01
5.670545404654744326e-01
5.984605940454544859e-01
6.277705740468335627e-01
6.096655049812365057e-01
5.855536774463889760e-01
5.910121667105779908e-01
5.882817375419684414e-01
5.638713822483786275e-01
6.056610714909034243e-01
6.223260122941323136e-01
6.224458517683461034e-01
6.546188309091447444e-01
6.154767026931345919e-01
6.376583989838867650e-01
5.885377499662390877e-01
6.184530667609773325e-01
6.190601565648723437e-01
6.587578526853488103e-01
6.113689931015668932e-01
6.154986519945002676e-01
5.958531728116405191e-01
6.061352057185418474e-01
6.043225411466278674e-01
5.896828831727306541e-01
6.193791928862284468e-01
5.781023175710207074e-01
6.109695276996500723e-01
6.122138824240662691e-01
6.120890344259697358e-01
6.127310564387508096e-01
6.034483996892016089e-01
6.106572236459173464e-01
5.763387628316819500e-01
6.247857402681789019e-01
6.461284905210559204e-01
6.430084966006643921e-01
6.322212097249136908e-01
6.237859765866826667e-01
6.527935169901120105e-01
6.259194493867190623e-01
6.271448962249626113e-01
6.566958482926076313e-01
6.175061140308182317e-01
6.040249514850206669e-01
6.286232930326621782e-01
6.135944301245863652e-01
6.596576660613744369e-01
6.134853411589471506e-01
6.111615762247309958e-01
6.062106246543222943e-01
6.182088815345143651e-01
5.851409203632143008e-01
6.386245959394198923e-01
6.772852696887711188e-01
6.224871509479747989e-01
6.454121471078737571e-01
6.379717521287368021e-01
5.817728292513234534e-01
5.911738948234126489e-01
6.247475705504584864e-01
6.043594656013854260e-01
6.303122049518056214e-01
6.176358381532068842e-01
5.920142459099629884e-01
6.170440984700715781e-01
6.062836857047682049e-01
6.161918079079055088e-01
5.998573150681303368e-01
6.089047659290591774e-01
6.200044218382047001e-01
5.922981159027069786e-01
6.388866158753609970e-01
6.212084433197038180e-01
6.487407303589244334e-01
6.314650789776921069e-01
6.358281908232737978e-01
6.438690455507610766e-01
6.326987221560974595e-01
6.010097544542276626e-01
5.964494606179203684e-01
6.260053277198609489e-01
6.309250733804854239e-01
6.037582417216864616e-01
6.312628271907162469e-01
6.350835954222822100e-01
5.957630407123916116e-01
6.082475463590187870e-01
6.076665136643131238e-01
5.809059065652742992e-01
6.262776937099125973e-01
6.080606118211397959e-01
6.235432303178438662e-01
6.182509825589606045e-01
6.038471824481255190e-01
6.136031017857437320e-01
6.285189081083706331e-01
6.513161306363971503e-01
6.582340578474880077e-01
6.062833674487702051e-01
6.401866768088865234e-01
6.586488966603636364e-01
6.044187638519750161e-01
6.239557451641627450e-01
6.142830808914884200e-01
6.048378983644957518e-01
6.050350813714615583e-01
6.019682976599592950e-01
6.340769917073009188e-01
6.580182048426290731e-01
5.994548318709151946e-01
6.291068676867788145e-01
6.332553817794359663e-01
6.219814378261663279e-01
6.089487220281334379e-01
6.124138562188353729e-01
6.064491923641366355e-01
5.952039279176745135e-01
5.822219288572925144e-01
6.388126893722251287e-01
6.093433581128752108e-01
6.128584316272684962e-01
5.919040562430617491e-01
5.955566190290229045e-01
6.086094175380540872e-01
6.495448677540558435e-01
6.174086363669734068e-01
6.188733439949417603e-01
6.186058160936086514e-01
6.112582011669156490e-01
6.227278977733859966e-01
6.323757971717335336e-01
6.447233173409973039e-01
6.638980836225879534e-01
6.415510708643165083e-01
6.028924280782296252e-01
6.034798665985089405e-01
6.234896730287208255e-01
6.239632840743988274e-01
5.740819052849901460e-01
6.090847860701839034e-01
6.102407498270907560e-01
6.023643165298209201e-01
5.875795664244849448e-01
5.945695068326749544e-01
5.988662479565497465e-01
6.219901200066176861e-01
5.839630939430291434e-01
6.351851610965852934e-01
6.048289850903192377e-01
6.091261059847596915e-01
6.308676445704607394e-01
5.942990266685056477e-01
5.810813178025855397e-01
6.108522441066701614e-01
5.963652186329764238e-01
6.231144042202616529e-01
6.646824489071578856e-01
6.405067921520032348e-01
6.232063114876067456e-01
6.482371892948813885e-01
6.072382131766073110e-01
6.134384746045615788e-01
5.898512677350529199e-01
5.918296681065862153e-01
6.253633506800456709e-01
5.912455509873435489e-01
5.496362461580277525e-01
5.907634294721888502e-01
5.965443179528702178e-01
6.579195767349331758e-01
5.983471109200512172e-01
6.016215218077404225e-01
6.725871806519012619e-01
6.508185661782035503e-01
6.515795674030745444e-01
6.485531149853034361e-01
6.019355681533988811e-01
6.154569141328688486e-01
6.129529880519553053e-01
5.871206169648017781e-01
5.846236763235150846e-01
5.943220737910644980e-01
5.937692068315951754e-01
5.693182590435329482e-01
6.291198192790106170e-01
6.353717570187372710e-01
6.120769137214618905e-01
5.993815497997434516e-01
5.878031808153816318e-01
6.079129218776123667e-01
5.995940200594064295e-01
5.818813729727090323e-01
6.080019299132787269e-01
5.913559505239899261e-01
5.966722392933327956e-01
5.839155243508742377e-01
5.820065566688776837e-01
6.182235976877994421e-01
5.943931203255027329e-01
5.969020823276620646e-01
5.935290160445485519e-01
5.876389354612790994e-01
6.114092517172875496e-01
6.264358071566782371e-01
6.310438000813524129e-01
6.326598211296214913e-01
6.444960519708247126e-01
6.116473894131059241e-01
6.303198149556236141e-01
6.124381379723303764e-01
6.292201412270715943e-01
6.132697652663994248e-01
5.924593893236747011e-01
5.466193611727809820e-01
5.716745436159046401e-01
5.738896097641330574e-01
5.854530690783026348e-01
5.869469079427156455e-01
6.190893332232084711e-01
5.757856952386298799e-01
5.809401105715075175e-01
5.727888861585430647e-01
5.621364166774824866e-01
6.054917913568190757e-01
6.170487164516288425e-01
6.465976743953676387e-01
6.376148395802631041e-01
5.953449240027558487e-01
5.907760103720578471e-01
6.146416291010704525e-01
6.069553752408264335e-01
5.863155910960825556e-01
6.016293288087819491e-01
6.293706152071103510e-01
6.153339968863531517e-01
6.380789447073674792e-01
6.408407628961851898e-01
6.707067923418887911e-01
5.993211644793041692e-01
6.069552622829377242e-01
6.299180587581639790e-01
6.573861247634278371e-01
6.075293935386271160e-01
6.286393829400263034e-01
6.097676648083427686e-01
6.235120779477532071e-01
5.927938334999222070e-01
6.287315158912992752e-01
6.163560636548230942e-01
6.421123307213983944e-01
6.332476670050063428e-01
6.383843923571433931e-01
5.882252686881593862e-01
5.802574728378769864e-01
6.022430233081018658e-01
6.134410846431307407e-01
6.450814803284540266e-01
5.964656883309101820e-01
6.187770922029521836e-01
6.570885377616131340e-01
5.788339541012866851e-01
5.861261309079970339e-01
6.065116095833735788e-01
5.941024229183522465e-01
6.080480060041675294e-01
5.710854689729811806e-01
5.448565822981088491e-01
5.915893697119192218e-01
5.800861772841878761e-01
5.827490267122328316e-01
6.049750605120136626e-01
5.919283505820056579e-01
6.054841450088244148e-01
6.154479701048377605e-01
6.006069291521314302e-01
5.966696404034126378e-01
5.994513830572465451e-01
6.475913007605642591e-01
6.064941453258557713e-01
6.057591714023849994e-01
6.676220083832402619e-01
6.615001761120691270e-01
6.345477784500044294e-01
6.391305739774156836e-01
5.965551959382086045e-01
5.810557568336233158e-01
5.929820558506152528e-01
6.058953016562913518e-01
5.909536301782019052e-01
5.821634511940726453e-01
5.796810411381840833e-01
6.097662921527424729e-01
6.165505345205661847e-01
5.944688468525384240e-01
6.167679161750402317e-01
6.202038286445082926e-01
5.785495552150947685e-01
6.192538918174413931e-01
6.107289343231112611e-01
6.285971397362578594e-01
5.965345747678079125e-01
6.011066159454830915e-01
6.037264582140964286e-01
6.042861011156145379e-01
5.837094223495169487e-01
5.997821775888591000e-01
5.819768550968269505e-01
6.144657331223806196e-01
5.948209979228569200e-01
6.076270397854780514e-01
6.430409386674986738e-01
6.082538228240648159e-01
5.889568777310375536e-01
6.448915334196800853e-01
5.814908105882189426e-01
5.954613860725013197e-01
6.116803265212379381e-01
6.042944558572750369e-01
5.993395048131160419e-01
5.880201710384118652e-01
5.908709420660500644e-01
6.177958653610037265e-01
6.035236045783782810e-01
6.257861484429074750e-01
5.888489718650143923e-01
6.071814897193423821e-01
5.840756021538284770e-01
6.113966407280982951e-01
6.138507971239354211e-01
6.628567639891916885e-01
6.747448648713246788e-01
6.286810988915587650e-01
6.737085214359301855e-01
6.289935869088223441e-01
5.940844841045739289e-01
6.127052337006002602e-01
5.811394529949270860e-01
6.328271455190941364e-01
6.366116916982234031e-01
6.480355226095093624e-01
6.161345818298976651e-01
6.320417072777614331e-01
6.781335408828506051e-01
6.805493733037620840e-01
6.525667849936368503e-01
6.722475695072619439e-01
6.588661942190352505e-01
5.774812304983574229e-01
6.582184741068862754e-01
6.233447881424694081e-01
6.482402570015648458e-01
6.321485129256455560e-01
5.876323303298234269e-01
6.257749241992016653e-01
5.819399146868152739e-01
5.900126673910576214e-01
5.717787471878886807e-01
5.802616212958553454e-01
6.069285564227729912e-01
6.000449505485725421e-01
5.440598956386268892e-01
5.826793307829987167e-01
6.075566674687838953e-01
6.210441479167394530e-01
5.993767602314195031e-01
5.880681674694506755e-01
6.153471816557910534e-01
6.211250277343354220e-01
6.268086784816553347e-01
6.128788866380447953e-01
6.301615676181572256e-01
5.900701525338417630e-01
6.080927592126006420e-01
6.414113805884041897e-01
6.215380256420723892e-01
5.756624590011175657e-01
6.251548779561953983e-01
6.476645359353834230e-01
6.339145764218502288e-01
6.589280080551567220e-01
6.397108989833857340e-01
6.370491199933538962e-01
6.549198996572757059e-01
6.702873643469565712e-01
6.371499277548887674e-01
6.609412810258221693e-01
6.041929765629375781e-01
6.596056929839807514e-01
6.276109109585763512e-01
6.276568843603081982e-01
6.536474042808043672e-01
6.279995878662284481e-01
6.311561825808742476e-01
6.016458515475179292e-01
6.272543712324479825e-01
6.005319661257036978e-01
6.244267306436535048e-01
5.889959184366428957e-01
5.588141688508317939e-01
5.927812681521349436e-01
5.888472685951481322e-01
5.731703675916642871e-01
6.023918826746808008e-01
6.006257083797483798e-01
5.967548705101227702e-01
6.272934106066314630e-01
6.251697981272555937e-01
5.959270234575163583e-01
6.068776965377667976e-01
6.055574341793170667e-01
6.332830303263965455e-01
6.287413992125674422e-01
6.353973079456125550e-01
6.214621988736462876e-01
6.180112680894063182e-01
6.120859637136885079e-01
5.942047345209983122e-01
5.900176769100452523e-01
5.794663252948623056e-01
5.740523570224019823e-01
5.753589350963767002e-01
5.701966604371070391e-01
5.941392644825964631e-01
5.613743015635512812e-01
5.897354788517812363e-01
5.757652163092478181e-01
5.944883205885105326e-01
5.863548017054646122e-01
6.125522694293400461e-01
6.369921540536144233e-01
6.124093960213873311e-01
5.861205694116264908e-01
5.956952573945093476e-01
5.953272963525789718e-01
6.227857401342827837e-01
6.054276414007598861e-01
5.899987912914084198e-01
5.951219410674220001e-01
6.478093308273916717e-01
5.858345765040877673e-01
6.527745378326322845e-01
6.152062020148768573e-01
6.232293921112921353e-01
6.252971997372781532e-01
6.062680306373325889e-01
6.274854848428313980e-01
6.356649370258407039e-01
5.996458133596793694e-01
6.302076310106985435e-01
6.234901935983666599e-01
6.171909556601989921e-01
5.881003779007200061e-01
6.243826894419122198e-01
6.358542775451603291e-01
6.806593255401237608e-01
6.341170958627886378e-01
5.881718754777811586e-01
5.929528969492474655e-01
6.544297267597058987e-01
6.423554070286314754e-01
6.477550201116359929e-01
6.427440206655823385e-01
6.247264600420590064e-01
6.194387839297552656e-01
6.151285045700821685e-01
6.256186789973915419e-01
6.146208845893337269e-01
5.717132543145478918e-01
6.475960551703394685e-01
6.225296823786597988e-01
5.965104641889974468e-01
6.375801952052917443e-01
5.992510493072330524e-01
5.649452265552641350e-01
5.767642443566576294e-01
5.758776101829212735e-01
5.645945363839047770e-01
6.000781970622344197e-01
6.109457746378302856e-01
6.302178007981438235e-01
6.083773394340369345e-01
6.114305533544547311e-01
5.990805165951216260e-01
6.056086725536944382e-01
5.907251820425314381e-01
6.225957728439408534e-01
6.159671169899154641e-01
6.266490338590877673e-01
6.030480250087946192e-01
6.013730870970740439e-01
6.110221328699642074e-01
6.155139171719197222e-01
5.828964002529678501e-01
5.759476722888039468e-01
6.184093316680466801e-01
5.944615439844543880e-01
6.260104686353276104e-01
6.141504841512156476e-01
6.262500050816065533e-01
5.961897328280567621e-01
5.774477944319120759e-01
5.923754933835337910e-01
6.101104755437611882e-01
6.130333128528797637e-01
6.128749687748487052e-01
6.207684024749603457e-01
6.171192425825786643e-01
6.107615599956663921e-01
6.556842119980724748e-01
6.097977547182430458e-01
6.305502532426847662e-01
6.573753140382287974e-01
6.159474418801889062e-01
6.638202261688741501e-01
5.773613591343678131e-01
6.048281531790912213e-01
6.100571085421824247e-01
6.113923412173105643e-01
6.557839678591697030e-01
6.358736974419314514e-01
6.229936883245088541e-01
6.335085998524304651e-01
6.275988033133065302e-01
6.487198995194771722e-01
6.191869646327261556e-01
6.116460692210734518e-01
6.014778088931631572e-01
6.076227179539988033e-01
5.941618271054699418e-01
5.976362866698564646e-01
5.943489593844356600e-01
5.986653397989820657e-01
5.932875303741204087e-01
5.821747234656990955e-01
6.177764569316399612e-01
5.896461935737596916e-01
6.025887967564057535e-01
5.976743291348691756e-01
6.149963844257105849e-01
6.255635529467613587e-01
6.293416165426072295e-01
6.059780873829232473e-01
6.387045893754328407e-01
5.913699802210576895e-01
6.066668295770938357e-01
6.265801983819385690e-01
6.320602809029507441e-01
6.281986900584437539e-01
6.580359099733623651e-01
6.003636272097595539e-01
5.858475313474411639e-01
5.983247088986632933e-01
5.987682963230229749e-01
5.836921781986854629e-01
6.126693359689999729e-01
6.245988857776428871e-01
5.608505424855221300e-01
6.242073827003373765e-01
6.118772966813484926e-01
5.975386214577754762e-01
5.797643367316454022e-01
6.114608687910629836e-01
6.067111339034793049e-01
5.659637472722414131e-01
5.871075900672898529e-01
6.229624880796774677e-01
6.317524635969723468e-01
6.417274970975375137e-01
6.266548097813268159e-01
6.273130433157213526e-01
5.639732526515786049e-01
5.827526381278692602e-01
6.130345037360023230e-01
6.149247692361716755e-01
6.445014139069228376e-01
5.943598051301997032e-01
6.149609615577893429e-01
6.634668452768778257e-01
6.214375572250019353e-01
6.001566287905816255e-01
5.972398007552456312e-01
6.009729509547455661e-01
6.200720924248968036e-01
6.041371679901816893e-01
5.897618793322866315e-01
5.755800593368410878e-01
5.882053209651437742e-01
5.868268477482261325e-01
6.286110152217128100e-01
5.928476384505233510e-01
5.960291839437188433e-01
6.239966494548254694e-01
6.213011790136141466e-01
6.376132706795791805e-01
6.641182533364421436e-01
6.282523267358065544e-01
6.036162731251495384e-01
6.270350186400456272e-01
6.564266648014744909e-01
6.367257584872393350e-01
6.399671070234203007e-01
6.590194386867239684e-01
6.664467857570084419e-01
6.657287466356585082e-01
6.320666804366150693e-01
6.283970477650124842e-01
6.075252133957864675e-01
6.469900625832475383e-01
5.926800836205532441e-01
5.642238005228068509e-01
6.303907279057785473e-01
5.920698655413476619e-01
6.176825363418039228e-01
6.380414433418827302e-01
6.257939783598631678e-01
5.784886128198629685e-01
5.684468558512552061e-01
5.946835414923934415e-01
5.997202938515494575e-01
5.683680962586983298e-01
5.868678636144011307e-01
6.006881139107108636e-01
5.953611619859395798e-01
5.987307561121041344e-01
5.959390465780518564e-01
5.917749419717777126e-01
6.446747549630946761e-01
6.017989944207348119e-01
6.057127957847505684e-01
5.866791686730795652e-01
5.910816059946766288e-01
5.803871677459934153e-01
5.928082013354953883e-01
6.315153150521499725e-01
6.068776252551216777e-01
6.175159865432676698e-01
6.301047860308452986e-01
6.218125512232243191e-01
6.359263368102069380e-01
6.147312803511288948e-01
6.216463713382852641e-01
6.439602470939315149e-01
6.501169317727255592e-01
5.966156729472231746e-01
6.225012112058462277e-01
5.963492264996202996e-01
6.073511406978157057e-01
5.889804526736674983e-01
6.316196838283766324e-01
5.864911075100890381e-01
6.221069797763401077e-01
6.310272289032525794e-01
6.186686206164322410e-01
5.984827922087402330e-01
6.733201953253401539e-01
6.140362367893806850e-01
6.167282740626351956e-01
6.512690551868597355e-01
6.502748712212464977e-01
6.011574088925323300e-01
6.330967778515613764e-01
6.462469897872198388e-01
6.209317587723134357e-01
6.502944704910396112e-01
6.756071086378919732e-01
6.669267943595308390e-01
6.747949701355017149e-01
6.302940443560431927e-01
6.436599364336829110e-01
6.162782941063431608e-01
6.844885999924891218e-01
6.637864226165518522e-01
6.512702809156931671e-01
6.391717577490206859e-01
6.330211588480547658e-01
5.881700966304544975e-01
6.106287137807776544e-01
6.025872762697727092e-01
6.030303342402788536e-01
5.952311546299647871e-01
5.651972306873256358e-01
5.942743895115246699e-01
5.938781895084109808e-01
5.747402948147486423e-01
6.111907752100014246e-01
6.219831883446270693e-01
5.767046610682491359e-01
5.985172769431940099e-01
5.979060476013123848e-01
5.737663332237270541e-01
5.402932363551363748e-01
5.941665371135873563e-01
5.943508146345964915e-01
6.209315099040304542e-01
5.687873545364433570e-01
5.898244737273505844e-01
5.628969034261817050e-01
6.036627374563806603e-01
5.769091424813193036e-01
6.133987711663078102e-01
6.248184994165265627e-01
6.140198887356378421e-01
6.147073836848043760e-01
6.224149273650749770e-01
6.671155576488856376e-01
6.326831512789017342e-01
6.320770365507379918e-01
6.490009939171209608e-01
6.545932003319305803e-01
6.766667961205945492e-01
6.752759994114062581e-01
6.746652217198609858e-01
6.175766200563118646e-01
6.365184385920190646e-01
6.424902568534723857e-01
6.060877317692131561e-01
6.394570631547118467e-01
6.018259580890342741e-01
5.967218973830000772e-01
5.813890224513140748e-01
6.207564154663927081e-01
5.897943538806943442e-01
6.025229307097846876e-01
6.189660821636931987e-01
6.031685478391257682e-01
6.353967239053723848e-01
5.971800411749670356e-01
6.415769702310836209e-01
6.212666036546753423e-01
5.927720241763345665e-01
5.996672101004870692e-01
6.271669430572771597e-01
6.433063390868657416e-01
5.898384581708140395e-01
6.014892433377287961e-01
6.115607639248318295e-01
6.478730997426601634e-01
6.260152426832474859e-01
6.502774236462445234e-01
6.113514082070830025e-01
5.842358176564786953e-01
5.620961793850953736e-01
6.083085130657537309e-01
6.098731413769439280e-01
5.750040950054120525e-01
5.599537308963679072e-01
6.133882308669066363e-01
5.654694022667967612e-01
6.143596408855217517e-01
5.999505277735098785e-01
5.889990639045055154e-01
6.226413692817261980e-01
6.077109165417569070e-01
6.207571539950186290e-01
6.213284393266279571e-01
6.117506759633621893e-01
6.438240572009383822e-01
6.238688009809505441e-01
6.376960430603796359e-01
6.339474931106026112e-01
6.355733006436375954e-01
6.290899151470500383e-01
6.137785603473301377e-01
6.326425848970981258e-01
6.189213859996709477e-01
6.364151442148779925e-01
6.199556099187675251e-01
6.027578325273360571e-01
5.829860022884286730e-01
5.853589189436290141e-01
6.258210087615085904e-01
6.493454372106212125e-01
6.328167489907613463e-01
6.461572137420803497e-01
6.746780736201061224e-01
5.931880428727676069e-01
6.175685874774721196e-01
5.916757798178813310e-01
5.983482514026638999e-01
5.966131288793589116e-01
5.952387999959495302e-01
5.935327881840142261e-01
5.715061517062043350e-01
5.811774874887524200e-01
6.442424594941182914e-01
6.339368379740437653e-01
6.638709347297711005e-01
6.691866137969318951e-01
6.263991227587996091e-01
6.534463907433186725e-01
6.835885593899210244e-01
6.163714299206036751e-01
6.040308667242358931e-01
6.162622596131865915e-01
6.308502746785269455e-01
6.644943877169120494e-01
5.755391754278814664e-01
5.580429788263856494e-01
5.823691177268467412e-01
5.299762857430527774e-01
5.927682255333754924e-01
6.080722086751196853e-01
5.973355645091060762e-01
6.314489556666676995e-01
6.258681409674597962e-01
6.085078817242444149e-01
5.676200580360019066e-01
5.688669214879695790e-01
6.198842149756468300e-01
6.097995180054429643e-01
5.807054444608553689e-01
6.075187572318259122e-01
6.033773866866921631e-01
6.183673263874459591e-01
5.879065149298525750e-01
5.955297775111205727e-01
6.008797136585058984e-01
5.842745958928585726e-01
6.185315143176093322e-01
6.099405430709650133e-01
6.097368463730312715e-01
6.366615923746105077e-01
5.698004292335998588e-01
6.055798765220846702e-01
6.178117710513716387e-01
6.101872347472410141e-01
5.798648514159525647e-01
6.113856519974885106e-01
5.898881503761144174e-01
6.137448952895850907e-01
6.046005222951122970e-01
6.060457435650618008e-01
6.121594966147360095e-01
5.996894531061551792e-01
5.789754243616951346e-01
6.453586116180994869e-01
5.611227993222166477e-01
5.751716323667396269e-01
6.046368235262291613e-01
6.092762042412426249e-01
5.626165970196292943e-01
6.377575667741227639e-01
6.380440712486361576e-01
5.930240556361024984e-01
6.527596290623550734e-01
6.181603854916256635e-01
6.273110339063734386e-01
6.239294781157128655e-01
5.906916593130562276e-01
6.409028398551260830e-01
6.432337452675528366e-01
6.015551618142762624e-01
6.320921448434002610e-01
6.067005732322736655e-01
6.212400772601845977e-01
6.223101420096492919e-01
5.787009268723127819e-01
6.085092456124381322e-01
5.926543436500671946e-01
6.066422225505267996e-01
6.242999986891690778e-01
6.222293690748886830e-01
6.284040328441974355e-01
6.236634316407855261e-01
6.336146193693972251e-01
6.402035911649200939e-01
6.191701350693392669e-01
6.053813286076306088e-01
5.931818748875345992e-01
6.237894906892627045e-01
6.226694317212861929e-01
6.234357265870820175e-01
5.990679566937286982e-01
6.306471470323326001e-01
6.395426900358371913e-01
5.705198085185272383e-01
6.437864118612353082e-01
6.297240681281904839e-01
6.272830873887562664e-01
6.284367163194671813e-01
6.048264717958424797e-01
5.940590816426594145e-01
6.110583782728779001e-01
6.031107349861851707e-01
6.282493244919971076e-01
6.042182457083488112e-01
6.007380414403729052e-01
6.137253667471194163e-01
6.245364619055709943e-01
6.265242296531832178e-01
6.207561755109638479e-01
5.848644230462699545e-01
6.239925648249665668e-01
6.281333657672394377e-01
6.234043709794200305e-01
6.199006693968175385e-01
5.734227080178826430e-01
6.205147097030521142e-01
6.356060831776256803e-01
6.736608942810734524e-01
6.214054860745541475e-01
6.496327589701920147e-01
6.126538827713053914e-01
5.846891325275302975e-01
5.832192153685359370e-01
6.131641828563454411e-01
6.298043605150065449e-01
6.035281142445710900e-01
6.195407132051998778e-01
6.154782118236192812e-01
6.631979801564326094e-01
6.347250122544545459e-01
6.264833025180739368e-01
6.238686660476541190e-01
6.296920849656164609e-01
5.986328364522635059e-01
5.577909552704799490e-01
6.153065488935646199e-01
6.480552233280103547e-01
6.368258288391296373e-01
5.974921563410484637e-01
6.172852332540705866e-01
5.917951989710382721e-01
5.728401672010259293e-01
5.861631623984439043e-01
6.032965725535989199e-01
5.747041842575043580e-01
6.273871598520868176e-01
5.940549826517084187e-01
5.876156335843775169e-01
6.122790080053586159e-01
5.686596043067149164e-01
5.813749715565162957e-01
5.734679567860726523e-01
6.329045905115694426e-01
6.256015723023162778e-01
6.099744286892100353e-01
6.096184364833830971e-01
6.130966203980704465e-01
5.548403565748502020e-01
5.744777261336874163e-01
5.717189137745711802e-01
6.110257881417284764e-01
5.615629044914278722e-01
5.871703611916476717e-01
5.769707748549492976e-01
5.820875958370778092e-01
6.175693299008686576e-01
5.642983489714252787e-01
5.714721638593994735e-01
5.943227206074301883e-01
5.764185823214950100e-01
5.975608027724604865e-01
6.062243082908932434e-01
5.805320112677344602e-01
5.974215148274452103e-01
6.424184326375163012e-01
6.174657114524393364e-01
5.924799861196768935e-01
6.433254386338557174e-01
6.175217567261283014e-01
6.194417133178951040e-01
6.114009974671363867e-01
5.879764464917384137e-01
6.038181829790456590e-01
6.378252604861027741e-01
6.252441479540419289e-01
6.387406309900822698e-01
6.691360900136377188e-01
6.407070117926345620e-01
6.833348435537575094e-01
6.114132359497838065e-01
6.047273458148838543e-01
5.962732774682473202e-01
6.169293708441763169e-01
6.003371368430390209e-01
6.342756457818551352e-01
5.975895759463327739e-01
6.000265714464538824e-01
6.343597837438640363e-01
6.404076909835043629e-01
6.282131093617742135e-01
6.287853636513135447e-01
6.553742424143776946e-01
6.498018682099808707e-01
6.318612237143454990e-01
5.915746535958420482e-01
6.384789198844197378e-01
6.216038970069176495e-01
6.128049090335395688e-01
6.248114112116081031e-01
6.620080394143250668e-01
6.303639864406999083e-01
6.178997361165892155e-01
5.830600439992962292e-01
6.091839127649973928e-01
5.965618043701333972e-01
5.670662654889199183e-01
5.964261508942048096e-01
5.835450747781418812e-01
6.186846503852992951e-01
5.678753394770393870e-01
6.298565782490308518e-01
6.249197269522752674e-01
6.316555539301531574e-01
6.284321973355646573e-01
6.427412116448282253e-01
6.532909724412222507e-01
6.372786997830047762e-01
6.109183486649619743e-01
6.719317956731113428e-01
6.783165558177578491e-01
6.323009559856409556e-01
5.824115279286442570e-01
6.150152631426332173e-01
6.372544214029322029e-01
6.003841303516600503e-01
6.218816781931072457e-01
6.053999978313516772e-01
6.260760149606164893e-01
6.086417600090588964e-01
6.292383925996872795e-01
6.028491171850504093e-01
6.068108777944357657e-01
6.029781678670509404e-01
6.212187188508921931e-01
6.059037286190223082e-01
6.022286527702509495e-01
6.472108015993585095e-01
6.718264505794113717e-01
6.765992405504629437e-01
6.366214801644983767e-01
6.506883517302646247e-01
6.010648987903720597e-01
6.527439896854501100e-01
6.189442510815742482e-01
6.239431920865808889e-01
6.503567802989229651e-01
6.610006229843967684e-01
6.151947308686451787e-01
6.375802679651435545e-01
6.052871930407289769e-01
5.810631788999259806e-01
5.470371598108366706e-01
6.065632457801262145e-01
5.886108789729854740e-01
5.815202833633452695e-01
5.703985924582951617e-01
6.135862769202551359e-01
6.302632373375007813e-01
5.858356772280023383e-01
6.197483246831005932e-01
6.392858431319045076e-01
6.228163223358788025e-01
6.623282953045828148e-01
6.162798642148908934e-01
6.663736367883746903e-01
6.183533585143947686e-01
6.818751140332852678e-01
6.079092018205676240e-01
6.245179369265920766e-01
6.127209362964955996e-01
6.199137269263678141e-01
6.595688002237468650e-01
6.481126918615205401e-01
6.289702017785289145e-01
6.514688684527283336e-01
5.933709435166595325e-01
6.150258748909938067e-01
5.612927693823656083e-01
6.283951956697273467e-01
6.294805991228565878e-01
6.193656030172686178e-01
6.026034529985262456e-01
6.225234176643947848e-01
6.122138735660450637e-01
6.081140828220639172e-01
5.902528899219520175e-01
5.703010167944353448e-01
5.849957735769616418e-01
6.198156707139380606e-01
6.209275372291593875e-01
6.309831470248137286e-01
6.094568840165707213e-01
6.379104951455514261e-01
5.829344719010393083e-01
6.060420646951323320e-01
6.137351217308351092e-01
5.882858184592060224e-01
5.861174602531470379e-01
6.068711282846067645e-01
6.179950779306696562e-01
6.376114233775352913e-01
5.855427340644868694e-01
6.073358036248667213e-01
5.870410872912097400e-01
5.969079434787198934e-01
6.088942172514696383e-01
5.781699390947873107e-01
5.911321535697269258e-01
6.218982103109761406e-01
6.008251261419077505e-01
6.394023844729238570e-01
6.423582624696788645e-01
6.137598500581817884e-01
5.993423051084748598e-01
6.011295890728227675e-01
6.026534950299922144e-01
6.356774913467385657e-01
6.364560420125778828e-01
6.371756957213443595e-01
5.720562294150901561e-01
6.593431571261800794e-01
6.225035330408169587e-01
5.975152901711121567e-01
6.438277919679148420e-01
5.957948188252570887e-01
6.269000530703531249e-01
6.271978022344073533e-01
6.073329139237610974e-01
5.938228345222498206e-01
5.896477680174596614e-01
5.947880765765318767e-01
6.282794616551965472e-01
6.017788083149998579e-01
6.274098343238949660e-01
6.130122552019455773e-01
6.276106468777011838e-01
6.162632206605929142e-01
5.780184683913713872e-01
5.921131298059520986e-01
5.916756352006300457e-01
5.852042700781041606e-01
5.789024956883797035e-01
5.981717179582412003e-01
6.016723795809680864e-01
6.019851594676179918e-01
5.901318798025199097e-01
5.605778844939592886e-01
5.862392221810889259e-01
5.881312994349062739e-01
6.138299158496897112e-01
5.975306780032056952e-01
6.151733000467829449e-01
6.182681640780021137e-01
5.921331104968163839e-01
5.691183686345590020e-01
5.886179047988895352e-01
6.173185338192986871e-01
6.151336980962324175e-01
5.832703625255701851e-01
5.946904081214524629e-01
5.855089417973577959e-01
6.340324507788208663e-01
6.114363946517266113e-01
5.880706040860504968e-01
6.292755548578330416e-01
6.483505971772373089e-01
6.328687790093090459e-01
6.434418800028888219e-01
5.979275838960264045e-01
6.235872607716204108e-01
6.552834242985613455e-01
6.350016486579884711e-01
6.172609342389495657e-01
6.054947424628521757e-01
6.381689054034326292e-01
5.971834390606577392e-01
6.194912463229019783e-01
6.017598828453164517e-01
6.018663236437555852e-01
6.366360240143948968e-01
6.030104107236523570e-01
6.384653296739598582e-01
6.019828870915219232e-01
6.481271903351289998e-01
6.377678822959026439e-01
6.076142311862073875e-01
6.094871581144846173e-01
6.005281402065650864e-01
6.317203064796242939e-01
6.267743582632997468e-01
6.242373201032694885e-01
6.095881044279490846e-01
6.381598873211417056e-01
6.119227459999124763e-01
6.280416072749355205e-01
5.875407667948135959e-01
6.368989927890823521e-01
6.152300955145655337e-01
5.997974982250573461e-01
5.889968182875211511e-01
5.868769768313206736e-01
6.324597258288290336e-01
6.139358943140240665e-01
6.067982303385313081e-01
6.389717649700424884e-01
5.781240001298378894e-01
5.961963363862307075e-01
6.357187615835657724e-01
6.101046133908851754e-01
6.501723743255723997e-01
6.326045821822292581e-01
6.338469486376830941e-01
6.309845499682404935e-01
6.055359292736507415e-01
6.122257503802696066e-01
5.868923461640960237e-01
6.056356974545918925e-01
5.784177331228009811e-01
6.138398378109384268e-01
6.162169652703457512e-01
6.216786337198400014e-01
6.475013280419132933e-01
6.118946851469938553e-01
5.996151395158707542e-01
5.883397586785834577e-01
6.010987897948424363e-01
6.009451684305529007e-01
6.175988569299976083e-01
6.097776077556288365e-01
6.187978184464413278e-01
6.458137588628547476e-01
6.058756732158980807e-01
6.090645874896850609e-01
5.955340026294217992e-01
6.303019029584719934e-01
6.193448629734327193e-01
5.982970436608107123e-01
5.925344433672002920e-01
6.399434563095596218e-01
6.264285065178301082e-01
6.573452495325869949e-01
6.201101916970372940e-01
6.064232750869997801e-01
6.168213893174604445e-01
6.029842398030422768e-01
6.223110721547610025e-01
6.019803252508345581e-01
6.059384376428900154e-01
5.689392732368557803e-01
5.880576100565040321e-01
5.669454191654828001e-01
6.107231130843526756e-01
5.943514826325905220e-01
6.063379711890725110e-01
5.940538568739052172e-01
6.202428246907669696e-01
6.152284822210899451e-01
6.271528578050307168e-01
6.198551588983896021e-01
6.351231656065147169e-01
6.266821243101988737e-01
5.730389317798304516e-01
5.908227227018709726e-01
6.358828084688513682e-01
6.016853062227055515e-01
6.213229795510352149e-01
6.115763601690222817e-01
6.349231337471075154e-01
6.224529932828769541e-01
6.496014664684641726e-01
6.267328052721881093e-01
5.983243626770117229e-01
6.060916733127127420e-01
6.272933597409504625e-01
6.264627229106206618e-01
6.396033636977102033e-01
6.601659965588523304e-01
6.759712312940850953e-01
6.789916435558892571e-01
6.207128484192512285e-01
6.486789676204024468e-01
6.273564478921358489e-01
6.336163356140789293e-01
6.264064652307541614e-01
6.234505020828861044e-01
6.055832946985100218e-01
6.271715938661565071e-01
6.304647318684964974e-01
6.052041278067060714e-01
6.225948232645035496e-01
6.013094877520479553e-01
6.547563514972937204e-01
6.282438938178004362e-01
5.887641359184687673e-01
6.495929174661922989e-01
6.080092168762074589e-01
6.317171793029353610e-01
5.767861680197721164e-01
5.922569368912772303e-01
5.883854046497820622e-01
6.141375981608315771e-01
5.972685293377977267e-01
6.006956629587140162e-01
6.207220484059335908e-01
5.896269162198967129e-01
5.789009768535667844e-01
5.685949162884518238e-01
5.941640873829945324e-01
6.147174692939150198e-01
6.180527385840155485e-01
6.081040435004291256e-01
6.068365827765351828e-01
6.309794506270105519e-01
6.002604046714310471e-01
6.712902898039460053e-01
6.227054370643390069e-01
6.293305264276648492e-01
5.767346919342561939e-01
6.188106612443405874e-01
6.315668904939267803e-01
6.197655864809268333e-01
5.918606381832225427e-01
6.150177765345250513e-01
6.252659274885054019e-01
6.382364880033636334e-01
5.979131045760628371e-01
6.603403851774656275e-01
6.273672961923770774e-01
5.972576917269866170e-01
6.101133590329063106e-01
6.265058369394894688e-01
5.984704980361198468e-01
6.080628974050624747e-01
6.128221724130124004e-01
6.032179881434750479e-01
6.127499793588225829e-01
6.163342085344221122e-01
5.936403238080256717e-01
6.448912429380688760e-01
6.307585157780180030e-01
6.262161000887576101e-01
6.081911534335706637e-01
6.096306902642492087e-01
6.196324912510245975e-01
6.049929476200325285e-01
5.887985176016656830e-01
6.130096595219364231e-01
5.934955579682127391e-01
5.765453511500778783e-01
5.743992884404027777e-01
6.084210742389837279e-01
6.017677702128361172e-01
5.885377981161736827e-01
5.668913481204377325e-01
5.581395073352448666e-01
6.109461223919518957e-01
6.351452384044063981e-01
6.189352874920740488e-01
5.824740751387554871e-01
5.924150957114818761e-01
6.004226735471335230e-01
6.073884905424544733e-01
6.106814804013687148e-01
6.072685797577854760e-01
6.135249382790760597e-01
5.745222086563864794e-01
5.455977454583350594e-01
6.231571639094485304e-01
6.062903130941902363e-01
6.689587574040345430e-01
6.351005199133052948e-01
6.755623923442560796e-01
5.828744180114076023e-01
6.643464244034786859e-01
6.138266088600095038e-01
5.930040193309056296e-01
6.015228605389159044e-01
5.801561587023494893e-01
6.360883623507479490e-01
6.073011892405008050e-01
6.223592451306394491e-01
6.200954317440066088e-01
5.942906726329251210e-01
6.121786402874388466e-01
5.917012439550370928e-01
5.906249517936021931e-01
6.477474165805899853e-01
5.917538373820010467e-01
6.581572157990914773e-01
6.033558891725013806e-01
6.144491541742456153e-01
6.505371024948816139e-01
6.170101192156961512e-01
5.990554606917856129e-01
5.869581734799025341e-01
6.257558613510878498e-01
5.996433985489306728e-01
5.910398040450436374e-01
5.918024010331828233e-01
5.924327612743403026e-01
5.957891493575364628e-01
6.117444612063320797e-01
6.177607607838095927e-01
6.122770816847873387e-01
6.210670883779459972e-01
5.891424751415942351e-01
6.188007060286137007e-01
5.677036775396970825e-01
5.739939969174975287e-01
5.945892962954563155e-01
5.942077676444214029e-01
5.885764110235147673e-01
6.368339462205557799e-01
5.927947867958271999e-01
6.096066339139648571e-01
5.904531558810848235e-01
6.169305713554035231e-01
5.929721003493551024e-01
5.755535517932476308e-01
6.046843522752085587e-01
6.204024803300115520e-01
6.309765374107396685e-01
6.075555337710845105e-01
6.020981140608558935e-01
5.695905741890696650e-01
5.762525250787814413e-01
6.133649155376580397e-01
6.048042460509082119e-01
6.289873369304548323e-01
6.176966223099608078e-01
5.947056957665902699e-01
6.166257652697191283e-01
5.862699503070555318e-01
6.072507937088957863e-01
6.266089577533593413e-01
6.063179167398862202e-01
6.094364658080351216e-01
6.000477927218089702e-01
6.417027098637050342e-01
6.053512037815337310e-01
5.982241252952843480e-01
5.898188905380939984e-01
6.243731298121191209e-01
6.249538898837563305e-01
6.145980155219178398e-01
6.268240987992325097e-01
6.015484547286537031e-01
5.980919174431090779e-01
6.088387494224074548e-01
6.145473561302585708e-01
5.845576618042439554e-01
5.798544829194333117e-01
6.020254408566276805e-01
5.654283539611670850e-01
5.751651931266966722e-01
5.992266383751057024e-01
5.871174809040956566e-01
5.975261000842055914e-01
6.052030528578958846e-01
5.977443856198427774e-01
5.976820994037947976e-01
6.387281104256472553e-01
5.875977073292911745e-01
5.995328143245776120e-01
6.171529762008977071e-01
5.999155227621283393e-01
5.549940851465979819e-01
5.832729140374742771e-01
5.809926668500590141e-01
5.602470113714984601e-01
6.118031581899912030e-01
6.161190518685082385e-01
6.115971915478992660e-01
6.051474235325114970e-01
5.663968545098574392e-01
5.855270284915196077e-01
5.568660213471539056e-01
5.945974010806559518e-01
6.023053318745819062e-01
6.182061591964234104e-01
6.085747751218891777e-01
5.754918482617115139e-01
5.924837268056163397e-01
6.161912667754788631e-01
5.885526196365282736e-01
6.093512433898724545e-01
5.735944924466189754e-01
5.939438533035295009e-01
5.961976016644608967e-01
5.667212253031392866e-01
5.658123273317622326e-01
6.095711896054183399e-01
5.928387508815330387e-01
6.143664896761168448e-01
5.647623866503340695e-01
5.843578887447166137e-01
5.933800153749810846e-01
6.135834654816947342e-01
5.737363012391321071e-01
6.269942302270437029e-01
6.061522535149819202e-01
6.116624838102825423e-01
6.353065412755839469e-01
6.235421526257670655e-01
6.160823186272653684e-01
5.905714930510200800e-01
6.372799634553826253e-01
6.213587240792293187e-01
6.023238046759777919e-01
6.136965207686569945e-01
6.510773694207997453e-01
6.552295305074591347e-01
6.502524308754538129e-01
6.676873507198362034e-01
6.597350140001347896e-01
6.586723827133087461e-01
6.462658788483994776e-01
6.302250387855988789e-01
6.633929792636951150e-01
6.464503092527196237e-01
6.502614580755873286e-01
6.132226650311587424e-01
6.389856199577385043e-01
5.964707076408233277e-01
6.291738061721705577e-01
6.142483966171566889e-01
5.980590184566749734e-01
6.335680346515702999e-01
5.933417096602690011e-01
6.012173730124369397e-01
6.085329795831827537e-01
6.189344694901429689e-01
6.239967639442551839e-01
6.235967809732513301e-01
6.061547236974813568e-01
5.797795942019589033e-01
5.929980237657735964e-01
6.492369073740202889e-01
6.331428096980696862e-01
6.046693111621067596e-01
6.014045933786699161e-01
5.859057753148229075e-01
6.240042776480733133e-01
6.133001851871331400e-01
6.363423751544500240e-01
6.124410289141065666e-01
6.069504433046828407e-01
6.270395002375056537e-01
6.013376395026962529e-01
6.012402703638730639e-01
6.293487168283922184e-01
5.808824688731704100e-01
6.215280048901454801e-01
6.494468541303797249e-01
6.448890860008239523e-01
6.342381469843842989e-01
6.158678066240214077e-01
6.419350766829750032e-01
5.914806594745717350e-01
5.852431568876180767e-01
5.790972436989938466e-01
5.961989707595143351e-01
5.972464003695364676e-01
6.231744970837844733e-01
6.202058122747468039e-01
5.997726298618666352e-01
6.113966816785662006e-01
6.077518941348180048e-01
6.066045116043667917e-01
6.292669646478613599e-01
6.168055855671096266e-01
6.078287288585958459e-01
5.834428938143833010e-01
6.357134380391119555e-01
5.780312451918223626e-01
6.297143463488690251e-01
6.363360415065204556e-01
5.962055065785973884e-01
6.154621186739358540e-01
6.359662101757900254e-01
6.577727513926715508e-01
6.277665168839281495e-01
5.988947542846307925e-01
6.046044737717541917e-01
6.048581610808978493e-01
6.023032585032918051e-01
6.109484438937379247e-01
6.092425262200158453e-01
6.302609092803845847e-01
5.889759903976483635e-01
6.191967599009757794e-01
6.306678400734722079e-01
6.371614868348004501e-01
6.228605499987347471e-01
6.409549461198295051e-01
6.101211431154793807e-01
6.413770804817814364e-01
6.467448356180564017e-01
6.155095711592472041e-01
6.092552758182543382e-01
6.473946037479310078e-01
6.186178402323856407e-01
6.356137017961150937e-01
6.285253038106592971e-01
6.094737416881491621e-01
6.257488053213511314e-01
6.238159437101366001e-01
6.276346046412388802e-01
5.698691331337738530e-01
5.658369107671843423e-01
6.031713780769559774e-01
6.072469691394334346e-01
6.277593930540708023e-01
6.229233108666054619e-01
6.385259026798734139e-01
6.096257416282379049e-01
6.185143081489229422e-01
6.201946437204303164e-01
6.097583884463140258e-01
6.376754172770229268e-01
6.292990343444190282e-01
6.433831065228842183e-01
6.804017269248292532e-01
6.620000995570457514e-01
6.308626354093191946e-01
6.621506453724922414e-01
6.408219385697349058e-01
6.400043108130355485e-01
6.366651707885127021e-01
6.481991423156570065e-01
6.458433925074804627e-01
6.552207416237917359e-01
6.149037140341545582e-01
6.409533351077832952e-01
6.231836010205581422e-01
6.396629235764279553e-01
6.014811234942991636e-01
5.898216757477460215e-01
5.938826263525911475e-01
6.250308542259385147e-01
6.016351184943475872e-01
6.565948109048675985e-01
5.667657003502113433e-01
6.439504207757273946e-01
6.488321061952964097e-01
6.116897002659720251e-01
6.187776119763411797e-01
6.096562110827208336e-01
5.607337573024243627e-01
5.879948159816859032e-01
5.562751128380580834e-01
6.229975522154366230e-01
6.127437552478753879e-01
6.060215430228814704e-01
6.079429841168735305e-01
6.203404708862237937e-01
6.535236102739601094e-01
6.393252251754802939e-01
6.454572980604963428e-01
6.487647491481710604e-01
6.526505999259806234e-01
5.970054394555582844e-01
6.583665412487657020e-01
6.958266503565981864e-01
6.344006330179032815e-01
6.287125737381324964e-01
6.290326938229816589e-01
6.634257590580108221e-01
6.504555303528772869e-01
6.586472056970055222e-01
6.442609600587163587e-01
6.377808102957208680e-01
6.443211031415724266e-01
6.579316915506229213e-01
6.481458883234709756e-01
6.237299081399023670e-01
6.454622979635533664e-01
5.887155649164191873e-01
6.005312786527426949e-01
6.373128200200115501e-01
6.126440135723684177e-01
6.266449131051786692e-01
6.137784656428638685e-01
6.251378763498411928e-01
6.140414051238350934e-01
5.807002209106256752e-01
6.137639092754280101e-01
6.090174529154537275e-01
5.701610829835985772e-01
5.960196932443448947e-01
6.152241221187364495e-01
6.402459792511201453e-01
5.886720763725764582e-01
6.114855840992708957e-01
5.945017113026558331e-01
5.860067544417596475e-01
6.091883893676754980e-01
6.117114453562731979e-01
5.536173522844065609e-01
5.734443026156794687e-01
5.667579949714834919e-01
6.064611332698875978e-01
5.974945593921008324e-01
6.213527928970360437e-01
6.205546663985346267e-01
6.014948393614891753e-01
5.723401532922095525e-01
5.990593665863105377e-01
6.007277854347230495e-01
5.948720734484287398e-01
6.139546815873760943e-01
6.104784953639634804e-01
6.019728680419111910e-01
5.834685560429258011e-01
6.014654582737953836e-01
6.182729758194457359e-01
6.119379851274305837e-01
5.898967103514566324e-01
5.875170073863485998e-01
6.191413696788656829e-01
6.138506496429779746e-01
6.136408567595744712e-01
5.941823768384780768e-01
5.955866084565099028e-01
6.265373720269339364e-01
6.065845639634812603e-01
5.900207792265325102e-01
6.306474808947661881e-01
6.246716861209997695e-01
6.098272857739880370e-01
6.551380915259132909e-01
6.667469524832907446e-01
6.642668062827215003e-01
6.635766623274222953e-01
6.385851128553863276e-01
6.321092401164504215e-01
6.255692514460413634e-01
6.117263097381145931e-01
6.265062521193702771e-01
5.926494148612789781e-01
6.215211774702092962e-01
6.393702949344497455e-01
6.251238286743596717e-01
5.987177978193585215e-01
6.045156119085948188e-01
5.927754361102731684e-01
6.453507823196878990e-01
5.948504352502979042e-01
5.944889418307027773e-01
6.077371621979100746e-01
6.079967655285161143e-01
6.281428046809877097e-01
6.252459518466814137e-01
6.285566823110153578e-01
6.141834496408244970e-01
5.959240871546613860e-01
6.131925951949012132e-01
5.883661148933075902e-01
5.960941813006410683e-01
5.750087961678850279e-01
5.615957033170093649e-01
6.006919010080994381e-01
6.082171327949399409e-01
6.026303841570718189e-01
5.681725392718239842e-01
5.885454980598461283e-01
6.309846046876707026e-01
6.192834827342950099e-01
5.976638963734328680e-01
6.264450770082090614e-01
5.884510456434326464e-01
6.069753934532762241e-01
5.813866900797134418e-01
6.116084425783604450e-01
6.061176211025027794e-01
5.941251364074531249e-01
5.852716494313365825e-01
6.124208062458518231e-01
5.828636412893569707e-01
5.814504220833454085e-01
5.960682833238722944e-01
6.295553654886095751e-01
6.133838060336567199e-01
5.877101715124767312e-01
6.008519843267209337e-01
5.963889236739865485e-01
5.870050816711018804e-01
5.618111337322300169e-01
5.820636590085075390e-01
6.103747153004279724e-01
6.109889550296833116e-01
6.233684414949974828e-01
6.121881325517775085e-01
6.214781150427760581e-01
5.954926308846042460e-01
6.120601074879503667e-01
6.216209614195800093e-01
6.123584454616262107e-01
6.191471355836946078e-01
6.369709164764107978e-01
6.164658622952524647e-01
6.388702139331899899e-01
6.495351177858513791e-01
5.940941261448039468e-01
6.376229722022409563e-01
5.850223529736002792e-01
6.131112708841792713e-01
6.137437250101198671e-01
6.427203283316004212e-01
5.863300687803844058e-01
5.966124622060824390e-01
6.195702264690503558e-01
6.129890634344458133e-01
6.086169122855455971e-01
6.256877097414788036e-01
6.108219331197400903e-01
6.411438588511007008e-01
5.984935440037068011e-01
6.192768660176027895e-01
6.345943209271862617e-01
6.468117546097301718e-01
6.471645628493937208e-01
6.224192248265544292e-01
6.484117773275086538e-01
6.479554344287490331e-01
6.065605344696681778e-01
6.058298989876708118e-01
5.973431464022508353e-01
6.432577538256285532e-01
5.995102599857878856e-01
6.189460038009663156e-01
6.638821210455767563e-01
6.096944777666039039e-01
5.851391267491745651e-01
6.244117649344083087e-01
6.010635029939032092e-01
6.164122996462610971e-01
6.064819854814044175e-01
6.117862946290020254e-01
6.042807957759690485e-01
6.143077373589808099e-01
6.287016217666535622e-01
6.309285056035711658e-01
6.314649528582432225e-01
6.113763503501723484e-01
6.114639577243002888e-01
5.863012791810676694e-01
6.014850722364392110e-01
6.105868562710091707e-01
5.987802974614280238e-01
5.788973318700623150e-01
6.224249758569976310e-01
6.149340122291638844e-01
6.424742026573790898e-01
5.830148276216114978e-01
5.953906870955751884e-01
5.901035878483470443e-01
6.051753378695295948e-01
6.366850124445389003e-01
6.039940310912602639e-01
6.090635409067735040e-01
5.758060364670548603e-01
5.887791708118083056e-01
5.794434678977102848e-01
5.865082321460381998e-01
6.124188813190705183e-01
6.497122621128931241e-01
6.401089084731204082e-01
6.659946237304059657e-01
6.219437764503323862e-01
6.265055812117497069e-01
6.255464864159848704e-01
6.377686820372951981e-01
6.634751371027473033e-01
6.681966474554338342e-01
6.330007484387476513e-01
6.556136114580538576e-01
6.080831315915559143e-01
5.737055233277238431e-01
5.802219866187393604e-01
5.516214438924291752e-01
5.739774430160667906e-01
5.813778784258319954e-01
5.948044371822579501e-01
6.083073618694516682e-01
5.781059404436236226e-01
6.120230231855060543e-01
5.905433370070656274e-01
6.154783458898295256e-01
6.353036330603930582e-01
6.024664335189213737e-01
6.072700920907978528e-01
6.033355218733787995e-01
6.519525979575178098e-01
5.936028721174445577e-01
5.858476997000634512e-01
5.963636783831067767e-01
6.000141176881547134e-01
6.371655801821149989e-01
6.217325248946563576e-01
6.183889649757319251e-01
5.899206471065043811e-01
6.119618267927900979e-01
5.895260667248759523e-01
6.103703921429610713e-01
5.947413240370769127e-01
6.224151242663714667e-01
6.021677587538272203e-01
6.021004262442549715e-01
6.134703680699056250e-01
6.191691194341978344e-01
6.347835471685902009e-01
6.002543692226367522e-01
5.963505539093882923e-01
6.099781992285291388e-01
6.347353748268572682e-01
5.923358723554604799e-01
6.311920283185874503e-01
6.185418920613772187e-01
6.281793988779986737e-01
6.591262798162769165e-01
6.018628740635614260e-01
6.922121942247677628e-01
6.495862116206755354e-01
6.111386643444870481e-01
6.452743750450967708e-01
6.523524710674452054e-01
6.360753904549319993e-01
6.043042284684967402e-01
6.352527301678538851e-01
6.097590676806923238e-01
6.023444747205723981e-01
6.229414098039459668e-01
6.037114005944211881e-01
6.310430087514794506e-01
6.273453548322636131e-01
6.097217452782193181e-01
5.968794725720879546e-01
5.980602024985781640e-01
5.814401262060999720e-01
5.874554621657974707e-01
5.786804522687322150e-01
5.808763684003542815e-01
6.161296646790460629e-01
5.953963892776128475e-01
5.898646804747713634e-01
6.269907308451091454e-01
6.375924377766200024e-01
6.582375464348441119e-01
6.447470115562671245e-01
6.349930700188461952e-01
6.527763429920833138e-01
6.043131572128762619e-01
6.070414905346508405e-01
6.149703411347496873e-01
5.940139261065928711e-01
5.820490760015344378e-01
5.956137993755443727e-01
5.663952288093944132e-01
6.183015352349737759e-01
6.123510951649013823e-01
6.095027299670293663e-01
6.294361827536063547e-01
6.192496299342539201e-01
6.180179806769583450e-01
6.312669120363756381e-01
6.297250336323862996e-01
6.329380621514875127e-01
6.274971087812556414e-01
5.973088150627374748e-01
6.042647894657556806e-01
6.254764367807458258e-01
5.912467468759606826e-01
5.885857664470084405e-01
5.828402975179640677e-01
6.211498319218049513e-01
6.108403920393125075e-01
5.839280872466056094e-01
5.842591661108880174e-01
6.183151600225336164e-01
6.403462305857764436e-01
6.342902801523062628e-01
5.938695707640254673e-01
5.800005354388897416e-01
5.755696759254042005e-01
5.800248071954137163e-01
6.093641277420575042e-01
5.781069806995626781e-01
6.126725947986816356e-01
5.833923112154100199e-01
5.681796915687081784e-01
6.161167973408527843e-01
6.000142393798372220e-01
6.119634538091442977e-01
5.877514832954706669e-01
6.235556211858772624e-01
6.056490872120302571e-01
5.900336879767651421e-01
6.191883325587972386e-01
6.068635090159710810e-01
6.209065026524194231e-01
6.196333643621667608e-01
6.194453521278572294e-01
5.995555809196705388e-01
6.430006760298523361e-01
6.344607943131869154e-01
6.283203660082677944e-01
6.280733672944843748e-01
6.097743710843426257e-01
6.505401908504150343e-01
6.610697230392010848e-01
6.409230733417307091e-01
6.817774855442104709e-01
6.466500057850571581e-01
6.262270348835398126e-01
6.132814436595547258e-01
6.254411209257290105e-01
5.906062312006042925e-01
5.711050326970521507e-01
6.031395313063045993e-01
6.000983282016859599e-01
5.717881660076805650e-01
6.458788745719963309e-01
6.117995661056885304e-01
6.295030431926608161e-01
5.740157975058114426e-01
6.023361375319571387e-01
5.838188398122778899e-01
6.403499761671160861e-01
5.944230371790909517e-01
6.397313663880409562e-01
6.087531089784538052e-01
5.781408078191939692e-01
5.539894794617001850e-01
6.052593652292148629e-01
6.080386231280126008e-01
6.080555385537657065e-01
6.311208374791940079e-01
6.296642843023911862e-01
6.101649536721257538e-01
6.314846185228053521e-01
6.327326242623424468e-01
6.207666574966630435e-01
5.918134619896729953e-01
6.134557343494008164e-01
6.147160305753242016e-01
5.887220167490587741e-01
5.774676092699126961e-01
6.135593827984185955e-01
6.072227404171848253e-01
5.739176850935766572e-01
6.210186838445156399e-01
6.240069784641767425e-01
6.111298242242403367e-01
5.922134341931091228e-01
6.188589296381861171e-01
6.149037724515107328e-01
5.803975040576998534e-01
6.203865149637165510e-01
6.225092175415327667e-01
5.983394002908500875e-01
6.094479018194399744e-01
5.810902015982019053e-01
5.616733476922538548e-01
5.693765930291422306e-01
6.082843279164286132e-01
6.053895810607419214e-01
6.258821873094437827e-01
5.860139411915082919e-01
5.983408881241358834e-01
5.811226391761500354e-01
5.588098744630759507e-01
6.035762693913800936e-01
6.158301384951653246e-01
6.038026129714866297e-01
6.122276150069172473e-01
6.123359452505935385e-01
6.203885127051447235e-01
6.387474192282494023e-01
6.195357736945436011e-01
5.903194351953408026e-01
6.504812816614390369e-01
6.054621557678623311e-01
6.035362854306772773e-01
6.145851456477836594e-01
6.117211343734161311e-01
5.914130260071828182e-01
5.604498683541111470e-01
5.944263157614421145e-01
6.451742307662091669e-01
6.144424566096999829e-01
6.042787815065869816e-01
6.230128666171451668e-01
6.084800317494348798e-01
6.069640367624091759e-01
6.029049959555199401e-01
6.281430278834954084e-01
6.059932236731910837e-01
6.386596347436106491e-01
6.229052481624067772e-01
6.449022858010995396e-01
6.540966429906684976e-01
6.534475652516879007e-01
6.258484146554551542e-01
6.408887884743463825e-01
6.033804065118072435e-01
6.039141869221856807e-01
6.470353710611627118e-01
6.207669509003673758e-01
6.068856517651682880e-01
6.373101163699586014e-01
6.251651955911337044e-01
5.684576366806693981e-01
5.838939724003645582e-01
6.230711960299587515e-01
6.092881329973126592e-01
6.028289057001003926e-01
5.796660415575612957e-01
5.983159760841225694e-01
6.262094236921147417e-01
5.695939447706587222e-01
6.218193041116671926e-01
6.103561336955922734e-01
6.297688598341070199e-01
5.611701721776110041e-01
5.925344543428956445e-01
5.946315937802222340e-01
5.740201098770035815e-01
6.028444977787497105e-01
6.048952655730613914e-01
6.111191252529382112e-01
6.174296412656702371e-01
6.391958671307733653e-01
6.152617699291822451e-01
6.370601351346475427e-01
5.716777544198596850e-01
5.842814362721867605e-01
5.951578948050308959e-01
5.881096155484102361e-01
5.951508343852266458e-01
6.180162261661219514e-01
5.991929942189718750e-01
5.718631931483323383e-01
5.970512382784113337e-01
5.974366298667964648e-01
6.247402056821410588e-01
5.597235401273328304e-01
6.230844743881271963e-01
5.913131468413385106e-01
6.090178408668958099e-01
6.327758941006638160e-01
6.319005684445737625e-01
6.222183607422300256e-01
6.167392623902048232e-01
6.355290257211170246e-01
6.015015834942083472e-01
6.228433727021170929e-01
5.720827786940779758e-01
6.141416135045059121e-01
6.093909651230007274e-01
6.619721096856707732e-01
6.292654582158632159e-01
6.516129067294074151e-01
5.851322569089513204e-01
6.294575346221706891e-01
6.087831068391836853e-01
6.025034777512249251e-01
6.130800429270837348e-01
6.180872824885076389e-01
6.198734932344317494e-01
6.150797225125305134e-01
6.207453470464063816e-01
5.706194975643872347e-01
5.785663715247049144e-01
5.908920965565596095e-01
5.724884921451744990e-01
5.830839523782911371e-01
5.543702336812066367e-01
5.540267307000753538e-01
5.791156997516022642e-01
6.045810474687334235e-01
5.947841635333318555e-01
6.497231895106985178e-01
6.364204568928187866e-01
6.292789990384540788e-01
6.045415575052413004e-01
5.975350858379535612e-01
6.024238052528607668e-01
5.821466843228377819e-01
6.074884352439761104e-01
5.900582437188405249e-01
5.977395496652719853e-01
6.196194394175670306e-01
5.680399658077435188e-01
5.641316988882758565e-01
5.741295969581629022e-01
5.821863449788480249e-01
5.492510522449064458e-01
5.613542857258245755e-01
5.600676588306146009e-01
5.640263895009716144e-01
5.941888860178513587e-01
5.812832693911985649e-01
5.926604928178127452e-01
6.329112899840211304e-01
6.612660407747581459e-01
6.166834084804152516e-01
6.366490528290696949e-01
6.482675242406762406e-01
6.380592453308054912e-01
6.284746786345994929e-01
5.906297736961519940e-01
6.339656175386132464e-01
6.652614776633691829e-01
6.327290685691795424e-01
6.113071306626687296e-01
6.374841135516005064e-01
6.145468427735272243e-01
5.875981212719806335e-01
5.808585379228373702e-01
5.806586820327953591e-01
5.858915098467456506e-01
5.564536564435800248e-01
5.576440430963520711e-01
5.890033720956883156e-01
5.822346791029618940e-01
5.919295340125707572e-01
5.947517460461644312e-01
6.173961077013633281e-01
5.985023403786533525e-01
6.033942257273632315e-01
6.358256395232185776e-01
6.960070164556761974e-01
6.233450831934198577e-01
6.195680404549406273e-01
5.697206114704138624e-01
5.950867258194229015e-01
6.123888680787106242e-01
6.097861402605700976e-01
6.307583264183949101e-01
6.148292441496624461e-01
6.371726782760896990e-01
5.922424830633921111e-01
5.719163107617554198e-01
5.848346029067742480e-01
6.019113642554719812e-01
5.795438499996161674e-01
6.030880694569025202e-01
5.903515178270852815e-01
5.831880499751740388e-01
6.154291497250694576e-01
6.053335085741127219e-01
5.509813019188117833e-01
5.799047857675492246e-01
5.774344797283296193e-01
6.087867199058816237e-01
6.040187729474121303e-01
6.303953924285046195e-01
6.180350456961990480e-01
6.151254986862217944e-01
5.719149727278632911e-01
5.967999669842267707e-01
6.149310880568352733e-01
6.129224616877619880e-01
6.022710468883055723e-01
5.842287904217844385e-01
5.887755330184488711e-01
6.344718114989383873e-01
6.064622804424596447e-01
6.438706730438434889e-01
6.503813300356476867e-01
6.643821980765893809e-01
6.107323891410140204e-01
6.511137538320638241e-01
6.035542051154103582e-01
6.210126113516203361e-01
6.332077411721114268e-01
6.148101420607022805e-01
6.483620252960949903e-01
6.581647464688201721e-01
6.173226788895374018e-01
6.128390311943801017e-01
5.928054684521482098e-01
6.302798687272245237e-01
6.203378208007575001e-01
6.389048382958739669e-01
6.011701794317925174e-01
6.000214177225308143e-01
6.351270936797256406e-01
6.087681610812327726e-01
6.370511893812857984e-01
6.196591641662643202e-01
6.464293008835484411e-01
6.267638887758182342e-01
6.246051564183980886e-01
6.506897931519364242e-01
6.318959046892976827e-01
6.444418598980453661e-01
6.697229705356573248e-01
6.354057074845924635e-01
6.513121395671392921e-01
6.716734352484761139e-01
6.627430949916138792e-01
6.486953609780835572e-01
6.502766557415626814e-01
6.145149689362231493e-01
6.378667216935579587e-01
6.017942714721832287e-01
6.198745922533167585e-01
6.518343094164765761e-01
6.178070941253221982e-01
6.434205991512204070e-01
6.051794566424889554e-01
6.455786631341401405e-01
5.958903835552817885e-01
5.590767255418709336e-01
5.580125102322026631e-01
5.359927343297143931e-01
5.596445084354564337e-01
5.907838766629729399e-01
5.926568846291661030e-01
5.918144125148282475e-01
6.350676177071638007e-01
6.257139487341809581e-01
6.503331408534882563e-01
6.551896456587110729e-01
6.846113614494993005e-01
6.549025167928276270e-01
6.207345081809847454e-01
6.497972163652024902e-01
6.075392149914417006e-01
6.038009322328210526e-01
6.154046145150656733e-01
5.786097536030421207e-01
6.134136780778087772e-01
6.075146974823556478e-01
6.113813183056220346e-01
6.001282104999028366e-01
6.218629354398573783e-01
6.420355985553627409e-01
6.338931857073571985e-01
6.409611751242371147e-01
5.901057356179960633e-01
6.041034301927163952e-01
6.057767977745568411e-01
6.433246027028770575e-01
6.711555684838093061e-01
6.638638949048519811e-01
6.596347514254938815e-01
6.642783600508639363e-01
6.163504895419413820e-01
5.888337730160254635e-01
6.135885338192058613e-01
6.005836109672559875e-01
6.662622362241267249e-01
6.324520335409112848e-01
6.340799649176093178e-01
6.518327251861928406e-01
6.040394638987915954e-01
6.554115569325162927e-01
6.359391502723428236e-01
6.244999855266758493e-01
6.199148122259641180e-01
6.156072762098032669e-01
6.104975787914563856e-01
6.129917364096090227e-01
6.009319369193165672e-01
6.168564717389258822e-01
6.240741822581439280e-01
6.084679691034127202e-01
6.202785697770386575e-01
6.409595868129783769e-01
6.219842402759345745e-01
5.911726567325411574e-01
6.372535097287661543e-01
6.132435727640761502e-01
6.344025525018487377e-01
6.284871960389182277e-01
6.050050548231169500e-01
6.111153149601212808e-01
6.236063113482549491e-01
5.834375418691353232e-01
5.918179039363596905e-01
6.008728290009301976e-01
6.204534792851931213e-01
5.995531434606317100e-01
5.487685834387067141e-01
5.741797597475832848e-01
5.999561895991776250e-01
5.872633436377294736e-01
6.022662595613014203e-01
5.969956799950929538e-01
6.547464803219925633e-01
6.664323951093715781e-01
6.021670325013633862e-01
6.735108029312302236e-01
6.492842201322205353e-01
6.443963009463766767e-01
6.221666627740958244e-01
6.458381937432382536e-01
6.338571345745449559e-01
6.316364630077169195e-01
6.213349020486024221e-01
6.232625706109697905e-01
5.936169100902697338e-01
6.218705939068334132e-01
6.397127940823346126e-01
6.076406325947142362e-01
6.060366771557640364e-01
6.623032344147959938e-01
6.476164830940528416e-01
6.604457883479085689e-01
6.500737728774563795e-01
6.226747273035018182e-01
6.342087271428907824e-01
6.109201299005305730e-01
6.043810274022639595e-01
5.931586544363398605e-01
6.527503380162770208e-01
6.283993737685638070e-01
5.947302919151185030e-01
6.047802219183325834e-01
6.157878542907614383e-01
6.442306871416786374e-01
5.956532556711593429e-01
6.215924955582321498e-01
6.356171975978548438e-01
6.043449871807704543e-01
5.610252874173221604e-01
6.715645183040346300e-01
6.154760847231498522e-01
5.799144427551440328e-01
5.688279000492315607e-01
5.646960877787231547e-01
5.729183650429223729e-01
6.172037780101853333e-01
6.024745132171351880e-01
5.475773905772891581e-01
6.082985200477888377e-01
5.893543462231224384e-01
5.730275867710628024e-01
5.625278884178518402e-01
5.734545256601366603e-01
5.760511268276725660e-01
6.130744479261973634e-01
6.186797186236090429e-01
6.154172320165157695e-01
6.150272515170446264e-01
6.022985424294436951e-01
6.290836817943377124e-01
6.205617780357335356e-01
5.734941022076476269e-01
6.173766627243796323e-01
6.097013645432918238e-01
6.189324011853610807e-01
5.743354921064823815e-01
6.038844858520278081e-01
6.014411512215362965e-01
5.905874349300556103e-01
5.940530489204407516e-01
5.808926030560030984e-01
6.224730109882065099e-01
6.025947715998902776e-01
5.787594049953176389e-01
5.852356349917547940e-01
5.974427271222302327e-01
5.900595169168473264e-01
6.011525552124520333e-01
5.988487168234637448e-01
5.954085317891262275e-01
6.092098423635311510e-01
5.914663235850717848e-01
6.101210678629539474e-01
6.347896939439926500e-01
6.132316821167127507e-01
6.043376370946558218e-01
6.388106103676176595e-01
6.392390348799878996e-01
6.362825911533926959e-01
6.195708102145255358e-01
6.023157422353189183e-01
5.937880017756133055e-01
6.277366398342771880e-01
6.228044407804469440e-01
6.300722836059100551e-01
6.637033675353271045e-01
6.087382136187481363e-01
6.302980313971727755e-01
6.461608452174356643e-01
6.548735103794888213e-01
6.150174933801340060e-01
6.296900163570834374e-01
6.357981290198182478e-01
6.216965949447129658e-01
6.528951505068862904e-01
6.133123324650534558e-01
6.036181797309307928e-01
5.708207964643217114e-01
5.666372688334335717e-01
5.840342467235853929e-01
5.783147629129516964e-01
5.935158933180880725e-01
6.580679928312973548e-01
6.339779238459043453e-01
6.476429687350825359e-01
6.432878782826368935e-01
6.313949018828520776e-01
6.328085661172934140e-01
6.138873318340285490e-01
5.727838284688530068e-01
5.905354918249902108e-01
6.024281220651995783e-01
5.818224561525580096e-01
6.218011069964073378e-01
5.706945253431543463e-01
5.916048439359953282e-01
5.923025787561536637e-01
5.900233137398566141e-01
6.099276393009417374e-01
5.874666504066728967e-01
5.394342113573029618e-01
5.834152824076256350e-01
6.095225843613620853e-01
6.119299606032398975e-01
5.691566339035865063e-01
5.645791628424589037e-01
5.943170960222190491e-01
5.954140306408384209e-01
5.684439080435091940e-01
5.842142211175003208e-01
5.928643251583896046e-01
6.247740921916157264e-01
5.928114035953925276e-01
6.335356595422010351e-01
6.097692488081660755e-01
6.228180010035960779e-01
5.788903047220956832e-01
6.213864444998647985e-01
6.188144715815645514e-01
6.250128240915084898e-01
6.116832257965483244e-01
6.121095333473638433e-01
5.780468394996018944e-01
6.080593304285819567e-01
6.093692294934165421e-01
6.177440785851885385e-01
5.716737076600180156e-01
6.354620992692625592e-01
6.370615980086591357e-01
6.018119330274774859e-01
6.014722559915174349e-01
6.092529241467238288e-01
5.845048406407469255e-01
6.105207002843285879e-01
6.193767890586681091e-01
5.810266744082229762e-01
6.310667644302467849e-01
6.475645617475314086e-01
5.840070294885432167e-01
6.821332914342795872e-01
6.419276569158302026e-01
6.837851170027117176e-01
6.291741395812348037e-01
6.310846324484296055e-01
5.857646016375137599e-01
5.991172833259806874e-01
5.924715924133306943e-01
6.166750327447415581e-01
6.255945018357750298e-01
6.228754046824559465e-01
5.943292995216613583e-01
6.176336202717840340e-01
6.258376280947574033e-01
5.752360834736339745e-01
5.746661422369798711e-01
5.470528998727367531e-01
6.008989030541102006e-01
5.775478464537207035e-01
5.914289929811087365e-01
6.260263781028704289e-01
5.728468683742955481e-01
6.016662770444046737e-01
5.813544332375091273e-01
6.031644123709735128e-01
5.866893923821688839e-01
5.633246781549037241e-01
5.875037323416162360e-01
5.946800048254577975e-01
6.013869651088321611e-01
5.960433276398297009e-01
6.059838526725014329e-01
6.377202725440486164e-01
6.051044661568756311e-01
5.979883208998131305e-01
6.210799930324025775e-01
6.044268294415614529e-01
5.810566916897573764e-01
5.925303769475250837e-01
5.865438375414855354e-01
6.122866771271386899e-01
6.191151903783608246e-01
6.221344435869068379e-01
6.260610972805614738e-01
6.318472580417933138e-01
6.558188923565120287e-01
5.749853896724855806e-01
5.761713464478328550e-01
6.071321487187485433e-01
5.956423923837362855e-01
6.215778012596683277e-01
6.013877987842951578e-01
6.113797281132332673e-01
6.421774377683407975e-01
6.173608282278576498e-01
6.120541604348878062e-01
6.056934997818095301e-01
6.063371464107332187e-01
6.316319015010465332e-01
6.593251821229070275e-01
5.883224424281973119e-01
5.965706640132827365e-01
6.016279730562045236e-01
6.160287259280082806e-01
5.733435389185026487e-01
6.013851349659079526e-01
6.174667483433188275e-01
6.463919960441458779e-01
6.577257155365324737e-01
6.350509990636499236e-01
6.352575223042138397e-01
6.518899079645484873e-01
6.376897605374152178e-01
6.499177714883634938e-01
6.026668642944854604e-01
6.235347486513276305e-01
5.838226694502509639e-01
6.143797188121650210e-01
6.076781433820188649e-01
5.828648500996410631e-01
6.018494761083366118e-01
6.017759648528270278e-01
5.804296163140574283e-01
6.066110766329563253e-01
6.213764650558518676e-01
6.026889877850611921e-01
6.112624733773104335e-01
5.869174306476948599e-01
6.167380890780331804e-01
6.119664695602954341e-01
6.275356672327965235e-01
6.370968629832649555e-01
5.992805836343277903e-01
6.210558048047304380e-01
6.296835032655239139e-01
6.188029870416558165e-01
6.096269047266021923e-01
6.136075931161090180e-01
5.734789559210746734e-01
6.042429169853713589e-01
6.150820499928617568e-01
5.797317314713467118e-01
6.003178310220332881e-01
5.961597412440869936e-01
6.507406326015126030e-01
6.154642855656619060e-01
5.910031465125783479e-01
6.422903208103956096e-01
6.202678298722539285e-01
5.819046776051857162e-01
6.391412658595559959e-01
5.994425443527705566e-01
6.099169988366205386e-01
6.624880544978962726e-01
6.183035920371483529e-01
6.244161234344113298e-01
6.422408614583456909e-01
6.419439769343243674e-01
6.136232742326008793e-01
6.201950139726636335e-01
5.990561444527408019e-01
5.664685131079065794e-01
6.063808566949397960e-01
6.331411911803730419e-01
6.224122951230635081e-01
5.897917492677172691e-01
5.987892621889429057e-01
5.823703781321083461e-01
6.099702563171077729e-01
6.255719219174490364e-01
6.195055447116434300e-01
6.298767775709347427e-01
5.555799958556848495e-01
5.908820349992560672e-01
6.165068547930261378e-01
6.474801095833346842e-01
6.366894507595387553e-01
6.687028764005659154e-01
6.523509398106167589e-01
6.000615076205259024e-01
6.330998137408554438e-01
5.966226225046019627e-01
6.138152388663926651e-01
6.078713361421804739e-01
6.234052640991055716e-01
6.405524916056052342e-01
6.066734630322014876e-01
6.064245047554708279e-01
6.312129486457636052e-01
6.530322322926841450e-01
6.588078694392929258e-01
6.298458092295513566e-01
6.187103145234353896e-01
6.190736030361190245e-01
6.576354632089996821e-01
6.049407892455882507e-01
6.059555544675778727e-01
6.205694125181683285e-01
6.433342053761629264e-01
5.874546478095958868e-01
5.920595624544491287e-01
5.849234662168223409e-01
5.790543297830217373e-01
5.747795259333272622e-01
5.559500168745483695e-01
5.982739973469106687e-01
5.997545935030520470e-01
6.498455831987917097e-01
6.079920371776349475e-01
6.286014728133715312e-01
5.872313046610689868e-01
6.322706811429571472e-01
5.672372502172687847e-01
5.911108837345080413e-01
5.885564230800891528e-01
6.353269925818800790e-01
6.358906767510443814e-01
5.965818207163011699e-01
6.137462972757172786e-01
6.251924427970456666e-01
7.124501922521868646e-01
6.931768370089469444e-01
6.616008509390240988e-01
6.887073549941955530e-01
6.861595405715673612e-01
6.495131785705233751e-01
6.537800670244447998e-01
6.334532003350504814e-01
6.337344312621562281e-01
6.509908489111260188e-01
6.417488838073517332e-01
5.899014031170572991e-01
5.811866611233382773e-01
6.041170736812111475e-01
6.605800560585269876e-01
6.148760238687894786e-01
6.195483438347352267e-01
6.188637573168657147e-01
5.925140666367645359e-01
6.349811992142584405e-01
6.243448141612877311e-01
6.179523485661257975e-01
6.332668247378296922e-01
6.099459011284820154e-01
6.308610465065349615e-01
6.102563938502835184e-01
6.003480778538975438e-01
6.194274197771643120e-01
6.100789716668547635e-01
5.999244196650629357e-01
5.745632368202497897e-01
6.258852576054441119e-01
5.986437600713830909e-01
5.772234179319383207e-01
6.138276576400419904e-01
5.822704285819351178e-01
5.934122518643559774e-01
5.637471927028689933e-01
5.824047162384908827e-01
6.017021470469546829e-01
6.025284290159935718e-01
5.846828635143003217e-01
5.963609042561707207e-01
6.086571894725377740e-01
5.973537474389006841e-01
6.093659000970329531e-01
5.799206929477305206e-01
6.007011139634497177e-01
5.644016261153956826e-01
6.319586023242989015e-01
6.226194596191386710e-01
6.270418811344898868e-01
6.225995852284701426e-01
6.075248252029177287e-01
5.835185165500116344e-01
6.270034901214057710e-01
6.435493501118286774e-01
6.222777863091671913e-01
6.064239602659700079e-01
6.045792136733716404e-01
6.178777375426988128e-01
5.861588672762996222e-01
5.886926427394808536e-01
5.975091080405380284e-01
5.794616238839784828e-01
5.627681115212507246e-01
5.690604082310691814e-01
6.125569590399800868e-01
6.017142418696200812e-01
5.999985813118197120e-01
5.823106865835568913e-01
6.320476623113313597e-01
5.993575843605890574e-01
5.834873878472986997e-01
6.277724096769686790e-01
5.767536179168915034e-01
5.992388477806952496e-01
5.999010805830670146e-01
6.485806394316558920e-01
6.215839383356096537e-01
5.984226031491526321e-01
5.844352158545574882e-01
5.736008750884264984e-01
5.864350052311575467e-01
6.252224297095042571e-01
5.992911484122568355e-01
6.237277923457879014e-01
5.871215113849060918e-01
5.783249626164571611e-01
6.048352521147264405e-01
6.403636881336909337e-01
6.054470627629174873e-01
5.983247761305062751e-01
6.278065342450006581e-01
6.170093601093026292e-01
6.139830232611507288e-01
6.224644534124409434e-01
5.891600713089841790e-01
6.120368569574126116e-01
6.013127473011430357e-01
6.155576989885701567e-01
6.403695461901864894e-01
5.835617913348317698e-01
6.089636337082783291e-01
6.185562254276206762e-01
5.936763001998877076e-01
6.479724962773704133e-01
6.085191637936325781e-01
6.103415702032667367e-01
6.027820065635421942e-01
5.966185590124228888e-01
6.226738428382854185e-01
6.251005823309383480e-01
6.402555458375637221e-01
6.269579002600741413e-01
6.716592972773183234e-01
6.034545413608612963e-01
6.128145049108021380e-01
6.185908534821091820e-01
6.270813355041985337e-01
6.348752452507127053e-01
6.293455333719258915e-01
5.975434474574246035e-01
6.406946913875728455e-01
6.237462645784357385e-01
6.238240100088854323e-01
6.078690462018661034e-01
6.576301755385091097e-01
6.091292309391346249e-01
5.814464090450266465e-01
6.458093369550825802e-01
6.579712565226152332e-01
6.226751111738842992e-01
6.017843053242531992e-01
6.328322116359734739e-01
5.582716188616637654e-01
6.126961373386705656e-01
5.838290198969522393e-01
6.145682946475381492e-01
6.135282136148835219e-01
6.233723520699288034e-01
6.202438097143798679e-01
6.522780584530097903e-01
6.093511738450025916e-01
6.269790413867004641e-01
5.903332201045674577e-01
6.042028320499746030e-01
5.934609317450232346e-01
6.298548788025042366e-01
6.294371277335720771e-01
6.205439732411941467e-01
6.220244281066780179e-01
6.280758309875378309e-01
6.583443041293312037e-01
5.938347325844142155e-01
6.420041720002874763e-01
5.907107859382828563e-01
6.078423104358681162e-01
6.215623696685578237e-01
6.224120397666607074e-01
5.764450577178924506e-01
5.879306659809691027e-01
6.126724395647344945e-01
6.062404615306692390e-01
6.255912380491346347e-01
6.210003901839249441e-01
6.661194338556907235e-01
6.230685908543057705e-01
6.109775806778116047e-01
6.227445038417419587e-01
6.123358295761931469e-01
5.839700805966203667e-01
5.866178707906344325e-01
5.978934436488312354e-01
6.241387285093904502e-01
5.777796669391087603e-01
6.096629694861103177e-01
6.254756290905206795e-01
5.771507279205269070e-01
5.861106721029024635e-01
5.868362200250794025e-01
6.041963418843429023e-01
6.169047674022093419e-01
5.931405457213296817e-01
5.947843221532784774e-01
6.314287299792127328e-01
6.183899843325907364e-01
6.199650279323388746e-01
6.269268357062410812e-01
6.138212716460659246e-01
5.955246015108407454e-01
6.043869398103028923e-01
6.097687870525827503e-01
6.596150087203240808e-01
6.247000867454896023e-01
6.211672266656601549e-01
6.071428161205977281e-01
6.019949802562557517e-01
6.138917583890424190e-01
6.024774066716557241e-01
6.128345006750948176e-01
5.895301802630804611e-01
5.831912064470061718e-01
6.114704058391225994e-01
6.329865065195816598e-01
6.601952610995173165e-01
6.028422023408176456e-01
5.868497255277995706e-01
5.858414011437058644e-01
5.830200243870455878e-01
5.727969224555347072e-01
5.956102992914923400e-01
6.156445583271152877e-01
5.901649635306807085e-01
6.214912062799530235e-01
6.162974262425144900e-01
6.215921550966614362e-01
6.007809372303052342e-01
5.946671125012218395e-01
5.995755918280220031e-01
6.068291096155788988e-01
6.162224374293536755e-01
5.772169408402325619e-01
6.049406953297369327e-01
6.048108416686917010e-01
6.393464619935786963e-01
6.185893072714933050e-01
6.076425351038576839e-01
6.356569742918930510e-01
6.267117110237497846e-01
6.342835597924613156e-01
6.269316597909180278e-01
5.592980557822803123e-01
5.990460259458667558e-01
5.455881863341995874e-01
5.716713918901036307e-01
5.517531822505156169e-01
5.503890050056887695e-01
5.692960778169384728e-01
5.482844161488423795e-01
6.130659396406766826e-01
5.777295506562009075e-01
6.129306591330173637e-01
6.165637367730685270e-01
5.952130560614062871e-01
5.837918056933364408e-01
5.861423610503272430e-01
5.663095178216173142e-01
5.607970516322635657e-01
5.963307432079781867e-01
6.172209293322303836e-01
6.007518605120980570e-01
6.354121420735114878e-01
6.517657625353636686e-01
5.941405704301909729e-01
6.161602086038187043e-01
6.245379795260682654e-01
6.030838997000028678e-01
6.521481690452687330e-01
6.097108060145627340e-01
6.326802801818401933e-01
5.958152938221662476e-01
6.382922922564931989e-01
6.317971941617777087e-01
6.276482790331542327e-01
6.325504519550279037e-01
6.198251036370209244e-01
6.019461600569027127e-01
5.686627551045421169e-01
6.002877811237297134e-01
5.753646973390046382e-01
5.770517391127902851e-01
6.046609452925816308e-01
6.252557314557317669e-01
6.304818516146379892e-01
6.388363291949918921e-01
5.873413793477585410e-01
6.431393274839225516e-01
6.817301059943672303e-01
6.648502041671052742e-01
6.492896003085159018e-01
6.055371814529412200e-01
6.356768589487146182e-01
6.363371456257812531e-01
6.111838510318610140e-01
5.919033617804411174e-01
5.844344842173043730e-01
5.741995917564608476e-01
6.313373642375538219e-01
6.271505795234998404e-01
6.316197964485681382e-01
6.035656080751731212e-01
5.976648313342078911e-01
6.170425351229565925e-01
5.898434859990862034e-01
6.658993880354150408e-01
6.405456882805997676e-01
6.083643056814932448e-01
6.155643530755570136e-01
6.008456113269782239e-01
5.855720315217127769e-01
6.009212515951598554e-01
6.205923144711246175e-01
6.092873298541695570e-01
6.068322392356743089e-01
6.298130436904707530e-01
6.319895323548572197e-01
6.193627783837766243e-01
6.099950767430147858e-01
6.217225210551575731e-01
6.148613175816963761e-01
5.892646552801974469e-01
5.994864803107166074e-01
5.952410620875731029e-01
5.797400485439013762e-01
6.417740180657878213e-01
5.975817018971161243e-01
6.178166610308619688e-01
6.184361879640559723e-01
6.119414786152966856e-01
6.073113228134388031e-01
6.735768743689570792e-01
6.090504649956210992e-01
6.333541720203189618e-01
6.331576878415988707e-01
6.228492268473269089e-01
6.160048456037519049e-01
6.297237927984626893e-01
5.983019795799207063e-01
6.159883551759990361e-01
6.142017692800946227e-01
6.471489142186698240e-01
6.222694267009315494e-01
6.238915410548704354e-01
6.057188167375566756e-01
5.836489879683912640e-01
6.114203742615562653e-01
5.940871492899422179e-01
5.822909377778219264e-01
5.960782190056340690e-01
5.833389181770349818e-01
5.807563234707775468e-01
5.796420708975285052e-01
5.652430577129701206e-01
5.825871797273262098e-01
6.053113865850942021e-01
6.139311112082637134e-01
6.083722246513383336e-01
5.997612622124822712e-01
6.197190107132634074e-01
6.423830650803077358e-01
6.172334990040320157e-01
6.259138315255547980e-01
6.205642005025605590e-01
5.956452231043859458e-01
6.007553113747170492e-01
5.762295507320337462e-01
6.366151078524282525e-01
5.886026613183510392e-01
5.939036313714404214e-01
6.171842831660282469e-01
6.141977833032467027e-01
6.093828333605988412e-01
5.653430872058295975e-01
5.932430135439511476e-01
6.093746042653989115e-01
6.116267261860423021e-01
6.281500194254863167e-01
6.082687696945571210e-01
5.744586045472631630e-01
5.771211180919237904e-01
5.716708963036046809e-01
5.760408365075184722e-01
6.040837361696144159e-01
6.004314936283984272e-01
5.915989852153175077e-01
5.914111411123290640e-01
6.120546638649229099e-01
6.275743532157408433e-01
5.987293383939081837e-01
5.943008848464855776e-01
6.452631544712178480e-01
5.770890025428619952e-01
6.334910076809279200e-01
6.160389494009586020e-01
6.151723961012954822e-01
6.164454808484373105e-01
5.750163982141704988e-01
6.110123783371474993e-01
6.131713625442880566e-01
5.896331622638827374e-01
6.120273505620540400e-01
5.957013580340608794e-01
6.237465769854075859e-01
6.170510703977332145e-01
6.570186415522591972e-01
6.493611003524304426e-01
5.729893974390548594e-01
6.526600913859865738e-01
6.662887264214294447e-01
6.492394001204896403e-01
6.653390967290994107e-01
6.527803987094814575e-01
6.683009457829497402e-01
6.187626978720113247e-01
6.658426966987900375e-01
6.554440320581960133e-01
6.394388832268754763e-01
6.394043055316488422e-01
6.055506788016328246e-01
6.217731782664921436e-01
6.238511853475312563e-01
6.123974589576800520e-01
6.272627814746963848e-01
6.379263128579177877e-01
6.213345853499816496e-01
6.285689791616964062e-01
6.234906823865369319e-01
6.449696959958048925e-01
6.278802009247372862e-01
6.094996782181204553e-01
6.296510516439908223e-01
6.266885566538562546e-01
6.037001370701979841e-01
6.398926934439499448e-01
6.195711885734043189e-01
5.893607082402757547e-01
5.847495185220962233e-01
5.578569073538405254e-01
6.364131686927737563e-01
6.250732777666159201e-01
5.591458081435251026e-01
5.952317923988476034e-01
5.986383739369378620e-01
6.034142043705880143e-01
6.178891367483123620e-01
6.027138883225958699e-01
5.933536196969341203e-01
6.052752734064545947e-01
6.218084668286566474e-01
6.256541054565577520e-01
6.360352350380786834e-01
6.322070149576684006e-01
6.418212555584270618e-01
6.747032169856200801e-01
6.600786796594457773e-01
6.294001067219525680e-01
6.219331507388590197e-01
6.267977860240214749e-01
6.280583492774231003e-01
5.991215479285572076e-01
6.043116219703341674e-01
6.016267001483651677e-01
5.927459094160019148e-01
5.717357791971813263e-01
5.935708669036550145e-01
6.296227389773279004e-01
5.861622215315513973e-01
5.730964230591736319e-01
5.646614380278086598e-01
5.691676471972526574e-01
5.665676977274061166e-01
5.948466606104725329e-01
6.044656630463717262e-01
6.418331704799499215e-01
6.242961680061964724e-01
6.317388551322975498e-01
6.394361840757700755e-01
6.235899470878002449e-01
6.359770560045902021e-01
5.811002989743194735e-01
5.536060561810415281e-01
6.285683822426143541e-01
6.261152608870400593e-01
6.393341984161158287e-01
5.923405426926859896e-01
5.926260140911114860e-01
6.262753910695789683e-01
6.040018003151382819e-01
5.981227206400330232e-01
5.952200811295563776e-01
6.403134144474131872e-01
6.338697266181744228e-01
6.176965555412410325e-01
6.434310684444144446e-01
6.252597056131838915e-01
6.451251278409660950e-01
6.377608987838664367e-01
6.257148083050054765e-01
6.214681723235481181e-01
6.672945422007866556e-01
6.081056713354981991e-01
6.374415463429501383e-01
6.291929384282414217e-01
6.634727879517353655e-01
6.635586461774878320e-01
6.444413684455265745e-01
6.541125390303919040e-01
6.416990762279572991e-01
6.379974452157370912e-01
6.119619388845806141e-01
6.167795560800276577e-01
5.957023483466967750e-01
6.236061656213574000e-01
6.265848126088779946e-01
5.880520811851334129e-01
5.921222686611388175e-01
6.238656134555498056e-01
6.641600662582578529e-01
6.309495468716369571e-01
6.513856385023557571e-01
6.539947588765903097e-01
6.704735398462413620e-01
6.574367100591793633e-01
6.783179253813685916e-01
6.019185388944551240e-01
6.286800754117812806e-01
6.603959522948097405e-01
6.339150256918428816e-01
6.495710047583977964e-01
6.639462040674912746e-01
6.969778106745785351e-01
6.405933963471455161e-01
6.148328012685828625e-01
6.110934976187697432e-01
6.314882278598304977e-01
5.903375990097887716e-01
6.041605259281503937e-01
6.323734976458187385e-01
6.202293450403283392e-01
6.020248506596229676e-01
6.073081362736922895e-01
6.001909783881277383e-01
5.912849322065816260e-01
6.267615937192627662e-01
5.978924726726557726e-01
5.938361969321416245e-01
6.227277956924288649e-01
5.876995042383961199e-01
6.055396791172537041e-01
6.109996199164265951e-01
6.723919642941117436e-01
6.562435158141436409e-01
6.596199147880975611e-01
6.150682507733098436e-01
6.065223540254474077e-01
5.927566449647293512e-01
6.331998321140674957e-01
6.121705244563629966e-01
6.081975639586136850e-01
6.221441200567274787e-01
6.424187718304344985e-01
5.914388170776053721e-01
5.990150932906007641e-01
6.029470629959061689e-01
6.034209000840556891e-01
6.142193955739615463e-01
5.951334179732747920e-01
5.949751095984514571e-01
6.053783474905367612e-01
6.075999454651467291e-01
6.100448575304853183e-01
6.177597998488143505e-01
6.419141389796790831e-01
6.147852380638009206e-01
6.152659008428215115e-01
5.785337084738639835e-01
5.321060337352543357e-01
5.473263490008920540e-01
5.860742351849901333e-01
5.990063962031574318e-01
6.144246915138905640e-01
5.629966136708084434e-01
5.920536093210950757e-01
5.883299475311936089e-01
5.764243113910521021e-01
6.381359891616361635e-01
6.237577027173846211e-01
6.127072631247438839e-01
6.425886888760704574e-01
6.291632742088484331e-01
6.464163857869108520e-01
6.267708446403096323e-01
6.169195674776352112e-01
6.152795752153531472e-01
6.150201525256263624e-01
6.043723057550782762e-01
5.991529512127262702e-01
5.859531743836861040e-01
6.032038715001561968e-01
6.216024310449493884e-01
5.840948680040510821e-01
6.274367244097963647e-01
6.029444859103840759e-01
6.329017439587792948e-01
5.799004185588650939e-01
5.552373617116843629e-01
6.244342722767571852e-01
6.109915420545483089e-01
5.966769373429793299e-01
5.868243011903122586e-01
6.348375105162135101e-01
6.084739211631317035e-01
6.437657414823325652e-01
6.531440999140141201e-01
6.334427326694039850e-01
6.758580181839064505e-01
6.447702166110670374e-01
6.861854581270423470e-01
6.656177868592518809e-01
6.755759658123901001e-01
6.673894274296927609e-01
5.819435679641116188e-01
6.066143665380959726e-01
5.832053715983950282e-01
5.967342686101330118e-01
5.988840074993372342e-01
5.693268360032293085e-01
6.031229187653945889e-01
6.062676957125403554e-01
6.056176701135990159e-01
5.957627261721943901e-01
5.914465632390014660e-01
5.859453964399922166e-01
6.271562206988744448e-01
5.894510096024447865e-01
6.036611216462618446e-01
5.569253886839627965e-01
5.831624151449413818e-01
5.956163593738601492e-01
5.661793306259588210e-01
5.795903387911660598e-01
5.936229564164949846e-01
6.083709066768104856e-01
5.991034661744333301e-01
5.854979849825073801e-01
6.270709375209957415e-01
6.173105332023204328e-01
6.056363317007557034e-01
6.077202558692434975e-01
5.914792228657237416e-01
6.148554995639530230e-01
5.979811800899328400e-01
6.142733127816522032e-01
6.228973745891408509e-01
6.250470388372749708e-01
6.029240759491786283e-01
5.924954865082198152e-01
5.879131951340689222e-01
5.854107583684208249e-01
5.928958961297745578e-01
6.075467694949672204e-01
5.925763699576908072e-01
6.398078622412510796e-01
6.282184175185155928e-01
6.061248839295141355e-01
6.156997677936857372e-01
5.777925361758928791e-01
5.786133350216630111e-01
6.455188568338681154e-01
5.949282978012341294e-01
6.197965152253629428e-01
5.849590084454504568e-01
5.959469069654208528e-01
5.648175047038735963e-01
6.227129950921878043e-01
5.574106254436755892e-01
6.094029397301075068e-01
5.632850234468748107e-01
5.752921969028068627e-01
5.656411444781924702e-01
5.790669667077903426e-01
5.856997655331694919e-01
5.583668682398520433e-01
5.523609039252573849e-01
5.892263953473714233e-01
5.870668571440840200e-01
5.992216791023117217e-01
6.124320173672187506e-01
5.979091382068013605e-01
5.892151787156595377e-01
6.063481632091318740e-01
6.288018010914258049e-01
5.809712557995903026e-01
6.030364147714802892e-01
6.185870345698527561e-01
6.074489855104733271e-01
6.069162273995962753e-01
6.140670633662292932e-01
6.048361856774748802e-01
5.897479800465752486e-01
5.850652065159096527e-01
5.513014460317082754e-01
5.934541889161736306e-01
6.196083189462101570e-01
6.067322786886901742e-01
6.103385730844766988e-01
6.185026709875530715e-01
6.549050114561983937e-01
6.085801482024761899e-01
6.234545545541345657e-01
6.293033294685304035e-01
6.414791831137941491e-01
6.383921108306279679e-01
6.409851762671380238e-01
6.664802380105493418e-01
6.930462601295983571e-01
6.833684777198990590e-01
6.327695984449456246e-01
6.878215288419901041e-01
6.370897367511277887e-01
6.062525859901217729e-01
6.299241714324510522e-01
5.876215053243651898e-01
6.036990958278312114e-01
5.945489625356161767e-01
6.404321425951942093e-01
6.178886609045798339e-01
6.207827226961841749e-01
6.325716437229045308e-01
6.088147222867194008e-01
5.968410429293078412e-01
5.919732531890347094e-01
6.133890614971952981e-01
6.574783763682673365e-01
6.161067325143048112e-01
6.362854368209437395e-01
6.235495611732080334e-01
6.001222276597876215e-01
6.284967839691472102e-01
5.994316465261453342e-01
5.955958821762504796e-01
6.147182345546362559e-01
5.694331074115053237e-01
5.927791013132237552e-01
6.432806372557507979e-01
5.944173654608928548e-01
5.815546599594566546e-01
6.007257676836827986e-01
6.163159192644673823e-01
6.490215885596375411e-01
6.076916622389858524e-01
6.072960539110781042e-01
6.144730507597896407e-01
6.067723673656779670e-01
6.295661907426303161e-01
6.244735256713840332e-01
6.136130123333126685e-01
5.948606723307279243e-01
6.038477539935709348e-01
6.137048253630977834e-01
6.507817035906677816e-01
6.297350044174492290e-01
6.192957170728369265e-01
6.117919441496642019e-01
6.293106852131842288e-01
6.173086834995777927e-01
6.148249919380462947e-01
5.778307762884075105e-01
6.079681073204111774e-01
6.248763737482687652e-01
6.081230572992847305e-01
5.855677496280571326e-01
6.143844351699947470e-01
5.932971301316198875e-01
6.011628822237753411e-01
6.279586757615900350e-01
6.178553988223532967e-01
6.126026260355186270e-01
5.824491773418488672e-01
6.084347141189782038e-01
5.994936674156565726e-01
6.151882107373481956e-01
5.952633357624593780e-01
5.806467836276298922e-01
5.866324708540868738e-01
5.988028344400644354e-01
5.956739973988873782e-01
5.899735101990652986e-01
5.948214165731706693e-01
6.128829983014955074e-01
6.070394583351903517e-01
5.759275065511541003e-01
5.546860368054351564e-01
6.104540438023365878e-01
6.079168236310750206e-01
6.153835422181950232e-01
6.458530537150138917e-01
6.365241697576591307e-01
6.411270301629752311e-01
6.185903569639467081e-01
6.412598025156560633e-01
6.316300353342675367e-01
6.193325548404657876e-01
6.354893957110719915e-01
6.401374063789699864e-01
6.136246552881633454e-01
6.273830124939349107e-01
6.419340499988315241e-01
6.368338035499296890e-01
6.007933854034432919e-01
5.829307787905746441e-01
5.830578419357603792e-01
5.945885941934085928e-01
5.765780597313370226e-01
5.836659889981197225e-01
6.026831018667385687e-01
5.596303711001311409e-01
6.055233262390716797e-01
6.396704712219251077e-01
6.398101900931387753e-01
6.102917261642345492e-01
6.318436684533015324e-01
6.281941537951967192e-01
6.318120394396110617e-01
6.259664405753995187e-01
5.747618581204037014e-01
5.814312703989495956e-01
5.820398335555241331e-01
6.009312296834284917e-01
5.650407359791854711e-01
5.771594386192764325e-01
6.027038862446149059e-01
5.908062898866940360e-01
5.767335094298609022e-01
6.214420317478955846e-01
5.994081000020167194e-01
5.726966248347635791e-01
5.726704694532477324e-01
5.959372573592894851e-01
6.162036850096693774e-01
5.944699754374026535e-01
5.998531215473991152e-01
5.970599390672550744e-01
6.375882338245744130e-01
6.153872801351653044e-01
6.234331137519559807e-01
6.462310158801491955e-01
6.294003665392932101e-01
6.255896357037875610e-01
5.986268855896449415e-01
5.805230064697350922e-01
5.966730425419467521e-01
6.060160532359144536e-01
5.951202382708973282e-01
6.055141802409629292e-01
6.043453241666729703e-01
5.946350590618343368e-01
6.210380952139141764e-01
6.119034750306783232e-01
5.901244586154017480e-01
6.007668485822827975e-01
6.156133356044285465e-01
6.238873590727951335e-01
6.135066648604740047e-01
6.084821912817616196e-01
5.620238076342147782e-01
5.424277157336088173e-01
5.673712984643781709e-01
5.612749652226138863e-01
5.529430722814879795e-01
5.914814866265469817e-01
6.151881588083081276e-01
6.230130317566786591e-01
6.512786295838151052e-01
6.358719227827168696e-01
6.072377062725645702e-01
5.941966256149238124e-01
6.145045375772528740e-01
5.925984798120801367e-01
5.968434281638643757e-01
6.343917208751672643e-01
6.072625677341475514e-01
5.822125992536734129e-01
5.651348009299541619e-01
5.959447521642313728e-01
5.797991039635074229e-01
5.926343020664341932e-01
5.737106556932903834e-01
6.023730089198118254e-01
5.984913880317217494e-01
6.205916722992319556e-01
6.264664805465354203e-01
6.154864924783269853e-01
6.270766941083416590e-01
5.819753346655172077e-01
6.310933725011308448e-01
6.612194461120367572e-01
6.204378606918418138e-01
6.123428369221508571e-01
6.540654218466911418e-01
6.276402997503268688e-01
6.076110556450090572e-01
5.747312702982099175e-01
6.160868557592471539e-01
6.274079074916222298e-01
5.767907468628387102e-01
5.891830571824672180e-01
6.173014016996315467e-01
6.030621913856926142e-01
6.423686412760838405e-01
6.208779535947528405e-01
6.246737991343311869e-01
6.071043176738759595e-01
6.028573430146905165e-01
6.092375082295394817e-01
6.088676368255745430e-01
6.101390654990331841e-01
6.086922083111111492e-01
5.856256540316029380e-01
5.974892132245795962e-01
6.158790340581585809e-01
6.060812868951771515e-01
5.998585264035276587e-01
5.742205802343108845e-01
5.891191633238510583e-01
5.911526424210599151e-01
5.429379086132005705e-01
5.795847019313579152e-01
5.929185127975699077e-01
5.966695126555361384e-01
5.874681510277340868e-01
5.575278647678334476e-01
5.646654687156945629e-01
5.918133440132532508e-01
5.949590474631970549e-01
6.098635514026317095e-01
6.428908042932279798e-01
6.135710279213815177e-01
6.001657043003957304e-01
6.049400138238343327e-01
6.006355292509328869e-01
6.039309636153241678e-01
6.180793544534224360e-01
5.931654010755486039e-01
5.861255370138915843e-01
5.784195568454886249e-01
6.095171879375778090e-01
6.104442560552952868e-01
5.987486449883597794e-01
5.928523176984102916e-01
6.189858812623767470e-01
6.534022771419968345e-01
6.484312152557663023e-01
6.150641328284480736e-01
6.233587251600867241e-01
6.138888354215586984e-01
6.139613260991657606e-01
6.431856438158676248e-01
6.187981284365456913e-01
6.166814060290418675e-01
5.953382265817096508e-01
6.065334837527310841e-01
6.067737763957644637e-01
6.249111109207240444e-01
5.988618916577819196e-01
6.212504502950489949e-01
6.053185167160514135e-01
6.373024107697764506e-01
6.385423608080756930e-01
5.842741535347160120e-01
5.906938679259012837e-01
6.280295480529148877e-01
5.993153164730561366e-01
5.625939151998610166e-01
5.889888569721217770e-01
5.786414042638882149e-01
5.838938624790531717e-01
6.224044787621294539e-01
6.360423447315927126e-01
5.967186103215311732e-01
6.289819737232847929e-01
6.080062656463658399e-01
6.113157322895476087e-01
5.866419048977599138e-01
6.091949919749516384e-01
5.905701477188878279e-01
6.086811288961988531e-01
6.005180784837901298e-01
6.052806867451119288e-01
6.342610816776634852e-01
6.204047790259010764e-01
6.480648011052607682e-01
5.602624212058250341e-01
5.690554017321359792e-01
5.884503935349841841e-01
5.954693164127733418e-01
5.850728133106226636e-01
6.070293073122454697e-01
5.854999228271599021e-01
6.089176504397405543e-01
6.257686123041280579e-01
5.805287129981919758e-01
5.733933969318033563e-01
5.574806561385885484e-01
5.847664956213975973e-01
5.924860648912879668e-01
6.322097507399111471e-01
6.060564647539882221e-01
6.171782147615673120e-01
6.069089558329268108e-01
6.191673221990143805e-01
6.154461018371424341e-01
6.041527655494184357e-01
6.539120059847072230e-01
6.197992733392534426e-01
6.444588823247602294e-01
6.403328427534819012e-01
6.025518875113601291e-01
5.941548340947532258e-01
6.203541257793108166e-01
6.338849439736645719e-01
6.295327066406625205e-01
5.966286653586452271e-01
5.986429090418272647e-01
5.713391669694762864e-01
6.038949894184174605e-01
6.058157845730161029e-01
6.429302548865496458e-01
6.153372983560787546e-01
6.070068969449872176e-01
6.206092465439621009e-01
6.255845832990425404e-01
6.217146144957735876e-01
6.294555996067419112e-01
6.069777631135053753e-01
6.172797015013107291e-01
6.055030147144574437e-01
5.950560684196625205e-01
5.720669894146280798e-01
5.828107550365890788e-01
5.998608281695581024e-01
5.904609149550380520e-01
6.029159808856922043e-01
6.018144338619465517e-01
5.829585534063760344e-01
5.954565257874905315e-01
6.035802516855828248e-01
5.909531192794318377e-01
6.163939152939669208e-01
5.520168485841765449e-01
5.886084549348609141e-01
6.196094780969393367e-01
6.020894737753753612e-01
6.022121006857610315e-01
5.864550172275487805e-01
6.054713237382565172e-01
5.905001004562644429e-01
5.898586172704977093e-01
5.816715068238874631e-01
5.704833424905348949e-01
5.472423544703579612e-01
5.650688713435061405e-01
5.350253360955247173e-01
5.680438450530301830e-01
5.679005712513149895e-01
6.103444659167913677e-01
6.306902539586142220e-01
6.504067869850582717e-01
6.360923033459235931e-01
6.476977749607126800e-01
6.314263767076989664e-01
6.209803813633056890e-01
6.243144162140399356e-01
6.245004474135525951e-01
5.915428542852573246e-01
5.765509817506102586e-01
6.039108927958372064e-01
5.928881455616858975e-01
5.820473232850945644e-01
6.076434494173634793e-01
6.122980647197135973e-01
6.336700851033334470e-01
6.059560908085864783e-01
6.483453733713452349e-01
6.153734538225716921e-01
6.441141818748964409e-01
6.547684152153679937e-01
6.278846168878355893e-01
6.678827831824195593e-01
6.098244355449615739e-01
6.281023470101876338e-01
6.357257237319118293e-01
6.370703397028589787e-01
6.383938089016498729e-01
6.530861637519631557e-01
6.399701284960788161e-01
6.417857977563792282e-01
6.629873311530394275e-01
6.516264135069008701e-01
6.138627972789547638e-01
6.438123391911441118e-01
6.084848812706679100e-01
6.867784228408957414e-01
6.312772284972106851e-01
6.329608410811287111e-01
6.628848344305342533e-01
6.862475585315990223e-01
6.751397847253105544e-01
6.439825882803476009e-01
6.162442269961350139e-01
6.459756232432318779e-01
6.154763685037927257e-01
6.122680811924789968e-01
6.399343068516738509e-01
6.514538582087530116e-01
6.194272218229105453e-01
6.355067819303777954e-01
6.054964416977560715e-01
6.064047176993234700e-01
5.984413621811544015e-01
5.727387314269291041e-01
6.344815149536872090e-01
6.605243320619021974e-01
6.180372831011101686e-01
6.270097051145845368e-01
6.478811737527306880e-01
6.286115821233316803e-01
6.470742395598063634e-01
6.355454911941291751e-01
5.927868765467982914e-01
6.195900540473967544e-01
6.216973590122242266e-01
6.353019606592936741e-01
6.223148171354169200e-01
6.607026821813141160e-01
6.234735179900978697e-01
6.018899006555675779e-01
6.054734167442441528e-01
6.418572260633294002e-01
6.140638973672759571e-01
6.413149880006397963e-01
6.005115152288854619e-01
6.163748956320284078e-01
6.173679561091400814e-01
6.253560451918465102e-01
6.113553938726701276e-01
5.919560412728961385e-01
6.177425833546618117e-01
6.229792172262305083e-01
6.372684550656674274e-01
5.995409304923293714e-01
5.500301913531348008e-01
5.853924251702536941e-01
5.792282369633120487e-01
6.405676472369773444e-01
5.789255820306249412e-01
5.830504311379620663e-01
5.662279761199633388e-01
6.052757530513882545e-01
5.889499403457264526e-01
6.193823481540789988e-01
6.214462407289955692e-01
6.140152949233358415e-01
6.454417921271674574e-01
6.506980580513366252e-01
6.304743923433996367e-01
6.087943463952045775e-01
6.428537177785894619e-01
5.953264321735496356e-01
5.942412068107544298e-01
5.889410051297776505e-01
6.424173057294787492e-01
6.151489907151760361e-01
6.183218865017345856e-01
6.379833208715450787e-01
6.229141760427570063e-01
6.385182167581568979e-01
6.387943303360906766e-01
6.378713219161975534e-01
6.021966325177212642e-01
6.064287021829753987e-01
6.287063998595961989e-01
6.300129363614088707e-01
6.157502404855472733e-01
6.275650204608235194e-01
6.009310137164711740e-01
5.956696506116363476e-01
6.038425738763862904e-01
6.015335830045898113e-01
5.735047859090948164e-01
6.362075158420283927e-01
6.106982228598153428e-01
6.088405792880098311e-01
6.295135276810325253e-01
6.015215378960779846e-01
6.237809728510593787e-01
6.170377114336224045e-01
5.955194538197994270e-01
6.320236435083718129e-01
5.949680292781417412e-01
5.965731285403315098e-01
5.745162607357294782e-01
5.926267562913191123e-01
6.066533220835009788e-01
5.890996171598259501e-01
6.172418451339370948e-01
5.829608524298889316e-01
6.100074642110827616e-01
6.380450079577211220e-01
6.136119972081516272e-01
6.033939348701591321e-01
6.185699956136548883e-01
6.132674769525819913e-01
6.141153007995775459e-01
6.020667926460765429e-01
6.117395778459960853e-01
6.081600921375998059e-01
5.997044602200699570e-01
5.960809067552801377e-01
5.748133372970046784e-01
5.841068426672169078e-01
5.644593232441508235e-01
5.894048451310140990e-01
6.080628594519794650e-01
5.903242563573235513e-01
6.038131990702793050e-01
6.173104638072336448e-01
5.985195030984357123e-01
5.859133221231360711e-01
5.855932513754465996e-01
5.900196933371862906e-01
5.982880928979918966e-01
5.952183276987735860e-01
6.320332296293965646e-01
6.266621684910158585e-01
6.544034500676788602e-01
6.267395414466682135e-01
6.466008297439275188e-01
6.259461513751204409e-01
6.008010610944454211e-01
6.480225524683842497e-01
6.115568790354763973e-01
6.085964705181676759e-01
5.715802695838483327e-01
6.260941047224045652e-01
5.731822421269732182e-01
5.775612104190808171e-01
6.070076754785231898e-01
5.913275303558870322e-01
5.940840845586803365e-01
5.980479620719132416e-01
6.041058292653899153e-01
6.337872081679184477e-01
5.974374416239693897e-01
6.171147038685248498e-01
6.421630194968727112e-01
6.161387901418816648e-01
6.217317150345624821e-01
5.974640148040980536e-01
6.024932886820693057e-01
6.719577355864169155e-01
5.884315308373035958e-01
6.184666124838590351e-01
6.138432888810337884e-01
6.137970281829975283e-01
6.393185352286904211e-01
5.892888961736177933e-01
6.143794757377384341e-01
5.891239782658395097e-01
5.909592917028709813e-01
5.958569706210268269e-01
6.026097922807601703e-01
6.640409350818795575e-01
6.121698851844804556e-01
6.445930000859567688e-01
5.987885850881028427e-01
6.646937128774211834e-01
6.340848890809848148e-01
5.936611856378295471e-01
6.261594883563353919e-01
6.479863444341978918e-01
6.284368492865222144e-01
6.044014326283300154e-01
6.225588219801608814e-01
6.121848141369491403e-01
6.105446087499976082e-01
5.760166826475634494e-01
6.014865840699116228e-01
5.981418712430173201e-01
6.226268098133735940e-01
6.184097116250184545e-01
6.410546881899823468e-01
6.398206536239673392e-01
6.480086638463355975e-01
6.268297140147460755e-01
6.373231705474328157e-01
6.372126609643642414e-01
6.399545996557717276e-01
6.477426091605206215e-01
6.119820138621123728e-01
5.976813244376270040e-01
6.077241715732741856e-01
5.599284313187725681e-01
5.998185853068924711e-01
5.854356667397678793e-01
6.087221345369062675e-01
6.091290730335469084e-01
5.939306467729257299e-01
6.049448459844438686e-01
6.090485315816024370e-01
5.909049316344999747e-01
6.169196599055450925e-01
6.114191968996018911e-01
6.175190955762145384e-01
6.061790976332379621e-01
6.243061317775543406e-01
5.915206845345005737e-01
5.758881895117491378e-01
5.382857115732475606e-01
6.021987672865440899e-01
6.243479617071083787e-01
6.219429013306400078e-01
6.243284883650928041e-01
5.586749209900374602e-01
6.013724708777372641e-01
6.089879517037883883e-01
5.879555009113754949e-01
5.901280824825954063e-01
5.744837060291003716e-01
5.785337760095262682e-01
5.864562260177009767e-01
5.872414872034186217e-01
5.525465929845647661e-01
6.167334404870850051e-01
6.163367833874869861e-01
6.279669794071590649e-01
6.163251271873393389e-01
6.336895009822892666e-01
6.714398279065254549e-01
6.041457276600676884e-01
6.394407910795157912e-01
6.080650418945874325e-01
6.218274490586734871e-01
6.164721271131504698e-01
6.186639419102529791e-01
6.252904010183651939e-01
5.988234918496875281e-01
6.497942434733388062e-01
6.372285777318205113e-01
6.302637070822928456e-01
6.147121702090940776e-01
6.371011552847807291e-01
6.276890300693739322e-01
6.230045258470188196e-01
6.424934765852267082e-01
6.356736875991297886e-01
5.863913199445972557e-01
5.853808683434897908e-01
5.966168526953089524e-01
6.261261419292496466e-01
6.192543654262904207e-01
6.296472157464529928e-01
6.326155578591351469e-01
6.164300609300085165e-01
6.109224737627969581e-01
6.321377343323502096e-01
5.639070556485495933e-01
5.916518019131163930e-01
6.142900507166817459e-01
6.287653540362985183e-01
5.830611732459692886e-01
6.313244138179303633e-01
6.345832719169862690e-01
6.388375276251061496e-01
6.258273418191402371e-01
5.900318893291958133e-01
6.295402894799273508e-01
5.784707957206782769e-01
5.989439791432910054e-01
5.950880783040344291e-01
6.026088543672489806e-01
5.963514949262325171e-01
6.017861031256028781e-01
6.207868016183156756e-01
6.532931661169847359e-01
6.579271641413388938e-01
6.383838933252355963e-01
6.265192593224174766e-01
6.435591991049760541e-01
6.351939778699284833e-01
6.044547534777797715e-01
6.077492067178656976e-01
6.309125744655930124e-01
5.788082632696384122e-01
6.168057098466890320e-01
5.821242799545603974e-01
5.867668133162605715e-01
5.978048356000993380e-01
5.860510118913762057e-01
6.227574984244577116e-01
6.101585833427634054e-01
5.968946148327284318e-01
5.978966289381185684e-01
6.267090913649265849e-01
6.192783436835889166e-01
6.028802741441080526e-01
6.144246660578198682e-01
6.028051739852023916e-01
6.328373623054533992e-01
6.106809919112761165e-01
6.196656422308328693e-01
6.457987334035526494e-01
6.020866352755458450e-01
6.229490776737829361e-01
5.986381613032980553e-01
6.141007181822953909e-01
6.257671856939617250e-01
5.957532518979201663e-01
6.146270573897492095e-01
6.148317589534405547e-01
5.943688123265359335e-01
6.402809826427948714e-01
6.112905940822737083e-01
6.148349326273507831e-01
6.284949067475270601e-01
5.895189143185555203e-01
5.766011692033166103e-01
6.089860660547277149e-01
5.906716865959739104e-01
5.618450383912733104e-01
5.913270580913726482e-01
5.855988587482977570e-01
5.940273264212079241e-01
6.013758477022210780e-01
5.936987759341239013e-01
6.040726029788473506e-01
5.608210896700520642e-01
5.603584082785215692e-01
5.240794350892540310e-01
5.525792784254901502e-01
6.047073022471086690e-01
5.729741395215702804e-01
6.097073137845366864e-01
6.023289481723039795e-01
6.607372909990057996e-01
6.155060980790267866e-01
6.010929047571467176e-01
6.151828325493405858e-01
6.268169463475995462e-01
5.669664867053848534e-01
5.714026528967782737e-01
6.121176352014739974e-01
5.806222165993761841e-01
5.986051442440618597e-01
6.214124356027345142e-01
5.973215882025759704e-01
6.401109314596711286e-01
6.551875533439455168e-01
6.392761733357797960e-01
6.421238287743167295e-01
5.998928993269672105e-01
6.590060905192869356e-01
6.327867910527827933e-01
6.343157507321421917e-01
5.992755051636856622e-01
5.719754197844684196e-01
5.910775314145426673e-01
5.719619902039865256e-01
5.543647377751823591e-01
5.615368779241494135e-01
5.979043847792390176e-01
6.137398526654396225e-01
5.809107486109535978e-01
5.919083625184621278e-01
5.900377861379955124e-01
5.839536021012701195e-01
5.721002242063165655e-01
6.022631976071765036e-01
5.959101101666289813e-01
6.234118135298875041e-01
5.986430749687378094e-01
6.046239469330486616e-01
5.820802200871971754e-01
5.743697519035154686e-01
6.143690597804560838e-01
5.960068569753207424e-01
6.480520544175762954e-01
6.498831874503793182e-01
6.241310786757231499e-01
6.372710901956440965e-01
6.537383464433651481e-01
6.246823012563209598e-01
6.184313310631913696e-01
5.730104865194300956e-01
6.114933276352820801e-01
6.036425006820096417e-01
6.180116825340911113e-01
6.183790505342282584e-01
6.130013368169472399e-01
6.120671906326341505e-01
5.482461328059908823e-01
5.663607486435624505e-01
6.326350086904218850e-01
6.164288637486362576e-01
6.257455724632062788e-01
6.133149989462095553e-01
5.987544920900225165e-01
6.067029055324139053e-01
6.321933214052262162e-01
5.964095925701101697e-01
5.849073759878729017e-01
5.931474412307879973e-01
5.842039732748990355e-01
6.210166987786936987e-01
6.209082504681707748e-01
5.929443192415214670e-01
5.809880034668074567e-01
5.638376996610378056e-01
5.768279669627539574e-01
5.761301582056521653e-01
6.193628471079392073e-01
5.994510771100842739e-01
6.480650048824346809e-01
6.163812740626508635e-01
6.218629728794086153e-01
6.196432100198023818e-01
6.224094738228265200e-01
6.166524537640217796e-01
6.049118815621978840e-01
6.174688270240530352e-01
5.717866110641735000e-01
5.867205318815656989e-01
5.722540842590900789e-01
6.335309265833136694e-01
5.745172901240686025e-01
5.778247308579588237e-01
5.761403740818527019e-01
5.478035877104534546e-01
6.200071647942795305e-01
6.240893623553099845e-01
6.151378151042260489e-01
6.268968679252854281e-01
6.178061280516120579e-01
5.930168565745818077e-01
6.030483204111148909e-01
6.389569304193267740e-01
6.244874725462504772e-01
6.460051898595856601e-01
6.245824525730846455e-01
6.168624360282374264e-01
6.287190255257191218e-01
6.107946575257794386e-01
5.708413348610551497e-01
6.464949494595197965e-01
6.284178708536050095e-01
5.983859892602807484e-01
6.014098559845920677e-01
6.149319640956815158e-01
6.328343911434539670e-01
6.171304516709572585e-01
6.021603805243406216e-01
6.230780078984714532e-01
6.286191161754680623e-01
6.033360139488600504e-01
5.985161674802481624e-01
5.946279140754539005e-01
5.937979729909635962e-01
5.967998627202105721e-01
6.221768112153907015e-01
5.967856474480559559e-01
6.407698647521207214e-01
6.319138250674865009e-01
6.355090216177324836e-01
6.317693569859204050e-01
6.378030119469798587e-01
5.974767727645637905e-01
6.606350103321299017e-01
6.253496463309354825e-01
6.374419767080972132e-01
6.049931439367439712e-01
5.900724656418978586e-01
5.984815635952807078e-01
6.046445224225308612e-01
5.971950861314059278e-01
6.095870375023287879e-01
6.290102113665895223e-01
6.211076779506494727e-01
6.324559183724717260e-01
6.049926621959147433e-01
5.844421356685099989e-01
6.232331757880954504e-01
6.234031610285449831e-01
6.366843509383484090e-01
6.134824538434648922e-01
6.245380996699199105e-01
6.218301738549748547e-01
6.296530945554668079e-01
6.132144645768604629e-01
6.730906171324644305e-01
6.155837160396075980e-01
6.380150046041884737e-01
6.485672358478352661e-01
6.428063683136632234e-01
6.463699523303451100e-01
6.126229713273465549e-01
5.704495793222011946e-01
5.989478742679450463e-01
5.884172112782634079e-01
5.961539452523276772e-01
5.991338493494821060e-01
6.111567962362196571e-01
5.995056983344895229e-01
6.165472276649094363e-01
6.144861461692047166e-01
5.923043261807477977e-01
6.088642592901829520e-01
6.186106348798933174e-01
6.053641791653400217e-01
6.358636864172660941e-01
6.332374265380438239e-01
5.984484711384222555e-01
5.916635411591704141e-01
5.914424785134012597e-01
6.106767660334199155e-01
6.146439615216527930e-01
5.760669062518589678e-01
5.979445599045950521e-01
5.887503910697089449e-01
5.841616709912983429e-01
6.197955791693989802e-01
6.026348381478598970e-01
5.856625126226879807e-01
6.166915487982543853e-01
6.234499959610542152e-01
6.378443739522852152e-01
5.768247785733883193e-01
5.924912078555970574e-01
6.396667072911798035e-01
5.950524773551953972e-01
6.250564237438158699e-01
6.735106280491385267e-01
6.383477071249196166e-01
6.152073653850653745e-01
6.491969895219729114e-01
6.170646143957632113e-01
6.028093827693074003e-01
6.257001378586507512e-01
6.549662249695786809e-01
