6.220317749134219865e-01
6.322296802276441419e-01
6.421006901888018925e-01
5.820378215156117863e-01
5.987189159486505652e-01
6.436952759608265406e-01
5.816625326501828619e-01
5.913592666068951953e-01
5.825268202288252928e-01
5.481632416924058226e-01
5.660524774582307295e-01
5.913509332469872870e-01
5.772088531383849919e-01
6.070422499630783175e-01
6.041468850180881089e-01
6.340694324972052653e-01
6.175356195607708543e-01
5.844669289428651160e-01
5.930403335266838383e-01
6.107836235556770577e-01
6.078683072497138573e-01
5.976472323802146658e-01
6.206329644305956794e-01
6.045087893161662507e-01
5.988591798078067852e-01
5.725130492340119170e-01
6.231084556377534112e-01
5.933574643039480900e-01
5.868069993731962475e-01
5.790881449277255344e-01
5.844615152553690463e-01
6.028892231786635580e-01
6.099650816193418201e-01
5.919377427304380879e-01
6.324752771980108879e-01
5.804848700782826443e-01
6.379561738898934520e-01
6.058207051342819893e-01
5.932525507089076999e-01
6.346737920515728160e-01
6.514029743986882171e-01
6.495950661712552865e-01
6.608921249311794366e-01
6.338758466766971633e-01
6.678785549906582908e-01
6.053593269879360417e-01
6.126416037202813136e-01
5.919828634613527596e-01
6.367790811945714946e-01
5.913733333642420265e-01
6.145909061117389438e-01
6.216839788195820393e-01
5.835478293288698382e-01
6.077553476053155768e-01
5.741081208445263373e-01
5.796311246264085337e-01
6.092101541511564244e-01
6.181194555664234480e-01
5.952385202812429110e-01
5.982928374532010540e-01
5.678289728774893463e-01
6.180465254129738906e-01
5.865667026189724798e-01
5.807237014797050900e-01
5.940190662446043213e-01
6.040026148391489658e-01
6.275998503996057520e-01
6.151357244280284409e-01
5.977296592263668940e-01
6.090712187361012608e-01
5.666831632180631129e-01
6.201767011226182458e-01
5.914802304071408168e-01
6.238323104976439826e-01
6.014464938980030873e-01
5.981039231146926261e-01
5.907441967239587255e-01
5.752189616153758900e-01
5.736403493074576643e-01
6.372428658927471457e-01
6.023714123522126984e-01
5.916900766480586160e-01
6.445999714555795679e-01
6.127062673330686549e-01
6.473145866629246292e-01
6.063844488208800509e-01
6.458802428262404582e-01
6.444916434117800019e-01
5.991981256036555958e-01
6.298132703632509655e-01
6.194371695804019584e-01
6.572618174436106742e-01
6.420219500693948866e-01
6.433995250339015204e-01
6.363106076521014565e-01
6.369714976476589241e-01
5.918577807561391513e-01
5.905723125547669428e-01
6.147927076320476303e-01
6.154504708031666160e-01
5.741278034944321540e-01
5.824320174062808109e-01
6.074539092162319909e-01
5.758959758281930741e-01
6.480900355425461834e-01
6.402911111390315879e-01
6.294392680604833368e-01
6.377756256745334973e-01
6.000411644519920706e-01
5.998794051884236422e-01
5.900001218401829117e-01
6.256281987509929587e-01
6.319126694048237125e-01
6.124373764305138801e-01
5.885602365428943550e-01
6.363448797228609122e-01
6.099178530242234109e-01
6.070810383127727139e-01
6.255131011233235894e-01
5.704439625076617171e-01
5.720954559473309109e-01
5.712817672574653782e-01
5.944357504300363804e-01
5.454924647044931962e-01
5.782935902573547171e-01
6.040929079874755026e-01
6.104732959414296278e-01
5.970208829282513951e-01
5.742506316590171300e-01
5.737825265185096946e-01
5.983449506953817387e-01
5.992493194644428200e-01
5.590659327262232914e-01
6.011964650210660510e-01
5.859899678453519556e-01
6.031035705762539667e-01
5.768545914088873960e-01
6.109259409506173633e-01
6.172888609265914095e-01
6.352559691640686790e-01
6.216335348808570416e-01
5.937408606702391234e-01
6.479902716780195915e-01
6.446657692261732464e-01
6.427477411008291064e-01
5.918120050345083705e-01
5.650455280672236347e-01
5.824726277408941444e-01
6.171090844521972540e-01
6.279700430497673347e-01
6.172358214050781555e-01
5.657372907962651132e-01
6.101148138464460580e-01
6.288237684253278337e-01
6.258144842705358757e-01
5.674762541974502916e-01
5.841592419764900512e-01
5.870050844988127237e-01
6.028471250155575945e-01
5.953757232939598243e-01
6.263566357673873153e-01
6.324151167957090536e-01
6.155903042632594468e-01
5.898676438280653356e-01
5.983670020143470047e-01
6.204037987788884045e-01
5.449973790854500955e-01
6.141650550764985450e-01
6.036256393779841911e-01
5.861191864118752148e-01
5.977604793006419115e-01
6.083097737419281836e-01
5.797766944789374266e-01
5.858835413921029689e-01
6.158065156984079414e-01
5.765953757980747385e-01
5.873997115610124498e-01
6.171090302823869500e-01
6.195247884863721577e-01
5.802704031483840730e-01
6.111986572559892084e-01
6.393957643992461692e-01
6.555931553552879487e-01
6.244439848634770751e-01
6.257474553992224964e-01
6.431361219838687138e-01
6.200150532960406746e-01
6.230723961808731781e-01
6.083191328075733262e-01
6.507379646684992025e-01
6.040637361257271687e-01
5.787968475747470309e-01
6.056280786616708989e-01
5.994956586532209641e-01
6.336745405247151686e-01
6.199399098736445568e-01
6.282411389072323216e-01
6.058880299913864675e-01
6.074196270398488640e-01
6.318740585554106781e-01
6.280089738384159181e-01
6.329000070179993109e-01
5.949747677744993135e-01
6.137926078083347781e-01
6.001585765506837200e-01
5.502132452144935515e-01
5.819328715666951535e-01
5.621901360735840347e-01
5.713560207557865089e-01
5.797059178648495958e-01
6.084423734401305239e-01
6.032335710515225324e-01
6.036698598729848264e-01
6.210814891388534154e-01
6.334191398417147179e-01
5.756242921441456772e-01
6.155024870186887043e-01
6.169950307025997560e-01
6.173724633765564906e-01
6.208350962670343698e-01
6.509533468345070073e-01
6.301540251051047647e-01
6.165223433491571203e-01
5.639248537507648429e-01
6.130863177228083050e-01
6.366489760829154854e-01
5.940579954098139659e-01
6.040589147688674165e-01
6.186825455004972829e-01
5.828570471995321300e-01
6.049573738805842371e-01
5.919196642024733279e-01
6.075134518763305458e-01
6.220740992274266246e-01
6.254992493933497766e-01
5.717432962471413749e-01
5.812329462489934651e-01
6.037276426220271608e-01
5.897726826956987134e-01
5.754614540964254621e-01
6.160915367336132764e-01
6.157734600759318111e-01
5.824523401918841881e-01
6.303586022667014843e-01
6.093174481767836825e-01
6.113085858914178994e-01
6.313629535175278029e-01
6.085049486212424918e-01
6.244354436208837678e-01
5.960248448852428771e-01
6.350468015432689795e-01
6.125322336191380002e-01
6.258150460982144780e-01
6.126735800147373734e-01
5.750209127164699341e-01
5.900285516341633452e-01
5.778980656184877773e-01
5.847872589745625183e-01
6.169014013389467754e-01
6.179190970454705445e-01
6.309760863975926171e-01
6.156002234321283906e-01
5.809601965374557864e-01
5.738413870679386353e-01
5.711099888265185331e-01
5.925358098426097841e-01
6.279193394088012914e-01
6.041175870604700293e-01
6.184361386824233087e-01
6.165516503300578766e-01
5.991162140840049499e-01
5.932503834424817102e-01
6.208584363765190517e-01
5.925209463523785081e-01
5.835438562749397651e-01
6.097835348612817841e-01
6.068124700636756685e-01
6.144782318337519422e-01
5.839388952245461173e-01
6.399742144689257728e-01
5.948643394960942965e-01
6.174445509127637344e-01
6.084566631644320323e-01
5.717237125965378697e-01
5.969355841957116882e-01
5.998680988573101835e-01
6.362414808773294572e-01
6.016299053338266534e-01
6.044584202007110552e-01
6.252719743313321921e-01
6.220933044415092317e-01
6.215407972264618275e-01
6.159297614800652854e-01
6.114679752350566933e-01
6.378137015733155168e-01
6.308772472349531979e-01
6.126852375298748044e-01
6.203556601336152054e-01
6.383579847962029818e-01
6.064744448326796489e-01
6.137294788686487035e-01
6.062492016655888216e-01
5.692494478327567720e-01
6.302001038425274482e-01
6.095540031645306778e-01
6.592152594570962476e-01
6.648670663926975477e-01
6.280660069220530550e-01
6.680733038899252518e-01
6.293950381483730538e-01
6.299975681945944039e-01
6.412651205066000060e-01
6.047802666144070916e-01
6.288855700560292972e-01
5.645241954933718498e-01
6.050817692089867084e-01
5.726675949875650318e-01
6.144665560743424182e-01
5.809327127244290345e-01
6.050850953072473004e-01
6.374953626780180960e-01
6.028334204751376602e-01
5.856687867111141088e-01
5.904183236729442230e-01
6.072061337296573713e-01
5.973134316435452229e-01
5.900450312319412971e-01
5.955516455609912718e-01
5.999219808915644547e-01
6.381914751067739866e-01
6.478044259001884964e-01
6.348704603485849640e-01
6.507702324862453258e-01
6.327245227960347496e-01
5.935656722503445115e-01
6.379011460768240216e-01
6.414918821293612572e-01
6.394441937308417145e-01
6.421947038789461715e-01
6.505816676088006512e-01
6.220387385295821359e-01
6.573451414947396598e-01
6.524253410835735290e-01
6.256585581431650667e-01
6.035896410713216254e-01
6.078998592430990833e-01
6.067136912258423997e-01
6.095855937314837991e-01
6.202669735527631678e-01
6.334037514269904579e-01
6.260357391287026951e-01
6.168993036360799209e-01
6.163599501306215034e-01
5.749888584139407621e-01
6.038359350662337866e-01
6.419013908165236426e-01
6.140280618220557152e-01
5.816070443754736141e-01
6.010702962245682013e-01
6.147429402912709673e-01
6.309617005462191397e-01
6.009291532249965151e-01
5.776811112032051998e-01
5.853332049649547786e-01
6.035290881910759797e-01
6.000292947091355744e-01
6.237325514715007513e-01
6.090449739847069166e-01
6.345231517432000645e-01
6.049168283026703508e-01
6.302815517979846183e-01
6.492164944398048920e-01
6.672710590320153345e-01
6.149270672525954939e-01
6.159272617203245259e-01
6.162270764938730938e-01
5.873098712656902309e-01
6.119923758441143669e-01
5.877103585313554479e-01
6.214627622979307375e-01
5.784295851944140088e-01
6.076576712944083969e-01
5.836230320789319581e-01
5.801263672011968131e-01
5.896781194366415013e-01
5.911577024367173916e-01
6.362866245637852636e-01
6.375508631803249449e-01
6.456781308117225393e-01
6.197629893703687776e-01
6.083310094798578538e-01
6.113919521997988049e-01
5.595509533605512731e-01
5.893877503598893286e-01
6.112714165898216478e-01
6.160047051173057620e-01
6.171496743705873200e-01
6.415780778969070175e-01
6.231079167635419358e-01
6.108818598697484115e-01
6.095087195057545815e-01
5.779042008011804343e-01
5.855683037576762118e-01
6.047800962537466241e-01
5.896346764052626810e-01
6.035979229750411124e-01
5.991317394880518732e-01
6.119217743846717683e-01
5.860444153477011309e-01
6.381080053983302358e-01
6.344820204291654608e-01
6.174030708783114774e-01
6.238248421002169364e-01
6.397365556398662001e-01
5.920793422555623575e-01
6.080059356771058132e-01
5.972070753492738637e-01
5.839189378723006474e-01
5.840012299642286520e-01
6.186119178091065152e-01
5.704671295057259783e-01
6.219922604882380801e-01
6.179766097161937255e-01
6.226896627377738191e-01
5.914378442964880467e-01
6.077143969526781486e-01
6.058113810215802753e-01
6.202281942150172922e-01
6.270536955556849090e-01
6.206982979614298346e-01
5.884339025156726244e-01
5.940927119095220643e-01
5.912401694182944922e-01
5.848848349873301267e-01
5.974513538840700022e-01
6.232610061924886979e-01
6.147660440386680802e-01
5.872371745560980294e-01
6.176027982788577786e-01
6.141255854411453718e-01
6.052366101784718566e-01
5.987670492203123196e-01
6.117831578173489326e-01
5.839228241270982833e-01
5.924090460780624401e-01
5.904797600875695274e-01
5.990930554206644887e-01
6.259129931744179531e-01
6.070950317959320497e-01
6.391770813137332974e-01
6.091193852782589291e-01
6.334966480014325718e-01
5.980179949138283435e-01
6.459153680469031933e-01
6.484293373856885312e-01
6.140681247431591938e-01
5.850004660494517728e-01
6.287484253678683466e-01
6.147585277249423275e-01
5.958207544049096693e-01
6.023727976988603183e-01
5.956589288480291788e-01
6.038790368239576045e-01
5.596738886599910145e-01
5.896216918919396921e-01
6.046155106477196783e-01
5.732945879863786676e-01
5.732622444232462477e-01
5.655827257735847047e-01
5.652795332190891919e-01
5.976773044562899706e-01
6.036446012429268482e-01
6.081448929581763085e-01
5.985815728727533758e-01
6.377087419200795360e-01
6.061473334935620905e-01
6.345398620230514597e-01
6.121412329945264963e-01
6.143615285579772101e-01
6.073004952411813484e-01
6.427113852034984642e-01
6.139469806451044454e-01
6.011915573858537254e-01
6.042381649267295485e-01
5.865103799300367404e-01
6.007703886105152380e-01
6.280172827686877346e-01
6.382234498178870341e-01
5.766116667755565306e-01
6.084340690433671650e-01
5.928017782229895172e-01
6.159027612403126239e-01
5.813243085825813283e-01
6.005581632506491463e-01
5.855731140038076266e-01
5.832949645373169956e-01
5.833669500608625880e-01
5.537107957170948058e-01
5.846537329051922915e-01
5.940810783226200265e-01
5.917070788801105374e-01
5.992457714633805388e-01
5.923667089025630439e-01
5.723793462621022954e-01
5.904617015171798045e-01
5.957539094784706224e-01
6.067489652483383233e-01
6.439883950159338566e-01
6.085732533350282081e-01
6.240500558630595052e-01
5.939941079096954235e-01
5.996526326159545839e-01
5.731488062629293001e-01
6.225121697339461857e-01
6.433569082901556824e-01
6.134974083766296937e-01
6.025593026240099181e-01
6.452033112749366861e-01
6.391852990923539979e-01
6.007393850461790752e-01
5.950703478505984245e-01
6.164110875658307398e-01
6.131240775640166563e-01
6.468198990330756848e-01
5.924056659294315574e-01
5.968923706135114138e-01
6.158527990052105050e-01
6.388832146472076534e-01
6.188936498786097307e-01
5.972856741881336085e-01
6.680829761317881310e-01
6.397331760360595032e-01
6.195949431989934419e-01
6.284481617728624459e-01
6.144773282429299988e-01
6.314670786196762142e-01
6.000047261225759376e-01
6.000477348503222563e-01
5.684349697093377118e-01
6.031270826169735644e-01
5.685197918796084382e-01
5.681489416949235816e-01
6.014866902632834966e-01
5.927828097252153539e-01
6.135782006415485546e-01
5.873143893829493312e-01
5.959584517969228612e-01
6.371110059771932788e-01
6.485774643762884928e-01
5.900339195325509101e-01
6.315974642907948855e-01
6.368753811452574354e-01
6.350967775709234209e-01
6.018344730628381045e-01
6.040713042720199377e-01
6.450880660281790302e-01
6.127855534314105013e-01
6.021890341694511317e-01
5.903028095236362294e-01
6.127994715575598716e-01
6.452481658124644692e-01
6.263936521362676313e-01
6.190028464855027446e-01
6.297211996123974753e-01
6.036298102819821487e-01
6.267492394574563086e-01
5.933656650066344573e-01
6.323245543726707663e-01
6.370810066413329364e-01
6.233796520828164267e-01
6.190706898477909004e-01
6.407105029447707212e-01
6.389080493186974907e-01
6.441781822005419045e-01
5.916888156710186086e-01
5.785635699820865785e-01
6.206475716651140839e-01
6.205081298420664915e-01
6.144927087966495227e-01
6.143831717812627824e-01
6.016465708956395542e-01
6.153074985945783393e-01
6.096140870444000104e-01
5.933658904444797377e-01
6.343697661796436904e-01
6.343404233193641328e-01
6.119273653033120430e-01
5.991536867663808108e-01
6.323651238915635187e-01
6.285858301688999061e-01
6.668932244875006576e-01
5.996400068866261091e-01
6.302045152846287301e-01
6.039274508315364276e-01
5.837214088984723492e-01
6.318268118076861839e-01
6.257971852354045073e-01
5.915949665131762236e-01
6.173777945331644368e-01
5.902366710073628786e-01
6.024263102084124188e-01
5.874214460772421154e-01
6.104680593445448444e-01
6.124308021779492073e-01
5.950087618294512826e-01
6.452453115490914826e-01
6.210969295401271850e-01
6.226276185771363325e-01
6.352450518484259456e-01
6.390328576725236021e-01
6.113893551283946515e-01
6.290802234891827993e-01
6.225950594912512681e-01
6.146165656788812326e-01
6.074114449717027409e-01
5.883098757878111318e-01
6.489282084691545549e-01
5.998836664169601152e-01
5.962587396782331739e-01
5.936241239710013939e-01
6.020246434270339897e-01
6.061265761043141964e-01
6.622298135204972569e-01
5.873035076188015680e-01
6.400387586013939201e-01
6.212661524239795341e-01
6.104104265805323504e-01
6.317792520871472473e-01
6.394213299835663777e-01
6.415025996876493330e-01
6.413578334128451353e-01
6.174575529718434597e-01
6.253417546390372950e-01
6.277456320671208623e-01
6.147021960497888182e-01
5.891429162645120954e-01
5.695719179973127710e-01
5.896803508583456921e-01
6.427358041627463381e-01
6.485639568269560007e-01
6.420420362668647352e-01
5.873476029343458471e-01
6.222940825948639620e-01
5.926800236656397658e-01
6.224731787160591168e-01
6.113562672939865106e-01
6.369711735592338275e-01
6.173604827413670115e-01
6.117993282252029985e-01
6.119632552332806563e-01
6.383647126214687662e-01
6.341471530936452217e-01
6.331196650990684738e-01
6.397913965151139637e-01
6.271324264172772889e-01
6.038102841062455983e-01
6.315093647510674479e-01
6.064391792291556893e-01
6.115787848085082468e-01
5.943073411551640373e-01
5.888942060201537432e-01
5.667404887742621966e-01
5.954551499565167161e-01
6.008410969034592153e-01
6.198862874147241797e-01
5.799147980304680816e-01
5.995648718307080571e-01
6.023794567236150366e-01
6.003355843127478053e-01
5.789971525111949902e-01
5.992996583795311416e-01
5.901796903156663054e-01
5.556794991680118478e-01
6.004937473030050876e-01
5.849035150668900895e-01
6.243875916614501920e-01
5.838800709895961560e-01
5.916418315163451958e-01
5.928664072077939329e-01
5.897697789405990099e-01
5.878262362926016671e-01
5.819938889597777720e-01
6.150826292121220895e-01
5.878224589533751487e-01
5.643928520882153244e-01
6.230920077889682274e-01
5.966957013599608617e-01
5.732315952372056822e-01
6.324836801008885123e-01
6.212806594527429116e-01
6.384890270068955820e-01
6.480446985685146544e-01
6.150173764022739409e-01
5.996052225976452599e-01
6.135101823088502382e-01
6.057384909073104673e-01
6.263528029573181000e-01
6.508581312506933614e-01
5.952395683283182581e-01
6.223464898709937243e-01
6.053268886624713074e-01
6.693698197361976909e-01
6.337318326877223740e-01
6.147012708296532013e-01
6.116630147722799116e-01
6.079569386078835791e-01
6.265799266195629658e-01
6.197260726466415903e-01
5.693253629158183671e-01
5.757825955123963002e-01
5.921724463665577476e-01
6.451155445851403103e-01
6.291496707412335132e-01
6.652693781662006867e-01
6.571868530105803297e-01
6.403467672098360763e-01
6.170924135028073021e-01
6.221456898711734684e-01
5.912843978074755480e-01
6.023565572712575866e-01
6.120363749999284675e-01
6.324248200744819748e-01
6.031004916013632533e-01
6.218326510122005324e-01
6.067865924764673791e-01
6.089878259624873502e-01
6.106799815398996634e-01
5.946089407021124540e-01
6.020625479108769884e-01
5.988610468746839999e-01
6.095128268662995952e-01
6.301068809803144211e-01
6.241055226764518071e-01
6.001021950832554630e-01
5.838422515041832295e-01
6.119762357223713645e-01
6.319244479182556384e-01
6.214844447014383766e-01
6.333462336587695196e-01
6.026890097027978177e-01
5.965870251592072515e-01
6.207291383349526903e-01
6.065999595123507948e-01
6.138138328401501198e-01
6.161443162761534031e-01
6.170486903110338206e-01
6.614774141282072639e-01
6.181834541831608965e-01
5.966279001669207993e-01
6.096023154136038791e-01
6.203117621928383452e-01
6.308432279465403525e-01
6.539186244274105553e-01
6.174411442567646624e-01
6.274893057247479256e-01
6.047482189788350171e-01
6.366599032659469026e-01
6.147427559855735968e-01
6.130772457312679835e-01
6.149795792037441311e-01
6.550963823793478635e-01
5.811801286291782276e-01
6.448699440873324473e-01
5.709954821257844371e-01
6.003772530251086925e-01
6.052876548984024163e-01
5.788145396285366839e-01
5.834591315863455474e-01
6.055382040606622773e-01
6.172346257913787770e-01
6.004168925668882384e-01
6.121913017874671681e-01
6.002879067326436502e-01
5.814881183422840882e-01
6.379435045635053481e-01
6.333283085630290188e-01
6.292314841530971536e-01
6.256357532067756688e-01
6.299368612564345549e-01
5.473852260442880757e-01
5.865210474525739404e-01
5.749006089176835754e-01
6.000191492485201783e-01
6.281381759679968146e-01
6.093068319591652404e-01
5.945156531427746582e-01
5.873513760856052812e-01
6.126389590857582723e-01
5.722621768802120812e-01
6.287126165724813420e-01
6.025946850087614548e-01
5.951727326252507222e-01
6.316434597647992977e-01
6.271784114403649024e-01
6.086958247659162158e-01
6.069496180678047859e-01
5.968897344020472895e-01
6.196947590029329156e-01
6.261173467788985203e-01
6.118856413933420058e-01
6.254892701311717262e-01
6.466312840887812330e-01
6.114910524022141303e-01
6.040657599795514754e-01
6.134233552816098500e-01
6.270485562068970342e-01
5.845016043771040781e-01
6.200676140670049463e-01
5.899958843071791970e-01
6.155861033813647687e-01
6.288783636051151760e-01
6.405353427668550870e-01
6.256843275481878131e-01
6.195303018847490018e-01
5.742776014874730883e-01
6.193661642075664053e-01
6.160578945995431877e-01
6.286859708697897231e-01
6.160152663828246666e-01
6.123724382088157059e-01
6.474175230121235192e-01
6.046235556274074385e-01
5.973970938543412545e-01
6.315035888539428655e-01
6.095833964066034172e-01
6.140878171894819104e-01
5.901064810977395547e-01
5.989270315547262635e-01
5.935877649978420489e-01
6.410706571680216959e-01
5.969343121122950846e-01
6.110215201830125897e-01
5.788308767879339900e-01
6.029419997662834874e-01
6.334654741641149167e-01
6.042731524731137505e-01
6.078923377112871451e-01
6.107709652136111833e-01
5.971285889123797430e-01
6.110998076196405560e-01
6.080494613249699531e-01
6.114383938092169402e-01
6.218065491584504612e-01
6.172221415425306335e-01
6.144482694033450709e-01
5.860038583775007970e-01
6.106679134549738430e-01
6.133793896565417070e-01
6.373367354455858891e-01
6.199395297718498510e-01
5.965618256494873428e-01
6.388039115460228956e-01
5.941686015166497414e-01
6.169558686093502553e-01
5.807030925325014081e-01
5.478924814880179461e-01
5.424813703591233605e-01
5.650447571214506359e-01
5.755058674128218366e-01
5.944904844265351818e-01
5.996773566637536579e-01
5.894684279591221321e-01
5.600997662301601121e-01
5.731638213283044569e-01
5.935593736706635815e-01
6.076906438012505962e-01
6.306433083484662694e-01
6.216964802983990790e-01
6.060020690550166345e-01
5.838949901423879929e-01
6.616181505830635023e-01
6.191944686506833939e-01
6.705941597245433927e-01
6.034026606586486707e-01
6.526502278036090399e-01
6.201825585399093343e-01
5.989428884151183352e-01
6.376466172417215583e-01
5.861181364501244495e-01
6.227370474739722939e-01
5.945910401875182938e-01
5.692341777438185701e-01
5.810251240955195406e-01
5.793983665524649052e-01
6.101487630846498256e-01
5.641277929623893517e-01
6.311347233789932343e-01
5.987395478347083966e-01
6.402778310724376309e-01
5.928091411137098588e-01
5.816649956571431357e-01
5.970817370396953594e-01
5.904108163948820209e-01
6.057552059932184152e-01
5.716106028890660662e-01
6.031132518790579544e-01
5.962082149746918969e-01
6.166185295306688685e-01
6.153033161829962738e-01
6.066832505462643743e-01
6.048980600475760694e-01
6.142806892402418173e-01
6.151111782442948428e-01
6.043201860085518629e-01
6.343195484671847462e-01
6.066396583360804673e-01
6.077264038377768740e-01
6.021405475687029440e-01
6.017733309619095472e-01
6.023612224057598441e-01
6.468094604230028022e-01
6.045350678579567427e-01
5.589020051018673829e-01
6.196067630478240273e-01
6.334398428954440829e-01
5.912989932763101919e-01
6.915026872439687944e-01
6.787409620923465781e-01
6.481247993870741242e-01
6.519224238345517897e-01
6.458536499316280821e-01
6.003197390520703669e-01
6.447320242645847577e-01
6.422579998514620359e-01
6.039111234289914476e-01
6.234255883913703000e-01
6.274353426341778839e-01
6.100278813589814497e-01
6.099533565028288917e-01
6.425391534643584146e-01
6.174489561706738572e-01
6.081071702033027382e-01
6.085721647272970269e-01
6.453762102883401353e-01
6.323179999532065887e-01
6.139214801996132342e-01
6.072515671929563652e-01
6.194084976987430657e-01
5.746994345601489362e-01
5.903180414829154454e-01
6.089136483137481681e-01
6.031788570788103598e-01
6.008592426779700846e-01
6.240769522490748900e-01
5.959118626108070860e-01
6.061413500226239259e-01
5.973496832903304465e-01
5.992260384355412306e-01
5.954016224859817186e-01
6.041693179263436519e-01
6.469616643925878430e-01
6.268496004746028083e-01
6.371113490929068979e-01
6.251973027547040873e-01
6.003129228853152366e-01
5.980323301422721949e-01
5.940897374512992268e-01
6.293572820013016988e-01
5.774404857073560660e-01
6.009728357832455625e-01
5.891887173500611752e-01
5.534963862213859720e-01
5.762540837555619744e-01
6.241251605841335870e-01
6.074317529573738383e-01
5.678519492493826482e-01
6.564675665319926745e-01
6.381563819401216975e-01
5.935126852972699707e-01
5.868157042744015506e-01
6.185123380534296444e-01
6.247405009578593793e-01
6.258646864182432212e-01
6.058124527056980568e-01
6.057770678386281693e-01
5.949666934147302966e-01
5.842607197881509729e-01
6.243036675081512499e-01
6.476135813754846371e-01
5.871742501051818719e-01
5.988720766989040767e-01
6.291327460290015994e-01
6.512716434284910871e-01
6.136078599603742578e-01
5.802348569133828349e-01
6.216810478129449757e-01
6.344104492449553767e-01
6.396928588889525535e-01
5.575123727207552671e-01
5.916496280933737362e-01
6.086309214523608624e-01
6.160719251614613645e-01
5.840383347379703993e-01
6.159867712605107126e-01
6.188667121359745504e-01
5.995212223305130816e-01
6.133128345549182514e-01
5.723481300711390496e-01
5.914072751800855121e-01
5.910229913420220749e-01
6.479971457968854986e-01
6.105261865050286563e-01
6.354514110751704470e-01
6.319587663274568445e-01
6.314162350808427693e-01
6.515899546448242763e-01
6.343722386960457538e-01
6.193543369652730890e-01
6.200634375860066827e-01
6.002406810835771989e-01
6.237744281180910288e-01
6.179806892014699793e-01
6.171899822882863651e-01
6.514632379095142145e-01
6.326875501269885183e-01
6.050381513351476004e-01
5.804917354692246123e-01
5.739665825951765221e-01
6.058231394345671150e-01
6.222854602134232360e-01
5.823714761467332357e-01
5.915051891159638364e-01
5.744797270378352305e-01
6.740824913002970709e-01
6.129858649926455127e-01
6.343998604776435180e-01
6.196427401215711672e-01
5.981092885314517327e-01
6.222551765012953595e-01
6.558264428984965644e-01
6.093670175941130474e-01
6.451048811096352642e-01
6.348779227570786610e-01
6.594314521869023560e-01
6.663134431592527829e-01
6.403482277398755418e-01
6.264385899944333591e-01
6.425097080942273609e-01
6.312837250782342702e-01
6.226213679088017372e-01
6.382497048894535396e-01
6.134216965752574691e-01
6.561042356629421812e-01
6.701717263319719731e-01
6.528787999956667809e-01
6.528149834033345478e-01
6.261629597417286419e-01
6.351711942409461464e-01
6.159761457575315680e-01
6.173153502085494404e-01
6.522973709562199796e-01
6.487177951678783083e-01
6.264699676963062513e-01
6.509691286847529845e-01
6.657926992267167998e-01
6.252362518937196745e-01
6.305248624177985928e-01
6.703294611413461723e-01
6.317130206864787212e-01
6.296226957205487418e-01
5.886105128795718899e-01
6.222326740956840574e-01
6.189676578460199252e-01
6.206447656830633708e-01
6.228636873979431776e-01
6.284272830310060343e-01
6.183722364526758053e-01
6.031364591048701262e-01
6.691821075031908483e-01
6.611751765054506569e-01
6.305634845092750185e-01
6.290193674485398123e-01
6.150786280988935761e-01
6.184813088486921240e-01
5.834280957020876457e-01
5.947778723833934134e-01
6.047456653923799497e-01
5.803866463324609537e-01
6.009689791138377313e-01
5.968734752285271838e-01
6.027268312474036716e-01
5.573935872635620292e-01
5.917356688949602095e-01
6.146380331178740164e-01
6.090415860604394549e-01
5.921441661960656910e-01
6.011740692705948019e-01
5.975772534110039835e-01
6.129895263395918059e-01
6.134216911308365550e-01
6.137017928309825843e-01
6.085273431793457588e-01
6.345906615469053547e-01
6.456164162717641375e-01
6.411872687202684329e-01
5.762378518849933240e-01
5.969731327813950772e-01
5.885442051868736701e-01
6.145281038829187858e-01
6.180792386935873850e-01
6.034618719255715469e-01
6.365978052984524460e-01
6.441608437330916814e-01
6.643250997217626796e-01
6.331833477095863971e-01
6.839052705293875434e-01
7.032982397697383758e-01
6.498316251727264126e-01
6.451352995491191900e-01
6.640252321499984234e-01
6.470058597196230998e-01
6.946862389273507077e-01
6.504295657637536587e-01
6.457939762276304618e-01
5.742370946670632970e-01
6.109839327295678579e-01
5.896099354140994508e-01
6.024651921135018018e-01
6.282102351606136947e-01
6.360494438602020129e-01
6.205555333924794859e-01
6.182452383131128437e-01
6.112020931903184850e-01
5.914476331851372670e-01
5.997847284795162492e-01
5.696921416390737791e-01
6.046442240188234507e-01
5.681902412735428953e-01
5.712614262270808707e-01
5.667734120220163652e-01
6.343679143955992528e-01
6.108280178731169130e-01
6.148734508865807413e-01
6.195456930052629652e-01
6.082955810227003157e-01
6.001896075266623942e-01
6.312606132938409775e-01
6.203188128892640485e-01
6.216196778113504129e-01
6.092542399834323108e-01
6.223824016892672839e-01
5.802695715366186224e-01
6.188611703129678343e-01
6.109470456093539781e-01
5.883042373130088487e-01
5.739245491002912258e-01
5.999690264895909397e-01
6.071924212738413207e-01
5.808912860388980581e-01
5.679906897005350119e-01
6.052810491455374864e-01
5.977751832362669937e-01
5.888469878449649197e-01
6.203069662324158795e-01
5.963661596091878181e-01
5.881693537029052399e-01
6.022066689229705894e-01
6.067209271690904293e-01
5.796062047353282010e-01
5.827233812482921493e-01
5.865334537050876929e-01
6.398632510954190833e-01
6.285013793280259664e-01
5.657623089504626446e-01
5.762387701365786485e-01
5.863605480680297299e-01
5.939030206267480461e-01
5.561082324795278975e-01
6.045724452554448458e-01
6.032974500618337732e-01
6.070796185047303561e-01
6.205396801240354865e-01
6.133437566981639888e-01
6.133625506386467530e-01
5.896808199019540897e-01
6.569657993653132966e-01
6.129763772570171465e-01
6.105491870046881875e-01
5.891318189840618613e-01
5.959723668388967610e-01
5.927096485516899493e-01
5.719641368348359345e-01
6.245789267762931196e-01
6.268547784207904039e-01
5.896824939600809889e-01
6.098544873239382103e-01
6.344379666499359027e-01
6.286650564633324834e-01
6.197721094742392189e-01
6.168558630570082357e-01
5.955504272594023263e-01
5.803764997039019269e-01
5.468066631913059972e-01
5.770466459845098317e-01
6.038512427204437705e-01
5.795044462032046262e-01
5.882085992222764181e-01
5.956593873699448372e-01
5.746399556970807065e-01
5.787478774978473961e-01
6.191479768097231107e-01
6.081007676895566760e-01
6.180543670683877888e-01
6.036931225291970460e-01
5.767912250187899881e-01
6.431996885666001473e-01
5.864007812664944197e-01
6.358845682551331757e-01
6.134524281862421269e-01
6.671557126230379664e-01
6.436275615646073200e-01
5.970566877526808369e-01
5.947647357435331683e-01
6.257193703177994504e-01
5.951084038611244020e-01
5.956801897244462518e-01
6.272128389111335522e-01
6.010774867624945061e-01
6.325471710274476189e-01
6.182381627931684553e-01
5.841267473328549675e-01
5.687736617115249915e-01
6.208279019288920342e-01
6.454683996794412515e-01
6.455377406122894124e-01
6.234443649727463566e-01
6.411867586787362017e-01
6.096226431415698865e-01
6.422074751566877460e-01
6.332981379359772234e-01
5.965793396294609696e-01
5.884696371762360156e-01
5.970960125552706721e-01
6.042955097643361029e-01
5.937424259333872190e-01
6.422758622065092293e-01
6.009236434955790296e-01
6.360012718316849778e-01
5.717916988997377992e-01
5.538091031831903210e-01
5.680635236810476218e-01
6.148216209900345675e-01
5.695250130108133746e-01
6.083723647538852308e-01
5.962278042966433489e-01
5.756647642253142072e-01
6.047850432559178646e-01
5.810184505192294013e-01
5.502306569855056617e-01
5.750549049796341849e-01
5.940962744701996368e-01
5.873569723538700771e-01
6.283182417055842572e-01
6.220063363968163506e-01
6.295035245137772240e-01
5.830543406146062591e-01
5.750721364463101670e-01
6.296956074734321174e-01
5.926675028555621338e-01
6.169542740045431684e-01
6.195568948428524791e-01
6.055874620130424768e-01
5.925108039155656536e-01
6.105222671787823296e-01
5.833426930485039463e-01
5.986966479095521265e-01
5.799026243931958424e-01
6.103490411665660753e-01
5.863036622039793366e-01
5.733566249138390969e-01
5.924297338799843216e-01
5.881341943605977729e-01
6.096002570806207110e-01
5.828567577737699956e-01
6.281472892627457671e-01
5.941492392831526637e-01
5.854303962743083733e-01
6.089540039525042081e-01
6.115048366979486394e-01
5.845929912652487737e-01
6.075796495248239060e-01
5.820193596729711372e-01
6.074010434479402143e-01
5.587366281777033095e-01
5.725562005806770216e-01
5.654209207310179064e-01
5.393827338562262597e-01
5.279741105970163773e-01
5.490439370173836320e-01
5.743167262574031540e-01
5.491022015016261415e-01
5.514986846970226786e-01
6.136330855008490515e-01
6.146137335028767357e-01
5.835900716138717748e-01
6.124151301662174030e-01
6.466140556624825342e-01
6.212119845636622228e-01
6.452207675827392741e-01
6.315348995488050399e-01
6.111305845034501472e-01
6.078782193829805891e-01
6.088525361466363695e-01
6.288122854698162678e-01
6.209083063179741124e-01
6.083030850370745313e-01
6.063631246953008480e-01
6.130751508528544669e-01
6.596054412563246983e-01
6.279116518865108798e-01
6.207812350485801822e-01
6.488455209922854294e-01
6.554497819883441379e-01
6.170905109136309852e-01
6.177092986689489695e-01
6.332324620724719688e-01
5.971028918491562143e-01
6.347603376167481048e-01
6.092137728999803548e-01
6.098538990409343441e-01
6.015610084906293231e-01
5.930824750867202955e-01
5.841229743931397600e-01
5.888745650215484462e-01
5.863610821249122251e-01
5.690860176206279375e-01
5.898759971678891878e-01
5.641816345559332868e-01
5.958279376962477558e-01
5.837684794812194600e-01
6.082198003930168184e-01
5.960729551123908898e-01
6.141029390416097300e-01
5.874077971174898050e-01
5.890584570696629774e-01
6.055702653571497507e-01
6.103516680508818126e-01
6.296188574191751153e-01
6.030475702249733505e-01
6.298417818705305260e-01
5.945043653427304342e-01
6.070611414419492258e-01
5.988884179034403843e-01
5.806508352744496060e-01
5.557414840033672032e-01
6.119072238189527946e-01
5.921058778709147319e-01
5.870717598736208132e-01
6.051808775975616728e-01
6.127599637313008163e-01
5.986182085962660215e-01
5.984229812684441763e-01
6.271924298829850697e-01
5.808347457911982037e-01
6.212704417244401256e-01
6.310039906477795668e-01
5.898366926858475967e-01
5.909352026770359201e-01
5.848355912344794794e-01
6.096847931635402951e-01
6.388912354152260775e-01
6.499907351350510121e-01
6.140696570286998668e-01
6.350988325377282528e-01
6.089917971615258496e-01
6.180562699403764348e-01
6.130620087982640021e-01
5.996769976693431259e-01
6.354295730596839498e-01
6.110049772095359488e-01
6.083337838885036764e-01
5.961882492721426452e-01
6.107589923329823645e-01
6.336782126833029327e-01
6.354067913634363629e-01
6.292301144677240332e-01
6.124471422901671680e-01
6.102622968535770243e-01
6.236543385004424955e-01
5.841203074636734938e-01
6.162965199777383773e-01
5.980124092746758047e-01
5.916213967905205040e-01
6.383328045566663000e-01
6.151317120580332976e-01
6.703389637524047595e-01
6.423389291471006679e-01
6.383414220020046104e-01
6.438252029718095626e-01
6.249211065513795571e-01
6.336079309292120820e-01
6.218020927303630208e-01
6.101096046330339862e-01
5.861113588039240652e-01
6.080495436832337175e-01
5.869208843134473552e-01
6.155176026769606512e-01
5.888003994994721602e-01
6.171657055025012717e-01
5.955422510360957045e-01
6.144626736528940869e-01
6.030545167068094292e-01
6.268507641718011891e-01
6.198950266390141906e-01
6.263882185990583551e-01
6.293487905960370998e-01
6.279273530854898588e-01
6.074834948532897849e-01
6.471528860493038771e-01
6.460508578605935748e-01
6.549560264009516297e-01
6.034789043235062600e-01
6.522745538602090498e-01
6.286090066423040135e-01
6.290048142896726979e-01
6.191814649294911099e-01
6.119511194371131113e-01
6.224743423818954735e-01
6.333643893465464858e-01
6.313138462937646356e-01
6.056619567202679022e-01
5.889564740498695050e-01
6.409300910024149367e-01
6.329196274095513219e-01
6.220156582265508050e-01
6.144252501844909009e-01
6.371491554416260916e-01
6.256238690070722308e-01
6.496699355389661257e-01
6.098805358364207674e-01
5.968849224043136781e-01
6.270101892375968822e-01
6.168482853997157012e-01
6.455416119506145467e-01
6.313964068086334036e-01
6.158728692364665580e-01
5.777515132183932423e-01
5.837695207259422370e-01
5.803591463935967587e-01
5.787091495220381132e-01
6.060613046882360466e-01
5.917379552045614055e-01
5.819125411296834915e-01
5.759367410598765780e-01
5.920078748250139355e-01
6.140618360273385479e-01
6.493222414387962438e-01
6.251475764362206533e-01
6.323126015183404558e-01
6.226995375804763588e-01
5.969678050492127630e-01
6.015542841726961854e-01
6.055365756559392132e-01
5.991289590271560161e-01
6.323936082388570412e-01
5.969809108560505395e-01
6.025722309921472952e-01
5.814758310771748206e-01
5.886637825006426628e-01
5.894794165506050954e-01
6.327987004482034106e-01
6.280423466874270888e-01
6.281928701723945574e-01
6.459782166279829374e-01
6.156466088089730393e-01
6.166771301542477435e-01
6.426017439009591437e-01
5.862642132447263288e-01
6.249170232256829882e-01
6.324424913164802264e-01
6.233510734450263824e-01
6.645759252760151670e-01
6.052365291771023559e-01
6.264915793141835332e-01
6.440206341711689486e-01
6.233163378996342541e-01
6.478749231541154341e-01
6.365290919756807497e-01
6.333715799975084826e-01
6.265083573147062213e-01
5.931062458717627495e-01
6.049000767927084077e-01
6.279611229051147436e-01
6.564174343016411228e-01
6.371905845161471849e-01
6.465369802643269326e-01
5.842717176811218494e-01
5.880646509549215528e-01
5.888409894619833773e-01
5.841211214085988424e-01
6.347151797449707145e-01
6.164761216794333309e-01
5.821666212187912581e-01
5.616570260099607026e-01
6.281333031368100395e-01
6.122222405981561089e-01
6.145892092178101285e-01
6.445227914507851708e-01
6.468358365309365698e-01
6.247150867827329090e-01
6.275584333192283371e-01
6.233261556805648196e-01
5.981378544171870315e-01
6.102302740618680277e-01
6.161762400136948647e-01
6.155761284155253366e-01
5.971188729555555463e-01
6.069878068939782434e-01
6.215376257792875059e-01
6.609230100356485726e-01
6.288914463878078065e-01
5.785607158502558134e-01
5.634990414930396430e-01
5.882875951349819665e-01
5.827020858897201672e-01
6.172715535172662582e-01
6.073589607558758097e-01
6.331725809667165805e-01
6.304771399013157085e-01
6.682782590452057692e-01
6.450534232473793539e-01
6.237311380688826956e-01
6.374314948803991854e-01
6.532261941773181979e-01
6.381147539499724131e-01
6.193298737310996005e-01
6.400201231244586619e-01
5.927626285801486095e-01
6.041208533552575588e-01
5.816602470720122486e-01
5.881046538338446927e-01
6.035562641739450340e-01
6.036386374442498370e-01
6.064901342411622709e-01
5.898344222211000520e-01
6.045287303856180516e-01
6.203931941063135502e-01
6.097190146894353457e-01
5.854488444335078645e-01
6.216784615106778489e-01
6.177146963411314085e-01
6.506540420571383931e-01
5.917060293543772165e-01
6.475439998883872894e-01
6.229392422052435485e-01
6.347936182585215414e-01
6.472837896527520174e-01
6.427932544223823319e-01
6.252244378301389238e-01
6.626294557418682674e-01
6.443566589552014445e-01
6.268674744441398161e-01
6.056301342639853758e-01
5.812257643095803950e-01
6.296702900496081723e-01
6.302126239305236854e-01
6.154938745336200334e-01
6.038989311112646918e-01
6.273289118156626376e-01
5.826925558443566411e-01
5.942081467474537027e-01
5.593340062466836127e-01
6.018243715208904110e-01
6.006953461768339553e-01
6.068429252472983260e-01
6.226611429476468507e-01
5.734739159930624108e-01
5.665798678309793557e-01
5.977978528490606180e-01
5.790551049056351651e-01
5.777932241793691803e-01
5.894245012574855780e-01
5.963676673090860803e-01
6.432832197441912259e-01
6.000106538946451407e-01
6.223177376753005197e-01
5.854451981105456282e-01
5.937017505737657297e-01
5.777068283510287117e-01
5.812131890329648165e-01
6.107809965916263240e-01
5.773185618327298929e-01
5.881833426173653789e-01
5.819738420549149804e-01
5.880087655667325386e-01
5.548913530447162623e-01
5.906362372860992638e-01
5.773562508786175274e-01
5.729817922564617305e-01
5.179340088030789380e-01
6.100561143074808568e-01
6.050809766458378203e-01
5.872739277979406314e-01
5.857382518881099065e-01
5.858904461851428547e-01
6.061983390205144540e-01
6.085736845156267671e-01
5.915012464948788962e-01
5.975315459565735399e-01
6.108056120573479575e-01
6.591924155691060161e-01
5.989275052427641688e-01
6.185060051350832477e-01
6.148593054488431520e-01
5.848237895028671751e-01
5.847075313534277896e-01
5.868087625096840565e-01
6.074546375907964313e-01
6.132449328650440012e-01
6.284588690401408106e-01
6.386635018115189855e-01
6.055246659834097045e-01
6.161016509042672729e-01
6.678960379553350313e-01
6.805074457712535496e-01
6.503644909190534618e-01
6.437357355730941588e-01
6.932906125778082185e-01
6.924040550105513558e-01
6.399649181692316224e-01
6.484588176766291623e-01
6.629319784080480726e-01
6.529051716779458170e-01
6.799395295163449537e-01
6.014243332700315303e-01
6.198486713729333131e-01
5.761222369000691401e-01
6.080952220460500435e-01
5.905069246024254870e-01
6.106476517185068786e-01
6.032521684537522910e-01
6.114239244966900300e-01
5.785804577290498685e-01
5.798331465860888656e-01
5.874416838438099031e-01
6.167675545222245370e-01
6.254846022710605080e-01
6.418629418997500169e-01
6.397552230076407609e-01
6.233843773396013921e-01
5.926772323312902158e-01
5.826429023485797387e-01
5.991726409280143661e-01
5.908281861979297611e-01
6.050309605157975223e-01
6.008353406001234465e-01
5.727405057143754030e-01
6.247010665969583432e-01
6.385272722220608488e-01
6.169461854228437403e-01
6.097942039201826869e-01
5.963394001539927824e-01
6.512062095216518687e-01
6.096021611088919823e-01
6.282422857839469188e-01
6.014666107874027112e-01
5.828729485005950117e-01
6.047742914603345676e-01
5.902000588837041928e-01
6.265507841133297617e-01
6.236386888570599751e-01
6.170275172076081782e-01
6.699123676775218250e-01
6.179101898306306184e-01
6.305099313007829220e-01
5.951995011058224261e-01
6.125348311139489077e-01
5.952409466534167581e-01
5.948274151373716956e-01
5.978908967657107221e-01
6.037499675525611620e-01
5.988346194566073200e-01
5.895727263050044575e-01
5.850111143712051209e-01
5.956423022842852744e-01
6.153698304641116446e-01
5.955479097832129254e-01
6.053024170116930724e-01
5.909168516889170553e-01
6.247085981863139681e-01
6.194846322771615510e-01
5.978635684498617708e-01
5.792668064891045576e-01
6.019943359955667317e-01
5.754781789987838403e-01
5.898048724690335698e-01
5.669448529074472276e-01
5.957236555966920477e-01
5.949256823747526290e-01
6.167518314877397101e-01
6.248422408741225453e-01
6.813066977135696645e-01
6.275418363066269656e-01
6.225638320650366264e-01
6.110424174716476697e-01
6.449847036882160323e-01
6.234067721503925297e-01
5.897470285303362258e-01
5.791265662392764968e-01
5.847816941082123465e-01
6.012921806375297606e-01
5.844225885037804824e-01
5.958780034514666868e-01
5.937425933687107138e-01
6.173878356824424873e-01
6.178288319740846690e-01
6.125484887742609352e-01
6.123861377967196873e-01
6.135288784200515488e-01
5.921510568710383060e-01
6.020504454002950645e-01
6.283199690125030878e-01
6.465372240187456931e-01
6.321516381629587178e-01
6.388928159121313177e-01
5.977477609222968669e-01
5.941472355452863674e-01
6.501360987674820180e-01
6.386674065732826922e-01
6.591901847871249887e-01
6.393214237956359458e-01
6.508157955379221260e-01
6.340544899528292033e-01
6.214445379001130032e-01
6.099226073192876019e-01
6.355863978594094021e-01
6.668048946359413920e-01
6.653444542965459840e-01
6.271363827193254803e-01
6.260139243324944758e-01
6.105189518051470365e-01
6.214134975397407334e-01
6.189757470655475879e-01
6.001181772650054924e-01
6.329064676834906811e-01
5.949803910102879900e-01
6.171975429903848731e-01
6.240847251164616249e-01
6.022640282149077651e-01
6.183803506404741412e-01
6.515200128854454764e-01
6.511429315329569922e-01
6.375777444294250529e-01
6.169549372929123976e-01
5.801417994299292724e-01
6.114275935271341611e-01
6.543048282011886263e-01
6.297009793172851921e-01
5.918417316867569111e-01
6.243563374444550673e-01
6.069303861824029145e-01
5.790173978208528194e-01
6.131066213870393078e-01
6.248903767284964550e-01
6.047716688303940158e-01
5.969003298775793498e-01
6.251817377735576775e-01
6.154428327824515987e-01
6.106157211814804420e-01
6.233056424004768115e-01
6.444587465075011234e-01
6.226739029275162318e-01
6.082722315526006840e-01
6.178448174536019799e-01
6.013325710853293371e-01
5.906662475490596087e-01
6.168456424199367794e-01
6.165990710702895505e-01
6.020280498000653013e-01
6.038200573859974218e-01
6.042494673463766341e-01
6.126395472708663359e-01
5.739756681698634511e-01
5.778110091788088987e-01
6.220647882839438481e-01
6.100118668437825020e-01
6.239152114179130626e-01
5.995820040067142420e-01
5.974964983658651585e-01
6.082534198899548494e-01
6.091311134498393898e-01
6.069008181746795572e-01
6.291448981508505067e-01
6.335907443219673807e-01
5.947313926546912155e-01
6.077462843984793306e-01
6.394792891046480188e-01
5.951187573095454431e-01
6.527440492835099306e-01
5.978515887780938565e-01
6.287319663171306861e-01
6.095297323569733861e-01
6.303824235594076564e-01
6.455064205048105519e-01
6.433230926901299940e-01
6.354603074739718638e-01
6.446088972819974394e-01
6.528414937408933971e-01
6.409445318818711712e-01
6.313370611094745177e-01
5.926788042865742678e-01
6.169261418361462468e-01
6.187575004026443226e-01
6.222523733522161704e-01
5.810467828006495861e-01
6.024605285791088116e-01
5.790411450309894681e-01
5.919644911420884892e-01
5.763360336506159198e-01
5.943252091737646348e-01
5.730522571923639674e-01
5.793001815036351587e-01
6.203296859414854092e-01
5.755959227595458527e-01
6.076068667841870719e-01
5.946486669898338739e-01
5.667283819909543219e-01
5.578807639942300334e-01
5.856296584452019838e-01
6.083823087127201434e-01
6.085760843576055734e-01
5.815423315859695741e-01
6.257992482201827356e-01
6.280173148283073603e-01
6.108331417030525845e-01
6.145663098755060894e-01
6.207870034722078323e-01
6.403756771719315566e-01
6.073859860840411518e-01
6.081611787994011253e-01
6.269013185928709042e-01
6.353371677978016940e-01
6.309365351000855160e-01
5.878437317518271366e-01
6.242729186966365917e-01
6.197142811445270905e-01
6.374353258617075912e-01
6.725833298525247805e-01
6.824842672147396483e-01
5.750223988821594467e-01
6.195111517681355373e-01
6.328964813014916757e-01
6.183760083761684623e-01
5.929671085019471155e-01
6.145860120041753971e-01
5.954425223438748471e-01
6.411509560208726866e-01
6.026263924458700183e-01
6.459555094228525141e-01
6.103577546553633493e-01
6.411778050347658464e-01
6.366123373002214869e-01
6.208142842169670494e-01
6.033537684272284318e-01
6.467076761942501806e-01
6.251212258898781737e-01
6.115351352215571135e-01
6.366093653360055393e-01
6.237392192587905004e-01
6.091052253537482253e-01
5.960927688360737609e-01
6.611063626039129781e-01
6.067695825351351324e-01
5.919653346699421670e-01
6.493417171621389539e-01
6.153825450575816092e-01
6.069538409162092973e-01
6.456092982677797965e-01
6.192220268667910643e-01
6.032182982493685675e-01
5.951262448587075760e-01
6.027602894469749062e-01
6.294527898070610972e-01
6.248516590865985654e-01
6.368088986787466821e-01
6.007768688489842912e-01
6.332952843229010531e-01
6.355460672811916734e-01
6.269915477097746104e-01
6.259914357967396592e-01
6.168929614097499181e-01
5.906062998290008137e-01
6.150594437269424342e-01
6.206638221113678355e-01
6.603248315722489714e-01
6.337564516972779005e-01
5.994034773700773755e-01
6.111100633557219330e-01
6.034506827969825515e-01
5.998176063331099872e-01
6.032936425038909478e-01
5.947696592276764394e-01
6.261660384744315300e-01
5.938378487306253950e-01
5.969121807156430037e-01
6.246430904559705510e-01
6.105930229100738904e-01
6.080946042755561720e-01
6.102482486700002706e-01
6.116327509910759463e-01
6.123714156608268677e-01
6.412665400911019553e-01
6.275257545486087052e-01
6.115226860231314232e-01
5.967810527438928148e-01
5.854850739122199332e-01
6.374802139502422360e-01
6.400722070647278938e-01
6.234261838282355583e-01
6.565377734319133296e-01
6.477815616210524929e-01
5.858603488376005197e-01
5.663900729461512906e-01
6.161216358830529094e-01
6.026691817291713882e-01
6.326061641894110688e-01
6.204837942682132068e-01
5.801913647743792701e-01
5.984272597305665409e-01
6.188868157626187250e-01
6.214048831436688181e-01
6.171195836686534930e-01
6.440918665157856493e-01
6.490539247574530490e-01
6.609758490273726084e-01
7.006132221855994047e-01
6.719601804507552290e-01
6.229734868185731189e-01
6.308628006395773369e-01
5.867135636873713755e-01
6.602641467355776506e-01
6.091470851645940376e-01
6.297453258698394452e-01
5.890773845713173085e-01
6.350556850120910868e-01
6.330166665759655586e-01
6.486610849220846298e-01
5.893869593449369004e-01
6.394231582543973280e-01
5.580397607179169439e-01
5.605640458929995740e-01
6.068321168919064146e-01
5.873295607694747344e-01
6.107111234707712777e-01
5.987071806394719253e-01
5.877692186661955809e-01
5.814829440316520159e-01
6.069950367061176522e-01
6.256676461806630618e-01
6.101212323321785203e-01
5.933397651638286918e-01
6.017712085665780641e-01
5.673904230526569670e-01
6.017150207969723663e-01
5.919955800817201519e-01
6.078597618567008753e-01
5.798671429906169239e-01
5.938966101193516867e-01
6.396617400889278438e-01
6.641907622095667429e-01
6.124810799917203008e-01
6.174384937771043580e-01
6.450526378642340575e-01
6.016400517784786794e-01
5.779071283932661895e-01
6.427986650928722012e-01
6.496418504687618833e-01
6.134183909741404150e-01
5.818359106672540415e-01
5.826216325973676557e-01
5.923357317663857646e-01
6.024156527189827859e-01
6.133066357628796927e-01
5.877152537653840270e-01
5.820114113511489773e-01
5.920980295274506089e-01
5.799741417541018906e-01
6.462788847582791041e-01
5.812110148979272584e-01
6.061954231554593786e-01
6.228989504644197872e-01
5.932310061751384644e-01
6.124408728548778047e-01
6.038153669002439550e-01
6.093452068979970937e-01
5.915766585507433728e-01
5.760643146282481419e-01
5.790356906438103302e-01
6.020063888485743808e-01
6.111099416145021612e-01
6.244062908047834926e-01
6.457068968508078433e-01
6.127440184617194419e-01
6.267408183843742320e-01
6.173291497608190959e-01
6.285585364078082327e-01
6.357694692389460611e-01
5.978945517707127122e-01
6.778140962167852335e-01
6.616051718768745094e-01
6.117362759758994128e-01
6.259273174661971195e-01
6.263229398777669932e-01
6.252394358410038322e-01
6.072809669810016464e-01
6.280051265439338115e-01
6.374945804632857760e-01
5.809183406381376313e-01
6.089689962731706929e-01
5.892315813982655914e-01
5.846889617747210721e-01
5.917588792562383793e-01
6.045213667206997821e-01
6.346988635185040195e-01
6.514994760359176240e-01
6.329144683331637822e-01
6.199079514590162265e-01
6.451927505309323907e-01
6.385775006277080168e-01
5.777697553283716037e-01
5.905441297427959091e-01
6.564216910070047595e-01
6.729825887415578078e-01
6.079050631768461166e-01
6.195824477316671519e-01
6.096509437805456288e-01
6.315205508091434883e-01
6.126076310873067587e-01
6.239927724845356627e-01
6.133295150681015162e-01
6.078570830005340930e-01
6.432450348904810156e-01
6.247365659039583186e-01
6.086706568416684338e-01
6.455718704897115412e-01
6.068156161995774678e-01
6.319442952595457630e-01
6.478722415907687271e-01
6.252666182122730287e-01
6.301050081176964301e-01
6.674313419640113265e-01
6.079236720255206672e-01
6.345865279082285593e-01
6.618020028373047259e-01
6.957248981257430076e-01
6.186203671946622906e-01
6.479208052251046457e-01
6.109726821720868895e-01
6.100138172041176254e-01
5.722457593455224645e-01
5.841916004926783756e-01
5.956741442940641784e-01
6.194066991199097538e-01
5.824667888460264287e-01
5.726681494046009790e-01
5.665291603433778578e-01
5.919712617840613422e-01
5.877342243296809210e-01
6.020181710168394096e-01
5.776167587667752068e-01
5.943195410694611658e-01
6.100284720034272468e-01
5.938487808769946641e-01
6.165045324635606283e-01
6.420739364996908005e-01
6.005310043742868586e-01
5.945249441474000918e-01
5.998186825343797546e-01
5.821180689359684024e-01
6.139354775511117746e-01
6.148511631112852927e-01
5.893244995293276389e-01
5.842740359705668185e-01
6.194671560785680597e-01
6.215332266436129904e-01
6.104877271546977902e-01
5.839237837607884618e-01
6.072545512545789448e-01
6.092911445654312086e-01
6.317532020804339510e-01
6.048915242138875881e-01
5.896722308147820391e-01
5.993825580402386555e-01
6.224883252200932304e-01
6.268129711416033922e-01
6.303993429928167469e-01
6.535779279140824238e-01
5.665941075327686205e-01
6.082579101047363990e-01
5.997907374014317394e-01
6.243608721969581277e-01
5.844984136513331485e-01
5.986045901201236807e-01
6.138413975683840729e-01
6.249783643482804685e-01
6.098610212659025809e-01
6.121678405609917162e-01
6.199754251397207039e-01
6.212916927934379885e-01
6.340829859675242153e-01
6.219221543829714927e-01
5.937806535990113321e-01
6.367700350894826000e-01
6.104284233423634687e-01
6.042191101525460351e-01
5.818358569652942736e-01
6.017022531467417501e-01
5.480086231933569696e-01
5.769324305833624100e-01
6.143981906457560704e-01
5.959091890760430665e-01
6.047701452253171350e-01
5.885960327569645933e-01
5.866181394966679674e-01
6.133519935936569967e-01
6.205942469043524978e-01
6.398009499742447481e-01
6.165821218454613506e-01
6.180406189459316524e-01
5.652844297925531114e-01
5.766976563494641272e-01
6.272514833764167852e-01
6.012973690379774805e-01
5.895630547834350699e-01
5.962410860847654481e-01
6.199021171570551214e-01
6.058627068375550540e-01
6.141532013453127048e-01
6.507815682661090007e-01
6.435434569293356777e-01
6.268183643833065144e-01
6.154775303026300826e-01
6.238764973928452306e-01
6.266789988213506968e-01
6.195778698453209277e-01
6.093434130807027227e-01
6.194396827696816432e-01
6.387516959083924251e-01
6.092940403979307806e-01
5.743797614755811187e-01
5.840411259223396989e-01
5.985203011040783894e-01
5.881103241374154855e-01
6.014404293961305159e-01
6.051459843037174657e-01
6.261862428516470347e-01
5.748575412125556117e-01
5.943823644715667820e-01
6.232202329448505163e-01
6.026418539139636321e-01
6.167119634739464118e-01
6.303624677771397788e-01
5.699961746326328571e-01
5.802269925516806426e-01
5.893478354544848807e-01
5.676242319250278667e-01
6.321007307079667958e-01
5.822289299446014033e-01
5.753006196197221200e-01
6.012143468932630297e-01
5.842250601694592982e-01
6.072476261171693146e-01
6.127997268536946596e-01
6.337341296999012830e-01
6.439830391462310066e-01
6.082209128307550783e-01
6.318349490670951418e-01
5.839162252006048215e-01
6.139228397793689007e-01
6.297137601484120717e-01
6.308570032648057602e-01
6.750588029761729336e-01
6.599949647074584425e-01
6.432666839128210468e-01
6.490900382142462677e-01
5.975428219274454555e-01
6.199792364419718371e-01
6.157654161224018763e-01
5.808653249566734234e-01
6.114212632179302220e-01
6.153018644576414564e-01
6.115520338426956304e-01
5.864956225536285261e-01
6.234248115903537890e-01
6.210726558677047704e-01
6.034900474210043164e-01
6.357678408218861987e-01
6.529492031576481503e-01
6.290467281470580874e-01
6.132154467697582545e-01
6.494185063793009860e-01
6.183970397749163350e-01
6.025976735672418094e-01
5.969812161518623927e-01
5.952203193764525890e-01
5.938316809600191482e-01
5.914571731949170852e-01
5.979673101245887024e-01
5.931397229036602381e-01
5.839649852480004455e-01
6.245747478874548175e-01
6.121824423625474854e-01
6.309397374439320583e-01
6.136707736933977309e-01
6.286500892674753427e-01
6.434712365396915157e-01
6.192251515724519484e-01
6.159104731181604953e-01
6.253505936094385653e-01
6.745243295447204135e-01
6.663557269307612829e-01
6.909236126397653166e-01
6.289465405378256158e-01
6.079612302908296018e-01
6.172606378932956606e-01
7.000875193500634142e-01
6.249992722783405119e-01
6.665528378834140177e-01
6.707418865613953285e-01
6.655515296384280077e-01
6.454621501718990073e-01
6.358964372473734361e-01
6.384296188108204984e-01
6.445619054232021305e-01
6.426643204030680900e-01
6.644860684253024452e-01
6.498771599305827040e-01
6.551255809280672748e-01
6.378693524781160473e-01
6.091307526673432893e-01
6.389911765946013622e-01
6.444814462567612923e-01
6.472180544660712798e-01
6.237982916583295623e-01
5.605892862755201822e-01
5.816933154204352308e-01
6.117922223468779119e-01
6.105706232030152503e-01
6.537546615276552675e-01
6.511349341320236128e-01
6.212842735627555069e-01
6.256540459165081947e-01
5.979433958836732899e-01
6.245754372475417204e-01
6.044149869761408223e-01
6.419351314700487698e-01
6.049865427472148616e-01
6.237240390235589960e-01
6.278050719939241020e-01
6.218482200170122320e-01
6.377515746825922482e-01
6.478083558494285299e-01
6.595992927847932341e-01
5.880259262526061903e-01
6.493468612466638534e-01
5.960987975464260291e-01
5.823112043044169628e-01
6.055683559416692452e-01
6.136463616502620955e-01
5.877574436192705143e-01
5.852142737793477600e-01
5.786396808235467759e-01
5.795507855549166809e-01
5.884734568894907092e-01
6.118241051250159490e-01
6.060693341941433276e-01
5.912713142889477469e-01
6.574531165715412628e-01
6.184262374596373180e-01
5.454407609216099795e-01
5.734795196315773946e-01
5.863512513638861057e-01
6.119232858030811961e-01
5.407422267622649104e-01
5.647563831602765427e-01
5.830499692979935755e-01
5.908956204945150503e-01
5.971341341659177626e-01
5.937105214225404382e-01
5.999205794822518589e-01
5.669261607498804478e-01
5.875749680480436554e-01
6.483498657102723106e-01
6.370673948239573559e-01
5.990846888604501874e-01
5.878073099915026578e-01
6.525559770345087385e-01
5.975461651012499154e-01
6.040679328811005000e-01
6.128231719814463130e-01
6.260143143765071194e-01
6.177477120304247782e-01
5.874024247358009543e-01
6.167472443232885349e-01
5.926403898138834503e-01
6.450949619243477873e-01
5.917756289171917095e-01
6.092953920831618575e-01
6.254590285896221014e-01
6.055822113568867238e-01
5.974889453112829374e-01
6.114307006717815129e-01
6.571282629510579731e-01
5.881623043060321132e-01
6.085226963465063532e-01
5.859761236672371698e-01
6.149475201872127705e-01
6.727240389462297854e-01
6.419815854868675675e-01
6.183484309719351479e-01
6.701346513019581508e-01
6.469451372371728404e-01
6.498605281374291165e-01
6.264682362440983088e-01
6.116535900780516455e-01
6.648715479304881937e-01
6.478811740623758864e-01
6.030484424050869263e-01
6.646797820508072441e-01
6.420661279326868032e-01
6.168907218713322038e-01
5.950152095667069485e-01
5.851912528452065665e-01
6.257416445636442281e-01
6.609187147915951410e-01
6.071833015513300458e-01
6.221962639507097048e-01
6.334069196297453797e-01
6.376275944617532110e-01
6.158683788291039463e-01
6.125988055607368699e-01
5.877309701023122335e-01
6.275307815543446077e-01
6.225963308100539439e-01
6.328227374179731246e-01
6.319468818223024087e-01
5.968235928986600491e-01
6.073865733767587205e-01
5.906069211814591879e-01
6.092847656919817556e-01
5.841403552652733033e-01
6.044150421467251455e-01
6.129694667543572617e-01
5.994341256818004338e-01
6.075539121899814488e-01
6.207047306655795182e-01
5.944855718465248406e-01
6.007151141255289151e-01
5.676289194602867072e-01
5.970717068134837602e-01
5.884142994602267196e-01
6.078149053204855434e-01
6.169179886954779812e-01
6.115089238042211717e-01
5.625983295734306999e-01
5.870526162904625700e-01
5.750716074361912344e-01
5.718878112396875713e-01
6.043882111566304394e-01
5.674570822940969705e-01
5.641719905130163637e-01
6.022798163084386314e-01
6.150139803391384552e-01
6.097054355880712206e-01
5.930219633980738925e-01
6.030699983580948276e-01
5.883870880883901311e-01
6.083789294985145757e-01
5.851925595367176713e-01
5.635143342682107370e-01
5.710283168015992672e-01
5.671178315789235924e-01
5.677373484022932848e-01
5.952279528374461171e-01
5.701975445257172481e-01
5.682414603938437114e-01
5.958546850356913893e-01
5.981218122091476186e-01
5.905429643976390919e-01
5.732318100179542020e-01
6.161374177595884127e-01
6.428432195381954539e-01
6.310272949634784245e-01
5.839309156621033114e-01
6.147607005799780033e-01
6.266412941803848335e-01
6.082992452536327699e-01
6.073098203483755508e-01
6.460513339419675649e-01
6.313344564428657879e-01
6.022648360089174480e-01
5.796382968188864560e-01
5.866893772458565692e-01
6.120095503898678180e-01
6.146757114381117271e-01
6.155934072360311760e-01
5.912513402880397173e-01
6.251116545995111240e-01
5.974008186245417518e-01
6.136162456949186828e-01
6.415796446062517200e-01
5.915617868045093264e-01
5.861347303356824190e-01
6.056749207328676610e-01
5.819623965382482167e-01
6.486659568236653461e-01
6.126298755804554519e-01
5.616626301018832201e-01
6.229341426523231640e-01
6.340068990316628517e-01
5.864280439107540932e-01
6.096816896161545429e-01
6.113825442948984668e-01
6.231086379418747656e-01
6.537510322439347155e-01
6.782205599151148734e-01
6.680629152287860251e-01
6.483840964839905352e-01
6.616309425586057724e-01
6.308668966396935307e-01
6.091781333638440765e-01
6.095211952338162043e-01
6.106481974226357634e-01
6.201570293142149026e-01
6.035799327287993954e-01
6.423812321299763317e-01
6.130270975138971679e-01
6.764182299515648644e-01
6.416470223049446364e-01
6.609054749389321470e-01
6.389158780900978662e-01
5.981578994667877680e-01
6.127581290566735950e-01
6.684292755405506492e-01
6.525530599284892208e-01
6.071100827602766703e-01
6.138125029121097587e-01
6.401626066164879392e-01
6.368898744844164739e-01
5.936571575759649333e-01
6.311577394173448763e-01
5.905586416971557728e-01
6.043064727035033501e-01
6.191607710494307915e-01
6.405218619415317116e-01
6.156137591823190869e-01
6.228333386259969906e-01
5.793143145223180746e-01
5.784615812855194994e-01
6.021739148837521594e-01
5.973005479507562665e-01
6.280033327185997605e-01
6.147103177769203119e-01
6.476423380398906859e-01
6.452416482887013416e-01
5.866075144414089060e-01
5.473744474094218715e-01
6.460099954601999928e-01
6.490037243872938122e-01
6.287437998979387155e-01
5.938073554839993218e-01
6.061525315735197816e-01
5.757699763294420459e-01
5.778020871902673772e-01
6.091026289614428491e-01
6.085958988081020538e-01
6.192780794270527078e-01
6.071846303245564958e-01
5.768893957305478715e-01
5.715464206002283110e-01
5.978976505829539656e-01
6.174514582277248476e-01
6.100055904281477259e-01
6.032592702092223202e-01
6.215837219536431979e-01
6.225208813697529209e-01
5.894675131185567185e-01
5.830225736838118289e-01
5.731547920432821241e-01
5.912745899408039518e-01
6.252224198792771803e-01
6.008044970276916752e-01
6.503092369765499647e-01
6.471346385265486223e-01
6.325965438255977125e-01
6.117003186699671025e-01
5.703202627213090903e-01
6.113500410752394920e-01
5.858192092122931349e-01
6.139152499077347169e-01
5.935447616464365472e-01
6.171177684426705223e-01
6.087021809931095762e-01
6.459537895303100186e-01
5.851719366745198325e-01
5.922428370189010138e-01
5.709319963640984152e-01
5.943992034243156253e-01
6.044438865969459229e-01
5.820297789221564599e-01
5.989120362694756450e-01
6.261120136410079917e-01
6.506373622620104102e-01
6.341722729641057210e-01
6.289391525938714533e-01
6.324206760772662639e-01
6.405382918580005969e-01
6.385358165296048938e-01
6.429083555150384433e-01
6.699314567951941690e-01
6.223942093452908830e-01
6.678170066432728147e-01
6.522720744446838248e-01
6.401753727908002789e-01
6.321089840693440154e-01
6.464282672225669657e-01
6.270348893706593207e-01
6.192442900867809463e-01
6.302498685864971195e-01
6.000101677054496818e-01
6.150505600693000341e-01
6.232308322227947395e-01
6.500233922826881283e-01
5.948653354763550061e-01
6.606366214317919150e-01
6.643475377574805663e-01
6.335715407208921679e-01
6.087276251609448074e-01
6.255153355204249310e-01
6.288969319066892716e-01
6.446870116933036687e-01
6.282338657185460029e-01
6.428801515547243328e-01
6.078749375679117772e-01
6.018194087992686514e-01
6.182766367912095884e-01
6.454104263880668935e-01
6.325126741112859774e-01
6.591306341738787378e-01
6.173870983669386137e-01
5.850962660720647746e-01
5.884579231273914246e-01
5.634569947580236882e-01
5.869884260348526839e-01
6.079812546816739660e-01
5.804639673688026802e-01
6.033740660959128199e-01
6.095117428028373752e-01
6.242673702689565118e-01
6.490528954987492272e-01
6.400136143823278445e-01
6.100551991716834932e-01
6.159060120061092825e-01
6.262582495721533693e-01
5.962255873760567981e-01
6.069657575934954696e-01
5.987250613417844924e-01
6.203578044988901086e-01
6.139777943517195080e-01
6.159993267447678722e-01
5.806567820187958917e-01
6.217136740866249234e-01
6.242551806218620269e-01
6.383784909752011627e-01
6.062187693811333933e-01
6.287427335312677501e-01
6.413028736306014554e-01
5.827856192221682052e-01
6.192017561064188103e-01
6.239818900922979861e-01
6.017087084392036545e-01
5.811682956676449407e-01
5.876259026825165765e-01
5.851549332976108131e-01
5.771813962359136907e-01
5.974027878987152596e-01
5.974756038604706054e-01
6.143994980942464323e-01
6.328904719181620564e-01
6.083634151730165085e-01
6.169993024494330180e-01
6.258250926588513341e-01
6.290381352295986161e-01
5.895212395903987046e-01
6.154612931052921843e-01
6.387474612829971976e-01
6.406860831036292891e-01
6.147620317356620179e-01
6.181250702274004860e-01
6.026890442000655268e-01
6.088075008847613212e-01
6.160833579238588209e-01
6.116316627568890718e-01
6.109940681592531675e-01
6.130756146169555887e-01
6.016279332976518512e-01
6.036520700139601514e-01
6.336784950349358958e-01
6.246788470971497143e-01
6.182284835986755489e-01
5.872024853169690584e-01
5.972014365336917319e-01
5.801861494692165389e-01
6.370007743254421095e-01
6.285973123143108188e-01
5.713764098499941602e-01
5.954067683884881612e-01
5.915455037299804930e-01
6.556108701687204388e-01
6.027403116854240794e-01
6.276579309219906255e-01
5.877250387114081320e-01
5.980697104312275858e-01
6.043494190448932546e-01
6.250693357235366232e-01
6.103318675601230314e-01
6.101952730855032536e-01
6.443116186386600441e-01
6.151758539038519880e-01
6.100073627742230720e-01
5.701691070373867687e-01
5.625721175068921776e-01
5.910352944965795441e-01
6.000885589191140568e-01
6.178914660978293005e-01
5.923159046745106737e-01
5.866944749682664328e-01
6.150026931325286439e-01
5.866262329279009480e-01
5.571639544360700302e-01
5.855466714056867250e-01
6.177802083635710595e-01
6.020641296772138995e-01
6.116926280782548631e-01
5.894514123290131025e-01
5.947328222417774812e-01
5.977937703572798744e-01
6.204569220980320488e-01
5.824533910027922534e-01
6.393407901184599007e-01
5.874247537444271527e-01
5.945809193006409421e-01
5.793710031313065167e-01
6.058846471108911835e-01
6.085684657368697348e-01
6.325850821813224778e-01
6.432493606590232726e-01
6.493673338105043769e-01
6.570026672213364893e-01
6.570750534810311239e-01
6.139600265760873921e-01
6.288009640973584169e-01
6.275231060548837059e-01
5.960747038782020502e-01
5.946582865799300288e-01
6.173678855158714063e-01
5.898784658615123799e-01
5.811868998727771629e-01
5.901020738205249305e-01
5.561228378854250476e-01
5.902304059345182541e-01
6.197266347091634486e-01
5.814136595708770949e-01
6.250995888163728420e-01
6.030667131639130263e-01
6.127787739661594291e-01
6.365170437261581382e-01
6.118630485802803998e-01
6.347703198497866017e-01
6.150781512637387705e-01
6.502421710320058779e-01
6.326102591150387644e-01
6.292540632236243159e-01
6.021975253101641279e-01
6.667581579768895317e-01
6.299028590191854127e-01
6.430162304545892216e-01
6.506817571005230061e-01
6.680705277096504746e-01
6.541814274913743121e-01
6.287407633805607299e-01
6.625114922289081498e-01
6.398858867929971828e-01
6.411402352865885890e-01
6.199879569144549629e-01
6.413758187824316614e-01
6.106997070784715431e-01
6.336840378238679516e-01
6.255753777901372770e-01
6.027939422129428015e-01
5.950709842101443714e-01
6.218909876254169466e-01
5.982653644684500227e-01
5.513189706677554813e-01
6.047463251754644498e-01
6.110526798197510878e-01
6.023920399046998053e-01
5.818335065368234194e-01
6.141016109910450993e-01
6.473616647796462953e-01
6.174636418171111085e-01
6.156422144639619454e-01
6.282568499178201593e-01
6.209910108530666273e-01
6.430196620713821698e-01
6.180388402681320503e-01
6.116406155797240451e-01
6.364147905246818615e-01
6.274119785200340527e-01
5.996968205581482136e-01
6.026759505846450704e-01
6.143161856344084848e-01
6.424023000506189351e-01
6.529661543178513217e-01
6.643019969931273083e-01
6.427147429943917967e-01
6.470445354522419423e-01
6.490787197124309182e-01
6.513974113792855292e-01
6.510588684272822224e-01
6.230537003553278108e-01
6.504940530586406089e-01
5.992870148936639829e-01
6.919969932981737681e-01
6.633555155758655841e-01
6.556100099943504844e-01
6.692755047943235169e-01
6.449644566277454860e-01
6.647361417715577092e-01
6.503664570805504086e-01
6.094584703386628499e-01
6.452129860160971120e-01
6.205822315819553570e-01
6.318128070579864808e-01
6.172514566467016683e-01
5.938103198762429979e-01
6.111006645413197269e-01
6.277997141661306735e-01
6.162461636225121664e-01
6.379373087471188475e-01
5.810032292051979796e-01
6.149076745811444811e-01
6.062809705299099239e-01
6.254101266231022471e-01
6.477636636867176723e-01
6.230962011413259116e-01
5.844155219021436309e-01
6.458388440704175837e-01
6.230451142634664263e-01
6.387514488052723483e-01
6.294012479465705967e-01
6.542019141613991673e-01
6.657660526977156046e-01
6.388103741983396366e-01
6.271749341843113612e-01
6.467297212724136823e-01
6.135879596576192530e-01
6.395746854987344188e-01
5.992676841833172174e-01
6.470356435686215324e-01
6.142092698664667338e-01
6.042956945729928142e-01
6.485469456930235133e-01
6.012105159126864828e-01
6.018373194246791069e-01
5.846893068186849174e-01
6.385667553172330591e-01
6.043750648649420798e-01
5.787089796266275954e-01
5.976035109319043359e-01
6.316786305631619802e-01
6.095694865452435662e-01
6.153937329399851164e-01
6.379177760357976901e-01
5.718717012834957369e-01
6.758434811662802355e-01
6.427427649101735696e-01
6.405122545905196363e-01
6.113255421082739449e-01
6.073893137366174200e-01
6.172770480425279205e-01
6.315774710323779351e-01
6.568583799222549313e-01
6.178292519027613894e-01
5.960280750087753043e-01
6.050362760810928942e-01
6.195553846667151143e-01
6.198807954176377422e-01
5.976794421945420543e-01
6.094746009484176552e-01
6.361746102045163775e-01
6.056306835398975741e-01
5.853539709001546187e-01
6.024983108585153513e-01
6.023124686787806326e-01
6.035514254365327291e-01
6.117885574474061228e-01
5.741983590498670464e-01
6.086819083299416233e-01
6.084803916634364818e-01
6.238929642885296944e-01
6.080529661255733576e-01
6.171528404084636321e-01
6.098349699846027372e-01
5.953614811016341157e-01
6.339366939150694602e-01
6.047910412327339724e-01
6.237705662361241465e-01
5.978110648457272136e-01
6.074012796889344257e-01
6.271041736923883558e-01
6.274943453777401814e-01
6.297782550190950124e-01
6.224424004532963517e-01
5.976236336923858028e-01
6.246660062392227486e-01
6.179186997447367879e-01
6.401062896737530483e-01
6.353371416459711041e-01
5.914862018330555582e-01
6.263579338079595660e-01
5.793952375100911434e-01
5.992492660640129643e-01
6.007978957300816880e-01
6.104657391846733949e-01
5.889153344852336991e-01
5.982284899734927608e-01
5.668892165692460683e-01
6.012015066235977256e-01
5.807739481475846510e-01
5.669181121789917954e-01
5.989738616017521444e-01
5.701937035880897398e-01
6.007676578351106578e-01
5.852014372407483567e-01
6.040130482443627491e-01
5.826011221822413599e-01
5.979864648074395550e-01
5.999001685648710502e-01
6.081675593432231963e-01
5.837929021102552518e-01
5.862775212839157479e-01
6.476589837519410864e-01
6.346203049357818093e-01
6.250201483965489579e-01
6.451306990047868117e-01
6.678762880329687235e-01
6.262633369761270163e-01
6.113867287696731490e-01
6.262565478649372297e-01
6.473253725751302312e-01
6.353699338258217422e-01
6.628875038184570689e-01
6.788761664329231449e-01
6.258269322856319095e-01
6.501188801320401112e-01
6.116256985747643427e-01
5.763802893137310868e-01
6.308705332678868904e-01
6.430345560536584459e-01
6.220474788151819645e-01
6.345420904119407624e-01
6.494795217550654032e-01
6.243086813910987409e-01
6.324718481028339667e-01
6.274114367574278317e-01
6.473223702686304870e-01
5.988278415878747207e-01
6.513975933583981970e-01
6.277416877566626141e-01
6.170816433645572863e-01
6.164463927327579196e-01
5.782876543433319583e-01
6.070466193329312476e-01
6.190673581544966497e-01
6.213380709056836038e-01
5.863893329838060220e-01
6.412788770722595011e-01
6.029913714086664323e-01
6.350911494468216567e-01
6.363876738386049503e-01
6.371537717997298733e-01
6.182155077538973309e-01
6.337496806400675364e-01
6.288324198524745112e-01
6.335082386126529297e-01
5.865444351849674609e-01
5.797263874990147281e-01
5.952279176775174818e-01
5.445650023390757877e-01
5.666100228418989859e-01
5.780578990370069947e-01
5.983576006468154240e-01
6.112301764846213015e-01
6.000530784714990240e-01
6.295140042112126189e-01
6.237007082412345804e-01
6.025675514940780353e-01
6.554167127258070380e-01
6.020277749633999864e-01
6.004309070343361032e-01
5.634728592047490991e-01
5.878638361054805417e-01
5.782860388470000279e-01
5.820364269069068230e-01
5.761598472886969580e-01
6.090733919138111574e-01
5.949260718864639585e-01
6.235025467190624671e-01
6.289313025748300978e-01
6.096007310972051396e-01
5.749931146379373414e-01
6.262872620377227806e-01
6.490164712597992214e-01
6.800708286230381372e-01
7.061786249938014626e-01
6.336682371838847638e-01
6.536004197264394522e-01
6.657067740600605132e-01
6.107685399716912267e-01
6.095872736071802356e-01
6.340346487603318870e-01
6.408552312105769699e-01
6.649517363485890620e-01
6.552838551219509755e-01
6.205602175786484320e-01
6.110664856242828957e-01
6.029681266595787736e-01
5.893614069772370456e-01
6.255242105492506699e-01
6.349537809266359023e-01
6.523508330903586838e-01
5.685358303726550933e-01
6.141420045770179525e-01
6.123373598715056154e-01
5.945336054550371951e-01
5.771681526231088322e-01
5.574008887921964028e-01
5.786047575900097328e-01
5.843253247799373717e-01
5.755501273991712186e-01
5.738190451057408881e-01
5.747795377873631262e-01
5.876645965824852658e-01
5.821975482138537217e-01
5.772388701766469898e-01
5.619023196369364870e-01
6.257854150972719243e-01
6.164942828012718312e-01
5.849529112550232446e-01
6.042746036080809402e-01
6.076228356155276566e-01
6.321144610618270043e-01
5.851324526408138160e-01
5.931609628425710268e-01
5.859221817037418845e-01
6.233647458347828518e-01
5.896756099207397517e-01
6.098986356973991052e-01
5.964964830432771814e-01
5.832801646010883356e-01
6.129016179943608256e-01
6.149267701636372818e-01
5.978787442600329571e-01
5.616200230849663910e-01
6.253453301207714254e-01
6.054855845745951148e-01
6.172661500722579353e-01
6.106061917618236246e-01
5.785327755937051952e-01
6.084689854674321108e-01
6.000284184444045765e-01
5.742300548109110503e-01
5.827455113312455248e-01
6.167233348019485195e-01
5.977274806037294885e-01
6.018308630198767606e-01
6.035688763824301750e-01
6.109223350430802446e-01
6.137087869854397360e-01
6.193020037161329761e-01
5.998632620390544901e-01
6.091161066974354332e-01
5.903472430980389873e-01
5.856178344413730530e-01
6.048652020080904634e-01
6.718566455755111688e-01
6.535964924303911960e-01
6.278848496589026773e-01
6.176607567053135073e-01
5.959153160049971421e-01
6.328539159842808681e-01
6.907904809797238421e-01
6.546323400912854584e-01
6.448135262207570495e-01
6.135741300470907156e-01
6.166032503326823733e-01
5.666355826993748623e-01
5.875894783343273975e-01
5.910549937260430875e-01
5.669702552305032617e-01
5.889041031844205465e-01
5.798937160999746432e-01
5.836418237659918296e-01
6.028831204644520270e-01
5.943609624014115633e-01
6.165194766185909669e-01
6.373470310296254215e-01
6.105829118152366064e-01
6.130120173145687801e-01
6.117484278497857808e-01
5.811895583582815661e-01
6.684890024140114351e-01
6.401660000649601612e-01
6.290875342806964143e-01
5.939309934080683195e-01
5.975960446064220166e-01
6.300174536334756104e-01
5.885318528290086615e-01
6.154080125234662191e-01
5.962839998947074838e-01
6.166046289881305098e-01
6.197007430060607058e-01
6.335833422875114529e-01
5.928869773284292100e-01
6.150081539055850532e-01
6.104970312073214611e-01
5.901184583206615653e-01
6.159173421851060759e-01
6.144274509046561139e-01
6.049210228956535262e-01
5.928035224743727349e-01
5.990667701355537611e-01
6.133052819402576850e-01
5.673864326101103472e-01
5.918279372793228132e-01
6.140999493305655532e-01
5.823330652660577700e-01
6.009887839024322664e-01
6.072078560141965786e-01
6.285306931636932548e-01
5.922061476524148604e-01
5.897161845562383098e-01
6.029119957204623903e-01
5.845597110898085313e-01
6.445888215915442920e-01
6.222040163525031087e-01
6.149111619318228250e-01
6.101620820880581109e-01
6.487722184937760872e-01
6.385056254422670774e-01
6.395673972646009897e-01
5.883678246222093788e-01
6.202546755426869840e-01
5.942761762829218419e-01
6.078015246734508326e-01
5.927492631462789596e-01
5.453231743205667614e-01
5.778776313924799402e-01
5.699539821017145513e-01
5.946682551319913967e-01
5.752211037006254024e-01
5.851443030637502041e-01
5.964468771867377228e-01
5.600410056867840547e-01
5.482767425272709882e-01
5.908730407844720034e-01
5.883149039252563162e-01
5.946728226069439849e-01
6.125110913015954228e-01
6.275500568680046909e-01
5.826840218489224288e-01
6.412708489584055815e-01
6.138402058595539001e-01
6.270768149381904522e-01
6.444967377642902839e-01
6.588302265373351396e-01
6.208748902556509019e-01
6.614409268823463472e-01
6.133975225915909713e-01
5.918493741795600727e-01
6.170546459499872682e-01
6.138356073247405176e-01
5.681590677686159108e-01
6.011841919534517409e-01
6.246843973717650655e-01
6.050433842141643703e-01
6.023990105411729523e-01
6.191275245165687169e-01
6.194309752195856777e-01
6.077465902324983293e-01
6.338064687632490868e-01
6.229589508623023519e-01
6.470688872904919453e-01
6.329305174148797120e-01
6.727504787001556963e-01
6.299971009635767505e-01
6.312698677766276356e-01
6.307477243755265084e-01
6.293366689330207597e-01
6.383802215402025748e-01
5.984274096246667840e-01
6.075560313213802521e-01
6.060741123613502257e-01
5.979091666674577477e-01
6.164461743351511425e-01
6.151157532906467162e-01
5.897073430943522432e-01
5.979573403876933257e-01
6.112033100744636016e-01
6.443723450720464374e-01
6.096458410491993885e-01
6.007862211676312514e-01
5.836157303506910310e-01
5.957486154860310856e-01
6.117416024530649699e-01
6.095424564385382160e-01
6.109248651751754133e-01
6.732433748696800002e-01
6.731028739745048561e-01
6.625995382617606566e-01
6.606441254899170223e-01
6.616650627162623532e-01
6.480233885620493295e-01
6.411671755936045880e-01
6.267902996110181757e-01
6.455061162440051126e-01
6.276884407474259131e-01
6.039590961492713461e-01
6.429245441298837571e-01
6.291292752348792705e-01
5.868245836925980452e-01
5.764529709030609128e-01
6.036160666365045779e-01
6.103219061411385704e-01
5.876411752367853847e-01
6.334965772260795491e-01
5.874130713321545905e-01
5.890841351299099804e-01
6.069582084891753659e-01
5.965623505226147483e-01
6.453119123788348954e-01
5.976736989950715007e-01
6.061498473413594601e-01
5.590866023856846390e-01
5.531968163698943730e-01
5.605723068915446916e-01
5.785242656563344132e-01
5.755818991125039030e-01
6.092200618349490338e-01
6.018341701200702332e-01
5.957850310570331764e-01
5.850094977198347923e-01
6.316187515449666057e-01
5.966801663377130360e-01
5.868551419133811731e-01
5.679166896539461495e-01
5.677316290169112101e-01
5.752541551312170265e-01
5.757434711755406997e-01
6.611813261484078552e-01
6.019469967220090201e-01
6.288203208241556208e-01
6.333783566073055704e-01
6.387498182093676036e-01
5.911082139811498770e-01
5.803045432815838733e-01
5.927695370958594445e-01
5.806501035850963888e-01
6.000384995850600589e-01
6.077170823631775631e-01
6.196632000966650899e-01
6.304787544096674967e-01
5.994432342681604853e-01
5.744821616705051426e-01
6.192739867518690655e-01
6.109135585456981765e-01
6.089976900327461751e-01
5.922565940920433425e-01
6.104608891328928699e-01
5.808894186712640906e-01
5.705880583849159970e-01
6.149552259889109473e-01
5.705450427392844137e-01
6.143564666160497012e-01
6.292873380445124232e-01
6.061237625221193026e-01
6.468486763265304251e-01
6.046360824277132728e-01
5.978171751694376646e-01
6.454908076522545279e-01
6.353547700573319856e-01
6.266056071296458585e-01
6.243382554499078418e-01
6.155389707027487667e-01
6.651224905601486048e-01
6.439737096022662977e-01
6.240468691479381658e-01
6.243662378442118577e-01
6.339783081750012261e-01
6.358002414200468744e-01
6.414369694444581604e-01
6.352946781803128218e-01
6.214438747133569363e-01
6.123793548780606111e-01
6.319684915945071868e-01
6.272818053500625046e-01
5.957156663346329095e-01
5.887632189603911881e-01
6.176635412834832195e-01
6.156024006225679912e-01
6.078823121768677229e-01
5.865963271497174336e-01
6.061572985605646613e-01
5.767220291565758883e-01
5.601326022708668084e-01
5.946584391865818997e-01
5.806595998793085966e-01
5.761112149055713783e-01
5.828756749260747272e-01
5.910809638416616441e-01
5.986634829143081538e-01
6.204612192597599440e-01
6.186059642112702317e-01
6.397114806053847413e-01
6.282491348796455100e-01
6.405200200924251464e-01
6.237088920883681054e-01
5.692351706717835302e-01
5.956075631995075836e-01
5.602775036565615929e-01
6.296058869902090294e-01
6.404917822755361589e-01
5.983838772906264758e-01
6.212150073855547960e-01
5.961088718094901262e-01
6.155211554567345811e-01
5.997042822918789984e-01
5.970042364102637888e-01
5.985492137302632631e-01
5.842907121222790101e-01
6.058897641381357779e-01
6.149550984046709967e-01
6.352833472262697789e-01
6.104577114654698988e-01
6.023505997439202453e-01
5.911862775452153551e-01
6.191551875088087131e-01
5.759583173653896049e-01
5.863992073788391046e-01
6.244401096555084463e-01
6.156264480652096083e-01
5.992312638586119178e-01
5.666347481641685890e-01
5.700713331543164619e-01
5.960602962967961327e-01
6.285616726897804707e-01
5.894234779650334710e-01
6.321425207037416616e-01
6.238238844937722405e-01
5.861999622250665398e-01
5.844279806972768609e-01
5.973687111728005483e-01
5.827988227924445486e-01
5.822289927785091468e-01
6.205698786864423111e-01
5.967719989298558847e-01
6.039840858610350249e-01
6.148709099454142679e-01
6.387587147079561989e-01
6.285466524210848727e-01
6.437648737675015775e-01
6.260892440242815660e-01
5.445141615821152969e-01
5.834728623719357410e-01
6.037609628058344668e-01
6.026142266711771445e-01
5.605273438741450454e-01
5.619544861429401905e-01
5.951469348228907164e-01
6.119127653256216659e-01
5.697395065046055862e-01
6.331544926996958145e-01
6.492023608223679298e-01
6.167772017362893600e-01
6.141580236725833197e-01
6.364293146221779995e-01
6.317413355151130228e-01
6.216654018940072080e-01
6.171216534980623614e-01
5.938356142517845493e-01
6.075913449031024038e-01
6.146972950227154175e-01
5.861348439355793527e-01
5.923844182643213108e-01
5.922163484142010104e-01
5.645974740978109141e-01
6.167687849011298518e-01
6.229315665477261899e-01
5.903392074610230855e-01
5.744285213599812367e-01
6.068333664377345560e-01
5.869292356374955499e-01
6.247482367379558754e-01
6.329731172580969067e-01
5.910532500008597312e-01
6.237505704921806338e-01
6.224962801148832270e-01
6.031995191527809164e-01
5.862406768530894485e-01
6.118149957210438084e-01
6.391593129834848286e-01
6.196513694628799085e-01
5.915577514570391493e-01
6.197537345281672883e-01
6.290936848977954909e-01
6.110760254731557595e-01
5.863547881785540206e-01
5.973978262258219374e-01
5.919243823976955143e-01
6.039204790880915441e-01
5.796723205618912189e-01
6.342913569055940171e-01
6.317502699760511042e-01
5.783879511359498737e-01
5.848533416124894746e-01
6.056701916764239968e-01
6.018600475485812451e-01
6.066708606563265826e-01
6.109282357391090379e-01
6.127657303139122380e-01
6.150237971508546453e-01
5.790299311906323965e-01
6.343964037476197415e-01
6.102774861079517388e-01
6.826298746071542967e-01
6.422940960281573464e-01
6.395081517704344076e-01
5.938909938869630922e-01
6.157679166007914429e-01
5.954550945835916931e-01
5.628041347416511408e-01
5.803380705914028548e-01
5.461755654115008074e-01
5.591726108805163964e-01
5.624678350623536494e-01
5.762872987222117382e-01
5.855032535209689915e-01
6.185154743135494737e-01
5.938786085600062936e-01
5.715551616894317677e-01
5.750063284219365523e-01
5.916680035760432110e-01
5.750184538493474662e-01
6.154235599755990549e-01
5.941147856849083864e-01
6.344783783687997225e-01
6.361037960606094055e-01
6.267372002207034498e-01
6.069115539706816387e-01
6.031582716776362485e-01
6.142908573607130940e-01
6.012913780973972999e-01
6.457933578441069633e-01
6.296893477770962866e-01
6.289911872186834119e-01
6.087405259923253098e-01
6.201097143598741646e-01
6.182734959428078936e-01
6.203227575633049051e-01
5.874441950713670257e-01
6.252164982638318547e-01
6.155907168636420845e-01
5.795787487548528238e-01
5.978467313861118848e-01
5.965311379412487902e-01
5.578309183302619934e-01
5.921493870655852865e-01
5.748034999241129483e-01
6.081169010831378730e-01
6.046066586389119424e-01
6.335038618321976456e-01
6.371883370256371526e-01
6.008831682622537418e-01
6.272411379522362385e-01
6.362315462060149640e-01
6.107302059760894020e-01
6.334401503270529199e-01
6.149009869316544030e-01
6.162603185368802361e-01
6.193352000582608152e-01
6.084982263037082006e-01
6.237706104423484943e-01
6.117816552113388706e-01
6.109699539757219577e-01
6.148019040015675341e-01
6.224762380735425760e-01
6.041551360807784210e-01
5.997408898227405416e-01
5.733029238756377488e-01
6.230489373289678223e-01
5.947112063850826802e-01
5.826479310960620550e-01
6.010197185221380911e-01
5.842400807522216688e-01
5.980989668865601683e-01
5.613170496688829614e-01
5.806257404976622460e-01
5.855967961738158811e-01
5.585693856442907057e-01
6.155571263625748690e-01
5.887108629041762908e-01
5.642710536353908735e-01
5.819880600242888224e-01
6.065156111821377038e-01
6.095045278989105197e-01
6.091853511922000752e-01
5.951642310836681160e-01
5.976792420508183490e-01
6.004908708115648253e-01
5.839885324539014766e-01
5.826281146437114478e-01
5.960906306319019299e-01
5.915305292484435151e-01
5.868208982657522332e-01
5.727214722003292069e-01
5.827522556924642494e-01
6.092561785315243617e-01
5.859049796732122006e-01
6.097333159528098845e-01
6.161122418721621807e-01
5.675602141503478526e-01
5.972555906396148639e-01
5.987481033214367976e-01
5.993510563463744223e-01
6.097049378062791014e-01
6.070179352819814467e-01
6.097721328850332911e-01
5.987280766648411801e-01
5.896917495762717953e-01
5.938499376173121957e-01
6.028576451082706678e-01
5.725052499442837561e-01
6.323490899334165416e-01
5.680938885183975939e-01
6.047337543168299634e-01
5.699098631424429628e-01
6.044428360134342926e-01
5.997986758097543225e-01
5.985378309800014618e-01
6.032028411188231631e-01
6.130027925666077238e-01
5.954218618320992196e-01
5.911000246048456752e-01
6.235785922024650318e-01
6.297391740814010097e-01
6.139102019469067084e-01
5.973408505061693630e-01
6.172530210173068355e-01
5.849269276992923317e-01
6.161358771769096521e-01
6.189727810109421080e-01
6.207382490057685720e-01
5.850114659766251224e-01
6.150351558842276356e-01
5.876506757381235735e-01
5.858824638645248051e-01
6.567910757508098607e-01
5.975283243509402764e-01
5.953365906705760935e-01
6.046780313525251804e-01
5.842546621679339802e-01
6.107056265052223099e-01
6.110198830701897288e-01
6.235445326828992219e-01
6.010005820803648868e-01
5.815755261221076111e-01
5.973359905702376738e-01
5.994613462751904320e-01
5.731629225087193635e-01
5.844960716765494890e-01
6.293152308964751196e-01
5.959247223149505279e-01
5.861299068876920648e-01
5.864989646098948128e-01
6.069675159175110801e-01
6.105290497719029208e-01
6.206445139023114566e-01
6.128423033455473456e-01
6.008958215133965997e-01
5.755109822397936892e-01
5.845905549371939181e-01
5.856364286723686474e-01
6.078435227629410686e-01
6.091860787433354130e-01
6.307276404246486834e-01
5.838579276409637808e-01
6.276277833733207023e-01
5.887760194890440113e-01
5.912725488887767833e-01
6.018167099410162146e-01
6.402815560802267436e-01
6.279419345679607689e-01
6.023309510424768032e-01
6.368539317388821619e-01
5.807403633635087603e-01
5.777466238184446601e-01
5.877826937483328074e-01
6.136614759592953217e-01
6.380365721893282993e-01
6.350011945818923031e-01
6.306737581228938350e-01
6.195917136488212629e-01
6.090989668511533894e-01
6.224893714071817463e-01
5.799643824808787818e-01
5.910782678294674852e-01
6.104308283215922337e-01
6.120767908104610688e-01
6.053312089488583903e-01
6.087969032661108004e-01
6.148113049960430843e-01
6.107504583235600082e-01
5.900851677088394531e-01
6.084389010514111851e-01
5.825509457480824160e-01
6.072753677007614037e-01
5.903702319215228256e-01
5.927419848369179789e-01
6.154631049181157332e-01
5.652974632839077307e-01
5.799419263065719310e-01
5.591909370702821125e-01
5.624109800596225339e-01
5.812811864182485522e-01
5.799243619135694416e-01
5.676918619905632069e-01
6.055301031741693318e-01
6.076738187754384679e-01
6.519059214883270448e-01
6.178788200210245662e-01
6.093855440573225923e-01
6.124001207859544049e-01
5.884931499180221515e-01
6.259090644030493866e-01
6.334029682137285455e-01
6.241527254837464511e-01
6.321154084102513782e-01
5.761983379184405507e-01
6.052167468581014509e-01
5.969251590228246140e-01
5.835892917782787848e-01
6.635428691173370641e-01
6.152352680272816787e-01
5.996500666042736682e-01
6.114322895803636637e-01
6.159305201308996613e-01
5.848215611288385407e-01
6.016610472566715773e-01
6.025542281864448846e-01
6.284806198263712673e-01
6.172707308433514894e-01
5.844589932683291744e-01
5.931647692970640762e-01
6.064963127138746080e-01
6.002351930861616891e-01
6.075653305853154773e-01
6.152101701423995372e-01
6.093566807552198705e-01
6.106905528118010684e-01
6.294703552139286895e-01
5.974515134989085707e-01
6.270346396290786828e-01
6.335259258599481580e-01
6.509034668686708436e-01
6.084051447011293856e-01
6.289724164292094244e-01
6.162887638082551467e-01
6.167941209086396093e-01
5.826345853243858341e-01
5.890644761610649427e-01
6.313848746745864826e-01
6.117427919065338005e-01
6.408319504675316081e-01
5.828314591221311902e-01
5.498620973483561158e-01
5.816106256867136226e-01
6.277721647861314036e-01
6.037136312558183393e-01
6.051731755289104786e-01
5.828381354239930978e-01
6.008501320571015825e-01
5.848625400746545466e-01
5.889761201040144556e-01
6.332933428148821431e-01
6.136763373932878629e-01
5.953650910115827477e-01
5.883246212494938066e-01
6.300416383439501056e-01
6.193523544361138056e-01
6.180977037086778925e-01
6.298661706850224862e-01
6.718939715881958596e-01
6.590244089959809148e-01
6.328408236893301453e-01
6.240262403605116859e-01
6.481987006076151969e-01
6.708808002589866648e-01
6.316827121219814600e-01
6.171694308889084102e-01
6.456582023811361370e-01
6.262882464851712294e-01
6.031449910689455907e-01
5.994019290673870959e-01
6.072105181963566300e-01
6.243944123533157198e-01
5.994504504127458056e-01
6.092266300856633565e-01
6.024756451331636509e-01
6.228589705152284273e-01
6.501939659102309310e-01
6.323472779194717619e-01
6.290017472888701500e-01
6.012796070448351848e-01
6.141233123031187846e-01
6.090339512575709824e-01
6.277753931194265391e-01
6.270930444246430868e-01
6.371272111268763139e-01
6.274028631128341083e-01
6.318533459572711619e-01
6.019445683564146332e-01
6.096793016343211580e-01
6.413043595995507884e-01
6.433684247637418974e-01
6.416428741304078809e-01
6.787082945682816337e-01
6.574907746341958070e-01
6.362907219238246315e-01
6.159405204339976070e-01
6.201979381728669471e-01
5.956288167363387176e-01
6.448729980981099397e-01
5.673362349853994235e-01
6.265138163486970724e-01
6.484893351771903180e-01
5.972765931829929764e-01
6.735463732938282710e-01
6.288087003448991075e-01
6.340287568374277649e-01
6.181881209043023073e-01
6.246679082867521160e-01
5.952012357711201629e-01
6.315793669645621833e-01
6.165359115870481244e-01
5.871372343219921630e-01
5.915407261791337801e-01
6.133254364431021122e-01
6.090303785681604465e-01
5.788411955021033339e-01
6.141813682726299239e-01
6.317988486395927916e-01
5.882800469851890979e-01
6.170083215004041888e-01
6.061667085827646684e-01
6.233098940945478450e-01
6.067892778480429294e-01
5.833078014328703098e-01
5.683790085778395174e-01
5.636390911088570155e-01
6.119656796836715484e-01
5.923469637821502376e-01
6.134893282273575776e-01
6.072734349588326808e-01
5.920739463866429020e-01
5.954362525039638143e-01
5.956672567466035906e-01
5.997723681508608795e-01
6.160863551862596488e-01
5.950794743039187207e-01
5.899654945806179773e-01
6.545873918285941562e-01
6.300829376980902063e-01
6.061035859063633735e-01
6.309296842944296380e-01
6.224939496475682121e-01
6.219019780231108685e-01
6.027803795406566634e-01
5.907687780985025894e-01
5.821101967408288669e-01
5.618612619098042327e-01
5.942173028137553992e-01
6.207556602885255792e-01
6.153350736306277824e-01
6.527276863152084996e-01
6.342759009205928278e-01
6.034382657958022866e-01
6.103045932961334019e-01
5.857844026535349302e-01
5.983818385041387300e-01
6.019409808200585354e-01
6.114956378847982155e-01
6.119265284154965512e-01
5.921228370627310555e-01
6.141274551129756176e-01
6.145663797440543696e-01
6.034202753841808597e-01
6.150532123866324641e-01
6.622511900534236995e-01
6.398830528414953811e-01
5.969521522289460425e-01
6.340583843048277490e-01
6.120248151813364457e-01
5.900576603644144269e-01
5.981839196939530146e-01
5.856545723941783965e-01
5.546635444822717309e-01
6.023612611139150808e-01
6.234483759817488480e-01
6.260148038197593801e-01
6.093453556976975438e-01
6.305586291213326477e-01
6.590591100563599758e-01
6.234899990005288162e-01
6.284924936079108182e-01
6.174942054180226902e-01
6.008032532063399822e-01
6.275563471697761520e-01
5.887674223979743049e-01
5.696178996056918686e-01
6.134898606396936849e-01
5.955981873564766271e-01
6.276693294137805079e-01
5.835904776373428415e-01
5.982061158550215918e-01
5.986302723091831979e-01
6.200763322399949207e-01
5.830462482825060633e-01
5.467408336583001738e-01
6.143743134463001132e-01
5.945923245531874457e-01
6.141550761228483646e-01
6.226245138175174887e-01
5.995109550915251884e-01
6.053891117800134225e-01
6.167390867328761406e-01
5.615171884968408467e-01
6.083717962136480084e-01
5.902373500344313406e-01
6.420923740238506650e-01
6.210005537971121647e-01
6.201868388485097805e-01
6.433896451820226847e-01
6.002726770502173625e-01
6.206777924450229689e-01
6.071579310394087381e-01
6.005209748491278088e-01
6.328542791094987630e-01
6.206175928387989149e-01
6.296441886205205174e-01
5.851075225386751510e-01
6.305239022863191600e-01
6.010966825625997378e-01
6.477988100287009887e-01
6.378572907010761073e-01
6.302142226114225698e-01
6.195047482735970279e-01
6.165308059055414347e-01
6.599399737060025473e-01
6.315330868027798639e-01
6.325191544799586563e-01
6.337931740476904219e-01
6.290719169973539859e-01
6.235185785266075253e-01
5.966019395806383407e-01
5.828769894922587458e-01
6.422985397935345731e-01
6.112956786889842675e-01
6.173446516251079874e-01
6.187095237728797992e-01
6.370957791701710171e-01
6.260252738846673326e-01
6.162041888947357160e-01
6.012039458379279111e-01
6.317473564237598982e-01
6.442962305818988877e-01
6.293893137933437298e-01
6.912920756068022810e-01
6.693262921401472720e-01
6.133269150150014726e-01
6.270421234901695229e-01
6.021690745745206241e-01
6.060923729284031225e-01
5.972678281250135557e-01
6.387805095950026546e-01
6.046997384635697248e-01
6.365822736605623033e-01
6.232573255226563358e-01
6.360095674664872911e-01
6.313281771951976262e-01
6.334652318553878336e-01
5.909806549436401601e-01
5.935963582266290395e-01
6.262031724917623832e-01
6.318727327351357781e-01
6.090362234175177303e-01
5.779320375742145188e-01
5.736271337326001030e-01
5.759038553246048631e-01
6.005559334638341795e-01
6.051916572179605325e-01
6.211810594349812531e-01
6.093879899522167687e-01
6.367232505114872598e-01
6.289162314626229877e-01
6.097863358129195221e-01
6.402190071371255398e-01
6.250878226829947870e-01
6.358461216519307735e-01
6.323012855358453033e-01
6.666571814299159238e-01
7.012284762055409626e-01
6.310169573640662666e-01
5.905854308928617513e-01
6.447239353508423809e-01
6.038367660313227470e-01
5.832838369296835523e-01
6.239574065097599487e-01
5.990534728331018410e-01
6.405410759739686988e-01
6.355461019783122945e-01
6.087900118114093484e-01
6.130785948759069903e-01
6.479010313570459090e-01
5.957093270198495771e-01
5.769063527785475154e-01
5.853811292664076182e-01
6.181227973510027285e-01
5.959894600970384593e-01
5.876120879071813352e-01
6.205080231270376778e-01
6.627582052726445072e-01
6.297810956822132988e-01
6.532029711719277154e-01
6.853259740547599232e-01
6.638042669903236881e-01
6.103208456430241347e-01
6.382443841001315121e-01
6.665348081946763648e-01
5.879838943824492459e-01
6.731104373720614431e-01
6.318408876557005671e-01
6.187219446143746859e-01
6.050213307659952910e-01
6.478185725635652314e-01
6.291212887150781086e-01
5.998023050048544302e-01
5.936034158822252049e-01
5.780800365071838698e-01
5.975978822844751903e-01
5.874132126945013077e-01
6.187021263155897399e-01
6.044620218813183676e-01
5.801852408808334527e-01
6.271261951282715019e-01
5.930260986401139078e-01
5.938907240851494240e-01
6.026314592389926394e-01
6.106507199166774091e-01
6.435321955126507287e-01
6.353218787616111696e-01
6.283540337037037959e-01
5.977439042958039295e-01
6.082956618079647937e-01
6.262596510913871484e-01
6.168343767001102096e-01
6.282437153420524778e-01
6.317586180913696836e-01
6.098255250465526300e-01
6.098816563269572333e-01
6.244073676504224846e-01
6.298900311663976348e-01
6.227358644289099354e-01
5.987134243743420514e-01
5.875148200439426205e-01
6.219863245368743021e-01
5.800855745536563912e-01
5.920014082618039186e-01
6.182429508250013583e-01
6.147590422110137398e-01
6.117615243118491586e-01
6.109383698975666688e-01
6.185234359353762867e-01
6.377928954778874227e-01
6.220087829926155276e-01
6.056552407542458161e-01
6.284378692052429161e-01
6.585986269176210550e-01
6.726602516668060971e-01
6.250761816683966243e-01
6.228581446901987340e-01
5.625385755463876425e-01
5.958144023449726268e-01
6.335690417244290717e-01
6.167626058501201047e-01
5.887495310843311458e-01
5.779828945596876544e-01
6.034151933724278827e-01
6.004460945047188636e-01
6.217255786059059375e-01
6.530528606579977247e-01
6.779379433749801454e-01
6.308411563154568968e-01
6.130347582301347575e-01
6.195151292153169287e-01
6.197034036196397144e-01
5.953353058677934850e-01
5.812283548377534803e-01
5.982673307808583640e-01
6.281027215631154181e-01
6.183231604132876091e-01
6.240706277922412060e-01
6.318271593732709412e-01
6.221044100640171770e-01
6.276342953147240333e-01
6.302330097670520992e-01
6.330599104652187004e-01
6.122918057311323992e-01
6.204842730368695936e-01
6.044635280464676352e-01
5.653503598020804821e-01
5.597708321058875169e-01
5.755742399978609480e-01
5.968553450056239829e-01
5.866913653140499729e-01
6.029164811309551952e-01
6.059276861255173952e-01
6.132825706175747404e-01
6.147527743980554238e-01
6.027278277292074105e-01
6.011564528688420062e-01
6.396266790125684221e-01
6.195104663611985529e-01
6.545216526146158120e-01
6.325587829767101988e-01
6.203952094936756589e-01
6.183379712420485896e-01
6.042696246226484380e-01
5.884088678415343443e-01
5.914520071645505972e-01
5.915349790547405062e-01
5.761389385832182963e-01
5.783955152407578293e-01
6.004945303561791681e-01
5.943469498366971138e-01
5.835164353570738704e-01
5.943047337224828253e-01
6.273776745688635081e-01
6.092088393078742836e-01
6.123102003966544027e-01
5.572225164759193605e-01
6.130075878812411005e-01
6.315058437589506912e-01
6.112649427444161176e-01
5.793459857989082806e-01
5.803079769213062011e-01
5.769872942465473775e-01
6.035566505690063144e-01
5.835675877039075976e-01
6.220399528325393224e-01
6.202182622691599923e-01
6.128479577884737850e-01
5.999520582613218078e-01
6.086199921877283314e-01
5.865039550699698845e-01
6.184727917350846260e-01
6.362332560028459705e-01
6.063484611881064801e-01
6.024755224256300723e-01
6.047682280447058689e-01
5.867591256931358190e-01
6.031395562054683301e-01
6.282583545855425777e-01
6.363438480008554166e-01
6.448221736915377145e-01
6.146865116242983262e-01
6.251311489022038925e-01
5.870796311840283943e-01
5.929986471979676876e-01
6.019907679981075788e-01
6.104410996858754546e-01
6.109163090636333671e-01
6.066301879733970726e-01
6.180034884335753320e-01
6.025667310919342601e-01
5.971634662308274999e-01
6.009830060423015929e-01
6.114341422654763214e-01
5.860904483744158178e-01
5.839363012586461510e-01
6.372619222982824905e-01
5.802165766715684514e-01
5.684215717283059854e-01
5.804676480664254790e-01
5.970404019197640411e-01
6.092387085517263490e-01
6.145734768202896214e-01
6.122848804105071041e-01
6.035581011840858157e-01
6.657096602362317928e-01
6.409369022533104587e-01
6.421351265695676158e-01
6.727389079244435743e-01
6.555592875707072498e-01
6.307458319815555381e-01
6.730287672447431424e-01
6.431554655230165007e-01
6.213931602640559992e-01
6.702186443136195493e-01
6.178321174267848992e-01
6.535037163339735278e-01
6.882906119615992413e-01
6.326680986185290179e-01
6.359827463498031186e-01
6.168580464360353677e-01
5.842787186475412176e-01
5.980126568887307315e-01
6.008196002375881806e-01
5.912932234665062570e-01
5.981904676093395823e-01
5.828221945306706342e-01
5.744761173010198840e-01
6.023788184553587888e-01
5.937368664371822646e-01
5.960164900023640078e-01
5.995252372029329369e-01
5.806649919375322932e-01
6.226980499385841306e-01
6.370348428936676299e-01
6.461450550586103070e-01
6.439249973987757336e-01
6.160833540584021994e-01
5.920829800546979493e-01
5.728363694722734545e-01
6.236592041117869911e-01
6.119380170142776354e-01
5.849617117004177747e-01
5.854124709798077530e-01
6.208960123172928558e-01
5.910971668945727009e-01
5.577132776125407476e-01
5.848133649981304139e-01
6.014582500410374788e-01
5.917714218757673672e-01
5.606768468425051832e-01
6.050777678940014725e-01
6.198945696010420559e-01
5.919076611646174602e-01
6.390177958599553287e-01
5.688288150220432993e-01
5.860554965423638851e-01
5.522297867916898806e-01
5.897390714220125396e-01
5.832192790759433976e-01
5.772280264892635238e-01
5.936258804068778039e-01
6.005141943795722081e-01
5.906403573043979005e-01
5.673835018240567241e-01
5.636439825224858202e-01
5.756757393142819534e-01
5.718699417366437387e-01
6.037779281407061882e-01
5.837292517040726381e-01
5.909176511269136345e-01
5.937764686316674423e-01
6.115881299732228715e-01
6.306837706526158271e-01
6.313365961325888565e-01
6.511491656328431965e-01
6.401087131697500432e-01
6.771970629181471857e-01
6.243098207424709889e-01
6.151783319453624221e-01
5.769353736779313513e-01
6.103999407358885465e-01
6.154582362775489202e-01
6.450125191667164248e-01
6.480308361395223926e-01
5.780332417460172234e-01
6.252501103542253968e-01
6.324635172171158004e-01
6.072138876973950383e-01
6.281793393801804459e-01
6.702623007323120774e-01
6.517382168797959396e-01
6.451482575413101106e-01
6.238450319671935418e-01
6.009410298867919886e-01
6.182482738282142343e-01
6.404710325266697035e-01
6.158052848007922186e-01
6.014182430744181573e-01
6.291595418087103653e-01
5.746334110795378036e-01
6.007083218413534764e-01
6.320755096757254554e-01
6.082038473161313075e-01
5.937206416507974094e-01
5.795017410255360879e-01
6.095156939946170249e-01
6.458672607524098552e-01
6.019341344129413018e-01
6.024865359596213166e-01
5.920499086978725511e-01
5.814206615435649761e-01
6.064205233861409416e-01
5.764854707898703357e-01
5.879870802618047954e-01
5.955956962683991440e-01
6.293898321046489386e-01
5.999997460648434089e-01
6.313085977454400144e-01
6.353876676090781661e-01
6.277861865886409376e-01
5.900989621459352685e-01
5.895915985265423043e-01
6.136579479365847911e-01
6.184384425129390017e-01
6.402465318228794944e-01
6.141696277012518301e-01
6.418968998547813776e-01
6.357906719503270132e-01
5.975885387379804570e-01
6.447361608291035662e-01
6.425672704750186037e-01
6.355082370853939455e-01
6.499286482795016973e-01
6.252045491402551392e-01
6.403672092226134760e-01
5.943289040963966041e-01
6.181912489359007168e-01
6.031631954642643345e-01
6.090136422528699134e-01
6.162955282265358825e-01
5.609405742433239972e-01
6.221133524064681453e-01
5.759142997499396843e-01
6.072390055010906673e-01
6.411738034255237695e-01
6.534194319552942831e-01
6.230671355893219188e-01
6.085397213934686800e-01
6.054449020888266197e-01
6.465096423659330016e-01
6.155586364811796996e-01
6.426390547348822535e-01
6.514355660635986478e-01
6.248716145502571928e-01
6.397531193936524252e-01
6.517534883651627808e-01
6.179319988537015362e-01
5.920599668051718112e-01
5.682065276720642544e-01
6.070807963418279884e-01
6.517243869090776354e-01
6.071972081963750156e-01
6.117792971051085882e-01
5.828039251370242813e-01
5.784152867762639705e-01
6.195958561167593803e-01
6.016245693146835549e-01
5.808441406482772740e-01
6.126102358847116403e-01
5.995628561088274244e-01
6.351431610555692275e-01
6.240558720696697259e-01
6.287582881797729728e-01
6.476197683913640368e-01
6.553253435395161031e-01
6.661973348377068227e-01
6.555948474529675885e-01
6.368004950692304211e-01
6.349565290221103053e-01
6.151711402454047573e-01
6.519257072711998058e-01
5.941609576027035988e-01
5.655005570692450689e-01
5.859200507244177736e-01
5.792717310239020589e-01
6.087633187386095601e-01
5.949442611922849400e-01
6.134422260340212096e-01
6.225632348010892159e-01
6.154813145894616477e-01
6.282635756759061829e-01
6.148016376037209740e-01
6.054336544874941994e-01
6.037583392112103597e-01
6.383471946674444952e-01
6.482580196963303454e-01
5.984318710151432796e-01
6.324477134500604558e-01
6.372498588798438668e-01
6.098174107826328516e-01
6.758191729097935418e-01
6.355112560646770659e-01
6.128549136941572328e-01
6.302442865320728727e-01
6.275174097806167639e-01
6.046075339796036507e-01
6.080580011430006815e-01
5.784879933750959324e-01
6.474872363263202146e-01
6.067355852282776407e-01
6.267450749804882593e-01
6.738069018153554079e-01
6.622021788554409705e-01
6.484672977063360433e-01
6.350824848920619825e-01
6.560358477469356853e-01
6.430743133553959989e-01
6.089777333389940761e-01
6.171078709280071184e-01
5.976494929881460694e-01
5.860973512396627783e-01
5.787745775629736800e-01
6.075111995496292883e-01
6.269486041081070438e-01
6.035407722196750591e-01
6.047359735837518624e-01
6.415596860212290364e-01
6.195067058354026823e-01
6.184682080000579729e-01
6.733559225973301254e-01
6.411851174416499655e-01
5.977372242181334672e-01
6.401886638137834762e-01
6.077933693969547191e-01
6.412843691400049728e-01
6.060386581942384110e-01
6.000633882460404411e-01
5.919056492745554676e-01
6.363135431743215387e-01
6.096827407305651647e-01
6.322227326605800446e-01
6.222871815499935177e-01
6.029967012909460689e-01
6.049050563811743109e-01
5.845520011718637887e-01
5.605864678621682584e-01
5.804811942170267081e-01
6.061357896763810427e-01
5.622031955587938334e-01
5.702178523860831350e-01
5.900155241312962096e-01
6.382028195028333073e-01
6.156629153146088163e-01
6.174854324443981302e-01
5.914906824195167445e-01
6.018024102956205379e-01
5.783076602883364670e-01
6.187880088800208345e-01
6.101990755246002873e-01
5.651963713119347865e-01
5.970759306636209685e-01
5.860599703759836743e-01
6.395558197592872141e-01
6.310455598765605245e-01
6.364295264254119511e-01
6.115420292334865504e-01
6.621638628569600504e-01
5.989604750347937712e-01
6.349092010257788576e-01
5.835660158992044266e-01
5.948219521684442457e-01
5.955067580857803522e-01
5.799504407171353071e-01
6.004745848508517003e-01
6.160790792529682314e-01
5.246307567797926508e-01
6.091538591680907277e-01
6.223003063008387681e-01
5.761907764941466281e-01
5.857272769853758554e-01
6.010748815456201655e-01
5.810735892532815638e-01
6.034274656598327402e-01
6.016053106043994791e-01
6.217833468473339398e-01
5.756067940305064079e-01
6.320920847699330603e-01
5.890606834387128732e-01
6.050957903903451118e-01
5.957604442502687503e-01
6.178916550748390080e-01
6.271134546372574281e-01
6.016334676526609027e-01
5.955854738618686639e-01
6.118888608903167992e-01
5.896700820969559276e-01
5.997193770774114085e-01
6.172149469739919292e-01
5.831889367162325089e-01
5.894116414905862245e-01
6.067821463827096640e-01
5.877274252785391617e-01
6.087981668720593431e-01
5.605769051580027362e-01
6.092029352606340709e-01
5.971968463464988330e-01
6.351829211967426891e-01
6.270021266242824520e-01
6.543035025668728633e-01
6.395494676374986476e-01
6.276964797628108439e-01
6.269595746558752625e-01
6.005689875337272277e-01
6.290617032435239508e-01
6.101237669380019657e-01
6.383801147008142385e-01
6.024560638820213310e-01
6.345471418457181434e-01
6.109842292384605189e-01
6.091348414467021577e-01
6.273619957043012896e-01
6.176030519239885663e-01
6.241395596273785484e-01
6.034026917874474316e-01
5.942102524543062536e-01
6.056374168223827015e-01
5.565839529438096900e-01
5.485747987474876020e-01
5.997820566722361635e-01
6.038182578125865785e-01
6.057666365211468174e-01
6.053696565021027265e-01
6.222288700231777270e-01
6.389662898289388826e-01
6.070631398623883568e-01
6.180684055430082369e-01
6.175228285007199336e-01
6.142284996423673649e-01
6.359549793199764656e-01
6.509016736227319910e-01
6.200937400904854568e-01
5.985753129576375509e-01
5.712814197479532119e-01
5.986796780674294993e-01
6.015584814215158005e-01
5.855838064192800951e-01
5.944417270415919274e-01
6.294314477158028387e-01
6.653633770272967540e-01
6.415532464081225017e-01
6.300987670476593250e-01
5.934648903870141101e-01
5.691366503633760177e-01
5.739203878903227363e-01
5.501537622254404347e-01
6.065127694065425290e-01
6.102180685314417818e-01
6.174039977885601438e-01
5.868081436152605690e-01
6.126935225737140112e-01
5.985663460536254643e-01
6.218466547197795125e-01
6.143619335597425568e-01
6.115090509921629058e-01
6.143476633861388869e-01
6.099353139062234641e-01
6.532774424847298533e-01
6.335391153364688943e-01
6.097994781009541398e-01
6.169396238418682898e-01
6.082735959316506458e-01
5.818476232911229395e-01
6.191001556684283536e-01
5.691473082274137729e-01
6.086310967264999539e-01
5.722064156085064912e-01
5.657900640605199039e-01
6.339741987431197767e-01
5.973088704213009859e-01
6.235606501724946238e-01
5.937316367725412602e-01
5.785462555068541235e-01
6.065280318096659684e-01
6.094178345204567249e-01
6.240701765469613971e-01
6.012823360511367898e-01
6.757484082834255279e-01
6.633648485565603048e-01
6.166147959140765300e-01
6.097914113553778437e-01
6.419061281883762238e-01
6.334546341899408572e-01
6.142270639803535381e-01
6.180883497204840982e-01
6.308828679116817995e-01
6.068699037862174128e-01
6.543209697717801143e-01
5.952326346983896066e-01
5.981278192473851174e-01
5.894281988201163225e-01
6.133565396898758015e-01
6.150710378803683209e-01
6.155418677270941830e-01
6.143868291051214348e-01
5.962570697731958136e-01
6.044722548090368797e-01
5.979795931188375269e-01
5.952456936928368636e-01
5.911446566902495148e-01
5.954726660749460887e-01
5.825744658823285294e-01
6.081337285799205405e-01
6.517039821712632408e-01
5.981344326531169431e-01
6.268659157893199385e-01
6.201907785430899045e-01
6.419817372246422460e-01
6.409807648974702454e-01
5.966534582406294307e-01
6.235066171538752311e-01
6.133138687042360981e-01
6.910095489097299870e-01
5.898927156104545322e-01
6.271499036748686695e-01
6.266790129470974913e-01
6.278121758192114488e-01
6.381586482538700311e-01
5.981638259406671931e-01
5.846887364378248186e-01
5.910837518463776252e-01
6.403222314985183017e-01
6.051594385048871816e-01
5.901550311647240088e-01
5.947403038938198216e-01
5.962145281333683933e-01
6.069294524286640291e-01
6.140108198439543363e-01
5.995133770208254109e-01
5.904118167054575039e-01
6.109644408589139930e-01
6.104217086043605134e-01
6.034434997679735124e-01
6.060769168832986775e-01
6.085707319507711599e-01
6.036450211225650175e-01
6.210732736108004470e-01
6.493858469631050845e-01
6.321792693349909120e-01
5.962949874503105097e-01
6.037404300850678363e-01
6.175917583731709293e-01
6.179835934832845767e-01
6.219665256132302922e-01
6.270846265070760817e-01
5.954073433841824414e-01
6.406045285289900804e-01
6.539214468256859814e-01
6.127728781824782756e-01
6.121899571448058408e-01
6.127126909062441396e-01
6.248892696131929103e-01
6.182475051270359678e-01
6.301538629519414236e-01
6.080226413442306743e-01
5.980712877953152651e-01
5.776990968804383009e-01
5.837671822030945368e-01
6.220191513114297077e-01
5.757411852964964272e-01
5.947170568142390312e-01
6.195930887868948966e-01
5.381748797992528255e-01
6.004867310060402197e-01
5.889131126430613428e-01
5.938575473350775624e-01
6.311833908027842943e-01
6.317364124581618112e-01
6.421214833688260182e-01
6.165232965784313013e-01
6.278972516362676393e-01
6.460916910348826203e-01
6.271261033254634798e-01
6.008732740483225809e-01
5.982395446149367801e-01
6.387490734557922378e-01
6.311108385560526557e-01
6.157571634994061238e-01
6.063709699597599201e-01
5.905049606233836457e-01
6.077104743545981291e-01
6.002266640458010505e-01
6.002117449932655724e-01
6.056170556461852872e-01
6.115211385513024123e-01
6.170005190771309378e-01
6.233344043440561810e-01
5.917335919165815916e-01
5.929329916598333750e-01
6.166524334473147961e-01
6.193835071851035989e-01
6.335215756455758740e-01
6.396560570986077332e-01
6.114567542497856278e-01
6.239240420339173809e-01
6.221787424437613678e-01
5.825810308772569890e-01
6.379438319180996686e-01
6.189399991249338040e-01
6.202742512865815350e-01
6.312959532014980057e-01
6.256385995524241794e-01
6.102567031955892229e-01
6.091182714383202024e-01
6.209265892840888368e-01
6.358167899712923177e-01
6.465297845998200232e-01
6.296598389288941000e-01
6.152701740294799215e-01
6.111881433359160898e-01
6.568919010431580885e-01
6.339637024841406898e-01
6.599902852307077961e-01
6.532757727884509480e-01
6.406973892472253018e-01
6.238084486721988675e-01
5.704904945652145010e-01
5.639526126834387698e-01
5.757303936907723907e-01
6.090727207235138163e-01
6.141017604763737703e-01
6.020566092451262730e-01
6.029899472823514461e-01
5.583543414076244105e-01
6.283922794763492359e-01
5.953581967896030003e-01
5.830037119646384047e-01
6.050212486855934824e-01
6.268007502693487831e-01
6.069672217742371201e-01
5.858043944435834538e-01
6.451467296144233199e-01
6.230895221937172712e-01
6.345183018413708131e-01
6.111719880956295592e-01
6.232754224332814896e-01
6.225610285530595034e-01
6.158272935710680240e-01
6.998369577333095615e-01
6.541260328204935304e-01
6.307655446084321493e-01
6.334362457378888145e-01
6.214888311976900503e-01
6.554766452023526035e-01
5.948319685676860535e-01
6.106210328931129805e-01
6.122469768666329859e-01
6.025106490198074427e-01
5.919942707681469241e-01
6.068533735632498649e-01
6.346644232021959597e-01
6.140472108470360624e-01
6.066436712634435402e-01
6.268576222301350809e-01
6.101926372860254633e-01
6.367243433860004798e-01
6.588591518368269728e-01
6.538129105328707169e-01
6.274561854826057328e-01
6.179292027434146739e-01
6.245174448760250074e-01
6.282120461316250681e-01
6.060076507969401893e-01
5.813282300107839307e-01
6.350468499450953042e-01
6.418195195636060557e-01
6.080442266339503021e-01
6.489888467314635090e-01
6.533346850604480061e-01
5.978249137077404907e-01
6.325832455105140362e-01
6.008600890100338487e-01
6.102597061599098760e-01
5.997492243208886187e-01
6.032958693123809946e-01
6.186878146633788544e-01
6.378480828341844822e-01
6.313308301976177095e-01
5.874974135490722560e-01
6.635056425167636940e-01
6.076308220142236927e-01
6.156448272247464493e-01
6.572673916573480435e-01
6.442356498835785095e-01
6.596738609187511315e-01
6.379646076063226756e-01
6.431703357098171869e-01
6.865061300267474298e-01
6.546371087040729897e-01
6.691814780601810231e-01
6.083646381563714289e-01
6.074747569145529935e-01
6.157946603414142794e-01
6.150450470581116935e-01
6.148948441420153399e-01
6.236406656680002492e-01
6.385796168471385981e-01
6.164729318275169456e-01
6.483925998001851543e-01
6.209457926325887556e-01
6.691601739248529412e-01
6.271833510440105730e-01
5.980716164142093616e-01
6.148793468971557319e-01
6.292524712530767061e-01
6.372091499234853185e-01
6.521393151286731804e-01
6.329297399352826758e-01
6.515416418343372706e-01
6.178192067416776734e-01
6.170984249331463722e-01
6.088939900645419234e-01
6.244625060432571484e-01
6.501203156054304877e-01
5.917856754380781403e-01
6.062098751301260302e-01
6.021810330498239550e-01
5.953710706856947255e-01
6.200932924666701096e-01
6.192853085302372218e-01
5.925329306324369494e-01
6.574468599277484282e-01
6.041883397556309099e-01
5.703089333195907606e-01
6.003443675037067884e-01
5.709039343177980674e-01
5.828863001293228541e-01
5.926663075165280459e-01
6.308521896675051144e-01
6.156881773695782600e-01
6.053741145034127191e-01
6.154341874848264782e-01
5.668369932514529808e-01
6.047814973249820980e-01
5.960846828162362776e-01
6.261346232814491986e-01
6.112610463019826357e-01
6.649290810195574997e-01
6.604400242296527557e-01
6.374559115317802727e-01
6.308064786301013083e-01
6.113822276611730056e-01
6.304341682099510180e-01
6.146064632964552965e-01
6.307754157939200468e-01
6.009675374846503715e-01
5.889623339603493601e-01
5.883436403661727043e-01
6.090463473587771626e-01
6.274723692161410238e-01
6.447082029534365599e-01
6.189607308586798640e-01
6.412763720316837501e-01
6.060295329135665376e-01
6.190532117446239102e-01
5.976422855061799266e-01
6.184651521236070870e-01
6.169125638154666635e-01
6.692770084333207192e-01
6.867247366436480815e-01
6.643187256898442916e-01
6.315834644796533004e-01
6.123420940364027176e-01
6.563514962117050766e-01
6.090852337315364462e-01
5.957329407840791236e-01
6.472817444445502222e-01
5.712728567487310727e-01
6.459033955714912345e-01
6.173340570798339089e-01
6.229016198795006565e-01
6.092751847963833178e-01
6.286101564227841720e-01
5.790486789629273323e-01
6.400955132573912243e-01
6.262934011666365652e-01
6.177090016958254326e-01
6.555550584632869882e-01
6.402151175101474800e-01
6.188624051492315203e-01
5.841979721393776304e-01
6.265316910956898466e-01
5.840671397987847735e-01
5.985354363645204456e-01
6.256068512108416968e-01
5.951517232521830181e-01
6.231281951158043064e-01
5.965192974787899560e-01
6.282029165386729952e-01
5.851680476181720936e-01
5.990848951741215567e-01
5.940951545528041500e-01
5.984963419858418954e-01
6.439689606590073279e-01
6.671374452733913607e-01
6.417118027644577172e-01
6.301849138685329255e-01
5.784976142058744220e-01
6.056993011499275381e-01
6.419580124010972888e-01
5.968321297476868459e-01
5.881004416316887307e-01
6.204474678063807147e-01
5.976907594870484175e-01
6.284341708058227560e-01
6.051154803821914285e-01
5.891122039876189875e-01
5.850914636541748592e-01
5.917223054968531182e-01
5.772274847648631857e-01
6.109625125533268974e-01
6.122644090621648383e-01
6.395168638847354980e-01
6.140892438417857591e-01
6.065911084375332774e-01
6.238252505547186022e-01
6.356252861746849447e-01
6.478480256720111630e-01
6.333781265458173770e-01
6.128516182677274937e-01
6.244455506617377916e-01
6.182096401544150410e-01
6.235336867391911841e-01
5.708556498038870330e-01
6.246471601431724530e-01
5.875910957187154837e-01
6.090683553342181034e-01
5.962158984026881825e-01
5.883639538269124225e-01
5.721763789677046796e-01
5.755572288926090740e-01
6.015593350750721990e-01
5.770830305289661455e-01
5.873835964222652306e-01
6.115382007569595268e-01
6.171433307199105656e-01
6.110355610325601816e-01
6.205296052031196163e-01
6.478987035384550230e-01
6.408393257768215667e-01
6.315632090514097241e-01
5.836082717470350012e-01
6.090008014956708182e-01
5.998605007749528983e-01
6.018588759879851535e-01
5.775729689193848104e-01
6.041075888723561604e-01
5.908080011387547570e-01
6.034020088805709392e-01
6.069014280655180560e-01
5.951660333953002757e-01
6.071027939275575047e-01
6.129934986492694415e-01
5.924271040150745904e-01
6.582741924020364399e-01
6.307626988491933373e-01
6.454530674600459372e-01
6.161932438002970525e-01
6.053257894791262972e-01
6.017773258599727892e-01
6.583216741748101342e-01
6.259608913365988236e-01
6.382927897404168105e-01
6.467344417115477029e-01
6.521068693864144894e-01
6.101162139415888808e-01
6.188657127873858910e-01
6.330593424653914170e-01
6.188802969106057539e-01
5.651830135041713277e-01
6.010392118270315720e-01
6.021044416723239090e-01
5.880638082386266952e-01
5.965135697401734438e-01
5.984785274121564580e-01
6.064400149299623566e-01
5.760773193584428631e-01
5.592436577351841409e-01
5.746845433176692719e-01
6.143624114636301314e-01
5.859291942676573273e-01
6.158831782252954801e-01
5.972397639916631196e-01
5.923392867820576058e-01
6.202979535149407697e-01
6.424929747263604662e-01
6.563320456850008089e-01
6.543905553982143353e-01
6.482248989935754935e-01
6.107110330733201975e-01
6.013396912661492788e-01
6.278501470741233437e-01
5.749373979135108392e-01
5.920460013871131633e-01
5.356344078646791962e-01
5.894195813743796641e-01
5.892867719078661581e-01
6.145982729571827230e-01
5.977449862199424313e-01
6.130681046013656266e-01
6.247890172743789661e-01
5.993552183708614756e-01
5.807159731078518350e-01
6.177993277783805359e-01
6.172841938778266258e-01
6.534398308099800268e-01
6.286023313593963602e-01
6.032999659685602811e-01
6.118802138303537363e-01
5.922405647349745506e-01
6.155824361241098996e-01
6.076548917826715135e-01
5.781112337488059083e-01
5.677363306375404761e-01
6.170774765715461019e-01
6.220803464076959388e-01
6.080760310151502868e-01
5.977869382587254199e-01
6.116530689310472058e-01
6.390321449685034683e-01
6.150553522948621898e-01
6.114486586189066264e-01
6.360301506597894061e-01
6.083772461293298628e-01
6.152081699201302767e-01
6.252632696206826823e-01
6.203654709789765409e-01
6.135650479509907607e-01
6.004187969414787052e-01
5.938793591015566475e-01
5.862758821374631779e-01
5.972992527887927006e-01
6.057325968575377750e-01
5.895049916597269180e-01
6.088425279828423298e-01
6.479264101647470575e-01
6.226090402384301115e-01
6.206525545375704001e-01
6.005669054258376827e-01
5.784286297481220362e-01
5.890859652436651883e-01
6.097444039443606911e-01
6.038266442899981046e-01
6.236626752306994037e-01
6.321610313935299708e-01
6.087742670517316546e-01
5.873864345949325605e-01
5.924808623996512535e-01
5.818504159713557833e-01
5.968686239961968898e-01
6.225986357995760834e-01
6.269598138785296149e-01
6.412948003773896177e-01
6.331097060905961360e-01
6.353057735281060214e-01
6.482621536661942185e-01
6.566579488420991595e-01
5.795588072577833039e-01
6.244740027838653340e-01
5.953439090170015158e-01
6.467946336030409027e-01
6.216301227697846876e-01
5.953159394784869329e-01
6.055640397611733450e-01
6.224013533497256834e-01
5.861864327099317595e-01
6.230385480090011585e-01
5.828893738097046251e-01
6.022945723839725485e-01
6.015933179587817925e-01
6.398703444160439568e-01
6.381468879887807200e-01
6.217756011389145021e-01
6.055148925459673537e-01
6.196403966192760571e-01
6.265480876741711391e-01
5.961318384347661370e-01
6.401293616321290791e-01
6.260259861075492260e-01
6.333078372443371462e-01
6.365761688842783705e-01
5.597217065707120742e-01
5.956034118899854457e-01
5.772765585246222297e-01
5.776348830455448891e-01
6.208999792133285123e-01
6.213966593260689120e-01
6.317294670919810784e-01
6.112218862996643409e-01
5.955617651000069124e-01
5.702878851738014676e-01
5.812197412529553908e-01
6.097021710637147152e-01
6.055444239423801722e-01
6.230970561379214345e-01
6.058704860001576931e-01
5.833821470408774301e-01
6.148932009252403574e-01
6.435848053184621831e-01
6.365250535757162043e-01
6.149267831862312850e-01
5.874911285427241170e-01
5.903032754791477377e-01
6.505190933679465548e-01
5.846174571231045336e-01
5.625359391754727323e-01
6.110795214804397579e-01
5.844539540779978282e-01
6.365292897731854582e-01
6.559354791535040308e-01
6.340770331391265557e-01
6.531745859463509163e-01
6.478578649872255291e-01
6.757655008557962306e-01
6.263176688593908858e-01
6.039120753985294243e-01
6.309445559975173090e-01
5.512314654544967496e-01
5.996392718392878907e-01
5.642502474186087413e-01
5.576781182688493876e-01
6.003866543344837936e-01
6.043142657563476128e-01
5.952309593860454218e-01
6.180172804406645071e-01
6.378275854187342997e-01
5.926173898135258522e-01
5.865618477003289311e-01
6.066485039366150689e-01
5.883304644923316173e-01
6.216927750765596228e-01
6.031353325846313673e-01
5.889594318572245468e-01
6.050726186056396561e-01
5.881772235090476642e-01
5.984498194616137967e-01
6.162762745433753020e-01
5.980492482635311191e-01
5.987424899052943283e-01
6.258001870935003819e-01
6.210285036273810455e-01
6.232492188454579196e-01
6.029956650542438457e-01
6.478943931491205621e-01
5.997926037325460591e-01
6.062631070889392682e-01
5.674074094512714383e-01
5.923501575446363798e-01
5.881546341740863104e-01
5.956647718092282773e-01
5.871551318014581744e-01
5.846245885014450527e-01
5.917881812710176215e-01
6.172974316104136161e-01
5.953253090406424031e-01
5.864175221363794321e-01
5.620329188156778510e-01
5.840924548457370191e-01
5.679235469696028993e-01
5.939203456612627274e-01
6.375973969192364477e-01
6.054663472701221627e-01
6.039501882631393981e-01
6.127734053213497178e-01
6.168947744652298892e-01
6.290804034522444743e-01
6.151577831459019707e-01
6.211995901726129476e-01
5.711944630423264613e-01
6.031946068049311993e-01
5.875459518286084704e-01
5.946356386099507230e-01
5.806105800461676125e-01
5.800910825025387130e-01
6.044709198237105952e-01
6.135442306091932751e-01
6.265488358455876261e-01
6.383432964561105427e-01
6.300446793250434885e-01
6.067694861385940497e-01
6.116610010777813189e-01
5.997869404728425335e-01
5.802008473849520342e-01
6.249528522848600831e-01
5.733923131350662228e-01
6.146043097377815734e-01
5.741461025798326734e-01
5.837807566103305756e-01
6.004498757806714382e-01
6.020726446855069192e-01
5.576876728253068460e-01
5.675909022979755969e-01
5.823840206452940427e-01
6.003489619220114815e-01
6.376560241655986339e-01
5.932877319405089889e-01
6.199343881010439539e-01
5.763549095681328449e-01
6.109154347712468791e-01
6.446820230394627593e-01
6.212573492373654194e-01
6.449107248858546582e-01
6.074409208686990524e-01
5.943574656505102860e-01
6.137431335813647859e-01
5.977000359153842313e-01
6.119093328170824853e-01
5.827867672492044182e-01
6.015517681963611363e-01
6.220900350843305837e-01
5.873881518316017569e-01
6.069846368388320812e-01
6.158604915570593530e-01
6.616156250676036299e-01
6.320363186495095986e-01
5.872606588814686113e-01
6.295717640937987802e-01
6.098548194522290800e-01
6.177528050659408798e-01
6.162803168240871265e-01
5.971016548746057584e-01
6.195135186016024198e-01
6.508483940650161559e-01
6.008404098479299682e-01
6.321399090948378596e-01
6.172476716178308953e-01
6.121588270595288428e-01
5.859161186566579360e-01
6.211619938763879301e-01
6.205772098327796416e-01
6.096861063450936813e-01
5.932334730645205667e-01
6.095527306982561067e-01
6.156078208140458585e-01
6.609695579510388441e-01
6.521257433027173311e-01
6.155596586350692290e-01
5.605853233370381439e-01
5.980648709554490239e-01
5.942932492609221962e-01
5.865064873993338646e-01
6.066914310378609398e-01
5.915285095501618962e-01
5.974057658305753638e-01
6.039476291294223476e-01
6.170659554768143096e-01
5.866680046103520674e-01
6.150178624788110726e-01
5.869155092395650364e-01
5.989110512746316228e-01
6.001297296356661315e-01
6.138552272776913732e-01
6.252275155935548279e-01
6.139979303306528635e-01
6.329831203388225358e-01
6.161067497326261355e-01
6.264357982995120144e-01
6.061299710594054702e-01
6.225557986569709712e-01
5.983577033956698488e-01
5.578566005231263558e-01
5.883159958272191625e-01
5.906920989812357581e-01
6.204833600233443658e-01
6.110722012681985005e-01
6.306789910873522587e-01
6.193251239261955421e-01
5.842769124416680171e-01
5.941929991847010317e-01
6.039982042107474580e-01
6.192066871951653617e-01
6.248175134197045955e-01
6.220206571517243876e-01
6.153988552452418492e-01
6.377719539816270045e-01
6.307335594025971215e-01
6.350540026181974440e-01
6.089355397609819143e-01
6.242779797421494914e-01
6.168391748766410831e-01
6.102264300047476331e-01
6.087086648060321403e-01
5.772004545425760691e-01
5.633895858472341978e-01
5.923684120037507883e-01
5.916045831614877848e-01
6.067142555319486874e-01
6.322208220007927704e-01
5.976388087169063335e-01
6.243104543112980576e-01
6.131321231708664055e-01
5.980418879282515254e-01
6.408911982842461219e-01
6.052474450896183633e-01
6.206414395582775523e-01
6.250635630338037263e-01
6.496985398146841728e-01
6.279155178384495661e-01
6.033476494474734331e-01
6.286085114947163044e-01
6.144133016094845967e-01
5.785581336716540957e-01
6.182778114055236252e-01
5.922737360312305688e-01
5.987053849083029400e-01
6.057171776734922020e-01
5.943643175017425673e-01
5.813391910402171403e-01
6.049203036063249828e-01
5.953509502248686136e-01
6.057132383480859916e-01
6.261707092602722957e-01
6.189184669645055870e-01
5.995341960348077315e-01
6.298041415675610377e-01
6.208255253590765355e-01
6.235420886790136175e-01
6.335076554365262069e-01
6.278686507783080017e-01
6.384297425441147755e-01
6.012523003816393485e-01
5.685732870758640756e-01
6.182908248540968099e-01
6.001693298819327227e-01
5.750239237939361869e-01
6.040759006429742284e-01
6.105678046468476783e-01
5.699191299921919640e-01
6.085286796293740696e-01
6.259508586847298828e-01
6.097661866254554530e-01
6.165311922808534018e-01
6.244133006378332906e-01
5.710540345656304195e-01
6.074004537787733859e-01
5.873963144772810230e-01
5.792694048982471866e-01
5.921581576843549799e-01
6.422981023244416221e-01
5.660328408384782684e-01
5.726052309483399272e-01
5.833647261923656790e-01
5.936884218997119378e-01
5.648417597246684352e-01
5.741526651547266269e-01
5.999803892299963026e-01
5.979643119815228891e-01
5.635709411937240843e-01
6.294368978557663974e-01
6.049305426552642473e-01
5.848342771808737739e-01
6.335702819399552377e-01
5.902330314753584384e-01
5.718880736073107540e-01
5.895605126992983225e-01
5.494489362384512576e-01
5.664927089057110177e-01
6.219078070993899754e-01
6.045193763910937657e-01
6.242586396151220685e-01
6.219686868407329206e-01
6.298390450249711225e-01
5.876394800064966839e-01
5.714119151097816207e-01
6.154352416987769470e-01
6.170296202145940656e-01
5.916160554812858186e-01
5.873063218975607125e-01
6.057691085510533702e-01
6.140383354701149932e-01
5.865657623415161392e-01
5.824112105884706736e-01
5.644205538883431128e-01
5.894312035915770798e-01
5.691231125661243562e-01
5.988609360002250526e-01
6.103633845061353647e-01
6.395459476722482606e-01
6.288387479161866578e-01
5.957582710417486105e-01
6.020670711857186719e-01
6.002220522636145805e-01
6.046577597287035033e-01
6.029028963712104172e-01
6.156146985914374703e-01
6.268599898181747010e-01
5.977798154780630258e-01
5.976326577918694705e-01
5.992292874383576828e-01
5.829917392334429405e-01
5.575920106934397769e-01
5.945791050231126196e-01
5.870673702556811202e-01
5.945209995562219518e-01
5.912121594941562863e-01
6.180801684948359354e-01
5.870627331985117658e-01
5.832518009280751592e-01
6.424811856828532841e-01
6.019823478054759924e-01
5.795839994942938445e-01
5.873836192865726780e-01
6.281145768493578974e-01
6.399550930510605751e-01
6.193927757199063633e-01
6.444900796875310256e-01
6.412084658976041629e-01
6.752397265377652058e-01
6.139115298353776673e-01
6.028466977186552889e-01
5.940813468512953222e-01
5.849510431494027163e-01
5.645304743413362969e-01
6.087387969949094035e-01
6.221057734370535330e-01
6.183938277143544715e-01
6.031048764010602525e-01
6.104138217048535875e-01
5.927288281785190183e-01
6.367444081502097175e-01
6.190813802069552452e-01
5.980176237555256957e-01
5.555467428529635709e-01
5.890379519852809720e-01
5.865557300873441848e-01
5.861397704908891670e-01
5.939036077504437072e-01
6.145476219472157942e-01
5.918020065923709216e-01
6.226556876602070689e-01
5.841639990565630214e-01
5.793108868473181294e-01
5.645129639053984016e-01
5.949626980036882840e-01
5.961747111728489257e-01
5.881557849116163528e-01
5.496796387606305290e-01
6.176299083489579234e-01
5.934495754100183040e-01
5.793394853364091102e-01
5.828129551384830798e-01
6.015000671485387640e-01
6.108037994316490860e-01
6.462391223474261981e-01
6.294824257020759095e-01
6.328435448537150787e-01
5.680646529102553188e-01
5.961050469103920113e-01
5.985308479462899678e-01
6.028005428464615623e-01
6.128364130006789257e-01
6.079457369504509545e-01
6.089256067402565309e-01
6.214061535784739521e-01
5.888826491645305916e-01
5.694990096531463708e-01
6.374854013781966477e-01
5.968539182176907376e-01
6.165415302421126675e-01
5.929350648077387209e-01
5.924796011360848880e-01
5.958233950699521886e-01
5.698931686197965529e-01
6.227689894217434130e-01
6.035399971562289689e-01
5.668772489651108248e-01
6.289221471951487175e-01
6.076660430705328464e-01
6.567044502060697120e-01
6.287366004625737359e-01
6.551857650319085069e-01
6.233850053177154571e-01
6.574985181544817925e-01
5.846257746218197493e-01
5.915913497899638607e-01
5.813724072286803324e-01
5.950199183605960895e-01
5.770298316294756313e-01
5.878800332275807561e-01
6.130434758826323050e-01
5.944702978958372741e-01
6.113494857632060242e-01
5.917979082498440180e-01
6.147149808047372987e-01
6.127399416557804956e-01
5.760251402789322572e-01
5.844732247741163400e-01
6.138488273422494368e-01
6.134231116054018607e-01
6.500916250363140136e-01
6.576244428621249583e-01
6.036663015164590584e-01
6.198640215880935056e-01
6.153396453492906426e-01
5.731051666878792528e-01
6.118765682504778702e-01
6.204642203600303496e-01
6.332333360336794836e-01
6.677485173625428150e-01
6.128909278703479346e-01
6.420485686510695178e-01
6.407824555271703915e-01
5.961058505280140141e-01
5.799264441994772534e-01
6.395695156426213224e-01
6.506545620943001706e-01
6.523594456448472689e-01
6.269732797290167303e-01
6.115826402634682024e-01
6.148559330344356422e-01
5.989644633028937681e-01
6.284243033136516221e-01
6.296316787233393608e-01
6.112073578944570151e-01
6.031069847717434040e-01
5.972375282471767965e-01
5.829879152203747417e-01
5.599399712881492075e-01
6.033463040142322820e-01
6.229001832163247876e-01
6.358870323196588181e-01
5.852492970540478234e-01
5.847887789184678109e-01
5.455118679957930983e-01
5.827245245566827769e-01
6.042709198927761483e-01
5.920052970639281265e-01
5.733293885143193602e-01
6.026687455447989894e-01
6.170871217575812917e-01
5.990565425039763303e-01
6.301816643768853865e-01
6.081516299104170464e-01
5.964470904985234023e-01
6.350667672774414907e-01
5.835733165707498449e-01
6.116403529535240358e-01
6.455597162347553875e-01
6.133975716479098672e-01
5.791292775984644425e-01
6.035578431340302696e-01
5.902520609522198258e-01
5.968542639170557607e-01
5.627645452478244881e-01
5.967314490367352509e-01
6.225858114714528657e-01
5.860009801936310048e-01
5.704342764368283136e-01
5.851120655497443757e-01
5.852524865256291120e-01
6.082088040475840396e-01
6.299543589473205474e-01
6.318310075935273940e-01
6.575439054899927527e-01
6.009870257757976564e-01
6.927469668504636635e-01
6.071186338632045265e-01
6.104996117342257334e-01
5.986868680274333165e-01
5.964427341261739901e-01
6.126849276881041195e-01
5.734327633391300694e-01
5.991402552324913700e-01
6.288695916269069208e-01
5.749794872140683299e-01
5.823858598488657057e-01
5.753958512538714931e-01
6.097514778489016019e-01
5.702762331308381949e-01
5.759979576986031802e-01
5.853308636552263522e-01
5.873253796458249854e-01
6.076654116756794455e-01
6.057238186801610080e-01
5.851558942573961142e-01
6.010858226667985527e-01
6.009626691008027599e-01
6.251395948530191760e-01
6.116556001340625048e-01
6.188309893526127148e-01
6.264438817377270263e-01
6.630042215345401946e-01
6.206269211076695935e-01
6.215891857251605312e-01
6.093158142104062591e-01
6.277438710565209634e-01
6.240129239045190124e-01
6.363995509083955060e-01
6.231119778166558376e-01
6.137964264296310590e-01
6.477102179354660150e-01
6.588762630239582974e-01
6.076365007069444157e-01
6.187470771756659049e-01
6.277377847212536333e-01
5.683888300593615828e-01
5.965752605254061036e-01
6.235128322624601260e-01
6.079039475800379622e-01
5.624141161750576545e-01
5.723908039996477015e-01
5.907910490769003875e-01
5.920921329178652215e-01
5.838391915923597519e-01
6.065912548702963036e-01
5.802625441215399915e-01
5.928088266216794411e-01
5.979197626675274435e-01
5.902451715886294359e-01
6.170162214413494883e-01
6.084299633605514401e-01
5.904610364257735222e-01
6.106749983705361817e-01
6.276462664070684427e-01
5.606486199787692470e-01
5.615876688572328801e-01
5.891065971634460441e-01
5.724443420645438652e-01
6.096129817906974502e-01
5.955351394515751018e-01
6.104752493247518341e-01
6.067988092065990102e-01
6.112341176224497241e-01
6.076514246953000908e-01
6.145852351524498935e-01
5.823406143803212531e-01
5.881707476984227023e-01
5.964041638135328949e-01
6.083511459471350191e-01
5.944984912875205252e-01
5.806676683768003944e-01
6.305587146833775414e-01
5.947633478424367848e-01
6.140661564924780880e-01
6.059318179051005337e-01
6.087106736451846078e-01
5.531657563021314949e-01
5.906796869735183586e-01
6.442729445181791803e-01
6.493626244588761587e-01
5.820092009223630791e-01
5.828479053091564221e-01
6.210606578978596914e-01
6.010529078472542919e-01
6.024316034913846929e-01
6.256436260431402774e-01
6.334909921393462318e-01
6.099831952743668406e-01
5.766708547844545674e-01
6.260711271524894705e-01
6.259026989873084368e-01
6.486839770756963608e-01
6.174462204051700542e-01
6.017599167968961105e-01
5.871473580494482869e-01
6.064097669889536579e-01
5.982817393815059726e-01
6.233917956702905716e-01
6.368697135100152007e-01
6.186902394411601946e-01
6.118565081956298668e-01
6.134720074202160145e-01
5.999011788314695393e-01
5.935735917078350798e-01
5.494122112020988213e-01
5.672193244881064134e-01
6.145528899673021739e-01
6.029856287440563678e-01
5.802323442751469162e-01
5.972481989255911117e-01
6.028292660567370342e-01
6.095066142043152890e-01
6.254710715390973119e-01
6.358318794174809829e-01
6.266027928874878805e-01
6.158298451479737867e-01
6.713991308178328676e-01
6.190991420313872728e-01
6.182118675656330664e-01
6.245459671198081431e-01
6.316420368018113018e-01
5.958192596645439654e-01
6.397979427138893449e-01
5.996095932946994278e-01
5.926311916378852462e-01
6.467952117342016249e-01
5.968897591264487046e-01
5.968816826094842654e-01
6.035978522081396624e-01
6.258395989708517293e-01
5.797234695871698040e-01
6.078703320201845894e-01
5.899171759584912467e-01
6.006674434743817237e-01
6.050631560323606051e-01
6.176104487198906812e-01
6.196060071773750177e-01
6.050660970497063751e-01
5.916569235189497178e-01
6.055523520951605621e-01
6.151512331257920074e-01
6.242511822845402403e-01
6.135011042765280420e-01
6.227659211530612859e-01
6.565797007646243522e-01
6.270320441554432245e-01
6.156706325403480395e-01
6.143586447499754799e-01
5.719025080098736336e-01
6.099165925152747469e-01
5.817982654075669613e-01
6.131659830105999909e-01
5.968773473458324208e-01
5.947706668522071416e-01
6.051668698103509492e-01
5.641487746246954815e-01
5.686111021728436077e-01
5.523032095826407861e-01
6.041233718662293306e-01
6.211757642799357049e-01
6.322777012648853612e-01
6.356870067162324611e-01
5.984714650240208211e-01
6.342682139105879635e-01
6.203597014362368656e-01
6.361483356455763793e-01
6.446130455896690314e-01
6.128020852257982654e-01
5.891280156763947229e-01
6.004755481894950009e-01
6.059119956883770586e-01
6.284617717511634671e-01
6.169969858697272880e-01
6.220294757616634529e-01
6.177031531712368073e-01
5.809573311961837572e-01
5.561850172811181325e-01
5.961902707842208216e-01
6.001435912231486425e-01
5.923499514394250376e-01
6.261786156483718502e-01
5.930201107767031354e-01
6.234724302081759983e-01
6.081040225886228390e-01
5.779128438086782449e-01
6.435593227193916466e-01
6.294806260676073517e-01
6.034927965384375703e-01
6.315568891920249062e-01
6.097821490533612554e-01
6.022555383273862084e-01
6.492924452727375506e-01
6.334442079597423225e-01
6.082410028081367548e-01
6.118464810318291480e-01
5.637576681198372963e-01
6.000617980782027017e-01
6.215895643760596112e-01
6.343173514199900165e-01
6.338247571993966822e-01
6.218047312310920338e-01
6.068118829623683208e-01
6.137946066252271127e-01
6.227192784913914148e-01
6.486226517059440200e-01
6.397337416191417603e-01
5.946212695094401646e-01
5.948406512787269840e-01
5.619400081988676909e-01
6.017880449233011797e-01
6.332507666873168350e-01
6.456676565477054153e-01
6.117028260597121569e-01
6.356774155679758564e-01
6.028300317500006056e-01
6.246581314014588715e-01
5.976282783065118842e-01
5.762212960673378515e-01
5.574691321894539309e-01
6.010015732551642342e-01
6.079423849998905061e-01
6.040248662051083128e-01
6.229510735036701830e-01
5.726257376356577167e-01
6.187911806277037741e-01
5.978999679171849158e-01
5.752692652291576669e-01
5.584460145081842075e-01
6.152226440053970569e-01
5.919897327438415902e-01
5.864549451812843817e-01
6.002076176157863374e-01
6.451883936260066621e-01
5.826957860593741101e-01
5.857384786020756184e-01
5.819206288115339465e-01
5.809685563778986817e-01
5.757664640647217613e-01
6.018156980480687812e-01
5.995960999223831633e-01
5.919396536608613202e-01
6.103276819532766906e-01
6.287221735234029829e-01
6.153243780812300834e-01
6.040408387447391281e-01
6.147924702925123830e-01
6.082355237816707838e-01
5.921591645967551054e-01
6.249417533677338321e-01
6.030816110838983501e-01
6.171440115971572604e-01
6.361302977392656599e-01
6.089434661101699175e-01
6.134726165022577060e-01
6.176991104527562726e-01
6.082357388085497529e-01
6.014969261697135083e-01
6.068371649587098737e-01
6.159981396528559916e-01
6.211187724496556317e-01
6.145259331587235030e-01
6.361344575562642989e-01
6.275649393704516577e-01
6.133883372972018799e-01
6.350020672667184840e-01
6.288991374044133886e-01
5.738995563217329510e-01
5.585122366399825067e-01
6.224032936655113923e-01
6.315629530036526162e-01
6.318771055621364985e-01
6.041257173915938194e-01
6.323671284640191015e-01
6.114227168569795756e-01
6.083213687012624105e-01
6.257844009599794477e-01
6.290705559508330547e-01
6.234214745414146108e-01
6.573525477536774630e-01
6.156757889847223053e-01
6.331034476889919604e-01
6.500300182880135447e-01
6.585752559919753057e-01
6.167973457372480928e-01
5.756566076821394429e-01
6.062431630857839648e-01
5.744688327102581704e-01
6.165540564248167543e-01
6.232290997206693106e-01
6.250092883848689107e-01
6.138239103729721258e-01
6.029925670556741668e-01
5.759683212039645728e-01
6.038772302339362463e-01
5.926180157237124213e-01
5.705560511054788009e-01
6.079326545048883146e-01
6.019107390492960397e-01
6.100783493922088407e-01
6.378116763466372685e-01
6.320893753712911733e-01
6.402889672683327316e-01
6.114819003219775784e-01
6.048086364545633975e-01
6.141617068697595716e-01
6.155231489105114084e-01
6.535878708727554942e-01
6.331130161336563367e-01
6.354634568485869606e-01
6.418072024723945335e-01
6.370489124885410082e-01
6.367886206949247008e-01
6.616292031072451563e-01
6.721421486137099111e-01
6.968747119634302045e-01
6.535559368592745999e-01
6.343073022071449296e-01
7.031456549741077477e-01
6.378563518017570377e-01
6.047621551557932351e-01
6.303910175360872836e-01
6.351217444115887512e-01
6.489379887262285429e-01
6.111618160241827358e-01
6.133027516901210507e-01
6.316822248447556687e-01
6.416150257780401933e-01
6.090924661355001657e-01
6.688544054180131093e-01
6.452521525652208378e-01
5.877570064088489810e-01
6.386609586985232401e-01
6.332114953783232192e-01
6.218610259667046725e-01
6.321693195378854657e-01
6.207728574086657236e-01
6.210235867008954136e-01
6.149558918004770502e-01
6.215641518021339795e-01
6.020010319831734513e-01
5.911395512818136133e-01
5.905922715188832717e-01
6.060842917557214271e-01
6.041782697819829684e-01
6.055361933065491753e-01
5.954524044706952512e-01
5.897302053235757846e-01
5.948866337623490708e-01
5.830305143098444276e-01
6.025266141238673212e-01
6.048370814709849164e-01
6.432504392541545934e-01
6.122352046764437672e-01
5.847640147290550372e-01
5.873145535821009400e-01
6.481688632918727322e-01
6.082997446405449260e-01
6.190051810233839769e-01
6.022220961756340474e-01
6.049718751904360481e-01
6.252986752478958410e-01
6.241451399100000907e-01
6.043754546510835546e-01
6.136092240077536397e-01
5.887928002290838680e-01
5.681281345306254948e-01
5.993159903857377957e-01
5.665586589519212568e-01
6.087989383957793654e-01
5.866257062107594900e-01
5.958412565712370990e-01
5.948954773309148569e-01
5.678684383743795028e-01
5.890023356767049023e-01
6.113946853212625099e-01
5.784357116993491532e-01
6.016221662831914285e-01
5.920572691841958779e-01
6.405876837319506301e-01
6.066112717986809066e-01
6.231756054887765961e-01
6.058867793805313706e-01
6.294464765223360958e-01
6.158789207852591874e-01
6.473839531105152201e-01
6.618199326984849362e-01
6.378819321393348618e-01
6.616228617197339457e-01
6.293635871369369639e-01
6.591678440510155834e-01
6.592945162924418456e-01
6.140508185649996564e-01
6.460370673341325753e-01
6.140176504715134653e-01
6.206374159016746495e-01
6.403304691170387253e-01
5.991832306265325592e-01
6.143130958888420867e-01
5.893031328703867144e-01
5.999469827960991486e-01
5.946166659106297825e-01
5.980669529741639012e-01
6.126614394590138568e-01
5.600050605679049998e-01
5.898083331179321265e-01
6.160926697758000170e-01
6.365624720758845667e-01
5.960033133933008154e-01
6.254990619738607371e-01
6.287082814738925718e-01
6.380927257516023632e-01
5.975331684761124862e-01
6.400232118636558498e-01
6.454367330719741336e-01
6.181302025055290805e-01
5.853328619783693121e-01
5.927792321935340114e-01
6.180342645710258376e-01
6.224139955790314316e-01
5.903744125741139381e-01
6.242350291085713154e-01
6.363508211808845960e-01
5.897013475137188321e-01
5.678914783978413761e-01
5.690032811690572956e-01
6.045575714756239449e-01
6.176564563275960262e-01
5.892113541419847778e-01
6.111519906205163943e-01
6.306923689152253987e-01
6.208441192636963146e-01
6.202776876585143206e-01
6.154556762326410801e-01
6.270657152787630917e-01
6.159378233575530937e-01
6.101719308338195980e-01
6.016070799002828373e-01
6.252835502346220098e-01
6.118915337192530890e-01
6.107706659594448473e-01
5.946736408116608530e-01
5.867376767491118139e-01
5.883298139066560628e-01
5.602493014398417515e-01
5.963407533913805958e-01
6.173378496088426370e-01
6.380607157658685358e-01
5.826469593143291936e-01
6.092672154821318076e-01
6.011375907082676662e-01
6.015604894582432527e-01
6.070926330804616855e-01
6.343740288179617881e-01
5.960103855566104558e-01
6.343076328423128407e-01
6.128542975492965450e-01
6.110340629327354334e-01
6.343229012602116246e-01
6.391158305331274825e-01
6.084855381770610805e-01
6.176718421731816067e-01
6.098526554462695426e-01
5.924703226362446618e-01
6.233493441443334060e-01
5.846702676017966338e-01
6.189081379195193744e-01
6.389410313416731269e-01
6.147920082818201237e-01
6.191876009747316889e-01
6.106734241957306741e-01
6.274380678077459139e-01
6.399422452464522681e-01
6.670471257073828930e-01
6.664308828690178599e-01
6.063869375995494249e-01
6.477612059349688867e-01
6.293208003375263537e-01
6.409140584049651812e-01
6.425428959280260477e-01
6.184960198793642006e-01
6.210267478023402399e-01
5.759812292663543110e-01
5.915352062609640083e-01
6.251284039764907208e-01
5.938079680455291554e-01
5.650914717575421520e-01
5.696397242688892026e-01
6.225626953601832714e-01
5.637271878471658004e-01
5.765434710016370534e-01
5.881844009446034471e-01
6.100778050626783910e-01
6.116019702579282846e-01
5.931821292552328373e-01
5.780179768943550789e-01
6.133184319519746630e-01
6.477122856696622133e-01
6.199731096635281435e-01
6.093233555057744333e-01
5.823168029477134855e-01
6.132502632394067899e-01
6.118821531776444944e-01
5.859124087600466879e-01
6.154071839537583744e-01
6.533260664904187998e-01
6.308675384942428188e-01
6.648246169522872284e-01
6.125971723305120298e-01
6.390528234358464621e-01
6.476249866594305793e-01
6.279691062284640246e-01
6.395309331574803302e-01
6.085965143438150093e-01
6.244901572292619329e-01
6.368373468440028384e-01
6.284294968031399753e-01
6.269096439403806231e-01
6.755831462158508049e-01
6.328589038779096621e-01
6.289053202544490073e-01
6.474243908079150289e-01
6.277986745834271964e-01
5.990701686040588170e-01
6.364362319546484903e-01
6.093722929298038826e-01
6.209465532931561782e-01
6.090160532400554771e-01
6.366026846000946149e-01
6.257713785476014534e-01
6.015560866712508226e-01
6.107561114663253576e-01
6.475169101334834476e-01
6.282173163747595268e-01
6.310183876309477524e-01
6.007390389472331282e-01
6.367209372415028046e-01
6.253518304118246274e-01
6.181304518312152885e-01
5.982101896605627189e-01
6.165307189574187330e-01
6.199352293314779327e-01
6.603756181700354277e-01
6.329339705385006454e-01
6.502665112128652725e-01
6.492969347486211573e-01
6.199300858492762245e-01
6.122694462875617472e-01
6.236453898369648252e-01
6.072362523265892875e-01
6.129819149212253349e-01
6.521774998613741881e-01
6.081841550369915250e-01
6.352649937654158974e-01
6.177333003144379608e-01
6.277807103396230159e-01
6.031030364210083761e-01
5.907899939353251639e-01
6.150207368881905889e-01
6.203102538190458093e-01
6.194296683219111532e-01
6.142193080489587453e-01
6.079382036735268002e-01
5.859973715901889424e-01
5.864748554193333074e-01
5.617250823506464430e-01
5.740395483876024052e-01
5.943398041042655677e-01
5.711137169855147189e-01
5.981279717538047214e-01
5.975386975009484569e-01
5.679645395799723939e-01
6.101290351584701677e-01
6.134020087857235959e-01
5.654905954372649868e-01
6.169142090423435087e-01
6.071287955737381115e-01
5.713836080935698059e-01
6.231919341261829004e-01
5.938600349068892115e-01
6.334655022595410134e-01
6.084093018451339763e-01
6.154367558162086027e-01
6.144081015395254086e-01
6.102552129705697270e-01
6.003592684569957205e-01
6.535529937566852965e-01
6.200370009902833601e-01
6.133236263107957331e-01
5.803846242895062124e-01
5.921081971876340777e-01
5.962537402947570842e-01
6.226503293587088983e-01
5.775262478391802734e-01
5.846758636539726162e-01
6.034793464204751823e-01
6.004835522707400175e-01
6.104200607124277145e-01
5.999061185393261830e-01
6.079795848471084563e-01
6.087910715806152950e-01
5.975959205676872887e-01
6.481564135983987063e-01
6.319061598438115990e-01
6.154879653714121490e-01
6.392069987874234860e-01
5.830451651740429231e-01
6.227967785211617757e-01
5.834402020388880228e-01
6.743402737479534670e-01
6.398085324019601172e-01
6.197225714783201056e-01
6.247565366835720058e-01
5.959343852852091450e-01
6.066524947122424738e-01
5.825392782965393979e-01
5.934938568430391248e-01
6.148064341818284539e-01
5.879502020971751897e-01
6.169263805096836251e-01
6.639087353143832138e-01
6.121003862076401791e-01
6.202717378630410172e-01
6.708964475120344773e-01
6.544644939913546455e-01
6.268506697450243470e-01
6.236430747084362736e-01
6.518907305141410369e-01
6.512146947023084165e-01
6.482078251007331593e-01
6.327784468049233446e-01
6.013115481818612773e-01
5.805624905874360309e-01
6.395560235833394058e-01
6.419093963171151884e-01
6.227881630560834214e-01
6.439199244110862530e-01
6.209849019249111812e-01
6.539140335892150713e-01
6.279058697389787724e-01
6.017408686621219527e-01
5.971404619609894660e-01
5.863678910489504847e-01
5.999562052457504402e-01
6.006451508420750374e-01
5.960138672207228039e-01
6.186982071151387874e-01
5.892663603540745365e-01
6.102239042708947903e-01
5.833693803139028411e-01
5.825537398436984038e-01
6.119799442504058051e-01
5.978966532706746495e-01
5.938341641069692090e-01
6.715563105187689619e-01
6.274231866886259557e-01
6.300281938361316225e-01
6.081728131454162689e-01
5.855880657601880701e-01
6.359741351570473711e-01
6.272866513438468683e-01
5.997935575813067022e-01
5.944201322386337694e-01
6.134394707269238411e-01
6.148660634394358393e-01
5.667118704425754272e-01
5.984459329475191325e-01
6.299903418302629232e-01
5.984708102386395723e-01
5.777090960433211020e-01
5.850748606173852284e-01
6.132984196006044941e-01
6.372039935930751131e-01
6.123963994171599534e-01
6.036861802319207770e-01
6.269953607197308321e-01
5.935616729380831513e-01
5.855169591288531539e-01
6.024718585951195360e-01
5.890059005246347512e-01
5.776182261545367291e-01
5.887214459525270671e-01
6.056433985802446296e-01
5.871984403024065324e-01
5.667728356570637116e-01
6.092115806416327217e-01
6.183302973449258388e-01
6.076617229786775987e-01
6.248987271032346857e-01
5.999815427795145428e-01
5.961158598549783916e-01
6.023839868055792524e-01
6.403362224447146644e-01
5.851257522006441114e-01
5.920773203972878873e-01
6.258275871061900197e-01
6.298654295700972794e-01
5.976142931419062831e-01
5.822035516003091216e-01
6.163188078536028236e-01
6.162028968041725063e-01
5.978023603573644484e-01
5.912465980229231199e-01
6.171853385596363095e-01
5.970093427323990287e-01
5.903127555035145857e-01
5.664080049593580579e-01
6.119173009321422496e-01
6.032796950103579414e-01
6.271976263882632630e-01
6.386401046922537406e-01
5.984415841485958287e-01
6.423967284323698346e-01
5.872177324574322510e-01
5.933061718582512967e-01
6.080364260742773252e-01
6.196520049383186235e-01
5.906584680393300868e-01
6.008010021621090768e-01
6.114499667948113393e-01
6.072779275085560258e-01
5.980422613114957375e-01
5.980959482503386271e-01
6.119567194997042048e-01
6.221011267008502710e-01
5.960549933337973005e-01
5.831490896407115487e-01
5.702822365212467659e-01
6.376003745990495020e-01
6.125956594970977109e-01
6.205236615391521715e-01
5.953903716022617143e-01
5.761906096171776070e-01
5.907415702606531038e-01
6.262124306309699850e-01
5.983937691509049195e-01
6.053257197704945414e-01
6.173032753517353477e-01
5.998698169194525143e-01
6.227210257773060365e-01
5.789060412802990996e-01
6.001096842667623665e-01
6.106867030939033825e-01
6.303064163863169034e-01
6.174269276572272869e-01
6.259471644239045229e-01
6.224326694701475260e-01
6.125472659144651777e-01
6.630194878886737087e-01
6.360484150878250587e-01
6.241523850850744237e-01
6.161981955745262640e-01
6.318167903614375636e-01
5.809933476446991207e-01
6.587293884875948802e-01
6.284022966160113244e-01
6.727683611605019820e-01
6.427899288507845643e-01
6.136157696699106046e-01
6.560435482045448019e-01
6.266234522353417713e-01
6.324661687950167144e-01
6.123549630147405720e-01
6.273216516947295318e-01
6.013252928724708291e-01
5.777231640664519663e-01
5.757881411029975860e-01
6.067923266178544273e-01
5.596947663820437402e-01
5.966440194479967207e-01
5.814264922611477315e-01
5.887700410473813983e-01
5.899115023040346628e-01
5.863176943626359217e-01
5.397253600178788524e-01
5.958939015186429655e-01
6.083290424155705090e-01
6.153242831505713051e-01
6.210401559995585297e-01
5.955693493658877902e-01
6.043411470892952053e-01
6.267300436268190555e-01
6.352077153743677096e-01
5.967715830880980787e-01
6.035918052526904054e-01
5.841116250018296707e-01
5.971755578342137216e-01
5.929906001771836355e-01
5.903730299958843686e-01
6.008210060942101860e-01
5.772705872580037312e-01
5.893801648339110910e-01
6.053532527636296123e-01
5.838824329777415612e-01
5.877438797377546598e-01
6.160708368838292426e-01
5.964358220787898679e-01
6.059751233952062055e-01
5.809629437338723612e-01
5.452059938327592503e-01
6.016375484540973373e-01
6.093728220424614594e-01
5.905080304582308592e-01
5.938957852887871702e-01
5.742315734790200965e-01
5.976009112031085424e-01
5.894058416064402728e-01
6.547843535407957827e-01
6.693939421846771820e-01
6.425683232314716165e-01
6.033998113706772193e-01
5.813895939012957426e-01
5.813537715771638359e-01
5.907386785467554358e-01
6.098143074090628390e-01
6.048491205210742017e-01
6.173409790561844579e-01
5.857591975377205440e-01
6.026300741980746833e-01
6.659227096315657457e-01
6.141499943475173806e-01
6.301394999425966592e-01
5.995421585175343404e-01
6.367313962304621544e-01
6.332982481457756219e-01
6.090208319245986601e-01
6.140079432878965404e-01
6.474977570986352182e-01
6.099609253998380387e-01
6.142266297840747180e-01
6.266607541041422369e-01
5.473727988208698658e-01
5.524889381464890281e-01
6.222662085577500557e-01
5.969196919010562041e-01
6.215017129621802638e-01
6.123141583802169663e-01
6.168123265736875638e-01
6.356349466674537929e-01
6.474583672133250589e-01
6.382948199779795440e-01
6.287245913388657126e-01
5.765413665510379371e-01
6.095598047528505425e-01
6.008104349693128565e-01
6.224033349725074382e-01
6.095610308882553063e-01
6.032107717878001374e-01
6.031756257054121662e-01
5.744664412912705576e-01
5.942590552237836388e-01
5.958910879722081333e-01
5.855486333406529909e-01
5.816126358291711096e-01
6.040538829377177787e-01
5.855317326275475409e-01
5.729570033845693411e-01
5.343447757249429886e-01
6.125612851081708721e-01
5.816540453445305792e-01
6.208969069930186935e-01
5.779791567562663213e-01
5.842725821975736089e-01
5.776811861361114131e-01
5.697130027410386433e-01
5.935148299280180728e-01
5.916194270487075135e-01
6.206419688188444805e-01
6.177699914085466038e-01
6.416761647043232042e-01
6.176763985145892200e-01
6.042902498907720688e-01
6.195833051012064052e-01
5.801649477905137520e-01
5.859350419083368955e-01
6.019684725510296985e-01
5.908085142322786476e-01
5.974078534708048283e-01
6.183903520830101863e-01
5.961124214523669806e-01
6.150279645280590790e-01
5.915370765628252814e-01
5.686486194229816160e-01
6.437506528443086573e-01
6.023596061860146955e-01
6.352364411102704445e-01
6.093345414655302328e-01
5.860632045613693997e-01
6.146220384869630626e-01
6.195357746235210517e-01
6.101236999042455311e-01
6.039863139513198531e-01
6.080340490361554329e-01
6.176165178590047322e-01
5.923961205644074912e-01
6.242922587905668230e-01
5.970726345737360496e-01
6.307123209128709940e-01
6.119632150223235367e-01
6.251812168121293478e-01
6.098865612705594019e-01
6.500689757944984049e-01
6.182605133002796460e-01
6.117782881831396180e-01
6.441929741463936487e-01
6.361326199212018473e-01
6.416539853255894821e-01
5.983304594925568098e-01
6.652620489360367984e-01
6.068893259238526960e-01
6.157067015193622428e-01
5.768979218827817723e-01
6.371177946464459119e-01
6.188418597820305456e-01
6.224128934052329809e-01
6.432450845710461218e-01
6.452191013912376150e-01
5.968302963444483966e-01
6.448141494252044303e-01
6.262408345149974576e-01
6.169629236526807947e-01
6.083452321994755607e-01
5.979117032989396119e-01
6.148130894998284912e-01
6.067838463366324042e-01
6.103324777307307381e-01
6.246034197959323686e-01
5.700034290056029684e-01
6.037931473235719215e-01
5.718073068714601970e-01
5.873220398788819852e-01
5.862350404923548641e-01
5.906834193987734460e-01
5.971052954373586852e-01
6.079768877816047468e-01
5.973189919032344530e-01
5.836334604059743025e-01
6.081674149619148428e-01
6.156243849921407829e-01
6.189689849271866606e-01
5.916327282300335444e-01
5.768679110617782602e-01
6.058020364827451099e-01
5.780749534248718069e-01
6.115714893805407337e-01
5.931069779737951908e-01
5.665930582465054099e-01
5.513592428233757836e-01
5.901273896936028995e-01
5.777873184185992050e-01
5.837306251768862309e-01
5.865918804366334616e-01
5.968300108372970314e-01
6.031442943790004119e-01
6.315575443512914111e-01
6.396659287825583462e-01
6.281076471967563801e-01
6.424468719141012141e-01
5.783326394598110598e-01
5.490148633794856847e-01
5.918480428055102882e-01
6.014854688302595509e-01
6.058282127362550895e-01
5.582453969495033697e-01
5.906877394707881201e-01
5.806677161622519900e-01
6.083361480831217527e-01
6.049959829599187433e-01
5.963963043145240617e-01
5.831790780969474675e-01
5.700066322492576276e-01
5.944111491494848964e-01
6.379710964196986245e-01
6.049664137634116479e-01
6.073594812464796489e-01
5.949383823211504829e-01
6.244625194416849601e-01
5.788193157727747895e-01
5.919782909026899409e-01
6.288501167439509709e-01
6.274624594120190579e-01
6.525443468781670919e-01
6.242566498045271084e-01
6.214461109469522349e-01
6.113916151462028825e-01
6.171350251368517004e-01
6.445437321095971450e-01
6.443726474083072420e-01
6.107616736634490229e-01
6.062531925461800419e-01
6.177720345161945570e-01
6.087309877733942942e-01
5.953730735945061969e-01
6.408841622008107919e-01
5.915456922698474340e-01
6.396269085494894480e-01
6.642071357881073057e-01
6.270788171271393097e-01
6.439669914038590459e-01
6.173786933457925397e-01
6.122507938090301360e-01
6.111682928111795698e-01
6.342050521676561026e-01
6.265726851971893385e-01
6.173229896410146189e-01
6.305567639104591171e-01
6.326340759183598506e-01
5.966208398742244290e-01
5.942451111493782800e-01
5.812598126079235872e-01
5.908576321996652503e-01
6.029057208686698921e-01
5.944115232401573357e-01
5.984005132563108287e-01
6.390888909994613121e-01
5.976300540543076911e-01
6.162457750824835712e-01
6.332032369905482572e-01
6.049357566220350257e-01
6.141366693838185009e-01
5.967963559841572563e-01
5.960066167435418283e-01
5.784582189636137128e-01
5.929327440744963651e-01
6.118908096518117512e-01
6.101120307047036562e-01
6.380489218852201105e-01
6.211698617019278945e-01
6.102196303111960818e-01
6.392638278712300393e-01
5.917202427736389936e-01
5.879442580235252347e-01
5.997255930845853955e-01
6.194602342379145199e-01
6.457442188152782148e-01
6.408409558896915881e-01
6.724847570044311107e-01
6.382626831603334105e-01
6.230511380594526694e-01
5.923392915163095962e-01
6.487804731420303561e-01
6.207118619550161531e-01
6.304331804652941740e-01
6.505201270926300738e-01
6.129803786445232605e-01
6.378943680624982182e-01
6.224140030090257181e-01
5.990540477618153670e-01
6.434348968843215388e-01
6.689783460999889630e-01
6.753448564101054430e-01
6.158580453606767868e-01
6.292642130686862956e-01
5.866647824375039733e-01
6.261120887482407582e-01
5.933946142546415725e-01
6.056477582264830906e-01
6.070588602536545197e-01
5.920627551118561316e-01
6.144420474849544567e-01
5.932652539279730242e-01
5.845519142253789990e-01
6.321981321126330933e-01
6.214863992655771385e-01
5.855959626203448565e-01
6.343014058560889623e-01
6.140689863142270166e-01
6.037548457160485382e-01
6.204916255520225299e-01
6.305587070335381128e-01
6.115577117322025247e-01
6.315372204023326219e-01
6.400798019800210126e-01
5.869443090433645871e-01
6.167588867382697293e-01
6.263148459078073937e-01
6.012997260068067007e-01
6.506314339489824849e-01
6.516294419528989579e-01
6.133126593690580997e-01
6.502805324794960207e-01
6.563590796580519582e-01
6.082537049251509620e-01
6.008759161083228051e-01
6.199725790513580526e-01
6.208882698018850510e-01
6.209137391272382400e-01
6.181538573493670086e-01
5.942254400719726437e-01
5.919014337329616682e-01
6.425986655484945409e-01
6.056942792132243847e-01
5.949903843391894931e-01
6.626800203691026736e-01
6.364802358099335144e-01
6.500296969910729361e-01
6.356563306400265789e-01
6.336254082550722977e-01
6.358441578168541053e-01
6.279879510691956934e-01
6.062776799843063724e-01
5.901424554090710650e-01
6.029732971558926513e-01
6.130921983506769646e-01
6.252585776882956248e-01
6.621310130523119231e-01
6.298310707060015279e-01
5.708141740637083794e-01
6.127460690810241362e-01
6.144094601138542222e-01
5.981048517513216645e-01
6.185659914703696138e-01
6.377527739192206946e-01
6.192529672292539367e-01
6.348653564352998435e-01
6.162030505705504702e-01
6.045262628005827477e-01
5.969058030399604364e-01
6.171922295075025211e-01
5.778016214435549580e-01
5.722984238984922811e-01
5.862484043413506152e-01
5.957264738949513694e-01
6.014066874252071981e-01
6.280611497838179957e-01
5.828244147334153968e-01
5.848343579934925929e-01
6.013807950806479008e-01
6.090482381911671572e-01
6.294025029418450767e-01
6.410992542676200445e-01
5.890398156521697848e-01
6.130469144338586140e-01
5.812674632255848683e-01
6.221035535076997469e-01
5.913216792981307313e-01
6.272579151288169008e-01
6.278022231026041400e-01
6.043726442084608186e-01
6.026731244840620727e-01
6.407592986716325045e-01
6.135668529196259824e-01
5.481685073163996558e-01
5.784999420908082390e-01
5.729082941206475876e-01
5.722176064457216160e-01
5.869233149624425439e-01
5.736052260333932562e-01
6.018980650751126760e-01
6.135546487191675391e-01
5.563468431849473150e-01
6.306552997654425452e-01
5.961377275265484776e-01
5.670739091983950653e-01
6.217991767025671246e-01
6.065952682936015528e-01
5.930480636970131281e-01
5.902532657174471842e-01
5.779914151497694830e-01
5.855361229009991009e-01
6.329980853851561173e-01
6.403825268146035032e-01
6.334123742963828629e-01
6.038677485002826861e-01
6.226154640413087415e-01
5.941046846215257693e-01
6.135117397440551512e-01
6.037473493501830379e-01
6.173801877782562064e-01
5.811917160719799469e-01
6.111871899877019398e-01
6.076166891848218121e-01
5.758199025286930839e-01
6.113015575348145214e-01
5.786738237165467424e-01
6.013717466048145166e-01
5.953561714014958817e-01
5.725363627840980296e-01
5.939404166834795218e-01
6.045486104960295926e-01
5.849658743178299813e-01
5.644409841584897558e-01
6.367191280915079910e-01
6.154141107537313138e-01
6.234882995154860108e-01
6.146854294004057140e-01
6.671256877823273923e-01
6.083167335595546232e-01
6.000813836444524041e-01
6.340027424713213788e-01
6.374596901842005670e-01
6.237141601868533280e-01
6.188351472776280060e-01
6.674815316183377867e-01
6.407018668752405555e-01
6.290160808602098808e-01
6.222002760114182518e-01
6.741526198638935208e-01
6.266653024492709889e-01
6.244274206400176608e-01
5.767674648675447102e-01
6.147705195087032060e-01
6.668011884543432188e-01
6.561197745923343927e-01
6.825400164886187282e-01
6.314250046120070126e-01
6.015501711214849001e-01
5.953305186210454680e-01
6.022571516341711506e-01
6.028081544381719281e-01
5.905321300713914923e-01
6.021736607122019080e-01
5.748221241350731647e-01
6.060309524076932242e-01
5.957043539347658401e-01
6.298336077887255469e-01
6.052209581808331018e-01
6.465719354703878263e-01
6.261332836458824991e-01
6.260256750400704506e-01
6.003301515525429899e-01
5.892149416388615668e-01
5.794664187658057353e-01
6.105799549978287999e-01
5.960530198636222465e-01
6.232277167062484358e-01
6.296207234828604671e-01
5.904575550336240708e-01
6.415384417605689560e-01
6.123115200894045929e-01
6.155467489832634476e-01
6.566833869135997315e-01
6.172374490845937700e-01
6.582894575797939574e-01
6.440054973790965143e-01
5.929864242480220593e-01
6.732288040139734475e-01
6.326091147922408009e-01
6.349972442828309971e-01
5.956158746022772732e-01
6.021760860676808047e-01
6.098715377408510108e-01
6.047015701061519977e-01
5.950791727585051927e-01
6.267844362912730061e-01
6.097470081611650050e-01
6.071755860825628348e-01
5.978215311527305120e-01
6.036162380649566783e-01
6.159302180601234911e-01
6.177328362464090672e-01
5.908592659926146240e-01
5.853160763273026479e-01
6.423912092628067949e-01
6.335371425566435066e-01
6.141139933564463416e-01
6.435502816720879427e-01
6.195692991521155601e-01
6.145633202128404360e-01
6.196756923541981710e-01
6.169050635666302185e-01
6.141901681952280923e-01
6.129143315769085554e-01
5.973070934795609022e-01
5.985570993802855622e-01
5.918202501562900286e-01
5.840724439197139128e-01
5.958491409800980021e-01
5.981455661901238230e-01
6.076886386865573142e-01
6.423134862350047269e-01
5.844081999584307408e-01
6.377686826990726088e-01
6.523832496337110820e-01
6.090023626408089807e-01
6.128701667605586101e-01
6.117149789077954702e-01
6.367568922716883018e-01
6.661520258134886463e-01
6.709005751372928428e-01
6.225156358877497187e-01
6.312105535650993637e-01
6.097218887889327421e-01
6.315092297272377753e-01
5.991698179048035033e-01
6.227915468898707063e-01
6.183357244557682320e-01
6.544736095303281820e-01
6.377680419489645258e-01
5.990175860938197205e-01
5.953929858861348734e-01
6.068640514816100451e-01
6.731724167813246673e-01
6.766085622841013780e-01
6.248534482556714620e-01
6.490348706891704289e-01
6.276632362006457910e-01
6.236085745393509239e-01
6.174548288776188221e-01
6.286686956976336171e-01
6.061182229211726780e-01
6.150770311822723047e-01
6.014671475095448860e-01
5.786663925131275699e-01
6.272104425241963321e-01
6.124858915370587908e-01
6.100777111899085003e-01
6.054712177034949905e-01
6.104520150844008342e-01
6.368687207542389483e-01
6.382329065745538932e-01
5.709239599052414738e-01
5.903745566345816043e-01
6.544329806382763737e-01
6.225786299919867650e-01
6.423692604042137155e-01
5.970878631370886147e-01
6.139552305319997405e-01
6.101792041909877007e-01
6.075666020114048882e-01
6.119541124917996511e-01
6.589620338848040104e-01
6.341617737306849412e-01
6.484883189365897582e-01
6.680516773011595522e-01
6.358934629672948757e-01
6.170036929718157870e-01
5.967734346871594875e-01
5.978304719844964588e-01
6.162490436541107064e-01
6.100760727222274138e-01
5.982126374391707468e-01
6.095558744879581159e-01
6.246113169138547416e-01
6.017770025592800165e-01
6.099001613431956903e-01
6.200267699340494820e-01
6.070481040049038324e-01
6.171557309209649844e-01
6.311329673515621019e-01
5.880172822492962803e-01
5.642069785959841210e-01
5.874579541194157040e-01
6.056644094338090589e-01
6.241357197910020194e-01
6.106241209317517793e-01
5.716583390474284654e-01
6.045011779657086803e-01
6.375572801185154237e-01
6.349391950349368985e-01
6.016104937460824420e-01
5.930285717772150189e-01
6.165000585598507943e-01
6.237706424762167190e-01
6.161584421288771596e-01
5.945569311726415229e-01
6.473421426356595898e-01
6.037435520907241671e-01
6.303519326491616726e-01
6.155614140523069100e-01
6.700463676103433075e-01
6.200158395514883125e-01
6.035639889477073528e-01
6.152282724739305264e-01
5.943084343733270325e-01
5.870800137061900070e-01
6.406047012272937380e-01
6.248785262766641813e-01
6.019465303710650472e-01
6.017620575483236811e-01
6.414979145200740973e-01
5.776054177711175130e-01
6.117299153949613544e-01
5.939450806031881802e-01
5.871273056988645100e-01
5.981687166424454194e-01
6.140380124275569562e-01
5.783004443673638306e-01
6.229150325552613721e-01
6.137877492834004078e-01
6.018820332090424330e-01
6.109505356593916137e-01
5.903383350395577933e-01
6.073835624357719620e-01
6.133452548342375188e-01
6.391489423929023195e-01
5.826098438628182219e-01
6.229633895537934896e-01
5.923118873211760116e-01
6.191325389055889472e-01
6.337944400001710443e-01
6.055554950453579943e-01
5.887644637988077578e-01
6.095159273738411931e-01
5.933473521093766134e-01
5.655196075982915627e-01
5.783574525071016881e-01
5.808775557072660689e-01
5.734728568452186481e-01
5.936623961661283699e-01
5.996404469862831599e-01
5.558698020078731705e-01
5.763539182181097731e-01
5.821285894845864561e-01
5.722651076875773235e-01
5.766538577240848396e-01
5.906939405122721976e-01
6.011737777556986906e-01
5.933010351904571822e-01
6.388661796598245068e-01
6.399840802134832973e-01
6.066991043020576457e-01
6.484702326141471573e-01
6.096929332128758761e-01
6.107769083640889329e-01
5.778819473951262164e-01
5.989052968089673135e-01
6.006669621337560327e-01
5.859697309746232374e-01
5.936969502739662952e-01
5.843672170428896306e-01
5.745903524214356350e-01
6.004984785972869998e-01
5.924581048020739482e-01
5.930931357403270709e-01
6.019262279981327790e-01
5.683045825971247966e-01
5.731036456468744378e-01
5.914208802441881518e-01
6.043785028992323394e-01
5.853584528790943819e-01
6.099200195408404079e-01
5.732534323841761426e-01
6.173823294626588076e-01
6.132395589184805873e-01
6.341348600798815127e-01
6.369870326762235857e-01
6.370261377301371652e-01
6.478416589328753750e-01
6.028729346947951928e-01
6.159155580866666480e-01
6.403569958827859399e-01
5.921608256022761196e-01
5.946072957837387207e-01
6.023363921867628257e-01
6.129955482974805969e-01
5.953413729820427047e-01
5.762365338664975356e-01
5.927573735787191600e-01
6.268723352270110238e-01
6.370715036410935506e-01
6.336178101499774229e-01
6.217108204860893883e-01
6.065761949116212914e-01
5.852900577328787879e-01
5.771266424361408687e-01
5.958946988350422025e-01
6.352542414826711781e-01
6.243868946140462839e-01
6.429387785461986304e-01
6.118744415038502860e-01
5.987199083475097661e-01
6.069509662206030720e-01
5.829681854196684387e-01
6.341878789081493162e-01
5.842436941745754453e-01
6.327731773736988696e-01
6.190640564307796634e-01
5.809788479186073218e-01
6.556206579033313497e-01
5.962441879344606566e-01
6.079904871471767391e-01
6.251338153815987342e-01
6.291556537287488204e-01
5.689335365183660898e-01
6.366557121843654521e-01
5.840237178693854503e-01
6.454970796735768346e-01
5.824064265575611410e-01
5.967321782803031160e-01
5.644384140471579991e-01
6.030045284006999573e-01
5.610938790778732255e-01
5.966891170948411816e-01
5.544950019900858340e-01
5.993684472831479759e-01
5.541468382683778504e-01
5.877838704367858158e-01
5.829034203313853135e-01
5.944802439107179648e-01
5.951111342073831523e-01
5.870710653393947931e-01
5.721895063411973625e-01
5.903211422203584746e-01
5.798772406355227060e-01
5.956415797276916058e-01
6.172302033846298608e-01
6.350586802378272999e-01
6.401397596719489158e-01
6.394145587566509858e-01
6.246203419401322732e-01
6.264504824621101031e-01
6.282348027997463058e-01
5.863431289287995840e-01
6.513630149241371736e-01
6.173486721104416430e-01
6.511392863125456953e-01
6.065781403977762443e-01
5.689288785249758673e-01
5.977238901412230687e-01
5.986702522851540254e-01
6.104979228907710942e-01
5.798489844845945429e-01
6.453858340116402914e-01
6.296481192033317464e-01
6.366334404364201172e-01
6.403555354688224011e-01
6.061284856785963404e-01
6.211229332244998513e-01
5.941583997963169050e-01
5.888220913572818072e-01
6.284948927273271702e-01
5.939670387945118479e-01
5.765646081167392634e-01
5.925308702371036018e-01
5.485133130877298813e-01
6.078010992654866440e-01
6.111319500982486108e-01
6.238509375769957233e-01
6.228378724414264100e-01
6.567905896070521665e-01
6.881612932085113821e-01
6.468337693925541032e-01
5.934796298195946784e-01
6.211268794683423300e-01
5.911807960530676143e-01
6.189405746322703683e-01
5.649484395541627402e-01
5.947491447306813006e-01
6.096475056849858243e-01
5.928179744604258339e-01
5.714944912266315402e-01
6.226285692608285460e-01
6.131669865330381386e-01
6.081747840293900698e-01
6.456001675859903699e-01
6.071174736618444312e-01
6.043943749011659872e-01
6.360786540659734145e-01
6.504832822925213920e-01
6.345927629834133832e-01
6.245602219141296318e-01
6.381416667675049448e-01
6.354057510622952432e-01
5.774825443125330970e-01
6.274621877267237968e-01
5.927464847425142347e-01
6.279016287274334918e-01
6.312454145571976261e-01
6.241377756734153293e-01
6.563667585736285837e-01
6.108935902240734128e-01
6.034530885276964129e-01
5.959108147572791392e-01
5.912959151416860015e-01
6.477388888428828873e-01
6.168320104099328516e-01
6.017766589174785574e-01
6.306945535367167732e-01
6.204710235283585895e-01
6.241872184623366016e-01
6.474323498823849610e-01
6.132211960415687724e-01
6.516343737442175099e-01
6.047055638983515058e-01
6.431892037955605490e-01
6.132935086367198307e-01
6.251017773389566656e-01
6.051971619403213598e-01
5.746378116683913406e-01
5.619298452626096951e-01
5.838719080234330283e-01
5.973606780454958631e-01
5.827677860520319442e-01
6.299008429255029684e-01
6.024033212277767335e-01
5.843460414568584227e-01
6.149703773077834779e-01
5.806160843332212051e-01
6.055712533223663874e-01
5.974814180424479204e-01
5.869436407525859822e-01
5.982562288363580949e-01
6.205017310895358795e-01
6.200473695111718975e-01
5.986584369480686396e-01
5.825688935797646018e-01
5.920922322691851702e-01
6.031607469414077549e-01
5.833686039151588787e-01
5.792519372351835338e-01
6.106018745774614009e-01
6.180463121112347302e-01
6.377719345875753065e-01
6.048104056528380568e-01
5.568363303146220966e-01
5.611676892271847406e-01
6.501600928369837273e-01
6.543505769690147744e-01
6.167772642420870088e-01
6.133645127915825501e-01
6.071824095799908116e-01
5.866330790226284009e-01
6.059391830348800356e-01
6.075365764990834361e-01
5.897824249427289223e-01
5.982684959921557022e-01
5.935304047674911931e-01
6.043893986958320808e-01
6.166197048558602622e-01
6.163030028596779841e-01
6.064935451397027721e-01
6.299962730452045578e-01
5.833811310657160965e-01
6.102442031327954819e-01
6.062945671546566828e-01
6.350349557936642020e-01
6.093922472960866532e-01
6.097140013505091272e-01
6.014711359415243486e-01
5.931047791444247208e-01
6.133067415232766884e-01
6.452813023038288520e-01
5.981685822006630460e-01
6.534406507895612615e-01
6.124161495103715991e-01
6.235473353145548625e-01
6.045191873699954366e-01
5.976205051295052639e-01
6.070866893863910985e-01
5.916802034926228471e-01
6.184817406542966189e-01
6.230894404410995957e-01
5.953843622592135398e-01
5.890900163668926215e-01
6.012603990838285561e-01
6.539400912328383608e-01
6.174540236605329246e-01
6.353167305454106017e-01
6.297857719649129216e-01
6.594594461984850664e-01
6.405744737643276343e-01
6.111925301757876738e-01
6.147664800641050586e-01
6.133860157700081750e-01
6.177474519326566771e-01
5.968806607630084970e-01
5.741160329193554235e-01
6.042644203961540228e-01
5.873266450611165368e-01
5.839143544497438221e-01
5.868958789743237148e-01
6.310636106252136557e-01
6.236834695917173876e-01
5.902244895602660746e-01
6.077659040062585172e-01
6.310044548854509827e-01
5.950710273571072628e-01
6.021442574945787829e-01
6.109521853649563239e-01
6.088439496848478960e-01
6.320420784714473328e-01
6.672010547298384830e-01
6.205890565583335183e-01
6.373587468738867168e-01
6.253438757903977407e-01
6.221140637395858874e-01
5.963604193996439040e-01
6.011794835257487923e-01
5.879641852113949296e-01
6.482425298987559703e-01
6.660204999224770273e-01
5.965042574628383054e-01
5.799088423455962538e-01
6.011331635066864409e-01
6.103920776992129982e-01
6.104748860493841578e-01
6.259083273623721189e-01
6.133994645684625047e-01
6.272578623859963454e-01
6.390653029090961335e-01
6.287296003187151650e-01
6.300439335138716679e-01
6.534248269407297860e-01
6.253215586139136972e-01
6.239448992318263887e-01
6.418765618159740782e-01
6.378194604642268839e-01
6.448442366209853338e-01
6.301952288838871263e-01
6.608112116782407508e-01
6.473629172956691935e-01
6.548949967336079592e-01
6.539915546272047076e-01
6.641816609768699253e-01
6.876252858030303949e-01
6.417031898733934758e-01
6.695659484232509007e-01
6.719868474207123521e-01
6.930980720494109848e-01
6.701998672260686130e-01
6.664489677121072653e-01
6.777653663197805711e-01
6.452236744629860077e-01
6.538149897019472911e-01
6.263646289866686701e-01
6.862129236237319851e-01
6.290442255800172688e-01
6.429734477905486578e-01
6.704789490078486569e-01
6.450608181694971188e-01
6.176340260701912444e-01
6.528498437748286864e-01
5.788046648152345153e-01
6.107140432287645471e-01
6.185102685460523997e-01
6.282139563201114552e-01
6.474848041696268375e-01
6.246701855809013715e-01
5.842050776971311477e-01
6.135040855881817023e-01
5.836073205042957568e-01
6.142645284674570494e-01
6.306158503566839935e-01
6.468402871792022779e-01
6.531142346981746449e-01
5.948019016222833022e-01
6.145243462672049795e-01
6.322663593251850456e-01
6.224152279338706073e-01
6.470642854324876181e-01
6.285006997868004541e-01
5.977145906399746744e-01
6.430868823087790842e-01
6.082826160168823826e-01
6.257702880010775903e-01
6.018655462022768354e-01
6.463695153087740675e-01
5.975543011158171991e-01
6.039861390393443941e-01
6.117013951381362613e-01
5.916184395305978949e-01
6.057444615648909236e-01
6.200307701502825175e-01
5.948136323525057279e-01
5.928458753105428913e-01
5.857047389096984302e-01
6.045283341006603139e-01
5.815571001632731107e-01
5.849239188268438028e-01
6.103461412983861578e-01
6.325880920607481750e-01
6.062177531480079651e-01
5.783547776922098871e-01
5.755163789402878427e-01
6.229231081473548537e-01
6.222200384559907205e-01
6.139635067173032645e-01
6.178512391561848949e-01
6.169354885277702483e-01
6.209058252645996978e-01
6.128949565211097017e-01
5.843839357923595879e-01
5.867759798330518528e-01
6.239782514449654371e-01
6.202502574622418274e-01
6.464335872866219246e-01
6.149538280394121204e-01
6.246774767834317732e-01
5.967655914161084096e-01
6.149645630091407078e-01
6.165776611067305124e-01
6.114498911170982431e-01
6.361120542026812430e-01
6.562046903860250247e-01
6.296840502906330128e-01
6.762537437952828023e-01
6.066454807394990878e-01
6.539809630987343247e-01
6.542408488583388859e-01
6.142520479037921755e-01
6.236191328293685388e-01
6.503155504492716954e-01
6.468757329567921266e-01
6.106179997565872597e-01
5.772555015608327178e-01
6.353789836167003102e-01
6.279799518136686132e-01
6.421922211579770279e-01
6.083691709436847006e-01
6.003337918486804092e-01
5.637012845380164894e-01
5.882831528322337578e-01
6.465669196088215109e-01
6.210623733828830595e-01
6.516304784613116130e-01
6.257854311366215505e-01
6.382125777444628278e-01
6.238454027284391357e-01
5.986090143948401554e-01
5.700618123722834829e-01
5.881597697348209808e-01
6.270417532363455893e-01
6.196997013163224599e-01
6.666340309865934621e-01
6.478014449502242922e-01
6.686989552420873339e-01
6.357603462433283337e-01
6.450517966097344402e-01
6.561376797586341292e-01
6.345187499533340159e-01
6.423460875928452829e-01
6.230968376277399301e-01
6.431525365579925380e-01
6.070371782525324500e-01
6.572647183288363726e-01
6.272058065880730116e-01
6.062709484552737393e-01
6.408069569448400227e-01
6.006658172417818076e-01
5.912186773777404758e-01
6.222606447702728749e-01
5.997079025379580264e-01
6.212094258571041472e-01
5.971421572703452529e-01
6.202583991258960872e-01
5.830337977000572547e-01
6.002175348484671824e-01
6.202631193122769560e-01
6.352869657474053966e-01
6.089770869343194004e-01
6.134718058281732889e-01
6.022886680621880595e-01
5.957340034204078316e-01
6.111241968194891516e-01
6.364651147141963117e-01
6.484278761007647995e-01
5.987736007658586157e-01
6.247552990203968371e-01
6.236431840206301258e-01
6.253108849524735557e-01
6.232083621440875909e-01
6.370021826831829825e-01
5.905785876944484869e-01
6.304439445464864455e-01
6.084430189145036971e-01
5.961005660761992120e-01
5.672714340177471559e-01
5.864555357301489691e-01
6.013540369554901677e-01
6.147849091446013770e-01
6.112430239054207348e-01
6.129044497025496474e-01
6.343320873616975497e-01
6.160310107283177850e-01
6.198746534583017276e-01
6.128003527132542816e-01
6.163438854675039602e-01
6.175514624962966659e-01
6.080726022205805714e-01
6.125764027968219061e-01
5.971185496122115577e-01
6.131254531437487776e-01
5.869583742725313913e-01
6.045934693326158182e-01
5.689341165752654916e-01
5.769440086350654529e-01
5.739412141738591266e-01
5.645342458879346603e-01
5.731412843704214444e-01
6.271752625731521480e-01
5.940616786755841261e-01
6.050260940887109973e-01
6.060629630817648827e-01
5.847232239151280986e-01
6.314014091272457385e-01
6.076511329784960447e-01
6.362234515478975005e-01
6.271460833537285673e-01
6.307413686732556979e-01
6.162374720960978047e-01
6.019046796395345345e-01
6.350308825990155226e-01
5.997360747654114643e-01
6.152099457356954293e-01
6.213553263186045728e-01
6.309146929353002253e-01
6.616347687912790265e-01
6.487945188992545464e-01
6.453397818462606184e-01
6.255666112726023798e-01
6.356846097260471229e-01
6.757312626620693985e-01
6.079477671792766769e-01
6.363185375295994373e-01
6.428736424790049142e-01
6.155159616372897213e-01
6.035621219395130854e-01
6.007386602744833048e-01
5.965998629871240855e-01
5.761499247060143380e-01
6.444456306091053133e-01
6.384817924563238600e-01
5.883781417066832331e-01
5.886373484293696556e-01
5.985442984752461504e-01
6.133514064215144224e-01
6.274524777394807629e-01
5.976086517511428609e-01
6.052465864813947327e-01
6.194607685414793563e-01
5.856534940887003771e-01
6.095909020927506861e-01
5.885553338686679847e-01
6.186134144614024999e-01
6.308555306832391851e-01
6.216562942541062897e-01
5.725461528748952977e-01
5.922114463901281267e-01
6.166836619733560010e-01
6.082967679767220526e-01
5.865465811438105304e-01
5.793272859906097860e-01
5.823781348955293646e-01
5.744857735813303501e-01
5.370604937498416609e-01
6.036251724903803906e-01
6.279443210698650857e-01
5.994562125533954289e-01
5.896156282979012619e-01
6.518602619830498046e-01
6.346319537620955797e-01
6.266644621735040221e-01
6.219213735379637287e-01
5.819800888754798063e-01
5.897486042745395673e-01
6.014328655151101044e-01
6.115447166292082848e-01
6.511612698042055225e-01
5.753255936217824829e-01
5.915021856413907875e-01
5.901483410678612929e-01
5.836016188562667129e-01
5.936933819680331181e-01
5.578477830824166706e-01
6.398217206303019600e-01
6.171490704543241002e-01
6.076785361087158055e-01
5.956312538284860292e-01
6.131267147485380820e-01
6.178158737564970471e-01
6.140945095709864354e-01
5.976732465709910791e-01
6.137866181025272150e-01
6.273369058992014358e-01
6.230026946933732157e-01
5.856083224458209502e-01
5.905801611379154492e-01
5.929656857127411085e-01
5.716554814979123433e-01
5.927556929985650092e-01
5.611686086782373684e-01
6.118487815186939294e-01
6.216519990748194946e-01
5.794233267863582171e-01
6.006933106028606861e-01
5.971515922688227507e-01
6.165107691810135515e-01
6.227646490819277458e-01
5.983402503914976300e-01
6.370550842211509801e-01
6.017705714264660610e-01
5.931231560387546509e-01
6.027707902711343380e-01
5.832151626606039141e-01
5.639281339010495664e-01
5.739735239156772417e-01
5.823884498920439690e-01
6.120848693303876376e-01
6.553492880856433001e-01
6.309249852043372631e-01
6.493549588017573093e-01
6.143613667886281826e-01
5.780154257271368223e-01
6.226952952186474155e-01
6.065748024988051323e-01
5.938454364763604554e-01
6.187237864227551620e-01
6.390957701106365629e-01
5.784432334437283885e-01
6.423085601074932649e-01
6.126615774105784729e-01
6.230458670906777741e-01
6.102625469903583122e-01
6.001736008195959204e-01
6.157722131073128935e-01
6.452730689533346942e-01
6.338364868439381183e-01
6.438050461583424422e-01
6.312056928825728885e-01
6.417982334168689240e-01
6.411760443150548161e-01
6.702546325177874964e-01
6.258988493433734757e-01
6.211501180363593333e-01
6.364147553629349030e-01
6.313145214987356812e-01
6.512576680714003974e-01
6.061087606742456835e-01
5.898460461886332329e-01
5.928203935108516953e-01
5.970419270587440375e-01
5.826955762761457658e-01
6.332603470698726644e-01
6.111221236838989546e-01
6.500872999831163179e-01
6.716701441853004662e-01
6.390458187711212101e-01
6.582357629101162066e-01
6.864187416893153815e-01
6.568155636487690296e-01
6.526301221381840545e-01
6.702327736740075759e-01
6.370981901808973058e-01
5.970225580433071721e-01
6.381451303489694693e-01
6.432700142261190690e-01
5.934566132139004191e-01
6.057291726089114592e-01
6.021199130457633997e-01
6.388346319973970955e-01
6.279970284930508351e-01
6.405679368601737700e-01
6.529235417115545337e-01
5.888356064481204966e-01
5.823763913887307631e-01
6.057017256447061460e-01
6.059159254080979107e-01
5.860901261793519668e-01
5.934032690655726139e-01
6.054480737140610636e-01
6.157603559821021033e-01
6.125314798655752124e-01
5.794324095513813111e-01
5.509737438624912054e-01
5.909075802446603909e-01
6.040772518385610912e-01
6.220635774794494033e-01
5.675929775017961587e-01
6.033738558410821629e-01
5.696450543956076418e-01
5.858423121189428873e-01
5.750787551367965156e-01
6.104319332342486026e-01
6.046521151420266582e-01
5.909614780734140371e-01
6.175355329176721586e-01
6.367598165162363655e-01
5.977993682721830515e-01
5.845599573603071919e-01
5.828653559557073205e-01
5.992512214082906796e-01
6.360271166482900362e-01
6.139466801558581821e-01
5.941401953047833473e-01
5.810059396546553012e-01
6.264526112168469218e-01
6.549391299269204936e-01
5.864857006374615267e-01
6.268711520140762827e-01
6.168733070301453125e-01
6.275127227251963147e-01
6.032106611019982800e-01
6.310383319826360360e-01
5.901541648364772019e-01
6.198681486089017145e-01
6.488929276314643335e-01
6.014756004029300218e-01
6.133574356638236136e-01
5.956022683254904582e-01
6.051682503260453760e-01
6.035165078693698337e-01
6.194321442152571633e-01
6.418594104062447236e-01
6.196520346003394630e-01
5.921999466881135987e-01
6.249743595225916160e-01
6.103094712027783419e-01
6.270299722673572385e-01
6.282787389357877839e-01
6.248378398598257721e-01
6.234785341261653846e-01
5.935026460582580876e-01
6.234093946912409034e-01
5.875706735508814393e-01
6.416784488366495953e-01
6.443701207013523558e-01
6.146381224763781681e-01
6.285711374513450744e-01
6.141062555089017438e-01
6.194289926164356919e-01
5.923793938808242787e-01
6.200389709087414936e-01
6.153081264716284693e-01
6.206287308956426330e-01
5.915702613494071560e-01
5.950885114521198282e-01
5.861373353778261963e-01
6.147560981625914689e-01
5.961288305561398548e-01
5.462807932007113232e-01
6.401218711772064252e-01
6.370086473433831387e-01
6.332011372161652218e-01
6.448000180565898187e-01
6.545129242357733412e-01
6.364479563616423086e-01
6.142054098214544400e-01
5.961194539833051254e-01
6.249898082987119796e-01
6.058090594857924449e-01
5.777224506255982384e-01
6.040675243196655941e-01
5.638732019219661051e-01
5.770224241749360994e-01
5.880762678706049629e-01
5.997653354352436850e-01
6.179905001212006033e-01
6.013143449207336566e-01
5.966028745722632420e-01
5.815728382036622346e-01
6.154423835787817820e-01
5.960540426057369112e-01
5.875783246625347900e-01
5.665755630959444789e-01
6.129355730439489669e-01
5.726791937560276047e-01
5.972785831815171642e-01
6.369360231165389630e-01
6.427811357871179299e-01
6.151988652544797542e-01
6.056620828773922049e-01
6.050531209648148945e-01
6.015158705485205148e-01
5.552283497396784950e-01
6.327513358629750506e-01
6.122379521124717838e-01
5.872636026270117160e-01
6.219612161087197943e-01
6.032681005533038210e-01
6.050943257974988887e-01
5.891383197894337620e-01
5.928825697000839057e-01
6.094318258284345813e-01
6.430020748221298987e-01
6.046857188432861463e-01
6.077029475243040935e-01
6.018886599503251444e-01
6.305798877614028353e-01
6.191664263867152629e-01
6.077943289092343493e-01
6.284108034440598622e-01
6.174179542204712989e-01
6.324514077552018110e-01
6.005038254867258729e-01
5.867669543351466954e-01
5.479837649691819967e-01
5.791278370316795820e-01
6.144395299001700339e-01
6.071361566794922782e-01
6.361602816850833175e-01
6.235170316643404709e-01
6.235774795623261202e-01
5.875315193041211748e-01
5.968336252240996620e-01
6.028814684032582916e-01
5.660076929993640427e-01
6.112149608519228394e-01
6.066906613676835702e-01
6.144010978877021412e-01
6.097355301461304666e-01
5.884679150051935759e-01
5.756135913448746644e-01
5.724892277454478595e-01
5.964970760856179721e-01
6.386886166497988127e-01
5.698031222746995361e-01
6.068247925642676899e-01
5.874180590939771518e-01
5.663352161075994040e-01
5.603692221772376136e-01
6.001092548857824838e-01
6.060518284731856165e-01
6.033073340993020395e-01
6.087073642840534760e-01
6.048123496219809381e-01
6.281874884762358446e-01
5.940614517721264365e-01
6.176336393008021730e-01
5.838921521625776156e-01
5.965904371578921728e-01
5.772924641405562385e-01
5.432986459853301753e-01
5.789878579837021144e-01
5.784262930302311867e-01
6.015197932939362335e-01
6.245323759299022948e-01
6.202961105600758307e-01
6.108865100364528899e-01
6.163653197387123361e-01
6.171212240965305851e-01
6.159637038504999218e-01
6.120358444835544143e-01
5.606006019459487399e-01
6.443787381775997192e-01
6.624612411301327164e-01
6.508861903917828595e-01
6.140509725676828179e-01
6.300106861353341747e-01
6.401211275774708609e-01
7.032589526943626712e-01
6.333924679095134236e-01
6.760138496890576443e-01
6.190493412347708446e-01
6.645244297059107463e-01
6.580851796666533637e-01
6.798217013418326182e-01
6.635067909230747407e-01
6.594065204064885055e-01
6.527706652294504863e-01
6.458200743682426248e-01
5.922552539534051697e-01
6.320778305521632667e-01
6.218384065201040256e-01
6.466598872101375628e-01
6.245022044154587837e-01
6.034765708276932372e-01
6.046081444424529217e-01
6.037656627049325930e-01
6.120575271138812834e-01
6.156791607055582816e-01
5.995546019145523431e-01
5.900597189483814953e-01
5.896422014665888556e-01
5.876388995909106461e-01
5.982171644622941153e-01
5.806281328167484101e-01
6.407090525408289938e-01
5.993563919181202904e-01
6.101862777320380404e-01
6.042143776511739173e-01
5.747076032669981016e-01
5.785660820561825401e-01
5.931131134038581942e-01
6.205749612733967302e-01
5.954232427464712929e-01
6.286563576538319875e-01
6.179162488643340501e-01
5.956154141306758687e-01
6.095745505992823388e-01
5.944265373329907787e-01
6.128215294573380323e-01
6.113737546283154467e-01
6.571251739657787416e-01
6.343060193480267728e-01
5.683633138105123050e-01
6.022060701229675628e-01
6.363253371168103856e-01
5.990651339005282905e-01
5.976441614813460257e-01
5.771445370735277525e-01
6.449755646019676991e-01
6.176789428240476720e-01
6.276530477689333809e-01
6.008069742555793846e-01
5.920486383613974279e-01
6.358277735446719037e-01
5.862853547983520874e-01
6.301047551360072774e-01
6.177161042842554961e-01
6.298862587170639404e-01
6.155689413652724040e-01
5.943584452331264201e-01
5.974545757612067520e-01
6.073948682454043402e-01
6.039756588879171550e-01
6.080798235725456413e-01
6.074637145411263539e-01
6.043743106737111681e-01
5.803403588973283789e-01
5.790787984386331910e-01
5.782599875702926218e-01
5.721493024480012179e-01
5.933896677485205329e-01
5.975460359810110811e-01
6.008061355036294904e-01
6.364226410045226157e-01
6.142120433904302290e-01
6.118037978029237101e-01
6.474466444139255206e-01
6.299463673046682421e-01
6.111777248422798348e-01
6.086390295166795861e-01
6.180930581126240497e-01
6.218355933685264514e-01
5.977747019686909802e-01
6.455933720805825393e-01
6.465430582895276279e-01
6.484507228901198461e-01
6.134603544211271187e-01
5.748392923483809369e-01
6.153604945652880742e-01
5.855248473502948636e-01
6.182841034700072846e-01
6.027025248211979047e-01
5.873191291216539600e-01
6.162886832508177593e-01
6.360018974868615338e-01
6.289155590990904710e-01
6.635373249498599524e-01
6.522786061539993518e-01
6.540404695725434703e-01
6.112697967422536793e-01
6.813265963384262935e-01
6.220534804104639326e-01
6.137128567398544288e-01
6.192638601397384424e-01
6.594777928126368538e-01
6.535779146602495038e-01
6.408887883987309797e-01
6.265129352874238000e-01
6.213943589488504227e-01
6.199000272029383529e-01
6.107095191658917788e-01
5.906410944342291858e-01
5.564051290804943317e-01
5.972908358316174615e-01
6.014512724662184340e-01
5.928421191562979198e-01
5.736211816857619272e-01
6.280168074123755328e-01
6.385888279270760526e-01
6.323951297066997546e-01
6.271240925080482365e-01
6.557840504103696899e-01
6.161720876173512051e-01
6.191294502629834939e-01
6.613104512568444004e-01
5.942884055651034281e-01
6.225901868086151092e-01
6.335542667783663484e-01
6.007762766143909250e-01
6.201383304930991880e-01
6.103394875340533154e-01
6.079715992014792514e-01
6.205993417491806330e-01
6.093142574464573968e-01
6.306800851414647857e-01
5.688018387850769519e-01
5.803198953014522266e-01
5.742715456191515022e-01
5.662663133285115169e-01
5.993556562013372391e-01
5.654667499349127491e-01
5.915207214621035492e-01
5.767198894307026258e-01
6.138119377928563658e-01
5.857196398173079022e-01
6.003588525540993759e-01
5.863167344158960459e-01
6.208759965991444973e-01
5.957677622085669755e-01
6.163882459964371563e-01
5.992770073931069641e-01
5.874957019005078163e-01
5.759742637540774535e-01
5.814886496445933473e-01
5.728185078727708879e-01
6.016855142817568725e-01
6.081232658643117572e-01
6.171281290552217413e-01
6.057210643265079630e-01
6.080933957146074098e-01
6.237026107417331655e-01
6.452376667821676515e-01
6.222936449703794226e-01
6.042394531471284580e-01
6.163532020324264948e-01
6.641886098915195102e-01
6.159522834181337947e-01
6.286636919598808104e-01
6.358037075676189476e-01
6.510353288870015520e-01
6.467844975885810310e-01
6.367109787307292379e-01
5.847008422417561135e-01
6.565918379612537548e-01
6.205075555864361103e-01
5.970628725184017327e-01
5.759433881509672393e-01
6.059191654574983543e-01
5.890541344782436184e-01
5.788496171223104225e-01
6.081166671868253326e-01
6.112188792688263428e-01
6.240089593815667524e-01
6.151344974496417706e-01
6.185787492355195871e-01
6.093190644171724291e-01
5.994654688719341928e-01
6.381741639793111487e-01
5.725708684670993698e-01
6.064444591049951150e-01
6.270708030103161468e-01
6.247152236534515568e-01
6.472842116182023764e-01
6.710353920662540661e-01
6.042423700308036105e-01
5.980742069039280961e-01
5.633254319304062951e-01
6.004252747126580525e-01
6.227346871339455303e-01
6.249521866862631780e-01
6.469353470458427680e-01
6.124328076760123807e-01
6.456554585327372031e-01
6.418641738947669095e-01
6.147743868362451902e-01
6.114484779472544318e-01
6.176691321439949922e-01
6.389178189848097045e-01
6.460479759729969018e-01
6.456821856907138946e-01
6.012492026464431039e-01
6.342652213922544968e-01
6.308253051476053752e-01
5.888461849416667393e-01
6.207167635155836916e-01
5.904951596781824463e-01
6.094559578117102472e-01
6.343274603988942051e-01
6.221573148530277209e-01
6.059077893346176413e-01
5.735722619131846667e-01
6.112295817161634837e-01
6.230634868449754782e-01
5.872082789996686536e-01
6.352566018480924059e-01
6.293415607734370587e-01
6.275596702204274679e-01
6.107107196870392718e-01
6.208927350710695681e-01
5.823088526577298030e-01
5.750953880999817303e-01
5.674393447902942311e-01
5.937909917928529957e-01
6.013634043917132077e-01
6.078214701918219776e-01
6.360297804824890378e-01
5.934824597364313226e-01
6.472906864296007479e-01
6.870114272062899374e-01
6.436369800923801288e-01
6.287966627653505114e-01
6.197297847934608583e-01
6.423426309002057133e-01
6.143550172579003155e-01
6.480222932795035584e-01
5.862444470987683287e-01
5.754146482146721420e-01
6.377314371017133166e-01
6.118637723021163044e-01
5.980758150648790572e-01
6.214812788705442737e-01
6.019976709107957014e-01
6.040392930180962239e-01
6.204153223875105150e-01
6.339189907060043261e-01
6.077204645338629696e-01
5.999299302939662404e-01
5.946954288135517519e-01
5.960826335823691258e-01
6.127527298933929112e-01
6.520999894469101665e-01
5.963968895340092669e-01
6.122861207097787251e-01
6.275419849695479391e-01
6.236729525467528124e-01
6.399826262751283634e-01
6.388225193234104982e-01
6.151342801645242053e-01
5.997798447907289887e-01
6.484821784303442804e-01
6.103685386226377352e-01
6.115053160752605965e-01
6.086143416595324318e-01
6.338931700450993745e-01
6.575724372356751557e-01
6.273079092594747719e-01
5.974948264924392349e-01
5.657092326533589288e-01
5.855502650966346589e-01
5.739105287322229243e-01
5.866172757018671691e-01
6.189652498015431048e-01
5.956797342782464977e-01
6.410034064842200507e-01
6.379288660790550791e-01
6.204929968540844332e-01
5.935666554453818966e-01
6.215329946776810832e-01
6.365669357127493599e-01
5.854948349147228726e-01
6.366923077097066397e-01
6.042871485305886248e-01
6.224367323754899095e-01
5.729352208792143353e-01
6.308452066144232262e-01
6.445351117317692502e-01
6.014335316103517348e-01
5.762827994288469702e-01
6.069653843038133045e-01
5.984204326088486958e-01
5.893592019947558880e-01
5.959300618295115815e-01
5.987343263233751989e-01
5.897402209287174735e-01
5.961595123299032739e-01
5.756030725543048732e-01
5.827981783689665241e-01
5.630262141392784470e-01
6.058183053100149040e-01
5.989267979773839068e-01
6.320686430701935032e-01
6.270848416133456560e-01
6.369811103205075264e-01
6.454922272758765178e-01
6.373779250922834150e-01
6.235938394849049882e-01
6.191446233207913430e-01
6.090652461000555240e-01
5.939082804669959526e-01
5.671436984306494899e-01
6.004478707820369854e-01
6.013137346463384159e-01
5.907431577190124239e-01
5.757424317734105568e-01
5.863228273719748307e-01
6.321228687066127172e-01
6.072989915552347018e-01
5.688047410553160876e-01
6.255374827998546605e-01
6.181140579735393548e-01
6.236972867570500512e-01
6.156445018370626521e-01
6.139828099289045271e-01
6.142669937177002160e-01
6.036208588966747168e-01
6.111307873135685131e-01
6.006913954488989349e-01
6.216903632563771653e-01
6.024077119078842246e-01
6.483894743129011706e-01
6.487663082387318259e-01
6.137952724749270450e-01
6.401131728495506046e-01
6.281829778504479656e-01
6.319485705381114871e-01
6.544162450573387524e-01
6.701550844439339016e-01
6.518969308605501167e-01
6.616254349726182760e-01
7.044555333965163424e-01
7.040277592986111665e-01
6.614879520796325130e-01
6.309836049569984562e-01
6.438129474973239841e-01
6.138932559542761291e-01
6.337259110831505726e-01
6.551148742700665384e-01
6.419038033964883372e-01
6.200642072968108875e-01
6.097126216676158617e-01
6.409048134020136622e-01
6.001236651435272185e-01
6.120960668257849902e-01
6.229463236344978672e-01
6.277773948038840590e-01
6.373373946704665727e-01
6.140864928055098648e-01
6.073178363390092649e-01
6.037399752820181709e-01
6.344758168733312109e-01
6.368700877076326483e-01
6.167444468252787360e-01
6.256438832644257708e-01
6.262226617866016865e-01
6.560013414680070376e-01
5.847753504190773555e-01
5.796506895302608875e-01
5.999637737868894760e-01
5.927692903576560202e-01
6.162659862789683363e-01
6.021361734973161850e-01
6.246823957100885449e-01
6.196016662268486463e-01
6.308013985685126945e-01
6.200328360888702761e-01
6.295707641875593064e-01
6.686654016347216567e-01
6.125259880511025878e-01
6.085766571268654834e-01
6.056468729889521452e-01
6.085547816788504649e-01
5.835625427330036752e-01
5.941310426488921603e-01
6.028028826598488266e-01
6.022242344205658293e-01
5.939944695682448650e-01
6.144951305085285531e-01
5.932504156484089686e-01
6.218111018850763783e-01
6.461935643879247460e-01
6.281730594323882144e-01
6.208510967799745206e-01
5.974956093630846565e-01
5.915310447775125047e-01
5.768763677218812225e-01
5.910534172602497360e-01
6.291443009637944783e-01
5.841260458659415233e-01
6.041993648920388482e-01
6.063368571657965500e-01
5.998454429561496104e-01
6.174924604056563071e-01
6.132464675837828727e-01
5.570138316294251934e-01
5.958597656324150504e-01
5.956728145207285108e-01
6.489314244144559485e-01
6.478734918595629999e-01
6.386390729415082346e-01
6.373332855531245178e-01
6.163422679650539804e-01
6.560186722096235101e-01
6.264129358256056435e-01
6.167110224584702038e-01
6.047148924043431739e-01
6.163529918339955005e-01
6.160223266463578096e-01
6.160861195500912935e-01
5.923224246764802192e-01
6.062350942189090874e-01
6.431219814372938215e-01
6.328722584378059235e-01
6.587748763924152762e-01
6.143062250992551432e-01
5.898707035586937542e-01
5.777067379832764304e-01
6.311799061402345590e-01
5.935544077089822679e-01
5.894032140921162677e-01
6.498328944810537466e-01
6.380564538101988203e-01
6.377665616352078404e-01
6.009109897872276784e-01
5.934104367106529665e-01
5.867912982240358621e-01
6.046357821302071889e-01
5.735189830481511875e-01
6.231973758015317832e-01
6.465426361484655216e-01
5.958007471268469413e-01
6.150890459162525747e-01
5.744603604462473756e-01
6.190733325793643660e-01
6.047239677986326889e-01
5.738636126804614879e-01
6.215252933919329648e-01
6.138755261115173001e-01
5.993332850095052233e-01
6.100220280214037061e-01
6.134314618060797697e-01
6.254017706510147656e-01
6.401418977959359990e-01
6.098964378759180738e-01
5.932693222150067225e-01
5.952382462562962884e-01
5.969759293431190494e-01
5.926403378622672191e-01
5.799560925166503678e-01
6.109525805030235901e-01
6.011840979422021780e-01
6.184958118854981812e-01
5.646693258164812157e-01
5.879823290076432452e-01
5.911261170998676207e-01
6.143223793485739215e-01
6.211979098286771750e-01
6.009180181735807036e-01
6.281186785880329415e-01
6.017230206700856510e-01
5.995875837343410675e-01
6.203687190427025211e-01
6.336896760507335635e-01
6.115456838526257544e-01
6.091508611734982592e-01
6.159657831140499251e-01
5.842575102592694192e-01
5.977132847737188781e-01
5.641501554425036868e-01
5.762289918631658958e-01
6.016441898112901976e-01
5.948533828212309027e-01
5.496619675120896220e-01
5.968299523662745631e-01
5.935809239480954735e-01
6.169177154624747583e-01
5.982819087867572438e-01
6.534007638619346858e-01
6.295045411840121119e-01
6.189019514623079754e-01
6.014359696193094518e-01
5.883282569159571374e-01
6.031619291704592989e-01
5.883308326965219770e-01
5.912174367011210352e-01
6.067449814862262425e-01
6.509347169058768978e-01
6.079005678961731940e-01
6.079563320000612725e-01
5.967185104435899223e-01
6.065536054439281122e-01
5.683440781057478297e-01
5.781876512089029196e-01
5.994952954107283238e-01
6.174753847906035986e-01
6.416481663046366135e-01
6.293782103019383012e-01
6.314461345347130994e-01
6.108049186543584863e-01
5.791796539150255718e-01
5.581788258768861644e-01
6.086863706756004966e-01
5.930203993003781981e-01
6.422753430943883846e-01
6.386240311527638935e-01
5.851058072295421963e-01
6.203897544474794579e-01
6.076506002350444691e-01
6.054899603317552836e-01
5.915878031059422781e-01
6.297699834120779050e-01
6.090204895320850964e-01
6.177766469579324404e-01
6.254741392054716798e-01
6.070904823046827659e-01
5.894047808314980541e-01
6.000699453947595519e-01
5.965283631038494905e-01
6.030621501697215336e-01
5.890890004639036670e-01
6.328992053170972021e-01
6.259797275424028307e-01
6.443454287609143849e-01
6.089581161283579291e-01
6.193623043507602288e-01
5.832512834961308679e-01
6.244099779899885405e-01
6.066886273872635904e-01
6.003164964029883421e-01
6.106190212264223094e-01
5.668301468237757490e-01
6.096235109730093749e-01
6.127498908577692083e-01
6.175251187827101029e-01
5.833569995273478748e-01
5.882134743446870706e-01
6.052341881187393025e-01
6.118538523094914083e-01
5.900161356684792135e-01
6.130930241737304609e-01
5.869511429890688081e-01
6.209961079839884102e-01
6.440552262559618990e-01
6.219319208779575670e-01
6.357018554558873102e-01
6.459858832052959299e-01
6.258004011943749667e-01
5.944374060650489122e-01
5.805803295935192399e-01
5.849158623533854406e-01
5.950119031419836002e-01
5.789375866623694966e-01
5.709656052357805489e-01
5.934547672349259617e-01
5.810325503992727070e-01
5.782212713895731326e-01
5.869768971400428637e-01
5.413510573879399823e-01
6.116709293166576744e-01
5.912562332608432003e-01
6.168281425133171902e-01
6.372817138475525001e-01
6.045492665482916639e-01
6.452087365687130260e-01
6.361046773911714913e-01
5.766432785934111349e-01
6.025529887360664416e-01
6.390303180381950998e-01
5.950749982554135453e-01
6.358253640134743367e-01
6.639405713725919922e-01
6.458866692784532848e-01
6.056922517902113556e-01
6.074201705740621682e-01
6.476584684825253957e-01
6.197569577218443593e-01
5.875192823117979524e-01
6.166198481928467645e-01
6.190523765650206567e-01
6.071231777922659889e-01
6.167450176888730207e-01
6.256127604907375517e-01
6.582006786668715970e-01
6.235538451530335813e-01
5.783515931189143755e-01
5.891871639815899897e-01
5.703485310996824209e-01
6.093715528730243580e-01
5.922091818493633308e-01
6.128860468998327260e-01
6.098027492277389161e-01
5.833039568892897098e-01
6.152154646579939268e-01
6.119048865687071181e-01
5.890546637082879622e-01
6.609734238930389250e-01
6.214438638670947146e-01
6.331926968028926961e-01
5.998742504099507933e-01
6.207473240730274622e-01
5.990233655750591968e-01
5.924986067814825841e-01
6.154369377680842801e-01
5.851934937598958220e-01
5.936839220803534767e-01
6.021322450534311033e-01
6.080692079084799584e-01
5.786136821449134882e-01
5.806319804300659193e-01
5.719859979139686468e-01
6.015443020452814205e-01
6.103437322474706273e-01
6.487190113168760375e-01
5.799048612596774399e-01
6.328618908018526223e-01
6.272634322651351457e-01
6.388233704093070342e-01
6.364009327067574606e-01
6.064660904218079907e-01
6.223383973597534924e-01
6.179231351894687307e-01
5.649747080132505594e-01
5.579377731736264723e-01
5.877980041358240593e-01
6.401271962536516646e-01
6.511681299191990346e-01
5.873411781551676203e-01
6.332034717302361670e-01
6.731299074907396429e-01
6.300349930918858199e-01
5.991807727807962891e-01
6.295448108778910479e-01
6.208991558555003731e-01
5.823803157261016050e-01
6.076584607417542250e-01
6.115411081033643725e-01
6.202692571148941125e-01
5.745478432449626638e-01
5.874926284203441096e-01
5.728687078182974624e-01
6.069029713218712097e-01
6.045577158886601410e-01
5.684810640669910597e-01
5.724280243642684285e-01
5.869935836304756016e-01
5.952769148313161729e-01
6.079297252898525628e-01
5.762836820946656280e-01
6.011918671289080418e-01
5.787720712121507960e-01
5.649380621922857060e-01
5.913034837552560985e-01
6.081545523291717048e-01
5.916417865252606711e-01
5.995207646363666099e-01
6.088714490085419540e-01
6.001469045895533316e-01
6.238122700086612404e-01
6.245607777297885743e-01
6.500030726991499197e-01
6.439246231062958348e-01
6.441793837657208144e-01
5.997421740978763349e-01
6.088269851841956459e-01
6.066221462738315973e-01
6.208116501669967979e-01
6.474295842865255279e-01
6.451156647156465196e-01
6.533693046515134384e-01
6.059129852758123880e-01
6.308457555547009044e-01
6.302093573445107788e-01
6.351247355005644746e-01
6.676093537997561667e-01
6.252657177291781609e-01
6.312884249161554440e-01
6.555541471306554069e-01
6.262662458670588128e-01
6.422384663936777649e-01
6.331601146883594211e-01
6.305720177350856437e-01
6.575016572279402949e-01
5.953142117912556541e-01
6.813101272970419897e-01
6.195322050734228814e-01
6.097379074845405977e-01
6.317814578776116408e-01
6.404886177439559347e-01
6.019007937804237152e-01
6.073176038313358172e-01
6.429534940260650533e-01
5.879563449954509080e-01
6.100405679333125164e-01
6.249025657041158421e-01
6.631999676166024926e-01
6.416903676654419630e-01
6.780627381975317114e-01
5.955501670892594523e-01
6.535695191459645059e-01
6.005997127333636554e-01
6.195005178223182973e-01
6.246689369258199287e-01
5.981094979299244052e-01
6.362573601071042084e-01
6.264355233999033823e-01
6.368539353765843014e-01
6.553304818867345949e-01
6.398864439458641362e-01
6.293289612471407724e-01
6.500921742216708710e-01
6.020322496812373636e-01
5.964682224101657271e-01
5.855029809163712073e-01
6.251479111564413049e-01
5.650389922093741468e-01
5.781735307610892383e-01
6.032854131129007369e-01
5.871658883369130777e-01
5.771540964164740828e-01
5.848448402126003032e-01
5.862954634079906580e-01
5.903702040110220262e-01
6.081245345838522942e-01
5.846217563823968844e-01
6.048933112364198728e-01
6.085448720464705641e-01
6.147017963086224279e-01
6.352238278723536524e-01
6.155111581434359325e-01
6.090186048268206864e-01
6.227410897049538985e-01
6.164331248806272923e-01
6.655704165788959292e-01
6.348331129838793441e-01
6.276237338309025304e-01
6.515204085840003989e-01
6.442050040707771874e-01
6.568582855715056068e-01
6.493810776999670020e-01
6.327767828816612816e-01
6.079940267095950146e-01
6.187458159425429649e-01
6.016010375053469916e-01
5.911670244740124813e-01
5.944645905277738951e-01
5.697739754628255993e-01
5.802319062732363975e-01
6.016497237385020069e-01
6.104272783843637251e-01
5.855154319635542670e-01
6.104263469199693315e-01
6.098599184012610808e-01
5.909572500977894327e-01
6.187252573807437983e-01
5.947584239888519253e-01
6.335926221784300427e-01
5.962640080665795317e-01
6.056271687693584038e-01
5.865173435600229412e-01
5.962564188947968580e-01
5.898038584906569737e-01
5.701765172549851934e-01
5.919568554149001738e-01
5.944474113883579935e-01
6.332583966391123198e-01
6.245984092304527335e-01
6.299435855074720925e-01
6.246276252001948803e-01
6.559996557393631411e-01
5.802820838079767451e-01
6.024014654144895786e-01
5.965596081761028735e-01
6.050660191158236945e-01
6.003687703460548475e-01
6.136749815460276203e-01
6.042725952466027062e-01
5.936782205261876832e-01
6.211593721952737290e-01
5.597763145570971988e-01
6.097664153815264276e-01
6.137654753172834265e-01
6.006803958989748171e-01
6.293901469180047670e-01
5.841171868428324254e-01
5.671987376244841395e-01
5.809152265516159819e-01
5.882024102520114761e-01
5.932492231148839279e-01
6.255603485486594950e-01
6.051429765078899514e-01
6.560075807477253607e-01
6.095673415793646521e-01
6.153818479886165038e-01
6.458356426466690392e-01
6.377863671186362327e-01
6.276881076384592806e-01
6.196111058544776506e-01
5.678245790363822820e-01
5.907602021258608893e-01
5.903542576937230724e-01
5.923499568682152328e-01
5.856443691114842087e-01
6.135108536076440133e-01
5.991130807983292561e-01
5.936331093687982063e-01
5.900747821600413889e-01
5.789476154400761132e-01
5.934451607791335626e-01
6.011344119568930999e-01
5.849408093946341092e-01
6.121914766047009682e-01
5.937731758194175757e-01
5.954824231222495268e-01
6.045588459996513730e-01
6.369451732559051615e-01
6.831920246907999816e-01
6.436275358122709456e-01
6.463257268863866756e-01
6.339217318787888633e-01
6.532551088881356494e-01
6.623412341652654689e-01
6.590984551280804071e-01
6.202930694112467336e-01
6.097701799106391984e-01
6.392724185660327851e-01
6.336849229796183147e-01
6.250017549008350937e-01
6.107496053633350019e-01
6.468679795432287216e-01
5.874181312732444926e-01
6.165770207660941082e-01
6.170605847687834489e-01
6.420069412406093079e-01
6.463002865090454740e-01
6.196333114877599080e-01
6.708559974666313819e-01
6.201914344312563498e-01
6.119878331677041094e-01
5.976721851689574816e-01
6.073925136315510009e-01
6.467561523969378445e-01
6.035019064025475277e-01
5.712898002656086049e-01
5.730137523417665468e-01
6.062869831712718316e-01
6.118978014953183608e-01
6.370305479931328563e-01
5.844430557361484091e-01
6.256174445070641355e-01
6.345936557453383253e-01
6.261067905567184733e-01
6.093055162024241245e-01
6.288427941966677759e-01
6.440173498769461435e-01
6.540113538520477832e-01
6.410936184255999759e-01
6.471232363070277271e-01
6.025302922890288793e-01
6.115802353931191204e-01
6.051313872583854447e-01
5.912319735436154522e-01
6.401685679153759079e-01
6.254691760496760011e-01
6.132694279199578657e-01
6.353921781945293112e-01
5.940818404893962734e-01
6.353809264565333237e-01
5.840836969906785248e-01
6.030394124386007082e-01
5.971009371549228506e-01
6.145373172182795329e-01
6.138784495366546023e-01
6.276481092751182711e-01
6.236823074916627574e-01
6.211159962887001784e-01
6.410049766274297234e-01
6.250870306115291486e-01
6.425759377168333009e-01
6.417605926593393795e-01
6.271055878362042924e-01
6.864484694398916842e-01
6.699272405069053304e-01
6.788024866887508724e-01
6.134140681351468727e-01
6.056210365778315063e-01
5.892306114533525374e-01
5.801771792508324532e-01
5.882907220847931606e-01
5.782817239120915387e-01
5.967773421858175720e-01
5.771520759215901242e-01
5.859915332994627413e-01
5.875966668231397128e-01
6.297413152409598869e-01
5.991971284715712498e-01
5.873891314061512325e-01
6.039385114664831411e-01
6.076078985017124845e-01
6.252755734734840587e-01
6.418388244480804916e-01
6.265104971079544782e-01
5.651647658920316841e-01
6.185968209143604124e-01
5.730296751384604814e-01
6.066308836146575567e-01
5.731091457471314543e-01
6.367565197652982345e-01
6.149381761085238596e-01
5.989840682842241248e-01
6.002813896106405922e-01
6.006696523516583675e-01
5.875208493683423683e-01
6.064034035323462302e-01
5.747517456535151670e-01
6.343690299713520275e-01
5.931271701979454747e-01
6.197474729349004008e-01
6.179028888407818165e-01
6.338470429781466464e-01
5.981071755794993283e-01
5.934988847648929866e-01
6.089049539672291012e-01
6.581600402394919280e-01
6.029242062089451570e-01
5.876577828336715381e-01
6.268270692524756660e-01
6.230180782742248402e-01
6.232045893303254092e-01
6.415862945504874348e-01
6.091232670492524592e-01
5.755324272566960664e-01
6.192711441535896366e-01
5.912181671061412791e-01
6.099110062553811940e-01
5.919221087489783262e-01
5.839195676621362630e-01
6.052810208450083440e-01
6.337102718495437603e-01
6.591061916706784096e-01
6.162787210899921542e-01
5.850261100233293821e-01
5.933990681419386570e-01
5.709073611675855586e-01
5.970498112658296774e-01
6.116959060221376365e-01
6.115754528974146620e-01
6.077583430502935258e-01
5.933672199448347673e-01
6.305376396017607910e-01
6.014369156894345814e-01
5.686507829946120252e-01
6.148409044721192540e-01
6.144178365658914398e-01
6.022554335988314911e-01
5.910768319933884518e-01
6.165958790533777600e-01
6.341452179747091300e-01
6.360744774769767629e-01
5.937755888285952688e-01
5.956975267851818412e-01
5.769385765563312951e-01
5.683261573781757114e-01
5.720908460413046681e-01
5.909296663293618357e-01
5.856023489508150881e-01
5.781170309934066109e-01
5.962020463995667541e-01
5.938536508428640115e-01
6.075161864270844925e-01
6.227297879968242134e-01
6.302620652379927746e-01
5.785281255808821799e-01
6.368548741947374081e-01
6.557184617316906827e-01
6.664347805373118661e-01
6.387671400014613976e-01
6.069253553407452095e-01
5.769662203820090651e-01
5.816859244056956646e-01
5.989663545868734174e-01
5.968863809975517576e-01
5.950353305768185663e-01
6.237785337951307074e-01
6.381361216061585129e-01
6.103539181360144728e-01
6.030046904863903823e-01
5.835454430524630309e-01
6.264690494906659524e-01
6.419618668009480222e-01
6.174356527529009098e-01
5.718805967254202427e-01
6.596404278138396915e-01
6.184514282932414009e-01
6.135525936535048963e-01
6.440535715353271629e-01
6.446613296391495718e-01
6.525042113001975341e-01
6.369469970694575656e-01
6.297158236086748406e-01
6.421865615123513171e-01
6.307859421584248727e-01
6.133940211327464365e-01
6.313856106377671029e-01
6.025311270283669751e-01
6.280397585248841397e-01
6.327085893392326854e-01
6.349269012708649296e-01
6.222384894301279390e-01
6.017180697204024264e-01
6.194404955963590531e-01
6.297158101103663697e-01
6.366045844744078197e-01
6.634724961180440417e-01
6.229410517810937131e-01
6.372068682584004495e-01
5.927900775734979977e-01
6.254624366901220256e-01
6.027378678120131061e-01
6.139244701093071743e-01
5.858824704601751643e-01
5.937900710539003590e-01
5.932820576492991993e-01
5.692863460339996351e-01
6.041918973775083357e-01
6.005285263132636997e-01
5.619059685067951948e-01
5.654735908429786573e-01
5.810113546908712845e-01
5.925242359516552648e-01
5.508257925844508573e-01
5.859681958477791497e-01
5.907456922968180590e-01
6.015090952187884810e-01
5.941842032721608158e-01
6.148355858302944066e-01
6.163110548286440116e-01
6.456162844960608993e-01
6.425229319279899265e-01
6.466843200573280104e-01
5.972127466370997784e-01
6.491235882106942690e-01
5.997830023450319015e-01
5.749402646416693630e-01
5.544367911337338972e-01
5.380539903054833983e-01
5.617415900257356487e-01
5.783791264494356765e-01
5.902999221287773546e-01
5.741302549823070756e-01
5.916856319521318630e-01
6.016729303562776687e-01
5.818516933219413101e-01
5.720683161493975710e-01
5.713730054247707635e-01
5.832354976813727276e-01
6.143969221027144600e-01
5.931883385008640541e-01
5.735068104418100665e-01
6.002367839668992788e-01
5.806339168098069159e-01
5.847392160548023909e-01
6.439285741163907062e-01
6.276097588118122461e-01
5.702616883294245875e-01
6.411265433806435654e-01
6.511645088783085678e-01
6.170542944168023736e-01
6.690998993344902113e-01
6.341054374213082045e-01
6.233355524099565281e-01
6.047752667822197115e-01
6.266346902152841736e-01
5.967672008205275880e-01
6.497904922728310328e-01
6.063439898525067040e-01
6.030728826801925457e-01
6.056818303652600211e-01
5.628380055942562299e-01
6.320295185485148570e-01
5.943278727005895101e-01
6.352203972669867582e-01
5.918978168566980669e-01
6.031544126958734431e-01
6.218024664106002186e-01
6.393805812231975194e-01
6.077524254133995774e-01
6.459765735097440231e-01
6.268961038603217961e-01
6.256289851003615787e-01
5.990797894442579929e-01
5.976288488281786826e-01
5.951682147702442860e-01
6.444575354151844682e-01
6.515758689147734817e-01
6.106603103950821732e-01
6.127366933180523612e-01
6.318524306459606388e-01
6.463052894141911864e-01
5.802238236095681456e-01
6.058200196614202948e-01
6.324436745754873357e-01
6.130853566862106696e-01
5.936740249736753849e-01
5.628186585856616020e-01
5.733546450117802395e-01
5.855849176460146133e-01
5.842287905078232813e-01
6.143791108619287566e-01
6.112280208797205017e-01
6.213255199977818499e-01
5.927003590796005028e-01
6.065284335505194413e-01
6.140950018500299645e-01
5.977235216870173673e-01
6.378704855790237049e-01
6.416905509411493513e-01
6.508835691789612854e-01
6.153549620109870499e-01
6.304236021106559562e-01
6.304077098915119581e-01
6.349812051711307692e-01
6.305158861022482908e-01
6.527300661315782460e-01
6.375944722387730801e-01
6.002212491665139815e-01
6.407635496442634082e-01
6.523055445799185170e-01
6.070241003424992066e-01
6.590829684695328483e-01
6.221167659661920313e-01
6.310974321281775934e-01
6.493417341484177818e-01
6.224033017265454548e-01
6.504974627976275459e-01
6.009444163027272134e-01
6.170503681299522869e-01
6.382483069569045986e-01
6.097013701677984621e-01
5.975191241783956997e-01
5.999975724477590866e-01
6.225371166599852346e-01
6.290300028432980195e-01
6.637301852121553214e-01
6.302122761333665002e-01
6.177164548742024586e-01
6.259750695920495156e-01
6.261779375872774667e-01
6.006288485790447496e-01
6.313391451603074245e-01
6.151807826796101830e-01
6.437017360483602291e-01
6.420681736638564896e-01
6.512894437645291301e-01
6.518356333638072320e-01
6.529682804558655240e-01
6.592699871305024439e-01
6.369338556270620622e-01
5.789289762956697505e-01
5.992297937633348504e-01
5.827613577463983674e-01
6.558118755161075342e-01
6.209165991958552899e-01
6.541450400723812786e-01
6.155276413684394043e-01
5.922948344145635424e-01
6.560369719830750901e-01
6.439043263140954432e-01
5.938715708666492121e-01
6.160330474399408063e-01
6.410684189881274975e-01
6.552810776635492607e-01
6.612883200160033503e-01
6.441597186025821431e-01
6.391304596936159266e-01
6.072908583563721985e-01
5.767321016365674069e-01
6.033902766114808136e-01
5.857346286844306027e-01
5.846046374064096662e-01
5.840987996124706871e-01
6.147862744387689871e-01
6.039758124449691179e-01
5.678459385844939478e-01
5.590014275695313062e-01
5.819475606712104510e-01
6.389262807357145579e-01
6.318113925521172680e-01
5.753845266131830671e-01
6.190768451333832356e-01
6.295390036634946895e-01
6.372016413095193954e-01
5.930528351306257884e-01
5.864228834521547640e-01
6.194430329438738170e-01
6.322329174288812137e-01
6.461392567800727793e-01
6.104842689637592912e-01
6.078707398626344016e-01
5.776245639468718940e-01
6.111536928679670577e-01
6.240615073882679331e-01
5.996213444123229541e-01
6.129983684092880081e-01
6.359035573625432258e-01
6.373136101141011478e-01
6.516063783062109316e-01
6.834303164759747418e-01
6.471301198324918014e-01
6.176271840277430814e-01
6.018695181782731662e-01
6.740469891603977359e-01
6.468927014454479707e-01
6.549456079567703704e-01
6.340699702209836586e-01
6.293219370351480491e-01
6.237224291669131171e-01
6.384284245384039824e-01
6.175671477147425259e-01
5.984802463529368399e-01
6.064841141704749861e-01
6.210066351228714643e-01
6.178495508199038921e-01
6.533423052992703983e-01
6.331583643081120094e-01
6.168666781386508147e-01
6.019631492614907486e-01
5.940496503904467707e-01
6.166669994814067968e-01
6.142173452967986114e-01
5.721220144287133547e-01
6.018241266245154542e-01
6.440638021772706612e-01
5.897486842070439605e-01
6.825020962376119327e-01
6.317203484139750636e-01
6.499950730032139079e-01
6.784233975044143827e-01
6.672283804057551615e-01
6.048190369322288262e-01
6.258003647318378659e-01
6.648352394898608964e-01
6.648665920345767644e-01
6.276658341546332842e-01
5.966104325847175760e-01
6.203229283034871200e-01
6.277871974518621778e-01
6.706401206056993303e-01
6.550070467835535926e-01
6.490181163347698012e-01
6.412800731161056866e-01
6.359390784513274664e-01
6.188155663994833189e-01
6.392299707140214338e-01
6.217959105776462714e-01
6.265454345743984854e-01
6.514051300646077625e-01
6.445444167271865421e-01
5.897691490858694152e-01
6.013157727340140424e-01
6.041612998837498916e-01
6.184827748231418454e-01
6.491837398995723429e-01
6.510443672233915402e-01
6.261172474539553612e-01
6.001063842016923777e-01
5.853546881619725584e-01
5.887585121841705238e-01
6.392817696711883269e-01
6.094233952231671303e-01
6.354596867358612844e-01
6.077544714566137651e-01
6.209301487292770982e-01
5.890159120120689318e-01
6.160352560641784159e-01
5.893102742937004201e-01
6.013844116210307345e-01
6.146943878237400849e-01
6.509688801895840982e-01
5.902176024560668033e-01
5.657726622805933081e-01
5.858446914165671426e-01
5.846033927376835804e-01
5.927639758828568972e-01
5.901406538112016209e-01
5.567639127879564498e-01
5.549396425407063793e-01
5.876660236692679007e-01
6.120225976157601666e-01
5.734165594176412473e-01
6.367232440702040863e-01
6.037451555717227025e-01
6.016573575436382493e-01
6.056335831312926743e-01
6.026725948699895863e-01
5.623693448795173966e-01
6.026344904249114620e-01
5.905089431451245874e-01
6.236241774705906238e-01
6.172025209813991609e-01
5.670487475208427774e-01
6.180659187152589551e-01
6.090358887995211967e-01
6.113795648014948014e-01
6.565004673655094880e-01
6.243632654285796724e-01
6.880088223349705157e-01
6.830103455993852268e-01
6.615996653977090913e-01
6.253722372792396289e-01
6.215298806206407400e-01
6.375518032272572411e-01
6.077814531550645993e-01
6.043534008702190485e-01
6.282832649650420542e-01
6.000743569519022547e-01
6.185128347194691623e-01
6.202733880118170839e-01
6.106461873921447125e-01
6.500090877388331467e-01
6.522941688772097013e-01
5.991734008165404690e-01
5.869338027205279751e-01
6.097412927739725985e-01
5.844419356011022471e-01
6.078339138410916442e-01
6.212319114087502259e-01
5.932659167081962837e-01
5.581762607305940094e-01
5.868688831515476156e-01
6.063736523418427060e-01
5.961484698383210379e-01
6.115670373171721019e-01
5.865778943195779638e-01
6.049302371734819328e-01
6.157029157893674221e-01
5.958509741172611784e-01
6.219621402288698642e-01
6.005097127291956216e-01
6.025469364620696933e-01
6.084430522793101703e-01
6.025518501019655471e-01
6.237654445792087943e-01
6.321786000481693923e-01
6.394816387921355982e-01
6.080612289831729411e-01
6.341990116185762805e-01
6.489718546732214932e-01
6.546329486284080401e-01
6.545172506608998297e-01
5.983220970436230468e-01
6.548241000739040141e-01
6.501005627675863208e-01
6.418197700338131861e-01
5.976035710483691421e-01
6.054749176263404253e-01
6.006159457349972142e-01
6.405571310720504785e-01
6.358411723052377340e-01
5.798851398305524540e-01
6.440488136140289921e-01
6.026740254014184561e-01
6.006052371292560643e-01
5.728889928382363550e-01
5.963628071507387496e-01
6.242916516222926093e-01
5.864946702946235435e-01
5.846693399961490067e-01
5.954169273615380620e-01
5.734252441118612431e-01
6.076952715955782347e-01
5.811831061975095691e-01
6.150925473984298897e-01
6.146247375486273423e-01
6.269702371193425217e-01
6.388876838183932261e-01
6.700191905114545321e-01
6.530959270142918660e-01
6.342838181665506614e-01
6.053161970289409055e-01
6.083248464599587679e-01
6.189752024454219237e-01
6.134001210996120612e-01
6.161451721508595103e-01
6.453379020085386886e-01
6.522152138162506940e-01
6.495080373873896029e-01
6.340489612220888693e-01
6.247371024166448183e-01
6.297116499070789519e-01
6.543127539726701913e-01
6.590686059042402123e-01
6.972818221789113258e-01
6.613230118128216040e-01
6.926176104743412276e-01
6.700760836871800796e-01
6.615042595553034532e-01
6.731359047530293127e-01
6.444343547914771486e-01
6.650543515992023424e-01
6.585120232137903207e-01
6.420942214193201547e-01
6.460238891430013508e-01
6.529099600305160456e-01
6.476741825903956640e-01
6.253724471377360983e-01
6.061813788347827359e-01
5.954491091487779109e-01
6.573035387478100011e-01
6.202646007769022640e-01
5.673710034144603398e-01
6.414395826030353520e-01
6.063149567506110893e-01
6.347204350653611327e-01
6.130187935620308171e-01
6.282973829995182058e-01
6.626448104103969117e-01
6.693486588682686644e-01
6.165224252068959299e-01
5.981631893028577229e-01
6.222297753413604804e-01
6.119897166995033055e-01
6.253914768859147877e-01
6.014050859327945142e-01
6.139040779348933219e-01
6.149071071947120881e-01
6.094334088624668855e-01
5.875314365337470646e-01
6.666898707182971062e-01
6.194431857591985446e-01
6.524053900593516087e-01
6.087350533512924100e-01
5.951651939011154413e-01
6.171572265905129751e-01
6.425402949237492001e-01
6.352143856464669280e-01
6.539223865899638222e-01
6.550427395433663369e-01
6.433221227580028234e-01
6.329203913202597898e-01
6.683558842729026006e-01
6.355706934428557719e-01
6.245363179330565284e-01
6.154510343844001863e-01
6.129710373184551475e-01
5.707651833023955623e-01
5.511086214939627803e-01
5.731947789199092202e-01
6.186259576894981294e-01
5.810957818921093088e-01
5.802617516841644951e-01
5.911789242726124272e-01
6.055848956272196215e-01
6.063416044006398886e-01
5.835029443912135294e-01
6.010930547316243322e-01
5.647807353666706165e-01
5.738640369799826724e-01
5.883376906592400202e-01
5.726982248331217162e-01
6.312201015221635680e-01
6.306859742592223483e-01
6.210651266795169656e-01
6.431673486693039177e-01
6.343825703378268566e-01
6.146147730030558920e-01
6.692743630494666363e-01
6.543908270069028754e-01
6.226417569102885574e-01
6.236449280752779378e-01
6.121904239056962238e-01
6.210011380077096188e-01
6.076788445753770196e-01
6.196350602940826624e-01
6.067188572063486607e-01
5.837657726579087436e-01
5.881945953117516668e-01
6.221374869344832303e-01
6.398557393405414073e-01
6.105739149891834527e-01
6.149592450538914346e-01
6.021822078995049399e-01
6.673652209246067057e-01
6.542640241269985779e-01
6.318520380556940097e-01
6.536334464880527717e-01
6.213114757865650928e-01
6.409155200384367701e-01
5.892945692225776133e-01
6.185271850095482860e-01
5.936057749863370425e-01
5.887393846382944496e-01
6.052148519810508498e-01
5.905439310868250136e-01
5.909169623729884080e-01
5.916921388405212978e-01
6.236935840121607955e-01
5.929195439855164951e-01
6.027802229509273690e-01
6.019129159997357315e-01
6.326148523952559444e-01
6.325429775754042305e-01
6.163373525987927426e-01
6.243519553485072926e-01
6.743999293960539765e-01
6.352062143433546693e-01
6.234898050590499397e-01
6.360602665381138721e-01
6.451204984565432898e-01
6.355013843144108332e-01
6.157636215797182011e-01
5.896691942816103538e-01
5.737805400034204917e-01
6.344009077538429464e-01
5.905675180299936322e-01
6.077987976795808933e-01
5.901620655949275651e-01
6.051755976793723457e-01
5.836379512641488576e-01
6.030190863016848812e-01
6.104393989775601659e-01
6.131502989992850816e-01
5.917369490668625831e-01
5.970411186373775214e-01
5.895477387160686922e-01
5.585663519735326599e-01
5.982620599425727548e-01
5.822810665079670711e-01
6.241109152316551834e-01
5.874480453562327398e-01
5.800786557910201369e-01
5.713342100247345012e-01
6.349500105551579843e-01
6.483228227590704940e-01
6.346126360144321854e-01
6.338631155031244635e-01
5.777379977107305331e-01
5.740610517922390965e-01
5.909000464558529231e-01
6.321471631624306919e-01
6.239523045154431458e-01
5.788465641274018747e-01
5.906981036004458341e-01
5.906233865667426253e-01
6.328835484942406664e-01
6.074673085485906565e-01
5.882400522069544113e-01
5.622994831339568345e-01
5.550133792851973391e-01
6.082475172941683716e-01
6.084308461350188546e-01
6.312230386986081854e-01
6.007977872968139899e-01
6.080448609629111045e-01
6.330772069248870038e-01
5.880807071807238051e-01
5.797026367223234722e-01
6.137861820194384643e-01
5.947412055807220765e-01
6.178891729900370944e-01
6.157681917598891719e-01
5.826427148360552311e-01
5.750307827390710447e-01
5.730127810250867926e-01
6.006410780320415865e-01
5.882891816167796772e-01
6.168287120760193032e-01
5.961832082919243936e-01
6.367896954078658966e-01
5.775425615819465008e-01
6.201238433496920610e-01
6.501189019144730796e-01
6.293740238103908702e-01
6.249515251026031004e-01
6.228853603010281459e-01
6.156527642058897687e-01
5.785801718962326756e-01
6.268483365767772986e-01
6.323926550827015935e-01
6.005434740121169401e-01
6.370717040682657428e-01
6.225071000856011727e-01
6.467740009303952764e-01
6.204825989002441533e-01
6.148614234119096356e-01
6.414351895427010675e-01
6.291174143758834214e-01
6.320752303748572443e-01
6.547393723867059867e-01
6.570652830420001811e-01
6.114128042655561091e-01
6.450326455758335076e-01
6.532764272698662333e-01
6.298460548727656816e-01
6.307934927813595438e-01
6.196920398664811369e-01
6.192377838105040944e-01
6.202044315030269539e-01
5.955464939371097888e-01
5.934094163711051140e-01
6.052285099870104990e-01
6.220501421774018436e-01
6.509731351212082462e-01
6.128150089201883643e-01
6.208708263760235324e-01
6.176540363847992099e-01
6.154580232017344832e-01
6.196450481647145514e-01
5.774837362624807291e-01
5.859152386660869682e-01
5.839218655604881958e-01
6.121802915209120233e-01
6.134214452232822357e-01
5.784186307171075292e-01
6.149386234167565357e-01
6.053113707458069870e-01
6.044966381376982723e-01
5.821320260881029940e-01
5.730831823100381861e-01
6.087038635622094018e-01
6.191413389165785208e-01
5.913686635495216670e-01
5.731673691274927762e-01
6.242111859106072025e-01
6.099333221150042839e-01
5.994464480858840982e-01
5.868537799747868267e-01
5.663213079397527716e-01
5.686055714041896580e-01
5.727394416891183893e-01
5.912202057332652805e-01
5.774647019556562455e-01
5.914436258251910550e-01
6.093616561011926391e-01
5.889782791470097312e-01
5.429815535364542756e-01
5.775806328728637640e-01
5.648459656887303559e-01
5.845178424980691512e-01
5.771108277163048417e-01
5.951389010034280336e-01
5.865190049527304605e-01
5.649321732449352762e-01
5.873668257037876206e-01
6.493271493038030862e-01
6.186916020833276297e-01
5.990397809535964457e-01
6.632415309105926804e-01
6.321243842353601039e-01
6.948836994694431723e-01
6.577495619810204142e-01
6.738042344943037110e-01
6.497703307076079238e-01
6.020395849433843871e-01
6.215834750747062376e-01
6.177642200794276617e-01
5.924648151047195999e-01
6.108564709626133071e-01
6.219439978368732636e-01
6.203545696187795500e-01
6.077318340378815575e-01
6.098012956962181041e-01
6.442849605646969735e-01
6.149645694049548084e-01
5.972802455358343643e-01
5.937751797242454277e-01
6.013041529290793497e-01
5.506962218962936362e-01
5.931749654426623497e-01
5.960647934496960954e-01
5.652219113190289912e-01
5.938169923536298356e-01
6.107092964961174930e-01
6.288152431744157278e-01
5.836683903415356145e-01
6.023817438808243274e-01
5.983867505034381473e-01
5.728281843173397281e-01
5.971733478718932453e-01
5.690364421876283885e-01
5.953603377951063313e-01
5.944084813390073663e-01
5.474191029666529706e-01
6.254417390483600903e-01
5.947669550894038037e-01
6.213781766126649231e-01
5.669566518967544821e-01
6.223428930605608977e-01
6.045120173784338524e-01
6.095507293297061091e-01
5.974128407121006568e-01
5.805727327244804004e-01
6.272153480635308531e-01
6.051137103591569533e-01
5.931650145245093153e-01
6.012063616014625689e-01
5.537388374642441269e-01
5.793320248985167620e-01
6.265593138531032613e-01
6.077937878423529394e-01
6.259026280397493869e-01
5.815360439495277367e-01
5.528582129538303080e-01
6.042430648311503116e-01
6.104324380792494065e-01
5.817970131167634618e-01
5.939452877693035537e-01
5.862960747773312553e-01
6.481228214787554398e-01
6.178917324996330285e-01
6.055811692823320769e-01
6.079786085093392689e-01
6.037156451347152064e-01
6.247362655586128355e-01
6.320520485429715896e-01
6.121197928809241073e-01
5.715393413325906558e-01
5.905259478833591036e-01
6.070001453134795666e-01
5.963770057778247091e-01
6.231296894401572306e-01
5.652868592982865925e-01
5.967050348463278642e-01
5.876895807293538443e-01
5.843014044850119992e-01
5.942107781233528785e-01
5.933913728551764022e-01
5.977472173132534206e-01
6.170424320572284183e-01
5.971489024427616421e-01
6.156168270989711422e-01
6.064386380574549040e-01
6.151869351999446067e-01
6.294488352553380128e-01
6.226700639806359572e-01
6.073717111760160714e-01
6.249020589772268375e-01
6.098668803201795496e-01
6.052750381582491235e-01
6.088824891408741724e-01
6.301965513563280163e-01
6.256884244752445312e-01
6.226096728063842400e-01
6.444013606165065466e-01
5.889659806384849317e-01
6.372324671833518028e-01
6.194367083565937016e-01
6.476013906033916134e-01
6.195370548115564091e-01
6.331957582749601077e-01
6.375779204270626277e-01
6.353834652611428657e-01
6.331686177947161154e-01
6.281630023714576128e-01
6.378982564925408383e-01
6.325295655231588654e-01
6.193572262425218744e-01
6.156608677623687242e-01
6.117873010715495496e-01
6.207370971869038412e-01
6.189392017711775607e-01
6.153877512324460453e-01
6.087392516236781459e-01
5.941625711513005559e-01
5.694404769426479884e-01
6.255930249245913455e-01
6.395292248804950175e-01
6.564091891261911726e-01
6.280256381220840067e-01
6.241019533413133535e-01
6.169972595098414114e-01
6.281241929868603968e-01
6.433685175806580503e-01
6.149189869056291835e-01
6.435517979003692046e-01
6.384731428320299385e-01
6.281154683170945274e-01
6.146452783951633636e-01
6.360967341399570429e-01
6.489760503444128581e-01
5.987340657674782296e-01
6.103747403819692607e-01
6.292063604994141413e-01
6.278598688160575980e-01
6.313377754025589761e-01
6.074350710930774833e-01
6.126763240774022456e-01
6.276473504513456758e-01
6.331291389090542010e-01
6.047652404681332916e-01
6.394793168354310220e-01
6.038563299073649304e-01
6.279297557398818563e-01
6.279270477601756051e-01
5.971327247871766053e-01
6.062524486543251490e-01
6.579891987439113743e-01
6.119726353548882170e-01
5.963513235585227168e-01
6.283935558293886059e-01
6.317505286173291656e-01
6.070084816204476263e-01
6.194137412822745548e-01
5.830428240730729517e-01
5.739035207919297443e-01
6.443276726075884975e-01
6.020432133320777757e-01
6.130647928544445957e-01
6.218819053266645414e-01
5.683041605643815997e-01
5.950980155111150749e-01
5.994719456345254383e-01
5.924709625365434107e-01
5.912148414019829934e-01
6.177027461431622291e-01
5.974600816913974155e-01
6.372121762335491990e-01
6.377505504676916903e-01
6.216083157448345498e-01
6.575121526428043817e-01
6.218234246316729497e-01
6.491258651792913836e-01
6.184260526962181981e-01
5.883420246303757706e-01
6.171147459568183669e-01
6.373415791585399504e-01
6.239839080166054153e-01
6.522252762179074903e-01
6.135996610367689952e-01
6.568048257831055059e-01
6.409071353785540381e-01
6.239894948181408108e-01
6.272599451436569051e-01
5.749357122255291941e-01
5.711518640058891316e-01
5.963638222794170884e-01
5.878430356294176429e-01
6.092444596715128613e-01
5.965334717787806884e-01
5.862212828302928447e-01
5.704975811317026801e-01
5.549825078783423571e-01
5.686343027029893138e-01
6.062360905466391836e-01
5.972305317608591624e-01
6.107038079441398093e-01
5.922569015304104401e-01
5.990546025131258112e-01
6.104943122010497714e-01
6.084736298566009172e-01
5.707562161920611832e-01
5.817652194617073391e-01
6.049319010042970568e-01
5.846559445157136770e-01
6.249203688868717466e-01
5.972199899645772581e-01
6.384499984355805902e-01
6.190892843908153420e-01
6.341418364825096576e-01
6.088095069589223307e-01
6.063353281506573822e-01
5.997099002052871386e-01
5.837732722347788172e-01
5.915873313000191702e-01
6.144366905352238728e-01
6.556885433392843909e-01
5.901009504554212137e-01
5.860476198444872775e-01
6.052435261543532841e-01
6.140993439099073914e-01
5.928390396180439614e-01
5.659523902535744666e-01
5.977106328168677596e-01
6.075638264522879028e-01
6.245473868561425279e-01
6.058879453543432048e-01
5.842812853175043397e-01
6.027885195061694068e-01
6.033689364279416489e-01
5.931783706111912746e-01
6.310650764385121736e-01
6.550988494973458698e-01
6.410634195330476848e-01
5.648744230813950162e-01
5.978389565267171468e-01
6.017857472905779881e-01
5.959826284909479632e-01
5.901487254937455296e-01
5.709095775837824682e-01
5.749206093643215443e-01
5.988327911654203195e-01
5.600071790283936979e-01
5.648178186491037422e-01
5.948965596178086290e-01
6.314451495334395537e-01
6.067131774096032881e-01
6.355027744001867651e-01
6.299630453414872822e-01
6.416364656612706385e-01
6.393966362395471226e-01
6.114258742983321726e-01
6.080433850101440996e-01
5.980041684621405507e-01
6.283582650391524860e-01
6.188663901139725976e-01
6.239391757307573005e-01
6.286622077439512069e-01
5.853271979571461614e-01
6.089501462300080936e-01
6.490539405144847285e-01
6.251181387988281601e-01
5.963678044427206393e-01
6.212358490901093155e-01
6.163239316457896910e-01
6.247231187686551612e-01
6.298039827303845151e-01
6.524544964871149544e-01
6.140865738005487628e-01
6.155974539856570171e-01
6.239684503575331220e-01
6.423014166638069122e-01
6.257463334373064567e-01
6.836730897767454573e-01
6.364869694481182227e-01
6.062123011863350674e-01
6.312024943955086842e-01
6.349112922084657606e-01
6.304834070177663952e-01
6.450431880215694580e-01
5.928427231236051975e-01
5.943671254973204032e-01
6.144030031339101638e-01
6.541085599475826573e-01
6.291426957406590637e-01
5.899707264027237441e-01
6.212369069833559854e-01
5.731591632138089976e-01
6.106039897904281810e-01
5.777333034496895392e-01
5.978272040716003932e-01
6.438286761051830176e-01
6.309422140788339961e-01
6.546119920299475758e-01
6.219184706198601642e-01
6.338513454795665636e-01
6.383513031693414108e-01
6.371357368793738596e-01
6.404050527362099565e-01
6.604374172650002706e-01
6.181447755905833397e-01
6.452571825150628104e-01
6.212385735619607718e-01
6.316925476328409950e-01
6.203543133531796983e-01
5.936895260370314009e-01
6.161966424183531466e-01
5.735650848311599770e-01
5.886870854539056896e-01
6.188190301112238556e-01
5.856339688355660655e-01
5.998841704479213055e-01
6.297570320663277155e-01
5.967975652139083653e-01
5.993757503293624112e-01
6.189655531584020709e-01
6.233192262395603755e-01
6.170216731467303983e-01
5.867731488325590439e-01
6.664630696441151692e-01
6.198173136594424815e-01
6.325774405195012662e-01
6.077738007535066211e-01
6.167020289782173537e-01
6.355519284109412137e-01
6.322953545590683788e-01
6.198019178380500538e-01
5.831069643844313255e-01
6.009136563113848251e-01
5.799102713812013254e-01
6.034617905597668974e-01
6.004987850167525787e-01
5.857673225775358317e-01
6.063284582126294842e-01
5.935563459952478693e-01
5.661919412764401249e-01
5.604549738289877903e-01
6.092671930480333398e-01
5.839523952840527388e-01
5.607668789275432886e-01
5.984581704789289081e-01
6.036744900657702306e-01
6.007392065362024969e-01
6.080460328040923068e-01
5.991866410071475801e-01
5.734616318951103464e-01
5.884209587162811950e-01
6.306395884896704995e-01
6.244939989350486442e-01
6.096971389910097461e-01
6.086147088783833148e-01
5.899040262737493823e-01
5.973644107216690147e-01
6.409999889084638802e-01
6.153646825395989728e-01
6.294182162246468870e-01
6.091098733734039428e-01
5.866309050830422755e-01
6.077983135650618651e-01
6.176044219452379025e-01
5.919216599686981661e-01
6.282187460910932941e-01
5.772764078406209531e-01
5.915015187443515288e-01
5.981004190452463565e-01
5.883693509791356746e-01
5.828899174234299929e-01
6.023560679527176775e-01
5.826424836184004308e-01
5.804883350779627138e-01
5.830206511311184503e-01
6.365766750826074016e-01
6.126551641127335746e-01
6.124291501308354313e-01
6.268354296221460009e-01
6.423904096094937843e-01
6.104789555503571385e-01
6.052055214389602256e-01
5.978640929983202179e-01
6.144059712671985363e-01
5.852918870134795615e-01
6.049097699009614582e-01
6.007833923052263714e-01
6.017901496066153655e-01
6.123074157647209192e-01
6.151372278287150497e-01
5.787729976239709417e-01
6.092360314563972645e-01
6.125578129576505493e-01
5.648261514624373092e-01
5.705519966561951595e-01
5.970195889076009843e-01
6.132220057181895223e-01
6.352066371977258541e-01
6.240578859059127126e-01
6.201692499641384693e-01
6.141759982326054912e-01
6.165420556596393764e-01
6.315734920153078802e-01
6.011385445335658551e-01
5.749627785197816143e-01
6.263735361383628852e-01
6.234479297517880880e-01
6.168419969677625403e-01
6.207302389620240612e-01
6.356254469914401906e-01
6.235603923082498889e-01
6.365737689827403178e-01
6.014680714118817439e-01
6.281012038360269667e-01
6.331824723330041760e-01
6.063024738981303008e-01
6.009513531927316299e-01
5.532215889219280758e-01
5.986885788953042464e-01
6.757185048430678354e-01
6.116360717267710356e-01
6.249198375438458353e-01
6.200730326422231320e-01
5.933427066265739569e-01
6.012453788734561932e-01
6.112440470660788217e-01
5.779064778622367005e-01
5.900877787809342134e-01
5.879954388818469102e-01
6.071787431566874060e-01
6.024358959297295701e-01
5.980421434432779959e-01
6.347057182359263638e-01
5.864897019328437766e-01
5.837273041642858651e-01
6.191287168245762640e-01
6.680163613863094874e-01
6.246228074172228695e-01
6.145416130888240458e-01
6.246766251599222830e-01
6.158202303350299722e-01
6.305021312795776600e-01
6.288554752534791792e-01
6.450631531976849242e-01
6.299672938625223706e-01
6.223086508057179556e-01
5.968126866599029468e-01
6.089748427818604259e-01
6.306567892987046120e-01
6.204739144611198798e-01
6.020986934141132618e-01
6.706195122637439443e-01
6.476756475048643935e-01
6.535691216964577555e-01
6.158523074805156705e-01
6.463400039609020764e-01
6.459263983434232470e-01
5.949023639527695195e-01
6.059669700689414018e-01
6.021200696112164463e-01
5.763388057052107882e-01
6.268220491389924209e-01
5.695654009993500466e-01
6.654972933438758620e-01
6.573140912148860426e-01
6.314934623709592687e-01
5.670136003118230184e-01
6.024007416915236890e-01
6.452231619831045872e-01
6.568583075018243900e-01
5.987999630837212983e-01
5.959762531812748954e-01
6.214971617150494287e-01
6.048456724119047889e-01
5.953756033108785761e-01
6.266147622546506257e-01
6.498484728222126972e-01
6.664815622183285493e-01
6.689399172173520203e-01
6.034569395086057941e-01
6.426734079528051424e-01
6.756470573835882121e-01
6.369539156970183136e-01
6.100096188603891800e-01
6.211141381813412021e-01
6.045967538297813970e-01
5.870520992218637435e-01
6.284335122783506478e-01
6.178662418866213146e-01
6.109837520801237876e-01
6.372404428884369532e-01
6.094407879559192720e-01
6.128726596723170772e-01
6.384569112693553317e-01
6.070681390296575053e-01
5.980266194718955042e-01
6.384533261500303647e-01
5.956001225884879346e-01
6.086437771329668012e-01
6.106489205373704099e-01
6.550416839271393510e-01
6.263009756486966895e-01
6.402117120039502174e-01
6.034844423366036992e-01
5.815002646917323270e-01
5.908380551061465091e-01
6.306165394827366599e-01
6.015135153728687900e-01
6.028309377863260154e-01
5.943025804964467973e-01
6.064955503942494053e-01
6.072282947783383955e-01
5.872909877642951137e-01
6.271120570054617982e-01
5.985739206541199620e-01
5.760828175897264591e-01
6.209173349638824613e-01
5.256036946337779847e-01
5.583224777895264834e-01
5.607069284997503456e-01
5.908190611846686480e-01
5.734136926916457710e-01
6.109148370518048266e-01
6.126674231895770095e-01
6.311137830340718402e-01
6.200671284104610770e-01
6.043537405004046903e-01
6.032624206412922074e-01
6.531254587759459662e-01
6.005983934460018547e-01
6.229277781219781929e-01
5.877389594372923742e-01
5.950986046480443159e-01
6.030707720472531230e-01
6.092500863863579141e-01
6.199805547707201159e-01
6.234293447830965285e-01
6.424040449676894360e-01
6.018898630874733868e-01
6.458323967975856394e-01
6.219558317607188913e-01
6.199944476020075035e-01
6.150997973787596385e-01
5.950165288280626630e-01
5.798054219914400287e-01
5.693138237091347476e-01
5.830231434496953025e-01
5.825964748793107661e-01
6.236971084296416556e-01
6.138340634341504787e-01
6.180725127757682458e-01
6.135723818836489318e-01
6.305107801096222486e-01
6.048547610591913370e-01
6.542208639441406959e-01
6.282414533035012294e-01
5.970195539570407606e-01
5.830929876925790012e-01
6.132130941064184437e-01
6.296841189109604331e-01
6.059594099039459225e-01
6.148318770339337158e-01
6.046947342894488653e-01
6.086748045082333025e-01
6.191431904372082240e-01
6.287395464455756144e-01
6.046655817513801878e-01
6.004936486047358635e-01
6.308304479200327330e-01
5.976350917400059526e-01
6.175294710350253125e-01
6.107678848978689290e-01
6.016643305229774086e-01
5.947008434540075328e-01
5.567375526896282123e-01
5.823576876105798217e-01
5.873691484084968550e-01
5.971990181164996692e-01
5.704664078581653808e-01
6.074741097281649571e-01
5.854687424963940234e-01
6.002403888103580165e-01
6.059396017599155693e-01
5.966044197470968813e-01
6.236884760138259320e-01
6.294424769357018778e-01
6.286297854273985575e-01
6.120153299831938565e-01
6.205159283399795944e-01
5.995130750142266818e-01
6.063022053805035005e-01
5.734144430899568157e-01
5.989011226422515932e-01
6.321217063705695249e-01
6.310602060479779674e-01
6.289394650912735196e-01
6.332947288947786690e-01
6.299081318202690571e-01
6.310725571985305038e-01
6.248736804479042561e-01
6.488266780856933869e-01
6.209019962846633600e-01
5.842756596349210074e-01
6.039700110253652943e-01
5.812588478484340682e-01
6.094027313530026024e-01
5.807403389239360614e-01
5.860499144581371445e-01
5.663275759713345403e-01
6.039625184412811265e-01
6.488392682756568552e-01
6.311410161001891339e-01
6.600393946103985110e-01
5.980723119907799257e-01
5.980790025687144906e-01
6.199252801838002203e-01
5.925998900501295852e-01
6.071300354065439775e-01
6.556520721985337197e-01
5.997846696614670403e-01
5.704318696527843624e-01
6.514661697123588224e-01
6.023579456241439090e-01
6.152221681973173428e-01
5.732694616990005043e-01
6.014869444572921164e-01
5.886755387134851025e-01
5.841461005092135617e-01
6.185216177068462162e-01
6.172065791237488774e-01
6.180376105408469378e-01
6.552368335301512747e-01
6.112953041590528658e-01
6.164261332485871936e-01
6.076983411911528465e-01
6.528293994228661079e-01
6.005140692320332096e-01
5.880259001570230515e-01
5.711411779461053051e-01
6.365209448484685506e-01
6.066921985163110653e-01
6.069478291461385400e-01
6.171051491415158186e-01
6.006332750950691413e-01
6.176762922037086767e-01
5.824611608997380952e-01
5.962270877520259305e-01
6.010376432208482944e-01
5.910882426471303352e-01
6.097941919268580202e-01
5.946744636316706467e-01
6.215039475150669901e-01
6.605665256996288148e-01
6.138223491036440826e-01
6.370645102678189620e-01
6.319274630320012021e-01
6.009616902185640486e-01
6.185645304794906707e-01
6.286471999795281151e-01
6.142570683082507754e-01
6.279433807373584475e-01
6.168991564985826237e-01
6.337362225292046958e-01
6.470438705793100098e-01
6.355851724783710965e-01
5.942773887065148086e-01
6.426178701430246276e-01
6.103819294547349061e-01
6.392619865812821933e-01
6.517004553538668921e-01
6.294506618570095968e-01
6.172704192054230266e-01
6.567976746810791910e-01
6.593030004253758181e-01
6.215296643446314162e-01
6.331502260674130023e-01
6.549210808020035079e-01
6.123643098857604050e-01
6.295860434788889126e-01
6.743489604297242535e-01
6.566227451995275688e-01
6.227040608215534956e-01
6.015095388638902474e-01
5.588100744933509612e-01
5.874577896257435761e-01
5.756668250782535079e-01
5.720739017837155327e-01
6.183535281945680140e-01
6.129596722232469874e-01
6.038332341255504554e-01
5.862982262990237281e-01
5.928681158569609755e-01
5.922294830593959336e-01
6.116411750228791799e-01
5.876828994826721608e-01
6.021003601617938017e-01
5.662733283533684103e-01
5.983320240273394264e-01
6.389092596663944468e-01
6.367221540121230650e-01
5.890966352475519585e-01
5.976091488795250983e-01
6.036005276497850014e-01
6.224306630694810272e-01
5.853825548385395150e-01
5.764116363527198583e-01
5.811618647107448243e-01
6.197001260557204461e-01
6.056018345265106184e-01
6.237270882240215641e-01
6.316326503807755399e-01
6.316854579080424248e-01
6.106651132543258198e-01
6.032407047402811306e-01
5.696338369933341417e-01
6.282993078508068985e-01
6.107569958686507317e-01
5.884315372173095637e-01
6.123576597804072374e-01
6.116519174593967323e-01
5.937795225362716423e-01
6.362503969394893710e-01
6.179823674119254706e-01
6.007972622879634850e-01
5.876712727723027996e-01
5.784510637354493001e-01
6.380911980551474683e-01
5.755080760367625725e-01
6.136247003750955331e-01
6.366299570371342087e-01
6.065444128269854573e-01
