6.247887349547041058e-01
5.935945014445002110e-01
6.061571948759167938e-01
6.270021975924475743e-01
5.942958180754870368e-01
6.339749938647257776e-01
5.875919952277792735e-01
6.354560037290061247e-01
6.091969846958785739e-01
6.316197802928146254e-01
6.528266293051028235e-01
6.255903739573149824e-01
6.323234176056306000e-01
6.162352049162300727e-01
6.064339157277781611e-01
6.103579043275167981e-01
6.580502046526698345e-01
6.235198551740650519e-01
6.363768564461125266e-01
6.172933075045596851e-01
6.064273515663103353e-01
5.954756953752409210e-01
5.924166161717792090e-01
6.013176671672787466e-01
6.292154538441978584e-01
6.329196202691951267e-01
6.369441544715891412e-01
6.126672571852417315e-01
5.803636008084310793e-01
5.857735000276513837e-01
6.045337722341928011e-01
6.363194004484642452e-01
6.254226287014168495e-01
6.495631179110873399e-01
6.361517336467665817e-01
6.060872608098564207e-01
6.135944746028780816e-01
6.159977341671855067e-01
6.286526758690327288e-01
5.468205430703740877e-01
5.686609888425163684e-01
6.118587697046414808e-01
6.180912466820028817e-01
6.233163654486616467e-01
6.392758483107012779e-01
6.620136467181205742e-01
6.571669948722451693e-01
6.607601629611093985e-01
7.008862302765030972e-01
6.648671050192963561e-01
6.688490992289679582e-01
6.507996853555965133e-01
6.513038431678572771e-01
6.141990491989784973e-01
6.477931883380494416e-01
6.062891463001132131e-01
6.070398969695199876e-01
6.438544373248334951e-01
6.500971699716601160e-01
6.436077839344717111e-01
5.981822505583516136e-01
5.679142691087559758e-01
6.105266944010151464e-01
5.891859904109082446e-01
5.972123012371922668e-01
6.156335723355617073e-01
6.041911963891446469e-01
6.027513775353550152e-01
5.885086639322825164e-01
6.098468103662930684e-01
6.008202517836133127e-01
6.114188921750868255e-01
6.363072459538514636e-01
6.441212853529751925e-01
6.273624674102209475e-01
6.097129882577472237e-01
6.120432129561712564e-01
6.322088190959060938e-01
5.987113978347545773e-01
6.327205673775183614e-01
6.356580175310054814e-01
5.945656329870597778e-01
6.141431508901973313e-01
6.175426824237005841e-01
5.889680529922259877e-01
5.753123533284459912e-01
5.803166484689392668e-01
6.268147759788776918e-01
5.754696659316134166e-01
6.659828124658861981e-01
6.155059447222817059e-01
6.047304078893399604e-01
5.833990661060881600e-01
6.322406520328935908e-01
5.900322586703108385e-01
6.021693450559688632e-01
5.915771435913836918e-01
5.833620474527493327e-01
6.339958661566493792e-01
5.934739125877346311e-01
6.327739853727275543e-01
5.781897625891444514e-01
6.158387591781240289e-01
6.214161226224526047e-01
6.484149763222080143e-01
6.623680549750210478e-01
5.848565715609519433e-01
6.618463324330161601e-01
6.384831078054503672e-01
6.544836848455352074e-01
5.972788465289763371e-01
6.188089590040487531e-01
6.362714352089111625e-01
6.255102175338134174e-01
6.108052447618455005e-01
6.247133610469003395e-01
5.961923837016339656e-01
6.346909919485298479e-01
6.147217824446543633e-01
6.558440233789970542e-01
6.017635232930784728e-01
5.893810606779416039e-01
6.506047263383089030e-01
6.379711138619966748e-01
6.300072866509248692e-01
5.872455996993549698e-01
5.690475948277610163e-01
6.416580035719903208e-01
6.601196744917355863e-01
5.712493963270802722e-01
5.996605822347971237e-01
6.018830975081549406e-01
5.942413723001699344e-01
5.957103965715777605e-01
5.987598358998429404e-01
6.043028568886947838e-01
6.088819992679627147e-01
6.164866559333921359e-01
6.024973225061881488e-01
6.138221848048985851e-01
5.982039739084193952e-01
6.082881183213376675e-01
6.366973924749066427e-01
6.218371263317173936e-01
6.212907268828046226e-01
5.996947176245633893e-01
5.812034250869900776e-01
5.922361402993325807e-01
6.082692798411599711e-01
6.188102253718719137e-01
5.803275888747522204e-01
5.868320860961045993e-01
6.246580776974135496e-01
6.225983834733758160e-01
6.062584404109846448e-01
6.230708481211518768e-01
6.082497778152589074e-01
5.988195976272753240e-01
6.039786704067355849e-01
5.730965224706485728e-01
5.772065515925175472e-01
6.019133628256932989e-01
5.786275866942940382e-01
5.795193976621861864e-01
5.980075488049362287e-01
5.918375464494795013e-01
6.075981036537279056e-01
5.987512362697186008e-01
6.051503782238899509e-01
5.830742081406102839e-01
6.084534623875892390e-01
5.623156044246072627e-01
5.777625586277643777e-01
5.874475564962005070e-01
5.950750128612506407e-01
5.667311104573421465e-01
6.132354006337189523e-01
6.340228366942600724e-01
6.221123858766184345e-01
6.575307661388010150e-01
5.867304742209351609e-01
6.252654672335481445e-01
6.492083007340011536e-01
6.390723925228409819e-01
6.113015742239429340e-01
6.634179636794281798e-01
6.107964535050963706e-01
6.213640892214086220e-01
5.995324845419061077e-01
5.992088471739942523e-01
5.910244972228488880e-01
5.975959190357110762e-01
5.997766293890668399e-01
5.991302459301161010e-01
6.082665101082701531e-01
5.898155690302896437e-01
5.704502341518207231e-01
5.625182686373367824e-01
6.143646217367184637e-01
5.871993733149383221e-01
6.297926626598435718e-01
6.245605498499533503e-01
6.179299519519351191e-01
6.609684218125065902e-01
6.350511316957330177e-01
5.981814635719833184e-01
6.165779437313260170e-01
6.167344154136460421e-01
5.734801815409480419e-01
6.071406860924715154e-01
5.925442926568386115e-01
6.118745811301918858e-01
6.585676572308191146e-01
6.899280679518718928e-01
6.398151774450765439e-01
6.365341290121755424e-01
6.470605727644522798e-01
6.100348480704712584e-01
6.477545170158315324e-01
6.699822458647729517e-01
6.617617487493998585e-01
6.309184158190320746e-01
6.129924039535359359e-01
6.192138344873849842e-01
6.160833261504787828e-01
6.275524771569610527e-01
6.004063949176696724e-01
5.998507186161198268e-01
6.214414902347838998e-01
6.015968167498834118e-01
6.425904578647929632e-01
6.591632656033540316e-01
5.933545509819627695e-01
5.801283107520532889e-01
5.464318038843732905e-01
5.610948511040103615e-01
5.993971347562859764e-01
6.052000847231583380e-01
6.137107465353428548e-01
6.209359919350502244e-01
6.631143401551078398e-01
6.488410857295513479e-01
6.266395740835649653e-01
5.934908651016004288e-01
6.521447247303088224e-01
6.159179978945064082e-01
6.269693469978524503e-01
5.919911702989056890e-01
6.297032020478114944e-01
6.001057077941091000e-01
6.014612346846970325e-01
6.384020872634551536e-01
6.280225945359432238e-01
6.121788528164177068e-01
6.308560167325293344e-01
6.107868341835003267e-01
6.507435621950868887e-01
6.180491236107756858e-01
6.367561868433536665e-01
6.444568150894216529e-01
6.492406334612488283e-01
6.614718617036668968e-01
6.604022837777164812e-01
6.477610791855243910e-01
6.512884107046795767e-01
6.312068253695922726e-01
6.119426921071399184e-01
6.417076576317946035e-01
6.546213169663744891e-01
6.311635967147292137e-01
6.405905879417439497e-01
6.759974689917435109e-01
6.504460351593497336e-01
6.378887009701799116e-01
6.826717199257297253e-01
6.374977280073259589e-01
6.363654858955714033e-01
6.156649694691866959e-01
6.044401374638408431e-01
5.673212383661675462e-01
6.356319248107231701e-01
6.231948307093508888e-01
5.707124364303317599e-01
6.089909416147446519e-01
6.278558281714260447e-01
5.857906835136158508e-01
6.321471149373931731e-01
5.999014817830191637e-01
5.918064325364874589e-01
6.420843806200436932e-01
6.414572112843242024e-01
6.494050160203056477e-01
6.263640349966392851e-01
6.565800918811756093e-01
6.509056335976141083e-01
6.092665487399526736e-01
6.207197986504058296e-01
6.280426343023577385e-01
5.762716553522535534e-01
5.608280673842588326e-01
5.953794035146918739e-01
5.933404888707627389e-01
6.014669166129705813e-01
6.228761662481224759e-01
6.045403130234834332e-01
6.179514208807538322e-01
5.986606644678892364e-01
6.159104207816340493e-01
6.246514290951048487e-01
6.223126346739071835e-01
6.224693352513304134e-01
5.854452110377325047e-01
5.745153258954562858e-01
6.203021078364528984e-01
6.410988821466755416e-01
6.313814296954967098e-01
5.656162169320396726e-01
5.864876897388814347e-01
5.927829914778296461e-01
5.687725100514277043e-01
6.077160211489713859e-01
5.814283721005396588e-01
6.312484439593898378e-01
6.478547517151748147e-01
6.113595661713293605e-01
6.057954791829759378e-01
6.198232530572826970e-01
6.077482317266134082e-01
6.454914026490611301e-01
6.149456143527984864e-01
6.117000135635340952e-01
6.044516430968815968e-01
6.321111360960526282e-01
6.018230001181406053e-01
6.098648106784811951e-01
6.171454016862164549e-01
6.159736436444720464e-01
6.344337802660648951e-01
5.776565123036839777e-01
6.122734359409057747e-01
6.026174913460814464e-01
5.784926133176437890e-01
6.166877355070745637e-01
6.196921501756751383e-01
6.377652061347212076e-01
6.074145291419066339e-01
5.989166883791735563e-01
6.200790205595739790e-01
6.013385955880319322e-01
6.066281009067170382e-01
6.178606115175169222e-01
6.134220859431500639e-01
6.094434372065083982e-01
6.369348881739136381e-01
6.252612718666449299e-01
6.137568437209112160e-01
5.601057082161831069e-01
5.722723321141853781e-01
5.794397486462889990e-01
6.047574355279086156e-01
6.024966096320603093e-01
5.929560738706355361e-01
6.108161959130056218e-01
5.982979552531132450e-01
5.853174697886128763e-01
6.166553875970710585e-01
6.285854550181907419e-01
6.215493332184505171e-01
5.966133941134844632e-01
5.998613422196653611e-01
6.750439184632051060e-01
6.258973573400724577e-01
6.076898163602291181e-01
6.156318087739169886e-01
6.227670362882118393e-01
6.068841437430534391e-01
6.134533218907729513e-01
6.224509048699065072e-01
6.530766955398724649e-01
6.326567313068747200e-01
6.131699537473572770e-01
6.423847391525258077e-01
6.406013828860339654e-01
6.546917844454435143e-01
6.493054973675993491e-01
6.185116479888639329e-01
5.506996104129625591e-01
6.405070691498382374e-01
5.996888093882868365e-01
6.163528313951042170e-01
6.184349461149746263e-01
6.627385233833135159e-01
6.165385479570938410e-01
6.163963645349129772e-01
6.067797116641387989e-01
5.984369358561695273e-01
6.251053176682993540e-01
6.313370254335622933e-01
6.389284374975939818e-01
6.200355086689346429e-01
6.426134466331467898e-01
6.093554568833877694e-01
5.822821017449554271e-01
6.248922942111951873e-01
6.222806984245285999e-01
5.751649624352690449e-01
6.005495330769068385e-01
6.376874109306175376e-01
5.999407862100024635e-01
6.144925752988830148e-01
6.426990135052778053e-01
6.353031195613563220e-01
6.341871450728451265e-01
5.978095849021082264e-01
6.393654884072470512e-01
6.087443963380007039e-01
6.083833940298274401e-01
5.900980875904723311e-01
6.187086762024571751e-01
5.835543549703972044e-01
6.015531750304958791e-01
5.706867259299769346e-01
6.178726403678960200e-01
5.981783640055868823e-01
6.020064082138606443e-01
6.109506105374328255e-01
6.035206695450805459e-01
6.454282419178106744e-01
5.868511269124000451e-01
5.574762469296509204e-01
5.880008390915957284e-01
6.093531852532387827e-01
5.835798835388444905e-01
5.877007561366882626e-01
5.770055877217328266e-01
5.687688391527140341e-01
6.086513003185610726e-01
6.237085387491380084e-01
6.249168864640782806e-01
6.256906829182539154e-01
6.205960932008123265e-01
6.649570648044540455e-01
6.312738011668852511e-01
6.177565318927756843e-01
6.220720503030512383e-01
6.200852584206517637e-01
6.325050584670698361e-01
6.134355947098729667e-01
6.265456870425992753e-01
5.895850739481978131e-01
6.180363653685827519e-01
6.048345536498201946e-01
6.033619225538587871e-01
6.379915321145025464e-01
5.900030151002395584e-01
6.188543269844976047e-01
6.572296807897729520e-01
6.189900696002836877e-01
6.603278617627479363e-01
6.516927397388264653e-01
6.246421699826153473e-01
6.258254083635474974e-01
6.127414723638157090e-01
6.105518712329435216e-01
6.055299411733727766e-01
6.087084409624855530e-01
6.109163645185441416e-01
6.282824265265519736e-01
6.157086251267543942e-01
6.146018476540969777e-01
6.329848262432961059e-01
6.208624966419618030e-01
6.195041809077088679e-01
6.076927827197673437e-01
6.289342301192045737e-01
6.534020928350121604e-01
6.260401687251707648e-01
6.228866189514896679e-01
5.923927726723066112e-01
5.806508348117765950e-01
5.918851685398497375e-01
6.147201848779643152e-01
6.308783311608310296e-01
6.407111908663573052e-01
6.437022673501003878e-01
6.356359682441771186e-01
6.610347589005016733e-01
6.405789969366145753e-01
6.365590032784245178e-01
5.906672558847508858e-01
6.141801418217439634e-01
6.310891219419744180e-01
6.113628501197547749e-01
6.057106778782256340e-01
5.940092872242134225e-01
5.860319243443965487e-01
6.138337056569690420e-01
6.404916685652394248e-01
6.262749712641200173e-01
6.346071134446903406e-01
6.393034555024217358e-01
6.060978431465876559e-01
5.805269211107659810e-01
6.469555160576654362e-01
6.507498630198844669e-01
6.138535762030814524e-01
6.545504330949764027e-01
6.766567040113200537e-01
6.482510712946224496e-01
6.272524698500357987e-01
5.928782058264516763e-01
6.057054112468500673e-01
5.988590510639084652e-01
6.003220823098586179e-01
6.390847891879780640e-01
6.098748064929563339e-01
5.941535608861235884e-01
6.016921092104275948e-01
5.894215394145800868e-01
6.181106531936894077e-01
6.370791837513434253e-01
6.139323598652132175e-01
5.877499552942150318e-01
6.142526503616683176e-01
6.126054173484924981e-01
5.976483384889286210e-01
5.754047076065110788e-01
5.779834456318391211e-01
6.118587026739953361e-01
6.168343975856861450e-01
6.347236033349133999e-01
6.294993967051780714e-01
6.176023662194228825e-01
6.380992140269836632e-01
6.400601184280992895e-01
6.081965539819597089e-01
5.840178525732439008e-01
6.047495513641033549e-01
5.848106649863192841e-01
6.002340930592420243e-01
6.262719625858809147e-01
5.954149285315639695e-01
6.093844649164867899e-01
6.078082300523760528e-01
6.243459792573524680e-01
5.887921406799705437e-01
5.841589669126110440e-01
5.943087597206947459e-01
6.075633614201714217e-01
5.970463048205834067e-01
6.241587699774516773e-01
6.092965753247318039e-01
6.293700136304251069e-01
5.948239490931996887e-01
5.788517905271348685e-01
5.819548906188459769e-01
6.129680466745531797e-01
6.117026169608761332e-01
6.122836911789666381e-01
6.218098539482103115e-01
6.104184278804746233e-01
6.151460722816198823e-01
6.248398993897336107e-01
6.109601870220073838e-01
6.073898138487966447e-01
5.971030237668988327e-01
6.086153376150760241e-01
6.096162532242326293e-01
6.210502048212553916e-01
6.226216340946068017e-01
6.198709743172212683e-01
6.537609400707178331e-01
6.415683780203201847e-01
5.993808139652151423e-01
6.010216019860608050e-01
6.360563599102939669e-01
6.020710412054174343e-01
6.005943309817786124e-01
6.424570001307823297e-01
6.509541217234530164e-01
6.388176605568858246e-01
6.318876764369141252e-01
6.400930961946547093e-01
6.211286389713310818e-01
5.982081547958130185e-01
5.896659085732809391e-01
5.924987556856996518e-01
5.618084749994863847e-01
5.884971575647042208e-01
5.595679038413101658e-01
6.032986589247175679e-01
6.219631950021179412e-01
6.698018173125342978e-01
6.014547897078916794e-01
5.886412349029984670e-01
5.891474618155337906e-01
6.235532057851700394e-01
6.217510122919390758e-01
5.865999908027966780e-01
5.942293854665164909e-01
5.571011801673031449e-01
5.816736193394973498e-01
5.905443300228956360e-01
5.582936588697616775e-01
5.562247506042197198e-01
5.882122814041216285e-01
5.928785935147830033e-01
5.834550610728398423e-01
5.987961407135319325e-01
6.465541987312171113e-01
5.629972693249785110e-01
5.995254204182541846e-01
6.340676670818565785e-01
6.166021625878101986e-01
6.222916617776306225e-01
5.970757988881123524e-01
6.148083392686342075e-01
5.957065953487318266e-01
5.999180019297094546e-01
6.123231591798063977e-01
6.332965534318180101e-01
6.338785488256196698e-01
5.817040769284075319e-01
6.236621152656947054e-01
6.000037349258658947e-01
5.968937679002603858e-01
5.771603932406144111e-01
5.997413962778115337e-01
6.008965564484033406e-01
5.826301139558690556e-01
5.980538535124828581e-01
5.674229122568423822e-01
5.939797441714999016e-01
6.266635723763323007e-01
6.528846994667618642e-01
6.060582679019859142e-01
6.212035857832232111e-01
6.113501487496971754e-01
5.881802532701083663e-01
6.416169010902765812e-01
6.191637724466361181e-01
6.116651128682958349e-01
6.189510274909707510e-01
6.287943999528328165e-01
6.573402212778738374e-01
6.395099361843944452e-01
6.149002175886494337e-01
6.196207512857933031e-01
6.592528923632313687e-01
6.455710864496965185e-01
6.349642541454110223e-01
5.953723235226332511e-01
6.085481142914027641e-01
5.993795185034415107e-01
6.276847041245636749e-01
6.282036050498637225e-01
6.269232666510918817e-01
6.082750478375157366e-01
5.836762181968526697e-01
6.209000986670767386e-01
5.919347968816545125e-01
5.868860438199933194e-01
5.895047879797584711e-01
5.919673104077967096e-01
6.087849281658174183e-01
5.719422983043250808e-01
5.964324387224881896e-01
5.717460269314563748e-01
6.036629784053468839e-01
6.452678990670895898e-01
6.847349914207329080e-01
6.640437865820580932e-01
6.051861112072325355e-01
6.241550598193273958e-01
6.269090326030716254e-01
6.148087070838530455e-01
6.242173799614115781e-01
6.406095244462864935e-01
6.026966959337078933e-01
6.457715125987290028e-01
6.095228570666819667e-01
5.878487439702569928e-01
6.243346148037174359e-01
5.906187853444704317e-01
5.748739680266377050e-01
5.984369233673239030e-01
6.126438301091589045e-01
6.114279858484671371e-01
5.864964043487299605e-01
5.938934248832348217e-01
6.207557232835114736e-01
6.147112430680179429e-01
6.098205858574338167e-01
6.357674738435310502e-01
5.899109696937672176e-01
6.081246059983707042e-01
5.912001908046687904e-01
6.406487217391978461e-01
5.998752095127620754e-01
6.193884401693000585e-01
6.166054357834090949e-01
6.164656736316473928e-01
6.028313941247747110e-01
6.186061572576816436e-01
6.858336111432795645e-01
6.392107306174515946e-01
6.290813734613687203e-01
6.184117452494655165e-01
6.042159568863104679e-01
6.336390612253953725e-01
5.515788003183031973e-01
5.703665483718440843e-01
6.062306042824596730e-01
6.124586198751674759e-01
6.302612924707895470e-01
6.237733787325085988e-01
6.097714322533678288e-01
6.192451897631585656e-01
6.110079470782868727e-01
6.190357295550281691e-01
6.131960581226783003e-01
6.066950681086035191e-01
6.102828150779266991e-01
6.027177816351750872e-01
6.171362182442445832e-01
6.387080311651407438e-01
6.256831280630182901e-01
6.263586348162628603e-01
6.233387892337646230e-01
6.168928166075584585e-01
6.223501773759656519e-01
6.372036054434372376e-01
6.405844064402068661e-01
6.306528124480834663e-01
6.686716020503294944e-01
6.025120649205555345e-01
6.315070162360424399e-01
6.156982307977869606e-01
6.140145164397567967e-01
6.091205210150999472e-01
6.347973936434165854e-01
5.557865689404841714e-01
6.059329743934175339e-01
6.634935375095781795e-01
6.265894213922746925e-01
6.146662490757003328e-01
6.519305184694560440e-01
6.478895499074488473e-01
6.699909981177062379e-01
5.898807510386454567e-01
6.181145410093447090e-01
6.623532519705871424e-01
6.174248790421781319e-01
6.209704297657581140e-01
5.996866342373926573e-01
5.977595747979795870e-01
6.256978877777422676e-01
6.093908364987515869e-01
6.120306879399075584e-01
6.114246557270037741e-01
6.417000019038566760e-01
6.657656129034725812e-01
6.258381604184839464e-01
5.871277226572623187e-01
6.002056117434190208e-01
5.567619718297784903e-01
6.115637177979489358e-01
5.868325790164707900e-01
6.151767076222431907e-01
6.083938737818527231e-01
5.736686791026509580e-01
6.118718460869198017e-01
5.964074007559028168e-01
6.028078363620692492e-01
6.201678633429494880e-01
6.589039192931964717e-01
6.285760969684405230e-01
6.173708830423763061e-01
5.867201741815042393e-01
6.014316058718457425e-01
6.094402481494567425e-01
5.977622184872927180e-01
6.097753141542954225e-01
6.058249472162313687e-01
5.526564422865746229e-01
5.790082069892339423e-01
5.609483759843829631e-01
5.811484096229285745e-01
5.649513455219659086e-01
5.879875393415711082e-01
6.244735465459767543e-01
6.191305100032654662e-01
6.373900803345443622e-01
6.250841317823138121e-01
6.344672460274368708e-01
6.393862628405436732e-01
5.974277823259389608e-01
5.955301517216732288e-01
5.796770683579945960e-01
6.074177060363914471e-01
6.210242371659053795e-01
6.068809799613680278e-01
5.907357316595105434e-01
5.653419751091566248e-01
6.106204368366427992e-01
5.930906097806163402e-01
5.482377687693128498e-01
5.838874754904803677e-01
5.947155689923411259e-01
5.841845407181411876e-01
6.049465308296020361e-01
6.084970659203732257e-01
6.201691298225445736e-01
6.295162635016730013e-01
5.982940745793206005e-01
5.894759132082754149e-01
6.111685279235332668e-01
6.251895961400835144e-01
6.327550833231515570e-01
6.190390693656755428e-01
6.116027895487067267e-01
5.764943581145325346e-01
6.106961649811186721e-01
6.662885244037918264e-01
6.214721084809451401e-01
6.300653724996457816e-01
6.173703502607910121e-01
6.424738447592898138e-01
6.214983251269825537e-01
6.336617753013387144e-01
5.931469167403141673e-01
6.474530267429606800e-01
6.420372831639121758e-01
6.567007618573078576e-01
5.895181445034503032e-01
6.078210495677502934e-01
6.324130018132537723e-01
6.230195658432905459e-01
6.151153129595448021e-01
6.550624782841214522e-01
6.076379940495419962e-01
6.209351503685528462e-01
6.482140866475144536e-01
6.417989204708940409e-01
6.321440959699089479e-01
6.625500176932052065e-01
6.078323239501645103e-01
6.205281616310310833e-01
6.506898563668733759e-01
6.140027235835521235e-01
6.492087163399120620e-01
6.302176346406578311e-01
5.699751583405237021e-01
6.062721015630556654e-01
5.785637979214778293e-01
5.789676387001932989e-01
6.206129928486888714e-01
5.790883383195020162e-01
5.951548132610559039e-01
5.957955739654434701e-01
5.883052131699992859e-01
5.964114329978477125e-01
6.166050993489736731e-01
6.566200775451532801e-01
6.232496578672988008e-01
6.405674106967873538e-01
6.327174951524879853e-01
6.333857994133075264e-01
6.686689786782986644e-01
6.187305008872531209e-01
6.091177643709564382e-01
5.987785468902182551e-01
5.747844781804517522e-01
6.027755188715135937e-01
5.776395197653791946e-01
5.912130407245278496e-01
6.547017084590573965e-01
6.335854660110863401e-01
6.523957775713771223e-01
6.009089936451744718e-01
5.815323384255633998e-01
6.218188738852822306e-01
6.425119937440625373e-01
6.374430925378050672e-01
6.753905072103122409e-01
6.114685542695570408e-01
6.207999619746822351e-01
6.167381583613358309e-01
6.656653158111857094e-01
6.083171164070796388e-01
5.853408966551741921e-01
6.083966108502524284e-01
6.147143345900678568e-01
6.283306364103787844e-01
6.267543288004134849e-01
6.241570943966918694e-01
6.261182405866343448e-01
5.786784071217828673e-01
6.358824373633625848e-01
5.934317531672111956e-01
6.192102600683286884e-01
5.953448569981241167e-01
6.022327494492389910e-01
6.092808894359783567e-01
5.768313592924890765e-01
5.903567222513378399e-01
6.050443669433918092e-01
5.518226317918604185e-01
5.869244250936831442e-01
5.992355635653021650e-01
6.125533643844904841e-01
6.241613948491854247e-01
5.741804613043963723e-01
5.771834314463120119e-01
5.667484025373490386e-01
6.080215558352399796e-01
6.062073838113412050e-01
5.908087173767222477e-01
6.031341193549478730e-01
5.482906195694048357e-01
6.161479718508013903e-01
6.347992472535345376e-01
6.570709028303295396e-01
6.573977443808958210e-01
5.979234881279307245e-01
6.002479147083019662e-01
6.079237035831728253e-01
6.217369677180225596e-01
5.989966983834638103e-01
6.058663340818934984e-01
6.354359428565977685e-01
6.322735779404123901e-01
6.360752637951239130e-01
6.175978145779769113e-01
6.101027677260058013e-01
6.095721182442909170e-01
6.258954625532867633e-01
6.450291166916263252e-01
6.075756262790336093e-01
6.550308197281881073e-01
5.998487960136895669e-01
5.930543417654206007e-01
6.307032365966830367e-01
5.941916896566197259e-01
6.033882360986673188e-01
6.143168588774226002e-01
6.297874770295436297e-01
6.364384832367842026e-01
6.465502275671290988e-01
5.996670580763686642e-01
6.149995904763178034e-01
6.133427580443903127e-01
5.976689136342094866e-01
5.794182442035361591e-01
5.735702079246074447e-01
6.008843792501660230e-01
6.096986409301532461e-01
6.119724327564914912e-01
6.123812512617613502e-01
6.250127703244706678e-01
5.932856384072775491e-01
6.363341510500604148e-01
6.372754583954588492e-01
6.366312572011267878e-01
5.876446026262566180e-01
6.352889658946540008e-01
6.182621090137719877e-01
6.071256398418483080e-01
6.222898407585806257e-01
6.216264562722717546e-01
6.010439081459881816e-01
6.137120465906906741e-01
6.708211638653032161e-01
6.351683129359695368e-01
6.139950084529380847e-01
6.107229025531193400e-01
6.251494395939196647e-01
6.155656881626860866e-01
5.716215047804040772e-01
5.842504862572726054e-01
6.028112539142314041e-01
6.082832866411690409e-01
5.565081907843133502e-01
6.429190177440433640e-01
5.634379164058161971e-01
6.039363324458029147e-01
5.992900871353543657e-01
6.029309232480759562e-01
6.056313491272228289e-01
6.345763225392774265e-01
5.900292746828758039e-01
6.148234765778989308e-01
6.056330838326480226e-01
6.516199691041550945e-01
5.959834780516115593e-01
6.269488004057847119e-01
6.236442851636150309e-01
6.455076021750620896e-01
6.021330897270461557e-01
6.274395036360811417e-01
6.365283780244852530e-01
6.312548385428407016e-01
6.404461951310900236e-01
6.403077323189378944e-01
6.307544335389195789e-01
6.331938769923923793e-01
6.246561243654829010e-01
6.493789709094038853e-01
6.346258470333202562e-01
6.201902218247942189e-01
5.812069606469826288e-01
6.280692666420029102e-01
6.393218893032013295e-01
6.268172394687141491e-01
5.858530826519035006e-01
6.245697637898185439e-01
6.112859190735508985e-01
5.936437385793246202e-01
6.018302746768451339e-01
5.820019891356216224e-01
5.641705876304116130e-01
5.741541225857537123e-01
5.979385089779911677e-01
5.732672521618590311e-01
5.623205941266469221e-01
5.780237435117971945e-01
5.829293104731083641e-01
5.754769110957053124e-01
6.056674904670703574e-01
6.172031419592998169e-01
6.141846908673412875e-01
5.575129479350313666e-01
5.730245653118276605e-01
5.913458933675048712e-01
5.859741336804259459e-01
6.104708261157275606e-01
5.866483160195726798e-01
5.697511783866555657e-01
6.071610890812630945e-01
6.046638194888989126e-01
5.992130159506587894e-01
5.766687922515535414e-01
5.927425210191821225e-01
6.066371575942117733e-01
6.067110089883446244e-01
6.040506215852542438e-01
5.958649164322745717e-01
6.152980672569923204e-01
5.749146826443005676e-01
5.928093835836580894e-01
5.920235433159605209e-01
5.801945219780573204e-01
6.380610643166890750e-01
6.350337787737708739e-01
5.620752731476271746e-01
5.574965233724931135e-01
5.843884653256428141e-01
5.688872426411268890e-01
6.090258214061433639e-01
5.844401319361713920e-01
6.024889756179927502e-01
5.852336016817835107e-01
5.885966723245084076e-01
5.760504075202428353e-01
5.900521286441223756e-01
5.996036055144695620e-01
6.050815918364219614e-01
5.623567287502253542e-01
6.101377735626019039e-01
5.885485547932206574e-01
6.126853748456058124e-01
6.220283063017850722e-01
6.087175353544004297e-01
5.931719608019356826e-01
5.410138003240383409e-01
6.107968340006715291e-01
6.003068452067240601e-01
6.146439979662672304e-01
6.196513015569611316e-01
6.061863248341298194e-01
6.297702218985508082e-01
5.745064212899830824e-01
6.191324681954041287e-01
6.038456486460800354e-01
5.870464107936002041e-01
5.848632673670031146e-01
6.053276603136477085e-01
5.983567485017403653e-01
5.926159425880130893e-01
5.868974571095958437e-01
6.052393224566809948e-01
6.103422819580610614e-01
5.977922855253734458e-01
6.722509226855787334e-01
6.453506212825785848e-01
6.106955162027296602e-01
6.166965746958535943e-01
6.223767897644310043e-01
6.249728738871456191e-01
6.400404207658939582e-01
6.547853535761344324e-01
6.392797968819403653e-01
6.403127107077614122e-01
6.086485758586925865e-01
5.877748927467454365e-01
6.174452019099812006e-01
6.438128233282149893e-01
6.435113969376875520e-01
5.902559346647491267e-01
5.797709565328229564e-01
6.134384983824170412e-01
5.823625027071142046e-01
6.050040353084739086e-01
5.950692240766267682e-01
6.155409935014634071e-01
6.045345821919182461e-01
5.988828337853856487e-01
6.585519875447157778e-01
6.306496339554383823e-01
6.060333333663446842e-01
6.267046774242713836e-01
6.636403199502636241e-01
6.416210335671445053e-01
6.447186882145702347e-01
6.270933737156972887e-01
5.830984343829471728e-01
5.909969059003712388e-01
6.267027488128197321e-01
5.880570062983847546e-01
6.144205462964748010e-01
6.208433505119683726e-01
6.194688925687552583e-01
5.973955249271584167e-01
6.019776294477671152e-01
5.947329863179222631e-01
5.931894339351541090e-01
5.979217616916098210e-01
6.067423248756365073e-01
6.241412661216197977e-01
6.202988753757936458e-01
6.357003359246291563e-01
6.060184012129160580e-01
6.327959609530254825e-01
6.321057934377392051e-01
6.465711141008099183e-01
6.427340899706364130e-01
6.201122253149526919e-01
6.204677025303949600e-01
5.923678928588997916e-01
5.887158087448276511e-01
5.908637367445812583e-01
6.136617114012923313e-01
5.650834207574293444e-01
5.981112016915490770e-01
6.379781206829614471e-01
6.027494476843795468e-01
6.273513928501450732e-01
6.231355313718618394e-01
6.358351104976155410e-01
5.870933045802415595e-01
6.188705758886726693e-01
6.050017027684737592e-01
5.950982593358578043e-01
6.062782184027908361e-01
6.065169845260253156e-01
5.958773852277754468e-01
6.096660015136065036e-01
6.042110925886301498e-01
6.259878889010560554e-01
5.722175893536695090e-01
6.304319781514698962e-01
6.022887173510508285e-01
6.374254246288012515e-01
6.322109267435702673e-01
6.134093899372309311e-01
6.268229838111188945e-01
6.103919017058161423e-01
5.984044044338405755e-01
5.754415218006206922e-01
5.906764355549029011e-01
6.136454375840468822e-01
6.173224518320373777e-01
5.976005644539311712e-01
5.902380930282729032e-01
6.261296403656111398e-01
6.127957241781092357e-01
5.685388434253524359e-01
5.614044873477656017e-01
5.706573008042016282e-01
5.966398473774443545e-01
5.843819310087867702e-01
6.215811577519747555e-01
6.547795804964183786e-01
6.388785980851389157e-01
6.469014408693420926e-01
6.246538177270808401e-01
6.170551807399133892e-01
5.976355721718872305e-01
5.983846779334772714e-01
6.144466671898328736e-01
6.451401625851025390e-01
5.804387201052608747e-01
6.131729266732551809e-01
6.228943454796007639e-01
5.636666043230084133e-01
5.998434297215022859e-01
5.877743285604559720e-01
5.922543365551407035e-01
6.093433404829542432e-01
5.527666605407181022e-01
5.832589005142445604e-01
6.182144395324491448e-01
6.070037304885882445e-01
6.215643269447622687e-01
6.238839540235405767e-01
5.993059399991694791e-01
6.366736734222757654e-01
6.005567968506659859e-01
6.052506448224095337e-01
6.224792985318224892e-01
6.273160222161736632e-01
6.305126264414512294e-01
6.316819640745902076e-01
6.036695146237374132e-01
5.619511822317887484e-01
5.833617445003542734e-01
6.021023946851283837e-01
5.997540601950271943e-01
6.020395755669131210e-01
5.821450865702781918e-01
5.776904542190653968e-01
6.189928050667694581e-01
5.987314814703275090e-01
5.674107537945903834e-01
5.930626779932332004e-01
6.107008270263420968e-01
6.143632726198556826e-01
6.143559493961279205e-01
6.248628658860843066e-01
6.162815389443108138e-01
6.199648850597581085e-01
6.416188071817077176e-01
6.151558127171312673e-01
6.457888763088543982e-01
6.047694521302195980e-01
5.892836668109192599e-01
6.174079055488044254e-01
5.973184121945074310e-01
5.959116249191953596e-01
6.000945219072836290e-01
5.856236260993443743e-01
6.273584363586574009e-01
6.011058021406489038e-01
5.922703113873690750e-01
6.376483366244121154e-01
6.345337467489575722e-01
6.367485115450971511e-01
6.308894190333520502e-01
6.500813750707785665e-01
6.288429311486883888e-01
6.474763266026957176e-01
6.499525949156561566e-01
6.144750227859117064e-01
6.111110911519227473e-01
6.409552569239265196e-01
6.108755325535220049e-01
6.372208553660624331e-01
6.083755368918586370e-01
6.727961792999901380e-01
6.176588815427509482e-01
6.022931669766561358e-01
6.253923312211534524e-01
6.018959515764532586e-01
6.385092973201488276e-01
6.015484320380795058e-01
5.850656129098722458e-01
5.860439136762343182e-01
5.868194866069295079e-01
6.022098402486135704e-01
6.353135320481178017e-01
6.516384036283271453e-01
5.956742771821132987e-01
6.174367527054174243e-01
6.131438945244724881e-01
6.012653213283155607e-01
5.841137808067250470e-01
5.919072076534299676e-01
6.529070977761659567e-01
5.941581077527972043e-01
6.196739480668014277e-01
5.909684789813128836e-01
6.270973368043739615e-01
5.960564211537603407e-01
6.227594490258311355e-01
6.017389690840090344e-01
5.964338654390841654e-01
5.950163873770238920e-01
5.574040548333801803e-01
5.588516411087964819e-01
5.421810473463651858e-01
5.790949584362100611e-01
6.180020511790649262e-01
6.095799108897290708e-01
6.106674340431357262e-01
6.226637118105387003e-01
6.147600676371677286e-01
6.102026443736684458e-01
6.382952941101989186e-01
6.620372450309123247e-01
6.609018911021057319e-01
5.892342033050514960e-01
6.286124923531249964e-01
6.480061170872690735e-01
6.175329380270773161e-01
6.280684710420727512e-01
6.037705841697760256e-01
5.657486948857248787e-01
5.732225104395268778e-01
5.692919861497889311e-01
5.830754754073251833e-01
5.983136412098740697e-01
5.536250840507107585e-01
5.708174228426171615e-01
5.874595486481600792e-01
5.882884835450548078e-01
6.081465425247859491e-01
6.053057967739473577e-01
5.963540940557507941e-01
5.907965430825821151e-01
5.962734558691935582e-01
6.151002670069098954e-01
6.057645399955693399e-01
6.180369113709730522e-01
6.245380620373826019e-01
6.458858547332027022e-01
6.334831650683724336e-01
6.460747251973555372e-01
6.034867651569336688e-01
6.150658832810478316e-01
6.132542758708425801e-01
5.754230374604765164e-01
5.778861952507796662e-01
6.126744892503835915e-01
6.366445776939398948e-01
6.471612697955928528e-01
5.998179076061961323e-01
5.988067529952187940e-01
5.921656812491128408e-01
5.936947801414703685e-01
5.971903306075893036e-01
6.451131321899447046e-01
6.157519809295486368e-01
6.320988065602952677e-01
6.330516692557334180e-01
6.429638570103193285e-01
6.867623517491106000e-01
6.143429864295978371e-01
6.347814668076713351e-01
5.956639672119419249e-01
6.232744194131251136e-01
6.145622630618525761e-01
6.690314210816158402e-01
6.703223439992808119e-01
6.311336592860395944e-01
6.380844683364335079e-01
5.902244594180569015e-01
6.249145126592299260e-01
6.011736531509837000e-01
5.998755573241639771e-01
5.800312207298523592e-01
6.086050347300154817e-01
6.219888101956255744e-01
5.813383968267032964e-01
6.348897450513545371e-01
6.512715147625948164e-01
6.138595263654582634e-01
6.058526554360871286e-01
5.810432309675455098e-01
6.047621390854199808e-01
5.957306130024775381e-01
5.983283849034040092e-01
5.980612714529595086e-01
6.248271409131503917e-01
5.753717254372490153e-01
5.685658071406201053e-01
6.098776249883924860e-01
5.866309962356505148e-01
5.994139891780826401e-01
5.994284789822723614e-01
6.132849417469792286e-01
6.376257340671058760e-01
6.385535668308054413e-01
6.033288099168813146e-01
6.013542527225893553e-01
5.821445141317161953e-01
6.102529200520361297e-01
5.785293361545005286e-01
5.820244293731993146e-01
5.825841903752640993e-01
6.099959076277381431e-01
5.870643016654716329e-01
5.888866811358326459e-01
5.761971854091472167e-01
5.797665446827725555e-01
5.929469609863633472e-01
6.083781372220831152e-01
6.434272708898599591e-01
6.167530112374427498e-01
6.385594915683766581e-01
5.967272090269802876e-01
6.388678538398996354e-01
6.412989643470150547e-01
5.903991777664855389e-01
5.778132303010183879e-01
6.437385175697850626e-01
6.451401150060348533e-01
5.946547258270450387e-01
6.268318216562409617e-01
6.294428709153597756e-01
6.797859633622548303e-01
6.401750588878092341e-01
6.475364319598277962e-01
6.352542006567846178e-01
6.442118151698001949e-01
6.538155037318312823e-01
6.243068891115779451e-01
6.389663887065316628e-01
6.048969117232496640e-01
6.248146443658110227e-01
6.129750812056942166e-01
6.671872223437496086e-01
6.131803446117664036e-01
6.083887351520310682e-01
6.172049632014580123e-01
6.028455782601309654e-01
6.158438863401392016e-01
6.173205863316384434e-01
6.620079913388217108e-01
6.422166728097256083e-01
6.638913356314281033e-01
6.461432609195474353e-01
6.790085772607898917e-01
5.814139202240458104e-01
6.193485761374558640e-01
6.384906297579419077e-01
5.809264167316364746e-01
6.242636508306556031e-01
6.645127823080778651e-01
6.529392679046212011e-01
6.306734033158098995e-01
6.155605411938114280e-01
6.252421779134356150e-01
6.227910973882111456e-01
5.966371880696209606e-01
6.207469822532853954e-01
6.299893303490451402e-01
5.614898879862600944e-01
5.809609671149035259e-01
5.922609111922384484e-01
5.836358303927775548e-01
6.100492257270746510e-01
5.965762212695153721e-01
5.891135282753632296e-01
6.124396838862002923e-01
6.217298882501117729e-01
6.242365429826204348e-01
6.076629452107809026e-01
6.317494560550495075e-01
5.985397134968579724e-01
6.271245667129601298e-01
6.335833032358338945e-01
6.337413681238812657e-01
6.300184813300472308e-01
6.383012853936247399e-01
6.348639873965884473e-01
6.454016474681418813e-01
6.068616576983413280e-01
6.279499036028756143e-01
6.158703360142064875e-01
6.019962279916760695e-01
6.052757795583082467e-01
6.151772528274627172e-01
6.154672239499175967e-01
5.929917993785609465e-01
5.650451785092788226e-01
5.741879306519543924e-01
5.935650596858663697e-01
5.854335106265207145e-01
5.855665309780972994e-01
5.961175953373323289e-01
6.368461401320517634e-01
5.903875080134809439e-01
6.188166183564112188e-01
6.161071453426379962e-01
6.430067189975388064e-01
6.326140985285396701e-01
6.043025270167694529e-01
6.135886630926483676e-01
6.031218908916531340e-01
5.581382274269268695e-01
5.820016476772058578e-01
6.209323386614773455e-01
6.187487085544656207e-01
5.696796897899609746e-01
5.990287973873495986e-01
6.001125177755542994e-01
6.109615468492848311e-01
6.208847973607590776e-01
6.543089405196336195e-01
6.631877558499468250e-01
5.970426845308342001e-01
6.442579890906677820e-01
6.471117061361085776e-01
6.053118561135005793e-01
6.198585070810147535e-01
6.060340312984200395e-01
6.294905486325353960e-01
6.018734714683212639e-01
6.376467828170220287e-01
6.287893568339421035e-01
6.123836469769401436e-01
6.325917968566907579e-01
5.980387474014151605e-01
6.065945118777453793e-01
6.333380819448350962e-01
5.726656354235374335e-01
6.416763235142627364e-01
6.181013225820255474e-01
6.222573327261499143e-01
6.018145665872061123e-01
6.395592207879954305e-01
5.870530492129871769e-01
6.129163519416765959e-01
6.311766083866441335e-01
6.194420374050444433e-01
6.083538821928825557e-01
6.134949385700361191e-01
6.176898852852085176e-01
6.152513643165092860e-01
6.466231316146053842e-01
6.285005916841180929e-01
6.009611070251507092e-01
6.011257738890316560e-01
6.291977289792997086e-01
6.384710258790732285e-01
6.628093278302320535e-01
6.338413365920698705e-01
6.553080497972429974e-01
6.424289052529905675e-01
6.437274141691856633e-01
6.499453055306047000e-01
6.668286551762928616e-01
6.484498405323941839e-01
6.384979739366274387e-01
6.018829933155510625e-01
6.058294635607088807e-01
6.040967825622418630e-01
6.418170395737466949e-01
6.195670227228483595e-01
6.367700900695032473e-01
6.149022569726655396e-01
6.103995243909957624e-01
6.167169955320253028e-01
5.801681392989037622e-01
6.196184104175810337e-01
6.191820937673940817e-01
6.157308675986085111e-01
6.344747481729394734e-01
6.272846565316079204e-01
6.456996401545266329e-01
6.551497509831883947e-01
6.391538894338542054e-01
6.935331728590448108e-01
6.820102498865248108e-01
6.701738781592952998e-01
6.364686592645075747e-01
6.314287897658868998e-01
5.973610166448497516e-01
6.046103468558228222e-01
5.997099338773825838e-01
5.977479360974283784e-01
5.541978613239885165e-01
5.884127937206439229e-01
6.319435432989277679e-01
6.363201803010904989e-01
6.315719736069417278e-01
5.720149129298134349e-01
6.289054830327297507e-01
5.849354371595261171e-01
6.245680451350241746e-01
5.941441032614092066e-01
6.141732513736712917e-01
6.109213573131071495e-01
5.851157043480750275e-01
6.156657736441354389e-01
6.009832798590497571e-01
6.279732598266520860e-01
6.091240637136219327e-01
6.296758228654373291e-01
6.066879359995238641e-01
6.159534379026089246e-01
6.261958522308550545e-01
6.661875670965513585e-01
6.529672245898400229e-01
6.536640787266075892e-01
6.338926058208306236e-01
6.377832019507648775e-01
6.745190718713397482e-01
6.504334289608307840e-01
6.079882484718575064e-01
6.273617364365355886e-01
6.246436854984350751e-01
6.184372998518109510e-01
6.122633371920028766e-01
6.261502482238346934e-01
6.044114405020353242e-01
5.872490455443142299e-01
6.169955201432636427e-01
5.846839305138069598e-01
5.873532581531500929e-01
5.908739098361519559e-01
5.981819888435514487e-01
6.085837440056344194e-01
6.254374405178155794e-01
6.095111074448079647e-01
5.926621129180378311e-01
5.559080076392904912e-01
5.911341661147746507e-01
5.788820214979847334e-01
6.170000300245183089e-01
6.106366750276056576e-01
5.976974314361586105e-01
6.469060794577794482e-01
6.335680444622459051e-01
5.971723651767082419e-01
6.510342289633288537e-01
6.744815542411539688e-01
6.543070726693906991e-01
6.245218562020207198e-01
6.349971076404949955e-01
6.153880655797943078e-01
6.419669614749726749e-01
6.036513273207060326e-01
6.012940986242248931e-01
6.404428002678308474e-01
6.421295585414072971e-01
6.283536913670777491e-01
6.177491804511568985e-01
6.344785098603916706e-01
6.321282817642167595e-01
5.925624641999770459e-01
5.877151991390471286e-01
6.214422440558686755e-01
5.797684484683328643e-01
5.997265422687135805e-01
5.750153267953069802e-01
6.191830666794573279e-01
6.123686187878133458e-01
6.302383056168238129e-01
6.054420362924600729e-01
6.129583142517819327e-01
6.299135314856715295e-01
6.108270411501015573e-01
5.666600772943907183e-01
5.763087532240771527e-01
6.162907778013864135e-01
5.949706099192579867e-01
6.139830303529353328e-01
6.191100508189417706e-01
6.058408399057728655e-01
6.034487745922400004e-01
6.006633265572053348e-01
6.216687037542748540e-01
5.965221304252892320e-01
6.184555510373218601e-01
6.116307225162816996e-01
6.141286373642107499e-01
6.032580993526243107e-01
5.900152089282890699e-01
6.137742888284990483e-01
6.013046553335328337e-01
6.463833012304852632e-01
6.862318496732662254e-01
6.469993271318861261e-01
6.551382811609874901e-01
6.129491708380677695e-01
6.430504613390706226e-01
6.072884315511851705e-01
6.487245846018743212e-01
6.298286347080565006e-01
6.134376966624792704e-01
6.053249226318860865e-01
6.364385318673326797e-01
5.975560685575193043e-01
5.796980685781359943e-01
6.049103799741739618e-01
5.922910311142028927e-01
5.959144609689160932e-01
5.936883083312627374e-01
5.854063544820048426e-01
6.007079487552664521e-01
6.253957028594654410e-01
6.231149126814014005e-01
5.973283658402845919e-01
5.812177128311145635e-01
5.809274376260689099e-01
5.801720516179298404e-01
6.104924131985992597e-01
5.909230090978849770e-01
6.298524003277030658e-01
6.229247928253506261e-01
6.013286775687817221e-01
5.928060927100843314e-01
6.162256677644878389e-01
6.153386056441808583e-01
6.127360069925128494e-01
6.458806723363215152e-01
6.254035164640854294e-01
5.862681476231286215e-01
6.001482619406637298e-01
6.176436556243237730e-01
6.099977133934707529e-01
6.375110737837330621e-01
6.301711938304248584e-01
6.123714759219046622e-01
5.944040935623708943e-01
6.033807188049402637e-01
6.009562652596693866e-01
5.733081917504165848e-01
6.128356700685589908e-01
5.812111335702623283e-01
6.031361197544846675e-01
6.141381606701632467e-01
6.083881854635228015e-01
6.209501428462408379e-01
6.266427752304736254e-01
5.910450349580333995e-01
5.933065917183741877e-01
6.046424999375086262e-01
5.789494919643742854e-01
6.059066303782105756e-01
6.039334438933009475e-01
5.862826770786127017e-01
6.174033903023117276e-01
6.312235739015914504e-01
6.091815574271062239e-01
5.968385661446147239e-01
5.943882156931817873e-01
5.548967870077863296e-01
5.565074294799805532e-01
5.681211207534019314e-01
5.867526913006697598e-01
6.108813975654840966e-01
6.013679305169261635e-01
6.086471285313844737e-01
6.296803875068364142e-01
5.782880373580762123e-01
5.875690775626382090e-01
6.045182128659505327e-01
5.810007821543645701e-01
6.077817498195269286e-01
5.737264343799605149e-01
5.929211123301535435e-01
6.046774424041241325e-01
6.266524545828847659e-01
6.418446950241932791e-01
6.312494133673468566e-01
5.949232391370468109e-01
6.272460417846105196e-01
6.394092675233712386e-01
6.360640701872662950e-01
6.298760665329203867e-01
6.214464166245580179e-01
5.850134233608613732e-01
6.310007775676469421e-01
6.259086368132541489e-01
6.044536322095926950e-01
6.240746376356927083e-01
6.274084362795937508e-01
6.281607515653099272e-01
6.068412540458437698e-01
6.365040901779190907e-01
6.096182260340067272e-01
5.921593906756418280e-01
6.151486703154295244e-01
6.223860218892531826e-01
6.239242794396272496e-01
6.218182612674290066e-01
6.241634397238432497e-01
6.278535766422682629e-01
6.282454308032788814e-01
6.572537238792266479e-01
6.419156098689176027e-01
6.093702807523300180e-01
6.123270420889198595e-01
6.453951954477489261e-01
6.030274970770254095e-01
6.114284483162145678e-01
6.458887763073246635e-01
6.351931467699780676e-01
6.123019919714000059e-01
5.438681390360335932e-01
5.945317426831613350e-01
5.756642631992294756e-01
5.733707649020648445e-01
5.619924543422178953e-01
5.911709444220663023e-01
6.297814797212568649e-01
5.817074834696392971e-01
5.755077096684615423e-01
5.931330767163206508e-01
5.848883639701283332e-01
5.958635484210006439e-01
5.911682379193291537e-01
6.122487727367202925e-01
6.248833740858310559e-01
5.828356932127265466e-01
5.769728998369353379e-01
6.318314401796858437e-01
6.103588313465091453e-01
6.160440118020509281e-01
5.787030348909865118e-01
5.923383243302565715e-01
6.111740009517510064e-01
6.127148931407065957e-01
6.254135222403341965e-01
6.280131339090097020e-01
6.058643615355777667e-01
6.216077830979885865e-01
5.776514590380910086e-01
6.144736175226492847e-01
5.997031889242958602e-01
6.261497946402239112e-01
6.197571437076038192e-01
6.201190634151436676e-01
5.870229120307128845e-01
6.259794049606425270e-01
6.363493685271246481e-01
6.214916637502750918e-01
6.135655975651127525e-01
5.895819420589720750e-01
6.414358198736587191e-01
6.294864854954503874e-01
5.788320628602960927e-01
6.514305968651713519e-01
6.168158778199285264e-01
6.317328154217189962e-01
6.337318145633471511e-01
6.244656343667907006e-01
6.188873097765988929e-01
6.023389637007462438e-01
6.153011949665303515e-01
6.097729377816253349e-01
6.701448079132900082e-01
6.255030721980351371e-01
6.240973677335519554e-01
6.016459442140497105e-01
5.806144175745365787e-01
6.268356583518102099e-01
6.011603139784215122e-01
6.245589256198482708e-01
6.296926606923524128e-01
6.180722722328850782e-01
6.211590430812233832e-01
6.242751563717642282e-01
5.753172854713251017e-01
5.902528868420258146e-01
5.808180908669191567e-01
5.977488315529521090e-01
5.985616433718449203e-01
5.872096190865148113e-01
6.113355267455717890e-01
5.990811845565618965e-01
5.918384421486795333e-01
6.050784132893513023e-01
5.914369290830387982e-01
5.670342051640764325e-01
5.599580953888505519e-01
5.955855685513762321e-01
5.862548993328365876e-01
6.213922853217649367e-01
6.516049902028830942e-01
5.868891023915299154e-01
6.306664967080174433e-01
6.161265621823939220e-01
6.195599723916275225e-01
6.664514278011622883e-01
6.275587107160119915e-01
6.456358036573472958e-01
6.021954656602220846e-01
6.418864387952202266e-01
6.099789749031097053e-01
6.334320205220422828e-01
6.056201584670446447e-01
6.172756351838144528e-01
6.240361652306767315e-01
5.861189949299591140e-01
5.911779179785960903e-01
6.069306273291370513e-01
6.308856015241787185e-01
6.055215172511416721e-01
5.982453570970481804e-01
6.191328087522726120e-01
5.923377600039853030e-01
6.074323670608023917e-01
5.884693623593928447e-01
5.880704313897202606e-01
6.392958695685323489e-01
6.202477040604860159e-01
6.207870573257561198e-01
6.403507002395143477e-01
6.236479466293001206e-01
6.765501998167002817e-01
6.633313336044281971e-01
6.421599722099545771e-01
6.224565443299330258e-01
6.635159630120257557e-01
5.986673234784961606e-01
6.483384767924290637e-01
5.907813429492053681e-01
6.162937668489534282e-01
6.382319599580387193e-01
5.904758063073345387e-01
6.470318773111083388e-01
6.086751641564815962e-01
6.036718650194511371e-01
5.846001985505251408e-01
5.733281576252448053e-01
5.974260449935704376e-01
5.861915400691778411e-01
6.024287871445461739e-01
6.038098205042844446e-01
6.106682195042605343e-01
6.186693616836749232e-01
5.929563319519629561e-01
6.184987271257654795e-01
6.086305139044951851e-01
6.290998917869817797e-01
6.881425066648884092e-01
6.696289401248329831e-01
6.904708852221117521e-01
6.851284721176831294e-01
6.715402132921346467e-01
6.803623354757974973e-01
7.327258037579299499e-01
6.413136351139497870e-01
6.362547123806169269e-01
6.452420153254082580e-01
6.204870808826831174e-01
6.090283823181590339e-01
6.029609977538638033e-01
5.777970079325684960e-01
6.129432098489139280e-01
6.037118360919790927e-01
6.003692210925821726e-01
6.279238192927902862e-01
6.278239813280243053e-01
6.134900518008699066e-01
5.813716397922772394e-01
5.736980975373694447e-01
5.979248462436281830e-01
6.156665245654768803e-01
5.844650732636089696e-01
5.510803698782349436e-01
5.667281327147588588e-01
5.699746491064686671e-01
5.538671411304246783e-01
6.174166897840979162e-01
5.742876625040861382e-01
5.710749344151409002e-01
5.492270485200592134e-01
5.729588884136961324e-01
6.339232470915763251e-01
6.356648886811082644e-01
6.384687124145859149e-01
6.145231206947715519e-01
6.559210001025181924e-01
6.055742217156154794e-01
6.173566044351268545e-01
5.665175783051432656e-01
6.003552625029370260e-01
5.880677122244999389e-01
5.888758734266054118e-01
6.024826710980867306e-01
5.847685216461394608e-01
5.818004237043551408e-01
6.022595577920170085e-01
5.934980454607697853e-01
5.880790277695239210e-01
6.046391358628430135e-01
6.000074562752978347e-01
6.304853182688351376e-01
6.268943787012775104e-01
6.151007025884291934e-01
6.142262026743148251e-01
6.150977497023921714e-01
5.806045122452238028e-01
6.081720390504412599e-01
5.951761139218673113e-01
6.346327029523148866e-01
6.058562332900909730e-01
6.226967892837526053e-01
6.107427679196455461e-01
6.083181382319382546e-01
6.264231199332759292e-01
6.055276273776171170e-01
6.732596019466433601e-01
6.733608251598558470e-01
6.501654147971451803e-01
6.408927992873293400e-01
6.129782268446114513e-01
6.124304105073417048e-01
6.053988154039697811e-01
6.132655915107937394e-01
6.077445778333304682e-01
5.673737671521134063e-01
5.745913138114643326e-01
5.846285234728560987e-01
6.035813488412159478e-01
6.683647503381343613e-01
6.305239746371815723e-01
6.258945433957847637e-01
5.834650891448547316e-01
6.307765714096673637e-01
6.173094624484584125e-01
6.352507604603084834e-01
6.114965394886914263e-01
5.818705806330660701e-01
5.600784197615206184e-01
6.183065890594074965e-01
5.990421922091007101e-01
6.201921760236520642e-01
6.192446171031430469e-01
5.993380955801708154e-01
6.129189040846758640e-01
6.381438441151821017e-01
6.381677405372434553e-01
5.944055705344217788e-01
6.286677967284739488e-01
6.273941060444429008e-01
6.392035497400055943e-01
6.440826061637482391e-01
6.287206715628335107e-01
6.338081879027037679e-01
6.203722371287498927e-01
6.311897230193402875e-01
6.256304553021407866e-01
6.213049436572887219e-01
5.988975640745519691e-01
6.154453200767256993e-01
5.868387026664311223e-01
5.658593931937682120e-01
5.713321143272312996e-01
5.799244913735145390e-01
5.678993702334996785e-01
5.749492098121816719e-01
5.886967902163304789e-01
5.970995381573692695e-01
5.915259388481690639e-01
6.012047398462088132e-01
5.900114839436205738e-01
6.060111663846907692e-01
6.118834463607996099e-01
6.079991403555021767e-01
6.310631609882902948e-01
5.930239502817348241e-01
5.878894921126162076e-01
6.216221036504813169e-01
6.124653330257238126e-01
6.239046819539960653e-01
5.798658589774625671e-01
5.928614046676025096e-01
6.035855838111687799e-01
6.071815839108172241e-01
5.956434486531542172e-01
6.038156329059544136e-01
5.950492263203533971e-01
5.984336161504315577e-01
6.027911796496137065e-01
6.163424291531537369e-01
5.988727790373474802e-01
5.770202590136336296e-01
5.986019135955247261e-01
5.978103515949892977e-01
6.015474619089461461e-01
5.865559837214783245e-01
5.770624180929900815e-01
6.098505048141156237e-01
6.005229909588710724e-01
5.850409704668428912e-01
5.912018635173450498e-01
5.972442814067477901e-01
6.054813844990230010e-01
6.222764858995170068e-01
6.208933839295982526e-01
6.108005498979532932e-01
6.318754841275118217e-01
6.428319661328716350e-01
5.820361055239672288e-01
5.615197475897064638e-01
5.577373379796747299e-01
5.926592597943195484e-01
5.930796131784016323e-01
5.863875904929869431e-01
6.021010732703301338e-01
5.888933679816239497e-01
6.230912030748314567e-01
6.003132209782846562e-01
6.021640758180848430e-01
6.358928703971388208e-01
5.938692890521866108e-01
6.058942422904584069e-01
5.994751287259242334e-01
6.090462493733436178e-01
6.051370279336207858e-01
6.113903548048678083e-01
6.440975155100452376e-01
6.391050294798803488e-01
6.227544034924734628e-01
6.358598905455110639e-01
6.390762094615162203e-01
6.040981100633336931e-01
6.210853320200683259e-01
6.015624634649684443e-01
6.337979660322038411e-01
6.183079371232221844e-01
6.062863241980122053e-01
6.405199507571109896e-01
6.272354080623271377e-01
6.125341435367426257e-01
6.409729313586911559e-01
6.201955304782755807e-01
6.243378526689247199e-01
5.862771410625453594e-01
6.339741065774234796e-01
5.875418017368772006e-01
6.471098368531148504e-01
6.186604430603968030e-01
5.994571383195166359e-01
5.946555396611581390e-01
6.331861135940594076e-01
5.804306176394651295e-01
5.982836368374893077e-01
6.062824557381376600e-01
6.136656896652608051e-01
5.781499196112078742e-01
6.012570039162540292e-01
6.155949594797848201e-01
5.860234474814810524e-01
6.020078112615425692e-01
6.200677607125897328e-01
6.034358260464327550e-01
6.403145907478027254e-01
6.542884208674776270e-01
6.533126753839113565e-01
6.312981453672543708e-01
6.289235831126503973e-01
6.118933296880398887e-01
6.224704257602319268e-01
6.509700826976806409e-01
6.286599786775881604e-01
6.088428531981852077e-01
5.777843088311759301e-01
5.949571193271783187e-01
5.974691861911951563e-01
6.265409039165008576e-01
5.620147392969339073e-01
6.169112691591200903e-01
5.674888367913590859e-01
6.226442721857762264e-01
6.004443490966380192e-01
5.833844094858479101e-01
5.666595297599154035e-01
5.966590217974120369e-01
6.091910585199528105e-01
5.984599866794595435e-01
5.664143119455804509e-01
5.749228430726052164e-01
6.236762354491368621e-01
6.037269236205113909e-01
5.927355096877297003e-01
6.249143119397033708e-01
5.970190255041795124e-01
6.573330799229610832e-01
6.537645719810772915e-01
6.490620302041474332e-01
6.104863330726173487e-01
6.167857488872567906e-01
5.973033410399181120e-01
5.999253270130362470e-01
6.096555739562252718e-01
5.960511557423283646e-01
6.199432958898295487e-01
6.185076364039557850e-01
6.040493392877527290e-01
6.201232272420273972e-01
6.358894696375329003e-01
6.193757510842301528e-01
5.949615867543035508e-01
6.248235642179843508e-01
6.236431515742981713e-01
6.550967020091640336e-01
6.853749577117884684e-01
6.330340661849243045e-01
6.574643128203574438e-01
6.042133029127974009e-01
6.653686946151692316e-01
6.283220485814318135e-01
6.492677490372134042e-01
6.480150480789937939e-01
6.233648412644711145e-01
6.274042565380645309e-01
6.483889896600751879e-01
6.270734199588595681e-01
5.955299409557320844e-01
5.995308481085879215e-01
6.401467677913929011e-01
6.361733117339531951e-01
6.779217269025881176e-01
6.498551670700659644e-01
6.589432905739466273e-01
6.401114303116379745e-01
6.414424589713328961e-01
6.208414203205021575e-01
6.460773298186174296e-01
6.294511782206422268e-01
6.550722396409452974e-01
6.259221598707612744e-01
6.496838520203934708e-01
6.643116494832727037e-01
6.461290526524072764e-01
6.435491844434887421e-01
6.645926115155413871e-01
6.450756452820834985e-01
6.586586267677367879e-01
6.256835781659781937e-01
6.473844002772580764e-01
6.745839881363412394e-01
6.580253742562433006e-01
6.247151101923329453e-01
6.585667041039195979e-01
6.630248968461124326e-01
6.561616102714489251e-01
6.540430219290535030e-01
6.765076109198516763e-01
6.471188030153536275e-01
6.493049108296408134e-01
6.500048917181534547e-01
6.350704763666452646e-01
6.009915070820257554e-01
6.037579723017085787e-01
6.129584638453627887e-01
5.888205663200117845e-01
6.073139417010510188e-01
6.115238279543174782e-01
6.228779760722003012e-01
6.217396711269310705e-01
5.981582991757503631e-01
6.162542308638129240e-01
6.149312282140273478e-01
5.881066174231317500e-01
6.015940928621984485e-01
6.219518301631501433e-01
6.078962070002655871e-01
5.875634582559839947e-01
6.161485775865173098e-01
6.434447727952522511e-01
5.938240927412679060e-01
6.017772556164089348e-01
6.164800007997597309e-01
6.272148361160787555e-01
6.186885828624201222e-01
5.982960575126976543e-01
5.718392688131404000e-01
6.062153137295652749e-01
5.858628178924636387e-01
6.014274949524066605e-01
5.737143188564811647e-01
6.102575797363939403e-01
6.104686755229127293e-01
6.106201016823280536e-01
5.873539141815741216e-01
5.638635931475660668e-01
6.039069057675496843e-01
5.884786227462713848e-01
6.109881374949324151e-01
5.929706834507333379e-01
6.188423550177148957e-01
6.172058748007477336e-01
5.793385786844081897e-01
6.178873970170510876e-01
6.012957235534117650e-01
6.222073873149608358e-01
6.174281134560343220e-01
5.980224760742623991e-01
5.901623790835701655e-01
5.796824990515733189e-01
5.762702415023940317e-01
6.040193539111864407e-01
5.930956901941046855e-01
5.990316861051382391e-01
5.840867275625450938e-01
5.997871502955952616e-01
5.713710269352004767e-01
6.009726977827564154e-01
6.092830482557587413e-01
6.218094675914973557e-01
6.006309289597545620e-01
6.201490646163595466e-01
6.065608392491345091e-01
5.877412872996765625e-01
5.934554027416477640e-01
6.075183699029338413e-01
6.086862244233357533e-01
6.447356127151738781e-01
6.297487689583407544e-01
6.441024447574926759e-01
6.172087613417918117e-01
6.130951155625181670e-01
5.898632199329967296e-01
5.704790791332559063e-01
6.044486139650152579e-01
6.293847984495118952e-01
5.838116242658599742e-01
6.384588767643458729e-01
5.919386099086332287e-01
6.184084040924998638e-01
6.190157315785431713e-01
5.805729638090367795e-01
5.839743612982770671e-01
5.735164207933692859e-01
5.693193635280039411e-01
6.052095782535918955e-01
5.843078226154775345e-01
6.127888905336472680e-01
6.426992189370251962e-01
6.326300112103904194e-01
6.013641593433954879e-01
6.092071859715928461e-01
5.794058629765691526e-01
5.837230002270514806e-01
5.917978341568014278e-01
5.801964602170089913e-01
6.115329305296575146e-01
6.146105787027555944e-01
5.981504795093108839e-01
6.019986718637534429e-01
5.922656386463462930e-01
5.889530882949294277e-01
5.763557049827381373e-01
5.634422938497634092e-01
6.029137724227446871e-01
5.822240393712447837e-01
5.696584579885826116e-01
6.133591161400526737e-01
6.108264674114289861e-01
5.728681214354521822e-01
5.869218156738889025e-01
5.958432369339103918e-01
5.983197352048679196e-01
5.908510126791259864e-01
6.024048744987987591e-01
6.350481152362876802e-01
6.296059129139363053e-01
5.876749216483260208e-01
5.702486371865300718e-01
6.110393766097451662e-01
5.984476369428053388e-01
5.832860774574685214e-01
6.098531779640379291e-01
5.927139678923979416e-01
6.470610949491037989e-01
6.140454065820930563e-01
5.959763012561944961e-01
6.020802740871200598e-01
5.895163572375380356e-01
5.678073030266020949e-01
5.674554917481202665e-01
5.509683144313144432e-01
5.620341706230681522e-01
5.568978848003468540e-01
5.829948181977872013e-01
5.661089254580193852e-01
5.581370157766355478e-01
5.629486597022010930e-01
6.043394700603662573e-01
6.138792588736606826e-01
5.898538708409312159e-01
5.668593055596491403e-01
6.335185539827500323e-01
6.234724900641183121e-01
6.331602970625838100e-01
6.308358647963471233e-01
6.033058909091193467e-01
5.984530043781760567e-01
6.101254952277911370e-01
5.987924993111477523e-01
6.078943645175359789e-01
6.410443206039880826e-01
6.481856451201019054e-01
6.094131827387745393e-01
6.156123478315572717e-01
5.852097237347699821e-01
5.828490375495624098e-01
6.104192491677782328e-01
6.252479554497484271e-01
6.113665190170775032e-01
5.825014892515594234e-01
5.862230559879588743e-01
6.158434148992972812e-01
6.134231159607271833e-01
6.075787446245030088e-01
6.115432546208192655e-01
5.896043180409612505e-01
5.940866820155655814e-01
6.207632725379814698e-01
5.930019421729980644e-01
5.979698961958921366e-01
5.942267871857221939e-01
5.891386499843166424e-01
5.737281470009918394e-01
5.933293144422809862e-01
6.260090723934299550e-01
6.008897921944340581e-01
6.047490415159229027e-01
6.213742304730993649e-01
6.255427476547819055e-01
6.064311971080013075e-01
6.375266398095595921e-01
5.988404572110949120e-01
5.773328135658593041e-01
5.946194711959241763e-01
5.832771441933721768e-01
5.905234554390734747e-01
5.705356010762876462e-01
5.530823189619864522e-01
6.060173462547893131e-01
5.875630111638022735e-01
5.868701948548959990e-01
6.445821630470860431e-01
5.997171292959153632e-01
5.872825843610992580e-01
6.100277349581476605e-01
5.926771604112387459e-01
5.699786452774179280e-01
5.898815148471570069e-01
5.767224525353856768e-01
5.915388764693093604e-01
6.221422807296955737e-01
5.700319046139976642e-01
5.889271701282692284e-01
5.775621507311731184e-01
5.687220056430151160e-01
5.823126048783717756e-01
6.064354792950096273e-01
6.148164531247352071e-01
5.898427017310996501e-01
6.058296343745354084e-01
6.375572801852460447e-01
6.101341214832367577e-01
5.991495173871816959e-01
5.891300055417811876e-01
6.177477614469129019e-01
5.963368639101601643e-01
6.321669336062176736e-01
5.842629019659569822e-01
5.770257833521802437e-01
6.366849599159548623e-01
5.825741036879543699e-01
6.135436539251647448e-01
6.506999679507760037e-01
5.918671290301767973e-01
6.572835519723742026e-01
6.359287670714943719e-01
6.176753924334282830e-01
5.970640392324884083e-01
5.669967643524002066e-01
6.040198411838900716e-01
6.434954638838951135e-01
5.966540418340841034e-01
6.180658137664144514e-01
5.855770526673532705e-01
6.086016340461312124e-01
5.944935623343320374e-01
5.916711238709732035e-01
5.857425041458278470e-01
6.210664156404560599e-01
6.142288408163331104e-01
6.081425241466011933e-01
6.006326438729988615e-01
6.027730488929199382e-01
5.879032211252600559e-01
6.104603282130296460e-01
6.250738855719535358e-01
6.172760308391654904e-01
6.085284141476432485e-01
5.777094101424875561e-01
5.680604736077778938e-01
5.894564241795537951e-01
6.005539052563750868e-01
6.220787269870962088e-01
6.131033848201381531e-01
5.821037128209115563e-01
5.953069134030108955e-01
5.962283957040197535e-01
6.292245776342836328e-01
6.381143888663729502e-01
6.690742312459653229e-01
6.324883681126406421e-01
6.023047633735428841e-01
6.275369816079716667e-01
5.906909269653407568e-01
5.841623205769165272e-01
5.835277632174626916e-01
6.036965810527789023e-01
6.267437900888803703e-01
6.113434523477110361e-01
5.829061991249717689e-01
5.516360051572412049e-01
6.277612072387461772e-01
6.176572630353405202e-01
6.065776725256478707e-01
5.962816674836779463e-01
6.381087225852521971e-01
6.554086904276663628e-01
6.334592019535203455e-01
6.153438632431411648e-01
5.863959552924358221e-01
6.196764660249687307e-01
5.878711397390687932e-01
5.689827213180360665e-01
6.067581195909279579e-01
6.093307880971309265e-01
6.105589377906132098e-01
6.230612532888910593e-01
6.029099584477898288e-01
6.427916284478231157e-01
6.433169402849537866e-01
5.812334107210070933e-01
5.958387070838548905e-01
5.922904319209988389e-01
5.817354887396795071e-01
6.049362247448523133e-01
6.018904499987570711e-01
5.838264948372021701e-01
5.855458148634664628e-01
6.014166454125735584e-01
5.648997705717979656e-01
5.838518654795270546e-01
5.980388504427018859e-01
6.138299617792687402e-01
6.461772881653023992e-01
6.521199026854754832e-01
6.433527200174086191e-01
6.157584787627535805e-01
5.915768688393722163e-01
5.799603740793093376e-01
6.137825941013573816e-01
5.846936380555335377e-01
6.448565900324282341e-01
5.990924214272758119e-01
6.173644817062593493e-01
5.808855615193211364e-01
5.735882938457200764e-01
6.257050013400722310e-01
6.070965792419908968e-01
5.871257288198749036e-01
6.060575140433129837e-01
6.059887713506779683e-01
6.136822105571000385e-01
6.074813308641139331e-01
5.901636079267338353e-01
6.260662766639253363e-01
5.875381208186978288e-01
5.763869963655815498e-01
5.672665756906665191e-01
5.950183986686622406e-01
6.177695833059925201e-01
6.560634444292962053e-01
5.814383776226266232e-01
6.029765160039569638e-01
5.847619047242321733e-01
6.133380520526462432e-01
6.328945809430466252e-01
6.226261146820071257e-01
6.423144817972871179e-01
6.054732252363991263e-01
6.180679018883585840e-01
6.325084922218523475e-01
6.425709113345298151e-01
6.405983797269944047e-01
6.262754289256470264e-01
6.174139423750134581e-01
6.143442708090164350e-01
6.450670578618246109e-01
6.097161537174438095e-01
6.530222659154834020e-01
5.999470894826562928e-01
5.924783440107415089e-01
6.311567840170291266e-01
5.667521235644656930e-01
6.264405014882992173e-01
5.730672142540828018e-01
5.831475436853543748e-01
6.096518450477615980e-01
5.984728429221263246e-01
5.929403320792204779e-01
6.324715968175056435e-01
5.766512928141289684e-01
6.250789342280812511e-01
6.349262895077320001e-01
6.210401485942685929e-01
5.940439050023950118e-01
6.061723581743881928e-01
6.144589090053471647e-01
6.104269006625977489e-01
5.895881516982361958e-01
5.867872992963756307e-01
5.626685258529190437e-01
5.763396936017981531e-01
5.921545717578160506e-01
5.659430995360840155e-01
5.623130293507475619e-01
6.027380547452101389e-01
5.967123211239080405e-01
6.211081701955819545e-01
6.001049037709251799e-01
6.070144443858408456e-01
5.903180679120809682e-01
5.867286865366558857e-01
5.906615243788223557e-01
6.252744419688189836e-01
6.092972576574489096e-01
6.093332883524206212e-01
5.668636778522249120e-01
6.300766371769462859e-01
5.654768407624557458e-01
6.175388379839211739e-01
5.395570227552790588e-01
6.016842459988801517e-01
5.994688487805520660e-01
5.514724798297989672e-01
5.873450829180775212e-01
5.623470346243599760e-01
5.666212946286984797e-01
5.661503875685668374e-01
5.521360183478347672e-01
5.970570505260208716e-01
5.751856541255794264e-01
5.746880590089057383e-01
5.951914525013308754e-01
5.770234357560104499e-01
6.051714761904636308e-01
5.989292863740394157e-01
5.874212920033815566e-01
5.661271032387313884e-01
6.299662696282245511e-01
5.975945366359499689e-01
6.156290042045092781e-01
5.894333947450565159e-01
6.003956192863098007e-01
6.300168241194840091e-01
6.333168554381861659e-01
6.300071710063265273e-01
6.424709835278028525e-01
6.104016387766644236e-01
6.386911405292128308e-01
6.414735874091430645e-01
6.119789504954614712e-01
6.393564957711972419e-01
6.295169843238377361e-01
5.914353499163336192e-01
6.581569651038362556e-01
6.231628355559439836e-01
6.253683567213839112e-01
6.848373094479807133e-01
6.692144015024777959e-01
6.469202631916971535e-01
6.222676570094876070e-01
6.466931058379220554e-01
5.962736946499218593e-01
6.072242929576070480e-01
6.232305003620615125e-01
6.082160591550519468e-01
6.406897120862253825e-01
5.756608424205706953e-01
6.026719690996673595e-01
5.904474099671442877e-01
5.959834853608314553e-01
6.025709716627222212e-01
5.930157298221048201e-01
6.334985727207103068e-01
6.464811092828131045e-01
5.955483365428477782e-01
5.910880011437180670e-01
6.194015140566766497e-01
6.046994424245080157e-01
6.314078805581093690e-01
6.082010674023867747e-01
6.250618294997033475e-01
6.166399511248245036e-01
6.250078797710093559e-01
5.931634897781982163e-01
5.930569915358965272e-01
5.746788797687715222e-01
5.727058160030806810e-01
5.758090760613294723e-01
5.945094527215245561e-01
5.688535288426712633e-01
5.918178401263758381e-01
6.261870957684595451e-01
6.229049935993282716e-01
6.266568776152751097e-01
6.043411140627100719e-01
6.151903595758617671e-01
6.306828681523924951e-01
6.198249332393901412e-01
6.486466174243669114e-01
6.327388643497450227e-01
6.201309976101048171e-01
6.190577286038287941e-01
5.894430993595027868e-01
6.031884654296354453e-01
6.145508608329061095e-01
6.029034099691241710e-01
6.275721413847183960e-01
6.205859107470977909e-01
6.158348488416538480e-01
6.309324773020427157e-01
5.854367353656292350e-01
6.277079366249481707e-01
5.644118168351274223e-01
6.546931516745981838e-01
6.005710106476942478e-01
6.246364549655617493e-01
6.337040571929919430e-01
6.034345599954019645e-01
6.038270929733263737e-01
6.168785640993386110e-01
6.270927466787783455e-01
6.437008451026713374e-01
6.255690643805049689e-01
5.989140782682547126e-01
6.006808766802025357e-01
6.304121202905187404e-01
5.931895145550141191e-01
6.041895525858009819e-01
6.014060962753062789e-01
6.066525067499379809e-01
5.955103395437557623e-01
5.715669753538914488e-01
5.967016765467679784e-01
5.793049139010923998e-01
5.778510963611804829e-01
5.669252190022595617e-01
6.133852096756077232e-01
5.840274728561628548e-01
6.038700360721908078e-01
5.910380059094281213e-01
5.768251680140410453e-01
5.957391772725783019e-01
6.118820346221075512e-01
5.998711611914786523e-01
5.681464393617469133e-01
6.006511297920840153e-01
6.164892321720810697e-01
6.192099964119907041e-01
6.552190298866508167e-01
6.380391213024018127e-01
6.378679963930958818e-01
5.824465289265914336e-01
6.188281235478503284e-01
6.003531361252958387e-01
5.881952313306832991e-01
5.875236142350820367e-01
6.111234804543163035e-01
5.762985490392721344e-01
6.140636867328063131e-01
5.816122530375756883e-01
5.555882033422013810e-01
5.749901552727223475e-01
5.692369773737724348e-01
5.901659927462589161e-01
5.825195416172331830e-01
6.165710358443201589e-01
5.851063334803690008e-01
5.922344153760544794e-01
6.122663298223551820e-01
5.960618934300533356e-01
6.123376386943284455e-01
5.657666819705027272e-01
6.228251518174349188e-01
6.331049759864297855e-01
6.065398315317934719e-01
5.959074808782770516e-01
5.942009492689943606e-01
5.896901069479760782e-01
5.918190278372430502e-01
6.019455579235818421e-01
5.893352251337599101e-01
5.706536961943731168e-01
5.993515518737371206e-01
5.999496818715528423e-01
5.868319951311582461e-01
5.771098412739664729e-01
5.455826221326918191e-01
5.899810239899361264e-01
5.819559345466863709e-01
5.966693371468054785e-01
6.180105573276233333e-01
5.736852527510999389e-01
6.184022976045761011e-01
6.410401985486081644e-01
6.098472665552268079e-01
6.008755026478554973e-01
6.261374054029348324e-01
6.313672376079310089e-01
6.068876220764782836e-01
6.197224926682455282e-01
6.415464995524089442e-01
6.685234938291282347e-01
6.273527682960764462e-01
5.979912919947484307e-01
5.913244751356225848e-01
5.895662994558118486e-01
6.070634384851404386e-01
6.276346973801729678e-01
5.853119637402940389e-01
6.214172632548429220e-01
5.965635750667401815e-01
5.647035149274126642e-01
5.992321078374234222e-01
5.894832872525976875e-01
5.815662976669440098e-01
5.915688411660977586e-01
6.103355007723468839e-01
5.854455746481519451e-01
5.870714325109939180e-01
5.897649857241645810e-01
6.253300700802034706e-01
6.313021031996943755e-01
6.323240339138821442e-01
6.532918114850965186e-01
5.861664153772521146e-01
6.122691619967624010e-01
6.211623088306266194e-01
6.014793092809396224e-01
6.178220163239147578e-01
5.982141625918601102e-01
5.821359283558455999e-01
6.091815141548846402e-01
6.019122333876124609e-01
6.206188047356961945e-01
5.842502806343972122e-01
5.781169932163796599e-01
5.606033014684490556e-01
5.931059356738763721e-01
5.573242227439819674e-01
5.827938131542067524e-01
6.143369601703119187e-01
5.960727238656958749e-01
5.913710740901798601e-01
5.785142436264353316e-01
5.959562579366501911e-01
6.007055487256302007e-01
6.028825730714989506e-01
5.878009277047148151e-01
6.071386832463956384e-01
5.634193560809038770e-01
6.476939414495832548e-01
6.142994073070398020e-01
6.361450483984821824e-01
6.262656640323828183e-01
5.736420640247849034e-01
5.694134962463763827e-01
6.040695164136716810e-01
6.289552248792951161e-01
5.827774403447850693e-01
6.126771005113045288e-01
5.970053868228829552e-01
6.396208394379762074e-01
6.265103306673697192e-01
6.470764708904094276e-01
6.574539141785230578e-01
5.946046272794859311e-01
5.706459217144108642e-01
6.205276461930526732e-01
5.975859980546877059e-01
6.108525856242106311e-01
6.636906206777632988e-01
6.435269353770776135e-01
5.649571631182415121e-01
6.270593280530011304e-01
6.152837711771527163e-01
6.183513286861458402e-01
6.113943424436683038e-01
6.191342327173862126e-01
6.415166021018106068e-01
5.934405956938910709e-01
6.217362548694007618e-01
6.162437555255326771e-01
6.198950697535783316e-01
6.437374860217095485e-01
6.538705487137567163e-01
6.166361153977540921e-01
6.095485698552330911e-01
6.185052283846819154e-01
6.516703054387003036e-01
6.372912345717833826e-01
6.526920104606771522e-01
6.173955950910476886e-01
6.272526826352641249e-01
6.262615653459351339e-01
6.013919359455413005e-01
6.697923373936985891e-01
6.091370808251544977e-01
5.852976397688857135e-01
6.458745054326254786e-01
6.392602145057857399e-01
6.505837430935933474e-01
6.368438726975794717e-01
6.374749229721121679e-01
6.459812344421556052e-01
6.243157299757711165e-01
6.769875058409866586e-01
5.974513866458279754e-01
5.862227790654276349e-01
5.989141531145287800e-01
5.771240339308850720e-01
5.938472767047632273e-01
5.933128798608152676e-01
5.832226588188891281e-01
6.098501163695158045e-01
5.697856306606495780e-01
5.585315873395014785e-01
5.954618690374303691e-01
5.742472364110564609e-01
5.836458704187512669e-01
6.139799423313557769e-01
5.974342019480238797e-01
6.287084924531247676e-01
5.975578781487633773e-01
6.038114699847754174e-01
5.985619332340059717e-01
6.103060049657461628e-01
6.249909025097486470e-01
5.945911211305576760e-01
5.791626279459707316e-01
5.696444991959972448e-01
5.963461021666823791e-01
5.988064448293257680e-01
6.280533446932273778e-01
5.880369903863109649e-01
5.837367482800630558e-01
5.983628349858266526e-01
5.783542385269316854e-01
6.139784057073096601e-01
6.112366633057753074e-01
6.036204687326858220e-01
6.163738821346773644e-01
5.746756143344109447e-01
5.908135388474847760e-01
5.979403255662455452e-01
5.977219523917131072e-01
5.951014013941255953e-01
6.440665138941643608e-01
6.170734161363007342e-01
5.919075266142757030e-01
5.793069383580632392e-01
6.087053575326707433e-01
6.812598375139429230e-01
6.071061119237517456e-01
6.538287079208269237e-01
6.465285554412536495e-01
5.934715757042230422e-01
5.724478223244626740e-01
6.100728925253643409e-01
6.214798223394980559e-01
6.158228584307255948e-01
6.063101392693459601e-01
5.871485138416419058e-01
6.156260217509684773e-01
5.720059425104304651e-01
6.149348572706150318e-01
6.196723488547216663e-01
5.921664707136173877e-01
5.778333809570337376e-01
5.736602831552637394e-01
6.077468975328652601e-01
6.428679353424587850e-01
6.175067592518638238e-01
6.126228052803320834e-01
5.913849994681273925e-01
5.930058083740532560e-01
5.978612487273261555e-01
6.171553776995415408e-01
6.064589419340873366e-01
6.231854068524351753e-01
6.288727880329082476e-01
6.036796993139926792e-01
6.180004851420156653e-01
5.891516700630986536e-01
5.702743989086939136e-01
5.974231459917935805e-01
5.599466722397099527e-01
5.734411952210036745e-01
5.453263494645674836e-01
5.437498392997643926e-01
5.950478484634814658e-01
5.986251355414148323e-01
6.072672200090960537e-01
5.777049330005763483e-01
5.587243114071015482e-01
6.020640108310667538e-01
5.944792745711900972e-01
6.043645762320057901e-01
5.918315312222066638e-01
6.309971933785887277e-01
6.263796567885417943e-01
5.858420985679464454e-01
5.618190809611600667e-01
5.869611541996709869e-01
5.888778244441646992e-01
6.043051522447752122e-01
5.748848281088159151e-01
5.886553948558311822e-01
5.879047231498223391e-01
5.808464130513920631e-01
5.965041595946268815e-01
6.103447040597245188e-01
6.012604594971323602e-01
6.210089345378140280e-01
6.161531662457735425e-01
6.312140177594154355e-01
6.212317506224755981e-01
6.194689303006348791e-01
5.809419981067394101e-01
5.818897681088706086e-01
6.081330927447224921e-01
6.187071493374121101e-01
5.572007695343896838e-01
6.330839000549391971e-01
6.592254837549402779e-01
6.085225193949611588e-01
6.103674238355355497e-01
6.266666030482065386e-01
6.009328739920606344e-01
6.458662616249868371e-01
6.138710241117651956e-01
6.913054767666698686e-01
6.855242593455755928e-01
6.411236881693915812e-01
6.277259496105220826e-01
6.366307024964265038e-01
6.108219098329285002e-01
6.448982121423925129e-01
6.228288001876756130e-01
6.150558424232631660e-01
6.130866332055248114e-01
6.350861886198477801e-01
5.904425714219702082e-01
6.055938667728861802e-01
6.257142136972764224e-01
5.986627655771604717e-01
6.181722085952336965e-01
6.403681039495452421e-01
5.732730598145453493e-01
6.371156031595538449e-01
5.860888646074920993e-01
6.014959173338150222e-01
6.020234263182674406e-01
5.992477996995304590e-01
5.948220321841679592e-01
6.001701723061210192e-01
6.112416328211565109e-01
6.222254206793490505e-01
6.041337497616113827e-01
5.922368008653355886e-01
5.944038706082070966e-01
6.227786257149691140e-01
6.109087347361406017e-01
5.956630914768995533e-01
5.837962706965651449e-01
6.096561212153653875e-01
6.350581859775098481e-01
6.062492641435126561e-01
6.527944929595352885e-01
6.002072423544065893e-01
6.203197335230924425e-01
6.571624958727688703e-01
6.041640917333980232e-01
6.347300106266750008e-01
6.468318042182428229e-01
6.538821396315972478e-01
6.285763588899339060e-01
6.118343465925362157e-01
6.218709746677819616e-01
6.062898461960910534e-01
5.954049933667309169e-01
6.119189778285143433e-01
5.803993194845831205e-01
6.007755645831420743e-01
6.073298484959205323e-01
6.086817888622474415e-01
5.728422340625899389e-01
5.928183162872082690e-01
5.960580756503162103e-01
6.057275513587476734e-01
6.320404898737463917e-01
6.289975550158414253e-01
5.910582692054826559e-01
6.098106233765764328e-01
6.513953773975408312e-01
6.390244968071352449e-01
6.206915796313106082e-01
5.921852969278625922e-01
6.105009325804745535e-01
6.235221392144051356e-01
5.844853919186963065e-01
6.015332871083998167e-01
5.896848140498368585e-01
6.238312120708825459e-01
6.070374434414971265e-01
6.004456205839086014e-01
6.357449952505497270e-01
6.186383875010078581e-01
5.762335138985869021e-01
6.121294047310181785e-01
6.364713418753992213e-01
6.069587285366608853e-01
6.307995908904496796e-01
6.193754417445922478e-01
6.207102708305051175e-01
6.382156127086749953e-01
6.147709707480656371e-01
6.048887132592236648e-01
6.150281077577803845e-01
6.352740961222920202e-01
6.641176457651827292e-01
6.290007264908294982e-01
6.544090347389451834e-01
6.478889168378257901e-01
5.992016827564385917e-01
6.061615428060354027e-01
6.121286515155780483e-01
6.121865601265159551e-01
6.106253147551752303e-01
5.836246202068451350e-01
5.573354274426600696e-01
6.069623186869836928e-01
6.016314542371983265e-01
5.757550362245629216e-01
5.744638908669402744e-01
5.980713971921202132e-01
5.932986610550188278e-01
5.910295295295908691e-01
6.037307078861793297e-01
6.198707890040613400e-01
6.073976747881592031e-01
6.378998644843304477e-01
6.237886105451695418e-01
6.226334154774555429e-01
5.338253573246168893e-01
5.945661640022702477e-01
5.786447411465212021e-01
5.904137122169713647e-01
5.824601237954709632e-01
5.982823714477569776e-01
5.984916201288689175e-01
5.856862701919837155e-01
6.054687931208462270e-01
5.720809805851284624e-01
5.702413271828528085e-01
6.102181406855539114e-01
6.254302823926647381e-01
6.058505656279761231e-01
5.969024036074597195e-01
6.002067991129428348e-01
6.412863108077432317e-01
6.450204345373953263e-01
6.225087375780845589e-01
6.190436719919243380e-01
6.119570141586022638e-01
6.200844180906008862e-01
6.039486374748429531e-01
6.205749912085705144e-01
6.093259617502814196e-01
5.734548138503108294e-01
5.925449491929170032e-01
6.128735365816481151e-01
6.097377868520005295e-01
5.909475923761785543e-01
6.029435876384687809e-01
6.146091907986820368e-01
6.037913013095089765e-01
5.801024681162207930e-01
5.840446300123515178e-01
6.096998375394503400e-01
5.919217471651274654e-01
6.208154733737202280e-01
6.136441925624448457e-01
5.761136998309425161e-01
6.047465239749237886e-01
6.386210661147622147e-01
5.745421821517907590e-01
6.265590201623638666e-01
6.038161668607640031e-01
6.315378068140325984e-01
6.087842752619712083e-01
6.298891134946268400e-01
6.692307503861630869e-01
6.066369533888372745e-01
6.440393294673142366e-01
6.261706449093547011e-01
6.002423752682668479e-01
6.421434715493414824e-01
6.095544134388527491e-01
6.083429705543050847e-01
5.977874590835371427e-01
6.142774243004708312e-01
5.663050211267299794e-01
6.120070224326981112e-01
6.209728738626889566e-01
5.806721129635816769e-01
5.818655284652476389e-01
6.128546843388327225e-01
6.081988346756858066e-01
5.874673639938531311e-01
5.528284927928365233e-01
5.770880791542510879e-01
5.585251822106809261e-01
5.664183230280105397e-01
6.082160137977106196e-01
6.048319126347612151e-01
6.046084430163330969e-01
6.226786821602212640e-01
6.110878456929885738e-01
5.678299635137989965e-01
5.902509852969500814e-01
5.794209898454352192e-01
6.145587300472972192e-01
6.213062863538257874e-01
5.936331732221602486e-01
6.074537490400745421e-01
6.331586029556902639e-01
6.464614352189772539e-01
6.122128708308818279e-01
6.367424313427741955e-01
6.208213771136221748e-01
5.978634956491073460e-01
5.771719342695975641e-01
5.843443050468268840e-01
5.752178394052236410e-01
6.117665115117362218e-01
6.151607729904231547e-01
6.075886721223872078e-01
6.158978960316725537e-01
6.527970124787528805e-01
6.233365226112002055e-01
6.126489172688204254e-01
6.169684334059107877e-01
5.987799849454886747e-01
6.273538585410259882e-01
6.423872202840831269e-01
6.005843384498893434e-01
6.246179688176711764e-01
6.304832109036265786e-01
5.651890240718023817e-01
5.641940431497414199e-01
5.865038126949838615e-01
6.079591889358857415e-01
5.992391472890969961e-01
6.188675929390177188e-01
6.407396976733327199e-01
5.801823309721314548e-01
5.969696487743860747e-01
6.433998851591971047e-01
5.656666208424543374e-01
6.026068462600557840e-01
5.955486032122750961e-01
5.908554458173099766e-01
6.110575827509128199e-01
6.068682039392987448e-01
6.468791780115425993e-01
6.594782530775321616e-01
6.155963970302327226e-01
6.293615317031094891e-01
5.942648436707540505e-01
6.003749841359831141e-01
6.502439362031342540e-01
5.824096680304942097e-01
5.789929354541266671e-01
5.870561967277926341e-01
5.987041960749780456e-01
5.942343584574244497e-01
6.153025044735485061e-01
6.039061395851800240e-01
5.736000125924196613e-01
5.850585234501073373e-01
6.268694518420689921e-01
6.104522395235120191e-01
5.968065305406280441e-01
5.651662836881121699e-01
5.725778417568399004e-01
6.027436333920795919e-01
5.896966901441642595e-01
6.086397235616665125e-01
6.308779639705061060e-01
5.774248237072643342e-01
5.813910799042812938e-01
5.605293071053828458e-01
5.905625079580941739e-01
5.827589293837409645e-01
6.001092326968684443e-01
6.194325176566285451e-01
6.294531927564399609e-01
6.191484067991456230e-01
6.285777325208350419e-01
6.377615610343483343e-01
6.704619338739853385e-01
6.125895871681779070e-01
6.085028914436582115e-01
6.370513556096165653e-01
5.825904315699803604e-01
6.139413452725096532e-01
6.115033359877111163e-01
6.444620886100722590e-01
6.077597817247640810e-01
5.897893438070986871e-01
5.733053626879752729e-01
6.272902071095153298e-01
6.073929630962032755e-01
6.092560305227746609e-01
6.017028287722810953e-01
5.881460816912852385e-01
5.846201649936642042e-01
6.362145644675185618e-01
6.134144819756897071e-01
6.179665836125044498e-01
6.091957563852024027e-01
5.885504131643135572e-01
5.819200173712102409e-01
5.891534913399536499e-01
5.867326320567660680e-01
5.927042884672889533e-01
6.233380666238673706e-01
5.939746866625266186e-01
5.818410598720634708e-01
5.960918093257370209e-01
6.078968945355475162e-01
5.783592865367971347e-01
6.164727939143141988e-01
6.179118955946348857e-01
6.076349999100767452e-01
6.188188908200420446e-01
6.222979064783058512e-01
6.108653842526835520e-01
6.417757765488155686e-01
6.446243764274753874e-01
5.877564425556648375e-01
6.422414779135716678e-01
6.288373646596809863e-01
6.117558682655871438e-01
5.989180520240499073e-01
5.693753417140463569e-01
6.033243837059011350e-01
5.855452757364933980e-01
6.149614222929757901e-01
6.127587018210555181e-01
6.283754962388496956e-01
6.168343187841487385e-01
5.939922438224003454e-01
5.590816115221678428e-01
5.843019813716594513e-01
5.815270796989142621e-01
5.841448749221089809e-01
6.300614957434184094e-01
6.243784850787547080e-01
6.015108370495423351e-01
5.852154412471272105e-01
6.399805829446887362e-01
6.080985365552863398e-01
6.096654608721242541e-01
6.136918117605022482e-01
6.316121187346214194e-01
6.149201091729389335e-01
6.083963359435241580e-01
6.178716253734167774e-01
6.056711297486496726e-01
6.335315292875530746e-01
5.872716726519631170e-01
6.297097343929165536e-01
6.606701774063371557e-01
6.737626201248149149e-01
6.421524633622914813e-01
6.693541540014534830e-01
6.625519775778031528e-01
6.702386302702728615e-01
6.315721887659332401e-01
6.339846046922154033e-01
6.156752054469371016e-01
6.112243919756914501e-01
6.071828598368661511e-01
5.879417988358646152e-01
5.976116122475443326e-01
6.098594892830576653e-01
6.473225447689512357e-01
5.866400679367489435e-01
6.137446888172658488e-01
5.684538705246416912e-01
5.950143545189865435e-01
5.408647582697280187e-01
5.581898936661336963e-01
5.713804551738183024e-01
5.769123687308659321e-01
5.928443125982950646e-01
6.334252699812228382e-01
6.058037181848803243e-01
6.111970844671601455e-01
6.468241933403782173e-01
6.260109103124420482e-01
6.005815147666597742e-01
5.962808631771090440e-01
5.943083107670632526e-01
5.756659876825709343e-01
6.021775606617609800e-01
6.119067297967396568e-01
5.888650640160357774e-01
5.611718487928476495e-01
5.831191275190563683e-01
5.943804603411629861e-01
6.008186085109357144e-01
5.823858630721627794e-01
5.977436872403127932e-01
5.810445050584871485e-01
5.705540422540854584e-01
5.741638096151111537e-01
5.880925299993746691e-01
5.748877450461460370e-01
5.871883362420733388e-01
5.900791864716364854e-01
5.735215850809628479e-01
6.077065398954873965e-01
5.973800973758229826e-01
6.132378399797933088e-01
6.020946455243553208e-01
5.857319637437317095e-01
6.203901750136556759e-01
5.995488732841444124e-01
5.866491231131861772e-01
6.051592371705487583e-01
6.108608841548790469e-01
6.366689475302091950e-01
6.058899792577235877e-01
6.075703617266051682e-01
6.184961237929320621e-01
5.797724739117423587e-01
5.953725658220913042e-01
6.143174134209308246e-01
6.135786739868135387e-01
6.067998991366766459e-01
5.931775718948838483e-01
5.943199540095653877e-01
6.257737032958888834e-01
5.912197428983648750e-01
6.108957227995224226e-01
6.154882462146494815e-01
6.287047170476076641e-01
6.317771102700407981e-01
6.149084521667453895e-01
6.519475403704795280e-01
5.975788024129997655e-01
6.522217858372035826e-01
6.229527781067548675e-01
6.230363238847105301e-01
6.325133559631069824e-01
6.548512031171250802e-01
6.373636565774469798e-01
6.204329146757510127e-01
6.054476563730204486e-01
6.099568167364155524e-01
5.671239763833215708e-01
5.740708694629229614e-01
6.080999428220108527e-01
5.523342328450848715e-01
6.100737324382681237e-01
6.099032593746190889e-01
6.108615491100963801e-01
6.020237942645337847e-01
5.748579886676089545e-01
5.947948321747038580e-01
5.792438387446010584e-01
6.159951991799084148e-01
5.990973748811224686e-01
5.783751557388259190e-01
5.870145559772258492e-01
5.823809662398088394e-01
6.023216922487488745e-01
6.180631122679631773e-01
6.286364861522816261e-01
6.161110986576656678e-01
6.247864211918857658e-01
5.846700985462472966e-01
5.898074444858186771e-01
5.855408245049282812e-01
5.436555976599856121e-01
5.805288357374196462e-01
6.148629891257204605e-01
6.053102395062327501e-01
6.045838281155129224e-01
6.053041771708169705e-01
6.217988703490145985e-01
6.336535048930553859e-01
5.923413355447327833e-01
6.146842868798085835e-01
6.466536339598897287e-01
6.231086477370326726e-01
6.345733742910800723e-01
5.800341319287694031e-01
6.102851696763282874e-01
6.124141869884481837e-01
6.004758008107563549e-01
5.971276920778267883e-01
6.176448112354043785e-01
5.958475560111122782e-01
6.483494868153508728e-01
6.231454075273181736e-01
6.214237395607372649e-01
5.807799466129355270e-01
6.016353775185815378e-01
5.598277835043550255e-01
5.879270320312999232e-01
5.716065456893002494e-01
5.640552912545658826e-01
6.137003238282120465e-01
6.023522175801003797e-01
5.839510493425864590e-01
6.108955288800453909e-01
6.060317002185600099e-01
5.873882008584134784e-01
6.128865903748597077e-01
6.188378430538264974e-01
6.218739170380185310e-01
6.181318875944873392e-01
6.500645807728195891e-01
6.184238620966379107e-01
6.153060638180829489e-01
6.245960096291370833e-01
6.272346423584881370e-01
6.176762749500848138e-01
6.194659164145208674e-01
6.153760985864873412e-01
5.931448505403176252e-01
5.690930030051051247e-01
6.254170030371518640e-01
6.117409655679408864e-01
6.277800254741335850e-01
6.171956338396396013e-01
5.895871217261832165e-01
5.989539006072291949e-01
6.254010662528535214e-01
6.360236282498344940e-01
5.940274038939752366e-01
5.853579796252199596e-01
5.898306669404852487e-01
6.028511108602212509e-01
6.061471947376834146e-01
6.465150358668276809e-01
6.502921150269416195e-01
6.760537724762184508e-01
6.279883930308731710e-01
6.115340259348535090e-01
6.336312311881837633e-01
5.784890119987571300e-01
6.349183144428620640e-01
6.108996949898218842e-01
6.296924970608515082e-01
6.056640614034015657e-01
6.379090285445669917e-01
5.757212609564377193e-01
5.960758948702279403e-01
6.124370066618648467e-01
6.412173096611933909e-01
6.608429754446826232e-01
6.530055176818225782e-01
6.294814334204609230e-01
5.967649187374280961e-01
6.099280309340970874e-01
6.153693840187810515e-01
6.380719350282364477e-01
6.209116420460518704e-01
6.354626629585075070e-01
6.094729091643117380e-01
6.240664992814718426e-01
6.049055901062341256e-01
6.048006165973257575e-01
6.211049100459493655e-01
6.331092939485611915e-01
5.853044212164990601e-01
6.013534090120228326e-01
5.784146978123317906e-01
5.613983018408199577e-01
5.969630021184961777e-01
5.622157912743769304e-01
5.763028183744093313e-01
6.007191207070398109e-01
5.712570358308284302e-01
5.671852284280515244e-01
5.522737788838838480e-01
6.217431084091266102e-01
5.982966790079013997e-01
5.979555386433453856e-01
5.849712412984670040e-01
6.552572309120898719e-01
6.165233533462463056e-01
6.376719382454311136e-01
6.356948234254563568e-01
6.215639878410387231e-01
6.446548198923803819e-01
6.443472893464085027e-01
6.595293956982944961e-01
6.324567195324161117e-01
6.279826281265030730e-01
6.133277221639311660e-01
6.184084796553378505e-01
6.319488093579616050e-01
5.928224935502744986e-01
6.442681481852602365e-01
5.969492515795975507e-01
6.086559762975004562e-01
6.532191306401462505e-01
6.157416114793629047e-01
6.026056806682541511e-01
6.506665810867875432e-01
5.985933918072440241e-01
6.306485012323653772e-01
6.428005424787455180e-01
6.097053642885927882e-01
6.140577753887369594e-01
6.174131747064286468e-01
5.930923342421074995e-01
6.131375139969105215e-01
6.146770035087890660e-01
6.813024447588633681e-01
6.177078866991119188e-01
6.273477036339403234e-01
6.200645539618382385e-01
6.165207515929727045e-01
6.063009570686629379e-01
6.214222492005143650e-01
6.080940608962165372e-01
6.067330161156133661e-01
6.062270065148572806e-01
5.982679268617956403e-01
5.820784259885781742e-01
5.792192410528437252e-01
6.204296657168918427e-01
6.162128457109519175e-01
6.424870973701507504e-01
6.266882890070171186e-01
6.363514318728870078e-01
6.228162353536957907e-01
6.456969024402650081e-01
6.533485874544979755e-01
6.261465260944666378e-01
5.968564797211041162e-01
5.527500131872932210e-01
5.714537789139271240e-01
5.919697691899600267e-01
6.178767538001491699e-01
6.179640498427041440e-01
5.855365658443293375e-01
6.213774570991850155e-01
6.003683815066676033e-01
6.087475340449229888e-01
6.300986026354038483e-01
6.338350510505470492e-01
6.225372675488998198e-01
6.169665896395911675e-01
6.447253768275550412e-01
6.044132621240370096e-01
6.284799784420332935e-01
6.324884869198169612e-01
6.064819074625729112e-01
5.801144073320385619e-01
6.409061300274432327e-01
6.112875504662114157e-01
6.223261109541637914e-01
6.667308737366408611e-01
6.751138993114726983e-01
6.287624453436345684e-01
6.493599413461280667e-01
6.274067394196293224e-01
6.416567573395999258e-01
6.339221320157365502e-01
6.061742640029963436e-01
5.873024528944140732e-01
6.493750163478163584e-01
6.197172690219375779e-01
6.095178953519201359e-01
6.602836534538848445e-01
6.103806184880256058e-01
6.166033478951096214e-01
6.187230345786335350e-01
5.899558531881148316e-01
6.370395952713548970e-01
6.622359723476308746e-01
6.042597357296405347e-01
6.184890209890200330e-01
5.631442772434759325e-01
5.911537940908540012e-01
5.988985625198722795e-01
5.683597348742116528e-01
6.036432711232304626e-01
5.954280840585857160e-01
5.860171314255133712e-01
5.936790462467550489e-01
5.409764665015681651e-01
6.208741396323086414e-01
6.092179940823816420e-01
6.028542966048213714e-01
6.067667566495407172e-01
6.077051110618911789e-01
6.108807867597836339e-01
6.514195627252852283e-01
6.544452801599891512e-01
6.657678590583879785e-01
6.321975514591036127e-01
5.898719436742491107e-01
5.885418040558599850e-01
6.027741774993632395e-01
5.927149528328425898e-01
5.789599311996938003e-01
5.890902067772150197e-01
6.170607624161457139e-01
6.340485796266034368e-01
5.792132513575778407e-01
6.063023816738558613e-01
5.801590972089627485e-01
6.245755243313448890e-01
5.941122896634305484e-01
6.091578165123303634e-01
6.257541295437826223e-01
6.218092677679201152e-01
5.940412474719735103e-01
5.990082850008109361e-01
6.176244871710244722e-01
6.175675308433196120e-01
6.191087483722654827e-01
6.182465279099487176e-01
6.162955131722603896e-01
6.237154560330451236e-01
6.305012670370517824e-01
6.258280277569941985e-01
5.910360359824547993e-01
5.931265530620354332e-01
6.131919160645913358e-01
5.884455975472313582e-01
5.905819237907420360e-01
6.176315123462501333e-01
5.964823343903259412e-01
6.142837961962385185e-01
6.002010308465151045e-01
6.119765589545634876e-01
5.840656193953855935e-01
6.008207643883372029e-01
5.744867833788387390e-01
5.976085829739179456e-01
6.038639489031000229e-01
5.768510877410586435e-01
6.095169557848207909e-01
5.977394566290826772e-01
6.078918922214787690e-01
5.921353608367642130e-01
6.076117984120029680e-01
6.534988305610671677e-01
6.212002299903784941e-01
6.039016155546318432e-01
5.507029893573789359e-01
6.218996783828771857e-01
6.089157773542569485e-01
6.053846952075268018e-01
5.940398990934512291e-01
5.798157231435401293e-01
5.764615831960699932e-01
5.997273480688144476e-01
6.148243688181902478e-01
6.071542092133292989e-01
5.877872526573194589e-01
5.682670204336454089e-01
5.907140972547766378e-01
5.693673530402371119e-01
6.326334084995384188e-01
5.987719723487343604e-01
6.109330976773196253e-01
5.488028110542216842e-01
5.356462722976105262e-01
5.982916063650811633e-01
5.977642667698994661e-01
5.872303536676886093e-01
5.591750644421850103e-01
5.840241139402443382e-01
5.683437484595560418e-01
5.772930431936914575e-01
6.104459780725883800e-01
6.066393447671445394e-01
6.502823905168901852e-01
6.335042242683341929e-01
6.529750832403388161e-01
6.495411677170906950e-01
6.000700184742596699e-01
5.765332740240899367e-01
6.247903531597972515e-01
6.396415230529353124e-01
6.142596677037515107e-01
5.968385043399487833e-01
6.348052865150148882e-01
6.164428668061294747e-01
5.856297961262981744e-01
5.878767332107411869e-01
6.119095471178581658e-01
5.651753062393720661e-01
6.203596512128247698e-01
6.296314433580341152e-01
6.444736696182017388e-01
6.314867997195395821e-01
5.942255023733824526e-01
5.662470050338032079e-01
6.237097813885695841e-01
6.261962119965931439e-01
6.390503532133451348e-01
6.250823692935613130e-01
6.361808514065036002e-01
5.868137063924905306e-01
6.027452298672320019e-01
6.037709969334544846e-01
5.798230107233517394e-01
6.320878204116434640e-01
6.393290367309113487e-01
6.545797634214465255e-01
6.055545679005898130e-01
6.093190705175773880e-01
6.190670420490432813e-01
6.122891358264466177e-01
6.233085069024016933e-01
6.090736557721281308e-01
5.926123614316007870e-01
6.204298715324345626e-01
6.057091516218322536e-01
6.350017820469235907e-01
6.386604212899181787e-01
6.401993147200918388e-01
6.207428261297146532e-01
6.420353506560323442e-01
6.084788982120568068e-01
6.024319993642330839e-01
6.061772776369268589e-01
6.451518716162258915e-01
6.290217359055407798e-01
6.114877915968853772e-01
6.160619236237139251e-01
6.287856697945017892e-01
6.394484666497869396e-01
6.095705762009667739e-01
5.877080547564517143e-01
5.595204649950151765e-01
5.965991331519477914e-01
6.069446051811377973e-01
6.193544882371110338e-01
6.039171962056004705e-01
6.171926822808300184e-01
6.202608205637869521e-01
6.329873126771076164e-01
6.381719284207829634e-01
6.330935110945722366e-01
5.818504062493330409e-01
5.999981903386071291e-01
6.321622912235733693e-01
6.290479758463557447e-01
6.202076894925684369e-01
6.029465017854024333e-01
6.714821185725879937e-01
6.079537060276740679e-01
6.495537136412491419e-01
6.152559854368720993e-01
6.370269273334970839e-01
6.043774486990874939e-01
5.882130215797444217e-01
5.892436384510471026e-01
5.975316797284021542e-01
6.270686499361980415e-01
6.141391013192167847e-01
6.138772281308605416e-01
6.034667746558667334e-01
6.006968448446203812e-01
6.159852366230781362e-01
5.912020331284191244e-01
5.983094777733656278e-01
5.829081486288312242e-01
6.341234542846182487e-01
6.735975934560645140e-01
6.233587915511947797e-01
5.720054411201557221e-01
5.689892505847111703e-01
5.920636943197865598e-01
5.919453308251207968e-01
5.694631414888869925e-01
6.130914301962372415e-01
6.250543879010092008e-01
6.153940158613655509e-01
6.205338756976006565e-01
6.095920920167888779e-01
6.289888963745505768e-01
6.065346074494301076e-01
6.258885334903363518e-01
6.061984478532428389e-01
6.208558925041605114e-01
6.248999327647112301e-01
6.177541969853209691e-01
5.895316863262367590e-01
5.766155091080229500e-01
5.901581944655733825e-01
6.620422345735869074e-01
6.097175952022023671e-01
6.031245710379560254e-01
6.251147150036994171e-01
6.913508879474494773e-01
6.580563359306264015e-01
6.625257659616143879e-01
6.439952662878064560e-01
6.299335540723626226e-01
6.332861303288147559e-01
6.262432741086131349e-01
5.822783170413096121e-01
6.227532280955878630e-01
6.314705850051671732e-01
6.374147834197799734e-01
6.371107031458768111e-01
6.086863794542509698e-01
6.100910775970651567e-01
6.487324915685116489e-01
5.768594915810481005e-01
6.177527811252195855e-01
6.375001954612994348e-01
6.018046473563674059e-01
5.839492046811879389e-01
6.098244234325285174e-01
6.316950237267656698e-01
5.744029138291298908e-01
6.277200716922500812e-01
6.332689677957462626e-01
6.721509461665321483e-01
6.360647810196340401e-01
6.040267843946762749e-01
6.084251412150719629e-01
6.261235726004800162e-01
6.132051699115752541e-01
6.189053028336933826e-01
6.206450050799712237e-01
5.947622560115685131e-01
5.422658509336255594e-01
6.282808603097658207e-01
5.954260181415502728e-01
6.587829173025391283e-01
6.533467613617820469e-01
6.421708842961213470e-01
6.394372147964062503e-01
6.158035142218584168e-01
6.298964506469512115e-01
6.030807286854271698e-01
5.984622184309021931e-01
5.835038081910678409e-01
5.950880185486372431e-01
6.185605358027167489e-01
5.990088564567339624e-01
5.696969815381867086e-01
5.844427700135279569e-01
6.189895870540474965e-01
6.369790799361233491e-01
6.903542142107285118e-01
6.791557355372493943e-01
6.400731219491516688e-01
6.589751459201994566e-01
6.673616331254339507e-01
6.372841811111688015e-01
6.573576302409300798e-01
6.372462762652431056e-01
6.071997530402232224e-01
6.221821791358776998e-01
6.123204237342664280e-01
6.178745137910183205e-01
6.121507665406259457e-01
6.427281866540007771e-01
6.146287147138372875e-01
6.358550278176516857e-01
5.886000691265248497e-01
6.025924230763407552e-01
6.072907272067922246e-01
6.415788663500096023e-01
6.687129183958566703e-01
6.217755207307110732e-01
6.579416056192182172e-01
6.068140594686329825e-01
6.201884288279225776e-01
6.198619775240546970e-01
6.131404523213749291e-01
6.232811045038670894e-01
6.430232875379546797e-01
6.406609823636879586e-01
6.231181868027290127e-01
5.842727785223184034e-01
6.039695168642182921e-01
5.915132745304276796e-01
6.173376038210143246e-01
6.267724700765301415e-01
5.975052999300735079e-01
5.910605924588442361e-01
5.771120399364818576e-01
5.787794122991267720e-01
5.570980595415879755e-01
5.841336700862481690e-01
5.849916220773858644e-01
6.154160273595233877e-01
6.266719975302617041e-01
5.727597747254337124e-01
6.102472408891768119e-01
6.172103316254218264e-01
6.623674746529907287e-01
6.399911514548944913e-01
6.361968392244969905e-01
6.222398563750286549e-01
6.170240993893416626e-01
6.063053824413194848e-01
5.866440452574168685e-01
6.007750887432636855e-01
5.917208431550020631e-01
6.059212265753191051e-01
5.798032389032378164e-01
5.430109555974828028e-01
5.855535322196077086e-01
6.114947316503804853e-01
6.341223639337921769e-01
5.892954159428951399e-01
5.781842629789666343e-01
6.003504832188543139e-01
6.349701665809041051e-01
6.005517264211066575e-01
5.860356789936601585e-01
5.691019994960582196e-01
5.684901451671063866e-01
6.029507085389217425e-01
6.484047575961451315e-01
6.005835451153065385e-01
6.172085974456449353e-01
5.882656459480062328e-01
6.161145263712809461e-01
6.006608793795351620e-01
6.031411285889617391e-01
6.231805144974891242e-01
6.325118476438580384e-01
6.626462782717353894e-01
6.825660696310115183e-01
6.733655908087936570e-01
6.581498967376444575e-01
6.396439652440877310e-01
6.396724793706261014e-01
6.144012093166263400e-01
6.287333646172842405e-01
6.229035789535812828e-01
6.242497884074565961e-01
6.091278440189232812e-01
6.293385115270528907e-01
6.225164175495391250e-01
6.335789485303258139e-01
5.982194683532916502e-01
6.059353146036168258e-01
6.564415993035496166e-01
6.555132568859990405e-01
6.292558502230520823e-01
6.149165495854379548e-01
6.113298359290791906e-01
6.159088707087347903e-01
6.152830558754256440e-01
5.942530403258579064e-01
6.010756942944569525e-01
6.169391420645250479e-01
6.447193285182775124e-01
6.481908056228802284e-01
6.147992457318564030e-01
5.907175608404829914e-01
5.939214858093835314e-01
5.902730587911673155e-01
6.400329276883814922e-01
6.131625751245070033e-01
6.424285175095181266e-01
5.937049830567474595e-01
6.186759417920395521e-01
5.969906013003238865e-01
6.251459455145423894e-01
5.948351639590372386e-01
5.971314947293429043e-01
5.710643291805844735e-01
5.772205051505622242e-01
6.112422832776516213e-01
5.922536100985258400e-01
6.194116497365992347e-01
5.776947204619840015e-01
5.824795296278645340e-01
6.054647148872541740e-01
6.180808247456023308e-01
5.827113913238920473e-01
6.024023556945504732e-01
6.391042459695833733e-01
6.217508090075283267e-01
6.465192235162827705e-01
6.247714312071065423e-01
6.221924337354338697e-01
6.270809593869344223e-01
6.045426857838401835e-01
6.145132714798218210e-01
6.503024343688246223e-01
6.043236223132963936e-01
5.994623543850250424e-01
6.108973023874108010e-01
6.527543042062142753e-01
6.249271279009417368e-01
6.254842423498501169e-01
5.975211775299457129e-01
6.508166567405595515e-01
6.347984290419614872e-01
6.572703953471440430e-01
6.421351550115794726e-01
6.498156573334207264e-01
6.168975558569045337e-01
6.167503242489622561e-01
6.072148619236157341e-01
6.090294205474922062e-01
6.314762407016422108e-01
6.161932972290999899e-01
6.082260806500260353e-01
6.426114855881395194e-01
6.548402400811095259e-01
6.125143429471092693e-01
6.393859805031683052e-01
6.133853114274012697e-01
6.166882510455037325e-01
5.760762506749368406e-01
5.806272172670624565e-01
6.341075995614737781e-01
6.259624934775938065e-01
6.212812127499652837e-01
6.583959417722786700e-01
6.470993855449836962e-01
6.114896469243109589e-01
5.870997663113440845e-01
6.093973421088029196e-01
5.602502537247570080e-01
5.764283451980446449e-01
5.924053890220530860e-01
6.407737202520801256e-01
6.062817152633818152e-01
6.286351829832210747e-01
5.896186688281167543e-01
5.805377821397117444e-01
6.083343165301852151e-01
6.333888491862675885e-01
6.108989510931415179e-01
6.233379193082625447e-01
6.139177291806926506e-01
5.911108267908354863e-01
5.749388840109208587e-01
6.005424168249512418e-01
6.120812145071833354e-01
6.099622569731453225e-01
5.795720179669563432e-01
5.638208630816877731e-01
5.714203359494964829e-01
6.055429176957212167e-01
6.198609452366984351e-01
5.901319526274754201e-01
6.376423515398811359e-01
5.952385519942783310e-01
6.367246084049047461e-01
5.971174918174644297e-01
5.996526432702109499e-01
5.901690644006936104e-01
5.971085397949870144e-01
6.138401653172838035e-01
5.982862739318771661e-01
5.982092893844060955e-01
5.886538364106536081e-01
5.740843622233539056e-01
5.792519053309921340e-01
6.109625597220788018e-01
5.978472623295749688e-01
5.832734730697850534e-01
5.928661779842802071e-01
6.509601337567895163e-01
6.251047979979537095e-01
6.032569451259011117e-01
5.864720512849360690e-01
6.310318039313599359e-01
6.217919310270472177e-01
5.975060641699615482e-01
6.113066353988070301e-01
6.235895078325602858e-01
6.060455677850768996e-01
6.356889079171561541e-01
6.278065849815130939e-01
5.986220877210434166e-01
5.900655621604495860e-01
6.210896922838795575e-01
5.937351853337347052e-01
6.037234965666381514e-01
5.941021390340235353e-01
5.690213868239203387e-01
5.924082225639101251e-01
6.468179051759642695e-01
6.268171107881239656e-01
6.045144978304585193e-01
6.132553379774066116e-01
6.167639973141005871e-01
6.195387285681221989e-01
6.194341787208678118e-01
6.555901331082388817e-01
6.461656648857614371e-01
6.675742530610241365e-01
6.262680667566572490e-01
6.218946934503469803e-01
6.359443946615577214e-01
5.910307567946679885e-01
6.554266289410620727e-01
6.519007514035647377e-01
6.123650310640564864e-01
6.059756206931696809e-01
6.132905370601138273e-01
5.949581779258462655e-01
6.373267525322214855e-01
6.356210263901357349e-01
6.470418910941639901e-01
6.309567229262427190e-01
6.304041065922261211e-01
6.300471630264842249e-01
6.491529265258555448e-01
6.197048064605060747e-01
6.068378921682711091e-01
6.261528577937897078e-01
6.207960906468165119e-01
6.332073704918995682e-01
6.117511384196046009e-01
5.997279034471292292e-01
6.174020818798769961e-01
6.492904749664218933e-01
6.416301248593356821e-01
6.457266054120478493e-01
6.352159131523610336e-01
6.391946426102698142e-01
5.872063081385140437e-01
5.904083170995085839e-01
6.213856544135269999e-01
6.125228709839523056e-01
6.168727859401929026e-01
5.923625505025548188e-01
6.182642285069587240e-01
6.093914318419727527e-01
5.812771448934377361e-01
6.373423302810626856e-01
6.284354399895782928e-01
6.438147148730463121e-01
6.303337871684546734e-01
6.070441622421067773e-01
5.968754053375442403e-01
6.016841378494764969e-01
6.440085010203111526e-01
6.445911659856928821e-01
5.676508082923164000e-01
5.791253646537796174e-01
5.955135209922405304e-01
5.890503226218224420e-01
6.264971189083587966e-01
6.576909951009837219e-01
5.948054665199766777e-01
6.459835868183706475e-01
5.939623381033090066e-01
6.149140335187157635e-01
6.266440580097548674e-01
6.216889223374054696e-01
6.075519953061805367e-01
6.148223793934082249e-01
6.238086628055062866e-01
6.156652841651865105e-01
6.368688691318759032e-01
6.067097926816267250e-01
6.276414081200388795e-01
5.972256263540485222e-01
6.879400567591711368e-01
6.518141731116684490e-01
6.540681078114567448e-01
6.381571940608525839e-01
6.491138800298359435e-01
6.347076063617977937e-01
6.763036027176098086e-01
6.657042979608190914e-01
6.628850751355834792e-01
6.821633630834362805e-01
6.482202372835711435e-01
6.225321835860549990e-01
6.341650751165566202e-01
6.259010919720077171e-01
6.299029074670705608e-01
6.253536481202542907e-01
6.315439643541500558e-01
6.410779466756979517e-01
6.164244230526917390e-01
6.022360178975437739e-01
6.002947948961764313e-01
6.163431110083648079e-01
6.043993667377383083e-01
5.974029093212740449e-01
5.854091658068387716e-01
6.279222176652125009e-01
6.496876475150281660e-01
5.975480411199008968e-01
6.073747866903645987e-01
6.195921389754790454e-01
5.973132079897573998e-01
5.919246220831725358e-01
5.719002899122931360e-01
5.923466208342950123e-01
5.874540274745757573e-01
5.635485739415978523e-01
5.528115596243913243e-01
5.687476130751550896e-01
5.856608553152176100e-01
6.195604295903537340e-01
6.001315917591643068e-01
6.049250213780373864e-01
6.185881082506752282e-01
5.632054871808115371e-01
6.115691898023389861e-01
6.094736416032312531e-01
6.091046324383939670e-01
5.931477897277815936e-01
6.446533875339517383e-01
6.097242873415728015e-01
6.495618002170174821e-01
6.382497206702077985e-01
6.280633247009773656e-01
5.998148629650535968e-01
6.240707793314625995e-01
6.385724243453283488e-01
6.446165993642781755e-01
5.978882405213937767e-01
6.533449874917787170e-01
6.257750148897857079e-01
6.039698649897419225e-01
6.067877843472799793e-01
6.228373682803599598e-01
6.192469091416089588e-01
6.011371361659558765e-01
6.037828642486261499e-01
6.223028286921382657e-01
5.954034120973812350e-01
6.299914522207479273e-01
6.141694641150727829e-01
6.313460097938968785e-01
6.343856937686918052e-01
6.015919344244303746e-01
6.157488043601584415e-01
5.880323346752220903e-01
6.158343145291018672e-01
6.606099621557237622e-01
6.167364653707242406e-01
6.116833826800586182e-01
6.217623612771520092e-01
6.206540577733650199e-01
6.199110490059710488e-01
6.233407532120275318e-01
5.917638483275776684e-01
6.441214806126990267e-01
6.083373023615955555e-01
5.990348554535169789e-01
6.174313881209193555e-01
6.150959470754083780e-01
6.128585621628397373e-01
5.848005847497854681e-01
5.822833573564486498e-01
5.796423510292714187e-01
6.057017001151936419e-01
6.078633889255286027e-01
5.843958034672128710e-01
6.031373691127701608e-01
5.940076614335620953e-01
6.200228922214340299e-01
6.332766221981880328e-01
5.810867338648929570e-01
6.130704779590152587e-01
5.976553400395079318e-01
5.753874685545389278e-01
6.297815264970990645e-01
6.630779210962892689e-01
6.006201387969462013e-01
6.099406399245256294e-01
6.180488666827159694e-01
6.454914712039105940e-01
6.143401857113749420e-01
6.177746252456185472e-01
6.238404223219746747e-01
6.134961897705798473e-01
6.357540119264746270e-01
5.936868691142599408e-01
5.880550288162835759e-01
6.349991475119001194e-01
6.192080143644225210e-01
6.142539494127901012e-01
5.922910120720206173e-01
6.412813309016446306e-01
6.213786859383529926e-01
6.113519290643013582e-01
6.236302132213040750e-01
6.382787192048606784e-01
6.216056522434797449e-01
6.473772125696299895e-01
6.426939110472751349e-01
6.317026123511685354e-01
6.105647529889878244e-01
6.074728535548019615e-01
6.458869826051625296e-01
6.175684092521612767e-01
6.264342801248883319e-01
6.388577853233726733e-01
6.496740188853127318e-01
6.473797003593020349e-01
6.463986480492748266e-01
6.495346979026993539e-01
6.322393996677635464e-01
6.124676180061137121e-01
5.949021796112927696e-01
6.313113907797066604e-01
5.904223380517404918e-01
6.122076571071302098e-01
6.178999013533997831e-01
6.159850261272113991e-01
6.072497666740425126e-01
6.279968698698514817e-01
5.902151520897674919e-01
6.563953527548745948e-01
6.494638942081476518e-01
6.417087815374120652e-01
6.631495897947710105e-01
6.528568576926724321e-01
6.659752432483703188e-01
6.329843092433246055e-01
6.584991374153236210e-01
6.892872869112384171e-01
6.509484663138926930e-01
6.674882090275973123e-01
6.299944524243498156e-01
5.876417415090867680e-01
6.343887600535963456e-01
6.054679524864892137e-01
6.145968762963571752e-01
6.009692149690728513e-01
6.081623598250697205e-01
6.292082533996854465e-01
6.380331952780906590e-01
5.987608826769746928e-01
5.993395804651721059e-01
5.847576604702579006e-01
6.308036059634992698e-01
6.041560113150212796e-01
6.401784571362822973e-01
6.156787657955439252e-01
6.220923072593351755e-01
6.198278607680491881e-01
6.259778992692107691e-01
6.198970012241920013e-01
6.132585327491394400e-01
5.825719570610137232e-01
6.566544312563724617e-01
6.535292916557668974e-01
6.388027680253440810e-01
6.615711225223984693e-01
6.165968497817405636e-01
6.381245448856815994e-01
6.406018670966389106e-01
6.105796607886719851e-01
6.119784613896787073e-01
5.965599423840557414e-01
5.924982957369888670e-01
5.545150919473545992e-01
5.728193943119790355e-01
5.761220091504980489e-01
5.904144677721380186e-01
6.323941793957776891e-01
6.238197080996493726e-01
6.199012745781109501e-01
6.562208205072126432e-01
5.878290515339489319e-01
6.450917788725755164e-01
6.107324820012351996e-01
6.115571441645201167e-01
6.091527044278786107e-01
6.088934064026086945e-01
6.051125324315216325e-01
5.719655370943551587e-01
6.466359616678947209e-01
6.088677095555053986e-01
6.401437969845612530e-01
6.584347715416629665e-01
6.077929080082510316e-01
6.055131046386856841e-01
6.438225171089145826e-01
6.332938085535149142e-01
6.465729416848043920e-01
6.414004896349168039e-01
6.523285048616003223e-01
6.209764512558330063e-01
6.181683519535569049e-01
6.153684947736872690e-01
6.264110107076950040e-01
6.321323988067587551e-01
6.309819895592772010e-01
6.136872174632931332e-01
6.311648673823710975e-01
6.280047619399161674e-01
6.181600845318768744e-01
5.797598146738257574e-01
5.887123535073796043e-01
5.851447583623503590e-01
6.123338635509006922e-01
6.122703628486843019e-01
5.990451582971151323e-01
6.301707747994613751e-01
6.127292981864072008e-01
5.866815415327278904e-01
5.963096663626114013e-01
6.106418407307330209e-01
6.326522378801511248e-01
6.041544813315051776e-01
6.049924452614235948e-01
6.256607619475600401e-01
6.330410853253914949e-01
6.312726355175620752e-01
6.391316974851087851e-01
6.366644994644841127e-01
6.172573320699313859e-01
6.270928249473175509e-01
6.257358855461679914e-01
5.915440049282232327e-01
6.534399943668472988e-01
6.511700075897538520e-01
6.068174993674890771e-01
6.072002708648521763e-01
5.955786453323720364e-01
5.981305210078624590e-01
5.757513229068040861e-01
6.036466896856366171e-01
5.819100541285127104e-01
6.359166061173399109e-01
6.122132162774228670e-01
6.087876118541020176e-01
6.134347020810684281e-01
6.126410080863969876e-01
6.438610103564040843e-01
6.290118803356543609e-01
6.200872677650788312e-01
5.801956759677396880e-01
6.060307067086641020e-01
6.816222183651176048e-01
6.118352565538478505e-01
6.494943117525480147e-01
6.039165977425552390e-01
6.164007651904603868e-01
6.553921028297940987e-01
6.037372333703419081e-01
5.840534826902794574e-01
5.921234074064447572e-01
5.772976720780020887e-01
5.577087842717607380e-01
5.885838157805278748e-01
5.841615105106551242e-01
5.555775365695145851e-01
5.945602852684634954e-01
5.960575464275270630e-01
6.193046576709798634e-01
6.166431767347222426e-01
5.795672880447213515e-01
6.150677331263852965e-01
5.770205450270485814e-01
6.086641331489474060e-01
5.922347187313610206e-01
6.275103988366843577e-01
6.232672720007923495e-01
6.326246615051176470e-01
6.500371077879256720e-01
6.357621658628533901e-01
6.110797908429318470e-01
5.977395652934740511e-01
6.477895446711798844e-01
6.328984178652745651e-01
6.134041962068340625e-01
6.131444064206810207e-01
6.335927008336611488e-01
6.223346166428669335e-01
6.593202735667731407e-01
6.580371289529871603e-01
6.205871402084253141e-01
5.846223237596772648e-01
6.355023016608521980e-01
6.146060359698480857e-01
6.040746579663579530e-01
6.086723475398544414e-01
6.526312340182865990e-01
6.304733927724905929e-01
6.195780279065914442e-01
6.236187389923042446e-01
5.949710403691873539e-01
6.276329001933634855e-01
6.006470550262307251e-01
6.300451864029349425e-01
6.634853168746106533e-01
6.469095446059536236e-01
6.743355574405596187e-01
6.420295468383422355e-01
6.229926301785483345e-01
5.987359922565258508e-01
5.801187611271434452e-01
6.391395260591685723e-01
6.004536882614842641e-01
6.177706380197636182e-01
6.095084832522768004e-01
5.885754270696851309e-01
5.981723860413356020e-01
6.007191425602735890e-01
5.899446715125156171e-01
5.997807026427366406e-01
6.328530614095395634e-01
6.019399518373774738e-01
6.030830568984809625e-01
6.359557252170204844e-01
6.083435809997651544e-01
6.364003985714278278e-01
5.942478372810503506e-01
6.120292963983720025e-01
6.273442537119445772e-01
6.395397483264636529e-01
6.398099254724161078e-01
6.264671689838889890e-01
6.141377452784805291e-01
6.309046014882018216e-01
5.885022884172548263e-01
5.718748907241357760e-01
5.801601079395983795e-01
6.110007065778563229e-01
6.069641904923990250e-01
5.524640079987254149e-01
5.894179471473655063e-01
5.758571911533463261e-01
5.678321098697111102e-01
6.344865010092282098e-01
6.096000223273400076e-01
5.926166094791082140e-01
5.722170304224752924e-01
6.328061375155199508e-01
6.140277063388598355e-01
6.421622338145734910e-01
5.989738046093516788e-01
5.971909379621098690e-01
5.935768982210433142e-01
6.298623556006243129e-01
5.915360233913182775e-01
6.162262741700338387e-01
6.346720918998739469e-01
6.021854691108075031e-01
5.884187602310726461e-01
6.085871128293094401e-01
6.048568779295615538e-01
5.892712069500420924e-01
5.903889559145527599e-01
5.867154948461918984e-01
5.949941199123074398e-01
6.020578848634158264e-01
6.015507826004301561e-01
6.077006330547720658e-01
6.166703500623866852e-01
6.253434369181862795e-01
6.455302923958223804e-01
6.309377378230629496e-01
6.543111753554009535e-01
6.205522152014074644e-01
5.650317548504428800e-01
6.129379697035779451e-01
6.141050861379777626e-01
6.146220102996249324e-01
6.210797529601553846e-01
5.911491117295742947e-01
6.193398462156454176e-01
5.961429537073859031e-01
5.715204734227182781e-01
5.861438464237663792e-01
6.101254986638209310e-01
6.211636691483840567e-01
5.690130720534312125e-01
6.123342308490381525e-01
5.735116771201214103e-01
5.841820297995333755e-01
5.853774353325702506e-01
5.854913406040992419e-01
6.097155246106457094e-01
5.973246884097190845e-01
5.976881541573932921e-01
6.105831064184918944e-01
5.901490144153029860e-01
5.595583316189176593e-01
5.983104986481664334e-01
5.910881360545096053e-01
5.593137768223289674e-01
5.819210162265642250e-01
5.931225590569039197e-01
6.239330958869749866e-01
6.371147051489309820e-01
6.266548198805802494e-01
5.973596331835885342e-01
6.232209588996343586e-01
6.198809063803466524e-01
5.981203146648756963e-01
6.303274395487656889e-01
6.303797335989494988e-01
6.129691408204211989e-01
6.450773603390906885e-01
5.990883371584094785e-01
6.086249967564414387e-01
5.847045747797194881e-01
5.867104666993286921e-01
6.092915853361356993e-01
6.192779468263110987e-01
6.259913789781494931e-01
6.462717332499285927e-01
6.437403397277228212e-01
6.107030081223293605e-01
6.191618059399217611e-01
6.220429865912637801e-01
6.040995577913903514e-01
6.283727612270427754e-01
6.194334567387804746e-01
6.484692007817518533e-01
6.155628903550144360e-01
6.004774685946729917e-01
5.921830881885277176e-01
5.747300130388115491e-01
6.037101954103746282e-01
6.083907512729775924e-01
6.413101053567722420e-01
6.117117683820613161e-01
6.020635776374043679e-01
5.757842535698568520e-01
6.336297166055134822e-01
6.542261069247738980e-01
6.224391588981108558e-01
5.891964751046281368e-01
6.039975754518999151e-01
5.861014602202136992e-01
5.782360307432343749e-01
6.105369649021090694e-01
6.256806678171307201e-01
6.284164798422005038e-01
6.427314414544472720e-01
6.387341897764784449e-01
6.180156603364586054e-01
6.130375405420025459e-01
6.163950389736702062e-01
6.228640699601133424e-01
6.098984289472393350e-01
6.295340507524788132e-01
5.875600033527791366e-01
6.443226803024252325e-01
5.975528588629568372e-01
6.295839339186788397e-01
6.271248544349984355e-01
6.414630927236608660e-01
6.640493754883135535e-01
6.115751799718205373e-01
5.826400424373382458e-01
6.314624056074842340e-01
5.967689482916059829e-01
5.878595697460284875e-01
6.018827505500288222e-01
5.684317184318534721e-01
6.160304224737499501e-01
5.903023710672122837e-01
5.916953847419793577e-01
5.704891086169667780e-01
5.946652275208703653e-01
5.894703815826615179e-01
6.025759551171460116e-01
5.856216740391766429e-01
5.867782699559739301e-01
6.045838972057131500e-01
6.002126546847593724e-01
6.183437338078445755e-01
6.139459182250057712e-01
6.363403427062105377e-01
6.094269785910919612e-01
5.947805946147417533e-01
5.745163602286438298e-01
6.189264163877865599e-01
6.293758106633680072e-01
6.045801061408820898e-01
6.375381059581872734e-01
6.450557133629268858e-01
6.323782516996410141e-01
6.486737179719781476e-01
6.566650051683801115e-01
5.906506792750713108e-01
6.133166347513966388e-01
6.077696567327495192e-01
6.192546536877341357e-01
6.111762395285894600e-01
6.065751887714722068e-01
6.004611261999868166e-01
5.844426732256813306e-01
5.926312713407440036e-01
6.106747025144471097e-01
5.915230578262595795e-01
5.781723941771823583e-01
5.843008128490215780e-01
5.696656997433451330e-01
6.008924313984689292e-01
6.546521608941446857e-01
6.169303318076920783e-01
5.879136957002429886e-01
6.159668499552773957e-01
5.986837838286278579e-01
5.871155440799129543e-01
5.962536633574269107e-01
6.091074914836139831e-01
5.892284534198568569e-01
6.010789226684269959e-01
6.123744161125203034e-01
5.912681233282112148e-01
6.253221964066795202e-01
6.285232305891609306e-01
5.854423310357389498e-01
5.778203973957123374e-01
5.925720065601173259e-01
6.192772389998500993e-01
6.483440116042529233e-01
5.944944085959213975e-01
6.206781548421782535e-01
6.048448601863752883e-01
6.156459754081723412e-01
5.916648424076456081e-01
5.859513841769053988e-01
6.139479991739668074e-01
6.022644961980638811e-01
6.087094387673491758e-01
6.307347960932829789e-01
6.118526453289666600e-01
5.937345287332397303e-01
6.203299884533439723e-01
5.838273877367806675e-01
6.084498711302329665e-01
6.208999302356604799e-01
6.325352608661455323e-01
6.338620727500420271e-01
6.516050432293224448e-01
6.394184136576022137e-01
6.750240105977283189e-01
6.249304986513397608e-01
6.332375649383980010e-01
6.463762664029303329e-01
5.945852942444959099e-01
6.445421791822973923e-01
6.524775546652800129e-01
6.050686080930053334e-01
6.030064825753985724e-01
6.069189775570132950e-01
5.791796560152819850e-01
6.469241730746743135e-01
6.519029002854359600e-01
6.142431098528727818e-01
6.182819858479466912e-01
6.424140501682560345e-01
6.173245740149609917e-01
5.818630995992486454e-01
5.984292969300781806e-01
5.970262838761278834e-01
5.766806105696953288e-01
6.122146800678527345e-01
6.106521377407077011e-01
6.113858537819456540e-01
5.954000170294048155e-01
5.647719481960780108e-01
5.992361012431263179e-01
6.284747043567932012e-01
6.585785677581120767e-01
6.481439598963262272e-01
6.488538325944542828e-01
6.520912788336594712e-01
6.219165605182721546e-01
6.340970120080279271e-01
5.986528010705840508e-01
6.130422938449108239e-01
5.964514171924547581e-01
6.180470839412570694e-01
6.143785437121223048e-01
5.870773786189392718e-01
6.470302050191173437e-01
5.812946349707922566e-01
6.237668987163180745e-01
6.314193295202656930e-01
6.189580420414280137e-01
5.984794589451678526e-01
6.225709703493261804e-01
6.100350794432097823e-01
5.783797458551177550e-01
6.097004440472861830e-01
5.738285041880670789e-01
5.960167658426522852e-01
5.888284550838717157e-01
5.762468124825351756e-01
5.993598614777161382e-01
5.916009020336864266e-01
6.024452208675056264e-01
5.832446527700536620e-01
6.234567261396749549e-01
6.123398735610370291e-01
6.017386646618690937e-01
6.011436453747045494e-01
5.954112142340330927e-01
5.889217073645236500e-01
6.237764828129612749e-01
5.847246898300572093e-01
6.219521587081426883e-01
6.454254246676920381e-01
6.357575874426072415e-01
5.954053221851591804e-01
6.610860776982947495e-01
6.312353288565459852e-01
5.587467941191091025e-01
5.873417571836847539e-01
6.393954420974486963e-01
6.272130829852314848e-01
6.204673020054731758e-01
5.733531270380320954e-01
6.026222287055749138e-01
6.248109416452148901e-01
6.411869958969123040e-01
6.506932781283754075e-01
6.203443548608014169e-01
5.691051095225773127e-01
5.957069473085155886e-01
5.945465539759370310e-01
6.088393180952935690e-01
6.316128262086373457e-01
5.941505002517295519e-01
5.693459592654696033e-01
6.123022881675156404e-01
5.901688549165442499e-01
6.248492255757612801e-01
6.186154312861295024e-01
6.123286434854536830e-01
6.142043409233334250e-01
5.810768589873414047e-01
5.897863044521023390e-01
6.155463639626782557e-01
6.193787724797840122e-01
6.235682991423454613e-01
6.074888106148413902e-01
6.048337635086219466e-01
5.941353150940474892e-01
5.870389123457239178e-01
5.670723194539450951e-01
5.849521950529696923e-01
5.557325012287150923e-01
5.706400417976136286e-01
5.903638357030223105e-01
5.968929011235746263e-01
5.502222608906230938e-01
5.851930054354684829e-01
6.250922749841405501e-01
5.815970149816996893e-01
6.112680012003401941e-01
5.820433443538574059e-01
6.148647082974563194e-01
5.586320955234123087e-01
5.831054936742895434e-01
5.927003735366722648e-01
5.963409562226434923e-01
5.798706242432981606e-01
5.896463794443360662e-01
5.759140094141871336e-01
5.752121732409833932e-01
5.886930022097482951e-01
5.864496128180036738e-01
6.163399932890475386e-01
5.836776921642307103e-01
5.532188560053834525e-01
5.556834373759695911e-01
6.038339743612654020e-01
6.026119630061481658e-01
6.066748855325535539e-01
5.987544022685246103e-01
6.234737151626867924e-01
5.582009208320570792e-01
6.368732090683787428e-01
6.205341174183125474e-01
5.766776908013931946e-01
6.181619382664130802e-01
5.943207897625073510e-01
6.040682544171374069e-01
6.077127493587036744e-01
6.002316258318366460e-01
5.836484408492177423e-01
6.192641753038911068e-01
6.052376038997480112e-01
6.351607825702403343e-01
6.330346718427370956e-01
6.070917767019435862e-01
6.483225779551744505e-01
6.516493168623216370e-01
6.378223481587872445e-01
6.457067033656140875e-01
6.122210801655189050e-01
6.242080579224408288e-01
6.189295003226622516e-01
6.311975962857231393e-01
6.162969489553772329e-01
6.304979956683695042e-01
6.041110296984454342e-01
6.411274267919679914e-01
6.639462481924057746e-01
6.375368908488041608e-01
6.165560094437598782e-01
6.235866856370488875e-01
5.932492444083583560e-01
6.033511610258759372e-01
6.105075004951570072e-01
6.369058135042757751e-01
6.141323718643101337e-01
6.568239034892111583e-01
6.199801347456739276e-01
6.199095505422794750e-01
6.091724734959953480e-01
5.937467141547805305e-01
6.020267690857498133e-01
6.234643947775752038e-01
6.211348655741292246e-01
6.587161769482938745e-01
6.287593259417055824e-01
6.032007958396521374e-01
6.027511904024306366e-01
6.090804938407302638e-01
5.950169885843322737e-01
5.529412592887984479e-01
6.710475806423451539e-01
6.063445706898326071e-01
5.831350818607516917e-01
6.545440895778322776e-01
6.157267283463070395e-01
6.116715226950850681e-01
5.911548568183150332e-01
5.845544782170951637e-01
6.075712718514925115e-01
6.114615241055064709e-01
6.444928708923017835e-01
6.101549796413915372e-01
5.902173991440542444e-01
6.340195483744287541e-01
6.484749998129590853e-01
6.631168432092593434e-01
6.136761346210309886e-01
6.435933237076042479e-01
6.038244974143213151e-01
6.260302630361057608e-01
6.005719495846989497e-01
6.283603752218427374e-01
6.141308890577428237e-01
6.361364693909187240e-01
6.007414835236851713e-01
6.214720644856863707e-01
6.048554965330885658e-01
6.001140838819832846e-01
5.862612633977872800e-01
5.868439820530216844e-01
5.858338422119698796e-01
5.862321265724014241e-01
5.551113256126258833e-01
5.911884601653266680e-01
5.893064446868111483e-01
5.640656819917205800e-01
5.814935541667408669e-01
5.795852598585161664e-01
5.625204217737165280e-01
5.872198855137159557e-01
5.521869687023830409e-01
5.847323521834362214e-01
5.848154040080778548e-01
6.004436994876708455e-01
6.239699592857750332e-01
6.073203731591938492e-01
6.149745754709634582e-01
6.256230167137393217e-01
6.136183321048827022e-01
6.018096790613293168e-01
5.976866141355487994e-01
6.027658384280708548e-01
5.917996226546391458e-01
6.284510882179807911e-01
6.442470815690498620e-01
5.989879092573358044e-01
5.909925166000435937e-01
6.157344242674950285e-01
6.080544699387773200e-01
6.013578640102543726e-01
6.395985863001929506e-01
5.703650740537353769e-01
6.383727528890207337e-01
5.783507026441043752e-01
6.228523301689197211e-01
6.350205927523261407e-01
6.287283193057192632e-01
6.709861933942216083e-01
6.572672115169437834e-01
6.272763059346031511e-01
6.260783633602786669e-01
6.282726654822310408e-01
6.369691822998668762e-01
5.745803976576783212e-01
5.947886947399367852e-01
5.814586517190253323e-01
5.851882345584707990e-01
5.649556063814524798e-01
5.974488058872088336e-01
5.784998429127293784e-01
5.738600530978069658e-01
5.600314737622876793e-01
5.822629037765983950e-01
6.120146852010859284e-01
6.016022937284892791e-01
6.566769803571763653e-01
6.017335454019306917e-01
5.942641921744370448e-01
5.984587077558916057e-01
5.922787845560684161e-01
5.889805414715485465e-01
5.565754913647013025e-01
5.710608057530055515e-01
5.811883042225272078e-01
5.802085239427061669e-01
5.947285397806881813e-01
6.229728584846424555e-01
5.966361880265228512e-01
6.307416570802804046e-01
6.487481630730057569e-01
6.099593330290448145e-01
5.838222086190637539e-01
6.220282783439979868e-01
5.858786518688197109e-01
5.910263311540370212e-01
6.069854420806802819e-01
6.038401354566151902e-01
6.275492951489143323e-01
5.993447211494059568e-01
6.314702600112889197e-01
6.290642947898206216e-01
5.825066735126076534e-01
6.067104725289172995e-01
6.010851491033050165e-01
5.750836143500440700e-01
5.943669353350365947e-01
6.152691310489646348e-01
5.976759895323116023e-01
6.160879167983819293e-01
6.267733658779151007e-01
6.065961768434893209e-01
6.179528172654964457e-01
6.528124681938778373e-01
6.218564810264203269e-01
6.154722969509002217e-01
5.917725090911915009e-01
6.319662706351751869e-01
6.323657794926107467e-01
6.512956393036888336e-01
6.416436162373154728e-01
6.169911645776223752e-01
5.896843851553402738e-01
5.906169894453729974e-01
5.560129322742797253e-01
6.428916527363377487e-01
6.338194931574113733e-01
6.428034553733820156e-01
6.186599039598267291e-01
6.224157465895202579e-01
6.112352189890762899e-01
6.227084717115409784e-01
6.261225087624004981e-01
6.081781818333175105e-01
6.500871529444751662e-01
5.938920936618330426e-01
6.143850317341136291e-01
5.558073724668080029e-01
5.645771289117734737e-01
6.176791347942723887e-01
6.280068813630144131e-01
5.938211957084009729e-01
6.064999077316373111e-01
6.067303576100275819e-01
6.045915623487509993e-01
6.607432536551562929e-01
6.087368307608568285e-01
6.096697965040752676e-01
6.284348493431894944e-01
5.898006098016214116e-01
5.848277558152292777e-01
5.990964914446998968e-01
6.569899742211606775e-01
6.407532284160262215e-01
6.017447166881200182e-01
6.155381304302318668e-01
6.158997765329095042e-01
6.563171303212117502e-01
6.583456273255851032e-01
6.032151361470129425e-01
6.133087687535846433e-01
5.814904665257188965e-01
6.109679887749038807e-01
6.187134623999702709e-01
6.284478594481650582e-01
6.245365519243536445e-01
6.174752979237223549e-01
6.551171117889090789e-01
6.574022247740836100e-01
6.321077878169201192e-01
6.770562709176516369e-01
6.093797728685041992e-01
6.406808202333256208e-01
6.582620340790805713e-01
6.261704145348652162e-01
6.468781875991023167e-01
6.578062107311881679e-01
6.074236519275114654e-01
6.146938145122172736e-01
6.436085812101870474e-01
6.191466160157127474e-01
6.570191308861025314e-01
6.138314411055815212e-01
6.235917981950648281e-01
6.341350774957341674e-01
6.132351593634601805e-01
6.049823762686595829e-01
6.075624373661352440e-01
5.915763309870868403e-01
6.351339738080220565e-01
5.794040610657948953e-01
5.991659890950506995e-01
6.129541378946068431e-01
6.330504087717045980e-01
6.360788979989483449e-01
6.009483861467359578e-01
6.141938062570060364e-01
5.852482803877953055e-01
6.293088753476863140e-01
6.246943123796792063e-01
5.866037319364815206e-01
5.952521096899306974e-01
6.320130029182455811e-01
5.946986866898613666e-01
6.239096781108068868e-01
6.221010477978514697e-01
6.379816236696571607e-01
5.889496909060510932e-01
6.166684737767025304e-01
5.960789533584653910e-01
6.158832114204464414e-01
6.069140797485770289e-01
6.078142029864215257e-01
5.978327192265234791e-01
6.340230541476900017e-01
6.143325243590253004e-01
6.005793232095001377e-01
6.063872770220516406e-01
6.062899438384657946e-01
6.680526486886679827e-01
6.243976549930708719e-01
6.068713055598501382e-01
6.027760800469459390e-01
6.163787324574833137e-01
5.968300702888261755e-01
6.171115607440932349e-01
6.633817160776970256e-01
6.012413982150066616e-01
6.260353957449645845e-01
6.397960378557162597e-01
6.300229128923913180e-01
6.166928993647754487e-01
6.114419716221144441e-01
5.919681091150089669e-01
5.956929559147602360e-01
6.799355537090737700e-01
6.365378326864565839e-01
5.950628903093569955e-01
6.398494205898943576e-01
6.595752839934514444e-01
6.320318250029708373e-01
6.197214904003636171e-01
6.710092629433774825e-01
6.331792076905746747e-01
6.422238589069478865e-01
6.402770053924761173e-01
6.052455199049802115e-01
6.388008084865421932e-01
6.463058182774727989e-01
6.384255269821292877e-01
6.360265434840683962e-01
6.093547855626704202e-01
6.328802271160616222e-01
6.484052432337391592e-01
6.491616963957679287e-01
6.711620755150164985e-01
6.067068258231215205e-01
5.935011662710952818e-01
6.103425117199540173e-01
6.039226735360996301e-01
6.218039520006726217e-01
6.254631894381488255e-01
5.750539139832743230e-01
6.298321257916212890e-01
6.325310650518140010e-01
6.448719905762861915e-01
6.307258158981282614e-01
6.366142011960704838e-01
6.316765381448589123e-01
6.512241658261187505e-01
6.121153402583894287e-01
6.000567831027953103e-01
5.656912044794102368e-01
5.749707349093281517e-01
6.348556876544031446e-01
6.310141943220730631e-01
5.806386123739611937e-01
6.094151412383421729e-01
5.970781221589039900e-01
5.875133292286442988e-01
6.117293854173098122e-01
5.695255825510471270e-01
5.544338745770938104e-01
5.774600699566349027e-01
5.628821625009884366e-01
5.967514780341069969e-01
6.047522022559440602e-01
5.952762954122251537e-01
6.007957924404443428e-01
5.718260858398866997e-01
5.856552701946986517e-01
5.910689283036175690e-01
6.231789468318789105e-01
6.133644552955290763e-01
6.173799035879170560e-01
6.501108541783185979e-01
6.148494670597445255e-01
6.205908322368529628e-01
6.204861962917138651e-01
6.018203755911599728e-01
6.140537561657244403e-01
6.245219072040260055e-01
6.484993785602309879e-01
5.943315084152595018e-01
5.885430562309255098e-01
6.072727615763847675e-01
5.980356599157204966e-01
5.927994673301429929e-01
6.002956679360036407e-01
5.855060129418402370e-01
5.974450037965592930e-01
5.786156087079553645e-01
6.025862037395912640e-01
6.400436512162784863e-01
6.431494306814883322e-01
6.027064268747360787e-01
6.403237760837647841e-01
6.200171758868103788e-01
6.129992423622302455e-01
6.426464463606547106e-01
5.837502969739848391e-01
5.971462947534290633e-01
5.696071141856811071e-01
5.769235349459030937e-01
6.061818461319526952e-01
5.587297043980549160e-01
6.128778503293133006e-01
6.020507677086074372e-01
6.598405746247294479e-01
6.328142321396795777e-01
6.189130512231483250e-01
6.022220824552364515e-01
6.008060666630929969e-01
6.506015561025879634e-01
6.343894750232684787e-01
6.211987375825605007e-01
6.640986917197357897e-01
6.126205408674165742e-01
6.287529250984346119e-01
6.440232142328488063e-01
6.012720446617598746e-01
5.997547123455313489e-01
6.200141745334735166e-01
6.098868836974447039e-01
6.246704507253759697e-01
5.833103226751785719e-01
6.228644196296577729e-01
5.650031422126704506e-01
5.993597777813850502e-01
5.931677702591692247e-01
6.003279456634462719e-01
5.781077383557234883e-01
6.014491756826761959e-01
5.880578108492920952e-01
6.220180488682732767e-01
6.280236539128724038e-01
6.152268797300065595e-01
6.160409144483893762e-01
6.290041232229690582e-01
6.330215536283541056e-01
6.604321918793085722e-01
6.313335893246906361e-01
6.339880432246646214e-01
6.119782023439029883e-01
6.118105610303343767e-01
6.153269137639133524e-01
5.820663736748833417e-01
6.188869662719423959e-01
6.287036375178801650e-01
6.110083284542340287e-01
6.179519147267743540e-01
6.031002462500183459e-01
6.270222218218555188e-01
6.469536613925503943e-01
5.929803348739900448e-01
6.153256557692776685e-01
6.192068433438556729e-01
6.405405437340003783e-01
6.117309473132752640e-01
6.341647686643195891e-01
6.172374222687193601e-01
5.914380267459803386e-01
6.295336048901767345e-01
6.510185605343770110e-01
6.365695278573408888e-01
5.947240581428643313e-01
5.781557486179672578e-01
5.987799756808169782e-01
6.196490489727431994e-01
6.440238893163972023e-01
6.003976211839532340e-01
5.585470488990986748e-01
5.650526626745020486e-01
5.942023344144242714e-01
5.896840461708929837e-01
6.217355216377896676e-01
5.925566173602170306e-01
6.409620805474374183e-01
5.964072809244175266e-01
6.135667714081649571e-01
6.284119889300772144e-01
6.040640554380076743e-01
6.018053668764177244e-01
5.835936261061365204e-01
6.050448346801159394e-01
5.679919263950954367e-01
5.864388035457690496e-01
5.852823878415704950e-01
5.924163584950954409e-01
6.115818357778418646e-01
5.980641271521317526e-01
6.063109559088674105e-01
6.141004717587589257e-01
6.236646027497441125e-01
6.159233964769438296e-01
6.065069980199589983e-01
5.917300886109940761e-01
6.431561537560784858e-01
5.794872570397943123e-01
5.668106850558458643e-01
5.996460320416354683e-01
6.013671741825579176e-01
6.224267785006947218e-01
6.153575169051584970e-01
5.896737527226126874e-01
6.091112598117756072e-01
5.902036839890861808e-01
6.306093445186012891e-01
6.590906987933558003e-01
6.148547392029375391e-01
6.222400438773943998e-01
6.698675769890990450e-01
6.160545653960137757e-01
6.260855603080685006e-01
6.158036692729450534e-01
5.446284600723972913e-01
5.531489697539372363e-01
6.219633351852732472e-01
6.282059594813441672e-01
5.807731014247701218e-01
5.844171959849722153e-01
5.773872355766747066e-01
5.952107887094104655e-01
5.907530923887662766e-01
6.114785610725658183e-01
5.812425231600774067e-01
6.216672556039499753e-01
5.963269355132854166e-01
5.860468880109898082e-01
5.666979495103398046e-01
5.682435809523200820e-01
6.142065444659101647e-01
5.876511998897131495e-01
6.129240848477001125e-01
6.094215883783695720e-01
6.065951616623067588e-01
6.156947011574219752e-01
6.209860516211086479e-01
6.267784616899189087e-01
5.969593325804398720e-01
5.788948662061398354e-01
6.108687572475404171e-01
6.114671887918523563e-01
5.838131546799255611e-01
6.109661216461751421e-01
5.779830613274810069e-01
6.339745749286085363e-01
5.931940626489878854e-01
6.077315135984278083e-01
6.120443348128309369e-01
5.960147412410514711e-01
5.916166754091148894e-01
6.113209919381611401e-01
6.364391887326522612e-01
6.084196051898751456e-01
5.530650092132920470e-01
5.827809159004925244e-01
6.122102695235086545e-01
6.158685868309755618e-01
5.802251740847075290e-01
5.913733374442271540e-01
6.101469738800452403e-01
5.774156684099844838e-01
5.885665996747595496e-01
5.852187749054610366e-01
6.151929101482749296e-01
6.158635687506940348e-01
6.010850617745543412e-01
6.254348407672289945e-01
6.508936073786871779e-01
6.022982171554386310e-01
6.159803730939372723e-01
6.182985449536541056e-01
5.678516501797935545e-01
5.600650794019256251e-01
5.855120551964978493e-01
5.626981765253371570e-01
5.932816076999775090e-01
6.078382812614498976e-01
5.859924846777695429e-01
5.773137276412930730e-01
5.737033171420389266e-01
6.052874512014132513e-01
6.207141770047445162e-01
6.040984636834287880e-01
6.290883861859210002e-01
6.450174237265670074e-01
6.438148364534036494e-01
6.214021203551507444e-01
5.977527728575261490e-01
6.471900533727834581e-01
5.929376832086779014e-01
5.933358535376180853e-01
6.129456447798071750e-01
5.752312948609510368e-01
6.097048706248252570e-01
5.877684442495709760e-01
5.896305913385510022e-01
6.123932003934794421e-01
5.861904980157653933e-01
6.147483184535139644e-01
6.059416645523132416e-01
5.931498961873796771e-01
5.961629519461189020e-01
5.598043437586094351e-01
5.543394492053587141e-01
5.943315469277754559e-01
5.808474372419581977e-01
5.983826847947317784e-01
6.260573823510811042e-01
6.397077123313713587e-01
5.986823114507263677e-01
6.160197852827858922e-01
5.955273886022076635e-01
5.737049625171891654e-01
5.454472217957344604e-01
5.635672281389205729e-01
6.012504927973326696e-01
6.368758355075536670e-01
5.933164820428470376e-01
5.653955349086745574e-01
5.839360691087628341e-01
5.731304207712213383e-01
6.272717564096607079e-01
6.162610541465662894e-01
5.944969917588786013e-01
5.940585055843414786e-01
5.860306978996577820e-01
5.989884516891534894e-01
6.121842183382344427e-01
6.112721552536002356e-01
5.854239232525183523e-01
6.277741971306375346e-01
6.207045152018245693e-01
6.174861304353526092e-01
6.177308335646790605e-01
5.982847146537065841e-01
5.839113629538852379e-01
6.048129219642947030e-01
6.031055098032568340e-01
5.958720609371428445e-01
5.800973356084150323e-01
6.033671289010238414e-01
6.014714773792035896e-01
5.601917994908888199e-01
5.940445625821693110e-01
5.611645218409301306e-01
5.874947363947041756e-01
5.698882895448044161e-01
6.079917363264291108e-01
5.971771745049604396e-01
5.959322007932253973e-01
6.096339889241177978e-01
6.037339338620250073e-01
5.998629913567068428e-01
6.294887708778860169e-01
6.416278121222407371e-01
6.071020623092676649e-01
5.827933199076450466e-01
6.459500789830086021e-01
5.954598414928544692e-01
6.155967892896324622e-01
6.037672271800410551e-01
5.954534525324883809e-01
6.151695111872442778e-01
6.033484889039129051e-01
6.047190948726467452e-01
6.329984492181558453e-01
6.303746735902103770e-01
6.064721785702368306e-01
6.134241497855862368e-01
5.797737352294081159e-01
5.929167277130874547e-01
6.110772592805624459e-01
5.952510139408817569e-01
5.581137632211581323e-01
5.894199883329331868e-01
6.057795211351717501e-01
5.895610982067788219e-01
6.230706158384876625e-01
6.228157681896621112e-01
5.716507017486919251e-01
6.063718637024043678e-01
5.810590857082336136e-01
5.922801723889472569e-01
5.882655224973712960e-01
5.916509260922707680e-01
6.044087986287854930e-01
6.243472105263547789e-01
6.198239910641687445e-01
6.274691033890009706e-01
6.090479211964380246e-01
6.255822383028686318e-01
5.964986886789658271e-01
5.978010680760361684e-01
6.097893100889159035e-01
6.206150701735639874e-01
6.213587935075240987e-01
6.456561536234719512e-01
6.596545809237548408e-01
6.859040537948699612e-01
6.686667878031282708e-01
6.111454595428615910e-01
6.410893571082110221e-01
6.542430208280014536e-01
5.927260173952397793e-01
6.127341172024289850e-01
6.091802718535206385e-01
6.165571869319960152e-01
6.229880265911673654e-01
6.103559548526757972e-01
6.015663003757116822e-01
6.137941562915987248e-01
6.100643814493910133e-01
5.638899173292623024e-01
5.609745513987764998e-01
6.270321289083283789e-01
6.158949529958708258e-01
6.489031091912252913e-01
6.222589005776948401e-01
6.000173977553221460e-01
6.107089236081184591e-01
6.249985462554868976e-01
6.026068217209589184e-01
5.872049212135816987e-01
6.158265989697078169e-01
6.370861864377755923e-01
6.326547278886780479e-01
6.313994218091902866e-01
6.054505946735548871e-01
6.126660023440863023e-01
6.449961153870682473e-01
6.087297034206238244e-01
6.291546640849672301e-01
6.458029650908461150e-01
6.350210950997938752e-01
6.757415862057067901e-01
6.470427342564981643e-01
6.965573234720766616e-01
6.426226395082574872e-01
6.180698478255274297e-01
6.282242110847280347e-01
6.460581825322806448e-01
6.134563418394960443e-01
6.421334504447167024e-01
6.042639073852544840e-01
6.006101203471779781e-01
6.236770303870511345e-01
5.915876572411401524e-01
5.941064985446407043e-01
6.363424622428401900e-01
5.614872637545754719e-01
5.955696809500352629e-01
5.965839938111436869e-01
6.214166486818498703e-01
6.301715770325655441e-01
6.220980823540430693e-01
5.885707425450272812e-01
6.331503522902477421e-01
5.970378368490222298e-01
6.232318080396282989e-01
6.225891456947676428e-01
6.459210737041732875e-01
6.266441418790772433e-01
6.231999562061047993e-01
6.341924664684909230e-01
6.133082119529685849e-01
6.346480411314155967e-01
6.571974511027967036e-01
6.100530471300876778e-01
6.091098490996887937e-01
6.326831497839656704e-01
6.343400661295883758e-01
6.014089192734580758e-01
6.314734884026613759e-01
6.271558562633513523e-01
5.901599630220928372e-01
5.893692860974828474e-01
6.298009179255321666e-01
5.843294218790462402e-01
6.064313170132596964e-01
6.168892793725456736e-01
6.594736860676680967e-01
6.523597954679426492e-01
6.692518174265099651e-01
6.408856648079649387e-01
6.177176274770214137e-01
5.890270211513088938e-01
6.156751327182493627e-01
5.900976135291353675e-01
5.864749439159229194e-01
5.965775009558486053e-01
6.325880394810328156e-01
5.971150333275067057e-01
6.264653188161276587e-01
5.951073107574252896e-01
6.002364294110760223e-01
5.868647067653602889e-01
5.821597114722797395e-01
6.197284949456147718e-01
5.945757915544328531e-01
6.281193868501917521e-01
5.875256773549143441e-01
5.870349275629191954e-01
6.358095837346123824e-01
5.665419277853738222e-01
6.026287265562835227e-01
5.975470326885263805e-01
5.880964404633246545e-01
6.002252440599267214e-01
5.951807266328745794e-01
5.932230302170597991e-01
5.590835075488876926e-01
5.791644695355495642e-01
5.868774629775806995e-01
6.019623210858416895e-01
6.289279633131824587e-01
5.843697180760355492e-01
5.885307499619188976e-01
5.794712534305944684e-01
6.069820150798523883e-01
6.044427425423355427e-01
6.115537375826860522e-01
5.850182227291768067e-01
5.966880435183629094e-01
6.028665888289433950e-01
6.393408166114227242e-01
6.101032261886306651e-01
6.348653365397892712e-01
6.200425728689167304e-01
6.216699685252102814e-01
5.796397360422107514e-01
5.766177178882083698e-01
6.268086081920811736e-01
6.093226282831399887e-01
6.304894790946030669e-01
5.821003563935684966e-01
5.863489000084161074e-01
6.039482826958024742e-01
5.977562312459213656e-01
5.954184392438953699e-01
6.125670878506940253e-01
5.964551921090850417e-01
6.499889210900218206e-01
6.394836052795082049e-01
6.013055303631468229e-01
5.629867301690709702e-01
5.970418021304539913e-01
5.981965754542785119e-01
6.154451453680335193e-01
5.969980911781646027e-01
6.152230896128249027e-01
5.791507396279520492e-01
5.962914273061608039e-01
6.228413756076183194e-01
6.284008396073831326e-01
5.933480416084508935e-01
6.026725034449229579e-01
5.775276331631074012e-01
5.513618495923059415e-01
5.637399830732807704e-01
6.005667092116134809e-01
5.695357041273982901e-01
6.316329378692508989e-01
5.845571626477829019e-01
5.757829143887046586e-01
5.920637335522099809e-01
5.686318486603157973e-01
5.846830558685207624e-01
5.926487094232263386e-01
6.356091875620837328e-01
6.003275719136476063e-01
6.227917630014353501e-01
6.171163781585377039e-01
6.368715950743955023e-01
6.019434002637165104e-01
5.975877363038517576e-01
6.349135159826811980e-01
6.075913882804498956e-01
6.254638863349610833e-01
6.189165162241938578e-01
6.373652243195048195e-01
6.283486015500155952e-01
6.195332548705523301e-01
6.382675215390352097e-01
6.334517689334017154e-01
6.220824185407544116e-01
6.197272671978274472e-01
6.067954519450569073e-01
5.924979950431428222e-01
6.026600820443342998e-01
5.889118065963949711e-01
6.339453037744556818e-01
6.182202949928281566e-01
6.328608079306674572e-01
6.133863689994932811e-01
6.479536205891467393e-01
6.131506674401151491e-01
6.237269707498122040e-01
6.272011965569804781e-01
6.103206751788511353e-01
6.260865652266121018e-01
6.054184623327549808e-01
6.009033757124724318e-01
6.003568552536637792e-01
6.306592109895791110e-01
5.782611661025146566e-01
5.972044857008532714e-01
5.692028847511181322e-01
5.737127012676351834e-01
5.735310523324014254e-01
5.761795067302172280e-01
5.950112740760180596e-01
6.355221902273799905e-01
6.216099275560926785e-01
6.041238589305448770e-01
5.998473274990639981e-01
6.189595129261514783e-01
6.448697625482225915e-01
6.221329206433957593e-01
5.672186660271272274e-01
6.374200223224500972e-01
6.334072173891631685e-01
6.185172891654151517e-01
6.272158845266005978e-01
6.198822889821176130e-01
6.018254742099363730e-01
6.571790803665209513e-01
6.233329629615398382e-01
6.482405727083768721e-01
6.471541651739309842e-01
6.373163639824520610e-01
6.196540222213579030e-01
6.208420840937455276e-01
6.142008729960026781e-01
6.356752462031890483e-01
6.195216712667905856e-01
5.860702366868654201e-01
5.792243412548989667e-01
6.043179578389594742e-01
5.995918274298949191e-01
6.129808016847064778e-01
6.254796294336487650e-01
5.919689622997391654e-01
6.287547471616160566e-01
6.471189677161525156e-01
6.072329064853646541e-01
6.271609711415894184e-01
5.994403969590255121e-01
5.954499792421781290e-01
5.941629785472172243e-01
6.408392144238429511e-01
5.657818632335165354e-01
5.857176449718923816e-01
5.783361755111967595e-01
6.229482077870713841e-01
5.930050685413799094e-01
6.104116648500284015e-01
5.955157300220172978e-01
6.006884325353553100e-01
6.169093063066217741e-01
5.769601334641024648e-01
6.176525937869870031e-01
5.944415395200497443e-01
6.391200144576579811e-01
6.214287421164438330e-01
6.635118615332780134e-01
5.985882494403435006e-01
5.974716905876964468e-01
6.086825427788495890e-01
6.104005241302127294e-01
6.013092957786329018e-01
6.060298757111099999e-01
6.204111020947975508e-01
6.145979376208561273e-01
6.325464890861959288e-01
6.313350862342309577e-01
6.145340750952789088e-01
5.879358825528262500e-01
6.380540864939017176e-01
6.020535893942534633e-01
5.980053922477298611e-01
6.274714066818181113e-01
6.333948543570480094e-01
6.313487346614730100e-01
6.211282030768956464e-01
6.585449658186464106e-01
6.238893890357817273e-01
6.478017664018361765e-01
6.389438278637191715e-01
6.249348252679479687e-01
6.047466344112311099e-01
6.197417170847543400e-01
6.063958802053709407e-01
6.224024047840119866e-01
6.043126607392285132e-01
6.312724231484269088e-01
5.925144453137332068e-01
5.793432610219698686e-01
6.099834222265272388e-01
6.200347163411417117e-01
5.926505777879008674e-01
5.812344866221591522e-01
5.737328790406900358e-01
5.698795879969998923e-01
5.405166889084296322e-01
5.950674801865668551e-01
5.832640420089871824e-01
6.104891506475010887e-01
6.095207529260353585e-01
6.062300085509375602e-01
5.414720725526962486e-01
5.892200263723267328e-01
5.818725541177844907e-01
5.831630442328541442e-01
5.863951208800455284e-01
5.822217682528413318e-01
6.009889404456968398e-01
5.949350111824652787e-01
6.258144543422697881e-01
6.052338816421731771e-01
6.385149072212787935e-01
6.304103502448138441e-01
5.972584735730901428e-01
6.227206360193136003e-01
6.498421977707259378e-01
6.377476939452914051e-01
6.357301097281552460e-01
6.009584821530227217e-01
6.016253958494341969e-01
6.327113498453771356e-01
6.459756379805106086e-01
6.119727172089576284e-01
6.169518613564936027e-01
5.820057449819745488e-01
6.491949482785639436e-01
5.978466110354794250e-01
6.403897745005403541e-01
6.129285811692043451e-01
6.489082644239141384e-01
5.828208784141780674e-01
5.945672966997170850e-01
6.195464025261591123e-01
6.133715001800579270e-01
6.017087458621735996e-01
5.831555838823638815e-01
5.956292511808675139e-01
5.776210067580782592e-01
5.894617046661743132e-01
6.036194962651824092e-01
6.073766292759142926e-01
5.500267664743009322e-01
5.862108275387218903e-01
6.202859872329327118e-01
6.063849574187073488e-01
5.867075666783292398e-01
6.222975688704018848e-01
6.396010023969034286e-01
6.009671491328087978e-01
6.317939257689041410e-01
6.337956971906765213e-01
6.599267131290263988e-01
5.834289075172834904e-01
6.223273071590463834e-01
6.446732782807725881e-01
5.866753984538785049e-01
5.972830929319621340e-01
6.134307589244493153e-01
5.877482339596159511e-01
6.190728175777207021e-01
6.210443399528392527e-01
6.388393437861876745e-01
6.554562876092039359e-01
6.616577422751811488e-01
6.423414024079252549e-01
6.339667898837699767e-01
6.464101587871673438e-01
6.126064439422944652e-01
6.072853526277534053e-01
5.944998817501981891e-01
6.049979691941756998e-01
6.386097645742608853e-01
5.959712558194675269e-01
6.209825033686088291e-01
6.386671718188803304e-01
6.239576318567018332e-01
6.090534797273843282e-01
6.314450853943334163e-01
6.044595439946980342e-01
6.329806191536905269e-01
6.325867797869887399e-01
6.560015236557728002e-01
6.234548882739217035e-01
7.067125315999683854e-01
6.906993275913477781e-01
6.755017718058035081e-01
7.026356091275683946e-01
6.928465455343026935e-01
6.500822908558185897e-01
6.571947651297223025e-01
6.848147258234831281e-01
7.135033778397512627e-01
6.863586424594558810e-01
6.602830216065405100e-01
6.502081619185643424e-01
6.637344844718229275e-01
6.594008971297409261e-01
6.517931935049159353e-01
6.639149499908753027e-01
6.143730377570083556e-01
6.354678563263698177e-01
6.155335958699789112e-01
5.948361561449885260e-01
6.323266679236266841e-01
5.866689720346688341e-01
6.133035094484083904e-01
6.145073245616836655e-01
6.060933951356010096e-01
6.016512436322642987e-01
5.925970330874623659e-01
5.835635183231241419e-01
5.937879127633429732e-01
5.904075273887077202e-01
6.335975992530874512e-01
5.990495854658933750e-01
6.278821978704254292e-01
5.776613166776375374e-01
5.917912942007632626e-01
5.897734894800632510e-01
6.513258517992045471e-01
5.981870108031194233e-01
6.214175856431004563e-01
5.895376314951372709e-01
5.962492589894071715e-01
5.824758443459872037e-01
5.951178346859615775e-01
5.855407933783289831e-01
5.748151094495994595e-01
6.123000475322218916e-01
6.290919134611625552e-01
6.227750551248572020e-01
6.509735532998904839e-01
6.209043438005588111e-01
6.622134377057641297e-01
6.241369541590704451e-01
6.086082205549369073e-01
6.135521481514917275e-01
6.161379138487476093e-01
6.598871838523815425e-01
6.203011440911186947e-01
6.182770150271824638e-01
6.307748280261793461e-01
6.253490260231947540e-01
6.126887699962664247e-01
6.455620458949292706e-01
6.285628985363599375e-01
6.085774238522914104e-01
6.224329553338950882e-01
5.938159517973448098e-01
6.103579649813228869e-01
6.083527363019092249e-01
6.041959776769366686e-01
6.113965543189889829e-01
5.784788602194442797e-01
5.975117137995007432e-01
6.457571501265531033e-01
6.364033432627033138e-01
6.323998006109949888e-01
6.205483395116324630e-01
6.426856613408167274e-01
6.538553365572901122e-01
6.390012379001631659e-01
5.904060643751971593e-01
6.193443120120150081e-01
5.707697831264302302e-01
6.087702008910461648e-01
6.530609260876003574e-01
6.034125581659369741e-01
6.108658943156044518e-01
6.393649340437789208e-01
6.233571921603211496e-01
6.333224202941273306e-01
5.918297128055154399e-01
5.708614983956863398e-01
5.822610652594691905e-01
5.675121943718074435e-01
5.733884277022845977e-01
6.268662571831967734e-01
5.839547141937678765e-01
5.835600642389432435e-01
6.182214969500905433e-01
6.363666496881620338e-01
6.133328401078091963e-01
6.008969271157366121e-01
6.075886407972851400e-01
6.005077386798080008e-01
6.474163522830372886e-01
5.997893510151983687e-01
6.314682230930870332e-01
6.103473557486631673e-01
6.070744227643201096e-01
5.914680396761257120e-01
6.490246760225709677e-01
6.154118214983586022e-01
6.274066158511772962e-01
5.959520166305813937e-01
6.086224316040735882e-01
6.259032638327436393e-01
6.328078106953824999e-01
6.222763896340266498e-01
6.322915839563426621e-01
6.277673933476386470e-01
6.459082900720358733e-01
6.420205699651664322e-01
6.035405874066616105e-01
5.918898363571504229e-01
5.941273681546715979e-01
5.972625105477367136e-01
6.392164741559878127e-01
6.296051393321706602e-01
6.446065659758689614e-01
6.457954070350566678e-01
6.107972966917384339e-01
6.210037916383150947e-01
6.018401460067924758e-01
5.563791348701757622e-01
5.673906670285608911e-01
5.677618089812074276e-01
5.804143473864494807e-01
5.767973655283439305e-01
6.127237153046979357e-01
6.012500142454859642e-01
6.068765492700191055e-01
6.286985049229847355e-01
6.220363677906612931e-01
6.443278317189158333e-01
6.597974515075740731e-01
6.509108631252779054e-01
5.798767713983824512e-01
5.687772573187631631e-01
6.067287160095783394e-01
5.941181280878705673e-01
5.998825450771492207e-01
6.005687146615865668e-01
6.002439441481147719e-01
6.205365604034829285e-01
6.239672727016450926e-01
6.278458329089915413e-01
5.973072802533748726e-01
5.833687553575896967e-01
6.588195662003778486e-01
6.199810214425776067e-01
6.028947904555077564e-01
5.743864474481615856e-01
6.012213312833101231e-01
6.052987418952850973e-01
6.006484660335758008e-01
6.208666424033134623e-01
6.183598982566494984e-01
6.355014730095737141e-01
6.067753207552706307e-01
6.137156131356900080e-01
6.080664092083302164e-01
5.965949732056616828e-01
5.950611083670527268e-01
5.967028689292732668e-01
6.233612996090117653e-01
5.915287025923755548e-01
6.383452043108125418e-01
5.840882603700993103e-01
6.380968410948739677e-01
6.483327634686860685e-01
6.565612817985508887e-01
6.661860914144356327e-01
5.942696207988267254e-01
6.064522988287885941e-01
6.089538702270840265e-01
5.991583760765898381e-01
5.724179832073680307e-01
5.888320089004575042e-01
5.893880788709227048e-01
5.681857661835776341e-01
5.905796431878833630e-01
6.328270630448703526e-01
6.568533803284286599e-01
6.059287775577537616e-01
6.276535641113113462e-01
6.045892889682709104e-01
6.218899862085504049e-01
5.934539603322604995e-01
6.160695046045013834e-01
5.978325187434641030e-01
5.964451936463039949e-01
6.666811807095255338e-01
6.567950553358498089e-01
6.509936932167985635e-01
6.492862617685465354e-01
6.512543669006145564e-01
5.981611142005656134e-01
6.402028899639593540e-01
6.581428046174484514e-01
6.267976558159414902e-01
6.086853872205920668e-01
6.121607870210887814e-01
5.732462291060685944e-01
5.851205509276553585e-01
5.937365987150795554e-01
5.793732918125255038e-01
6.034513586797437545e-01
6.296356481880003297e-01
5.908210261592617973e-01
5.651289261683462017e-01
5.745051749975688127e-01
5.972243285334115637e-01
5.841356585617842878e-01
5.998890311917590701e-01
6.001213383650074729e-01
5.697209587646626661e-01
6.007132264245140796e-01
6.322817962344781106e-01
6.388675297874729653e-01
6.546100872243679758e-01
6.301675890055290497e-01
6.196203108047675379e-01
6.346958174839540945e-01
6.280413205582079383e-01
5.930770526593055481e-01
6.122592844063569073e-01
5.870538534492418803e-01
6.275475410350047634e-01
5.755672778706081294e-01
6.124636140213621793e-01
6.143148415785970595e-01
5.926318022729883950e-01
6.199069737008719994e-01
6.533774535194992739e-01
6.336458662707390443e-01
6.796868897166760126e-01
6.393630552217414165e-01
5.908352062578348107e-01
6.058844572072429324e-01
6.249472764388220858e-01
5.993953610245623675e-01
6.352915901164519763e-01
6.249522010336090450e-01
6.356536593202062324e-01
6.144698896672157185e-01
6.090000026687845125e-01
6.553772870010035057e-01
6.329396162380507285e-01
6.743368170664144623e-01
6.205039143218520348e-01
6.096877487179324095e-01
6.104176800798174485e-01
6.320574133708195541e-01
5.958049352930876452e-01
6.316300781541128728e-01
6.777534463451758695e-01
6.314244098447325815e-01
6.303327172085607666e-01
6.239366634702946390e-01
6.339713527342691890e-01
6.111461833582553238e-01
5.847241653780037574e-01
6.163215467663637481e-01
6.133903926872795731e-01
5.685585088381122087e-01
6.155508166819733118e-01
6.292820347138992076e-01
6.139283946454857643e-01
6.273037840920868691e-01
6.002432042428267334e-01
5.866029492436463100e-01
6.197820904498075878e-01
6.056596267017434476e-01
6.060896013325401954e-01
6.242611907160563467e-01
6.013354371476592464e-01
6.071701830144503598e-01
6.209818992041351571e-01
6.326233835581593912e-01
5.967510405583545952e-01
6.084966903006083783e-01
6.252310987564254630e-01
6.178727480852103104e-01
5.705674587773507112e-01
6.087586298125088335e-01
5.948946768231583304e-01
6.009969858859410818e-01
6.093824537477562364e-01
6.005416803096581546e-01
5.954073881977973715e-01
5.734732189009923431e-01
5.893916493447555194e-01
5.977791436627963861e-01
6.108485001965703320e-01
6.045255146401189439e-01
6.129837279329042321e-01
6.300264977527829657e-01
6.030274176844098166e-01
6.185178412257776870e-01
6.346867305327332787e-01
6.101364964351396747e-01
6.123994430564231317e-01
6.523565421296296796e-01
6.474054746780343317e-01
6.530711037157391763e-01
6.107823783273261808e-01
6.309850768427279766e-01
6.536091921650585279e-01
6.178155980987196649e-01
6.141579268924116652e-01
6.134840070009550672e-01
5.757368353633227631e-01
6.148429571302053143e-01
5.821860341227572677e-01
6.108362099375185261e-01
5.857306482724701224e-01
6.336797777808351739e-01
6.267836365708170376e-01
6.469495103544290471e-01
6.307814865791984138e-01
6.245832143486892418e-01
5.892869120974850716e-01
6.159741042932427302e-01
5.989371965288385891e-01
5.931875303199604099e-01
6.113977340798871785e-01
5.885162337100119379e-01
6.000346170582286920e-01
6.055055976765605363e-01
6.392828734705361393e-01
6.506261873408875074e-01
6.187955999609471291e-01
6.586520473803598730e-01
6.159908094632777775e-01
6.101748581692235662e-01
6.366574314321026273e-01
6.146989061309379165e-01
6.153859617597419174e-01
6.409598762529075122e-01
6.593265476461965813e-01
6.267622611682520661e-01
6.395051358173700073e-01
6.106315569158494716e-01
6.126994245475001488e-01
6.379399757716379682e-01
6.110792137569518445e-01
5.867137583750060559e-01
5.839665260926040213e-01
5.864940677724067575e-01
6.322746315389440319e-01
5.945851019212535782e-01
5.945442606529163232e-01
5.998286724455189622e-01
6.221454262754336773e-01
6.232208426552673375e-01
6.069241304726908925e-01
6.246951858672239455e-01
6.102613422122533660e-01
5.979200395024995007e-01
6.049980225835595027e-01
5.964977719990898208e-01
6.250765968927123328e-01
6.230581266783715710e-01
6.311957224438988767e-01
6.202023659741355832e-01
6.414812637406013263e-01
6.205330488014439982e-01
6.072971301556350232e-01
6.147280233829934826e-01
6.423050296830642436e-01
6.414253251972773517e-01
6.326549990510088595e-01
6.364719559165447071e-01
6.292981240725397107e-01
6.248114281452797902e-01
6.604572905690866413e-01
6.317504002812780461e-01
6.230786388442817181e-01
6.793082380716011226e-01
6.952012090829001734e-01
6.629578524656635219e-01
6.480278126123495408e-01
6.815487909379502884e-01
6.604203311483262118e-01
6.847960921906053322e-01
6.102428881728741983e-01
6.593691528821671310e-01
6.300078158135441475e-01
6.121034218811283178e-01
6.139087242388933108e-01
6.204024990228700354e-01
6.268683113048435507e-01
5.966265600107242273e-01
5.889812796277765772e-01
6.157846060289604573e-01
6.018069962933489947e-01
6.310882406275448719e-01
6.340041711472079733e-01
6.209887432735751167e-01
6.100081927643523638e-01
5.883435813241847390e-01
5.856951365526363862e-01
6.430192506319657442e-01
6.095184940170765842e-01
5.830394847424038574e-01
6.291342511102574475e-01
6.185747848628238010e-01
6.238970026421483128e-01
6.285428600904785501e-01
6.236788199985533465e-01
6.288712301373815539e-01
6.053191476909358659e-01
6.192504887019689708e-01
6.072862641212686263e-01
6.318997137665245400e-01
6.421038728195550549e-01
5.871309322519880913e-01
6.103018199623622131e-01
5.829668631901711029e-01
5.923276210454183621e-01
5.770941470726860256e-01
6.117770057897629066e-01
5.887686873385873376e-01
6.350748112212065699e-01
6.310037157050475409e-01
5.778485902435707144e-01
6.324269336135324160e-01
6.462985548246755751e-01
6.220926893932858803e-01
5.931783971086228568e-01
6.360505543653337535e-01
6.239509104817745344e-01
6.249530122632640516e-01
5.997956907017866213e-01
6.148646445088288282e-01
6.329175672799208785e-01
6.384817241143606603e-01
6.370227265228942670e-01
6.091713790165155240e-01
6.160055512202605721e-01
5.856868424775373283e-01
5.867310983389241175e-01
5.913617509250403970e-01
6.028680390662860544e-01
6.226127917653550004e-01
6.223517643835463353e-01
6.517035710048142416e-01
6.852385857796094992e-01
6.348940830002640645e-01
6.160797845611117873e-01
6.251646529099551541e-01
5.970456191310526961e-01
5.969947830773408848e-01
6.066311884967007240e-01
6.137304834278553001e-01
6.296308737641727049e-01
5.992681164317855691e-01
5.974813968652554763e-01
6.400206598208270092e-01
6.397576669507623048e-01
6.323555247520583622e-01
6.327750578498637646e-01
6.348580413432978187e-01
5.730059339954733932e-01
5.628836532081293864e-01
6.426914700392535318e-01
6.435044771692192134e-01
6.351943775231700950e-01
6.088665878365626671e-01
6.329027828785531717e-01
6.812146304231095906e-01
6.267756915135617168e-01
6.130130682753540672e-01
6.227202591632574613e-01
6.105514664830633542e-01
5.968448036583321459e-01
6.017887132297544683e-01
5.708477050791151974e-01
5.905243278866575407e-01
6.045957714813317008e-01
5.836796631931049362e-01
5.976957358311327795e-01
6.239119665732107967e-01
6.175216013432587303e-01
5.834681813034183762e-01
5.944533792142816520e-01
6.077194664768110766e-01
6.234544017922805104e-01
6.622797160403719463e-01
6.142525806871760308e-01
6.138257272130999143e-01
6.443306394931747061e-01
6.639064249264989837e-01
6.071870293421999243e-01
6.351423012391241851e-01
6.408413799730737770e-01
6.325621587195119355e-01
6.241415246476822443e-01
5.481355758404270473e-01
5.467820807562596697e-01
6.175693845767137313e-01
6.192381204218678770e-01
6.072112855767830553e-01
5.831030510065948747e-01
6.266886089188261622e-01
6.247466285635623340e-01
5.549643492141129730e-01
5.947796460440739619e-01
5.691456491064038614e-01
5.957601233949736397e-01
5.996231451392417533e-01
5.809844843622394839e-01
6.213667429017886157e-01
6.008575986594807405e-01
5.769727472964966131e-01
6.097337511267802990e-01
5.967615030484642036e-01
6.177150175610358618e-01
6.059424240615551849e-01
5.987071345713705917e-01
5.731528476371735570e-01
5.879749056524276041e-01
5.981479440513501888e-01
5.962922206089386057e-01
6.192423602012555595e-01
6.046858099086375171e-01
5.802974099427923305e-01
6.237078360462415816e-01
6.391541670913376549e-01
5.834584197703124309e-01
6.397464395953215144e-01
6.121165493758820020e-01
6.174229388396743623e-01
6.027210545300014655e-01
6.248760333158126512e-01
6.176317092329112191e-01
6.352819796109916428e-01
6.389737812554256990e-01
6.358196959773618762e-01
6.144371943293011062e-01
6.462540034123676058e-01
6.224074872354918853e-01
6.259513956550434299e-01
6.378393389006495884e-01
5.969181536172375457e-01
5.909492018289317361e-01
6.185799545129899712e-01
6.647752713256653845e-01
6.247926010082245352e-01
6.401100523589876579e-01
6.403327008371667572e-01
6.688053991050539882e-01
6.622773410444147135e-01
6.314922265623074127e-01
6.245986186905654325e-01
6.255356391778962299e-01
5.829675318791244232e-01
6.302578786176891157e-01
6.604109337780849076e-01
6.223851225873221482e-01
6.404359616236826591e-01
6.312188325686511892e-01
6.308276551169700319e-01
6.229258778098342164e-01
5.817008032441997045e-01
6.209848814899715519e-01
6.286717100329990426e-01
6.302512243188690411e-01
6.368604443802310389e-01
5.509299242037011268e-01
6.067594361085540955e-01
6.403884309381937534e-01
6.519233378939832679e-01
6.603667146406034805e-01
6.149793072197801136e-01
6.168957510214887474e-01
6.572939475401715637e-01
6.302212945117324772e-01
6.365990017643008425e-01
6.202448651974749039e-01
6.937847978244581215e-01
6.042326464986238488e-01
6.117004047420839807e-01
6.362155468768818656e-01
6.813365603079165611e-01
6.431213671140489918e-01
6.212821089337582370e-01
6.047535871622969905e-01
5.683440109294195519e-01
5.944727246309655655e-01
5.912572356949761243e-01
6.075681156857695164e-01
6.441062332646469990e-01
6.171454280265121772e-01
6.206535603324299100e-01
5.697629816885100285e-01
6.210105170782427297e-01
6.005556381057920445e-01
6.149758192333909523e-01
6.343896341546267914e-01
6.365871124680022586e-01
6.294789772428823760e-01
5.972389374273170404e-01
6.259878851017373069e-01
6.476898704855682531e-01
6.009465584568458585e-01
6.409350025432697384e-01
6.422211179433519046e-01
6.032836094126028392e-01
5.889577948971963517e-01
5.990577923465640886e-01
6.531818226742363009e-01
6.094808094779458063e-01
6.435479373406763903e-01
6.558514941902499062e-01
6.119478026724191055e-01
6.079493551365541260e-01
6.102620481479137382e-01
6.211219453405169011e-01
6.473836908427323955e-01
6.171842326543252044e-01
6.569660369864277483e-01
6.456875435072702007e-01
6.117561060942336981e-01
6.267402905760515175e-01
6.097554624503497278e-01
5.937279636361011415e-01
5.937684364178417162e-01
6.049027602209949839e-01
5.737027420969450509e-01
5.774387359715565937e-01
5.942590625638213275e-01
5.882436557398028620e-01
5.822134973087087495e-01
5.851739491534131421e-01
5.993612309007944061e-01
6.411463249701234712e-01
6.075101950531077710e-01
6.238660875518510229e-01
6.201357952012389596e-01
6.363241575026079566e-01
5.950810232924986787e-01
5.807321323016324532e-01
6.072357007182663802e-01
6.001244281808143510e-01
5.928489492007278372e-01
5.845052793238165734e-01
6.004275841067022723e-01
5.991556743755576120e-01
5.836931406221987917e-01
6.189078554786553443e-01
5.728972154456792865e-01
5.983184346686872823e-01
5.753531964060630832e-01
6.002721601471336932e-01
5.830356690591995683e-01
6.172270132446606716e-01
6.165413453881380956e-01
5.981350987769589178e-01
5.796263814381613644e-01
5.578441241682201568e-01
6.031729926684256116e-01
5.955483444423245176e-01
5.868210169576477675e-01
5.967262060767893894e-01
5.898910078069175000e-01
6.045500604029359071e-01
6.150137280746266200e-01
6.159746543256824358e-01
5.950904273800323718e-01
6.086247564085154327e-01
6.328973581264127901e-01
6.113674625674654362e-01
6.203468169991858128e-01
6.028902626048107116e-01
5.923151093222210894e-01
6.216910108851633199e-01
6.111944923877566938e-01
6.021722347296322164e-01
5.934903026895713696e-01
6.090899146972168499e-01
5.888317665498976616e-01
5.899490724391068808e-01
6.164026220977599779e-01
6.193877002498854312e-01
6.229724761479539241e-01
5.919442214411014813e-01
6.128098591113440019e-01
6.122661313912578507e-01
6.226490416676676576e-01
5.809894668437558529e-01
5.942951265698120933e-01
6.245609152534430386e-01
6.382664374691614517e-01
5.888977127446849424e-01
5.809273513967245783e-01
6.276961577472144338e-01
5.967332954067414708e-01
5.999880555873334798e-01
6.115531622034225956e-01
6.240453167254453870e-01
6.137227644957671258e-01
6.096877923129041532e-01
5.792369943846989999e-01
5.977938268229565644e-01
6.135976002631077231e-01
5.957867929038671573e-01
5.951704155193503487e-01
5.855405554849921756e-01
5.862659053260069753e-01
5.874055766648974553e-01
6.035223841029233594e-01
6.192866402534212833e-01
6.398084789332549871e-01
6.066996022045693104e-01
6.094507781649992628e-01
6.409702034151424366e-01
6.264100517137729529e-01
6.338477505624411368e-01
5.924784292177820433e-01
5.991108998596069712e-01
5.965783745347197353e-01
5.688108343505607900e-01
5.936467851443212318e-01
5.995471887028455127e-01
5.717483098455746759e-01
5.701135927982747820e-01
6.109540671994573291e-01
6.014518714261863908e-01
6.242826587411540729e-01
5.712726677646839946e-01
6.027996146175575998e-01
5.979030766090206450e-01
6.425446075689631442e-01
6.114574338321886460e-01
6.381357251297988809e-01
6.225494216657894153e-01
6.038423781467824325e-01
5.699633029954287444e-01
5.771692986912427825e-01
6.136298931946937429e-01
5.943888313730147921e-01
6.213056422740538265e-01
5.839019656046615658e-01
6.060173999015799895e-01
6.065494540512960109e-01
6.222108314262247974e-01
6.407988853015980091e-01
6.109308376429303244e-01
6.245203341207280490e-01
5.728598974072440786e-01
6.331078144377441097e-01
6.126002985104291865e-01
6.229021725466274972e-01
6.750081691868103917e-01
6.619669223633539712e-01
7.006057628953190619e-01
6.565612597812692242e-01
6.372888649633048352e-01
6.637105029604082329e-01
6.332274826473826002e-01
6.340762399634395363e-01
6.465028452125810565e-01
5.886238425360181825e-01
6.079477370431900507e-01
6.555492567131063764e-01
6.466843472756710343e-01
6.152035305012784061e-01
6.514149040521312051e-01
6.418252340564273295e-01
5.698541972702162450e-01
6.129299297791904744e-01
6.199135525897704335e-01
6.285426477530547951e-01
5.942812520062076276e-01
6.184218625884627674e-01
6.291145862606222217e-01
6.099431230902910839e-01
6.106904214992485702e-01
5.793683380974026242e-01
5.900672751235787050e-01
6.257591214512780997e-01
6.300226436225108140e-01
6.031397935294846580e-01
6.358139678338340373e-01
6.169293925318921623e-01
6.214652341283827264e-01
6.077007071143908368e-01
6.155288122223080416e-01
6.234506707907078171e-01
5.958157210738028731e-01
6.026981851621140418e-01
6.051505708977730214e-01
6.270192127349019096e-01
6.052633193178252879e-01
5.727073721829121222e-01
6.129390310677220732e-01
6.032542136777720998e-01
5.882365130374526130e-01
5.925769122340278638e-01
5.704871417958308211e-01
5.873895140666922643e-01
6.464301881001970340e-01
6.028993308450949495e-01
6.354377612441808321e-01
6.529665777434574547e-01
6.305372698388905794e-01
5.821054235329092830e-01
6.227858801538205258e-01
6.015933327207713122e-01
6.382636916204049715e-01
6.286368072747334779e-01
6.024870123221786056e-01
6.265965526035527366e-01
6.534800324677447758e-01
6.198813685625548242e-01
5.919383092891965514e-01
5.736876543333788714e-01
6.206139489202225912e-01
6.144455745144783432e-01
6.243402661750383498e-01
6.051071023178545838e-01
5.879498137377506817e-01
5.835333054331076630e-01
6.024850417405960279e-01
6.158927618345833022e-01
6.125078447993681507e-01
6.031310190303387220e-01
5.935885601605450645e-01
6.053444097401474711e-01
6.003216979357232086e-01
6.232805398068351765e-01
6.252733293717406271e-01
5.802864756113512712e-01
5.954048678702156261e-01
6.037466563073106141e-01
6.444533726507837290e-01
5.886469568898647919e-01
6.051709518203122196e-01
6.073088244803953595e-01
6.360836961153637503e-01
6.427415336093970089e-01
6.157859423445041225e-01
6.314589486323576306e-01
6.189317394146299778e-01
6.149587558564870715e-01
5.989530751619738247e-01
5.826301364424784079e-01
5.854326508151833641e-01
5.958436512266462870e-01
6.204322876895040917e-01
5.871670127337244027e-01
6.096804471212106113e-01
5.864353227633518628e-01
5.625818554348427369e-01
5.827679125714353425e-01
5.776185743339337098e-01
5.677942773101377627e-01
5.765113867882396548e-01
5.841576360729222595e-01
5.850067121849742424e-01
6.256115400234152357e-01
6.283380368090338841e-01
6.248191783394955179e-01
6.274287003594597456e-01
6.179561665057793363e-01
6.112622978721100608e-01
5.888116978221381581e-01
6.228745596362937897e-01
6.179070467557165047e-01
6.301500909522236293e-01
6.306980049666487398e-01
6.005848548213729154e-01
6.449670710249080230e-01
6.218873185897685341e-01
5.829736718853030242e-01
6.035192284195605161e-01
6.076878232411143665e-01
6.452592944599664371e-01
5.931026017507418091e-01
6.157718352162899755e-01
6.452191833532356924e-01
6.066769128626277041e-01
6.176673510710609660e-01
6.225848380251235437e-01
5.910241940143438066e-01
5.953323076944991854e-01
5.827014340198337639e-01
6.272878288288866733e-01
6.299401732213849581e-01
5.945310564456603997e-01
6.154712486147231321e-01
6.529638238979585951e-01
6.062468788456072399e-01
6.371501396496963565e-01
6.088657978496820888e-01
5.837279355379342283e-01
6.074362641908157556e-01
6.169023223268963463e-01
5.851678522701287966e-01
5.680404628858352067e-01
5.837495785036268536e-01
5.687067093050719446e-01
5.808074159313514340e-01
6.033582591876818224e-01
5.609056924001141198e-01
5.901199321600788528e-01
6.091202719383218556e-01
6.104029800528623095e-01
6.058815099946344152e-01
6.049905775736058589e-01
5.650218783741488560e-01
5.874235554678094440e-01
6.133262270728322418e-01
6.014655140541479428e-01
5.973276709888021285e-01
5.963072370653210719e-01
6.045305706493356857e-01
6.184590717350396671e-01
5.859485111263831314e-01
5.831477103623078362e-01
6.109684596845033067e-01
6.102237577813609537e-01
5.780643048970777187e-01
5.697054608350429206e-01
5.856263152245529957e-01
5.893767356576542493e-01
5.942417766911970434e-01
6.154550986447695493e-01
6.097253453401667578e-01
6.060289119762105603e-01
6.161699037023103953e-01
5.919522547227314968e-01
6.403350081157118678e-01
6.111705900246134915e-01
6.302409310811195597e-01
6.263789115347906389e-01
5.910934112014697428e-01
5.951696662838499297e-01
6.359784766431176850e-01
6.111203665700642995e-01
5.846279682388874077e-01
6.273996361029972046e-01
6.589365237123622210e-01
6.784122769040343837e-01
6.531641700973906950e-01
6.153574743493941401e-01
6.207354794676461784e-01
6.166054211486809988e-01
5.851497326274468502e-01
5.919380424033099386e-01
5.766087123548044868e-01
5.845531042195426519e-01
5.587945014333201010e-01
6.249699284879044470e-01
5.908464585981636485e-01
5.591727735327410853e-01
5.716920239589270425e-01
5.703100265949370140e-01
5.678045028833313967e-01
5.676371764751362292e-01
5.881555427385679602e-01
5.859172506174883388e-01
6.057410716928088856e-01
6.355721555460376315e-01
5.725121036526806817e-01
5.865324746674799306e-01
6.282143232131117694e-01
5.830356709496181677e-01
6.179836424111305737e-01
6.677481385707924044e-01
6.159987769325547813e-01
6.104778161729461639e-01
6.229282905918909208e-01
6.371043710861650222e-01
6.107111586353922705e-01
6.618342802981561634e-01
6.593954222333517912e-01
6.184307969803172211e-01
5.959061876720516127e-01
6.146948039642722295e-01
6.134679126837544461e-01
6.277390568009778571e-01
6.078635815227525496e-01
6.348819663049546369e-01
6.129400430129005040e-01
6.486963529333058531e-01
6.363071687402304111e-01
5.998386161956971163e-01
5.852598780880009510e-01
6.050219107353602688e-01
6.138746221526988345e-01
6.490656666354630566e-01
6.327165833022437846e-01
5.790519064314787467e-01
6.330886542669835748e-01
6.170907761443538142e-01
5.751430082169342040e-01
6.215200966362516288e-01
6.385825901588837450e-01
6.164019823488871008e-01
6.193987458228721321e-01
5.736641854656084893e-01
6.023376276022139875e-01
6.342009768150649318e-01
6.164888960695230624e-01
6.237387083356460415e-01
6.525169396371167663e-01
6.458078414683402491e-01
6.194974136452723323e-01
6.635229158940721961e-01
6.066003908302403103e-01
6.338630590484491956e-01
6.272539511550835334e-01
6.257243222445426634e-01
6.399620544805806333e-01
6.006333090339455172e-01
6.445751933948152823e-01
6.454380170288109841e-01
5.945081993506620144e-01
6.034608084245121074e-01
6.108406755453974490e-01
6.068536601324855395e-01
6.291746095169158393e-01
6.287499944696728349e-01
6.664948616893613398e-01
6.454802390592396799e-01
6.394529600614606846e-01
6.196145557324983510e-01
6.038024777658073106e-01
6.276152365535769828e-01
6.779945003863397934e-01
6.223702083914273153e-01
6.033510884362560667e-01
6.259672881732014638e-01
6.029215937480152387e-01
5.703479447042894002e-01
6.109718969030878410e-01
6.342147761360809044e-01
6.451699533623133087e-01
6.432208296323856933e-01
5.926454070157965992e-01
5.942175909247618959e-01
6.089134810904848205e-01
6.009466107947274427e-01
5.998296670020066834e-01
5.904441645417357609e-01
6.165266682598182779e-01
6.002226647871629073e-01
6.224361794885866495e-01
6.260645193604881253e-01
6.229633938445481300e-01
5.946335405495976056e-01
6.519312250326279035e-01
6.447669105241582432e-01
6.295134899845733489e-01
6.027798243928730315e-01
6.084195722069667411e-01
6.236114647027217739e-01
6.442686932100850639e-01
6.049433932787509072e-01
5.961158939576381988e-01
5.933530011995903353e-01
6.184595239965745561e-01
6.260933639106270876e-01
6.375970465394409370e-01
6.426464417334173396e-01
6.445239479406252858e-01
6.312745420667140728e-01
6.471461015026473973e-01
6.069157000938359969e-01
6.169786154716578874e-01
5.868812547379085309e-01
6.148903624863318873e-01
6.176171923956614851e-01
6.119768491199930605e-01
6.184924454143138073e-01
6.145272765331132314e-01
6.256570742111091654e-01
5.926605052104779725e-01
6.144583636783269576e-01
6.044025780735262643e-01
6.249493977378891563e-01
6.181240476894469538e-01
6.261370804733911166e-01
6.423025069273815557e-01
6.347166083306202689e-01
6.005998155773103475e-01
5.552929892867810580e-01
5.543897067775787058e-01
6.106470925412711415e-01
6.151200053448073746e-01
6.190513006740154811e-01
6.396136735294245534e-01
6.252446527742175908e-01
6.301549588320369821e-01
6.250001886277727348e-01
6.524154797714144527e-01
6.477248659231229500e-01
6.265631545968880500e-01
6.417920954844005266e-01
6.530727690987309098e-01
5.938398799570676623e-01
6.440206737731977160e-01
6.390100960547175912e-01
6.194615215523726626e-01
5.938704692987112344e-01
6.319171716767790770e-01
5.942982763525597178e-01
5.566292259853462543e-01
6.035170313715814139e-01
6.208798397576310579e-01
6.387941563005599122e-01
6.248688779273057214e-01
6.371313156363561658e-01
6.092217363082941262e-01
6.121638245933741507e-01
6.218215908867741337e-01
6.382226890057604018e-01
6.308096876624987859e-01
6.074910521975377398e-01
6.108930952343295528e-01
6.147892253858256995e-01
6.044665137336424632e-01
5.968264365228559409e-01
5.843883130964816486e-01
6.261744496677545957e-01
5.999437912801062200e-01
6.177065199819011809e-01
6.448296556747805663e-01
5.995963084691424694e-01
6.173052674195836920e-01
6.121774601559637485e-01
6.398007535841889748e-01
6.560491889801801646e-01
5.972275321210063215e-01
6.194219590795505548e-01
6.168953820432294677e-01
6.288531259894751813e-01
6.319332878681873655e-01
6.019468143209240063e-01
6.154549052615770899e-01
5.706225066640588928e-01
5.980536939373912730e-01
5.692583605832401972e-01
6.216171149632243598e-01
6.507977056199496513e-01
5.884275803408660632e-01
5.871883132997577359e-01
5.699064980814197989e-01
6.126966804959600443e-01
6.148844953268662872e-01
6.321010881344107935e-01
6.213385879297470549e-01
5.842851961237136571e-01
6.559206672960016249e-01
6.035879062518545446e-01
6.074287407556938634e-01
6.041956476434565682e-01
6.096685175484969355e-01
6.109390517165249612e-01
5.856230148795767976e-01
6.022902304813978480e-01
5.998252148243795601e-01
5.784304359038113796e-01
6.406494077660240816e-01
5.717732046835569681e-01
5.799826202820693721e-01
5.876502846847447836e-01
5.955438817151976760e-01
5.964317688733538070e-01
5.973535780827284869e-01
6.136536400735490560e-01
5.876886842819561974e-01
5.708278158960430337e-01
5.782362250512569357e-01
5.611088061329533305e-01
6.065390126384192504e-01
6.180109954793008287e-01
6.127598107294134344e-01
6.536825682244256086e-01
6.158498471304643118e-01
6.034771211630368670e-01
6.538987281111328098e-01
6.126733099086101308e-01
6.041666611208532656e-01
6.221035216339612095e-01
5.997945446826199456e-01
5.847850620880568062e-01
6.119369902877064282e-01
6.288345164004823795e-01
6.195621423041132170e-01
6.120109290197861540e-01
6.151067813073168855e-01
6.365044775891519624e-01
6.498625877241201998e-01
6.113001364882824085e-01
6.144558493472981331e-01
6.069811287801112343e-01
6.232689975689065243e-01
6.383972890119301580e-01
6.405817858270504983e-01
6.334874312422087428e-01
6.091019060903298810e-01
6.027987994255017412e-01
5.864006000939226970e-01
6.112977004378981061e-01
6.471208894469148154e-01
6.268209484091818995e-01
6.097151239980228565e-01
5.588005285894445118e-01
6.024829588062013963e-01
6.043485622325653894e-01
6.029841307924341809e-01
6.313640095051871182e-01
6.409000771838113675e-01
6.677254778160716109e-01
6.256875886828687783e-01
6.293462630172201866e-01
6.285991692227480554e-01
6.758233209509515449e-01
6.273326167687306443e-01
6.014497083951851897e-01
5.785468688828323547e-01
5.863678218013660404e-01
5.769581183823746517e-01
6.101718716211773641e-01
5.967338739294361094e-01
5.942469310237643576e-01
6.355302986917112928e-01
6.091511245323565360e-01
6.242547888766817321e-01
6.327067017895835477e-01
6.233174971040117418e-01
6.333314358942150335e-01
6.260608079064178266e-01
5.976049854304646969e-01
6.362122612349657702e-01
6.324836605503322273e-01
6.531640441449126921e-01
6.603227550967798454e-01
6.193038838127941093e-01
6.347878406840586907e-01
6.399451690824953243e-01
6.278400035645015365e-01
5.864112391468702112e-01
6.555424356872162628e-01
6.122492129118959348e-01
6.303362055187826662e-01
6.188672206459947533e-01
6.182599500903700473e-01
5.858634824774888727e-01
6.149954885093590340e-01
6.424811768512430632e-01
5.917310655013104936e-01
5.946734966693421054e-01
6.131806489888543821e-01
6.405103919210303198e-01
6.391566112789408560e-01
6.091516092943949356e-01
6.247260045304775522e-01
5.847784150050545637e-01
6.206822995891608796e-01
5.773942437802520589e-01
5.698888715107255365e-01
5.702548130749897082e-01
5.968407484890880799e-01
6.247147336813003715e-01
6.093243546613659190e-01
6.032554562860656944e-01
6.297567714838426811e-01
6.300019171069674018e-01
6.161767478476125603e-01
6.403105790028170707e-01
6.105095941471260224e-01
6.169601265742136187e-01
6.114221067139903321e-01
6.297773928534448062e-01
6.570508691764325171e-01
6.218888645010542948e-01
5.780526630530369303e-01
5.777215963507376095e-01
5.856085117660708717e-01
6.272069675636480213e-01
5.986819592762673281e-01
5.960883666365317524e-01
6.288570812942951838e-01
6.200557034057703198e-01
6.017367564652015277e-01
5.858062552938304579e-01
6.160019028454591927e-01
6.174933073634291114e-01
5.806025890764971997e-01
6.318330319488579816e-01
6.177865929966730452e-01
5.845998241534614559e-01
5.819131505573778007e-01
5.893040593626784895e-01
5.363242092633686564e-01
5.722303767444705258e-01
6.093195650147303910e-01
6.092192611658435730e-01
5.983582961169630066e-01
6.246716063932665763e-01
5.608943929631179381e-01
6.046525611726908389e-01
5.955784580398358896e-01
5.935153492086298055e-01
5.697500691943417905e-01
5.610742142389806286e-01
6.051257925378773495e-01
6.256732062174934494e-01
6.195357020612171084e-01
6.104266779418499045e-01
6.311930641566519951e-01
6.602996950422214129e-01
6.321389718300960414e-01
6.539700243528935308e-01
6.172866517923680796e-01
6.150767841345394782e-01
6.182411865922915473e-01
6.118586683584007480e-01
6.463222485765569569e-01
6.214316343094692385e-01
6.477180755248947985e-01
6.983177180794535310e-01
6.056091939019178083e-01
6.272089293747650229e-01
6.284188276895601444e-01
6.533793244403193201e-01
6.689485692381246240e-01
6.522614860430850925e-01
6.486593209788672487e-01
6.494453477639329231e-01
7.048378556719216981e-01
6.253910015752142115e-01
6.592525780757989562e-01
6.612235826436555497e-01
6.281431650599970107e-01
6.354299627379582649e-01
6.639360455791959437e-01
6.380048721141468038e-01
6.548810297165592598e-01
6.748374816751101513e-01
6.541529559516318093e-01
6.760869746162916361e-01
6.436489257282301812e-01
6.249875753391831434e-01
6.544525067423923037e-01
6.744136239767339891e-01
6.445498107155833711e-01
6.429492630204943771e-01
6.137285725602401598e-01
6.790490208400966621e-01
6.187218770624557385e-01
6.384205386465002796e-01
6.144445432254250772e-01
6.632335319104560867e-01
6.158304851285837378e-01
6.016031244347141982e-01
6.135863235218981249e-01
5.776266563886510719e-01
5.725273493717812912e-01
6.134862146598540900e-01
5.655145152772871331e-01
6.395090396648428488e-01
6.542014662765602839e-01
6.684689586888551416e-01
6.625825616273863794e-01
6.628511428722390075e-01
6.299299491430625508e-01
6.383284535738128485e-01
6.491189137462012315e-01
6.480890362994647935e-01
6.455255387985286974e-01
6.187260877941591630e-01
6.190024096821674648e-01
6.344947181760097754e-01
6.329702765303351075e-01
5.554588223738240460e-01
6.383855390852389844e-01
6.291286230732998641e-01
6.137237553026863024e-01
5.865178448413422840e-01
5.786410810388467052e-01
6.496394845182522637e-01
6.401538814087408547e-01
6.824720800782179131e-01
6.401449555713660811e-01
6.267777279346667951e-01
6.219068220430215010e-01
6.136110433986337043e-01
6.266830876811556594e-01
6.698588296456110536e-01
6.584502746806784046e-01
6.316386923153504140e-01
6.248936862276214255e-01
6.295593897581954757e-01
6.171331466852600922e-01
6.250873963346782469e-01
6.079280215638297458e-01
5.998279647509857648e-01
5.952349991799600337e-01
5.956031365185430193e-01
6.043817203241751423e-01
6.073306270971069454e-01
5.968318799256445706e-01
5.923200399033446972e-01
5.970051755572195473e-01
6.384124745542280044e-01
6.204383059712847981e-01
6.169447440954353157e-01
7.164845260379620884e-01
6.411258352418746087e-01
6.796287420681685898e-01
5.849510529543432424e-01
5.958153328322695064e-01
6.218986448621106611e-01
6.192357029433195326e-01
6.423550063749201566e-01
6.339404599795888107e-01
6.163178203566732627e-01
6.436193050379928060e-01
6.067686065467239320e-01
6.060265212327753392e-01
5.966863211779201981e-01
5.670690657610673036e-01
5.944359372981299350e-01
6.080999801497763979e-01
5.693350540935886439e-01
5.929547425102588143e-01
5.900778685175197547e-01
6.317383364323062578e-01
5.973895379687644835e-01
6.566395963763658195e-01
6.256065626676065028e-01
6.260177748046850121e-01
6.566448198401649838e-01
6.050321096670902010e-01
6.075067128842316366e-01
5.757835078011483976e-01
6.019796575707141439e-01
5.983052178689927114e-01
6.448969933617116901e-01
6.262712798799437985e-01
5.789647298604660985e-01
6.031197689296408093e-01
6.066921073053177516e-01
6.022425425158649537e-01
5.719894983105022757e-01
6.006358380959961885e-01
5.959797671951030384e-01
6.018380945211133648e-01
5.655384479441445400e-01
5.869810119417854244e-01
5.777460419316609030e-01
6.263448387051360200e-01
5.802634887005090336e-01
5.821512547809182259e-01
5.647563968450903804e-01
5.750553682771255559e-01
5.811403718810694841e-01
5.748193429688811529e-01
5.909862096488253114e-01
5.939516334478355253e-01
6.058266338347030322e-01
5.595829516126940018e-01
5.848564086560840147e-01
5.887474409717352586e-01
6.053765240251306468e-01
5.660294272576722463e-01
5.879197151555030088e-01
6.043877983996642778e-01
5.927969712243202904e-01
5.897197486726323268e-01
6.021857065014789567e-01
6.239036304082707929e-01
5.949091899344688406e-01
5.672190430751368195e-01
6.134455979371890022e-01
6.246316684266887131e-01
6.452552770412782746e-01
6.040660688098608011e-01
6.228961109071411428e-01
5.867692566285569455e-01
6.069110743267824848e-01
5.995261612263983464e-01
6.110383558397203263e-01
6.316029976674963908e-01
6.087680025212626189e-01
6.070761241364727168e-01
5.921278144694147594e-01
5.819696429381673308e-01
5.812357310778761832e-01
6.076091367082354644e-01
6.091183929597430158e-01
5.813792008338345418e-01
5.945124052190707831e-01
5.765435771762672523e-01
6.001735370080309995e-01
6.447071696631005988e-01
5.750691050477658717e-01
6.275467905681714198e-01
5.875901306416977388e-01
6.034606024068703833e-01
5.964738775740402454e-01
5.830065801309788354e-01
5.964245362791531502e-01
6.152743003663596610e-01
6.342076950958213111e-01
6.085420890238766312e-01
6.300100101723752344e-01
6.251573881009969691e-01
6.247274570691701001e-01
6.193505728842437774e-01
6.299500980301141473e-01
6.313703807636602550e-01
6.184286186853346079e-01
6.251450832417130288e-01
6.447587209639272787e-01
6.243888653981116699e-01
6.259605916979019691e-01
6.148414158009501973e-01
6.291266711977168136e-01
6.002370339093243690e-01
6.071258165730395451e-01
6.116144744846347958e-01
6.184130843365489572e-01
6.185185964147453808e-01
6.103642144128772484e-01
6.069567730567656527e-01
6.083671395706629070e-01
6.185074838303508127e-01
6.111890974832215884e-01
5.883175282215218349e-01
5.767559504905993562e-01
6.139717258960195601e-01
6.033666575042857527e-01
5.933091908013197191e-01
5.921107111023254932e-01
6.393010892504696896e-01
6.123778523978596899e-01
6.072752623160214691e-01
6.547780790914277116e-01
6.123150219006900929e-01
6.059371910188814381e-01
5.960654086639314286e-01
6.173073351713237455e-01
6.162851495203580665e-01
6.273317436402975344e-01
6.252392953384627861e-01
6.006844480484859750e-01
6.328571589101114059e-01
6.208120188562344932e-01
6.098358537728844064e-01
5.978830854817789309e-01
6.183092615292131722e-01
6.073933334378083249e-01
6.153960576015169437e-01
6.161771265257364183e-01
5.890901033092889039e-01
5.999610786818213581e-01
6.375767958638248745e-01
6.036437562444175731e-01
5.930631442768881101e-01
5.891670803464681416e-01
5.898090662523550742e-01
5.900983401372533743e-01
6.249145104470165135e-01
6.268460707411173116e-01
5.878851954904059651e-01
5.856341890300117425e-01
6.079086499683826750e-01
6.124854718290011490e-01
6.499686639552962886e-01
6.427904172339317102e-01
6.266189195028684100e-01
6.246379917971450757e-01
6.240073680070785667e-01
6.041313579155889180e-01
6.327169268049130935e-01
6.242533306131382576e-01
6.425386598078757228e-01
6.048866952463808344e-01
6.072590213789701430e-01
5.957311072078887992e-01
5.742441212330828826e-01
5.975011237866227898e-01
5.669863916771296086e-01
6.097986971610999118e-01
5.906645564232050338e-01
5.844169797386398191e-01
5.756129015429064522e-01
5.761533323707551668e-01
5.802411806752774126e-01
6.158781292008161934e-01
5.918035613380298043e-01
5.642478325040589660e-01
6.074778734128580826e-01
6.091407549759879636e-01
6.061757656343380596e-01
6.463884656728436928e-01
6.212685232266631497e-01
6.192333991951063377e-01
5.846794399840383738e-01
6.011703305186018031e-01
5.992763777641476608e-01
6.138947846484055226e-01
5.771756022564095145e-01
6.383595594321607170e-01
6.363672911204056870e-01
6.032313232051196294e-01
6.086589867241036789e-01
6.050673941720379201e-01
6.142650453249770548e-01
6.279270602902714549e-01
6.129379646686859973e-01
6.171059698013776629e-01
6.018938827119267865e-01
5.865183643178194517e-01
6.010849320949841479e-01
5.947279431057105326e-01
5.884362032589275371e-01
5.957135428207805949e-01
6.210149877317134859e-01
6.044175427417644020e-01
5.696918928969849638e-01
6.070624235287704895e-01
6.083615238110929857e-01
5.941088130949925272e-01
6.231097932255211802e-01
6.126742208218143304e-01
5.966460514433437057e-01
6.064550815266321893e-01
6.205785211563055181e-01
5.791111202496916910e-01
6.033453377912811888e-01
6.061534059300960342e-01
6.038866154222507499e-01
6.263787127962778811e-01
5.906953891172004312e-01
5.702932947143791731e-01
6.041747111775355172e-01
5.508327277400885125e-01
5.813146022244136679e-01
6.138531796591406575e-01
6.449330068814407291e-01
5.943960030454153998e-01
5.867798473836235429e-01
6.323201187321216832e-01
6.576932717620234126e-01
6.259097590005019418e-01
6.003858179287444585e-01
6.269977894964947618e-01
6.222003463952037183e-01
6.124851619704556605e-01
6.028757466060061798e-01
5.780449885401440779e-01
5.847595910257702423e-01
6.050533234254352744e-01
6.123115494176688545e-01
5.811493316025633238e-01
6.001472151402269528e-01
6.300970413182714891e-01
5.905047044334669204e-01
6.307102288731319950e-01
6.116465134487073518e-01
6.198526874062322278e-01
6.131783876163480196e-01
6.220035696392095526e-01
6.094280080431567770e-01
5.839036798353059998e-01
5.938232177179089133e-01
6.183169859259216583e-01
6.230834562413218869e-01
5.908028843413586362e-01
6.161954127860819197e-01
5.849443129867872848e-01
6.192107343298551836e-01
6.272978144520982013e-01
6.218210616943992131e-01
6.248101604255631436e-01
6.169421045567500261e-01
6.243661884119194871e-01
6.443270127076110576e-01
5.903468086155155836e-01
5.736289981484740119e-01
5.763541813850658890e-01
5.543259641060127585e-01
5.574874385884968087e-01
5.911686764057637600e-01
6.014419408903415309e-01
5.943264289662048006e-01
5.914710895483868969e-01
5.805029653223044983e-01
6.130235471899568855e-01
5.999666047262265378e-01
5.817308076887159896e-01
6.070776054009731082e-01
5.809021121468098681e-01
5.866731033802380368e-01
5.997267951424669619e-01
5.660921837686689884e-01
5.634779980816393419e-01
5.865545277715688011e-01
6.093478777675874758e-01
6.085702002987665171e-01
6.080264267340494966e-01
5.848186335931321311e-01
6.045142496108123487e-01
6.166007023865740511e-01
5.846497024467566250e-01
5.756266581784408309e-01
5.945927562148591861e-01
6.004504582145389069e-01
5.866976668483161461e-01
6.227862631745839650e-01
6.331697934235122061e-01
6.064670861317109640e-01
6.326189861940769710e-01
6.253835661834084014e-01
6.237948458038747868e-01
5.958429272187611980e-01
6.353332453261165691e-01
5.946651355649221760e-01
6.202528923070598221e-01
6.471283941884121704e-01
6.163585254055569118e-01
6.163445219198923075e-01
5.810466996801059159e-01
6.347760947899541151e-01
6.383221492466211178e-01
6.467825720016348034e-01
6.035173494238891267e-01
6.055518268171129481e-01
6.094351629601852949e-01
5.723218070730456963e-01
6.051397483614530115e-01
6.020549679658993014e-01
6.503018236460701429e-01
6.759199873030511396e-01
6.439925715419735353e-01
6.348035873391618678e-01
6.033187118552253425e-01
6.298904662232072127e-01
6.423502361555988305e-01
6.243217030108985099e-01
6.067890442922044825e-01
5.940433512640529434e-01
6.246775845009978623e-01
6.210072912041200155e-01
5.863993397388056472e-01
5.940604640706411699e-01
6.016755807018402402e-01
5.790066185271334209e-01
6.000825386261856575e-01
6.022108111301514022e-01
6.169381577111177073e-01
6.451015839232945304e-01
6.541642690539251070e-01
5.925478906622666520e-01
6.185620909044833304e-01
5.844538658031946943e-01
6.084000319354855302e-01
6.262450511694233057e-01
6.439703366918911875e-01
6.154636086788691784e-01
6.706697348434252914e-01
6.527835354374263988e-01
6.206887943908139249e-01
6.472063906707238301e-01
6.401263672997666854e-01
6.483903398647790084e-01
5.988987508226555345e-01
6.417175071793058683e-01
6.140842317430040831e-01
6.184980665498861496e-01
6.389940538235230338e-01
6.442405327594097342e-01
6.576982990497896031e-01
6.217560332932862144e-01
6.205324633676279067e-01
6.079760116790987601e-01
6.322805486800761043e-01
6.275225401888856469e-01
5.838034365848265850e-01
5.748837988690396195e-01
5.925345804935491234e-01
5.803387245283326834e-01
6.071797904753809538e-01
6.094004404485511284e-01
6.089631993715293179e-01
6.231546476482868746e-01
6.098193687668098661e-01
6.527987374853573277e-01
6.275599938365289399e-01
6.598627668857959261e-01
6.543814835854526724e-01
6.416598873788605939e-01
6.291920706419679155e-01
6.063787829254633222e-01
6.090153312753203707e-01
5.792484689381591778e-01
6.021517512813264750e-01
6.083255885167540011e-01
5.813850687760079294e-01
5.908083618490714839e-01
6.087599964087431204e-01
6.447604739327644774e-01
6.252684701813678858e-01
6.206727596317690443e-01
6.006026105394899339e-01
6.156673876245480903e-01
5.956523537081337416e-01
5.943858113660840381e-01
5.822394155686085870e-01
6.241987835543123531e-01
6.330234675557874224e-01
6.286693919034230804e-01
6.591371772081222602e-01
6.227175951837063961e-01
6.222322879889850000e-01
6.238365338835987206e-01
6.240436734276435526e-01
6.396701117122324254e-01
6.280883533309190581e-01
6.222802641819994429e-01
5.909622165364248891e-01
6.137628387836536747e-01
5.997672737604942128e-01
5.860307065056469256e-01
6.008028997615421085e-01
5.504653111073365412e-01
6.005381905975624157e-01
6.078072709493385073e-01
5.872051561164238764e-01
6.176830322490362013e-01
6.124327863096400426e-01
5.945109486570911983e-01
6.228019809707490140e-01
6.277032195631730982e-01
6.250219652572303053e-01
5.793391256950676249e-01
5.787583929064235022e-01
6.006188620655155130e-01
6.181887187341479351e-01
6.034360146681869708e-01
6.368072822517805154e-01
6.372088250886429606e-01
6.730099633916839519e-01
6.520036144936278699e-01
6.157302042074256354e-01
6.238062040553017384e-01
6.272143669631068397e-01
6.253734012922030905e-01
6.043223510870546766e-01
6.082395776903500861e-01
6.456096312926344893e-01
6.356812229508521650e-01
6.344077773173628643e-01
6.418514353857049937e-01
6.315190618391568478e-01
6.039059508027329048e-01
6.370286207950762725e-01
6.573455652666710947e-01
5.933133270303486695e-01
6.275361538197261613e-01
5.864576436173123408e-01
6.268606799096777538e-01
6.425579315611623654e-01
6.106320709402419666e-01
6.379500301128609996e-01
6.053382180833624115e-01
6.048253467101144532e-01
5.962941298189222694e-01
5.890860760043284960e-01
6.092720748649806950e-01
5.838359736877410944e-01
6.123785099425489431e-01
5.700338758376294335e-01
6.138252592606480151e-01
6.418228420457260386e-01
6.395431571348985100e-01
5.982492005004214075e-01
6.049666268183732099e-01
6.346464762896246725e-01
6.582510275555748525e-01
6.212241722072656680e-01
6.061998691420344976e-01
5.949180270062852660e-01
6.068429849018560640e-01
5.946124865406485771e-01
5.732525095842978535e-01
5.757348407528731782e-01
5.986181460376734931e-01
5.695903365075217772e-01
5.407352397840253788e-01
5.779163457958930161e-01
6.085795748396356508e-01
6.250159799670215177e-01
6.041971371745745722e-01
6.366260917980588463e-01
6.221387635837336560e-01
6.219365542929025104e-01
6.143272541303118617e-01
6.064424339772795935e-01
6.120951793788629303e-01
6.128147200296338859e-01
5.947682396741473809e-01
5.656411603461475313e-01
5.890517101849960246e-01
6.357335807391658600e-01
6.044248519184589608e-01
6.293063433689330965e-01
6.282034122194974923e-01
6.136473489154430361e-01
5.989907278187720507e-01
5.944126933730510265e-01
6.230616980977291552e-01
6.586174121071209919e-01
5.712790995525602877e-01
6.235642036999847759e-01
6.057510222617743523e-01
6.061786392958942171e-01
6.175700008651382467e-01
6.316710169879027337e-01
5.817811414051795582e-01
5.830284266471511545e-01
5.920240209769349615e-01
5.715903159271571443e-01
5.845574273320176539e-01
5.837733769250358362e-01
6.333610963739131350e-01
5.635166067829974201e-01
5.775124459048802672e-01
6.150460060321184530e-01
5.840175286853647174e-01
6.197784300786609579e-01
5.894847740402716640e-01
6.150455494669968548e-01
6.093658661106463592e-01
6.271738190259518175e-01
6.458554754108837281e-01
6.400243280253831157e-01
6.230730923896946605e-01
6.395680979180321524e-01
6.562346346074955372e-01
6.186597660261546894e-01
5.805056344172525584e-01
5.944468721339345452e-01
6.226545873036888334e-01
6.073052250842452260e-01
6.051455505919266509e-01
6.183515797296966765e-01
5.974423403232175245e-01
5.965418325408567979e-01
5.802603289251581087e-01
5.778902039736927287e-01
6.064732624479477474e-01
6.065175098210654481e-01
6.352489159452883172e-01
6.482014550423923493e-01
6.305359964923975546e-01
5.989254160472780031e-01
5.914295004772853748e-01
6.109101824869028752e-01
6.458744760872783264e-01
6.231975918009435844e-01
6.312035841772738465e-01
6.318364482492825340e-01
5.404293286125267937e-01
6.105826871500528163e-01
5.944921336831799907e-01
5.649365682707505609e-01
5.884914233338204292e-01
5.898232859971057618e-01
5.782671999045995159e-01
5.998325065472149831e-01
5.752470837511437507e-01
5.752452515336237138e-01
5.746519764269429897e-01
5.838290671839078128e-01
5.356042792422384125e-01
6.091824614505574331e-01
5.857720245449007379e-01
6.027754281695416605e-01
5.922420000809949236e-01
5.879983320562640614e-01
5.992619905127468671e-01
6.302646925088752905e-01
5.822589468459533624e-01
5.919926951659530978e-01
5.970414828606505075e-01
5.759192725342778818e-01
6.257245007070543208e-01
6.212054928526751230e-01
6.071980954699313093e-01
5.691848846156221109e-01
6.318300922831857624e-01
6.300436752799148943e-01
6.117233439591349686e-01
6.107786522992514344e-01
6.059284951133018238e-01
6.283828989662034736e-01
6.390031359729309024e-01
6.154674127403374495e-01
5.738931525374441067e-01
6.373516609122431564e-01
5.903923335456296995e-01
5.821133939197209450e-01
6.181007983080798462e-01
5.628875215780404506e-01
5.741954422235120425e-01
5.928128197080398953e-01
5.981041517569999355e-01
5.949182148311937812e-01
6.023911350430050105e-01
5.821051830791743598e-01
5.923890421365344272e-01
6.041145109695839066e-01
5.969808903847119153e-01
6.241257262952362161e-01
6.260765221149263704e-01
6.085010286027165982e-01
6.288430950951936493e-01
6.293353232612540760e-01
5.983998710373115149e-01
6.105142522417631445e-01
6.006093572088092580e-01
6.286287874624424399e-01
6.216480020877191981e-01
6.358581006680711356e-01
6.038309818038443133e-01
6.043362390346677104e-01
6.182764887696247103e-01
5.951295688577197263e-01
6.252061027967452667e-01
6.083339561550910046e-01
5.873923683937810614e-01
5.844466447919288710e-01
6.045575060296380920e-01
6.114581995761508848e-01
6.151283933154382266e-01
6.031714397365798286e-01
5.872226781125601258e-01
5.977332989218914205e-01
6.153697731094426304e-01
6.305158255963930758e-01
6.192866300015575920e-01
6.072374072254730359e-01
5.900201919183364341e-01
5.636915173660883571e-01
5.831709393632827920e-01
5.967454634752064058e-01
6.289507295992159408e-01
6.174821469558861020e-01
6.036512470306882872e-01
6.490919801695091973e-01
5.981870892362588510e-01
6.009549599847959778e-01
6.276027608725059936e-01
6.442823041711435161e-01
6.521363529480814769e-01
6.316523256906175776e-01
6.014581866911467012e-01
6.304563235225532081e-01
6.425701221544248831e-01
6.127676750691229968e-01
6.030460762943002928e-01
5.975657271495017353e-01
6.174342964681426293e-01
5.733850025678549622e-01
5.938981242091833090e-01
5.928968297958099321e-01
5.742961608608767587e-01
6.406040578431123622e-01
6.686784932527095604e-01
6.310859184670480904e-01
6.119953098654913326e-01
6.089494566068807124e-01
6.348786096089037434e-01
5.978695781938420106e-01
5.945742166538265927e-01
5.738965754824493226e-01
6.125820517622850847e-01
6.290955868603067547e-01
6.527149973325230281e-01
6.479948384417819618e-01
6.310057596916572864e-01
6.650129779577682587e-01
6.367193016670308348e-01
6.572195218221151825e-01
6.276141906710676066e-01
6.371627946092716099e-01
6.253391012595356235e-01
6.160455800005870675e-01
6.292960982205600962e-01
6.112055540297294254e-01
6.157740650453749076e-01
5.842886884043350104e-01
6.082091717044059154e-01
6.353190943232656096e-01
6.139966204920646042e-01
6.086260729842909445e-01
5.878686929028558161e-01
6.375664797067381873e-01
6.217271885377058105e-01
6.119955818447871954e-01
5.429859002338814911e-01
5.790356874723829872e-01
5.559307440209331208e-01
5.513164552691049991e-01
5.918986010867096637e-01
5.962804692330401224e-01
6.002120804031186863e-01
5.790997598107500144e-01
5.905613447817310568e-01
5.995684896684159160e-01
5.613110014124724767e-01
6.158874159751710486e-01
6.070225609968938896e-01
6.256604554940610186e-01
5.905232283636673296e-01
5.932094969455798950e-01
5.884493119058664679e-01
5.863657983120557082e-01
5.944563336790947838e-01
6.087177854757727102e-01
6.140365288626934426e-01
6.627633469913721820e-01
6.910110530096915671e-01
6.378638057401744277e-01
6.610909389208264875e-01
6.059355788447201574e-01
6.156449445770980633e-01
6.443944723055832213e-01
6.186437629155695506e-01
5.982890677890971842e-01
5.994758734759300101e-01
5.552685733336991669e-01
5.818399859562830567e-01
6.284528612619111332e-01
6.063789682631167688e-01
6.121180767489152741e-01
6.402101208987842629e-01
6.029707766737156804e-01
6.125722541258695752e-01
5.831006643457112837e-01
5.883084975641316161e-01
6.131927940124203280e-01
5.629140448827875121e-01
5.886891850740051391e-01
6.519665385814286118e-01
6.242820534185108405e-01
5.772866944237132758e-01
6.127651986808646534e-01
6.162779741579149650e-01
5.966149976768769791e-01
6.063078019342496017e-01
5.882310976578287720e-01
6.151492567124928756e-01
5.753749944667695404e-01
6.247146471492134312e-01
6.135512456384074609e-01
5.729618018966645687e-01
5.969433259255776392e-01
5.722600180633605760e-01
5.794682211309947206e-01
5.811289594757197419e-01
5.576060200078770679e-01
5.718270426990051947e-01
6.061720740205792657e-01
6.063827217730857200e-01
5.828753057645243985e-01
6.192181297447272303e-01
6.350243813408471549e-01
6.110621924791688198e-01
5.846383353582886855e-01
5.923352635390086718e-01
5.702772741411906710e-01
5.983594294292798876e-01
5.771581467104949237e-01
5.872309893142204640e-01
6.360883775688245256e-01
6.116080198064091089e-01
6.108747794467848102e-01
6.359814821911644600e-01
6.536457049018651322e-01
6.046154689576772601e-01
5.955003674777431533e-01
6.282166649338213338e-01
5.921804120608309407e-01
6.264251117402418467e-01
5.868608339686843811e-01
6.384714295518977289e-01
6.272057063946010480e-01
6.949225257307224402e-01
6.489146007054465981e-01
6.063961251229583738e-01
6.048310069879668793e-01
6.028959587976419066e-01
5.735480997068039821e-01
6.178668943983449680e-01
5.873286753960279549e-01
6.018229661295295685e-01
6.214398120467569120e-01
6.300195898949889628e-01
6.357226339376350621e-01
6.418202908070980151e-01
5.954509723534406884e-01
6.324212799680486441e-01
6.143741559450378587e-01
6.280859293143087330e-01
5.989502621492613921e-01
6.278359786472881288e-01
6.352846032252003061e-01
6.508529947782866198e-01
6.257202290547323464e-01
6.192339277946082854e-01
6.010346047884664866e-01
6.092158641072830116e-01
5.450513492852064878e-01
5.751996268482064689e-01
5.831154999338941103e-01
6.192843781591473862e-01
5.986678843597792454e-01
5.814479985322169586e-01
5.932608516804194210e-01
6.129172813042169654e-01
5.930412544132830366e-01
5.850738121505819622e-01
6.015824479673984593e-01
5.763518503653228819e-01
5.890991394436345674e-01
5.686760445161068711e-01
6.055575943171335185e-01
6.056748436683766501e-01
5.995708881855221772e-01
5.828626438956659994e-01
5.649572284658267440e-01
5.978911071031252078e-01
6.039549377384118012e-01
6.130518574488671435e-01
5.858872916952599930e-01
6.149287895471224896e-01
6.294473842496540739e-01
6.050919317040356349e-01
5.739242052248167969e-01
5.977863943987213879e-01
6.212318831107601635e-01
6.183580183801996588e-01
5.771087799661239748e-01
5.686402297148714924e-01
5.795018814149973663e-01
5.785463453613922669e-01
5.960485039590950329e-01
6.321104716512608857e-01
6.250440015375312575e-01
5.671916172564881453e-01
5.960929074897163282e-01
6.334547713108130695e-01
5.977862112406426842e-01
6.233435794107652361e-01
5.878485089429692501e-01
6.550950461786413381e-01
5.956646121281961026e-01
5.935127144336274085e-01
5.984805884945320065e-01
5.929224052556317792e-01
6.141034975648905769e-01
6.125854078078157849e-01
6.005501399996735490e-01
5.756077100057123141e-01
5.833490693214183898e-01
5.937002344199312498e-01
6.146095492302220409e-01
5.867941476872086115e-01
5.998158752274947991e-01
6.043740169392419759e-01
5.970097845971862327e-01
6.171940427421231945e-01
6.297390154284927544e-01
6.182586233517920471e-01
6.217898726102960572e-01
5.801543848062836739e-01
6.209182533212412869e-01
6.460555234142765224e-01
6.181228722292962940e-01
6.089178760903449783e-01
6.562361508995401271e-01
6.381165788168777775e-01
6.150341519411602897e-01
5.977896657413497294e-01
6.318083305224416746e-01
6.401232913237560052e-01
6.190015448525441055e-01
6.097527427502382746e-01
5.813083698106438213e-01
6.332228621515841871e-01
5.678546017641591392e-01
6.113240622925724121e-01
6.571279188908051294e-01
6.253352440391574119e-01
6.176985452841430302e-01
6.330399366876351408e-01
5.893404689237110583e-01
5.828482258635614421e-01
6.516728397385830318e-01
6.167862701804017744e-01
6.029764321849674369e-01
6.278500132134193779e-01
6.479424151220817274e-01
5.903365208828429411e-01
6.221125015470729824e-01
5.722150072925219488e-01
6.179422920587063217e-01
5.798481139747524438e-01
5.675463250274627169e-01
5.919346794175415205e-01
6.119328758392382772e-01
5.679795591712653025e-01
6.347139984597651718e-01
6.385948204016627106e-01
6.148894789295998864e-01
5.916597573781749997e-01
6.257243150735594117e-01
6.266945061154722829e-01
6.110552909723518944e-01
6.285766788015793027e-01
5.992567149060323839e-01
6.098318192705151075e-01
6.167756346439217108e-01
6.143255977834183312e-01
5.933372460864343445e-01
6.160445659109702321e-01
5.871712824713207768e-01
5.908641065950407389e-01
5.869438487311523511e-01
6.163101366222605293e-01
6.209655991983303869e-01
6.576856571465147239e-01
6.368902982526574164e-01
6.472497556679555064e-01
6.561456628297375193e-01
5.773905692046767957e-01
5.966775989067052421e-01
5.958074024793458268e-01
5.952827022957758452e-01
6.308988376371613693e-01
6.132608449294414399e-01
6.120463761192679319e-01
6.040715921072288275e-01
6.334259579637040449e-01
6.296493038000530174e-01
6.469862451289598582e-01
6.280362353104990136e-01
6.052863021484976569e-01
6.018159118257254692e-01
6.134303557223346193e-01
6.349754020333228111e-01
6.062857764730629206e-01
6.399036060309833962e-01
5.984163653186886922e-01
6.176639682449660551e-01
6.030295188218899316e-01
6.516648433878301505e-01
6.709395521264012174e-01
6.302654862444375672e-01
6.037261204595684161e-01
6.202345908245568973e-01
5.900185058930865756e-01
6.161683623060777437e-01
6.008133979213330367e-01
6.002862298772798644e-01
6.045738306014445396e-01
5.937321088853988460e-01
5.964973374544008111e-01
6.140032804969872693e-01
6.198401290691989418e-01
5.943087480753560525e-01
5.854747319328454935e-01
5.838439369525341149e-01
6.002188901308711522e-01
6.118894154324416856e-01
6.228717845765329164e-01
5.796243869266373139e-01
5.941527839265139388e-01
5.897941670919250035e-01
5.764741389704283181e-01
6.173971687823420762e-01
6.191051974149650583e-01
6.164928377516508684e-01
6.112595027141697335e-01
6.078010027969137363e-01
5.805541343875028071e-01
5.964981025701499018e-01
6.240898562675122330e-01
5.881908689441619487e-01
6.319052407514241798e-01
6.347766587890830703e-01
6.152099442543181862e-01
6.166560624248641487e-01
5.960261057027415044e-01
5.893997530277219621e-01
6.196061851965128930e-01
6.017806449870785057e-01
5.985192236818908107e-01
5.995711792230553616e-01
6.256393653887684092e-01
5.697743020969417982e-01
6.068285257392220799e-01
5.901125026262321605e-01
6.001365397427890214e-01
6.017292832505853895e-01
6.290489226693689595e-01
6.245901917627124655e-01
6.179869287772652431e-01
6.119794102127853463e-01
6.177091875556061096e-01
6.416144081585294368e-01
6.491583360288146753e-01
5.857293906455429688e-01
6.089348078434656530e-01
6.143261798487691383e-01
5.894831328520575564e-01
5.937419272240513912e-01
5.904858497360555569e-01
6.037039026034130007e-01
6.559772941456794015e-01
6.302580904458672251e-01
6.358677175589554365e-01
6.108180833475422844e-01
6.229772172171211819e-01
6.184747231791860589e-01
5.906847908459105234e-01
5.762856544364247657e-01
6.121628627502297970e-01
5.802267109744900786e-01
6.046026857218500528e-01
6.091194287952677033e-01
5.931341533873429883e-01
5.813630157866687131e-01
5.942808291271636234e-01
5.974412870243126505e-01
6.212294488856262564e-01
6.099327884774604636e-01
5.950463305777793366e-01
5.911385326887969027e-01
6.310089945424195434e-01
6.241935955439006367e-01
6.170398264996529436e-01
6.346443431979861272e-01
6.565683570165009586e-01
5.975769272440391022e-01
6.347551247322676948e-01
5.812985180315419775e-01
6.014934570017186344e-01
6.335489273126451160e-01
6.312663877964234116e-01
6.308938026308664737e-01
5.963631149931303277e-01
5.991447328309852383e-01
6.430396407651854940e-01
6.461163317928987349e-01
5.959829601404441624e-01
5.930861931649101804e-01
5.641562315420765028e-01
6.121929546080062678e-01
6.296239420395219888e-01
6.346278060349416217e-01
6.051983827371771874e-01
5.901453218397499922e-01
6.419202479821155549e-01
5.803016706078479858e-01
6.317943712513970356e-01
6.463051040219214283e-01
5.783927229779024515e-01
6.063217939196792194e-01
6.478630138845270503e-01
6.346501545192602123e-01
6.051104086718748221e-01
5.829466166457192289e-01
5.870561189345210318e-01
6.357088730753096550e-01
5.885669269766317102e-01
6.074508708339275698e-01
6.103759588859999363e-01
5.719738452653095884e-01
6.031735602884267244e-01
5.535215237896097262e-01
5.902268759585698188e-01
5.861171953294995740e-01
5.707719303845882886e-01
5.943373357188883599e-01
6.113356225513919551e-01
5.800001155159956179e-01
6.297087417139761722e-01
5.710834285904902163e-01
5.952414347328728317e-01
5.864470345033124810e-01
6.000187335709463721e-01
6.466238030763818978e-01
5.750002717624452808e-01
6.214245565938373295e-01
5.841842909937512429e-01
6.208183007407240828e-01
6.342635483637475424e-01
6.440896215367810651e-01
6.356177871464033791e-01
6.160058490656072916e-01
6.008925957757476066e-01
6.304849091411964812e-01
6.302368579524848524e-01
5.821421423735648748e-01
5.788781854631366297e-01
5.966498591352402681e-01
5.995162005796224047e-01
6.098213019916078892e-01
6.431560585842813760e-01
6.055749311765020737e-01
6.059035177280889251e-01
6.283794171512897542e-01
6.011617846399422982e-01
5.726408194415045783e-01
6.250239563762364225e-01
6.078078138692576404e-01
6.048287753116587950e-01
6.252671610719756634e-01
6.256501225790744858e-01
6.268618743014513495e-01
6.578129474546250410e-01
6.035487365261800186e-01
6.200909834423203870e-01
5.894880452095847545e-01
6.322555874942454857e-01
5.958335612214873400e-01
6.165771566967848116e-01
6.082698029978936827e-01
5.650997466521132662e-01
5.791347339369403713e-01
5.868869533290749230e-01
5.760446533611024433e-01
5.834936161698321966e-01
5.875454367263885924e-01
6.155082271092306989e-01
6.126764141834866173e-01
6.358251468932867301e-01
6.039152579158119094e-01
6.063340398204640769e-01
5.821103116807369027e-01
5.805925032888297199e-01
5.718051212643665560e-01
6.040628919391015650e-01
6.264583017866884873e-01
6.180384660550969356e-01
6.470532312021525234e-01
6.157900261692523802e-01
6.506785690500739294e-01
6.647579084370119906e-01
6.449136253600828983e-01
6.304630224815583883e-01
6.243736883632454715e-01
6.186369187962326155e-01
6.584761979118646247e-01
6.039574318849647572e-01
6.106786994553591308e-01
6.247820016266231180e-01
6.171265441223346970e-01
5.952763459688755754e-01
6.112639794541685490e-01
6.152374379998037934e-01
6.083780400801582777e-01
6.125790048914443453e-01
5.830115303446151698e-01
6.258574441836163293e-01
6.179516129567416138e-01
5.943597197281810240e-01
6.021376488366987356e-01
5.668047247829182123e-01
5.786059395151063045e-01
5.734511616815202162e-01
5.718923815225005480e-01
5.791555864589162939e-01
5.984939473288023448e-01
6.017426646797211509e-01
5.814634904242523827e-01
6.197727033338171765e-01
6.011081610235294859e-01
6.046558066906979612e-01
6.104815747864763553e-01
5.769151187563614780e-01
5.873865488184211170e-01
6.261074048544107429e-01
6.060200282217843570e-01
6.052915047988344233e-01
6.311837063421421590e-01
6.180071682531359523e-01
6.425883347947055624e-01
6.099230305106247974e-01
6.140358088655953894e-01
6.142992431064330239e-01
6.232808579094673007e-01
6.355332789702410334e-01
6.280186102699697459e-01
6.004641810316652117e-01
6.441596492533011586e-01
6.218711522047467577e-01
5.920190593445034954e-01
6.189589575192715465e-01
5.976405046145789601e-01
6.118938248562068027e-01
6.663531061094374319e-01
6.572822644968517869e-01
6.542196104075437280e-01
6.534595250472071681e-01
6.388112169384351224e-01
6.542913513259192015e-01
6.650673080488980204e-01
6.521844175084863249e-01
6.546844327671269559e-01
6.388855032256592903e-01
6.468753676251182139e-01
6.598268620249641003e-01
6.458871087745644557e-01
6.457791573816387132e-01
5.934049917740134017e-01
6.072634960280296479e-01
6.354806075897642126e-01
6.435163961764324148e-01
6.488600254069035733e-01
6.289182405897293382e-01
5.812861834641982473e-01
6.258683073763641191e-01
6.021959047265341702e-01
5.962522928789210086e-01
6.383142091374666149e-01
6.049018455085034551e-01
5.883755889873569789e-01
6.204709510280427276e-01
6.041266611002293896e-01
5.903757762245611662e-01
5.901318528813280784e-01
6.204206342986912093e-01
6.457041504916778418e-01
6.284224988805728884e-01
6.140181279108970491e-01
6.315890951825624544e-01
6.401692421997591254e-01
6.079419135572794453e-01
6.077817519369753674e-01
6.343883890813147852e-01
6.478632549511408323e-01
6.508947518830517920e-01
5.826328655967607517e-01
6.212332719296668193e-01
5.960507028979565858e-01
5.546602615302397288e-01
5.914052605805804053e-01
5.628310487046969124e-01
5.695558806344117597e-01
5.656851661558487399e-01
5.782136552107154381e-01
6.020057490911179254e-01
6.034498562189901660e-01
6.117806453967287172e-01
5.998495376312779070e-01
5.992477178843149677e-01
5.727536921577246476e-01
6.225116127931560328e-01
6.037234371891865292e-01
5.976689831639302453e-01
5.729980530591560761e-01
5.802771721234669666e-01
6.308383969729629559e-01
6.179879261277262392e-01
6.156531990698538293e-01
6.098384774039717904e-01
6.151443556687604675e-01
5.856695324955100146e-01
6.377588730840537679e-01
6.252193556009865150e-01
5.904905024460039842e-01
6.391170548012209407e-01
6.297104488857080407e-01
6.208989209626482042e-01
6.026447631291590445e-01
6.164456785051034560e-01
6.051590793102321619e-01
6.296670537968527270e-01
6.760581487810688461e-01
6.327188193267891947e-01
6.142164637528091387e-01
6.283761939310826827e-01
6.038432675826539420e-01
6.091459440513212753e-01
5.536559317893441357e-01
6.326716230435344146e-01
5.931567302940810027e-01
5.943714013046131894e-01
6.259752226795755048e-01
6.250272991546361734e-01
6.049417506996608296e-01
5.669341384268912210e-01
5.842122741448714240e-01
6.164716094187937534e-01
6.047707597869709240e-01
6.119690533300647939e-01
6.365133559979089251e-01
6.434934803913542334e-01
6.470958171595942998e-01
6.161475631792849850e-01
5.928522302920442577e-01
6.456811677572348307e-01
6.804830123438591061e-01
6.746877433653162282e-01
6.046305162698919489e-01
6.357001313981911483e-01
6.695548290759065768e-01
6.721338515857365747e-01
6.471389683486941102e-01
6.420105550125460026e-01
6.365327158668373508e-01
6.461899266517830975e-01
5.905487626165625281e-01
6.307952858018408548e-01
5.995013666787750717e-01
5.765780558987313453e-01
5.813037047241466082e-01
5.875341606409995032e-01
6.141066125356641203e-01
5.984054367043315503e-01
6.216780055270862970e-01
6.251095099233208163e-01
5.943719378309644252e-01
5.731450612687822854e-01
6.523642732501988561e-01
5.828252510918807694e-01
5.964475425342621318e-01
5.853511479667924400e-01
6.311278100053779871e-01
5.828743414094998965e-01
5.859539344179939269e-01
5.966897588730594171e-01
5.795521717154087371e-01
5.917300685257289583e-01
5.808870042954497048e-01
5.765189097496982162e-01
5.950149447287863547e-01
5.964478170808783508e-01
5.795643599224246101e-01
5.606423780306621918e-01
5.622086866548495765e-01
5.592140885605720868e-01
6.100711177858791912e-01
5.678152524754773722e-01
5.830216319393859425e-01
5.885141783840095453e-01
6.095269183248497313e-01
5.998071621955840538e-01
6.265704040992615687e-01
6.385868264642935443e-01
5.669709498433257444e-01
5.712290764551840594e-01
5.606545460137003500e-01
5.901514331686006365e-01
5.603856435366226796e-01
6.171990424517616036e-01
6.083098206598629432e-01
5.883572909026171249e-01
6.077626004994582942e-01
6.349954389731204962e-01
5.944860598837613530e-01
6.076704500277332333e-01
6.422518986023130205e-01
6.133017759862265939e-01
6.317212974410308934e-01
5.965422893981593422e-01
6.338698405217061405e-01
5.958012643546906073e-01
6.382211446984200620e-01
5.921900461177413977e-01
5.874061784760712390e-01
5.657769313796627841e-01
5.670084935665418158e-01
5.641781251934058217e-01
5.914611970440838418e-01
6.194474146723304431e-01
5.992172990771604812e-01
5.775755077579466379e-01
5.704073421395965404e-01
5.838640112227282408e-01
5.924997390275301701e-01
6.402016326492621090e-01
6.963407040254327995e-01
6.438275039511242026e-01
6.632087194532311214e-01
6.257379089346283285e-01
6.566428999390543364e-01
6.085544505736051324e-01
5.812537488295926869e-01
6.288365249491734144e-01
6.190207155581999299e-01
6.001922497485067121e-01
5.934298717908790266e-01
5.921047057507131672e-01
6.086268239829596416e-01
6.186537786714355613e-01
6.047406702696438430e-01
6.016255464390911634e-01
5.903432678163642588e-01
6.170477053500363906e-01
6.285296978013974467e-01
6.044602309950641850e-01
6.069015780606548116e-01
6.031951872331893227e-01
5.986880853270694081e-01
6.214338584967419310e-01
6.154240406222839521e-01
6.041146656138998150e-01
5.839265862088932613e-01
6.255760085881971744e-01
6.316950619865487893e-01
6.434430889149242994e-01
5.877161818121283687e-01
6.759085331992723544e-01
6.746498342699653872e-01
6.536479030093969023e-01
5.993483491258886353e-01
6.530685902958250910e-01
6.420233831431273464e-01
6.077791560831666828e-01
6.094614539002826126e-01
6.467459647339244277e-01
6.268294030755922064e-01
6.174588705553286649e-01
5.996905412550748160e-01
6.275118009561497789e-01
5.861979694076631109e-01
5.550906510241475633e-01
6.009176057741325572e-01
5.726931606453884438e-01
6.013200728004516327e-01
5.865689113922831766e-01
6.036877516944075817e-01
6.119478285025189424e-01
5.899453873033231321e-01
6.035756436354288157e-01
6.143406954799431885e-01
6.385226783505383308e-01
6.483748987264373875e-01
6.000007397481107452e-01
6.255638573811236336e-01
6.408808319125780528e-01
6.191392536753823617e-01
6.205784205041033896e-01
6.462661715089367265e-01
5.895185637607855966e-01
5.850420770804293236e-01
6.176907445381004669e-01
5.956301663300166416e-01
5.947784081802637290e-01
5.739139894472587988e-01
6.147852051503315263e-01
6.069281266356225668e-01
5.957834636737642242e-01
5.730644298685138027e-01
5.963509359996387316e-01
5.826117618140982390e-01
5.994443651643129867e-01
5.922203703843375022e-01
6.118052654897806475e-01
5.908426399054844680e-01
5.998105888835002508e-01
5.960407311874743597e-01
5.662503987533609173e-01
5.998556770586606079e-01
6.219834972055336975e-01
6.265010656805650724e-01
6.169523478130221061e-01
6.173966422817270816e-01
5.932717361702182224e-01
6.115346788106400533e-01
6.134679520275307940e-01
5.799487525318199888e-01
6.229710389091996925e-01
6.082448670814395442e-01
6.133245252096244382e-01
6.341692678210877343e-01
5.997603935643758266e-01
5.995349529617707285e-01
5.915460912507741753e-01
5.878759030563145416e-01
5.933475213229286727e-01
6.341663228718796841e-01
6.271967077162193815e-01
6.088939472149507148e-01
5.785499482611738964e-01
6.082427607895278809e-01
5.613220707674771992e-01
5.990334712045002341e-01
5.982651899481803426e-01
6.199145477201294385e-01
6.327967826871421231e-01
6.089964046479974247e-01
6.179164051773130550e-01
6.181423416687608086e-01
6.057919186723143001e-01
6.346537400967586784e-01
6.274056783311652286e-01
6.533651279566059511e-01
6.167869391360119025e-01
6.103722063483916216e-01
6.247269745633990956e-01
6.107367353933165210e-01
6.165929550614878130e-01
6.048413993562652413e-01
6.287081793499190718e-01
5.955530756763197653e-01
5.926842049604530427e-01
5.971450330968754994e-01
5.830165730294534221e-01
5.486698308099187127e-01
6.163596269248179382e-01
6.014005601520483468e-01
5.775528524091168014e-01
5.628128700752205171e-01
5.996811552952353574e-01
5.645373164942243394e-01
5.719239979908944393e-01
6.197946286593160048e-01
5.944288279803164876e-01
6.024633458029322597e-01
6.452833612496938764e-01
6.338781209588799648e-01
5.906804068894846438e-01
6.252128300890824608e-01
6.199350979767361824e-01
6.145485212580148460e-01
6.173851366378089178e-01
5.893708446841853243e-01
5.939359054277717487e-01
6.143076361742003666e-01
6.303373140904524607e-01
5.907875284498743662e-01
6.212310578832037633e-01
6.372953726678776132e-01
6.157687251013824747e-01
6.382907188058718484e-01
6.421235179521604941e-01
6.095735671214501661e-01
6.378980097959048301e-01
5.835145975075184399e-01
6.114580110527597645e-01
5.645971227459406494e-01
6.015159283400230983e-01
5.929678507303152157e-01
5.924773783423588069e-01
5.868531331800554973e-01
5.798241608915853940e-01
6.220363350918954870e-01
6.306151773390368254e-01
6.004014918101062692e-01
5.795620483336835216e-01
6.140929763687364984e-01
6.376690059809860811e-01
5.803912804152642213e-01
6.003513925257374373e-01
5.914884736043027891e-01
5.974800534539921326e-01
5.822435771154962358e-01
5.361471239982247283e-01
6.061478828729415236e-01
5.877354958269408458e-01
5.969030408256932319e-01
5.682802801423457728e-01
5.960669958857077733e-01
6.166358984283553113e-01
5.999632428997246913e-01
6.236380693192096203e-01
6.185993810756929001e-01
5.978565037025662665e-01
5.905947650238050350e-01
5.671478354496705121e-01
5.667832145689971624e-01
5.981312271358785182e-01
6.174319823328936474e-01
6.049433627502107669e-01
5.875441887327615964e-01
5.803354418094670564e-01
5.920748893258558354e-01
5.841192709783720183e-01
5.861386730805813183e-01
5.926518639875469896e-01
6.286393764414993646e-01
5.797325916140491087e-01
5.875701800927899399e-01
6.136686449650740061e-01
6.180713381026291531e-01
6.325493153424452952e-01
5.968832070990262029e-01
6.132189850309553991e-01
6.389710549833742537e-01
6.252819961487355860e-01
6.069952160623831583e-01
6.015469967424003084e-01
5.840939842573438234e-01
6.158680299061453089e-01
6.137904216370606569e-01
5.906225371381835787e-01
6.225606052092668152e-01
6.184995851566439384e-01
6.591067690497595111e-01
6.108690404228444004e-01
5.777188080543919080e-01
5.784722892137861283e-01
5.867820021862719670e-01
6.046774622768428253e-01
6.004951517172494313e-01
6.523496608072940628e-01
6.253288003837144116e-01
6.441971727390745084e-01
6.146960192357325825e-01
6.249584348583213655e-01
6.232867412191391843e-01
5.863331839664664979e-01
5.967241997614285420e-01
5.706031496498522593e-01
6.038902892487476581e-01
5.941660835468129953e-01
6.045740703307903585e-01
6.006884735085944449e-01
5.747225153179675861e-01
6.093620562643140559e-01
5.998517264156193463e-01
6.036519267670028555e-01
5.934849322521594805e-01
6.159945242278732636e-01
6.006089746021922027e-01
5.926413894757487366e-01
5.843535922032084828e-01
5.655685452957652792e-01
5.866804938308247674e-01
6.100138166257602634e-01
6.002542178054339761e-01
6.171847639616147019e-01
5.935011305422145389e-01
5.679914696418101316e-01
6.054494528931797515e-01
6.160386663093476711e-01
5.964324876252768970e-01
6.302774422899566353e-01
6.116876327598882446e-01
6.265508621977440296e-01
5.958891861839424875e-01
6.105753387850438862e-01
5.869425713637178577e-01
5.908327616013945294e-01
6.210086048397702729e-01
6.110092220646746730e-01
5.850978996498227280e-01
6.026440197947867672e-01
6.144810956900200738e-01
6.196291974942279568e-01
6.607308659976840470e-01
6.043996840364367351e-01
5.853049156053395929e-01
5.960028791252540703e-01
6.318652762686245428e-01
6.135462349271274540e-01
6.041912014831595235e-01
6.033424262293883844e-01
5.946361685154990528e-01
5.908014443721275599e-01
5.615827059277411770e-01
6.143817732766813089e-01
6.328873843537280441e-01
5.896828449501815284e-01
5.588973116121493945e-01
6.038142385319399397e-01
6.001588896284065777e-01
6.430179746448135836e-01
6.066830385415009630e-01
6.251017814531826255e-01
6.597775195620866340e-01
6.438075837527985623e-01
6.083915140115406794e-01
6.127126143221317545e-01
6.436652567044580664e-01
6.183382793669862654e-01
6.048935110618756106e-01
6.041688003264981122e-01
6.300751234517123489e-01
6.137121466447282847e-01
6.220658739948438098e-01
5.796349355758000366e-01
6.141241102245023065e-01
6.200712430235660877e-01
6.348871780418178234e-01
6.192269991749076441e-01
6.326043035486551558e-01
6.338359102190656014e-01
6.213784206576552505e-01
6.148073857990996594e-01
6.560539206705106041e-01
6.320491821187612658e-01
6.526345618918208968e-01
6.209021182529989025e-01
6.106398808361773733e-01
6.151030865826419003e-01
5.840880189803234757e-01
6.096985617315753281e-01
5.792344510841619387e-01
6.041446396580038014e-01
6.014932259878678078e-01
5.692732392444180833e-01
5.940888577420750938e-01
5.997093778287775345e-01
5.899515878132817193e-01
5.619623423468554924e-01
5.558073476640534860e-01
6.114136735570625536e-01
6.183172554602297533e-01
6.032373692586019409e-01
6.037840677780460519e-01
6.531187194106152782e-01
6.494641941366680049e-01
6.261522736795271937e-01
6.392033950360271888e-01
6.534242133080405690e-01
6.319257549801914342e-01
6.413178599651682132e-01
5.939561473832813965e-01
6.304737275762762883e-01
6.723678294985516724e-01
6.057641461980370901e-01
6.385903259120313535e-01
6.201809414520171870e-01
6.288885958617765892e-01
6.451631110827646953e-01
6.355511617767350963e-01
6.227805680367183294e-01
6.060385509793639880e-01
6.084091144206428270e-01
6.338663427187855026e-01
6.184320886561622821e-01
6.191108472152287989e-01
6.205992396189494720e-01
6.665569018614818653e-01
6.442553368934793578e-01
6.273377244825638632e-01
6.260644982149730087e-01
6.331292504459450354e-01
6.615971494898014171e-01
6.804683850749893015e-01
6.541271618518180730e-01
6.528702676476401123e-01
6.574952852065257813e-01
6.290221334391595809e-01
6.311491587697380945e-01
6.110758646413037010e-01
6.165669305304171122e-01
6.316225658237426543e-01
6.125928810449065010e-01
5.925782216203046016e-01
6.062480835123016387e-01
6.392744004861408147e-01
6.219090310319822512e-01
6.084805248625009266e-01
6.423939905188159605e-01
6.126129153536418182e-01
5.912024587742455983e-01
5.440321914704149275e-01
5.711721347433097451e-01
5.993813231594550262e-01
5.807331420127402888e-01
5.435155217367447777e-01
5.906062123176986089e-01
5.935292417323789760e-01
6.006202642268148040e-01
5.885264183500374946e-01
6.310404604609499701e-01
6.104202888860112974e-01
6.094087643354119121e-01
6.076950861621761568e-01
6.093068912037036267e-01
5.900277912016170800e-01
5.965595180639579054e-01
5.729487446080001600e-01
5.706737554365383103e-01
5.871747946686284303e-01
5.619746224087182052e-01
5.890837377305212508e-01
5.974844926998797989e-01
6.180905908831045847e-01
5.600562306679834901e-01
6.030274971320706001e-01
5.912880421819110000e-01
6.098802289906199992e-01
5.836571479184281541e-01
6.088066570096857255e-01
6.553679225838373590e-01
6.476793487283909467e-01
6.006983207903406896e-01
6.399985300325619075e-01
5.934353250388907375e-01
6.203560118007560575e-01
6.489869670627241849e-01
5.938413109012469215e-01
6.167850270726651374e-01
6.112459556893273804e-01
6.376647129253145696e-01
6.074735281004712828e-01
6.319927902060453739e-01
6.409531899862807025e-01
6.463830205974512300e-01
6.448795806154833388e-01
6.375058016301988761e-01
6.331672287495168083e-01
5.894448478248609513e-01
5.944496445781162208e-01
6.020776884142138297e-01
6.273905595783760836e-01
6.492168807947719111e-01
6.281500953468811543e-01
6.238687250132606277e-01
6.457667886466209595e-01
6.087392320502789111e-01
5.943786399243906615e-01
5.993605709982348095e-01
5.885088607307182862e-01
6.061646951034470598e-01
6.082274614770175614e-01
6.500463280699909641e-01
6.300833281325988189e-01
6.398723722979607897e-01
5.816973437231007793e-01
5.999273511520410995e-01
6.059333908409223479e-01
6.007144730822157053e-01
6.206298915050103560e-01
5.927474549266403825e-01
6.487215068437656162e-01
6.108963518708181439e-01
6.078656022457539221e-01
6.188655672800831287e-01
5.765780491681528064e-01
6.155731430202235899e-01
6.106749370023175638e-01
5.967342258069059380e-01
5.723226389447005902e-01
5.804408163996903625e-01
5.885255470745685002e-01
6.219656247284206518e-01
6.007562091628110279e-01
6.086113242981179283e-01
6.357834547807640346e-01
5.643647264801149310e-01
5.943111604613434684e-01
6.216497464933712358e-01
6.183772701077137057e-01
6.186321644260479591e-01
6.042989278022363742e-01
6.071329551610378239e-01
5.640896576581956312e-01
5.779987153669539079e-01
5.885552005133032338e-01
5.976659693012786878e-01
6.028471013224829811e-01
5.895318306404645492e-01
5.692009113984699553e-01
5.742135907599866806e-01
5.865376612942309054e-01
6.045742950867273313e-01
5.779594928910539720e-01
5.751309732668226093e-01
5.864892820274701934e-01
6.098963432748802926e-01
5.831524667574172760e-01
5.811925891363465269e-01
5.938437006841850163e-01
5.636072635333214675e-01
5.878877633292051152e-01
6.158397130428099331e-01
5.961041826865712823e-01
6.080154106318212959e-01
6.469842473882643219e-01
6.089270554683020586e-01
6.204055484888160166e-01
6.215014296511167657e-01
5.920133502983168095e-01
6.006940061232105554e-01
6.025420001029555550e-01
5.675059947703394725e-01
5.968662408093619032e-01
5.977881257598024467e-01
6.001304438877049785e-01
6.027495843373499307e-01
5.981679204499171787e-01
6.248899078211644920e-01
5.635891752678647837e-01
5.816554421779920325e-01
6.012330039357729472e-01
6.060615903356962875e-01
6.011010457102441418e-01
5.985660595662971595e-01
6.085956607570446319e-01
6.099729061636917082e-01
5.739045582350036367e-01
6.053753643994568279e-01
6.258990608811675349e-01
6.063990239025427442e-01
6.169546341453133742e-01
6.029063946991735090e-01
6.009952800460256483e-01
5.951756306385719286e-01
6.338046309205755957e-01
6.301895738794921487e-01
6.326364998169088372e-01
6.628998448154758139e-01
6.140960938255640711e-01
5.986090994236066276e-01
6.366685313423676718e-01
6.256387047835286763e-01
5.940703702460845559e-01
6.069332152388012824e-01
6.216741692863037017e-01
5.944323232539722168e-01
6.060652598586423467e-01
5.978271710794316185e-01
5.867784954801549269e-01
6.123568456471213395e-01
6.241618510438361467e-01
5.974079450780321876e-01
6.296963922986745787e-01
6.068394131135832481e-01
5.721017477429993781e-01
5.570107551990971517e-01
5.749258312215531630e-01
5.956425896391477348e-01
5.904325653424391529e-01
5.858534340414310870e-01
6.069752793997736928e-01
5.967998442984644436e-01
5.951212884581169593e-01
6.049438044421231453e-01
6.049138303041093900e-01
5.847701123450703697e-01
5.728067807364515263e-01
6.276263806148956181e-01
5.948400901979544741e-01
6.044257856606074508e-01
5.846454984170215141e-01
6.340353858980614099e-01
6.301307718939079816e-01
6.050726997688651299e-01
5.792564336868155639e-01
5.877253089329149693e-01
5.928421673319581586e-01
5.720387048576935918e-01
6.000048582116033202e-01
5.554531011097451065e-01
5.977456150703532867e-01
5.932416049955062665e-01
6.177998841000983399e-01
5.732654775687099358e-01
6.270077473376571842e-01
6.381295037662749747e-01
6.186877552322874729e-01
5.870033289264781073e-01
6.025386626125959211e-01
6.091504068189788068e-01
6.567290282450503058e-01
6.125736377324639825e-01
6.204464244125400540e-01
6.178473414356511206e-01
6.463705101231674854e-01
6.264487674003781370e-01
6.590030157230828411e-01
6.192305584197992374e-01
6.066487107615188279e-01
6.469496890879767870e-01
6.054520247150747547e-01
6.166026812289685521e-01
6.374945238436852124e-01
6.295020458527735840e-01
6.130130143889349625e-01
6.272300815170612776e-01
6.363915500630670241e-01
6.336033465019681454e-01
6.303439241319304109e-01
6.452624989613339190e-01
5.895660939587050731e-01
6.151470634918563274e-01
5.564427083029056531e-01
5.841674247856150082e-01
5.792974158968634546e-01
5.977624776017027575e-01
6.348606575691506659e-01
6.176078998101376394e-01
5.994892419072893608e-01
6.327891363742436104e-01
6.232914379419385309e-01
5.965514179719243471e-01
6.459288209245992451e-01
6.264411213488690899e-01
6.131774340702823567e-01
6.173772880542135466e-01
6.067136390098499810e-01
6.128190345950436102e-01
6.158197631993238552e-01
5.991669178057111855e-01
6.090583791394889035e-01
6.275360335030103487e-01
5.867650245562615607e-01
5.781141490756958046e-01
6.120359064205724842e-01
6.180992816382054889e-01
6.203935170045142833e-01
5.777708848100221450e-01
6.023144864321665626e-01
6.054645036354797671e-01
5.932218742029443659e-01
5.610379693902187714e-01
6.266889374737162344e-01
6.251475569631379514e-01
5.969679331434996072e-01
6.290136192205325605e-01
6.111977328098451290e-01
6.388062398567131428e-01
6.270551788677791727e-01
6.256799932375141093e-01
5.819221459549736020e-01
5.958546004149877229e-01
6.184199221487721720e-01
6.128177458812252842e-01
6.089722376751169897e-01
6.246053106589000148e-01
6.247346457021659694e-01
6.319478186278318921e-01
5.980054853537484227e-01
6.146232377636801081e-01
6.042221624159626048e-01
5.980733968723201954e-01
5.990859338541646428e-01
5.897621374496829771e-01
6.161645915726237099e-01
5.846562146039411267e-01
6.130031683756824723e-01
6.087112690706940610e-01
6.136126957692764616e-01
6.104525652900292254e-01
5.861846982474221424e-01
6.214461474556068898e-01
5.998247375575979090e-01
6.096075801613588530e-01
6.167388336339306720e-01
6.269449779286462299e-01
6.012611089753790994e-01
6.247573218741697687e-01
6.354558989856992079e-01
5.987950169082870699e-01
5.992896550837718550e-01
5.935649306992206720e-01
6.472595646925173307e-01
5.932600536788974477e-01
5.951398724159422393e-01
6.517050174184662037e-01
6.330207063565036485e-01
6.102648905521335099e-01
5.952989412809354119e-01
6.237111384339567577e-01
6.060996768534180346e-01
6.365543856744567686e-01
6.006451086428882258e-01
5.945678454948540859e-01
6.109987269023811063e-01
6.082804056490237476e-01
6.299080160074137513e-01
6.223109762768783693e-01
6.085998077318519606e-01
5.980999711239510797e-01
5.868681763377253668e-01
5.794698230037029774e-01
6.015324376509226800e-01
6.088910957294126902e-01
6.256568285307654298e-01
6.249194404343931808e-01
6.464905491272638915e-01
6.406254464041026830e-01
6.117560022172141565e-01
5.998219493100779287e-01
6.049617176985163658e-01
6.102063741665011420e-01
6.215482501679375771e-01
5.951403669383789063e-01
6.037409611819823940e-01
6.115179576154200491e-01
6.256211706835190789e-01
6.234549018616561966e-01
6.018322197281613661e-01
5.766690541726633423e-01
5.863923612671689822e-01
5.999711833259367966e-01
6.037979104185217105e-01
5.854278198761099228e-01
5.847642664175997096e-01
6.224026914630039764e-01
6.052186842256448429e-01
6.242204859506133019e-01
5.862847972298451671e-01
5.827025530787759422e-01
6.237968624884709934e-01
6.567913103719961176e-01
6.469603524059426292e-01
6.446373020034312784e-01
6.217611230016418800e-01
6.289449209799383711e-01
6.100714694166422536e-01
6.548247229429373650e-01
6.293664998168132518e-01
6.109147842687717711e-01
6.528173438050307587e-01
6.218399345216280016e-01
6.282257457473913176e-01
5.940775843912785570e-01
6.092524076045120474e-01
6.135445834313375535e-01
6.336755539960716721e-01
6.298882762564389504e-01
6.186369666343563001e-01
6.210035140710709056e-01
6.728776861241821949e-01
6.189779541328349621e-01
5.717419647619438328e-01
6.208092056065978026e-01
6.508874883710630277e-01
6.182008160739836944e-01
6.285923901626785382e-01
6.549640015149862382e-01
6.453223215112581235e-01
6.251334221205259167e-01
6.570603963651523438e-01
6.623487294252348168e-01
6.305082516798687919e-01
6.181205697126959109e-01
6.245748776769165511e-01
6.011096653495083819e-01
5.797573583812195563e-01
5.879206676631965056e-01
5.989121219237718563e-01
5.931682571922536340e-01
5.974308921220066182e-01
6.220210387352902437e-01
6.254493758108465862e-01
6.215031811405210549e-01
6.440385109803936636e-01
5.955919280452462994e-01
6.454784726773219461e-01
6.462219170125548251e-01
6.466115901018085754e-01
6.100193126956094947e-01
6.406185350247229904e-01
6.025568050278661270e-01
6.019160391493703077e-01
6.095469349384028401e-01
6.261537015275006057e-01
5.981156808690263338e-01
6.042432916529713038e-01
5.886892785629419533e-01
6.283624796561215753e-01
6.019644235092513895e-01
5.805414283791766605e-01
6.034814136110429050e-01
6.000299837053998386e-01
5.941991641020131221e-01
6.245630577947447470e-01
6.016627390464367453e-01
5.808117916671178271e-01
6.171479541329603080e-01
6.179502173523191422e-01
6.345631633973739527e-01
6.129840911013124671e-01
6.287133570316892905e-01
6.390751280638131693e-01
6.186755138569818291e-01
5.969857960377223938e-01
6.225455903305820993e-01
6.214926833568892306e-01
6.205622528938833371e-01
6.021526182939872518e-01
6.061348306426164179e-01
6.018863167713313089e-01
5.739352194518054784e-01
6.437735725815865173e-01
6.196407530754564075e-01
6.296069508144533922e-01
6.579323556867259226e-01
6.079327327115278123e-01
6.147807982401065630e-01
6.317411269407398056e-01
6.160278473306887159e-01
5.774476720896356552e-01
6.276807048957294688e-01
6.075969823997743324e-01
6.096853341605898979e-01
5.958847572593746200e-01
6.408892567421830000e-01
6.201166707866710981e-01
6.258144186235863327e-01
6.351972339973389614e-01
6.385970811009220593e-01
6.642618747538406865e-01
6.282366275394518640e-01
6.159848842506597810e-01
6.384932031507105643e-01
5.871456251757967149e-01
6.148964145840271067e-01
6.157832079055451935e-01
5.955751857879045819e-01
6.130492490825235619e-01
5.913822442284809577e-01
5.885236173866068565e-01
5.768328441132660744e-01
5.775186839542948425e-01
5.995676259139030018e-01
5.921475967162351806e-01
6.091738908166756117e-01
6.376369121599793077e-01
6.027674029143145207e-01
6.139931069384769735e-01
5.720461317244102117e-01
6.063228630500407945e-01
6.030053587598259712e-01
6.100814394389801887e-01
6.287424811447267503e-01
6.130436546024816691e-01
6.420940721048193911e-01
6.239110748975652543e-01
6.220428326932467833e-01
6.467522838746534442e-01
6.518149859637001331e-01
6.161653750527256168e-01
6.282549913544385189e-01
6.648845131535191522e-01
6.629789971306688789e-01
6.085553873118417778e-01
5.955745429421275272e-01
6.472887253088369652e-01
5.827827345655020030e-01
6.037050843002511602e-01
6.113651496752864345e-01
6.383745339955777531e-01
6.236366551121633739e-01
5.955291571220889812e-01
6.522779371527853698e-01
6.224786283679865084e-01
6.174630536080103482e-01
5.985181294036288069e-01
6.150208306666575808e-01
5.991211905422747508e-01
6.044997505903128010e-01
6.166982738403369302e-01
5.763369803678528580e-01
6.337025437313787979e-01
5.947515553707760638e-01
6.260688467104262855e-01
5.899588723134885360e-01
5.749709185520170962e-01
6.239591350801808600e-01
5.727680510100124911e-01
5.803774264815990680e-01
6.136109291455921211e-01
6.323482765309748066e-01
6.119203843589477998e-01
5.858577004111333864e-01
5.725077617672590380e-01
6.055476778496712287e-01
5.859983329790069417e-01
6.059380114220620506e-01
6.028152460906054388e-01
5.930417040225950398e-01
6.242807285466629441e-01
6.289597086055882524e-01
6.243251172565789098e-01
6.529243266243642818e-01
6.081343190692255485e-01
6.289126594115697078e-01
6.191677178597780884e-01
6.158522590462612856e-01
6.010039880187646455e-01
6.395105783529593246e-01
6.441018688604672748e-01
6.143139073988337362e-01
5.703860890150600493e-01
5.903706951998459740e-01
6.061235279235783757e-01
5.717209343189874060e-01
5.916451528808324145e-01
5.943564819126034848e-01
6.062536051597401388e-01
6.006172344175568778e-01
5.727365298368025659e-01
6.006685683725699887e-01
5.685142788162415028e-01
5.966053122146549592e-01
6.227258723578541488e-01
5.959422636333184808e-01
5.742384278647159057e-01
5.939349543374923268e-01
5.969626125708946685e-01
6.126220730629116096e-01
6.038353398579476838e-01
5.921348041599783230e-01
6.038694454751115659e-01
6.232187467946262993e-01
6.208492384272505937e-01
6.071845238034435654e-01
6.101489014546948031e-01
5.967975873563786671e-01
6.021666639588860725e-01
6.332140201002673940e-01
6.149858079568649716e-01
5.868302759027378412e-01
6.329628785541758784e-01
5.892820222082343351e-01
6.162726581858010144e-01
6.003401637368765975e-01
5.848800575100147059e-01
6.033211639220339428e-01
6.194917167652882473e-01
6.055087565943414463e-01
6.444640965932779686e-01
6.333625593162115486e-01
6.280492680728106958e-01
6.016322921224006581e-01
5.948771706288772387e-01
5.687664190527212948e-01
6.401433106352452107e-01
5.979421932107382709e-01
6.300932300938435482e-01
6.392783423991554859e-01
6.217574698715712112e-01
6.361533793531864989e-01
6.236086157273167396e-01
6.191316613367962018e-01
6.225297410161260148e-01
5.891685793771929136e-01
6.008010949433008063e-01
6.260657558958651059e-01
6.446147199974985309e-01
6.426958209159777669e-01
6.531326448486456382e-01
6.885639761955077986e-01
6.328548011578312149e-01
6.281096090419867606e-01
6.802841617009681707e-01
6.056424755531562010e-01
5.853767560936021797e-01
6.061844832973236619e-01
6.163725103027525298e-01
6.189986291967057852e-01
6.090885196052121531e-01
6.289698090803061969e-01
6.179353698916455473e-01
6.524503891562154489e-01
6.242128847075345544e-01
5.892197452974176075e-01
6.223976674972521161e-01
5.691170280188483366e-01
5.966426404588320853e-01
6.087555152612426079e-01
6.133162971209228376e-01
5.937568502659134051e-01
5.586189133967297549e-01
6.028136715577754323e-01
6.115172428996861198e-01
6.228803992207895268e-01
5.954611309412455311e-01
5.875588827035739259e-01
5.932125222115102181e-01
6.081850311116298036e-01
6.240478892822877155e-01
5.882738767491190179e-01
5.818568445559796354e-01
5.785687912098770314e-01
5.952371283923886258e-01
5.765462722071464929e-01
6.329749272341314015e-01
6.285557080514183603e-01
6.118571638248462286e-01
6.126334430258500996e-01
6.291293543300833235e-01
6.038310254972383273e-01
5.896896748346853734e-01
6.385074635823958511e-01
6.568708721590293953e-01
6.011091245440559616e-01
6.144082869319065221e-01
6.354838841773807756e-01
6.441298213493075187e-01
6.441435451254571287e-01
6.627145745578360003e-01
6.063450644032731818e-01
5.903510420582004370e-01
6.018617722699901584e-01
6.029249475108318101e-01
6.172344202886582698e-01
6.393941474097966093e-01
6.284173688842619176e-01
6.269102826427810360e-01
6.342649957111496928e-01
6.523552236358910461e-01
5.992698664725655266e-01
6.050214890439128412e-01
5.914282047992641678e-01
6.276447546795512755e-01
6.290613308321061359e-01
5.982047711157112424e-01
6.213595926476925824e-01
6.098096362052057851e-01
5.983750239806695514e-01
5.975619684551003452e-01
5.865245995715306915e-01
6.081136154481678879e-01
5.940374051428533031e-01
5.947618356163250075e-01
5.998993126358749262e-01
5.806638644360400114e-01
6.097385209635088898e-01
6.193619269065626654e-01
5.794849257384282470e-01
6.155489194150071119e-01
6.172732601146814213e-01
5.924636466708829152e-01
6.090825465125458971e-01
6.073332571015390702e-01
6.024951737216458492e-01
6.042819261647417450e-01
6.003964243685002700e-01
5.979146977851182987e-01
6.372791412994293081e-01
5.857933024975139347e-01
6.169438278113144047e-01
5.936341050833495725e-01
6.044323297044944532e-01
5.954637728266771735e-01
6.023438875080092680e-01
6.138284142304183399e-01
6.116066326843576650e-01
6.271643660351287064e-01
6.060492016474651189e-01
6.176937125359576175e-01
6.366252228410724801e-01
6.529260503615330613e-01
6.277331408004096502e-01
6.265585426152542325e-01
6.172102706249094073e-01
5.806208213216510483e-01
5.943284291542623166e-01
6.160611688194728153e-01
6.279667602876084498e-01
5.710649527765654376e-01
6.083082683711147354e-01
5.861537624818686787e-01
6.126292989758810315e-01
5.927865183630034451e-01
5.929263916635176823e-01
6.178315460171133200e-01
6.113754333466222546e-01
6.055977300673940356e-01
6.122914833084309727e-01
5.849659269684797103e-01
5.892077998689509988e-01
5.714390709829997306e-01
5.739164470974529308e-01
6.221984283206836164e-01
5.353848831016196907e-01
5.722994648624797343e-01
5.849497578142582865e-01
5.783933582057293465e-01
5.724612214214207517e-01
5.916154766913960250e-01
5.931904776669004731e-01
5.956042142567570252e-01
5.938371902553148951e-01
5.841119585514393808e-01
5.851569083443357577e-01
6.144753009067391858e-01
6.462383657594199526e-01
6.011182350724723067e-01
6.030417504882350510e-01
5.827971183324183180e-01
5.782334911066233651e-01
6.107972455108918730e-01
5.812485351965290814e-01
5.607775088126762952e-01
5.951077615427984302e-01
5.937594285197483890e-01
6.073917058675805114e-01
6.341374143559251886e-01
5.955359099290908897e-01
6.042915926951191175e-01
5.870776390637494346e-01
5.926626298352474231e-01
5.875435576107784774e-01
5.516519844060134847e-01
6.039017316933772417e-01
6.404619649021420225e-01
6.450170690547237795e-01
6.285737130462089040e-01
6.149297914833860013e-01
5.977680000872348520e-01
6.026063639740260047e-01
