6.046899842387511992e-01
6.203250523339189915e-01
6.254865096838564398e-01
6.258342042943488837e-01
6.460294253831907474e-01
6.138254698223188921e-01
6.134175934001602215e-01
6.325973638299359214e-01
6.367931835563072074e-01
6.264565318415238337e-01
6.409420451133382990e-01
5.751231666000461429e-01
6.382160659969146055e-01
6.048457941125255921e-01
6.210670240455689051e-01
6.281164968155044104e-01
6.172643019696070210e-01
6.181216934220978843e-01
6.486998113168330748e-01
6.410752344207145681e-01
6.854250062584333891e-01
6.387238603760875266e-01
6.004735995031947882e-01
6.301271441629698877e-01
6.206070492976237807e-01
6.253773024569485584e-01
6.310056723387804656e-01
6.466604907149521297e-01
6.473707285360499331e-01
6.201892579045289455e-01
6.822966607286999885e-01
6.250931429619385193e-01
6.524227922250133149e-01
6.529071636895756869e-01
6.658126427176684903e-01
5.975887622210417360e-01
6.714069948620813300e-01
6.429357110649820406e-01
6.308044729118563732e-01
6.706358557973888246e-01
6.237332721989902184e-01
6.380610162852660139e-01
6.138647360566927835e-01
6.881345765607124187e-01
6.491563541649972846e-01
6.245751334238449637e-01
6.428674135591289085e-01
6.247892869712432518e-01
6.213233848732866438e-01
6.106079284819164732e-01
6.229908930158172264e-01
6.371350929642989325e-01
6.324401032084732144e-01
6.167991670367974910e-01
6.173463050825928056e-01
6.430060572236947491e-01
6.513788771753130646e-01
6.326276157569147296e-01
6.379784919637213614e-01
6.525232007840241488e-01
6.224993013276884923e-01
6.220979079109505427e-01
6.260473511786960321e-01
6.236560716317721687e-01
6.126438369209888934e-01
6.199920607837587916e-01
6.245755997294315520e-01
6.334586436199933779e-01
6.093089001258014115e-01
6.141551921465638886e-01
6.286471796534398582e-01
6.248295170275678379e-01
6.377663341768111671e-01
5.885243752178289656e-01
6.091887441465075881e-01
6.128079638467260892e-01
5.498808960306824645e-01
5.901221590009463336e-01
6.356362251445522027e-01
6.645934573781070442e-01
6.851798919798405274e-01
6.604714716538993002e-01
6.153100922023503339e-01
5.929778991013797684e-01
6.179800988760849600e-01
5.905416813832633505e-01
6.008713972095764966e-01
6.071070690185028651e-01
6.277563365103471238e-01
5.952189581319902167e-01
5.855346273434883786e-01
6.164259631492451375e-01
6.072987927723844104e-01
6.090407305391987158e-01
6.349185423160589314e-01
6.198964728412422742e-01
6.703356756713020337e-01
6.717416051906811569e-01
6.214358955599973422e-01
6.466289728576182227e-01
6.066041421836521064e-01
6.048352440710220712e-01
6.377374728656197700e-01
5.952920553469662757e-01
6.142172342547022046e-01
5.845037604470135761e-01
6.039172575430918899e-01
5.789132067560095463e-01
6.023528837813021397e-01
6.082844177992553503e-01
5.801140209483914845e-01
5.817522429857360233e-01
5.784522413163704080e-01
5.781214070721640841e-01
5.751562148379314454e-01
5.922973589142382922e-01
6.220776488658753545e-01
6.191464123443787271e-01
6.056167713718737522e-01
6.461324216627581940e-01
6.287226931895611992e-01
6.365268598921370868e-01
6.308947463828022961e-01
6.260601738307102204e-01
6.416639917976673102e-01
6.207042450078127382e-01
6.258503970697487651e-01
6.480000755081860575e-01
6.263392022017978400e-01
6.102338248137026966e-01
6.161992626708597820e-01
6.068714919248050510e-01
6.573413763382416342e-01
6.527676997882220222e-01
6.214419991229779283e-01
6.076765104191699240e-01
6.455865473869147886e-01
6.560643605418015056e-01
6.519620306704948520e-01
6.014844251910137496e-01
6.098376728287840942e-01
6.443156321729891500e-01
6.279780219238475514e-01
6.504418007485424091e-01
6.366499200365194344e-01
6.340297533477026182e-01
6.098313221277072982e-01
6.322647600894217845e-01
6.052892047301463574e-01
6.194544488418263217e-01
6.242490908085659429e-01
6.146001543783563559e-01
6.098719880151506345e-01
6.098186768759544796e-01
6.121312988686511414e-01
5.760841738594134620e-01
5.935734143392656925e-01
6.047221460041716234e-01
6.039813818980065419e-01
5.783380604415189197e-01
6.092363160311616843e-01
6.225304527763292350e-01
5.643124517182026567e-01
6.049564935287492506e-01
6.036568139208138284e-01
5.766134448026112302e-01
5.749908324233556911e-01
6.091689889625849785e-01
6.018873034702260094e-01
6.213498302820553709e-01
5.843193688488733661e-01
5.923954822912201879e-01
6.232081635329635994e-01
6.297025758083365510e-01
6.195779914447754333e-01
5.878190694440040831e-01
6.128329433507914148e-01
6.032600720122103244e-01
6.124262605406869397e-01
5.781178968089065728e-01
5.919867328095772541e-01
5.905775464812864639e-01
6.298378201314034364e-01
6.400166600795668126e-01
6.904079787075586561e-01
6.324858643107020839e-01
6.127287408484268783e-01
6.307691111922602012e-01
5.822605609905291413e-01
5.698714955031765061e-01
6.067142184011335981e-01
6.359501013771345912e-01
5.915252089419160697e-01
5.942300208307047527e-01
5.737406540640409558e-01
5.761046170748336248e-01
5.867386988070534271e-01
5.533569017551099867e-01
5.970717212506694294e-01
6.380700355598523110e-01
6.171086966277802288e-01
6.078491006425511545e-01
6.011054264098848465e-01
6.238159883725143962e-01
6.241844424110868372e-01
6.279928132921245298e-01
6.367009705401132091e-01
6.322232249849281116e-01
6.302559173634915135e-01
6.260664384495846502e-01
6.065877726960514638e-01
5.816172172935036855e-01
6.177659832419223340e-01
6.294303266607430558e-01
6.702195978429686951e-01
6.261007670655215351e-01
6.424184942195924064e-01
6.175137914408527218e-01
6.444082134471241785e-01
6.418940512166578793e-01
6.204058883579013361e-01
5.996447122924412065e-01
5.967663490972454632e-01
6.299519176810322030e-01
6.316499337559652316e-01
6.393427317477149430e-01
6.480304916495310819e-01
6.287692639088093838e-01
6.373556139904502649e-01
5.932679078429345942e-01
5.591488929813971387e-01
6.177262955253434162e-01
5.947051082951585466e-01
5.788000682403363628e-01
6.207347343787997795e-01
5.907351747960942756e-01
5.987028153290847587e-01
5.855151936875541141e-01
6.005909403738057817e-01
6.200927624486587408e-01
5.952173813160395177e-01
5.955467273036174625e-01
6.198170777269367271e-01
6.215008710724678753e-01
6.059592107256370763e-01
5.868631977021150359e-01
6.185468186265890012e-01
5.688103612977186696e-01
6.274692473741599885e-01
6.369061868209148214e-01
6.138263196467126370e-01
6.377971169962697306e-01
6.095591433794202985e-01
6.260395347691106727e-01
5.932744823914493093e-01
5.718805804461748465e-01
6.054483007995234978e-01
6.000970237132539076e-01
5.828979738370491104e-01
6.295247103328508453e-01
6.020806333491313111e-01
6.763191457039472443e-01
6.145236420976954994e-01
6.412650862596993573e-01
6.036227897026797962e-01
5.657534340444758669e-01
6.315103928138943168e-01
6.361338637144523522e-01
5.713407949591962076e-01
5.813490661757629852e-01
5.979304233229505439e-01
6.118431399421004890e-01
6.407312915065894732e-01
6.294314279679034119e-01
5.964292539624235223e-01
6.129661190555574235e-01
5.943466918947603039e-01
6.219484017191406755e-01
5.987480883688367506e-01
6.371817974186302358e-01
6.531683687768026214e-01
6.114441450883666418e-01
6.202451200253220609e-01
6.422380330356252109e-01
6.463164392200181352e-01
6.128194386959182616e-01
6.603485783942069087e-01
6.169550131673482429e-01
6.451015017359384984e-01
6.393925236713784432e-01
6.594014454581282880e-01
6.291365503188000030e-01
6.401786231900854496e-01
6.122781085931751077e-01
6.156865675758951273e-01
6.254049602078970427e-01
6.162144483213697344e-01
5.822991922080612559e-01
5.942359191199430013e-01
6.262881965263791262e-01
5.764550265352601510e-01
6.242526823061331775e-01
6.604587715874961074e-01
6.136892610972212170e-01
6.287132188763564500e-01
6.231533588394086998e-01
6.033786598206929419e-01
5.922365151003901040e-01
5.635567078915665329e-01
6.054043252527619989e-01
5.749935513374595519e-01
5.716970713864892861e-01
5.924116393145888448e-01
6.119925517538770121e-01
6.215758151293580003e-01
6.746599849722831888e-01
6.576185385718319454e-01
6.345624130450279177e-01
6.230879851405658476e-01
6.216374293790216665e-01
6.324064327479463898e-01
5.896373441086104616e-01
5.980235478186201048e-01
6.281399065993836794e-01
6.150533271204671193e-01
6.349432207691504404e-01
6.393639469672893760e-01
6.668518234693695534e-01
6.241152012270462235e-01
6.247184078196175161e-01
6.242495769445118858e-01
6.123114462114856993e-01
5.974281868814214080e-01
5.866436818520792684e-01
6.283917653588337870e-01
6.080221915682282319e-01
5.435173252215528272e-01
5.835765568811958071e-01
5.972241649819743925e-01
6.037200061894929526e-01
6.058786214790510272e-01
6.509048224850807474e-01
6.326064163771073501e-01
6.516491062829249392e-01
6.122579643246238712e-01
6.257944707054801103e-01
6.170462396580103093e-01
6.298582902695751828e-01
6.293119299693132884e-01
6.115871370116460204e-01
5.721971423758652753e-01
5.625765217636260473e-01
5.754083324581960035e-01
5.910012859342441693e-01
6.167631813919803863e-01
6.302342877302634649e-01
6.391389297450070783e-01
6.259421193276905049e-01
6.261905450114775284e-01
6.413417815214319528e-01
6.697844217056224680e-01
6.358569369284565731e-01
5.757033786127901953e-01
5.944315711733046959e-01
6.412227313394139872e-01
6.220063922451529725e-01
6.190066986737901011e-01
6.167269562116678427e-01
5.920360625913970720e-01
6.148238689350011832e-01
6.570520806606178210e-01
5.991374215407270221e-01
6.204001420206606277e-01
6.138379701954118639e-01
6.087031583254639555e-01
5.943783182713560098e-01
6.235157572650928959e-01
6.269548766768102688e-01
6.146535209563736002e-01
6.483917287957291498e-01
6.230262863273141605e-01
6.566113062119119936e-01
6.206858240392246762e-01
6.273817498394990144e-01
6.559070974991541014e-01
6.136230898707126791e-01
6.089354192172274916e-01
5.950187476591033420e-01
5.681591224831428200e-01
5.906686506605374198e-01
6.150814299956401943e-01
5.565012328250301676e-01
6.040813902278052705e-01
5.883037384191004415e-01
5.871482681175477225e-01
5.940846143443928584e-01
6.160275118633848912e-01
5.943876781627163153e-01
6.256647070817377143e-01
6.055275229323471287e-01
6.056663127594983376e-01
5.885657062079613366e-01
6.079744009339833610e-01
6.208206870253781817e-01
6.086062759670141098e-01
6.305187002507985916e-01
6.200058761870248514e-01
6.116177973329836037e-01
5.973737444053093260e-01
6.010156332424013703e-01
6.422646772851474672e-01
6.130309491425806057e-01
6.171155715816621923e-01
5.869769575516339266e-01
6.115604202040220150e-01
6.381161581203773636e-01
6.166657398984156657e-01
6.107917235710331738e-01
6.067737457733488604e-01
5.977354970544316304e-01
5.922556796190913131e-01
5.708786056486556681e-01
5.774441413007143087e-01
5.992907835600975730e-01
6.091382867792336508e-01
5.899766733954872056e-01
6.163148261991152621e-01
6.155568262125383772e-01
6.187356779442244603e-01
6.344901475484665543e-01
5.956216432102805491e-01
6.314006088080145185e-01
6.509770110866521797e-01
6.239023872983407992e-01
6.209546653306818875e-01
6.346888825955928626e-01
6.297866179981269630e-01
6.240152844084552175e-01
6.124863552497323838e-01
5.892978711862695285e-01
6.025641906024952199e-01
6.439217247724972060e-01
6.401735052561517980e-01
6.380914870786686954e-01
6.072455070472194683e-01
6.323694942600992519e-01
5.808180362275602304e-01
6.076503520432197103e-01
5.829587071836632717e-01
5.792994455674801424e-01
5.728415196389674557e-01
6.044965568999653982e-01
6.231329024910081671e-01
6.200170906384514513e-01
6.183512255101276667e-01
6.164262008747490862e-01
6.080972840700139548e-01
6.318391116709582978e-01
6.151890270991601239e-01
5.969428819614097659e-01
6.162699986431214860e-01
6.378315197035157036e-01
6.252976706690390740e-01
6.033380025628969356e-01
6.434464428104779143e-01
6.240551772444937750e-01
6.309348882407672665e-01
6.177051469094115843e-01
6.382564923612062957e-01
5.967773183934035330e-01
5.894052724427442103e-01
6.150904370967397172e-01
6.064150720273835393e-01
6.377772794501372911e-01
6.031980953973965498e-01
6.084679139835043049e-01
6.168182496203050702e-01
5.997773682817054697e-01
6.357411735614139081e-01
6.196602701384179568e-01
6.513979875349905635e-01
6.289670220873796458e-01
5.976319592141869919e-01
6.265713174469847990e-01
6.372221468340633077e-01
6.048650215128033025e-01
5.957532712611868231e-01
6.146851310147101177e-01
5.725452673948366877e-01
5.886130714775796857e-01
5.785707408544245034e-01
5.938280519315911610e-01
6.201526455705828056e-01
6.034419641359308750e-01
5.823408628608605087e-01
5.821276976547020698e-01
5.347050344228667651e-01
5.380393055777271671e-01
5.877780860665262619e-01
6.234903892652909896e-01
6.171806255875373903e-01
6.052953431028992304e-01
6.371855879273302659e-01
6.114506569226593191e-01
6.216634073575810771e-01
6.531744348379386889e-01
6.516189283726745440e-01
5.845540401515024742e-01
5.775401208816269838e-01
5.937296515162017174e-01
6.326273738706148508e-01
6.296341319687732696e-01
6.279207789073728563e-01
6.179491968138344227e-01
5.991117748184988656e-01
6.532848255156714634e-01
6.319444126469896394e-01
6.197781372769025632e-01
5.781691361999830026e-01
6.448385096514607229e-01
6.279942510050318116e-01
6.463147049969644176e-01
6.349058379634543448e-01
5.908824518919172375e-01
6.134771148390383289e-01
6.134523559423173955e-01
5.974571398294590274e-01
6.060773825180508778e-01
6.234716031061471320e-01
5.660759084883744130e-01
6.070725256802381731e-01
6.235359991034676863e-01
6.233848917731730221e-01
6.520392516287066842e-01
6.192864460883233946e-01
6.277337008840687682e-01
6.053166822260886981e-01
5.846823147930512166e-01
6.181375862079158123e-01
5.909827672000022014e-01
5.865934487128854347e-01
5.922541367633303855e-01
6.158960627625154061e-01
6.244716692366777400e-01
5.925297607551669454e-01
6.064885174367722342e-01
6.230037873505479551e-01
6.268869536222092531e-01
6.285857951007084443e-01
6.118104707960201338e-01
5.883213274709288010e-01
6.363786273492376688e-01
6.348834750402100324e-01
5.947823866218707733e-01
6.413328723091854533e-01
6.073743368907786877e-01
5.889052371103107308e-01
5.979972682647221038e-01
5.883278957746692628e-01
6.270100157608541336e-01
5.911018978849487127e-01
6.085630443259161249e-01
6.216921364844177900e-01
6.338822240468765523e-01
6.711725326487605336e-01
5.962308284764109567e-01
6.597209576297060618e-01
6.122805976576030096e-01
6.004621623935560981e-01
6.325070229372815600e-01
6.098537823018733706e-01
5.952897679358609695e-01
5.966966607892607577e-01
5.994456970176651467e-01
5.991826247652496384e-01
5.954661105567758961e-01
6.262643254278452698e-01
5.954203212637106946e-01
6.232877738698554548e-01
6.219891757954663092e-01
6.062274218350983679e-01
6.174375834579697297e-01
6.553708357914387328e-01
6.300056064254354604e-01
6.378121683082408344e-01
6.639821537944468055e-01
6.796547171147752087e-01
6.296933203123497025e-01
5.918949169167677660e-01
5.913543290094787075e-01
6.021640182890627413e-01
5.761714912802162747e-01
5.692365239112315844e-01
6.226997106445539831e-01
6.064540902551994739e-01
5.963748069401951790e-01
6.087510611882844813e-01
6.246011264186662748e-01
6.280290185894881194e-01
6.224219793751754048e-01
5.977383455643613397e-01
5.922982779989071078e-01
5.697704790649372741e-01
5.862344144199479468e-01
6.056373421346444852e-01
5.618157093810076663e-01
5.884129494198406807e-01
5.952699293694549976e-01
5.733481667835732543e-01
6.390845313318770371e-01
6.356392078040061788e-01
6.805925967254946585e-01
6.034178419567576279e-01
6.639576085795400040e-01
6.497016196336331539e-01
6.014502674295644225e-01
6.379781190452649131e-01
6.109084527287700350e-01
6.844388102577091404e-01
6.077221070411045201e-01
6.182982685963085423e-01
6.395003970456940579e-01
6.385181200052373329e-01
6.319437180457539993e-01
6.237132832570682073e-01
6.514547946799013056e-01
6.419287663429035229e-01
6.241727629623644580e-01
6.461716848698579874e-01
6.217530086288047819e-01
6.643564338901450927e-01
5.946662910095631416e-01
6.419327394530255360e-01
6.107755243507592136e-01
6.567568958485322517e-01
6.075317194493337070e-01
5.576863097474960007e-01
6.165990773675454895e-01
6.115677448558537455e-01
5.996738996166355307e-01
6.128880132798748548e-01
5.927691261752513485e-01
5.989915682342471515e-01
5.861698258562670905e-01
6.256591977980380248e-01
6.335384359052639303e-01
6.379902533795159814e-01
6.286954407250884280e-01
6.140682936299208805e-01
6.128053652424995112e-01
6.330161334614302637e-01
6.369732030530419475e-01
6.255191979353047493e-01
5.950217405134484716e-01
5.828930974126341757e-01
5.898424186885524723e-01
6.025607224641911230e-01
5.711244766282500551e-01
5.670811726168408784e-01
5.890489064092238047e-01
5.929421583369748339e-01
6.099759472722570131e-01
5.986842712611959438e-01
6.167476813707933880e-01
6.200757513508480256e-01
5.975223562648318554e-01
5.882895233313087946e-01
5.813374097916890193e-01
5.883016295666765316e-01
5.931867800107331057e-01
5.794241724449390452e-01
6.039881026329846359e-01
5.790195395385141497e-01
5.863117052808550778e-01
6.117646958499384224e-01
6.108084941316884731e-01
6.119983047819947952e-01
5.908400040045961310e-01
5.855707077225553725e-01
5.977421911226545870e-01
5.806237774316858058e-01
5.630956905272606061e-01
6.488534798261194059e-01
6.026173866047432881e-01
6.172567412583522817e-01
6.260917191433335027e-01
6.141820715261331332e-01
6.105442298892133079e-01
6.099749129655483992e-01
5.692076247054307370e-01
5.801383069168671858e-01
6.088377667150743910e-01
6.044486317324814229e-01
6.080449621322395748e-01
6.439805587066632642e-01
6.216429009657122862e-01
6.591546637598472147e-01
6.048893080753239282e-01
6.197405712597980898e-01
6.311871343690966807e-01
6.449300985729035096e-01
6.329936785107751485e-01
6.321848632004287705e-01
6.327618465339420739e-01
6.508074313859553151e-01
6.537185582775850712e-01
6.445662372330512868e-01
6.545008784831212179e-01
6.389066683773850785e-01
6.248167142387963668e-01
6.026015991693610685e-01
6.091077296547717790e-01
6.034049403788735999e-01
6.068022912759482024e-01
5.999147566033004031e-01
5.955539848465981612e-01
5.677401797901991953e-01
5.577856993288906606e-01
5.974822787902093202e-01
6.365139903009211508e-01
6.224625196466808674e-01
6.220277945290834110e-01
5.974955293364074826e-01
5.555562212275297895e-01
5.819270239187758209e-01
6.085585821010476293e-01
5.753114519947322147e-01
6.033401181280888537e-01
6.157065643856880488e-01
6.054453979350280513e-01
5.909938616400804978e-01
5.705796975049420849e-01
5.906007199600457058e-01
6.406153106255041418e-01
5.981360327836178215e-01
5.879157478535903536e-01
6.100701264555300485e-01
5.851907963533546919e-01
5.725498266877515618e-01
5.765179873575648761e-01
5.637460034580991097e-01
6.044231818894524322e-01
5.662902555976174757e-01
5.864070614437857376e-01
5.447958566230033384e-01
6.049981004082719549e-01
5.676400760448817584e-01
5.547555432818540577e-01
6.031214030547116245e-01
5.922818353965709770e-01
5.804911042516642805e-01
6.189402178084077999e-01
6.098461637567953453e-01
6.219456833024251674e-01
5.705977907488087864e-01
6.305327163052864003e-01
6.372104398678531956e-01
6.016557447270152181e-01
5.933046497612338710e-01
6.174512285490212360e-01
6.180300767674912210e-01
5.853319506476073464e-01
5.921444255373787824e-01
5.849985986749454137e-01
5.960023513504149051e-01
5.964287777880352692e-01
6.561560888621867926e-01
6.216516416228627939e-01
5.968426987064923139e-01
5.981972870907086293e-01
5.837083373587184099e-01
6.088568250585396635e-01
5.882171570604164401e-01
5.942463992097012371e-01
5.891803244635869241e-01
6.157007216779057934e-01
5.643513970849087791e-01
5.942705984053289203e-01
5.820797777776292037e-01
6.042123166206087026e-01
5.900445575132975407e-01
5.859622025371800103e-01
6.061905730693917249e-01
6.113980212951007909e-01
6.049049613279291471e-01
6.145174310623491287e-01
6.071650124389975645e-01
6.181931640112473536e-01
6.475601958081379506e-01
6.101320589419078066e-01
5.622315974404274996e-01
5.861520981204324521e-01
6.005828835434645629e-01
6.325577620393193490e-01
6.177004353886533794e-01
6.115951660383969202e-01
5.984774185864527585e-01
6.203340750223816924e-01
6.130465345648589137e-01
6.335377220442131030e-01
6.176823600558952743e-01
6.061922658700803490e-01
5.872618323325077272e-01
5.887850295360511632e-01
5.973688393584055678e-01
6.188104686343753880e-01
6.226662557793293251e-01
6.134550766289224022e-01
5.646907094078297273e-01
5.617892343733711380e-01
5.967023134266838946e-01
5.936882713232288777e-01
6.179498912937825272e-01
6.037016335269623779e-01
5.834850069419575957e-01
6.122932793413881081e-01
6.057746582017345949e-01
6.526960423550144386e-01
6.052962108326653823e-01
6.122085506990714299e-01
5.870942099130350700e-01
6.569576224982294210e-01
6.142670694913703322e-01
6.259514178159252262e-01
5.942620190726782825e-01
6.125413491318212333e-01
6.119419141942135099e-01
5.825717560527706729e-01
5.878301884171867053e-01
5.744827197791161355e-01
5.872696145659873634e-01
5.909623519124289626e-01
6.141836019840581917e-01
5.836239946597907569e-01
5.532736775660029860e-01
5.843183600755890161e-01
5.588678887097913162e-01
6.038226456725525049e-01
6.325111837148731375e-01
6.359984750774860807e-01
6.163738188752245772e-01
6.141306009098758123e-01
6.005849079349339092e-01
6.051503175808593538e-01
6.095503643566534402e-01
6.275685846743650487e-01
6.001431190482241496e-01
6.507312106836330434e-01
5.996769875909363501e-01
6.105190839153491478e-01
5.873399959472508369e-01
5.856573055301571573e-01
5.955525694130140435e-01
5.866926830171781404e-01
6.259288347134183139e-01
6.104185823704795233e-01
6.215875941393066428e-01
6.399239911628809008e-01
6.721973983840523470e-01
6.138565171910155271e-01
5.976022325845489203e-01
6.286875008890123739e-01
6.258840964532962348e-01
6.156201609307759837e-01
6.100056331913923380e-01
5.821564593193550019e-01
5.893371936283453572e-01
5.894996886582645201e-01
6.123637299408060120e-01
6.144990170462436563e-01
6.257663980085931277e-01
6.557195771046336885e-01
6.015634497972528472e-01
6.196907820615228379e-01
6.071952481711925254e-01
5.629415723017678896e-01
6.175122644649231329e-01
5.935151546213207618e-01
6.203805196482965467e-01
6.466515839530466714e-01
6.423723271174014426e-01
6.340256341995368361e-01
6.533125465877183125e-01
6.021383692863664372e-01
6.372567231337434857e-01
6.428354399601577951e-01
6.672801554548707381e-01
6.280016597631444819e-01
5.951404040992398503e-01
6.205604031788237718e-01
6.163552927453350705e-01
6.307833548069128327e-01
6.461673893221386855e-01
5.899354283841645730e-01
6.084184838319073307e-01
6.449882395851080918e-01
6.696063345123609567e-01
6.421024528047212243e-01
6.120492172733446035e-01
6.497067577850216269e-01
5.866324841307560822e-01
6.068715850398060940e-01
6.589931569576300552e-01
6.104559938446135758e-01
6.406395566786380336e-01
5.924097344049907843e-01
6.169152718851463879e-01
6.209264265980170006e-01
6.254326822038475120e-01
6.147429284671093175e-01
6.049864582220551013e-01
6.223106976265130319e-01
6.136280062014599634e-01
5.930113173265082471e-01
5.892269351255330356e-01
6.229561271022628910e-01
6.265337724288491117e-01
6.094211259894717347e-01
6.415985215456986301e-01
6.490432390178098032e-01
6.008000086089821945e-01
6.009687229765964256e-01
6.102411895149796317e-01
5.906917806649396585e-01
6.425983190968398429e-01
6.326825155057131944e-01
5.794745226827178186e-01
6.029109102641568851e-01
6.355314266779693577e-01
6.400575471020710783e-01
5.960519069061255282e-01
6.119040367493125965e-01
6.046914491891151044e-01
6.193603551292915510e-01
6.112884953770986174e-01
5.875561810869925905e-01
5.787338055334775300e-01
5.943363746966834338e-01
5.896580264117958770e-01
6.176248931611002524e-01
6.130553941618647196e-01
6.047049811874704028e-01
5.645600857847362652e-01
5.875179870093776291e-01
5.908783645891583225e-01
6.234736053894078811e-01
6.156492232079988636e-01
5.727013189571771301e-01
5.497017102606061023e-01
5.556070587889386792e-01
5.988147082971262414e-01
5.867590474867585559e-01
5.691102320215044585e-01
5.760465122297304674e-01
6.074649005394757717e-01
6.058512086867395841e-01
5.887649600342768075e-01
5.717784915071968399e-01
5.887351914720383439e-01
6.075417352716742103e-01
6.294982283045854610e-01
6.132049858809407450e-01
6.131307113177355550e-01
6.165604401806418222e-01
5.755520982381888695e-01
5.767598002717465588e-01
5.807887240549289842e-01
5.965056442734352204e-01
6.414096277512575384e-01
6.265667782113334416e-01
5.929333033999801827e-01
6.094855493938975410e-01
6.026430155754379792e-01
5.910534426934488383e-01
5.915198247780665275e-01
6.198264205491190726e-01
6.056760677448432828e-01
6.087464604373161725e-01
6.078160145133015835e-01
6.048249408378323366e-01
5.746642374297720179e-01
5.667814108625816027e-01
5.506350454150442664e-01
5.933594334049251406e-01
5.910674905112511812e-01
5.825760718427960283e-01
6.086446323619402188e-01
6.026093394026601491e-01
5.879818412973391029e-01
6.224211311024062665e-01
5.837713317424020332e-01
6.227924140844484091e-01
5.791966260724140669e-01
5.811535326024012127e-01
6.154697796871303472e-01
6.059699354812467798e-01
5.875032755673977869e-01
5.987651467407841821e-01
6.214552711474589097e-01
6.385795063900235879e-01
6.267939484059730226e-01
6.632426767672432444e-01
6.154381669977722069e-01
5.768777384069436742e-01
6.157576023403131815e-01
6.387724109262524763e-01
5.642088425483249292e-01
6.013082753285383664e-01
6.162844846909935059e-01
6.447635766429051785e-01
6.048400785848401240e-01
6.108768979715444303e-01
6.152750659651671228e-01
5.923010821452522334e-01
6.009646200795323301e-01
6.089832626316837860e-01
6.061307525690505793e-01
6.156961117001160666e-01
5.962348642703321211e-01
5.856267424946828282e-01
5.953731485723122718e-01
5.826838646995320392e-01
5.805492511155730950e-01
6.127699023882458018e-01
6.200385221822275472e-01
6.280587634810883557e-01
6.146712481815658213e-01
5.808385534869643374e-01
6.189958117244831470e-01
6.227272754676562716e-01
6.324752334613804594e-01
6.331260151345697862e-01
6.680730845871720724e-01
5.901304016062460800e-01
6.050231466883677633e-01
6.233290980105788970e-01
6.199408593494847297e-01
5.960346414022295036e-01
5.474489515850106125e-01
6.076782249775152245e-01
5.985853029631609257e-01
5.968840889483233436e-01
5.704166626688030872e-01
5.613050313274213776e-01
5.817275597404749643e-01
5.530834930716810316e-01
5.397900722620289082e-01
6.033643592740760564e-01
6.148516366783661757e-01
6.315042839210892600e-01
6.050312246920049875e-01
6.124875116627097604e-01
5.758773604851200600e-01
5.716979966183506345e-01
6.099478106948681422e-01
5.984282495742727637e-01
5.879015005269466743e-01
6.093552737312529777e-01
6.166223452103986036e-01
5.953755831322201653e-01
6.066233585932521155e-01
5.983462862074983013e-01
6.009768162163563465e-01
6.071501864189658981e-01
6.454409667161600250e-01
6.075513643657167728e-01
6.406016518447428254e-01
5.986909249079572781e-01
5.979672330997990448e-01
6.238317608411655391e-01
6.172595284153010731e-01
6.222663938231759451e-01
5.863909113885938940e-01
5.746439467410341395e-01
6.266468453471301103e-01
6.369217023118237675e-01
6.105914164043531045e-01
6.117003468150084000e-01
6.385957366694993143e-01
6.456697310050144578e-01
6.541224223920673042e-01
6.569895569450238115e-01
6.572212872774733095e-01
6.433011796562049245e-01
6.478530990995257088e-01
6.374817194881211568e-01
6.381429633716512173e-01
6.578952572761539441e-01
6.294517560013649371e-01
5.922902165748822334e-01
6.026115723029391580e-01
6.340300267007867863e-01
5.922832846809863439e-01
6.489478202874039425e-01
5.941275316800402884e-01
5.885789317844286606e-01
6.130067926122629851e-01
5.960684254234257518e-01
5.821022250903842288e-01
6.113760416096278849e-01
6.306887297204984977e-01
6.191920818817637784e-01
5.941335779609615564e-01
6.055227000639371582e-01
6.268739148982320764e-01
6.127025909149802496e-01
5.905365072622960065e-01
6.124454676468850112e-01
6.082703170194277975e-01
5.803634924372904624e-01
5.813155947277820479e-01
5.939091942345834374e-01
5.696536340648634678e-01
6.147663661493015796e-01
6.430163620528293045e-01
6.471763258816278785e-01
6.611635885984962213e-01
6.222768866735051141e-01
6.276598518226788048e-01
6.366601078129174862e-01
6.370045755582751656e-01
6.231111052372985126e-01
6.161521654124382241e-01
6.306986997862730204e-01
6.021612562224157861e-01
6.070108753347264186e-01
5.903571357005351627e-01
5.677783395505587860e-01
5.799299291366341036e-01
5.773897540980024168e-01
6.083502494574410946e-01
5.950120284769065959e-01
5.766616878817549807e-01
5.779664369927999257e-01
5.837377738510205472e-01
6.039954832356976278e-01
6.372682991590694623e-01
5.857204518564109730e-01
6.101127752291157780e-01
6.245859853365817171e-01
6.353238835632020187e-01
6.557769932592554252e-01
6.004138534046778997e-01
5.828021219382406581e-01
6.091674822618368124e-01
6.628478318745916198e-01
6.294716597449772078e-01
6.462350132587957319e-01
6.277358573382803009e-01
6.216819234573330855e-01
6.267202760067621670e-01
6.024304924160057695e-01
5.964631571788274744e-01
5.952962547246180014e-01
5.995701637495587377e-01
6.529561726081548612e-01
6.094648368555966034e-01
6.016059000015353542e-01
6.152364990765852859e-01
5.945879456131859531e-01
5.916441582822651313e-01
5.795433995583031406e-01
5.996618141624204812e-01
5.842395144109930882e-01
5.908903899075699240e-01
6.168862405515317393e-01
6.455798983174012573e-01
6.170727112848665152e-01
5.832708968703628205e-01
6.048275465037988852e-01
5.851424490107157705e-01
6.285856062653765175e-01
6.067141986721353852e-01
6.612392896721255298e-01
5.660819718257842359e-01
6.014660916424554582e-01
6.180982022954810695e-01
6.203172109725214600e-01
5.875551343518506942e-01
6.072510303252749431e-01
5.962219906468199104e-01
6.004583175411696283e-01
6.420599760871952277e-01
6.097670674122330770e-01
6.016800143045406557e-01
6.067829860696859479e-01
5.817216080018725588e-01
6.067929388423765058e-01
6.002956006250107501e-01
6.243163914693052874e-01
6.302588968287126114e-01
6.264233429345867910e-01
5.796153969315465115e-01
6.155959812007187892e-01
5.943891947538368914e-01
6.150288407994993767e-01
6.063503018571400061e-01
6.214448640840692928e-01
6.090480045688797528e-01
5.753720888479849638e-01
6.167457108056079162e-01
6.290478468915319255e-01
6.283247624814404242e-01
6.448413831936483653e-01
5.739372659557407941e-01
5.980216019690769436e-01
5.902428679169773318e-01
5.795940374161667741e-01
5.579244111396962635e-01
5.745026649292455101e-01
6.021430147110109488e-01
5.962157884434869937e-01
6.343126874284796823e-01
6.241290815732872810e-01
6.414839986017578655e-01
6.070750952116135135e-01
6.016839771557227490e-01
6.255225696239293809e-01
5.825524197904045076e-01
5.716682351306354715e-01
5.840183893909275392e-01
5.710989917115565362e-01
5.964298575834795502e-01
5.904789694222046803e-01
5.910112053077278826e-01
6.289437277101719292e-01
5.764929648612586721e-01
6.050530556494880807e-01
6.219970574898874283e-01
5.786832570068348724e-01
5.786193084911349649e-01
5.916942068419086542e-01
5.828492968512724026e-01
5.994718167158301636e-01
6.043843647906628203e-01
6.143004377785161729e-01
5.991318129410986293e-01
6.109542439414791248e-01
5.998244590404979704e-01
5.806382434353849487e-01
6.047015988522955743e-01
6.221572143811079370e-01
6.185943722963738178e-01
6.320910587211838738e-01
5.961891912139318794e-01
6.396930668111722174e-01
6.049820165778165837e-01
6.046713187739275464e-01
6.582727588013266296e-01
6.152688059585992297e-01
6.032768890485796787e-01
6.402703285354222063e-01
5.834484057496523990e-01
6.251349501066890690e-01
6.165907171839982714e-01
6.291028486209562232e-01
6.162475321091821501e-01
6.247792504358894439e-01
5.991185992619784129e-01
6.303692854578064608e-01
6.145482067461119913e-01
6.000273583861714943e-01
5.862626539108701795e-01
5.851037907934945048e-01
6.069294232608757333e-01
6.455117182506120432e-01
6.076072781580936777e-01
5.923917244019926143e-01
5.856478962576915359e-01
6.207638896169526133e-01
6.151815204178867624e-01
5.846197954751217729e-01
5.853698673739302638e-01
5.934201854819470823e-01
6.143304672662189825e-01
6.083140788903038665e-01
5.941424495632133818e-01
5.811940372266083399e-01
6.206754355395656120e-01
5.873461647763649207e-01
6.129354878821611230e-01
6.059597187825350728e-01
6.252900140380963645e-01
6.042612633180459714e-01
6.045428079713884850e-01
6.296195946306804014e-01
6.386450985179761286e-01
6.233329352649068511e-01
6.060048793301591186e-01
5.845470973061510644e-01
5.909677580839621802e-01
6.247644275959004512e-01
6.255189054793037773e-01
5.875537269135849838e-01
6.236530458060733917e-01
6.810130769420252861e-01
6.083782225214501294e-01
6.479244515466170418e-01
6.788212072680781528e-01
6.319355681094387389e-01
6.312030904119625419e-01
5.982173589722913354e-01
6.273385089113968638e-01
6.458767944085912482e-01
5.873020487813124246e-01
7.029750032188791797e-01
6.553131344578453366e-01
6.371965212474623996e-01
6.174478920742025867e-01
6.076937331582352719e-01
6.130215161865970597e-01
6.362127058843288774e-01
6.093885838293841006e-01
6.234942518200606854e-01
6.082892861755693215e-01
5.781294997801238456e-01
6.181419389840873135e-01
6.250803452411390904e-01
6.092297542644071751e-01
6.029615674922470525e-01
6.152897823657652587e-01
5.927070478302436385e-01
6.189409169717395853e-01
5.809650325807518279e-01
5.922555637590279920e-01
5.843240582689797069e-01
5.901608438743500828e-01
6.297129676497537076e-01
6.403331962069227501e-01
6.321513789669820360e-01
6.205593437056036166e-01
5.787507895927408441e-01
6.404843169788488888e-01
6.037710518994424680e-01
5.734639540127798307e-01
6.501206302038262663e-01
6.208984654714906348e-01
5.699973467212389178e-01
6.249608779220531263e-01
6.208170136369502989e-01
5.897537047139823629e-01
6.142807234177213305e-01
5.866025363451217167e-01
5.842616823401221016e-01
5.903817609058317206e-01
5.637404749109116153e-01
6.093589337255307381e-01
6.388973758057348018e-01
6.377576783453695608e-01
6.181725134850739600e-01
6.105264870631599283e-01
5.776011280447272966e-01
6.153238954163137153e-01
6.385647739930953026e-01
5.807689311172377078e-01
6.095433698013592583e-01
6.215085818925032424e-01
6.238239843147359576e-01
5.921969980633969843e-01
6.033137021492992469e-01
6.138615490725759516e-01
6.471978379120255642e-01
6.206078418691843845e-01
6.251391393065305335e-01
5.827607525380744669e-01
6.126749199843954941e-01
6.146738221583279982e-01
6.478798511096052204e-01
5.952808579315556070e-01
6.191980983577017872e-01
5.774066171985861029e-01
6.119013105979397293e-01
6.221433297921791228e-01
6.048253773109922848e-01
5.960553591133044282e-01
5.662046196223051719e-01
5.915145502871335115e-01
5.778778108937433489e-01
5.922963258052342805e-01
5.865885475594065923e-01
6.061129699452652009e-01
5.960113328253510145e-01
6.038245514636494393e-01
6.130076724496308360e-01
6.039267849724316850e-01
6.424429979630056353e-01
6.136434154292859100e-01
6.103478345027758545e-01
6.199385049712130558e-01
5.802292738017330587e-01
6.348091657391317089e-01
6.374937658188417622e-01
6.054589800341473316e-01
6.583957746493221963e-01
6.066005425428285802e-01
5.663173670096228740e-01
5.998358740170711689e-01
5.909984705763451363e-01
6.183298921927672387e-01
6.502919341043207346e-01
5.989387254577095421e-01
6.216190255303406520e-01
6.349402758439917083e-01
5.692194578832167062e-01
6.081043865905033652e-01
5.625472996814429028e-01
6.208860656426330449e-01
5.748765459757909646e-01
6.184074070008750423e-01
6.480999974007101150e-01
6.040790673429177193e-01
6.167261149330092174e-01
6.085494059884457574e-01
5.956482682432647779e-01
5.826242603088758187e-01
6.351775011955719252e-01
6.140395324793984644e-01
5.913158340115924894e-01
6.476996560426748761e-01
6.491181206759280009e-01
5.743125753011296686e-01
5.902080360353809674e-01
6.134247926914396798e-01
6.334179273123161646e-01
6.042824582801724631e-01
5.734950449649719451e-01
6.154176687234792498e-01
5.886788386023402708e-01
5.644252837704646364e-01
6.148043003796723749e-01
6.252417253008993869e-01
6.475646836308455168e-01
6.362685065934294837e-01
6.444850933372960888e-01
6.160884384620092247e-01
6.097185985159874200e-01
6.445550544468425791e-01
6.164530471384312982e-01
6.338230825440329674e-01
5.721011670575502084e-01
5.873562212865740539e-01
5.709313289999783381e-01
6.300481168945144539e-01
5.968826916418503714e-01
5.837276272566624957e-01
5.859762827149470610e-01
6.175354720626783367e-01
5.869259083212411410e-01
5.690083720253762412e-01
6.179482714944414257e-01
5.820622599656697371e-01
6.078333839530101201e-01
6.097318203671936443e-01
6.299730137853953860e-01
6.031682163410989617e-01
6.164678842758107846e-01
6.074667683802217333e-01
6.195699629083938342e-01
5.825174027311288416e-01
6.157071546457580924e-01
5.921584543030097292e-01
6.090278540715525768e-01
5.639115241239491816e-01
5.989252339221041721e-01
6.218805445925782438e-01
6.177949161371881770e-01
6.073338856437721089e-01
5.953549578267424147e-01
5.724234366609658453e-01
5.748687818954177908e-01
5.740299846976940623e-01
5.776638453598841316e-01
5.649773397343429426e-01
5.626911828919690661e-01
6.192529244078756046e-01
6.111943069999207223e-01
5.669619006285530061e-01
6.003422792750043868e-01
5.919032585950638747e-01
6.025879995338192519e-01
6.047743510943439649e-01
5.905700669347544451e-01
6.104961877390269187e-01
6.174081713288674944e-01
6.076332009103120324e-01
6.139465801223461527e-01
6.182916335599311086e-01
6.203188164200984511e-01
5.766726755915750902e-01
6.130713435584255189e-01
5.940587071485107229e-01
6.003413745556284153e-01
6.063418453713481648e-01
6.039621513198513147e-01
6.286234425189207720e-01
5.870588879505630464e-01
5.848567734797706086e-01
5.984300524869172744e-01
6.078140078403201363e-01
6.017385875943878082e-01
5.888575870771359799e-01
6.001694411844846755e-01
6.329249058450503451e-01
6.103917416790413109e-01
6.333184659087506274e-01
6.366130565456571411e-01
6.178853866923380567e-01
6.213191788512048008e-01
6.075286968950822653e-01
6.297364175303641343e-01
6.306295874916604260e-01
6.074994841217880026e-01
6.140349638694811985e-01
6.139679184109197996e-01
5.899206538291589252e-01
5.957311833472332951e-01
6.407425776366775239e-01
6.374430380631684878e-01
6.068087361654695977e-01
6.318402103419724636e-01
6.505715539545394721e-01
6.577674665623886030e-01
6.235221202141199015e-01
6.339442243991767478e-01
6.341125681139407888e-01
6.078508794517207825e-01
6.382072064039792103e-01
6.030133222199380860e-01
5.955929430737791908e-01
5.902499894466765040e-01
5.847223833085372080e-01
6.090766086572982907e-01
5.842053194476353184e-01
6.032542772205355952e-01
6.427552959912349317e-01
6.685046594575273504e-01
6.582656259346147953e-01
6.808692434964144224e-01
6.143944724010129699e-01
5.940740003116418144e-01
6.010327699963892156e-01
5.971103039566765247e-01
5.819070092400773220e-01
6.079808186800468306e-01
5.999540650734875857e-01
6.189842810991380562e-01
6.183470392886306621e-01
6.020934984695253123e-01
5.858348169126750271e-01
6.105840106955279234e-01
5.892543311827018737e-01
6.229710981752006882e-01
6.078271854958848808e-01
6.238193588939792145e-01
6.618197237363282470e-01
5.915592899203288013e-01
6.166403541857163884e-01
6.030027055750961651e-01
6.470869436676339737e-01
6.408185207340062473e-01
6.364586836514455337e-01
5.839691789479114492e-01
6.220800551734934070e-01
6.044660087276243488e-01
6.242464730533899830e-01
6.150670318241863166e-01
6.143751745560660504e-01
6.308624808452535371e-01
6.362571367773108832e-01
6.358350759839059840e-01
5.986874442815285358e-01
6.367586568920341472e-01
6.734738649583382752e-01
6.098198109740793349e-01
6.323837122452359294e-01
6.257986989116247623e-01
6.253783133673689321e-01
6.411708590865475843e-01
6.467983442895616220e-01
6.906611125458870237e-01
6.315094186784415697e-01
5.997750594696745763e-01
6.222899335349788563e-01
6.464755234061622113e-01
6.090365098193100124e-01
6.009768876950121186e-01
6.395940680372816933e-01
6.026289850671083803e-01
6.200638075650188874e-01
6.110359554091894241e-01
5.954509445164377635e-01
6.244017321971554457e-01
5.797894691211579188e-01
5.826943733769207601e-01
5.819528414532298966e-01
5.939493506143544987e-01
6.110032623965064857e-01
5.710847629423623228e-01
6.020408965806643975e-01
5.916343002034385457e-01
5.766590696949834838e-01
5.708960335137346354e-01
5.988763415042968052e-01
5.992217083180796378e-01
6.180917109775692087e-01
6.182923853317694451e-01
6.358091329272228531e-01
6.155419480150420286e-01
6.213044629178025025e-01
6.644206791178068894e-01
6.508998551700582169e-01
6.535933992614033627e-01
6.221910937091527094e-01
5.800424756268635074e-01
6.031776616250217327e-01
5.865945847245684908e-01
5.746606876721315205e-01
6.050445820430296884e-01
5.981283410774598241e-01
6.016465387605853810e-01
6.038428399501412080e-01
6.069624217342010075e-01
6.259130579499213587e-01
6.061091203161563801e-01
6.090233880410921286e-01
6.354489716889754058e-01
6.104439127505898455e-01
6.053517659870011336e-01
6.216077045699601733e-01
5.902978794619788694e-01
5.745185228729907667e-01
6.016890099276552828e-01
6.068592182806963331e-01
5.796719947419854968e-01
5.936950663261875150e-01
6.476538459366877332e-01
6.091461924187776544e-01
5.857889582429848252e-01
6.058045219840546558e-01
6.075255071993350686e-01
5.833228715215447169e-01
6.159550717339373760e-01
6.246183209074345211e-01
6.297532437362919344e-01
6.178006773703031973e-01
6.577663243120414061e-01
6.599807961787389488e-01
6.559968555074501273e-01
6.501905768547465714e-01
6.211348174031134928e-01
6.537182425616238080e-01
6.136636302214912853e-01
6.539798784541166476e-01
6.679105425809617191e-01
6.451884718664225860e-01
6.434799591303465016e-01
6.464495027414484118e-01
6.789000911031887187e-01
6.336093102348858697e-01
6.309056144368225816e-01
6.357030122695148666e-01
6.139975506009097694e-01
6.314210247968787826e-01
6.427363365477990476e-01
6.520757675957647992e-01
6.373891223331590306e-01
6.694384031623378251e-01
6.221843476502074699e-01
5.910111232498881373e-01
5.945051134484629074e-01
5.814247777721475163e-01
5.767911529549190064e-01
6.004134024100235001e-01
6.105555301051946993e-01
6.164932471536067604e-01
5.590335926325935567e-01
5.778377464051066559e-01
6.483305213796223265e-01
6.142094524647325748e-01
6.081235473628133770e-01
6.155632815014345782e-01
6.341044722206005124e-01
6.180031010509302591e-01
6.421186244234087237e-01
6.203174425527052671e-01
5.915674895181135540e-01
6.028676289870101845e-01
5.718896595233120550e-01
6.030067787333888152e-01
6.241794838540438706e-01
5.826229474946339471e-01
6.321322512374422109e-01
6.157041707282047138e-01
6.022026180878830015e-01
5.868137258734243966e-01
6.157788497847529463e-01
6.302680536168878689e-01
6.041445133956798719e-01
5.786862255129067156e-01
5.881328688579700037e-01
5.693097987207652588e-01
6.120838935208480214e-01
5.780338020009562205e-01
6.334923538790598885e-01
6.399357178512161681e-01
6.114013091412279222e-01
6.362640939109805993e-01
6.153262813887923066e-01
5.734819205808083797e-01
6.229776992535721591e-01
6.219971783459433690e-01
5.859750264754295390e-01
5.841648225179698617e-01
6.180142722944188538e-01
5.950532995920956303e-01
6.044154531817533815e-01
6.064712714546549588e-01
5.827258308168619116e-01
5.591244445094594173e-01
5.661067020646217696e-01
5.617747034928218808e-01
6.137924055378590760e-01
5.823014797684074040e-01
5.924996923073942989e-01
6.112278864417547419e-01
5.954798377903222084e-01
5.834436546618765318e-01
5.817156113621174685e-01
6.227649889110447035e-01
5.911611829484574310e-01
5.705896785769493107e-01
5.586675507388637607e-01
5.810327761984088735e-01
6.187262385277475518e-01
6.155874500514452174e-01
6.277415912175420276e-01
6.393229711661995163e-01
6.558119667248488716e-01
6.246282525299724497e-01
5.990476141219738260e-01
6.076534750467940116e-01
6.172657306079202266e-01
6.079935091037741435e-01
6.032247333268685452e-01
5.855121375815872664e-01
5.978850077719461975e-01
6.126392159926810077e-01
5.750432070747134583e-01
6.214742278005078724e-01
6.117403115263465585e-01
6.394566634476216427e-01
6.001075494530245802e-01
6.060804978670425447e-01
5.685555100178620869e-01
6.026172626505151841e-01
5.636967561993901921e-01
6.129023895476752859e-01
6.207105322221725396e-01
6.107491629198205096e-01
6.316430189579079757e-01
6.016313161790235453e-01
6.312314368987935742e-01
6.194713196900634156e-01
6.062504690237208171e-01
6.196577942428109775e-01
6.209735107008732546e-01
5.709648246906615654e-01
6.206311628678512493e-01
6.097129735585486987e-01
6.311765737318993930e-01
6.222937665384694617e-01
6.370066098188046366e-01
6.058355655543969931e-01
6.033204220106574978e-01
6.367279307698854307e-01
6.516255632278409315e-01
6.635624912250354113e-01
6.345934789195588621e-01
6.288653738136369409e-01
6.302619513736223977e-01
6.170238946072195141e-01
6.132992403316532837e-01
5.620513268797241446e-01
5.928622585173026760e-01
6.025020613506714140e-01
6.171623195289351882e-01
6.508776265326795540e-01
6.734184115125836367e-01
6.667845649994023072e-01
6.930778286623477946e-01
6.725114712107533865e-01
6.474777021227787754e-01
6.681034697200954886e-01
6.499906198422821246e-01
6.103408858694159278e-01
6.503505586923199466e-01
6.788305279741400078e-01
6.522075543885751392e-01
6.145602994524355100e-01
6.097475363559121675e-01
6.635235596757913523e-01
6.392396100600507003e-01
6.267976084770623402e-01
5.994486593504505523e-01
6.046655769662985236e-01
6.185367627330468077e-01
6.168976036714178823e-01
6.151854919888271045e-01
6.059422029913176244e-01
5.822420815084979884e-01
6.089837921841341206e-01
6.352482654050572997e-01
6.551542442853480752e-01
6.142369169713612909e-01
6.593063497940628848e-01
6.452316321794849818e-01
6.282757689705177340e-01
6.174209180979526312e-01
6.573668120090819800e-01
5.954360464901797823e-01
6.047251917292232326e-01
6.140768306093163931e-01
6.103243732948069322e-01
6.354319461824996518e-01
6.349403900306782589e-01
5.900801773166745035e-01
6.184221130692656443e-01
6.164597172418143645e-01
6.061676083680139770e-01
6.324190193807366356e-01
6.624446245357137331e-01
6.163235612818287468e-01
6.065186603431103052e-01
5.877745049936143884e-01
6.317948571519572676e-01
5.995218979201117904e-01
6.207020984677754649e-01
6.148070512197372217e-01
5.890657046937552987e-01
6.048355555130706662e-01
6.176287532647698475e-01
6.669707330036539483e-01
6.094297142529387923e-01
6.028335953421621873e-01
5.856961198226537935e-01
6.167887743871092177e-01
6.164631021972788449e-01
6.342592019448616281e-01
6.421132769811296326e-01
6.122983552138117069e-01
5.921708423616797168e-01
6.627862912868695000e-01
6.241406299102236765e-01
6.046804949657345052e-01
6.518437439553119717e-01
6.258648240146809094e-01
6.441341101370875455e-01
6.187330111309868874e-01
6.584297990766250219e-01
6.295672454421157305e-01
6.196988416339429540e-01
6.274164103283560445e-01
6.460165488445634985e-01
6.173896185409952775e-01
6.008567427545440376e-01
5.949662307906826708e-01
5.790883968213123012e-01
5.825045855740934586e-01
6.024581050905388757e-01
5.955969689518816335e-01
5.823940739250291765e-01
5.808193921022681838e-01
5.775658950652097223e-01
6.002287942349902039e-01
6.191689213584652407e-01
5.939403128735117887e-01
6.097268171897458622e-01
5.935387365070813326e-01
5.736099715074957084e-01
6.238987032083780360e-01
5.697519054930598736e-01
5.679997681517588992e-01
5.754793979177563745e-01
5.647336496794470584e-01
5.990497226896764893e-01
5.789437923323483837e-01
6.228243648118831910e-01
6.291546430368044618e-01
6.054286295254179828e-01
6.224795980274712148e-01
6.005641165859489927e-01
6.297389865211407978e-01
5.994125550916937772e-01
6.110806622869563443e-01
6.186606965142780190e-01
6.432210156979889515e-01
6.165353376274402830e-01
5.848274222925703425e-01
6.202669774452744811e-01
6.286878767257452205e-01
5.810567098715734291e-01
6.052656867127123030e-01
6.603266770987977763e-01
6.337909088203217411e-01
6.159823383752578430e-01
6.045554869167454326e-01
5.988323144043816715e-01
5.710190332217920384e-01
5.965604664856812844e-01
6.065084548110355467e-01
5.964968073277830962e-01
5.977625537087029040e-01
5.811126202060115098e-01
6.137560173856169143e-01
6.175395279425220929e-01
6.039421511656686281e-01
5.944434257493784735e-01
5.969104695171966180e-01
6.139781856246461222e-01
5.702344724028134415e-01
5.936649467576035066e-01
6.085394319533747876e-01
5.944864677653513008e-01
5.860797068483449834e-01
6.257149739453008452e-01
6.353996204648731938e-01
6.197933559412901472e-01
5.965595705749621169e-01
6.233330411439562679e-01
6.277189860275980138e-01
6.185793316320074009e-01
6.041661770900479400e-01
6.076244279152095418e-01
5.851727944314650820e-01
6.054719211042134397e-01
5.922386767748037961e-01
6.164447721438079952e-01
6.087663664391456120e-01
6.030929150350027301e-01
6.240155948366304939e-01
6.520865605391982234e-01
6.592676528657975821e-01
6.574030327673830998e-01
6.249168588088112042e-01
6.653936993792111121e-01
6.517540158976065090e-01
6.489455100866249326e-01
6.266558678918372483e-01
6.650737830051161037e-01
6.309352267290262439e-01
6.522800535326453986e-01
6.071573652925457143e-01
6.157267925813083576e-01
6.195735512016639079e-01
6.391259916280406239e-01
6.081097295482528198e-01
6.072824438447268491e-01
6.293413438191236553e-01
5.741220935706373707e-01
6.278759984619445289e-01
6.509165534069468739e-01
6.544917400123945184e-01
6.151568871924051329e-01
6.111299263178312513e-01
5.975719241217262168e-01
6.029684065756710787e-01
5.656500739851656467e-01
6.021704599638799671e-01
6.268328228086142984e-01
6.248504699225366776e-01
6.270865334039747996e-01
6.133830048707263893e-01
6.231043223712151580e-01
6.284522098961519143e-01
6.164444493605630848e-01
6.240633116757912102e-01
6.317566644299754675e-01
5.754529361965347034e-01
6.098567341845907430e-01
6.355110026919253974e-01
5.956919354101883890e-01
5.969137636759702659e-01
6.164374248471706785e-01
6.044793026814163639e-01
6.208840716072021593e-01
5.940206136392682801e-01
5.740747767216195507e-01
5.931627044594682818e-01
6.138586937719432424e-01
6.448771319151205272e-01
5.981796947619365534e-01
6.142395890424411364e-01
6.243950313673988228e-01
6.106337987488490437e-01
6.301251002892972464e-01
5.893477966641944565e-01
5.929535718911183029e-01
5.844026552986724132e-01
6.023299068363834330e-01
5.829243268849737536e-01
6.083436102552824964e-01
5.934957052743679018e-01
5.835495550651532692e-01
5.699627652337229122e-01
5.899982582705448619e-01
5.747498564014049682e-01
5.714414185516203393e-01
5.890310633993841583e-01
6.319592573475089070e-01
6.210709695602075753e-01
6.173775594229213848e-01
6.232794707045188343e-01
6.034954359916693267e-01
6.349970029279665695e-01
6.064035676842310929e-01
5.944360232343854911e-01
5.686712701629806910e-01
6.139036431928612814e-01
5.902770756718956902e-01
5.825120115846531554e-01
6.354623289020820964e-01
6.100524804801472634e-01
5.994530419189406656e-01
5.654924499497594459e-01
6.053156615963577458e-01
5.989443872988058359e-01
5.958955634227101061e-01
5.801480616857431771e-01
5.889748738441493714e-01
5.881061068779366297e-01
6.429004439765932943e-01
5.872057516535582611e-01
5.923510131634788234e-01
6.024984094807940282e-01
5.610726228568549967e-01
5.283130298617212395e-01
5.664766577076366660e-01
6.047459281548102084e-01
5.816913926776909882e-01
5.955792167144625671e-01
6.070714582508522916e-01
5.972006311466966366e-01
5.737578633372786285e-01
5.923473855309785430e-01
5.739428180498392651e-01
6.018681522365939562e-01
6.528675095652506366e-01
5.852329551231649774e-01
5.975171693436249765e-01
6.162958169767006611e-01
6.405418897069041773e-01
6.163500874041943911e-01
6.111477339353831306e-01
6.041352058927166313e-01
6.242165978130771453e-01
6.009806969302879942e-01
6.030282124382742026e-01
6.380149849949872110e-01
6.332726694509747123e-01
6.100780897665473157e-01
6.090784694648861963e-01
6.259130938309191983e-01
6.146230282746326656e-01
5.953285965214484277e-01
6.109600882438461777e-01
6.463949342305165269e-01
6.325869397475267775e-01
5.948846614069702721e-01
6.114444217992196506e-01
6.130736081259025028e-01
6.281751937822159793e-01
6.161865195898010850e-01
5.916707469713392564e-01
6.111016117196955699e-01
6.253144015450878834e-01
6.580865221895124684e-01
6.189517746776620477e-01
6.035196400902583802e-01
6.391990931286795075e-01
6.343785409376656581e-01
5.862811661095066462e-01
6.216796931890644640e-01
5.977120821680770302e-01
6.328333403092164522e-01
6.259642098032796032e-01
5.949991392241243959e-01
6.125345972183989796e-01
6.095875615695175442e-01
6.426227597547033987e-01
5.968159513271105165e-01
6.205064813515506206e-01
5.928579893818511914e-01
6.099980109913432091e-01
6.298232359672780722e-01
5.962885222657563489e-01
5.747240999317646537e-01
6.090609036589321734e-01
6.133292543244142081e-01
5.862479300847479591e-01
5.922894913485408086e-01
6.548199704044508351e-01
6.745058849620627628e-01
6.459650236858024419e-01
6.025582462460044031e-01
6.123066497482624326e-01
6.085324388637597393e-01
6.179678633123565357e-01
6.148998355059650534e-01
5.776312876907350180e-01
6.339499361916286491e-01
6.181064279658071703e-01
6.262587102512022774e-01
6.287780091653354386e-01
6.210811847116359807e-01
6.468842438893303015e-01
6.352672880041129178e-01
6.293335899970776692e-01
6.524193970668560327e-01
6.467044217623653113e-01
6.103450999663772025e-01
6.077961368396977981e-01
6.195694514180762891e-01
6.185330758329714573e-01
5.917805257347352743e-01
6.279204702877252409e-01
6.108838354659917869e-01
6.544993246521948471e-01
5.932182625705294532e-01
6.057323440287127880e-01
6.324320718016255283e-01
6.407246442686056476e-01
6.241852400320078154e-01
6.194267955436619788e-01
6.050942884843220071e-01
5.910366566554441370e-01
6.328449803358615622e-01
6.608736512937999352e-01
6.621725067403249065e-01
5.975536961455120144e-01
5.983635842334377175e-01
5.951577089566233436e-01
5.717573559326760702e-01
6.497673153780941790e-01
6.177578086916891698e-01
6.096346375314007915e-01
6.229762891730480368e-01
6.254932118628147020e-01
6.470147196291421432e-01
6.151901880847175930e-01
6.098395077589203739e-01
6.389909778497150361e-01
6.056228642373590043e-01
6.488636761904621464e-01
6.346881224373122077e-01
6.273304357355672378e-01
5.883149249623039756e-01
6.164395402207007990e-01
6.279415055004505808e-01
5.999832011922235919e-01
6.162807533314935693e-01
6.048635329565200669e-01
5.731603247496850351e-01
5.977693679677449357e-01
6.068482830816990248e-01
6.051238659341703352e-01
5.715326429214473425e-01
6.225496380531110319e-01
6.026261261697009042e-01
6.071455933232033919e-01
6.252392303248813787e-01
6.452791664810484384e-01
6.403523155598603855e-01
6.589568994005585711e-01
6.320692953326155772e-01
6.251468515783651370e-01
6.284998462895219351e-01
6.110595632890246653e-01
6.117579124497511955e-01
6.256922871296441979e-01
5.889916178636480648e-01
5.785926222070904013e-01
6.016817191133789766e-01
5.886139523998052958e-01
6.037116966362836568e-01
6.223851811719479654e-01
6.148082977431824636e-01
6.086779396360293415e-01
6.210085580590801735e-01
6.363530200285680838e-01
6.238968214761773101e-01
6.256519252330688952e-01
6.104766418334280909e-01
6.214333300801322402e-01
5.754323680034961752e-01
5.923117994007490728e-01
5.857927726890748144e-01
6.127364670136742353e-01
6.210328703500685998e-01
5.563322483770356541e-01
6.253874331521910301e-01
5.872346764360746318e-01
5.905237721682254914e-01
6.019674319150385422e-01
6.206237881950102953e-01
6.005359482126760851e-01
6.112456764776823537e-01
5.768099346628304813e-01
6.113106601819674468e-01
5.920778811111717665e-01
5.817764350816612140e-01
5.983797006229917281e-01
5.912120188930408693e-01
6.266642558939146124e-01
6.103072754294094349e-01
6.157782344065740876e-01
6.068201156252883699e-01
6.387879422251824257e-01
6.280031631234518352e-01
6.651337413129084775e-01
6.052376918242560189e-01
6.140290184666302720e-01
6.116669516965659303e-01
5.826775534626569275e-01
6.114061038200050424e-01
6.319043878069479092e-01
6.258659909219326245e-01
6.246806486542068049e-01
6.051066164929101987e-01
6.316710951315279710e-01
5.958073621185728808e-01
6.080029612273050166e-01
5.901372168026084442e-01
6.246682520144926087e-01
6.523129771890575634e-01
6.294177909182031572e-01
6.410177753200716477e-01
5.888199071147354191e-01
5.816729866298138152e-01
5.957703181557354455e-01
5.794858260219327706e-01
6.065122767601334175e-01
6.312196968702151745e-01
6.333769463184992787e-01
6.200704073659568660e-01
5.900128198206177066e-01
6.381029280501567813e-01
6.600664434283916027e-01
6.229933278329795598e-01
6.231485032506652866e-01
6.168344104242596826e-01
6.001181941013620236e-01
5.771688239023680111e-01
6.233676091584561263e-01
6.253694550821433662e-01
6.207274672898325241e-01
5.896979459333803186e-01
6.399754368332322141e-01
6.188035658492633262e-01
6.173932191932990365e-01
6.134309717648562810e-01
6.145377309332413773e-01
6.224677089226362536e-01
6.213234286441670084e-01
5.886294754082564973e-01
6.095051871684790123e-01
5.835882275592124691e-01
6.056945432016821451e-01
6.399006819961408077e-01
6.365521316769364724e-01
6.463720021019798700e-01
6.052696627062401635e-01
6.193134579219857772e-01
6.096530777905301290e-01
5.959632334997980729e-01
5.783320926408236362e-01
5.906430429469599064e-01
5.814501710329630368e-01
5.978621064392583007e-01
5.722675434506790948e-01
6.010409451092931787e-01
6.050988879863755665e-01
6.281133096390920656e-01
6.243820853466088838e-01
6.633977587305278645e-01
6.115035428350167335e-01
6.213244240118774853e-01
6.116980546235436522e-01
5.345691742683814640e-01
5.873140999269472751e-01
5.818710740057470021e-01
6.085011980942431897e-01
6.049603018586857672e-01
6.154714556246307922e-01
5.912371400707931990e-01
6.080291323854294383e-01
5.863709510757458832e-01
5.852196600226001744e-01
6.020636028172445808e-01
5.547262671171641069e-01
6.059203788800305857e-01
6.316477892811700467e-01
6.080189862394971279e-01
6.403850177107188735e-01
6.220953898226307954e-01
6.411892924501914059e-01
6.314713487416813154e-01
6.332702030421589745e-01
6.562459814528307511e-01
6.280212934876129305e-01
5.708989707534947167e-01
5.859685111329321350e-01
6.278261935978788344e-01
5.887230617321846937e-01
5.917300318895026834e-01
6.025256520764221690e-01
6.246430141602438146e-01
6.372761791485010985e-01
6.252814694367180293e-01
6.088001725661138508e-01
6.306838584174209172e-01
6.366447742995489101e-01
6.032476692364415749e-01
5.911608046292046170e-01
6.015128608176846248e-01
6.203814683552368869e-01
5.940693671216635829e-01
5.849093495419964706e-01
5.594759732275869091e-01
6.082873322750840250e-01
5.998087527079919434e-01
5.671600276524850770e-01
6.105642135738714726e-01
5.754232832530085107e-01
5.729467144541706691e-01
5.836284789015956376e-01
5.961005547127012916e-01
5.724837511915853439e-01
6.098389102486019286e-01
5.817844729485313060e-01
5.697120686104735210e-01
6.240797037423089222e-01
6.283059416088123683e-01
6.048178193343087816e-01
6.131910327389923365e-01
5.983454153050059565e-01
5.887608934402227545e-01
5.930175616743301736e-01
6.020990837231939841e-01
6.127681267458390257e-01
5.960811996280411806e-01
5.963498372634857825e-01
6.387383508652327846e-01
6.287202074839544075e-01
5.954239599388080340e-01
6.081482426034473532e-01
5.848490780052242322e-01
5.780356230016701069e-01
6.038364781755927169e-01
5.948906524084669467e-01
6.009654151118990484e-01
6.313196389764670347e-01
6.090111678436523901e-01
5.999310628275084101e-01
5.897770689128398747e-01
6.206987474445206932e-01
6.215874233555727102e-01
5.973915330394705681e-01
6.666936982673160594e-01
6.234438780166872140e-01
6.499902437762929974e-01
6.560297499620290074e-01
6.467156426646006873e-01
5.929617673485205742e-01
6.139962712585179672e-01
6.116048672654557095e-01
6.427685182486561066e-01
5.895473563757380742e-01
6.257472278077278460e-01
6.214373461575297686e-01
6.211137262021557692e-01
6.277643538285384572e-01
6.186814494416065235e-01
6.398841740844357640e-01
6.297718860846628353e-01
5.909113662391404231e-01
6.554929768182482519e-01
6.124863925408433607e-01
5.958532464122412442e-01
5.998744316796926768e-01
6.130223188657801803e-01
5.986153427697441520e-01
6.225702566600082033e-01
6.011998387018860912e-01
6.033111451604653563e-01
6.101638702997769226e-01
6.534307448189039524e-01
6.488256189339465241e-01
6.258751159500839378e-01
6.185075402601031280e-01
6.282950517872870622e-01
6.152358476351573735e-01
6.014515863001785867e-01
6.463811895223801063e-01
5.784635101562909387e-01
5.754445953706081029e-01
5.914994947914000711e-01
5.980750224867629194e-01
5.945928757412836108e-01
6.163035114875697884e-01
6.399093275427802929e-01
6.190756155099526037e-01
6.093859525920376496e-01
6.057630215042227873e-01
6.230188556508692299e-01
6.516022779607687498e-01
5.945139030498269861e-01
6.357930875402496573e-01
6.551634016720948583e-01
6.024268288789124126e-01
6.578888674154953486e-01
6.302011635015365432e-01
6.364543636786247349e-01
6.150756250812374759e-01
6.186583354622766651e-01
5.899432441569274488e-01
6.244229577740917358e-01
5.933820746412121760e-01
6.077063299921240391e-01
5.917730215177789965e-01
6.311368535269292757e-01
6.148213921970072660e-01
6.147775393208549932e-01
5.997487125043995393e-01
5.833907672857827631e-01
6.127180920651069673e-01
6.202296160245571732e-01
6.008683669821864859e-01
5.365457748737036958e-01
5.708422701106186103e-01
5.894122286398063570e-01
6.051248089720633327e-01
5.970585515126809462e-01
6.250269347514920693e-01
6.258068426019445241e-01
5.793352145966533806e-01
5.909172160443635358e-01
5.939215608451978712e-01
6.058090614698685705e-01
6.046961327125381924e-01
6.084406685780325841e-01
6.425550173422208688e-01
6.642312361884624705e-01
6.507102585678586903e-01
6.391720963976436076e-01
6.502409474077451845e-01
6.179595485990935222e-01
6.000033036934576680e-01
6.122918421583914972e-01
6.195918289178314886e-01
6.288242379068232912e-01
6.341849852267873455e-01
5.991908502784237811e-01
6.376832415517718067e-01
6.052231381984816139e-01
6.178558650224871274e-01
6.055905078250031215e-01
5.726764496088747602e-01
6.343920899226681565e-01
6.175237452784155812e-01
6.092714663909728490e-01
5.880636516739289332e-01
5.602467205244370252e-01
5.701388520866146337e-01
6.167178941776643164e-01
5.659826754432547569e-01
5.709644660130054339e-01
6.085172176916049391e-01
5.929698850371065699e-01
5.979373866421270334e-01
6.064658161728307961e-01
6.086189630954625951e-01
5.916420380202828122e-01
5.967566541187780960e-01
6.155056319301250856e-01
6.106807702089971368e-01
5.649913915396873598e-01
6.171455943476669148e-01
6.265605608668546322e-01
6.255108958168195121e-01
5.931018633677490604e-01
5.885245409702893893e-01
6.001884373519460469e-01
6.101234471928330683e-01
5.950250569541876144e-01
6.034391361669027010e-01
5.917528818592000528e-01
6.217777830970857567e-01
6.798037896366565525e-01
6.288068092303563672e-01
6.538751944010262607e-01
6.023259043846216354e-01
6.058344257875117878e-01
6.168462728975435683e-01
6.031645537200410745e-01
6.035749291828318430e-01
6.407637398017577146e-01
6.134742067799101584e-01
6.162291468097552682e-01
6.406154337339443616e-01
6.054278888486547272e-01
6.315362231384531455e-01
6.156992091339447137e-01
6.461568577260186075e-01
5.887949959851531689e-01
6.049570452551452648e-01
5.778164363133828640e-01
5.646269466574831419e-01
6.146757793860386787e-01
6.152832008034216926e-01
6.056367579498578291e-01
5.878422626555155350e-01
5.857496218383234643e-01
5.860226080018815509e-01
6.089575626033985056e-01
5.899782983457522167e-01
6.125937541711377055e-01
6.376292331161118598e-01
6.462455411838069486e-01
6.239649965242266560e-01
6.373892030964364297e-01
6.703253849730539393e-01
6.071306328092220816e-01
6.466883323008310036e-01
6.628753178983599614e-01
6.263130048550255013e-01
6.069199245775780405e-01
5.888253778749502620e-01
5.583114912270999985e-01
5.799757087243165854e-01
5.609159756234149974e-01
5.772744132813444340e-01
5.879840549866756083e-01
6.199318474231870768e-01
6.007265535445436289e-01
6.005231115516602713e-01
5.690753808427017058e-01
6.254962602293563378e-01
6.255406337529992866e-01
5.839487501913181999e-01
5.825482906182526399e-01
5.858643324929333485e-01
6.355113522745973187e-01
6.126166723559635097e-01
5.943279784600083993e-01
6.012004705834564922e-01
6.662542191863499719e-01
6.282919201285145361e-01
6.243221518463244468e-01
6.158883209988913476e-01
6.378767023250165868e-01
6.323685764643187657e-01
6.128958339534209543e-01
6.563282797578539052e-01
6.313492783675530573e-01
6.339676338784301368e-01
6.628301213178086071e-01
6.090928539614802739e-01
6.034048564120498837e-01
6.158281229941641177e-01
6.032262342278058576e-01
6.273047441814897374e-01
6.279989116431621277e-01
6.589720880449118079e-01
6.005840268859271580e-01
5.978268095247926128e-01
5.875781709261285179e-01
5.579810372656309747e-01
5.882678901600436605e-01
5.884717872541169736e-01
6.230317546909724946e-01
6.168038500718845407e-01
5.914368108382043188e-01
5.977372196414405536e-01
6.428019628302531485e-01
6.127353407429673160e-01
5.848640778570119991e-01
6.000699322120350843e-01
6.299813412345370844e-01
6.057122280841564788e-01
5.871003303794747330e-01
6.024359566454172699e-01
5.959596169780493335e-01
5.868609161301552302e-01
6.069082840038159121e-01
6.311004463457171587e-01
6.157571967818449288e-01
6.358540677266343311e-01
6.428411174797069583e-01
6.431963411489756144e-01
6.069411959323903760e-01
6.480587742078747215e-01
6.253729496889722794e-01
6.536315804390447903e-01
6.314836140948887344e-01
5.803777111632736352e-01
5.733630086972666406e-01
5.821046954257753647e-01
5.905967824208034900e-01
5.426464816792561097e-01
5.877665661025265331e-01
5.488643432844447778e-01
6.268322453587567011e-01
6.373009391212096642e-01
6.223849160885805976e-01
6.338645983914055204e-01
6.066795177691451935e-01
5.756716969081312474e-01
6.364560711574098750e-01
6.663205253510536830e-01
6.378351351209191611e-01
6.229239246662431340e-01
6.098388718701486244e-01
6.127425886729060966e-01
6.149175870719436610e-01
6.458533279744155253e-01
6.078409446525537829e-01
6.078478692758224611e-01
6.211295006898329696e-01
5.839244641321037488e-01
6.098762219987862165e-01
6.199940919711766085e-01
6.072825398226802118e-01
6.169701746116053043e-01
6.555405473160875740e-01
6.860953051101612576e-01
6.641129869800145302e-01
6.747770073257823853e-01
6.420301079054365756e-01
6.409974485322645910e-01
6.131545559643430954e-01
6.500918377355205946e-01
6.291767313149709828e-01
6.311209595006098683e-01
6.375138185381101774e-01
6.477566902104591184e-01
6.283564562318599833e-01
5.604073481370930310e-01
5.982260266462913201e-01
6.206216763087256671e-01
6.469304262564053998e-01
6.332003976871394268e-01
6.730739208883844693e-01
6.676183856259992888e-01
6.456571708084273276e-01
5.949087964376543747e-01
6.094680639513200271e-01
6.395752688123420571e-01
6.307107844428413435e-01
6.215211845605138619e-01
6.088572939642751258e-01
6.005222383619390758e-01
6.235660347125066005e-01
5.774495123113045913e-01
6.495802089362980869e-01
6.177828527971069850e-01
6.054772133041211868e-01
6.109801660964434555e-01
6.073401797911036626e-01
6.498802785800780191e-01
6.175080792126895757e-01
5.559135050557567626e-01
5.900066649265987007e-01
5.872898135677634412e-01
6.463178995534387683e-01
5.984674835640926283e-01
5.947416161161280801e-01
6.307463817875165191e-01
6.107831552666744823e-01
5.521167060182032849e-01
5.876709948821982055e-01
6.141143484157967070e-01
5.772048036970545137e-01
5.960832773646610461e-01
6.270299072711446042e-01
6.082282589650667148e-01
6.408806063924663565e-01
5.852528342734609756e-01
5.743310395146765668e-01
6.019558800349014138e-01
6.481361415516685431e-01
6.441324529203229510e-01
6.237349242449553577e-01
6.598628625506166578e-01
6.778065769566583576e-01
6.127912470120299160e-01
6.274493020276236122e-01
6.328084901476469515e-01
5.955987299214795527e-01
6.259077534811384735e-01
6.391963357896528475e-01
6.129138067424251268e-01
5.987339786934571251e-01
6.087394750288480649e-01
6.192932046571174576e-01
6.308235870803604595e-01
6.244273419954662341e-01
6.471775538391777438e-01
6.105080334189528779e-01
6.444084161563987667e-01
6.517559534326869963e-01
6.159408835305824059e-01
6.284739907376462043e-01
6.251067998158845729e-01
6.378535493924415434e-01
5.867054335245617258e-01
6.729916766126807781e-01
6.389968787225903668e-01
6.492131720538920625e-01
6.229361337454937253e-01
6.484022214200215739e-01
6.214631273271365997e-01
6.419328492029739985e-01
6.330863521654604975e-01
6.383057195447167098e-01
6.383546713854070243e-01
6.483007080709789482e-01
6.162355646966395373e-01
6.388968480577403852e-01
5.956823659690771988e-01
6.223898572360061499e-01
6.227590535198680444e-01
6.314774946702307323e-01
5.726292314423208074e-01
6.140839985741444185e-01
6.076236704693687152e-01
5.874644183863325653e-01
6.025845842165223898e-01
6.158396681498713443e-01
6.290485766183904204e-01
6.198999301674348317e-01
5.838814798093638903e-01
6.048595928210974693e-01
6.255388490791342626e-01
5.577208361230703293e-01
5.722112714091225349e-01
5.754436629146205684e-01
5.619810474811645085e-01
5.879315318450252237e-01
6.306491354402390392e-01
5.580816026369105343e-01
6.038628691189804609e-01
5.937930619356671658e-01
6.160799850705175329e-01
6.190888013348654351e-01
5.771310523877385412e-01
6.077434085970033761e-01
6.066927588312722719e-01
6.002476209462828116e-01
6.550705621891683705e-01
6.007927041362746134e-01
5.374532909432997441e-01
5.838223688000145906e-01
5.863511683179287726e-01
6.082287142491894505e-01
6.583491679839317268e-01
6.367831097783011041e-01
6.031421703103777565e-01
6.042284008406149098e-01
6.327032206393884417e-01
6.436292163188808146e-01
6.407488705969059950e-01
6.540205085942372154e-01
6.408565879378120833e-01
6.373686825568362080e-01
6.304118173722227381e-01
6.668801373222053019e-01
6.447291614083272560e-01
6.518983924937772345e-01
6.702169136921051207e-01
6.992397804001774242e-01
6.962132774323445128e-01
6.985036135641851107e-01
6.708661356241081286e-01
6.745433101904020345e-01
6.816026109409912825e-01
6.583019208825037216e-01
7.063099446000498105e-01
6.583890415738976598e-01
6.240762396027312864e-01
6.706621740224617545e-01
6.604497254487047275e-01
6.435353221372510646e-01
6.549737156400635696e-01
6.332443641788699784e-01
6.413177608740510127e-01
6.396103868498140832e-01
6.323085332750043586e-01
6.397343727697295535e-01
6.354604227536675420e-01
6.265348153008248877e-01
6.182175995204134411e-01
6.198040334703581733e-01
6.458927291241753910e-01
6.208543175995905328e-01
6.325515375946691998e-01
5.791589296740591308e-01
5.561798854532417069e-01
5.858617043027084526e-01
5.905219242511834388e-01
5.953469198558863917e-01
6.030530040938222314e-01
6.237943300437521765e-01
6.102881149367853642e-01
6.104399889617372343e-01
5.752512786842471915e-01
5.518572881282703957e-01
6.112060203209626064e-01
6.037542106255702201e-01
5.978689453086351024e-01
6.256851009786258411e-01
6.429917272377313475e-01
5.910129575666098756e-01
6.146458224368104295e-01
6.211723793322661002e-01
5.939230526035937929e-01
6.329210564867433497e-01
6.146315296463423783e-01
6.112477583696072081e-01
5.850013589306446438e-01
5.649038430595708649e-01
5.804779907490233981e-01
5.516718902406889669e-01
5.641560271717820374e-01
5.418837467493405891e-01
5.640092345549019281e-01
5.680530632635568677e-01
5.892353735289945771e-01
5.760934114677281892e-01
6.240899049112901276e-01
6.063580702862306770e-01
5.972696359218316875e-01
5.922619830446269606e-01
6.082723946733895604e-01
6.106127927940355749e-01
6.190301347828569556e-01
6.174493697322359642e-01
6.187522497693098700e-01
6.413500696120814082e-01
5.850145309894768664e-01
6.126719304048011683e-01
6.218090700506335722e-01
6.231477843296604480e-01
6.220789341043245768e-01
5.920556276199645529e-01
5.929946267142288674e-01
5.964669065373748857e-01
6.120229147181700524e-01
6.410196642906460518e-01
6.255814821868806996e-01
6.461827847347590970e-01
6.343249075152109784e-01
5.669998679416482501e-01
6.130302700107681524e-01
6.219653687548750698e-01
5.932180236322837086e-01
6.442498128366154209e-01
6.329530964627773093e-01
6.268569156686562005e-01
6.078498623070075491e-01
6.233832727994466083e-01
6.408584114171018697e-01
6.250552320124918015e-01
6.008979251063885085e-01
6.083796455369409051e-01
5.827112754300944886e-01
6.120723735373189145e-01
5.927001533756968144e-01
5.872865141402808797e-01
6.113274664986642071e-01
5.971841247628529858e-01
6.074068380183686999e-01
6.165980675600232219e-01
6.232820660148215008e-01
6.222312138593922848e-01
6.028536217488297266e-01
6.338207681106079461e-01
6.241096665698392387e-01
6.067587291509647374e-01
6.026555044854791099e-01
6.084864378093397530e-01
6.173178308745148613e-01
5.878437972753945973e-01
6.068989554639007133e-01
6.006673711979234609e-01
5.963329998930704257e-01
6.071259313523303947e-01
6.302751190200358566e-01
6.280654172224419129e-01
6.335259337691323545e-01
6.261964944077835771e-01
6.538031832581358005e-01
6.155288804185032880e-01
6.177507006897072772e-01
5.864290796179156828e-01
6.173730986569546664e-01
6.107525555729642619e-01
5.965205866812671731e-01
6.023403009009190567e-01
6.313205000843030712e-01
5.409221023463141043e-01
5.456000383802925846e-01
5.911750908158158735e-01
5.835425729688673568e-01
5.586836121193967664e-01
6.053766081845604052e-01
6.293464326923429164e-01
6.079155028079152867e-01
6.303335434007211191e-01
6.052204590794451056e-01
6.131810982128501619e-01
6.008237880867041136e-01
5.933250077265924682e-01
6.457927673551586700e-01
6.535753489973692432e-01
6.497921512705138181e-01
6.431892454266783243e-01
6.524682968808236394e-01
6.124200742253287366e-01
6.048434789579890669e-01
6.446564310969814526e-01
6.186654990485079830e-01
6.590963230625619396e-01
6.772358919892281781e-01
6.696143178979259147e-01
6.850616558921965860e-01
5.922555189482169302e-01
6.223898754487321439e-01
6.618673783030554203e-01
6.533681438371650163e-01
6.482529230109668195e-01
6.078056735297353574e-01
6.324627825315142227e-01
6.159719439568167587e-01
5.911603899016003583e-01
6.007366489327535808e-01
5.813634296623373388e-01
6.124290076991738552e-01
6.469993613968794133e-01
5.954942633210347225e-01
6.019542594025770743e-01
6.357547386413892054e-01
6.343527748870678717e-01
6.266550023948672665e-01
6.333437373666446213e-01
6.126376348086909340e-01
6.206475140430027793e-01
6.065052965067174728e-01
5.552052555039247439e-01
6.048390389345306151e-01
6.022520362607617361e-01
5.813311871304979173e-01
5.666683620438578428e-01
5.969232332799713214e-01
5.966296476326908849e-01
6.080517949302596259e-01
6.035434444766236695e-01
6.253543194952884132e-01
6.522320018301979161e-01
5.784436349030369628e-01
6.288718773192735201e-01
6.003742435047353387e-01
6.417537534217045980e-01
6.228719533813631415e-01
6.039162255063208473e-01
5.730943489434745519e-01
6.443434634883198342e-01
6.360846313593307988e-01
6.121475119797559206e-01
6.178515254885014185e-01
5.878625010426766773e-01
6.301887207775306310e-01
6.487493963701518318e-01
6.508657065897409666e-01
6.131070408788098502e-01
5.897302102294892379e-01
6.344700016301559886e-01
6.236497708221042657e-01
6.078469850905471317e-01
6.384494071543168614e-01
6.309779555912121696e-01
5.967128229216537294e-01
6.005378835485124522e-01
5.973921496728541447e-01
6.100709942314347378e-01
6.046801200225289108e-01
6.138222709305332092e-01
6.088675172117405943e-01
5.751932695742096868e-01
6.117743580827864625e-01
5.938375255145701415e-01
5.829451619528452921e-01
6.168865352421836201e-01
5.835523828913985467e-01
6.063144964979035878e-01
6.112598149077773657e-01
6.192187279622430873e-01
5.833206317333554658e-01
6.033190394439896798e-01
5.973424057101125451e-01
6.065057818758681218e-01
6.071452238175542027e-01
6.087322653815464557e-01
6.132483823947860735e-01
6.083927402500564074e-01
6.051791104248074316e-01
6.040268208235413105e-01
5.767027746336166327e-01
5.616157980185885190e-01
5.526592289648578626e-01
5.775330909062157403e-01
5.857522031318133093e-01
5.839703998203469304e-01
5.971377889877135248e-01
5.958193495875137025e-01
5.986282116893366645e-01
6.143434809284549214e-01
6.403996523085315751e-01
6.144570300293380472e-01
6.219004742056191137e-01
6.016538069041829084e-01
6.193388036189515500e-01
5.604393165037434565e-01
6.099068964432294848e-01
6.120295164224331952e-01
6.393116346337042177e-01
5.768088404687755633e-01
5.969970022539475840e-01
6.069844245106001956e-01
5.680270234056760126e-01
6.013276898410739868e-01
6.153191253908145697e-01
5.899908005563724300e-01
6.113161336286452308e-01
5.813341639198803534e-01
6.306844043227960439e-01
6.448569023880417195e-01
6.249535559436230070e-01
6.190140140929375479e-01
6.093141697987888294e-01
6.323204350969060528e-01
5.836972161049259755e-01
6.261962156554999881e-01
6.102045606006614165e-01
6.049888715193724176e-01
5.804647973032351915e-01
5.685233810776357810e-01
6.013423029833654399e-01
6.121367423276571351e-01
6.325567668930064391e-01
6.314235434266903813e-01
5.821275377780086302e-01
6.191290490654003387e-01
6.099714475759151489e-01
5.868514422749120385e-01
5.849495271086966319e-01
5.845812159322801849e-01
5.983845787903905311e-01
6.114836913446166644e-01
5.766301698531280939e-01
5.877908887498676238e-01
6.122183824693674392e-01
6.037044488019764898e-01
5.870336111705773963e-01
5.872637546429964051e-01
6.051544331632877638e-01
5.792831542358236607e-01
6.004129948652323634e-01
6.132532134632245890e-01
6.137254874425355222e-01
5.567816485041486851e-01
6.055134991731981886e-01
6.314627540724223609e-01
6.106194423820930917e-01
6.229627941836697325e-01
6.635111580672219400e-01
5.811769079400062044e-01
6.334461899225514170e-01
5.824525985010609030e-01
5.984597962005221428e-01
5.778882565477525546e-01
6.273244361403917946e-01
5.897666526147170574e-01
5.932730705074678035e-01
6.075803171580363982e-01
6.281027578689345470e-01
5.958704961513178189e-01
6.273591481194882302e-01
6.159213880156709786e-01
6.137895241371861266e-01
6.078353575242519957e-01
6.166398958209774461e-01
6.133309565191902291e-01
5.910712325026220570e-01
6.204673636505978473e-01
6.002509284909125498e-01
5.765429034824103294e-01
5.759181106686300788e-01
5.882556563503341662e-01
6.323906228580509215e-01
5.717455276062742842e-01
6.237482515227857904e-01
6.417006056847485151e-01
6.112955669531778824e-01
6.203537991823540043e-01
6.473165161890021002e-01
6.224901545379737389e-01
6.014917683343884436e-01
5.836323186111698202e-01
6.231008271022724365e-01
6.175071071566673453e-01
6.196315889385295428e-01
6.173076872114325875e-01
6.402566247760392848e-01
6.203317691986233173e-01
6.624208636301525122e-01
6.273274869518714603e-01
6.360539892922150162e-01
6.230009882885950701e-01
6.293726359499562939e-01
6.832742902261574880e-01
6.344788715646096922e-01
6.344661962107398523e-01
6.315096775079167557e-01
6.405146448467147202e-01
6.283553057816920751e-01
6.161319085299946652e-01
5.882838564833754447e-01
6.141153527987084360e-01
5.945719029078183615e-01
6.259108243370965496e-01
6.069255743967564287e-01
6.019490169109368294e-01
6.681446751954536190e-01
6.185413886950006379e-01
6.136100602718888020e-01
6.237767643204112922e-01
6.427017189581993861e-01
6.371486532331710473e-01
6.570483259163454326e-01
6.293890514154205640e-01
6.628307584253203544e-01
6.631591373273305612e-01
6.542736495401709762e-01
6.869631652163352697e-01
6.090757554007995012e-01
6.306884129854798404e-01
6.152725202055360221e-01
5.993331040508642626e-01
5.847301052192458437e-01
5.616353761768771991e-01
6.097762817405180114e-01
6.079941098558021562e-01
5.964775083993401061e-01
6.025820850301990550e-01
5.744302933234417541e-01
5.635911701049869382e-01
5.818624795350586520e-01
5.830811989690606323e-01
5.823842695494942934e-01
5.724476614751201620e-01
6.226718535836579527e-01
6.376537843259113547e-01
6.057105465446463999e-01
5.905986620044488822e-01
5.946198038611516523e-01
6.226431473580951170e-01
6.122914014342423217e-01
5.830853357908357681e-01
6.300790314627661148e-01
6.226133348840379167e-01
6.265344136155142074e-01
6.055569684757347027e-01
6.305521654713160951e-01
6.056138001412902927e-01
6.167706906319792015e-01
6.271798575626675865e-01
6.298131191044068489e-01
6.220019307918002172e-01
6.416299345110028085e-01
6.150724899908123211e-01
6.538987373022866478e-01
6.250713472065204668e-01
6.131062031710946547e-01
6.270806629401102228e-01
6.450841750984351863e-01
6.178096671912404192e-01
6.071848546758568110e-01
6.160246378060962869e-01
6.313726305042005604e-01
6.179295874870376348e-01
6.273357096172567093e-01
5.672435783510235696e-01
5.735061902599760675e-01
5.728043848301047625e-01
5.781667191097333847e-01
5.697584014487365733e-01
6.099144055546630305e-01
6.008383582883705110e-01
6.352410188269446145e-01
6.557513286961437204e-01
6.100897755314212967e-01
6.309001588589830956e-01
6.372826714883619292e-01
5.820123298223722763e-01
6.306809739927730085e-01
6.309078974673468787e-01
6.165994185216712165e-01
5.888941369964102446e-01
6.150657780993323831e-01
6.593735476725285372e-01
6.190984707327031877e-01
6.304909354765765306e-01
6.159498679761061801e-01
6.229068870665624980e-01
6.286297749532696599e-01
6.182758573862361384e-01
5.896685609304317399e-01
6.083984995264826168e-01
6.075695953700821494e-01
6.290735693131072059e-01
6.242369944893925160e-01
6.516731508347246571e-01
6.675846543529840860e-01
5.945367009611386422e-01
6.172380892205375780e-01
6.156913877751052366e-01
6.287126880885584024e-01
6.403902380467544342e-01
5.993672031041733517e-01
6.546961677502779464e-01
6.265405061715034751e-01
6.198948466201996688e-01
6.278516401908011968e-01
5.972916151024301179e-01
6.189124796125518024e-01
6.052312165549726952e-01
6.264904780057903855e-01
6.240083947181043200e-01
5.996093678268659133e-01
6.243259893174230024e-01
6.460280134823541687e-01
6.601265112900609466e-01
6.114263677400857411e-01
6.257990458923256005e-01
6.336143464968039263e-01
6.331676732513863426e-01
6.424354814394025448e-01
6.622280215297073891e-01
6.090725949071714718e-01
5.955033766260129369e-01
6.108690145930212312e-01
6.165727682274111388e-01
6.292723901065832015e-01
6.014581394815221582e-01
5.953451393639747069e-01
5.891702665218377932e-01
5.917409440151766287e-01
6.012067805204328597e-01
6.100719591651775353e-01
5.884641937091146247e-01
6.092749666683164866e-01
6.359880734171784455e-01
6.318222842262942729e-01
5.648213700939560544e-01
6.066877901287868191e-01
6.045969186072408519e-01
5.480217950632139123e-01
5.946498787563717636e-01
5.964074988142855638e-01
6.107420147229887242e-01
6.321377250158400907e-01
5.921899927976161937e-01
5.972996771589317300e-01
6.536809409047928954e-01
6.806973885454082884e-01
6.721821283192097596e-01
6.159252362361894440e-01
6.186609244358418636e-01
6.029967026430136379e-01
6.034968198591323940e-01
6.395818029543947070e-01
6.459856979505189667e-01
6.824205570464410009e-01
6.383149871880052784e-01
6.224405540072102117e-01
5.840417500772153714e-01
6.080666663951714845e-01
6.193693172899625843e-01
6.210765785302037045e-01
6.138674786942437400e-01
5.689926812800790712e-01
5.955915258732134010e-01
5.959246192486332694e-01
6.222431088192936777e-01
6.417585143803513636e-01
6.347332580280364844e-01
6.035633644381763752e-01
6.050649095880229478e-01
5.713569178872979215e-01
6.360651777399259910e-01
6.077407841758351026e-01
5.982908212470278153e-01
5.868437109317579115e-01
6.212338664993387605e-01
6.022039392057461082e-01
6.301269039398185168e-01
6.661112059655008855e-01
6.804147159341905615e-01
6.481618434789364613e-01
6.497065345425367955e-01
6.283120577701987175e-01
6.032144992481489609e-01
6.170935290984156385e-01
6.023879066409585370e-01
6.016877240118020387e-01
6.488235711709787745e-01
5.695000682725716024e-01
5.697973528002269195e-01
5.846639475201421687e-01
6.197775729005566836e-01
6.120192939749596883e-01
5.939639749018763570e-01
5.787123702924721336e-01
6.215055424338989942e-01
6.484931604223715951e-01
6.078649242837477207e-01
6.004354001387952611e-01
6.466743946333236570e-01
6.244800472636865551e-01
6.492819333133004189e-01
5.786772402702937690e-01
6.018360492213645774e-01
6.145493524109414407e-01
6.166352196090619797e-01
5.953985660812001202e-01
5.961046592281229461e-01
6.332545658378726516e-01
6.184766320445875820e-01
6.637068549500997339e-01
6.082833066880262152e-01
6.331148206102205078e-01
6.103857979440968640e-01
6.308965190528851297e-01
6.236908441475890186e-01
6.130558914248117608e-01
6.267032181557491421e-01
6.079824330006868838e-01
6.007851552124021666e-01
6.314601676694236998e-01
5.987383947065952894e-01
6.034843647166583391e-01
6.217178077590298502e-01
6.019405077066671828e-01
6.245180684329005860e-01
6.112026436012076847e-01
6.215353027492435123e-01
6.084892972875044492e-01
6.352325119580582991e-01
5.878382532420070028e-01
5.845687137737012318e-01
6.306112693890068011e-01
6.141026133858522584e-01
5.856826126163755530e-01
5.971567856013018094e-01
6.437574522106299657e-01
6.203102324392668621e-01
5.967818923128662689e-01
6.074286152107755132e-01
6.023210323609392569e-01
6.293509190273083309e-01
6.328594051826695877e-01
5.896935329638405276e-01
5.761289136460259197e-01
5.897160734939870252e-01
6.127862612074669313e-01
6.226260386928395008e-01
6.121859377270567615e-01
6.200146500886194456e-01
6.634478482532766286e-01
6.278487292714486356e-01
6.670671351399682925e-01
6.323459887812351576e-01
6.477893559369182208e-01
6.258242036900041327e-01
6.843354149721468938e-01
6.363332639491946496e-01
5.969649351780781377e-01
5.904596886011803658e-01
5.995066985155806938e-01
6.056944565270214742e-01
6.218593279800842533e-01
6.264289712934694165e-01
6.135437389470116409e-01
6.638734026175056036e-01
6.370963223173263801e-01
6.354086486863511629e-01
6.095857223598110108e-01
6.270389174295878387e-01
6.269571669023207283e-01
6.149879549453344252e-01
5.838362719664462741e-01
6.525039811905235521e-01
6.333912690596461559e-01
6.336627629202755685e-01
6.078087244322363247e-01
6.393868151622489338e-01
6.428704334245158858e-01
6.887432776907195242e-01
6.638732895897777597e-01
6.437482481315438543e-01
6.337818388096931876e-01
6.350419723846203457e-01
6.466797281003515696e-01
6.700693807528845802e-01
6.702384963103208415e-01
6.538371505740597778e-01
6.745021848496675076e-01
6.541699032409951098e-01
6.536441310123123349e-01
6.501437548112682929e-01
6.309796924839444765e-01
6.656437017103422615e-01
6.551397935044356302e-01
6.648870638771736674e-01
6.487388219254506261e-01
6.381225303411628413e-01
6.664871924144086801e-01
6.542170863823089100e-01
6.257323170546109647e-01
6.553480716082663582e-01
6.032184284466907132e-01
5.790663284372558062e-01
6.222156608007616274e-01
6.346098628584947443e-01
6.027056145693512335e-01
6.019742494480299078e-01
6.118558139469182366e-01
6.131686258239110732e-01
5.998272135781793635e-01
5.829085316195820043e-01
5.838699766754508191e-01
5.933949830985481011e-01
6.056232155490972602e-01
6.172146591977207830e-01
6.148345965815530390e-01
6.034574986536325181e-01
6.252030173934688406e-01
6.025651929190896094e-01
5.903203822369331721e-01
6.122805517346211479e-01
6.034956251033742891e-01
6.350424027241036162e-01
6.047779436626988803e-01
5.845382183539363785e-01
5.658294834999884060e-01
5.836679678796141690e-01
6.073738646889722537e-01
5.807429810274108428e-01
6.035194225207662910e-01
6.128241024577505414e-01
6.154427704916590747e-01
6.246455705118360013e-01
6.122459131331396964e-01
6.048191528704219833e-01
6.437334100678786530e-01
6.215458590192134425e-01
5.821692198809699237e-01
6.196970485238740833e-01
6.233998500899251560e-01
6.191431374855972392e-01
6.127638659142635724e-01
6.001242391006592625e-01
6.293896338227351617e-01
5.926429095327323537e-01
6.157926564640858746e-01
6.293766136034479874e-01
6.100180006797620846e-01
6.269037854839676349e-01
6.317341479219698019e-01
6.264174814283249848e-01
6.110221047812914863e-01
5.810989237311822153e-01
5.803028701043788651e-01
5.744139710870567184e-01
5.903943494743173481e-01
5.967119032833694270e-01
6.174335685450343947e-01
5.811262941303485530e-01
6.086322277340668885e-01
5.950827277473980104e-01
5.844316886837230829e-01
5.876469598959409568e-01
6.244337573194256308e-01
6.162448992023996652e-01
6.307065483409861617e-01
5.941324187243888222e-01
6.263531922841333310e-01
6.281528241336602481e-01
5.918305256370507417e-01
6.305320222491940241e-01
6.356157457043003500e-01
6.173489121713719996e-01
6.166961577586344001e-01
6.145708791782642511e-01
6.201995514034061019e-01
6.243728833865157535e-01
6.303309896395481449e-01
6.320850964727943166e-01
6.108686189344477713e-01
6.173964386799534187e-01
6.299979483346913600e-01
5.993155513271785084e-01
5.928832141039298564e-01
6.045500004467744271e-01
6.029304733567830699e-01
6.166638862409291599e-01
6.462662058057465631e-01
6.476172963824806672e-01
6.118981588092530233e-01
5.811468473213728947e-01
5.966893486334589047e-01
6.186182703873542854e-01
5.752287149230410623e-01
5.842202238626204025e-01
6.611461139577951007e-01
5.859058475675277267e-01
6.057244823750622675e-01
6.184270115415311242e-01
6.014846992758268174e-01
6.029775739312376315e-01
5.842554105114439178e-01
5.865600910192292350e-01
5.970497883401354455e-01
5.917539099752543441e-01
6.265162620251695236e-01
5.973872243201479026e-01
6.000407261181466279e-01
5.856233229773536442e-01
6.156951810697131044e-01
6.294094878862488418e-01
6.142310142617493085e-01
6.102334625983424354e-01
6.181322457510513013e-01
6.132905546634558336e-01
6.034532158969595494e-01
6.221069107553310884e-01
6.362491718312093258e-01
6.507273425776332054e-01
6.156567888555067869e-01
6.291597112417611770e-01
6.191244589713100765e-01
5.995949834780512910e-01
5.877581093392917344e-01
5.994917267400473593e-01
5.898993900678236590e-01
6.217321093029005707e-01
6.095195919155010911e-01
6.133813261250866677e-01
5.979172287386503859e-01
5.779112830442455495e-01
5.874347324999341646e-01
6.274487880042336485e-01
5.903080222111131148e-01
6.175339803087698254e-01
6.187148347904842804e-01
6.161512421688104535e-01
5.819772558821687536e-01
6.199175211359314597e-01
6.240309816819209487e-01
6.014542558395453709e-01
6.176602311333621032e-01
6.045023151214391488e-01
5.694068474866952334e-01
6.247874380998220678e-01
6.320800788112826973e-01
6.172354334610449245e-01
6.268559732453171662e-01
6.360654875366866801e-01
6.608642516841152226e-01
5.840433208300908063e-01
5.946329353961685715e-01
5.875598940939124049e-01
6.060938486620390808e-01
6.398142972563441999e-01
5.866989295125738524e-01
6.263378435179643988e-01
6.406869199946308990e-01
6.132133994225177354e-01
5.948658548658547485e-01
6.278210492164864043e-01
6.132456043895009312e-01
6.329378649425075887e-01
6.181806723192007080e-01
5.925167926427619136e-01
6.260083450450930620e-01
6.223783208546096457e-01
5.491876179395347446e-01
5.460467689816996817e-01
5.692090433966566776e-01
5.647694442555821759e-01
5.590526434612975715e-01
5.808488509444137415e-01
5.691819759334373341e-01
6.142477553102524412e-01
6.331971805735112646e-01
5.966244973748024982e-01
6.143271318020757654e-01
6.356092506311749046e-01
6.100706238818555116e-01
6.309844470244559966e-01
6.222852304938877310e-01
6.167595814454077674e-01
6.348350863523025689e-01
6.067396081765874527e-01
6.116856816174429667e-01
6.099995130351458794e-01
6.158432043117589849e-01
6.443100807587061052e-01
5.908615252039866039e-01
5.804313633899563785e-01
5.829360793854581058e-01
5.900706793418398766e-01
5.430075722949138095e-01
5.959715798638304252e-01
5.732684587182063085e-01
5.680061825409168375e-01
6.214282241070051560e-01
6.103767868423581877e-01
6.130735335853850776e-01
6.065142178548453833e-01
5.787566983951891730e-01
5.906257314441937245e-01
6.209168785369164612e-01
5.798117386091644621e-01
6.419819115320010150e-01
6.470547380411169058e-01
6.540717770846873336e-01
6.244366580162555858e-01
6.290648872653854529e-01
6.605394459479511093e-01
6.258253777813586050e-01
6.576818096022707394e-01
6.435888986770050835e-01
6.783928884876340160e-01
6.484646915232089581e-01
6.473143612277165726e-01
6.292743917462042536e-01
6.229940335279277042e-01
6.577880237923426909e-01
6.128520490980144952e-01
6.274611483136106616e-01
5.904412459637399246e-01
6.298594734323682554e-01
5.882660549342538792e-01
6.025234455386144772e-01
6.177360041403245905e-01
6.072092166613025643e-01
6.077120702607238245e-01
6.150379909313025140e-01
6.201969036229034726e-01
6.422835203508104884e-01
6.396781049583736278e-01
5.826195527271199603e-01
5.934522009578764301e-01
6.502637843939578222e-01
5.804277687805031727e-01
5.834042319539660681e-01
6.116585384358461663e-01
6.284701074741199101e-01
5.932991992135966397e-01
6.606940427693918094e-01
6.345824602555077965e-01
6.143346014540000954e-01
6.290900166308995844e-01
6.125562476320645100e-01
5.790522893514088443e-01
5.883337669569128625e-01
6.045311912129478493e-01
5.960665430059189918e-01
6.200609511157059162e-01
6.139467436476654383e-01
6.055178569242586351e-01
6.129421308964838611e-01
6.411408852265363389e-01
6.383519746378691906e-01
6.246959786469590270e-01
6.409167180809535180e-01
6.153582917273404673e-01
6.018230375625329698e-01
6.070956058692491553e-01
6.354008390321113087e-01
6.142870875451198476e-01
6.453820869775686031e-01
6.280843109676196301e-01
6.716901472811431795e-01
6.568787871454744298e-01
6.195406533808868188e-01
6.056869123125897536e-01
5.932966144380623641e-01
6.521152538629946260e-01
6.375620463259671356e-01
6.385648953031054509e-01
6.026663371643790068e-01
6.298354740171020483e-01
5.879272001245704482e-01
6.347419303113711608e-01
6.699867396746688186e-01
6.791809115033093924e-01
6.263756464171953420e-01
6.234191016135347541e-01
6.557223441435001687e-01
5.859955678174496585e-01
5.931814929165636352e-01
6.391160015153755092e-01
6.111658529529431227e-01
6.230242207938082588e-01
6.293948127675770277e-01
6.410058008100355531e-01
6.733237449684097431e-01
6.693771119816759319e-01
6.779611261115797705e-01
5.898592814341702129e-01
6.352771267955453771e-01
6.185764950725253231e-01
5.971359370502113961e-01
5.684497608925165313e-01
5.888115315826062401e-01
6.113783228334489506e-01
5.927753977195940882e-01
5.762904803278509069e-01
5.895498558588696536e-01
5.904278495165476981e-01
6.076969447454974027e-01
5.562468787985554997e-01
6.005257272651051137e-01
6.228669525626965298e-01
6.050102240494714678e-01
6.005223765152681858e-01
5.927734466428529192e-01
5.908174881140721979e-01
5.584372697003469055e-01
5.824086921321468546e-01
5.923723716615675317e-01
5.924394640344970986e-01
5.694933508621351503e-01
6.068414735721978648e-01
6.049186384800167016e-01
5.774527577073828022e-01
5.790863365844258759e-01
5.773589522529729567e-01
6.262625895110540686e-01
5.912199661281256624e-01
5.590207896119592235e-01
5.629941151857952297e-01
6.233826469927706837e-01
5.957920749053250420e-01
6.087971766485652525e-01
6.621650086175537853e-01
6.200011252650523552e-01
6.573243689761585351e-01
6.289331787992845646e-01
6.096759387206164282e-01
6.712025067695948088e-01
6.037533913882610070e-01
5.623971040421918977e-01
5.837636882820250728e-01
5.943726244370112211e-01
5.829180499162651685e-01
6.057838410455399503e-01
6.163793116267994865e-01
6.291477937841530865e-01
5.895061295547905367e-01
6.166045612364804418e-01
6.249728309349080746e-01
6.067198666228827975e-01
6.248821760610899778e-01
6.233418120608326118e-01
6.179948309915141991e-01
6.238256507641489756e-01
5.853520324121472829e-01
6.117290976486824405e-01
6.130489574850577217e-01
6.018800991489706709e-01
6.039433571581003246e-01
5.987817204412304584e-01
5.887674621136558262e-01
6.067944816104553496e-01
6.335905575069638029e-01
6.239404240819877989e-01
6.366518928400399790e-01
5.881966834753140638e-01
6.342022218558225344e-01
6.277251361264937213e-01
5.976024247340741002e-01
6.094620585987424732e-01
5.828558853008188878e-01
6.065755962710503990e-01
6.208577404976795000e-01
5.960116741575354204e-01
6.216374801609948486e-01
6.570755259990913588e-01
6.557224864282541477e-01
6.065387105846443694e-01
6.322360923048390147e-01
6.357907646150221526e-01
6.300225426919828786e-01
6.641833777182004628e-01
6.991542402357748820e-01
6.613446329205465712e-01
6.183269150766911304e-01
5.827923660026013142e-01
6.432532355157031256e-01
6.155376341833965759e-01
6.092573720684514305e-01
6.001330117565665256e-01
6.241330272275723567e-01
6.159438369498636545e-01
6.325622019485042102e-01
6.363789656295426589e-01
6.208056340791401340e-01
6.027405794346609724e-01
6.171302841499802794e-01
5.843227807403542640e-01
5.794564070123005006e-01
6.174654099514458316e-01
6.770484964566280128e-01
6.505579570387992616e-01
6.603292104469959956e-01
6.357621530585086944e-01
6.403294284754709187e-01
6.654130026590467928e-01
6.114230853141415789e-01
6.257627693213240194e-01
5.891516797980097531e-01
6.136927253625809042e-01
5.998671565270946582e-01
6.409725536298856996e-01
6.227089427336087724e-01
5.623530580067324092e-01
5.978266589777183615e-01
6.158509186175660233e-01
6.082861654992968159e-01
6.175496397676286664e-01
6.026606055343896040e-01
6.339692238549278214e-01
6.040950185695104224e-01
6.548937903324713039e-01
6.211673026424601174e-01
5.950922156395889173e-01
5.862713973789889232e-01
5.919885143360232860e-01
6.046231434067647070e-01
6.369502925807071225e-01
6.134339545110222280e-01
6.169408715190594084e-01
5.631044840665450080e-01
5.923046848327384595e-01
6.011238355458476956e-01
6.255033460978827176e-01
6.375166030778640636e-01
6.336688713042463172e-01
5.779997723011378596e-01
5.639370870577514738e-01
6.057098768845003978e-01
6.087333522929517793e-01
6.174020291030534180e-01
6.414662430878909083e-01
6.409670144458994301e-01
6.243079261894446397e-01
6.610400680861103773e-01
6.318485300516089032e-01
6.237868560549879593e-01
6.260046755902264337e-01
6.194060271755841285e-01
6.006844193700066059e-01
5.952321028009652792e-01
6.332596808802672950e-01
6.182155076699714646e-01
6.069779701375598302e-01
6.090381984914871039e-01
6.372349339059922846e-01
6.139338609627712495e-01
6.156699392660844872e-01
6.073566366524497662e-01
5.766915822564849803e-01
6.358407598702696673e-01
6.303293214297056579e-01
5.850375399858923631e-01
6.100772912567651307e-01
6.278670787214699622e-01
6.133211954486249562e-01
6.269348151683226122e-01
6.168165664226695766e-01
6.440840140559827010e-01
6.235873540053274988e-01
6.481007736264547958e-01
6.345422039862583796e-01
6.791292488867486377e-01
6.576387924768903881e-01
6.082198472561034519e-01
6.472523257479907421e-01
6.107155652355213959e-01
6.234617912725918254e-01
5.882128033393716482e-01
5.836362273907972353e-01
5.961616373085690812e-01
6.049968763708847286e-01
6.042060332411283152e-01
5.589255525476524156e-01
5.594752152079500718e-01
5.969631118975113893e-01
5.710458667486915108e-01
6.051434708392716688e-01
5.995305532859753761e-01
6.445961578011484283e-01
5.907351072705386841e-01
6.060771087363542309e-01
6.210781913851420866e-01
5.902935896170447005e-01
5.802658658486961052e-01
5.755013226330203402e-01
6.038377942888060179e-01
5.702878121431264047e-01
5.846542696880671075e-01
5.698904494152863265e-01
6.081252577000720860e-01
5.911448802672260028e-01
5.965225604624787570e-01
6.082891594312956896e-01
5.824346606280079719e-01
6.053070323697632427e-01
6.058068939533908237e-01
6.331359960887754657e-01
6.222777695993692015e-01
5.989062215131724098e-01
5.646881648644583862e-01
6.114388691903636097e-01
6.059892264559850750e-01
6.050221760942877669e-01
5.909906087443780320e-01
6.068104284756989930e-01
6.638680868496705800e-01
6.213242880422249481e-01
6.141873638765524834e-01
5.710068758514980081e-01
5.896697645336945737e-01
6.189037589938767292e-01
5.930797879034113151e-01
6.337172939650346226e-01
6.099959650247160914e-01
6.018634070590542784e-01
6.075008580032665861e-01
5.656710311337147523e-01
5.826129310412923035e-01
5.501559116258235571e-01
5.688017638127994546e-01
5.986192540940938889e-01
6.020041432907721202e-01
5.944606771894457298e-01
5.974841796262323479e-01
6.006488026099018329e-01
5.810041580713397602e-01
6.103297444734988586e-01
6.103441871093572280e-01
5.809383184894457708e-01
5.731316688818069993e-01
6.056735291930506193e-01
5.805873702753707732e-01
5.998616062591155540e-01
6.124665170866145925e-01
5.837438779617363238e-01
6.352397845825904499e-01
6.092168189914931586e-01
5.926979612075135018e-01
5.980902184577996383e-01
6.191138997689688006e-01
5.758911593574053134e-01
6.082340293459808089e-01
6.118128204579592611e-01
6.071136376029148130e-01
6.014338237040894874e-01
5.999564930405348884e-01
6.408012678961030328e-01
6.281877750907932656e-01
6.081806728720956512e-01
6.005075729373585691e-01
6.538517464452646699e-01
6.330683728903432339e-01
5.779217433377544788e-01
6.104291530969014890e-01
6.096547943278599613e-01
6.207499533751362764e-01
6.026147601188801550e-01
6.107628886743659002e-01
6.231941754650319742e-01
6.429354015201299566e-01
6.300154006931719675e-01
6.312556813071031891e-01
6.776091179965981759e-01
6.148958327640517973e-01
6.546062426796830369e-01
6.662280094210766279e-01
6.383148270288026005e-01
6.373035164013401976e-01
6.224086838955183998e-01
6.067137588716736696e-01
6.156498276386868085e-01
6.336371995297607196e-01
6.278436871188706192e-01
6.256455553813720094e-01
6.231630642405723286e-01
6.191609875509402894e-01
6.057544281583832069e-01
5.964264546270590106e-01
6.118531456099255417e-01
6.116418405875733155e-01
5.854296571818486949e-01
5.885695235397448988e-01
6.010355488533868362e-01
6.422754436290141200e-01
5.930570355682460715e-01
6.256047794833129450e-01
6.195588183131311988e-01
6.149763045132866646e-01
5.983748334106667732e-01
6.219767974613351624e-01
5.681521247996500490e-01
6.116366808659998711e-01
6.291704190183238232e-01
5.848400985864172785e-01
5.890231742209661725e-01
6.059050893743838095e-01
6.341985093928027561e-01
6.110669041073729657e-01
6.004680943125088044e-01
6.038034037867086035e-01
5.682882784917250296e-01
6.254843082512093755e-01
5.950776415136651565e-01
5.756669859038112680e-01
5.800303380044797841e-01
5.652412880588530975e-01
5.584639892284988250e-01
5.563077611698479252e-01
5.839673533707347985e-01
5.914234405623995938e-01
6.172182521051007287e-01
5.864298230129406653e-01
6.140105375889761685e-01
5.861058824766077757e-01
6.252994214357731062e-01
5.634373951934419367e-01
5.983300383270954148e-01
5.874736430078255633e-01
5.929923577121237743e-01
5.987999361553243416e-01
6.042229011995471355e-01
6.063210625341364235e-01
5.518812150387449877e-01
6.281028655561170515e-01
6.303504279808584965e-01
6.250462485457466411e-01
6.310225584953593758e-01
6.449541107816750829e-01
5.968938797845494415e-01
6.228789581132557762e-01
5.945945573007448415e-01
5.969333969916574834e-01
6.097623366362714403e-01
5.931767671832816058e-01
6.108018369062874209e-01
5.954298193682034945e-01
6.008554146809238494e-01
5.761115869337082307e-01
5.852374842887108075e-01
6.291310988789535763e-01
6.238189267354864453e-01
6.066370559058842371e-01
6.036737595215094787e-01
6.049840989519371659e-01
5.819718520061336609e-01
5.904815640022036405e-01
6.063499079158736205e-01
5.910420141847750886e-01
6.234120825920189679e-01
5.800870209701514124e-01
6.142984585765594030e-01
6.006378083989132310e-01
5.779762439241565852e-01
6.114542582454254305e-01
6.158876238449757512e-01
6.057940803741774793e-01
6.323711082614053014e-01
6.200613566206356619e-01
5.883085934225552593e-01
6.094438830445778610e-01
5.888944522995338549e-01
5.842264121884602757e-01
6.152358478001693776e-01
5.962719357085491945e-01
6.029603788725397262e-01
5.857544002137996531e-01
5.568740626413314354e-01
5.454589432608109023e-01
5.883613365535401707e-01
5.701293499019027822e-01
6.056275325544266952e-01
5.974548160780160933e-01
6.003721549082655651e-01
6.123437128401729712e-01
6.262538119157894378e-01
5.907621983560145118e-01
6.333586839798560630e-01
6.171809960675395113e-01
5.996559246710099211e-01
5.869884445760060743e-01
6.256643890484128168e-01
5.587763476382332506e-01
5.792938958050583009e-01
5.878682428550815464e-01
5.708573083785691837e-01
6.031053709817325581e-01
6.233203867086174466e-01
6.207709380947352695e-01
6.129107230103306714e-01
6.263594432095301867e-01
6.420925993136339383e-01
6.081752433065825691e-01
6.248072551473506930e-01
6.104332699202500434e-01
6.220159664404589783e-01
6.008126175653781820e-01
6.308617801908660283e-01
6.128090144159348274e-01
6.090493155283097648e-01
5.945525655732846193e-01
5.661291941942149242e-01
5.985665323962680029e-01
6.269512035756079626e-01
6.275758333002785516e-01
5.961481264538127656e-01
6.115921539814664909e-01
5.979331367872882108e-01
5.863699592430615670e-01
5.815997510170218820e-01
6.225820841965761243e-01
6.330712656778630931e-01
6.289365271521116796e-01
5.975586440174003311e-01
5.854721400746906168e-01
6.051309053882344413e-01
6.075807433534591295e-01
6.314665008664740453e-01
6.387853673904977381e-01
6.641224034097331641e-01
6.369821599719641680e-01
6.102249723664632253e-01
6.350833071896854198e-01
6.176916902798867959e-01
6.344517063489113484e-01
6.389507571270072184e-01
6.392528181602170623e-01
5.820707862022153067e-01
6.204258835239361281e-01
5.895019921778724692e-01
5.546243667089657547e-01
5.868295363139246490e-01
5.904727170604171516e-01
6.301818971791829371e-01
6.349756094686038743e-01
6.159450027164359298e-01
6.207109062343036943e-01
5.954614212526239125e-01
6.239054023213599365e-01
6.106302956726998854e-01
6.346120450658738754e-01
5.997033129819133723e-01
6.191623931542518111e-01
6.175372615615347671e-01
6.173043809622773548e-01
6.289872372621797547e-01
6.477563870363383103e-01
5.845485275675978976e-01
6.271527790572245520e-01
6.187367858351570105e-01
6.261977203887851839e-01
6.404541139249083637e-01
6.638194751722616971e-01
6.497941932632630424e-01
6.280234348146634948e-01
6.428513159263121723e-01
6.233885298016808019e-01
6.551788447462065790e-01
6.253523536072697064e-01
6.282987805881805610e-01
6.825486458644004495e-01
6.212092361360895820e-01
6.143412473636058468e-01
5.837631083895632456e-01
5.785951221988846482e-01
6.020820583066451848e-01
6.046699427490354051e-01
6.182571610010765273e-01
5.992851012875962669e-01
6.383774595600545387e-01
6.183197383768599398e-01
5.894962226921018900e-01
6.020655765843595519e-01
5.895108395843156046e-01
5.906346303231772010e-01
6.243069531249587634e-01
6.253072336354730254e-01
6.142572739704801332e-01
6.046024969900204438e-01
6.580882482449774695e-01
6.377008157253475362e-01
6.451179101908386393e-01
6.218524293793381563e-01
6.060914136860505730e-01
6.177367849545440937e-01
6.003584134847401721e-01
5.867509316070621539e-01
6.110694356427474050e-01
6.041615492299052814e-01
5.654683370980626567e-01
5.910064833868414746e-01
6.286158895567889315e-01
5.921385771610316873e-01
6.018927627496836186e-01
6.349215164465045191e-01
5.927076195428262473e-01
5.909361041269556303e-01
6.150909777032821379e-01
6.331909440308303161e-01
6.157102232157419808e-01
5.992690322925821045e-01
6.168513045530035210e-01
6.296137967471354679e-01
6.583226237952022331e-01
6.363297669485834529e-01
6.540848860309937951e-01
6.402712868708051452e-01
6.171201537727785125e-01
6.260598368150080972e-01
6.848239237491121623e-01
6.603231143003751580e-01
6.486373126826050495e-01
6.397402610924656230e-01
6.390299872791143088e-01
6.068126225028791509e-01
5.928234004046087913e-01
6.441145935598023842e-01
6.181417378855863509e-01
5.899377681657912431e-01
5.982441253459523933e-01
6.091830165636559213e-01
6.259396775331292906e-01
6.277934090340818729e-01
6.420166194445845465e-01
6.153185763162405397e-01
6.067586838567974317e-01
6.652675653897024421e-01
6.567297342175942854e-01
6.469710763842586587e-01
6.230483926767381719e-01
6.275766968074923957e-01
6.451868441342750726e-01
6.385194390305243273e-01
6.123677176911594966e-01
6.109661375773262071e-01
6.471438350435656517e-01
6.028697882565651200e-01
5.755877602508767676e-01
6.399962066998751142e-01
5.764575096355498696e-01
6.094637441711926451e-01
5.919376286170858759e-01
6.126266915570286464e-01
6.071269605384543855e-01
5.561623830342077301e-01
5.998092028554500299e-01
5.823624868797594445e-01
6.297837075000209950e-01
6.228376409399192237e-01
6.191084285020902467e-01
6.317275105735390417e-01
5.858770963313876257e-01
5.897524789307183601e-01
6.059301854116790897e-01
5.807687051254175614e-01
5.755472845558660122e-01
6.052800244355363013e-01
6.532371981072013778e-01
6.331218509479202838e-01
6.155538643332000293e-01
5.751715623616985296e-01
6.246868600472919031e-01
6.334591439826163795e-01
6.103127911862782362e-01
6.204956173111140227e-01
5.976449901039598833e-01
5.722842274416333197e-01
6.077870291291078697e-01
6.050703078615286001e-01
6.008618130030644044e-01
5.895481693663072731e-01
6.013799563681043736e-01
5.749100063671963579e-01
5.896307332839589854e-01
5.881915296847858299e-01
5.906980438675139000e-01
5.776466826021845469e-01
6.173003459404325932e-01
6.016028193005685809e-01
5.871106301659801963e-01
5.845885248607822771e-01
5.869543509023341654e-01
6.232819642789687586e-01
6.229869980685741604e-01
5.989188291534741637e-01
6.048664642556564885e-01
5.937436946119289960e-01
6.252383151996150357e-01
5.810444414591182660e-01
6.403424209830939073e-01
6.180676823673004749e-01
6.051809896054695104e-01
6.365821273805387648e-01
5.970724988491957763e-01
5.967054442458011865e-01
5.968360018850059623e-01
6.247736682271167741e-01
5.774187506299375272e-01
6.193413555853790609e-01
6.068353127131411728e-01
6.153126066326231047e-01
6.558151257704625259e-01
6.186675760865919527e-01
6.189590706021628197e-01
6.532718777459060044e-01
5.848151315867666789e-01
6.004376400717493789e-01
6.131173338669601014e-01
5.980283679290454568e-01
6.038685507268634067e-01
6.542330385254617742e-01
6.273559518511158117e-01
6.105434866806577210e-01
6.057306607462190629e-01
6.515113010970362550e-01
6.835168562493271205e-01
6.223389693100218611e-01
6.505217493178009347e-01
5.959982683664867276e-01
5.952217388837726109e-01
6.064169112298888331e-01
6.326564402820870070e-01
6.049246267037249325e-01
6.070161416620289963e-01
5.973163689921924258e-01
6.134424616517787365e-01
6.093368196724718855e-01
5.743117568914157811e-01
5.852153864572386954e-01
5.689453066125905734e-01
5.939928463420905969e-01
5.974120598962140427e-01
6.066347507056776278e-01
6.258475917858741244e-01
6.024380221538752078e-01
5.753826071366640038e-01
6.015445695483764288e-01
5.893910129863366709e-01
6.007694978986446444e-01
6.024704773723527085e-01
5.971070177598861717e-01
6.265767995717187455e-01
6.215730594010949739e-01
5.514294815404394701e-01
6.064871198321295509e-01
6.075243052023440171e-01
6.156539711774562385e-01
6.414693571222296331e-01
6.606538037614383407e-01
6.496968659726692907e-01
6.137193222015220329e-01
6.224493237433478265e-01
6.422680624157320883e-01
6.311476483391095238e-01
6.398089137262162884e-01
6.173589569141673117e-01
6.354148967036825635e-01
6.088179270558294887e-01
6.333128883292712397e-01
6.626453941647094670e-01
6.846333714262068382e-01
6.217865879667124895e-01
6.400283385412656179e-01
6.161990470699748590e-01
6.091607218992873829e-01
6.209949476513247912e-01
6.241802807382975660e-01
6.027202236163372584e-01
5.957596348709442990e-01
6.223392406075823891e-01
5.903328694069535088e-01
6.048548673795866026e-01
6.179254888325291795e-01
5.758438836740237265e-01
6.261263740919905674e-01
6.206815244527826847e-01
6.206516718332703020e-01
5.843046265091667024e-01
5.647941435811659749e-01
6.300657216070261191e-01
5.834504682226965278e-01
6.412248758803676951e-01
5.665670066591655951e-01
6.348415496705210881e-01
5.940200817502214736e-01
6.195525598851557847e-01
6.405433438422870607e-01
6.152777634967813158e-01
6.432309827480277020e-01
6.124044549910310220e-01
6.065937213518818316e-01
6.235642257691005330e-01
6.043669892735888949e-01
6.016222227355864094e-01
6.022263445757840561e-01
5.983750893454584663e-01
5.607317248406413768e-01
6.133032362127304182e-01
5.866810911262024808e-01
5.888290520843915132e-01
5.699792929660441043e-01
6.024266603326339231e-01
5.910591207475573983e-01
6.567096999260193524e-01
6.005287252468632930e-01
5.900453685993330977e-01
5.947576927696613946e-01
6.395752570367396750e-01
6.397461864163886958e-01
6.403756355048876303e-01
6.391602990363395298e-01
6.317512555921875883e-01
6.001494005467539194e-01
5.677049479494075124e-01
5.621431657908698698e-01
5.923498115924938912e-01
5.816225455641327313e-01
5.990550305333686154e-01
5.882794293251178974e-01
5.943410899317462803e-01
5.644345037849278768e-01
5.759822605544219210e-01
6.453831378122726337e-01
6.306875897263929387e-01
6.044405346235885990e-01
6.141424124600062262e-01
5.904447584448176967e-01
6.109985769066683670e-01
5.638520554703850829e-01
6.134124092756881863e-01
5.987295198370097271e-01
5.756663326023029326e-01
5.748495698253095476e-01
6.138642176090650660e-01
6.153063818661435036e-01
5.774136672352242483e-01
5.563144771112840115e-01
6.059481067049313774e-01
6.361284129754989358e-01
6.307032413104747270e-01
6.286487428773188668e-01
6.118920286440339140e-01
6.309355127144086195e-01
6.064581270906419519e-01
6.180456875955260276e-01
6.298749648415211677e-01
6.201800525802220188e-01
6.436686249256547976e-01
6.495780320573156796e-01
6.107752279046357868e-01
6.360804816450764676e-01
6.156331667823283782e-01
6.251290492924085340e-01
6.459944758259903441e-01
6.338319518758347426e-01
6.414801008543102867e-01
6.093892943895262704e-01
6.677403939977473168e-01
6.311150658639267386e-01
6.724784980244163934e-01
6.411521186266505579e-01
6.390993525807023845e-01
6.432934985680200946e-01
6.089414436380904405e-01
6.222036480220779486e-01
5.933583514242508627e-01
6.502080186142568108e-01
6.415851486098815837e-01
6.546761317272281611e-01
5.880877206944535862e-01
5.767192493443962231e-01
5.610029267065037573e-01
5.942031637166774738e-01
6.090665840474026593e-01
6.066967356420162050e-01
5.991218700140031883e-01
6.114205014478613087e-01
6.128223098016143400e-01
5.775498729751512572e-01
6.004878184321651435e-01
5.805984340430315749e-01
6.210364703956048338e-01
6.046334956908108182e-01
6.053339984872299073e-01
6.018517205334191766e-01
5.749090623575188186e-01
6.090694387524494546e-01
6.291020616682612143e-01
6.427699670631139561e-01
6.114448957154102748e-01
6.262297133686456352e-01
5.997364179387010275e-01
6.198330753073736377e-01
6.150231182973830979e-01
5.964401803182615147e-01
6.184881373554145245e-01
6.310002529227789481e-01
6.282710833359123059e-01
6.159311847640603910e-01
6.248258003268780669e-01
6.374265913911052461e-01
5.970752587728652694e-01
5.975403703246509046e-01
5.639366267516267017e-01
5.793441490842614616e-01
6.246323994440421412e-01
6.164700601008108460e-01
5.678854656802179157e-01
6.056188307096482815e-01
6.128944059576630909e-01
6.240055392339007856e-01
5.930428060092635123e-01
6.074343447243545357e-01
6.251662928142893705e-01
6.161337593310213245e-01
6.571645556682125244e-01
6.447102001889286615e-01
6.532657317994920998e-01
6.217024577618771586e-01
6.414571991603582601e-01
6.169558061068726174e-01
5.911308413154707786e-01
6.164542672420125768e-01
6.070432325670481744e-01
5.988434656807508638e-01
6.290727778601590270e-01
5.919602472513356695e-01
6.502815191624085056e-01
6.304561972912415824e-01
6.296252964585128398e-01
6.163172591366720132e-01
5.996012299569578596e-01
6.009036625288941558e-01
6.090022606273468586e-01
6.019155866027201540e-01
6.373334415356985971e-01
5.987772613518081988e-01
5.904493218999234960e-01
6.113064884710260882e-01
5.943360689465293500e-01
6.075151908537183010e-01
6.012864946766445229e-01
6.137628817630550460e-01
6.267035162131925352e-01
5.689120876499355051e-01
6.006261171480181682e-01
5.988145136499342103e-01
6.426477183800697324e-01
6.615160828853796637e-01
6.028252267713909429e-01
6.287017143530254648e-01
6.320176825925226671e-01
6.246394921117508492e-01
6.329333602143609738e-01
6.289934907284602250e-01
6.006612638867523390e-01
5.926830426653473261e-01
6.355288494755308992e-01
5.879137732079808831e-01
5.847664098614472339e-01
6.281776079748849773e-01
6.211727659121595302e-01
6.091704803261089873e-01
6.290492844685449114e-01
5.969726189962262231e-01
5.968407901706528351e-01
6.018159560626863414e-01
5.924566521458211055e-01
5.855682649033435716e-01
6.009650006005234912e-01
6.300014688198460888e-01
6.082652754998735256e-01
6.365831532884291821e-01
6.117929161722454046e-01
6.225331048164505221e-01
6.158997911321487662e-01
6.176885831626148793e-01
6.413262414146900792e-01
6.344323131694137308e-01
5.956107380054744826e-01
5.879249749808843628e-01
6.098078320348346848e-01
6.261930235260341204e-01
5.747479646783217877e-01
5.657571721487448801e-01
6.111227801619129041e-01
5.765453512322556984e-01
6.136991833976274124e-01
6.084559697082023710e-01
5.799071262403685534e-01
5.856552238395889010e-01
5.969295239733449776e-01
6.047654561902018333e-01
5.634394077526930777e-01
5.870932638532480041e-01
6.069657408423760891e-01
6.151797498262402408e-01
5.778114354550912823e-01
5.630549663043926678e-01
5.802351626143026353e-01
5.551841375829249525e-01
5.757589016940884985e-01
5.975850005117497865e-01
5.971456578529332759e-01
6.449394379968501623e-01
6.511132699913079191e-01
5.982942135286415386e-01
5.941587428950538818e-01
6.046289313751350702e-01
6.002349999563093563e-01
6.286519647204890093e-01
5.750275988544903960e-01
5.564046428188130777e-01
5.940864062910307108e-01
5.876230604362828736e-01
5.908259532168772532e-01
6.103938661047024761e-01
5.812881411552750510e-01
5.768242993739035596e-01
5.835516882849193232e-01
5.765147690778362755e-01
5.920487142446249074e-01
6.030905947418012669e-01
5.865561339682833220e-01
5.785656010043539466e-01
5.982007557149053856e-01
6.058454641270610841e-01
6.228384656929231156e-01
6.104524263081338997e-01
6.182503676578491314e-01
6.102326182154066414e-01
5.961695932281961818e-01
5.934890538057469023e-01
6.142164024126578470e-01
5.750399841454493233e-01
5.929679318429570412e-01
5.589985051627539558e-01
5.952811945097249424e-01
6.078430885009317164e-01
5.895200637654265385e-01
5.811698570403367459e-01
5.549789211871178907e-01
5.655297185888534806e-01
5.618336307443073663e-01
5.784471587605641840e-01
5.944718148616772169e-01
5.992145825545688309e-01
5.986992654033467254e-01
5.782756410033095262e-01
6.025941135207623089e-01
5.845310032159071190e-01
5.778531686557057956e-01
6.297896414114891872e-01
6.421699812186241196e-01
5.867490449229471050e-01
6.265131204408921350e-01
6.317204389685606714e-01
6.012217353961314403e-01
6.081349179385364678e-01
6.235379543897705545e-01
6.608624230320082615e-01
6.163577335992532769e-01
6.461758202616653124e-01
6.613136801504281292e-01
6.266679982399224746e-01
6.193099695198938104e-01
6.421923096632670136e-01
6.035639432581351160e-01
6.399238804394634661e-01
6.262427603235077855e-01
6.518486602229600635e-01
6.059545197940873207e-01
5.788366364765828997e-01
5.723385629742041569e-01
6.058679734508936043e-01
6.514559311440824008e-01
6.035987871624989287e-01
6.150442974092220627e-01
6.480176868895417552e-01
6.065001401992092811e-01
6.471319194965629018e-01
6.257599956210606607e-01
6.204284256834695643e-01
6.146500157867649250e-01
6.282647927862512471e-01
6.201943047783688989e-01
5.995095308220311781e-01
6.030028039230771464e-01
6.142187739533456758e-01
6.133030846455505003e-01
5.965256171214936565e-01
6.145139959242902350e-01
6.112783984765539635e-01
5.881107275073079732e-01
6.117444241900367174e-01
6.028556062769492296e-01
6.307665776157429516e-01
6.253488743099927527e-01
6.197237518981910664e-01
6.365175637733256897e-01
6.434900767602032001e-01
5.984532241786703066e-01
6.508780101713547150e-01
6.094921448445616008e-01
6.096785391815257027e-01
6.135877531636256821e-01
6.312436620049672875e-01
5.826501077772870962e-01
6.246760584327584187e-01
6.284067446904608722e-01
6.084979878152263488e-01
5.963749415442544111e-01
5.991641224041202030e-01
5.851018864217762960e-01
6.009613292464266454e-01
6.018334986263045305e-01
6.030734100653917240e-01
6.138934283974338824e-01
5.788948141649763457e-01
5.861628030833176961e-01
5.719934895235694317e-01
5.689897926669067463e-01
5.733820300511403012e-01
5.740234402951642778e-01
5.672902028489034132e-01
6.003501991869577559e-01
6.012163000526017376e-01
6.305142119056241778e-01
6.229232270913934721e-01
6.391934963531481495e-01
6.448388996842194798e-01
6.140966933851046416e-01
6.507574176334058880e-01
6.481590466815896345e-01
6.357850147569216182e-01
6.297574355476098784e-01
6.083716372707723696e-01
5.911627561930825614e-01
6.278442808672650699e-01
6.115490448626507147e-01
5.925494967772240162e-01
5.752596604300460603e-01
5.766363779503568265e-01
5.999911457170817863e-01
5.786900376971455540e-01
5.650384326558084425e-01
5.752167663796456942e-01
6.031137162518992456e-01
5.767910995186417145e-01
6.283347544810530261e-01
6.043402113049212154e-01
5.982227976509181255e-01
5.950296511751858031e-01
6.038731967689721092e-01
6.016439456355604509e-01
5.828006628386560584e-01
5.982623837444907000e-01
6.016780129395327137e-01
6.134505782647463601e-01
5.888951022647113120e-01
5.814611790561490245e-01
5.874055507731321679e-01
6.111054650012146539e-01
5.919478439886894927e-01
5.960684484098421887e-01
6.233180004166325450e-01
5.962503258861847621e-01
6.385838708494460114e-01
6.610754905696966111e-01
6.088870521162697003e-01
5.979872018865926009e-01
6.003649418117028569e-01
6.055734340778992086e-01
5.740181123218202064e-01
5.866323533899769904e-01
5.761265845722142176e-01
5.688932841100015070e-01
5.761749826791106033e-01
5.735087026082512640e-01
5.629225967925377550e-01
6.120632240197007023e-01
5.782774958717528113e-01
5.957057235475043955e-01
6.139305606164517926e-01
5.872340231734478611e-01
5.925427920101991042e-01
5.971251444914389417e-01
5.877104193914823860e-01
6.269852989905531082e-01
5.946058493886573482e-01
6.161513550534670758e-01
5.986576275512943690e-01
6.041402390344802198e-01
6.025396727681487929e-01
6.215659395626781381e-01
5.929838239357192453e-01
6.356442307096819011e-01
6.207591005937550532e-01
6.228442392315212128e-01
5.700773334899513767e-01
6.095229062147065058e-01
6.658920327322763733e-01
6.133010799431848348e-01
6.326700450983891999e-01
6.162145047113962715e-01
6.310267065021702981e-01
5.800015556240245562e-01
6.192267224724976593e-01
5.927789122189031090e-01
6.187404571996855118e-01
6.146767854412275023e-01
6.347426299964219476e-01
6.298756408764231152e-01
5.804509197024873002e-01
5.724462238859038266e-01
6.074740674165159948e-01
6.299459186477481820e-01
6.143615298605310526e-01
6.003916713958945550e-01
6.001203505202926669e-01
6.550660273186551530e-01
6.289984323651636178e-01
6.260068460865890749e-01
6.071292990628278652e-01
6.518133798095451237e-01
6.918676240749477291e-01
6.261642412681637238e-01
6.411980924892078937e-01
6.525412668066450372e-01
6.379192641118631713e-01
6.458848146639466492e-01
6.164248878395586217e-01
5.606005538981597702e-01
6.032960008297298948e-01
5.950549924259862511e-01
5.829997598848017937e-01
6.054815586163321273e-01
6.460918288522815578e-01
6.300251984231870495e-01
6.297476925890995725e-01
5.997598850839570561e-01
5.948858008909357897e-01
6.167147800627296172e-01
6.188058426417337721e-01
5.958393551307251679e-01
6.371796588233633596e-01
5.972925469094174655e-01
5.973550845548633026e-01
5.830822067656056262e-01
5.866168028391033351e-01
6.182045347751414788e-01
6.155258422939959839e-01
6.300398402176251578e-01
5.954885263498610470e-01
6.125713537885650872e-01
6.030036954369383251e-01
5.833301860774232628e-01
6.153868090831435822e-01
6.202899069039712332e-01
6.356620976568889692e-01
6.429541134370727606e-01
6.531165901725852763e-01
6.035006848801278689e-01
6.048168788662430240e-01
6.554987202787072587e-01
6.704601356314735527e-01
6.490393134965112276e-01
6.300539529331745658e-01
6.385316408225245599e-01
6.166897874526311440e-01
6.525030027838411018e-01
6.156188111646835326e-01
6.308838332073226640e-01
6.039120678027872779e-01
5.967436774821471834e-01
6.131286775416227020e-01
6.292182340615493086e-01
6.151401586472358129e-01
6.381343408640964832e-01
6.164424987168715120e-01
6.447592103314917500e-01
6.503308801630601765e-01
5.817465741773113486e-01
6.005841193719605453e-01
6.338119921566706116e-01
6.231102218376637358e-01
5.947044404999815015e-01
6.093461438616479819e-01
5.912847914444294695e-01
5.987648755369096021e-01
5.634793359212715291e-01
5.975955541210996591e-01
6.056247820583361419e-01
6.167049116384025753e-01
6.078375217741032177e-01
5.999749568190172466e-01
5.972555740747867992e-01
5.626144014203714461e-01
5.902129568875399412e-01
5.904200063167425183e-01
6.027444315708146982e-01
5.932955394425271090e-01
6.088128258853869879e-01
5.919982388025233355e-01
6.072936658144652000e-01
5.981669262385994612e-01
5.844787062562410984e-01
6.379729587192365381e-01
5.966069439599099855e-01
5.849678240008663321e-01
5.997610650442368740e-01
6.352562850499475777e-01
6.101472705205372993e-01
6.142182507653441981e-01
6.110589852085134277e-01
6.013101820731771019e-01
6.089671556107818517e-01
5.905776930290690396e-01
5.723425103326270635e-01
6.554968998089147902e-01
6.057233490505997686e-01
6.021883422782521311e-01
5.819874969799997411e-01
5.903101345970112046e-01
5.982941805076997799e-01
5.901231440567719089e-01
5.720858376094239972e-01
5.714656711679817480e-01
6.027066840456998253e-01
5.959315310248639586e-01
6.018776591249576091e-01
6.082386100631564929e-01
6.029964780678611636e-01
6.110050640200800354e-01
5.872904585169679281e-01
5.969378629795364377e-01
5.949795541105548091e-01
5.946666796896666884e-01
6.234313721286501853e-01
6.241851902696881060e-01
6.388336625036127314e-01
6.396204185366894945e-01
5.946770516612324142e-01
5.764460909924112864e-01
6.202203173652104384e-01
6.002836265745501443e-01
6.174484617780136020e-01
6.185750183297852312e-01
6.179821968961767276e-01
6.286702628564895257e-01
6.505419542549631950e-01
6.296834174544017060e-01
6.292169556473489189e-01
6.062896723412877220e-01
6.593048521391904337e-01
6.092537040285316285e-01
6.097230714572696719e-01
6.190292508787081927e-01
5.923794294834660024e-01
5.698559191646319633e-01
5.731079073511612387e-01
5.981818353348599127e-01
6.120738617369289036e-01
6.206713664184002610e-01
6.328315468573773028e-01
6.067907411936608320e-01
6.096471556246840784e-01
6.249011209325421312e-01
6.095381151933505492e-01
6.621404877508761944e-01
6.522622538889168986e-01
6.671406306096213656e-01
6.484288180880872776e-01
6.448673925870486157e-01
6.545409202855376751e-01
6.320451611396192826e-01
6.401146057457522964e-01
6.099850133232470606e-01
6.575438586622033288e-01
6.552555429314578239e-01
6.012584821346766972e-01
6.201891876108338586e-01
6.452799188043363277e-01
6.392509391560875498e-01
6.244070755329131917e-01
6.509516545697224821e-01
6.785463656867298798e-01
6.178254745827309602e-01
6.119373381338226725e-01
6.307094984972553275e-01
6.561635776488747851e-01
6.458957268058618251e-01
6.185097215790050784e-01
6.419774982651395012e-01
6.298028211480998229e-01
6.329017195461182910e-01
6.730852178770897476e-01
6.786113949887110364e-01
6.715342266044347364e-01
6.385584906115423509e-01
6.386988961066918380e-01
6.726113981522351404e-01
6.459904809635736989e-01
6.298661437515543637e-01
6.399059861108647995e-01
5.968402855558919695e-01
6.313186848910150584e-01
6.580528036249870816e-01
6.439640419394402349e-01
6.309035598368170072e-01
5.844474437993455451e-01
6.476515645304447011e-01
6.308662795159485359e-01
6.620481884037487941e-01
6.403854750329266432e-01
6.298112651336643664e-01
6.161379972928361370e-01
6.352111163081247680e-01
6.088790996274718870e-01
6.186674137457033318e-01
6.237330955074368299e-01
5.849361491863207529e-01
5.845907104913398156e-01
5.894811556161217991e-01
5.968171775117796507e-01
6.115531011085776347e-01
6.334551614521519713e-01
5.608242835051291397e-01
5.917095789331229261e-01
6.066134334332612399e-01
5.805133219210607542e-01
5.528152576071168056e-01
5.814179857750153557e-01
6.146347299976701040e-01
5.362084890306134666e-01
5.911510490360344372e-01
6.055963192408799767e-01
5.838645799311750206e-01
5.827329313162243896e-01
6.046598653449138938e-01
5.984488070177729213e-01
6.228777883040554908e-01
5.803801612580854474e-01
5.731633107116459458e-01
5.987638388054674632e-01
6.135632906309077539e-01
6.158363543077982616e-01
6.160483142627712905e-01
6.099652442968421795e-01
6.294142456541567121e-01
5.540832611313978306e-01
6.149695635658818382e-01
6.273363623593800620e-01
5.918402830488570521e-01
6.389022584639881819e-01
6.372110230188466895e-01
6.217527176229536989e-01
5.745162017541438626e-01
5.782040761047795296e-01
5.827407509030395616e-01
5.796766417937675442e-01
5.970907365070913242e-01
5.890514563868732845e-01
5.860313548781594939e-01
6.095422236218962508e-01
6.071957526090637769e-01
6.211078312532276602e-01
5.808223833219204879e-01
5.569852990720564057e-01
5.850572416576398371e-01
6.226947441274920392e-01
5.937243411298187556e-01
6.095357886224782584e-01
5.999662171831331436e-01
6.259398103682086711e-01
6.316218355395393225e-01
6.313568619799834192e-01
6.120060277033161356e-01
6.621476476212121431e-01
6.367094837597790935e-01
6.314126374221599169e-01
6.292739068494335175e-01
6.463164292171010850e-01
6.172500284623483324e-01
6.373514658959630319e-01
6.287138278949442327e-01
6.441455526179675761e-01
6.712201107230258978e-01
6.257467914027017297e-01
6.288844417882157867e-01
5.983317958947665938e-01
6.117921619468202898e-01
5.936612387714624850e-01
6.338308300696355868e-01
6.178751021542748800e-01
6.359736175967317662e-01
6.559990424506347839e-01
6.687362722217277122e-01
6.170388593788777021e-01
6.063544788236135963e-01
5.831917857330880528e-01
5.924738398134286044e-01
5.686017732104490241e-01
5.962567417990823904e-01
5.849690792162092201e-01
6.068116083327672605e-01
5.920103687678281990e-01
6.237985870611900685e-01
6.186197902408197002e-01
5.867731573546218771e-01
6.062153148233145883e-01
6.070638131658864234e-01
6.552637426604343007e-01
6.121796673225960994e-01
6.583881605977420781e-01
5.947545642951576061e-01
6.038305792229142765e-01
5.918695828233843104e-01
5.891920903286855804e-01
6.083044000323452050e-01
5.848498060741927906e-01
5.959594274795699809e-01
6.064110949349216240e-01
6.358017226821832679e-01
6.313942766646521987e-01
5.914010097323587622e-01
6.328361229200107907e-01
6.470237082877523527e-01
5.934359840391100205e-01
6.216234637337489932e-01
6.449929358138059010e-01
6.685158776023233385e-01
6.283660721256242310e-01
6.044846114522635094e-01
6.212228760922060555e-01
6.298520839653237724e-01
6.068354864573518581e-01
6.387831906864471776e-01
6.645269066321215501e-01
6.445650859091441864e-01
6.287247754755306284e-01
6.133265991739387246e-01
6.236125693943862514e-01
6.150656295215637392e-01
6.412097119431177106e-01
6.180075013351574720e-01
6.010230977600949931e-01
5.440540204422513737e-01
6.083862482084940737e-01
6.021949224218293706e-01
6.269602323135524680e-01
6.180973737073589547e-01
6.029246673413386493e-01
6.072858131138018090e-01
6.051794417545401927e-01
6.423798065616702635e-01
6.128571720349459406e-01
6.091120392050142218e-01
6.465334134755235107e-01
6.346846049116351418e-01
6.096636594581862356e-01
6.044874113077693956e-01
6.196670181590200333e-01
6.037552219043875734e-01
6.394649410727283323e-01
6.417620996111427223e-01
6.565240158229318501e-01
6.345983188513575346e-01
6.507159873065251343e-01
5.924923104475443569e-01
6.078484490250219974e-01
6.201168557950432758e-01
6.513119037466755801e-01
6.568323558177393551e-01
6.320903416825813803e-01
6.041007912542298852e-01
5.835405587892545931e-01
5.904841625042289710e-01
6.329482742143226481e-01
6.215067741399162848e-01
6.149789519322856890e-01
6.244777870593285485e-01
6.104372378280954470e-01
6.418821491292925341e-01
5.909687874495441751e-01
6.213556272893049348e-01
5.984147689562536732e-01
5.612846916856999435e-01
5.811856296545500067e-01
5.895769671621904351e-01
6.055492621886590099e-01
5.767469106889017150e-01
5.987324386978022384e-01
5.846351606971573744e-01
6.151049255192286846e-01
6.225742750026876937e-01
6.230432505418849187e-01
6.095407354181799908e-01
6.032103201029777040e-01
6.083604164018985294e-01
6.469377395844635448e-01
6.180646284062292217e-01
5.546102971281386962e-01
5.905301567505204519e-01
5.891487791211864611e-01
5.836628167239616971e-01
5.630656355093801579e-01
5.452206703344448790e-01
6.103887489774525443e-01
5.930236671681377025e-01
5.833015151070622961e-01
5.485192252032279336e-01
5.718921213913314983e-01
6.015680949697332913e-01
5.845726824322643456e-01
6.017822642420321833e-01
5.779284183902023697e-01
5.975633421817537760e-01
6.086175263086868181e-01
6.119645261504940148e-01
5.764383852243785133e-01
5.816953340827798469e-01
5.886939123646338645e-01
5.914878584129673600e-01
6.035881018329259939e-01
5.956926887874438581e-01
5.939345491967792379e-01
6.021505041040460249e-01
5.969330483988214420e-01
6.398075863621655035e-01
6.201513995105943922e-01
6.143545087871062904e-01
6.014062782070278557e-01
5.926682635499832541e-01
6.066315704395021102e-01
6.370050880373275826e-01
6.071482784849701053e-01
6.145432508363950497e-01
6.120374862492322654e-01
5.892293576934560795e-01
5.977230139696074751e-01
6.247009995925844050e-01
6.254907347166649423e-01
6.132259129794334074e-01
6.464227925891570248e-01
6.193361806497004185e-01
6.135983450382642701e-01
6.303637640330392866e-01
5.864380167402337696e-01
5.812461826928871922e-01
5.961629266630327217e-01
5.987109579669231962e-01
6.094949492558763282e-01
6.019821981540200984e-01
6.129545859932657992e-01
6.365062905823043460e-01
6.089022231847275313e-01
5.995205488701524921e-01
5.845105328917549192e-01
6.207397167362662671e-01
6.159891480998800350e-01
6.084165173613348410e-01
6.137578060667048252e-01
5.811026855786383116e-01
5.970891143619118102e-01
6.165112624546111864e-01
6.170250340306764336e-01
6.210984886625378065e-01
6.147676903101659818e-01
5.998039211696776229e-01
6.275148640254021304e-01
6.231355707225668672e-01
6.216247023772056846e-01
6.424986798537526411e-01
6.517799983719164691e-01
6.386537102473608396e-01
6.084301127966291745e-01
5.836236697204738588e-01
6.152766716403984537e-01
6.095174757694888923e-01
6.217167611395858495e-01
5.847447380437913456e-01
6.150781880412233837e-01
6.234988063880915199e-01
6.118970233361809008e-01
6.033799157252128786e-01
6.364630499832483190e-01
6.205116123121386940e-01
6.788748196883120922e-01
5.835267070137638568e-01
5.929734381728664072e-01
5.840135322192149259e-01
6.189526162589571445e-01
5.802114866532440685e-01
6.044741166939073818e-01
6.256530623625884413e-01
6.171542145455645167e-01
5.980366000356690526e-01
6.377609406053865726e-01
6.117477692893283914e-01
6.144983119460631915e-01
6.095608687703933937e-01
5.976261323673981440e-01
5.806347407125771465e-01
6.237293913969240711e-01
5.946785573525775748e-01
6.042501191436794317e-01
6.100809037707130011e-01
5.794245312112072943e-01
5.908130992462644615e-01
6.278846714004218121e-01
6.015734540348033343e-01
6.300452999804020404e-01
6.278774858728982666e-01
6.259385021503777180e-01
6.200211024971689078e-01
6.099755204948401621e-01
6.335579911677307052e-01
6.019895379808156699e-01
5.927917036290720754e-01
5.830271130512664213e-01
5.922054994088516988e-01
5.712997802419109705e-01
6.343858438326482885e-01
6.011866961604902526e-01
5.942853029633142770e-01
5.929820529295523057e-01
5.928831184279357291e-01
6.213452827403899148e-01
6.464037044823024436e-01
6.083896482110188186e-01
6.228696747510299447e-01
6.147861416602435902e-01
6.014475998325561346e-01
6.159276468739434129e-01
5.979492664581353978e-01
5.907795926469245895e-01
6.413921023991107084e-01
6.320579978469776927e-01
6.456304880182347494e-01
6.058179823237018757e-01
6.131319008084232802e-01
6.233597611945279615e-01
6.397407269368491356e-01
6.046782579475199482e-01
6.008607078630553433e-01
6.564572111953284050e-01
6.275800349632701947e-01
6.197272283236139323e-01
6.381873431739453206e-01
6.570078865311292926e-01
6.491667393761781923e-01
6.410108515023705822e-01
6.609751787433446601e-01
6.583941525899442704e-01
6.694392864505402940e-01
6.156778145397585611e-01
6.342793170671168212e-01
6.313216254999105548e-01
6.213205805774502100e-01
5.873427739661645219e-01
5.963844176094790228e-01
6.214588740967568192e-01
6.212097830249446728e-01
6.178433325940279053e-01
5.975667595470051108e-01
6.053332265874930007e-01
6.293258638139380690e-01
6.270842985543100268e-01
6.071688257648477638e-01
5.937094925028634229e-01
5.992875331480915779e-01
5.887101575783476592e-01
6.062770294737797050e-01
5.693859181513695189e-01
5.797256231695741002e-01
5.572821626638608805e-01
5.906878684637671961e-01
6.281312716677456276e-01
5.474828624234453489e-01
6.070121702321542578e-01
5.620106247703576807e-01
5.812989214476831368e-01
5.800295524278195058e-01
5.973478851112017374e-01
5.748167979445922837e-01
6.078891032246145354e-01
5.909510131098670849e-01
5.975166837702038380e-01
5.758599851617591803e-01
6.034889634053060004e-01
6.229565098814434654e-01
6.344370133293347758e-01
6.086733112080442432e-01
6.338172061503171140e-01
6.229851727093249636e-01
6.027768391183907504e-01
6.183724311240068605e-01
6.222685105052915278e-01
6.318210860465528489e-01
6.076277154330266272e-01
6.073895811184811810e-01
6.108547742689607318e-01
6.579672219147711942e-01
6.452180172393644497e-01
6.193026839312849585e-01
6.326258142865994749e-01
5.875563643603449737e-01
6.537016964109537698e-01
6.202431133067852764e-01
6.083353287849536661e-01
6.113199535191840006e-01
6.264646227155344915e-01
6.214373057697356595e-01
6.309685577266808121e-01
5.900277076735235271e-01
6.194343571908423884e-01
5.852747347930783439e-01
6.005128252465672389e-01
5.867658467382486087e-01
5.606489425418407224e-01
5.923747196572847207e-01
5.787038534357767938e-01
5.760537523541624516e-01
5.869845470500161255e-01
5.903687575963756373e-01
5.995281624628362449e-01
5.945811696915904720e-01
5.774692063613184878e-01
6.033979355455842963e-01
6.174653891134826988e-01
5.914858185832113646e-01
5.992930071724874574e-01
6.364564861401079687e-01
6.372345806815038483e-01
6.200501474622277520e-01
6.280816660557489994e-01
6.337301403881819839e-01
6.594678135580271938e-01
6.100314108290550985e-01
6.197782824631883347e-01
6.321402465065916187e-01
6.288685711271166934e-01
6.019989608023719185e-01
6.330826045233493016e-01
6.068909475953685462e-01
6.336980096712363508e-01
5.855050412897150336e-01
6.196586495301114050e-01
6.023473736004979484e-01
6.201431391535006110e-01
5.881475354839816871e-01
6.415961660671543054e-01
6.138037446653020757e-01
6.400188185628430393e-01
6.334859613224815833e-01
6.126769148389575870e-01
5.996092628996618767e-01
6.164263988564477881e-01
6.208277485513239435e-01
6.235129187459772515e-01
6.392873770758910057e-01
6.194060286711142727e-01
6.022993270493873785e-01
6.064046009899783929e-01
6.265453221423500363e-01
5.966579462684810098e-01
6.214991827690353743e-01
6.179725001786885441e-01
5.917416434125895019e-01
6.086326995646107463e-01
5.947111687960990878e-01
5.925138353779084710e-01
6.135840268040690937e-01
6.349141152606817551e-01
5.950108394962478897e-01
5.844190488971334752e-01
5.946100373062763733e-01
6.531779590945755443e-01
6.125405101456428136e-01
6.190852442142841250e-01
6.244132312568982934e-01
5.829033754919674681e-01
5.840409377791784262e-01
5.987297933623006996e-01
5.991927948115511882e-01
5.780310832827176837e-01
5.588584797904845303e-01
6.026602472503891361e-01
5.937169309361727265e-01
6.084721745781789259e-01
5.491302856714885827e-01
5.615127070662596642e-01
5.711591854827007264e-01
5.499255689726393337e-01
5.957438121717267832e-01
5.806136179948032661e-01
6.126370017850493177e-01
5.743089600430867359e-01
6.336093056797429401e-01
5.872952179489097091e-01
5.833135249090024566e-01
5.946418276028111460e-01
5.888554644534197413e-01
6.239500845218957092e-01
6.184344721138634871e-01
6.151784787390139897e-01
6.202272127568246862e-01
6.018987730235476619e-01
6.101143719669150922e-01
5.777528992997077451e-01
6.127176972343635342e-01
6.129779670257520241e-01
6.171784482667339589e-01
6.122073197325004212e-01
5.953304909547332269e-01
6.099412453191864758e-01
5.802326617041712042e-01
6.061793674344351235e-01
5.995732864985044985e-01
5.768699712352568509e-01
5.920263614165967025e-01
6.022533188292001904e-01
6.234101869624977255e-01
6.339966052819446807e-01
6.318738450635357218e-01
6.334063068218344084e-01
6.054495718482995059e-01
5.960889876921239283e-01
6.349301009058909706e-01
6.017260618875880374e-01
5.958997327687848289e-01
6.149728590901727410e-01
5.943387327903717487e-01
6.006955403769299595e-01
5.982185817454829246e-01
5.781235885826911947e-01
5.911858898059538792e-01
6.004848039020180828e-01
5.968467207646757089e-01
6.143371364591529993e-01
5.856695180447261118e-01
6.059785555537110513e-01
5.939234883715382995e-01
6.050067892237245282e-01
6.568380548283505593e-01
6.136828522126146490e-01
5.913561554636396211e-01
6.088579414178227900e-01
6.114595262632482875e-01
6.263324348474496039e-01
5.982653521249242656e-01
6.256832260507025900e-01
6.159345120472092816e-01
5.948161433554524091e-01
6.020362578307549839e-01
6.105480830826021110e-01
6.328396564060607687e-01
6.024207907205751944e-01
5.930475168047389944e-01
5.876570539561389861e-01
6.035669582977790659e-01
6.016038540452295358e-01
6.406017771428473839e-01
6.113788621237965515e-01
6.142885124560953924e-01
6.399273850832951638e-01
6.149703870697547092e-01
6.211704100803147055e-01
6.098343361088178760e-01
6.259268583430878108e-01
6.583999185371618434e-01
6.043045872667195395e-01
6.279365214088502567e-01
6.122361699261910095e-01
6.498223139639400792e-01
6.424989653882839935e-01
6.178747120444721963e-01
6.275131178663668763e-01
6.138008561361965043e-01
6.482694823643714299e-01
6.461907866908924714e-01
6.066703429856699081e-01
6.078972440795309407e-01
6.122363615014545513e-01
5.827013093306268043e-01
6.277553249969699545e-01
6.262204014048972089e-01
5.999512230971166815e-01
5.751262423848206851e-01
6.020032936487965669e-01
6.157628176825908906e-01
6.161081268603836314e-01
6.157391707551990168e-01
6.335610888037495059e-01
5.986204633058018754e-01
6.217877462179484116e-01
6.005734978751882114e-01
6.358581827304153888e-01
6.215648657546152256e-01
6.716710579245357415e-01
6.152900524178860353e-01
6.100425981433181821e-01
5.903883626634113257e-01
5.517279877706163793e-01
5.603611053934555164e-01
5.742299704943877314e-01
5.889235793646626638e-01
6.193651594277439498e-01
5.973365479621012275e-01
5.892763681431286704e-01
6.337422964724525043e-01
5.920024042005599396e-01
6.081474853627334420e-01
5.886566401246677849e-01
6.348009905916017770e-01
6.052058479539915714e-01
5.975900162723940534e-01
5.744931212177251112e-01
5.921836152497415018e-01
5.853604664133134072e-01
5.944507359439703542e-01
6.066147672707404848e-01
5.973731671682814826e-01
5.935879710320102198e-01
6.245217637686133472e-01
5.931074603187753702e-01
6.031531762965268717e-01
6.158298723300708044e-01
6.213852996770892201e-01
5.957305612184309318e-01
6.377640741774222022e-01
6.100108122090770468e-01
6.134183418479755012e-01
5.920044252396882145e-01
5.838664035771241601e-01
6.273702126750333452e-01
5.955705132978432736e-01
6.141675678224226553e-01
6.218839335316856953e-01
5.997843167015550758e-01
5.990425809153798742e-01
6.027111911164358959e-01
5.776294584831001000e-01
5.786712698230207508e-01
6.039103381656996117e-01
6.450367557069462965e-01
6.071910137187458423e-01
6.081426504227489538e-01
6.190457217990854577e-01
6.068770400081249239e-01
6.119778082343724224e-01
5.780021151117927802e-01
6.112625245700709087e-01
5.958469556748158258e-01
6.162652598023887762e-01
5.976095251815631837e-01
5.870154316691184038e-01
5.701484898528348388e-01
5.732657299106004301e-01
5.575046128877726437e-01
6.139417852915629581e-01
5.831521560060549669e-01
6.027983663952836135e-01
5.735435727616736701e-01
6.072562936952639046e-01
6.001744687884996710e-01
5.734369382318939001e-01
6.186152966491612615e-01
5.868209202165276528e-01
6.448289211787068265e-01
6.234298353019076533e-01
6.245537945071963915e-01
6.117930776250449787e-01
6.302943295524641165e-01
6.431321541136584274e-01
6.049938846658263758e-01
6.644448338153418065e-01
6.210965259477704281e-01
5.965305230780675316e-01
6.069334924105249662e-01
5.933402659820801173e-01
5.960859562812099721e-01
6.431394821163799458e-01
6.685901927329918060e-01
6.424060562493163484e-01
6.424897211379819728e-01
6.102937726492283499e-01
6.296764210238683379e-01
6.002347805704050243e-01
6.176360323268006436e-01
6.253291776873473040e-01
6.202882520726140658e-01
6.030036913822588440e-01
6.049709894489130324e-01
6.028758668192936154e-01
6.268458602094908461e-01
6.398956416968551997e-01
6.063259365603087536e-01
6.379842981037289196e-01
5.873422019516534309e-01
6.251508679088574327e-01
6.023454669516893345e-01
6.051889874034067640e-01
6.437759718135378506e-01
6.072481653817604075e-01
6.158784941453537831e-01
5.880224147495844988e-01
6.301144083760519266e-01
5.966613213489009304e-01
5.979230123632702787e-01
6.124112787643670730e-01
6.204899281189087956e-01
5.858495030454835550e-01
6.071962305595719478e-01
6.020312814022378278e-01
5.734613175587879308e-01
5.750040016888716687e-01
6.107520852349557217e-01
5.822042614378025727e-01
6.397004141813326106e-01
6.193342670661849958e-01
5.985529804736791082e-01
6.115386719814367433e-01
6.487657648748899053e-01
6.134556178453608455e-01
6.149092539538558722e-01
6.341580382680956918e-01
6.689166237995006759e-01
6.611014915085963173e-01
6.817246836835846313e-01
6.529805398902499558e-01
6.745089242898753001e-01
6.613797865900163941e-01
6.606599867998022013e-01
6.063166362536780429e-01
6.516099465182580985e-01
6.757760794787079917e-01
6.657953357201894518e-01
6.044424104597075909e-01
6.186148807147973105e-01
6.240799698514701843e-01
6.239593771338574069e-01
6.241438090689994667e-01
6.337043241323981890e-01
5.779238231234037348e-01
6.055199893761720187e-01
6.118031917861821434e-01
6.042912199017227426e-01
6.249894781075273631e-01
6.020062705550407456e-01
5.827325599426088631e-01
5.873626585607062411e-01
5.847564767291986154e-01
6.340759955549682969e-01
6.242222864078622591e-01
6.297086978315994399e-01
6.169521675862237320e-01
6.342021595100413300e-01
6.595791326823419176e-01
6.378338580262218338e-01
6.283023191057788281e-01
5.828247683285089353e-01
6.090133682483315214e-01
6.572282969541020092e-01
6.251056447585787712e-01
6.510380126786878829e-01
6.101994105010698499e-01
6.126922829027908746e-01
5.928705798827262896e-01
6.068406121354523730e-01
6.070820687810469796e-01
5.947724059464185586e-01
5.998879317621629292e-01
6.223541962877660039e-01
6.083169012513326424e-01
5.984567707160970418e-01
6.170512807115700049e-01
5.664655385720759329e-01
5.961627595945052649e-01
5.788485768333186954e-01
5.551551041468159031e-01
6.169721311625918636e-01
5.774265495076539301e-01
5.863469562702570137e-01
6.020785342968578702e-01
6.244634659008270194e-01
5.679092153897515871e-01
6.139530864453458525e-01
6.289080890660441181e-01
6.529373474842643521e-01
6.905971109049401369e-01
6.461306389853515020e-01
6.571934022797815134e-01
6.453580091644727235e-01
6.710156209545221628e-01
6.477622085010894537e-01
6.073903512824322393e-01
6.184861945195944122e-01
6.359070383398681692e-01
6.156629684139717229e-01
6.119389637077896626e-01
6.840328290319568350e-01
5.800681536929480631e-01
6.376675268496072579e-01
6.332785460686883861e-01
6.303343347441724420e-01
5.802306913238987063e-01
6.070872021572997213e-01
6.400654882577248017e-01
6.273576302020495987e-01
6.030840131395195369e-01
6.279916070419320206e-01
6.538613237507689968e-01
6.233616578651018925e-01
6.715578385318258237e-01
6.564505231525734619e-01
6.480990121257879100e-01
6.277669444196738446e-01
6.439972830297594486e-01
5.993452376107628599e-01
5.938755948662560735e-01
6.351460987519019774e-01
6.481282713314514554e-01
6.028179138585226804e-01
6.103062316518775843e-01
6.136429926414288527e-01
5.991329875560915674e-01
6.113940715535752801e-01
5.825952294845530011e-01
5.824055150503850697e-01
6.240693429055144126e-01
6.208955229260750830e-01
5.938382467994838265e-01
5.734062616399473455e-01
6.117068516563515246e-01
6.050689434252215504e-01
5.861218567582004990e-01
5.854713222539009720e-01
5.983791422274539196e-01
5.848956815525342412e-01
6.143678157300068721e-01
6.347773088020115528e-01
6.422799155101296398e-01
6.340263374917064487e-01
5.963550327071964752e-01
5.921564793896965107e-01
6.155681659265845873e-01
5.944304949267438243e-01
5.929842742950396373e-01
6.101375885224405993e-01
5.934368396636133802e-01
6.232194803545514361e-01
6.140660047242618713e-01
6.529283456594294766e-01
6.001326639199507929e-01
6.345678093006162923e-01
5.998554994612925739e-01
5.897262132314814442e-01
5.881062603072265693e-01
5.958077656694450441e-01
5.946365864997893436e-01
6.192341889391516085e-01
6.222983779393840287e-01
5.790425720917677932e-01
6.061085129565539908e-01
6.322607934725780199e-01
6.453613303472472973e-01
6.173299475493919664e-01
6.317977950435348378e-01
5.875375319438400634e-01
5.811040474651110177e-01
6.145901445198583835e-01
6.129648857577556509e-01
5.810748447261808725e-01
5.786711798050216959e-01
5.723970087461119904e-01
5.609357303081649038e-01
6.155708292719996866e-01
6.144256112397736835e-01
6.061698356617839512e-01
5.523079873027232356e-01
6.143526907337704124e-01
5.978688825110897165e-01
5.612703402306082889e-01
6.047619604968350604e-01
5.850087832258461518e-01
5.666528140488725773e-01
5.691097442899892833e-01
5.960839055462165970e-01
6.307689411626005160e-01
6.102385065852833357e-01
6.131708034666494278e-01
6.315660962682212443e-01
6.436900549185226028e-01
6.153563323760352644e-01
6.244729466323042377e-01
6.256007087758953533e-01
6.132000888427955321e-01
6.417979434311831266e-01
6.525903443597255160e-01
6.013556798964267980e-01
6.149367185312476503e-01
6.177397379193261262e-01
6.207968039245668201e-01
6.082036632091961659e-01
6.038101172149343832e-01
5.786433778771068459e-01
6.407002839620143941e-01
6.044785730184737416e-01
6.068961635746853434e-01
6.272997815668086563e-01
6.072430814496733165e-01
6.003913791658270771e-01
5.922083966648232778e-01
5.917123764458123159e-01
6.032351128906002780e-01
5.921105158386672507e-01
5.618280365617510652e-01
5.620760963950283129e-01
5.985870642639905537e-01
5.966135846825190159e-01
6.037256568694664427e-01
6.269607151625163910e-01
5.998116138108536832e-01
5.979018122928807522e-01
6.088444794657014159e-01
6.335196821988905436e-01
5.984892433389283894e-01
5.927682315162190463e-01
5.639030380724949776e-01
5.906489947969801868e-01
5.986042390734324092e-01
5.793977007384374378e-01
6.207942297904701645e-01
5.786052446498802793e-01
6.052565958691724646e-01
6.097952761579263914e-01
6.177344294652924450e-01
6.042050967238361547e-01
6.001320915411214596e-01
6.066564333684809629e-01
6.156680459831568308e-01
6.242427038327279520e-01
6.026468130917406185e-01
6.102763041853673798e-01
6.151707884227576306e-01
6.219320759136143240e-01
6.322847324721386775e-01
6.419717630676246012e-01
6.307220168557400308e-01
6.356830030519178276e-01
5.972568362542889364e-01
6.419600760336586776e-01
6.274711029281602181e-01
6.591883718499006450e-01
6.698397156886976012e-01
6.988393646377836221e-01
6.460538794748104108e-01
6.808023680876171824e-01
6.692147483775356953e-01
6.644731561224797023e-01
6.237816435444910601e-01
6.309583768576004781e-01
6.140529775632961318e-01
6.151838059279248760e-01
6.356495808330266950e-01
6.069966403179736236e-01
6.349634422789701693e-01
6.183000021985819439e-01
6.241472544859476557e-01
6.394867896889869785e-01
6.083495617423280155e-01
6.207461015036613849e-01
6.122679985248964396e-01
6.136201447780962326e-01
6.252901258395355821e-01
6.069073757963132643e-01
5.844616940711940822e-01
6.032650134577193235e-01
5.835762500787280427e-01
6.020478039572092488e-01
6.241721237712101189e-01
6.244160811235827113e-01
5.938923753838118991e-01
5.971919072648407267e-01
6.261660359466205694e-01
6.187984372861687898e-01
6.112732125125281968e-01
5.836615402971940814e-01
6.487666335349143720e-01
6.312477063896612117e-01
6.320645799227871953e-01
6.314365333255286261e-01
6.478825041605598134e-01
6.502472009364050898e-01
5.997508582638531038e-01
5.957614898097698397e-01
6.224482794777397299e-01
6.470227963508472513e-01
5.953404684238899902e-01
5.859921088500544828e-01
5.698720258405767236e-01
5.787808015356868951e-01
5.890993113286173699e-01
5.916743608311173519e-01
5.983050338271697077e-01
6.168273322304786976e-01
6.155067338589437220e-01
6.417600226380842932e-01
6.562107267975894054e-01
6.110797414456932142e-01
5.900349324473015411e-01
5.776297945171634529e-01
6.023290781832465468e-01
6.169692374228750165e-01
6.279764542690021711e-01
6.103860374691362223e-01
6.780978162769738526e-01
6.692241334965403077e-01
5.919258017227058133e-01
5.971281287682458361e-01
5.884164858262911357e-01
6.032480796821683144e-01
6.339791430341371603e-01
6.464257427969047898e-01
6.510877724103093511e-01
6.314428928384245854e-01
6.795548569427084518e-01
6.646461882135168420e-01
6.699639150988420111e-01
6.476623623228209281e-01
6.597889128734044650e-01
6.133959456559933132e-01
6.280374951584747345e-01
6.300327366437645793e-01
6.471087969577267174e-01
6.675565751188206054e-01
6.009621658693534707e-01
6.305475378324522095e-01
5.992878915048653887e-01
6.010913765054035629e-01
6.186889919867424315e-01
6.256120904823577744e-01
6.255456445100944229e-01
6.151247644563166972e-01
6.278049616844058045e-01
6.028052574328468527e-01
6.346981212161534325e-01
6.345521396558979621e-01
6.016588198681614985e-01
6.073365885108226170e-01
5.969785166234740093e-01
5.537580534003326838e-01
6.033202180783522328e-01
5.664463480350174773e-01
5.832586960039713997e-01
5.707539448236530477e-01
6.266246650758924286e-01
6.533147417613577312e-01
5.622751684781804871e-01
6.441980985653154024e-01
6.574694516400799715e-01
6.297590852407618511e-01
6.458380796149449932e-01
6.248960296648090607e-01
6.263790769458714713e-01
6.343092779880933341e-01
6.127856059380024645e-01
6.265716984101271647e-01
6.282809185568518640e-01
6.286776211944237192e-01
6.094950564159277162e-01
6.164434359686433718e-01
5.963107332843230468e-01
5.936281085486659892e-01
6.088921436429299838e-01
5.928309181494265667e-01
6.279724308395189247e-01
6.273467507407651800e-01
6.114683854885091252e-01
6.020134776669068266e-01
6.400444089800121361e-01
6.252456299131704531e-01
6.555765288463690776e-01
6.270622618973531459e-01
6.086459376223839479e-01
6.330011345083185192e-01
6.320048063525376403e-01
6.465226173081126682e-01
6.235814656233445996e-01
6.373123308119988950e-01
6.509288097007421836e-01
6.526834722270529188e-01
6.585698646237573284e-01
6.404279621813422363e-01
6.719627943748421872e-01
6.398589601761442980e-01
6.296813939772709645e-01
6.380613599782073431e-01
6.606915000611702782e-01
6.519842417826851033e-01
6.620555770707774457e-01
6.794685738295392907e-01
6.054482420013383992e-01
6.752040134111161329e-01
6.210295928840657842e-01
6.304566455692466320e-01
5.918342588954925709e-01
6.173956478298077144e-01
6.242365420329685222e-01
6.153738996353553814e-01
6.585993587637384294e-01
6.567615218118362241e-01
5.906357038228894352e-01
6.451251769698005400e-01
6.438043702310058958e-01
5.979922198189566718e-01
6.099620891346226870e-01
5.789897852932097688e-01
6.320914994436053203e-01
6.491756345274546369e-01
6.475713952551587216e-01
6.336951478251007241e-01
6.185896850387321289e-01
6.003403334251923296e-01
6.410617858991630724e-01
6.351637772989234820e-01
6.129721165805389615e-01
5.903124765053299194e-01
5.936793406442210097e-01
6.338048873846298115e-01
6.347824898607595800e-01
5.975383835901145746e-01
6.046671345884657711e-01
5.916693770574099620e-01
5.660611487119209251e-01
6.185119631156866804e-01
5.922261594605714441e-01
6.625060408991576555e-01
6.071893896012233727e-01
6.301639282096146433e-01
6.194833575337280740e-01
6.419799685009772716e-01
6.149471721279872183e-01
6.339503883920910576e-01
6.278134105788352182e-01
6.355004053757009608e-01
6.131612005166168222e-01
6.377025356962168212e-01
6.340771469299192331e-01
6.400697291293608870e-01
6.154263319738751958e-01
6.162287996354002262e-01
6.158773301625066754e-01
6.210536598605312930e-01
6.014211610820466847e-01
5.911396105747870333e-01
6.365673134170637404e-01
6.071262766532214972e-01
5.831027303777833737e-01
5.765544902723391818e-01
6.193526897378500706e-01
5.983461364224476053e-01
5.935683768627308954e-01
6.277837607696322708e-01
6.536061369184393843e-01
6.459797206063917496e-01
6.383973594972763843e-01
6.312015645762835137e-01
6.219892595656237866e-01
6.417766752066890179e-01
6.198341400619272745e-01
6.162825440924302178e-01
6.138728578007257575e-01
6.167875907741843244e-01
5.933651910892266956e-01
5.833178220217672960e-01
6.293735111601820309e-01
6.150171300266820129e-01
6.282835792629899441e-01
5.963289809607711378e-01
6.095212563711881470e-01
5.847058386207080183e-01
5.977076456884523603e-01
5.980944970772108515e-01
5.806581522133307249e-01
5.801663076494899540e-01
5.668112288560291923e-01
5.725162427579731927e-01
6.195888320479009392e-01
5.978627299653602734e-01
6.304327301105855375e-01
6.046576045506455444e-01
6.062032534736966349e-01
5.840830017972100663e-01
5.973727057055342460e-01
6.089309735739205642e-01
6.111887537587544772e-01
6.212831135155794104e-01
6.378353611826601544e-01
6.078731038563255362e-01
6.110824768584462996e-01
6.356998661012238649e-01
6.657692312552639935e-01
6.273137799379762125e-01
6.214702009504803337e-01
6.155226779114737479e-01
6.656014345696873447e-01
6.209125424316750408e-01
5.902132989779532712e-01
6.266482098289651859e-01
6.094386446234096866e-01
6.030246237326266634e-01
6.418523370453403931e-01
6.489333741022595969e-01
6.094956661564573386e-01
6.391852771652680731e-01
6.444637307611342791e-01
6.124429570703171510e-01
6.392181480016618789e-01
6.555420330429363451e-01
6.481358267249430760e-01
6.292404549181753737e-01
5.898514580897823434e-01
5.680785774178418457e-01
5.775805501317909929e-01
5.680878494794971978e-01
6.212149560447018937e-01
5.867581367348759791e-01
6.130688079824282433e-01
6.053417407439741771e-01
5.754102643221633562e-01
6.390722655276435127e-01
6.480795721286990441e-01
6.446755779856354618e-01
5.961923887879397865e-01
6.181985468218663682e-01
6.610837255341762697e-01
6.611784350619718253e-01
6.462116050644890475e-01
6.482674070198730654e-01
6.263302607568300706e-01
6.602048981292029106e-01
6.298418140855700509e-01
6.073910120002087298e-01
6.412885540337917023e-01
6.377001042990890767e-01
6.094286715815893096e-01
6.190628269594897759e-01
6.506890340566318098e-01
6.364576409208932972e-01
6.022972021456775016e-01
6.347420571832109726e-01
6.052795402809103553e-01
6.115968828252836831e-01
6.056794163355327942e-01
6.154353795775560076e-01
6.091454048330278148e-01
6.047254408510132073e-01
6.081972347922969258e-01
6.136413587010884907e-01
6.282775043358460598e-01
5.987850475940557082e-01
5.938946602591426149e-01
6.262113496882182329e-01
6.192569776714191843e-01
5.799981496160846461e-01
6.298213481075100040e-01
6.127994003894456920e-01
6.481946326314961260e-01
6.108767638324666960e-01
5.790927829039234087e-01
6.078913724588628220e-01
6.045839112262476611e-01
6.206508905791658925e-01
5.901749240280994568e-01
6.296814260989412881e-01
6.216570430869086117e-01
5.825809193784420303e-01
6.257598206329958446e-01
6.144551984025924396e-01
6.110719903573073042e-01
6.074762889201169580e-01
6.216307032849859304e-01
5.738978096231942549e-01
5.678163945163062776e-01
5.911456329463798953e-01
5.756156558562277592e-01
5.813812961309512417e-01
5.791246651805768142e-01
5.777521752871711547e-01
5.704489436791503332e-01
6.015846241223284929e-01
5.811961401042118336e-01
6.248911655916118413e-01
6.045557430172777691e-01
5.938706150196422229e-01
6.342163740571581387e-01
6.014596270785053100e-01
6.060412686656770909e-01
6.040625741426334239e-01
6.280256369425696317e-01
6.046786206470049496e-01
6.138098035648730244e-01
6.088502626853701249e-01
5.725634083925278395e-01
6.046960565468294524e-01
6.029517520345537562e-01
6.271908833202586298e-01
5.500448332524952022e-01
5.986966240111040172e-01
6.293038220156929041e-01
6.386041031000422308e-01
6.039350185136902471e-01
5.936353876139689456e-01
6.122989444390978253e-01
6.025617241019524117e-01
6.039228933428261170e-01
6.142026193719510863e-01
6.169761841269990610e-01
6.064341734798892602e-01
6.141695607257773304e-01
6.014050125349480469e-01
6.437196678519979676e-01
6.203243283200181590e-01
6.483786773063815456e-01
6.205531855278093589e-01
6.149203929394123636e-01
6.443051694785004724e-01
6.236081581023590337e-01
6.254997048920083458e-01
5.987121245186347585e-01
6.269633389683390012e-01
5.885865618397283505e-01
5.892947915180242191e-01
5.729953281555842937e-01
6.352406541065760415e-01
6.010225812440397331e-01
6.387924806191555005e-01
6.056098839601008477e-01
6.106328218655149298e-01
5.954239139031274330e-01
5.953950172820352549e-01
5.748811283376618064e-01
5.706359234948048531e-01
6.289830582971887019e-01
5.862241475263018087e-01
5.597767804345363807e-01
5.735551573641535228e-01
5.990418285931954356e-01
5.983054662007044611e-01
6.049975447316298105e-01
6.074272664321690440e-01
5.995716196202662829e-01
5.921180900610600872e-01
6.054782582113403810e-01
5.886512338673848266e-01
5.868396157418335202e-01
6.118432599523224713e-01
6.016522858787011208e-01
6.569053193879788033e-01
6.251463821945906219e-01
6.301572210344934533e-01
6.228124341585203894e-01
5.790772251094263856e-01
5.915003497709193647e-01
6.422110800847027345e-01
6.127272399453767004e-01
6.244585611106612255e-01
6.566520821556374177e-01
6.896138361963473074e-01
6.179775023592134486e-01
6.216291239036335625e-01
6.294699525485235592e-01
6.340763844238289648e-01
6.410445914178435345e-01
6.417316021040516683e-01
6.051693858302354956e-01
6.353609033940039730e-01
5.883155448451147240e-01
5.969601691956547551e-01
6.328468202461098313e-01
5.923024505876777202e-01
6.009485862756126506e-01
6.436671097554556020e-01
6.487421621732054611e-01
6.507549526814524476e-01
6.736760368305659830e-01
6.726070336195761890e-01
6.138340164143267774e-01
6.330925228542878536e-01
6.424221116100945483e-01
6.198990106240824804e-01
6.280730361802792094e-01
6.040605919914072697e-01
5.917382030156868034e-01
6.407642370901814877e-01
6.403495612963390204e-01
5.891308080226671517e-01
6.490293733448913027e-01
6.147643825829984809e-01
5.762080984368835868e-01
5.928861558128677434e-01
5.943231528898984539e-01
6.083122642907738964e-01
6.043195190822854279e-01
6.121678837607139601e-01
5.949757407755477123e-01
6.055463172645211278e-01
6.264817967785014652e-01
5.905827102231799852e-01
5.558208501299227722e-01
6.106920504122778093e-01
6.125745749917506089e-01
6.249813511625543772e-01
6.377186856299936757e-01
6.634660877772655674e-01
6.177231025989478042e-01
5.852843551067083983e-01
5.979953670400521837e-01
5.948051374384586421e-01
6.071878789857216852e-01
5.956742758683928329e-01
6.058848162477639132e-01
6.104840451981928817e-01
6.054314816844286185e-01
5.901643792837857339e-01
6.177679030193768961e-01
5.730443756039556025e-01
6.358238644234109893e-01
6.461184618721053097e-01
6.378691137158224445e-01
6.364664989739868828e-01
6.211465775738951312e-01
6.298871459015815688e-01
5.853917046829192339e-01
6.240490596035787041e-01
6.445387751179801894e-01
6.635884495356159096e-01
6.446473080267594025e-01
7.283522150934103045e-01
6.680380903630362965e-01
6.441095414141339015e-01
6.187451992615246033e-01
6.156912601010684494e-01
6.409963412576868969e-01
6.367451659761159677e-01
6.670556172853908672e-01
5.981232113385590576e-01
6.329625613853946398e-01
6.726022644711381338e-01
6.402088846138197509e-01
6.152873414642132666e-01
6.099177055264121128e-01
6.313585089774952364e-01
6.037061499427986977e-01
6.116350722279301211e-01
6.115574354115271838e-01
6.713050103767348453e-01
6.297840040484391499e-01
5.910558386733786307e-01
6.079470443145460479e-01
6.252527337664323115e-01
6.212322690920841772e-01
6.319849797853794859e-01
6.146468568654327447e-01
6.213697737349851424e-01
6.315639777276831346e-01
6.042818240541468766e-01
6.123972792843271895e-01
5.933654502102923001e-01
6.515532701509124669e-01
6.469215864546971062e-01
6.524269525094890110e-01
6.346606196075527118e-01
5.998321463512453766e-01
6.444774419195218318e-01
6.008227880044109126e-01
5.778660647259659111e-01
5.905802631900791688e-01
5.842695511813829068e-01
5.900665784268088743e-01
5.955163473148508135e-01
5.722462350646044804e-01
6.147064395197207043e-01
6.075546251766998918e-01
5.950267283648631444e-01
5.992135295429540376e-01
5.971407955884970864e-01
5.946270739271009020e-01
5.900322445624612833e-01
6.199673039293871479e-01
6.122346038217528763e-01
5.981359110531031531e-01
5.815021682803424019e-01
5.774422523498107251e-01
5.633429551551385472e-01
5.581595407059765090e-01
6.046837839704489737e-01
5.827780047881840897e-01
6.394140917676572888e-01
6.318417328327825544e-01
5.895745568167267692e-01
5.894951747764470840e-01
6.033246322436943698e-01
5.822947105085026775e-01
6.125943566951735919e-01
6.240196820016218338e-01
6.510746110642191553e-01
6.089254637159807748e-01
5.926835314321216019e-01
6.037464600475944687e-01
5.932756279673434552e-01
6.059540908463184605e-01
5.886288301029055647e-01
5.870793766618987997e-01
6.124219755088660122e-01
6.047461115716612490e-01
6.138813199521123698e-01
5.607257171037669519e-01
5.989614967299297099e-01
6.112925621037036406e-01
5.959527864128517649e-01
6.000377703984143274e-01
6.079943018575812985e-01
5.932996662255095588e-01
6.207546803458975360e-01
6.097742504296621568e-01
6.006839536710635308e-01
6.276442011265918053e-01
5.892133291667224215e-01
6.037716926974902032e-01
6.155386231197692570e-01
6.199890220337889168e-01
6.087254231177098296e-01
5.885067372003515151e-01
5.869665927354584811e-01
5.842642069674348626e-01
6.001823208582725000e-01
6.069942403091355132e-01
5.925437113887493945e-01
5.897693122215124095e-01
6.072949982854741746e-01
5.784283679127986133e-01
6.160632520769940834e-01
6.053649762173237692e-01
6.039327434707990605e-01
5.955742608654704950e-01
6.074783671362238291e-01
6.091860263265752584e-01
6.210440852084173624e-01
5.764849336617023923e-01
5.942332870245875531e-01
6.193135083500972415e-01
6.095944890916017433e-01
5.438016381321798542e-01
5.414855082962437560e-01
5.972690709674739473e-01
5.678211571798232882e-01
5.803558046845939122e-01
5.800772346448191952e-01
5.713916441036583915e-01
5.933885865707430041e-01
5.788909123107405241e-01
5.869549697527658427e-01
6.045144733888606625e-01
6.189056447547202078e-01
6.042891061594857227e-01
6.753924241608070256e-01
6.130495061790334210e-01
6.201078813703871928e-01
6.118398826763657983e-01
5.852938829767940776e-01
5.979693469092050018e-01
5.971569237356970650e-01
6.074470121242945275e-01
5.872910441236681711e-01
6.213441099681931146e-01
6.272349760374593686e-01
6.168029312788229079e-01
6.344022872014791758e-01
6.043962215517001413e-01
6.095317502430303014e-01
6.210984443522684639e-01
6.053220739071766276e-01
6.368238119796579833e-01
5.949265769464339160e-01
5.828554693982599400e-01
5.862464141513885618e-01
5.897469473271248486e-01
5.755704734699902403e-01
5.923757514482570485e-01
5.770231995727067575e-01
5.941469462570955207e-01
6.134200209594915520e-01
5.531129091048700985e-01
6.105020785321618737e-01
6.236339673510266080e-01
6.035683507504493450e-01
5.975555287352094513e-01
5.999121821653660147e-01
6.300276171020130489e-01
6.116926140866102424e-01
5.786055809714495402e-01
6.009872121795690747e-01
6.063016810896660891e-01
5.940139325829237871e-01
6.025391698187063660e-01
6.187746806202722993e-01
6.270217603999139744e-01
6.464307226699687048e-01
6.299912991818582553e-01
6.232828026171287616e-01
6.325547491360551389e-01
6.368854799012363399e-01
6.152630585268591412e-01
5.935752257029627277e-01
6.147590217073857222e-01
5.912596525170721318e-01
6.248037506370925920e-01
6.172862207636686804e-01
5.939143537611852874e-01
5.956378666744801542e-01
6.006489584313144947e-01
6.260270856670367978e-01
6.197830987816530524e-01
6.336319397201968240e-01
5.735474417113648471e-01
5.839100480002084037e-01
5.982013199589630847e-01
5.794809544798620315e-01
6.102002393433628713e-01
5.682881509070599746e-01
5.673903202768838527e-01
5.903329336301049723e-01
6.059745948907405699e-01
6.056458344829513951e-01
5.841734839111882849e-01
6.176362152459787813e-01
6.009581704219598697e-01
5.923107930761981610e-01
5.711398500539284218e-01
6.058957681489847147e-01
6.103743494345522658e-01
6.232734934663500814e-01
5.798606633583512915e-01
6.076608934840040943e-01
5.836849052547690153e-01
6.110582158467696701e-01
5.621841447900594035e-01
6.042584068026465305e-01
5.968855188536217327e-01
5.607247897471232534e-01
5.953911882939556532e-01
6.157273704283025006e-01
5.685367932543449188e-01
5.982843126897898767e-01
5.860152433511542913e-01
5.726552626071134133e-01
6.222790047990636175e-01
6.280904515728179538e-01
6.090890847951833109e-01
6.205540971006615614e-01
6.175645675721507244e-01
6.627021538605782913e-01
5.986378792171170860e-01
5.726954186211389297e-01
6.098437181382124761e-01
6.107294602014649021e-01
6.051428515121934915e-01
6.161603095058427737e-01
6.096128835213635577e-01
6.221896032747097349e-01
6.372758900555062223e-01
6.537499585893810083e-01
6.182511027435854123e-01
6.124172260772490217e-01
6.510605025730192841e-01
6.266527757540324428e-01
6.363658188530937343e-01
5.934874144599457946e-01
6.953028146040884927e-01
6.656358110979372356e-01
7.036977636281610549e-01
6.458686401258014742e-01
6.617379423996986310e-01
6.845127648619026006e-01
6.568982501322182532e-01
6.430064292205615040e-01
6.589558584598356195e-01
6.167118666209295830e-01
6.695703010690189361e-01
6.053543632345064207e-01
6.290192418738423941e-01
6.049371766403168760e-01
6.229024267162552864e-01
6.017786472618753546e-01
6.389859241606322682e-01
6.456906176197871883e-01
6.323107823156270957e-01
6.209894547510637075e-01
5.974839736044911254e-01
6.310551910546443599e-01
6.218310965613244035e-01
6.146276730955532175e-01
5.986497673390061003e-01
6.237769894734198628e-01
5.801160780104201997e-01
6.066815339691485898e-01
6.056954210444965847e-01
5.887819679719213939e-01
5.765158634101847923e-01
6.128342493539780111e-01
6.327034099128657774e-01
6.325811490280563998e-01
6.247700097377620887e-01
5.862120775295052155e-01
6.028102979613215728e-01
5.785380018440187122e-01
5.972897293274831432e-01
5.960326418384040981e-01
5.613092390231515516e-01
5.916780270888644111e-01
5.922258915340765650e-01
5.800442002615003867e-01
6.036918700931495074e-01
5.981917005136894172e-01
6.101386209028271113e-01
6.361512124023795955e-01
6.079026230386727070e-01
6.258703426836079720e-01
6.257497420851160230e-01
5.841053695976676785e-01
6.071772424007826352e-01
5.781284575011030880e-01
6.048915587862896404e-01
5.938197798839355279e-01
6.104881296472781660e-01
6.125262403383704424e-01
6.241277218706710039e-01
6.041334764333357032e-01
6.290975901387360070e-01
5.871247538233556051e-01
5.866670507618971797e-01
5.904579229595883216e-01
6.452111267134051920e-01
6.352173665353181287e-01
6.035970025155905638e-01
5.707593959823112906e-01
5.883636078996427043e-01
5.705226466506063687e-01
5.535447688662201715e-01
5.947358076748456845e-01
5.622333645178040351e-01
5.911293135003299337e-01
5.651382017856068085e-01
6.104721967689940021e-01
6.025192028228322227e-01
6.399585988968270467e-01
6.293945436524467363e-01
6.022570532652345987e-01
5.950328640586335371e-01
5.846561389596725000e-01
5.434790351019588295e-01
5.720126660710073141e-01
5.599763086231895892e-01
5.519422670023135247e-01
5.289040809047522718e-01
5.588851703934171189e-01
5.711547846358001612e-01
6.052651902173074028e-01
5.930669817243269248e-01
5.951430563318628186e-01
5.768448064534154041e-01
6.031338498616989341e-01
5.915867965485485103e-01
6.018369066696759306e-01
5.862101163565396345e-01
5.886842386895315693e-01
6.038564742278182962e-01
5.857661884208048564e-01
5.935598635527208344e-01
5.853195148920751212e-01
6.302060079863124331e-01
6.368152921434866442e-01
5.871424706493928447e-01
6.128662822525826614e-01
6.434120890369271484e-01
6.405093368617145178e-01
6.251879739452296247e-01
6.261386255545102753e-01
5.879309183257418470e-01
5.973973157883114560e-01
5.742273195671411257e-01
6.156549686943958433e-01
5.846208483986039539e-01
6.002758215538076536e-01
6.106507927170135019e-01
5.983359961256953241e-01
5.973524145546105224e-01
6.059812677119031932e-01
6.234780605070245896e-01
6.174284855777080194e-01
5.975822382978529523e-01
6.261513049845025547e-01
6.550656150020131019e-01
6.511399895137660598e-01
6.221906386114893772e-01
6.059574133973854027e-01
6.504292428002453885e-01
6.117266830976550995e-01
6.541006081751401524e-01
6.179677137671125697e-01
6.173995701599388486e-01
6.239792731175474172e-01
6.100214309366668308e-01
6.270710218354368370e-01
6.332964079101428556e-01
6.429428338588074610e-01
5.861135976261988567e-01
6.021267268803548456e-01
6.028076196479790205e-01
5.938414157259533921e-01
6.353520520826112516e-01
6.153915779104603967e-01
6.023367297463299019e-01
6.069191354499606783e-01
6.191113411317646920e-01
5.931372027764405530e-01
6.058990994737479818e-01
6.591313335179730393e-01
6.285143622383189133e-01
6.021557864000112170e-01
5.907700533918552877e-01
5.654892996244864634e-01
5.862938764508062173e-01
5.772584958180236869e-01
5.922649793861063383e-01
5.975124148487336306e-01
6.049459686467634212e-01
5.886171182016958214e-01
6.128117636610258545e-01
5.709748799814576836e-01
5.802092191395908927e-01
6.341289726050645115e-01
6.079417174988465122e-01
5.883129965002418249e-01
6.232632538389969445e-01
6.041648229935785430e-01
5.910228427319444977e-01
6.021783860753159301e-01
5.997239518549151160e-01
6.065350537219220683e-01
6.271262509989690148e-01
5.852289002204705826e-01
5.600025868938144358e-01
6.200379523611492250e-01
6.087748003568217436e-01
5.874017731170370071e-01
6.024378161543774146e-01
6.208839728685795478e-01
6.213893888247885577e-01
5.852729162337210189e-01
6.040540734622372732e-01
6.120023011281422454e-01
6.047914611816778141e-01
6.041541707113732285e-01
6.031401453980255178e-01
5.748684607527252410e-01
5.767471837798963108e-01
5.514893264951218343e-01
6.594567164305545903e-01
6.365552565935813645e-01
6.330136313948337978e-01
6.466745594644892625e-01
6.036354843112679003e-01
6.464609284506168674e-01
6.573724450362862237e-01
6.256553189810922788e-01
6.334250861058224880e-01
6.380171824771287969e-01
5.933356357824596250e-01
6.517424410030888682e-01
6.299173935083191012e-01
6.619638807965887439e-01
6.220514533858247930e-01
6.316394100249189680e-01
6.472444728866153518e-01
6.037218353830652307e-01
6.407986275207658844e-01
6.034721563483086415e-01
6.361761662218855529e-01
6.241561233533836628e-01
6.020016777246148809e-01
5.849839294095319220e-01
6.255198042630063515e-01
6.479573628122033968e-01
6.233103056923444685e-01
6.373651206403579961e-01
6.594729372052371419e-01
6.365243516506134958e-01
6.374941997595239274e-01
6.325295990002168800e-01
5.932113992710905670e-01
5.817698569817918441e-01
6.200621620422590574e-01
5.848972595822050646e-01
5.729804884480476090e-01
6.258488775193462583e-01
5.894683761050590887e-01
5.968154992234393497e-01
5.843066374260696971e-01
5.805687083691190020e-01
6.100153041195041093e-01
6.231453899144941966e-01
6.007767801875344427e-01
5.388973329636269627e-01
5.188247421084823952e-01
6.010397782660463761e-01
5.803666704131043019e-01
6.115562439426051045e-01
6.105679575397106040e-01
6.122092025510903479e-01
6.485193125532691116e-01
5.858945734172071873e-01
6.220850416032808194e-01
6.258403047232914407e-01
6.360227172040266996e-01
6.231547281155063178e-01
6.069422285634982206e-01
5.624841926776729117e-01
5.677328602075536468e-01
5.943005928894498080e-01
6.298660186413944650e-01
6.220133714182013440e-01
5.997047656905317714e-01
5.906457770152283571e-01
6.506617490559161165e-01
6.136083293519571935e-01
6.134686548612459100e-01
6.095003483814672718e-01
6.295131755860771117e-01
5.987894342960795591e-01
5.973613204811033528e-01
6.120980068003480934e-01
6.048265224152623576e-01
6.486530136271850822e-01
6.092032357448159408e-01
5.584257841966219216e-01
5.887033493733544454e-01
6.050901172496336855e-01
5.953452214518806240e-01
6.322394370796770025e-01
6.249322285443265068e-01
6.164984894593836806e-01
6.301725056767517597e-01
6.448737934165938990e-01
6.429880615339763628e-01
6.263340283215010906e-01
6.040722329764228737e-01
6.231250764777879203e-01
6.059404659447302777e-01
6.201260236377307278e-01
6.066041644267173849e-01
5.907398754529104012e-01
6.058917322851795628e-01
5.933806305885133137e-01
5.941584317764396772e-01
5.714955877801383144e-01
6.202623539246964190e-01
5.867688666829499189e-01
6.270881351041526219e-01
5.911596434703655367e-01
5.859607072478786316e-01
5.586500390333845045e-01
6.261348195932985305e-01
5.722685341375691737e-01
6.130310625094828048e-01
6.408850311792132493e-01
6.110634062343900386e-01
5.615242218199939517e-01
5.779186617045742880e-01
5.969916199503110255e-01
5.763025730910786848e-01
6.160631334735959808e-01
6.009079189866441961e-01
6.044427178842759485e-01
5.985420534532125414e-01
6.177606421275080306e-01
6.198796737824417979e-01
5.947365341647965487e-01
6.309499844153897419e-01
6.088441190891956678e-01
6.134696298231342437e-01
5.928470700491068612e-01
6.203253558190562345e-01
6.193748707377173535e-01
6.082548895464735539e-01
6.001082798042787214e-01
6.317811311085251846e-01
6.092287587069465937e-01
6.179353242774839883e-01
5.924721701017025000e-01
6.123613291311227336e-01
5.581310317445613567e-01
6.177461948981521900e-01
6.048327262502843915e-01
6.434386150194582044e-01
5.890708502779945510e-01
6.309784202402998199e-01
6.107035676752347042e-01
5.730915427455403055e-01
5.773011586128077299e-01
5.884129431743668759e-01
6.379912686577279279e-01
6.205368691552837213e-01
6.158115333694552662e-01
6.508816712752552025e-01
6.633868327519998331e-01
6.478268771491437761e-01
6.324038525198809602e-01
6.392949878467467650e-01
6.338103136086243872e-01
6.261166177391955801e-01
6.533620750799907784e-01
6.487446199289080839e-01
6.236635072892974252e-01
6.070399662266701135e-01
5.848489376314750521e-01
5.771499232549478497e-01
5.991439343452144017e-01
6.048958891627173040e-01
5.869858766138428274e-01
6.400406881390878766e-01
6.004840518527989612e-01
6.419839165422216443e-01
5.883692948136066692e-01
5.344206573056136111e-01
5.950385461934525333e-01
6.063761923192168002e-01
5.769212684729828622e-01
5.970576181258461235e-01
5.993158414056219963e-01
6.216165377341016374e-01
6.048529875410737500e-01
6.010234353927520479e-01
5.952740813830105227e-01
6.000490589487056381e-01
6.193526910252158402e-01
6.807422117228215663e-01
6.254409799662020708e-01
6.196237802356403535e-01
6.138885926894871448e-01
6.389354085822589457e-01
6.285577639342382339e-01
6.160926632504954981e-01
5.741536898824260993e-01
6.251070502418852870e-01
6.371036318810875398e-01
6.195179436511576432e-01
6.322997867636925839e-01
6.027098325104618404e-01
5.920241386472053779e-01
6.098647197538060727e-01
6.108285107858798524e-01
6.198409814716056010e-01
6.151712655196140966e-01
6.350821445273486798e-01
6.146092291517099016e-01
6.110554399567437178e-01
6.395429957656140196e-01
6.136001999405338303e-01
6.112329926834261240e-01
6.297354250269663334e-01
6.145662417103086028e-01
6.607375915631166219e-01
6.244628781771497383e-01
6.685399117891710485e-01
6.293371487969361411e-01
5.776717534264202980e-01
6.241346436379812124e-01
5.875472884909610505e-01
6.120207282424128259e-01
6.309207632311835123e-01
6.082753071740139017e-01
5.708897547425328955e-01
5.834339007161574164e-01
5.893593405934290930e-01
6.269592078453726236e-01
6.509645125141219069e-01
6.096996399059085858e-01
6.164684999979492819e-01
5.629131820616172233e-01
6.261519782374754817e-01
6.118372303437417115e-01
6.058409914339393243e-01
5.981102030457964291e-01
6.076715071166420845e-01
6.096806497909854627e-01
6.018570172761960047e-01
6.067602645915338710e-01
6.159499919727715600e-01
6.486459144609347804e-01
6.093228359286642082e-01
6.128609243216334157e-01
6.139024317610070058e-01
6.280975058412943124e-01
5.758222413882244650e-01
6.119395318604370360e-01
6.175862981039611510e-01
6.085761354416808766e-01
6.390291238145698882e-01
6.124169485348034403e-01
6.211617085660764426e-01
6.362893417869599499e-01
6.114042879752047410e-01
6.231720538582036228e-01
6.034273131824940961e-01
5.900402795341554985e-01
5.831377455015707145e-01
6.061911288882744220e-01
6.295275225105355643e-01
6.333785165245140458e-01
6.325493415457619228e-01
6.168571722147631053e-01
6.453900689807180457e-01
6.100679917778393246e-01
5.975179750724894934e-01
5.941962827437232697e-01
5.727753062615295043e-01
5.955294223574340018e-01
6.167887496802441083e-01
5.980330114790819440e-01
6.118977341363547318e-01
5.999954278913002259e-01
6.082661864618514880e-01
6.120092958222453916e-01
5.915185132824819503e-01
5.954443197751850825e-01
6.003679170734839143e-01
5.752587284401350365e-01
5.945019332856371630e-01
6.526452240974793817e-01
6.140112231532138809e-01
6.302819748728789584e-01
6.086445881376785216e-01
6.233297283537828637e-01
6.319054295214875383e-01
6.265053102466241475e-01
6.087526418398802042e-01
6.228453550794692539e-01
6.381973822031032917e-01
6.378766526732718711e-01
6.069383741089913187e-01
6.069607698711370070e-01
5.980341025910890229e-01
6.341168741697560396e-01
6.162506704175905181e-01
6.146562603079250842e-01
5.922912269241601413e-01
6.044767361016738505e-01
6.429845249017620556e-01
5.720632676218139201e-01
5.866923418974236970e-01
5.732307766672639637e-01
6.047901606799085394e-01
5.905976305331123166e-01
5.630767322548243525e-01
6.394474014591076116e-01
5.952875119646885427e-01
5.800364407570739456e-01
5.981985216518265203e-01
5.714330507363161171e-01
6.021653842779912669e-01
6.033087110869931324e-01
6.252691388340827494e-01
6.425161182383785086e-01
6.466167860157014946e-01
6.204867666508229185e-01
6.008829542701922266e-01
5.914882241057102252e-01
6.176959456108176427e-01
6.172107651164415731e-01
5.895843614614043604e-01
6.347212404543277620e-01
5.834339869454745475e-01
5.659789894051413528e-01
6.191815848397981270e-01
6.143560856180270147e-01
5.882940044439859406e-01
5.921498502945146125e-01
6.110759963480866253e-01
6.392328377941796091e-01
6.502545005488538088e-01
5.805213173771779367e-01
5.962467640609125930e-01
6.331264321811113094e-01
5.991470545061671205e-01
5.828590783704330480e-01
5.941685301630519334e-01
6.233262449268112126e-01
5.899791960695490722e-01
6.146787118941966499e-01
6.067550886426348322e-01
5.768692690401833190e-01
6.004122949118877450e-01
6.025077311083451015e-01
6.185439516410164984e-01
5.762883695707773368e-01
5.796909184489797973e-01
5.628365220886790699e-01
5.508197722674121888e-01
5.582823118177554500e-01
5.926655213710825265e-01
6.074170315100403394e-01
5.888052618612946709e-01
6.506804231161247287e-01
6.248841424715543269e-01
5.907117111346443794e-01
5.863573687354466379e-01
5.989200369011634661e-01
5.973507517465016514e-01
6.090724081158558345e-01
6.131760269111625750e-01
5.985665788335761128e-01
6.208561345930947439e-01
6.273551167811303175e-01
6.070522619018295929e-01
6.087109926609377553e-01
5.612341686818501652e-01
6.122924399779398064e-01
6.399963961248040789e-01
6.237790377316805301e-01
6.490122445024476550e-01
5.968636821430389761e-01
6.635965779064736392e-01
6.596369657820483345e-01
6.372759546456656654e-01
6.302437906196015627e-01
6.493901256030729652e-01
6.201761795215327000e-01
6.404908515804631497e-01
6.418999560014254646e-01
5.822880319790439962e-01
6.319360639949143099e-01
6.164220906500856856e-01
6.182089074910139814e-01
6.399202379702905175e-01
6.433063648679738789e-01
6.303617784346652320e-01
6.305345976787611884e-01
5.402558713038888571e-01
5.874304560005464415e-01
6.154540048377152850e-01
5.968350100468399200e-01
6.094666325553218522e-01
6.083203988468809387e-01
6.269939742370098656e-01
6.011920755078009604e-01
6.249649176966433073e-01
6.650173312014463489e-01
6.652422128067648766e-01
6.125452959200614611e-01
6.201848376264321727e-01
6.121049919221841495e-01
5.724139595226336308e-01
5.896370351621916805e-01
5.767520714092985168e-01
5.961794604833148270e-01
6.123447544149784871e-01
6.262968751531975409e-01
6.104354908824569659e-01
6.215928984224249332e-01
6.072086856399044885e-01
6.447942220485699538e-01
6.209430088067345865e-01
6.049132483515898828e-01
6.054325103687285825e-01
6.145892833369868136e-01
6.187318431055051082e-01
5.906383967727876216e-01
6.157756986839528768e-01
5.839477491607490967e-01
6.456566233637994756e-01
5.952759816305611684e-01
6.114138041755587949e-01
6.338892650811922547e-01
6.661488879129140450e-01
6.194151801834878457e-01
6.111749007459181815e-01
6.720794476229938752e-01
6.377551153237651649e-01
6.688095647592625648e-01
6.823931169552981402e-01
6.290034996988911331e-01
6.244878370537663148e-01
6.616832010590917301e-01
6.479826052066397502e-01
6.433756141145349217e-01
6.173852432343193142e-01
6.070884077191506245e-01
6.328018316870626103e-01
6.151624887109032880e-01
6.041110884497310485e-01
6.041982269058410182e-01
6.027374689278934827e-01
6.224496660096751066e-01
6.151820875393375632e-01
5.632714903162283626e-01
5.771440845635178452e-01
5.927370583162763218e-01
6.075656556261859187e-01
5.795822307674176610e-01
6.135044821226743883e-01
6.056240933332500687e-01
5.600364295647454194e-01
5.617099189113466950e-01
5.843421653994462783e-01
5.812225610189886149e-01
5.787263811616841780e-01
5.966888719036239630e-01
6.020123373475342321e-01
5.875523605963597351e-01
6.341540341584207541e-01
6.256727821621059782e-01
5.902728503890740663e-01
6.446405997869767424e-01
5.953079330642169209e-01
6.009420812735014605e-01
5.904073064575781071e-01
5.969000810548154012e-01
6.097931885484995096e-01
6.042108015706403323e-01
5.904165128616920555e-01
6.221603664917412235e-01
6.114205291850872692e-01
6.058470741055044240e-01
6.308400644967038229e-01
6.154512057345091769e-01
6.421732907918829003e-01
6.115318862347493001e-01
6.087260158555245493e-01
6.056961911155606115e-01
6.107027695372150289e-01
6.172012972660723129e-01
6.077928759755799604e-01
6.053041895695664421e-01
6.524386144023666123e-01
6.406994577921910627e-01
6.491061658049668281e-01
6.342713266752705303e-01
6.296682163386529973e-01
6.398211933509800886e-01
6.465266831970811756e-01
6.763792319295478528e-01
6.799762351039632113e-01
6.422490157163551761e-01
6.571920938140425328e-01
6.571501122679710427e-01
6.291727635488690851e-01
5.882438318438125702e-01
5.899731222415310894e-01
5.692786379422258847e-01
6.225038673118885590e-01
6.184210768166883421e-01
5.855983713978237803e-01
6.251168205868091743e-01
6.313846591026562871e-01
6.020460070138844433e-01
6.212140299382308273e-01
6.315137325882536068e-01
6.110175355410254472e-01
5.984235962176615020e-01
5.800667467919116138e-01
6.063305019699043452e-01
6.104627776023441310e-01
6.166505315091670436e-01
6.287457688808952838e-01
6.135013953015020505e-01
6.312025808873263921e-01
6.078035349487114214e-01
5.554104055241526616e-01
6.021125702308987027e-01
6.075410576531854456e-01
5.585765543339009653e-01
6.129273222144552280e-01
6.058238291905676531e-01
5.914188805373553626e-01
5.780555350992071517e-01
6.076065011142693928e-01
5.886302223121515631e-01
5.773646208127527490e-01
5.933259153510568318e-01
5.707168002114563210e-01
5.804974843591836908e-01
5.487675831205138799e-01
5.798919352331486365e-01
5.899639819918611749e-01
5.908250096545957231e-01
6.184406183135170432e-01
6.182502083842428275e-01
6.043592691689800844e-01
6.112306893728716162e-01
6.041968321965386357e-01
6.576429401549135356e-01
6.067956413979154195e-01
6.367863157944191332e-01
6.286021024116088540e-01
5.938002448143825385e-01
6.079866868462947549e-01
5.933255069877489962e-01
6.021891988225752668e-01
6.045343375651669460e-01
5.956241619876292415e-01
6.177581445260414972e-01
6.094431123932332328e-01
6.412521495099018365e-01
5.955259242653387908e-01
6.466041177576977717e-01
6.382752211687712229e-01
6.105591225112170228e-01
6.075318199535260089e-01
6.265967983318750933e-01
5.926994653111190559e-01
5.756640358353003473e-01
5.745076658518477597e-01
6.200745845932328359e-01
6.441474954179207124e-01
6.312396310575184577e-01
6.159071600691664594e-01
5.858719822104000441e-01
6.227106304473954967e-01
6.458886875317014775e-01
6.469760759534232131e-01
6.281827606918219953e-01
6.038195735704822154e-01
5.814800713040890745e-01
6.228712122902143600e-01
6.458304299074136834e-01
6.024831166988636744e-01
6.184060261553542270e-01
6.004645421231556979e-01
6.430436075010170782e-01
5.956072080396160873e-01
5.939272959547224895e-01
6.113093280437290611e-01
6.018828720411328881e-01
5.950423586590130043e-01
6.268470790691661465e-01
6.034984935107517989e-01
6.306830768865141490e-01
5.746846191881778143e-01
5.879673960588889248e-01
5.881910628392590379e-01
6.132967432547802300e-01
5.695977258240352281e-01
6.008744980882628761e-01
6.387018871294846134e-01
6.129043370386589862e-01
6.110277964005474960e-01
5.781667438595897712e-01
6.066548680594548992e-01
5.910314788440973466e-01
5.909417743336159434e-01
6.029317232627238177e-01
5.791829195298195954e-01
6.072007086785389252e-01
6.180757235726906940e-01
6.072685289447521395e-01
5.976801414319804495e-01
6.242225490147423894e-01
6.306269784947381440e-01
6.334741782201879223e-01
6.058133830280287846e-01
5.645410863523375733e-01
6.013474535439911062e-01
5.964360310710894453e-01
6.208843893332511854e-01
6.398206238907321319e-01
5.775915778979756610e-01
5.920236053138367982e-01
6.011671811990062508e-01
6.312178905514002070e-01
6.095610494761350973e-01
5.902713506251552333e-01
6.493629293623672805e-01
6.016763837095741030e-01
6.256990834758677789e-01
6.060490845704131768e-01
6.324954213434428318e-01
6.067970193169740512e-01
6.364591671869698208e-01
6.205660494689466677e-01
6.235182474656943974e-01
6.049974992348343683e-01
6.343487079964296171e-01
6.296688228411809751e-01
6.486292767060616304e-01
5.948037713898197687e-01
6.310352313177088890e-01
6.050039589879800950e-01
6.230667178603201961e-01
6.083490019016394301e-01
6.405230498671256045e-01
6.290272937198841952e-01
6.417291288663540261e-01
5.974691308843396165e-01
5.921650430301682588e-01
6.130204400070903281e-01
6.130276144446872300e-01
6.244305094986690730e-01
6.317004097553369224e-01
6.389837592189856474e-01
6.118467045036743990e-01
5.867220243076102237e-01
6.241638330892819164e-01
6.463126836814616638e-01
6.141912203465349496e-01
6.217956619919168260e-01
6.447245295039141233e-01
6.501563737752806826e-01
6.327360218265106750e-01
6.746658538230236868e-01
6.533252521665037227e-01
6.114154764973693812e-01
6.212101014941954213e-01
6.183382961576018300e-01
5.933364241414831319e-01
6.009849384869822009e-01
5.999346913634333589e-01
5.804785005500386896e-01
6.103950538784914670e-01
6.083062504525202918e-01
6.001437519084127370e-01
6.038795654187113504e-01
6.269358093622386940e-01
6.435134187529099048e-01
6.038407807398968874e-01
6.287605007752063990e-01
6.101293364746853687e-01
5.813896225020664943e-01
5.673615929634078237e-01
5.640222616023948810e-01
5.917977038077527618e-01
6.156575537051852676e-01
6.353338698912448512e-01
6.051304217476994873e-01
5.961089200542378785e-01
6.143732696455982412e-01
5.675489657836961799e-01
6.283207770907377476e-01
6.047259121422103867e-01
5.964418782877684011e-01
6.225634312172980689e-01
6.445728951287710284e-01
6.172808867897328078e-01
6.275483616325923109e-01
6.384778269906831172e-01
6.405763309139146378e-01
6.293584107110830050e-01
6.122062601058630982e-01
6.579362415134440978e-01
5.898145313364179243e-01
6.155189400802065780e-01
6.269578042891843506e-01
6.005886796245405446e-01
6.149196989135535807e-01
6.021723152175553206e-01
6.385442113790242846e-01
6.201721356877095692e-01
6.727354205280060562e-01
6.653673096764680661e-01
6.562362022258830807e-01
6.361899328545748133e-01
6.561674258962236772e-01
6.556878214765222701e-01
6.611939501173706990e-01
6.180678650290830634e-01
6.180245783320964525e-01
6.161150585629960874e-01
5.894373636396795790e-01
5.518776432999050741e-01
5.782321260179058564e-01
5.785802509957136408e-01
5.856483258494842303e-01
6.238127830557191889e-01
5.491585795707004669e-01
5.602694712191177429e-01
5.810019073322114647e-01
6.177671933030371987e-01
5.835769113809962105e-01
6.035565531815587637e-01
6.049236184202522182e-01
6.121263544297989023e-01
6.085560903770181884e-01
5.819035788103248397e-01
5.832335628896681001e-01
5.590291276612757709e-01
5.748806647221089694e-01
6.160405130315287359e-01
6.087224187853721435e-01
6.271052838285459119e-01
6.537649351214996907e-01
6.844408516707735091e-01
6.192712874565183823e-01
6.199839913599132224e-01
6.292362280333293478e-01
6.260731464199523755e-01
6.322009638977613699e-01
6.388828597539467635e-01
6.566314656056336796e-01
6.044113950621635700e-01
6.523990260361799409e-01
6.535890962242856261e-01
6.407867213576299292e-01
5.983086147186332804e-01
5.933398323113722173e-01
5.895217989932651781e-01
5.655158154762403022e-01
5.847286442918435689e-01
5.956478693482130105e-01
5.961523831139301510e-01
5.864841569421822554e-01
6.028391003151135630e-01
6.014028965849179675e-01
6.303994409350438533e-01
6.042717063334833716e-01
5.862645258884104926e-01
5.832196802680565950e-01
6.088456307284862978e-01
5.798005473689494815e-01
5.944952620870020965e-01
6.029314382603678801e-01
5.848317585760081094e-01
5.795155311913948726e-01
5.880987305022540301e-01
5.909502321235572397e-01
6.119173942574192004e-01
5.957272292290883842e-01
6.018148518963004623e-01
6.280150346913950798e-01
6.087609857011589964e-01
6.147404891065572086e-01
6.191511700799007256e-01
6.205853490601219713e-01
6.045450380671604229e-01
5.815523661733728034e-01
6.543076286677428355e-01
5.940964605780628682e-01
6.274360223085525545e-01
6.385453808328166447e-01
5.701521183719305830e-01
6.307581474742693928e-01
6.045876892732565677e-01
6.576810509832944351e-01
6.579226465698717607e-01
6.310855616978640059e-01
6.316760107433916360e-01
6.250017807028306338e-01
5.785129949872969135e-01
6.020629297954048775e-01
6.262411507832190694e-01
6.198347215089302642e-01
6.009074390761343087e-01
6.263373476394955564e-01
6.325370814766279048e-01
6.399525305077460313e-01
6.294867473295530091e-01
6.024425598150907613e-01
6.206250747770094556e-01
6.007458589988092790e-01
6.031011271458710521e-01
6.228728068418911690e-01
6.126938406336979170e-01
5.781672849284715809e-01
5.939296199089096895e-01
6.054892430990148622e-01
5.887845298448094455e-01
5.847116676214747510e-01
6.058203858826350929e-01
6.144908766762745556e-01
5.906086141008022317e-01
6.166205004638874998e-01
6.071433744327060511e-01
5.925586814256594836e-01
6.176973520668501694e-01
6.235206320350357156e-01
6.303815447443509301e-01
5.942564808515197194e-01
5.974865847716481770e-01
5.884408068062692010e-01
6.135303182840337044e-01
6.113004201587545205e-01
6.462363519547876800e-01
6.033696034884703518e-01
6.120010945464601226e-01
6.107975004474827108e-01
6.118667934329334868e-01
6.079499474628847766e-01
6.255335238910283424e-01
6.112055417632593635e-01
6.267662964629900912e-01
6.236421061451822290e-01
6.019921016773119860e-01
6.198685926587865769e-01
5.764907445310248901e-01
6.015297808570598814e-01
6.266985860648554008e-01
6.287031266378761973e-01
6.043463674680976672e-01
5.671410807129537712e-01
5.737321084302506868e-01
6.216321345891259176e-01
5.818232042400217630e-01
6.021410214270622729e-01
5.808435368644376817e-01
5.999178041398723904e-01
6.286954093777733510e-01
6.182309562659582536e-01
6.149289625980917107e-01
5.856416117088616424e-01
5.765816870399664840e-01
6.115516807022705059e-01
5.712698862702274560e-01
6.075298441153262896e-01
6.158106104392910840e-01
6.114056450116330810e-01
6.156756618919854152e-01
6.061427743916569799e-01
5.775028958123583633e-01
5.761210193078818431e-01
5.691646421666397559e-01
5.746199549581594290e-01
5.342604342767243164e-01
5.985840982360601803e-01
6.052642777800947282e-01
6.155286112966712464e-01
6.104950657107440781e-01
6.103906446385967133e-01
6.125314612714470863e-01
6.505276990136011905e-01
6.626982129522097642e-01
6.058809257057720110e-01
6.498118892876791897e-01
6.716632013969516812e-01
6.529446341201727844e-01
6.311854921399702167e-01
6.533368794218814557e-01
6.519385917092377358e-01
5.939881952452523706e-01
6.487537786930787087e-01
6.602019496916642360e-01
6.465166926475267584e-01
6.292455305409911936e-01
6.380929978626354027e-01
6.373577899136850800e-01
6.074745296020425123e-01
5.826894106697999565e-01
5.913890990266006398e-01
6.074709300950316138e-01
5.907228362342350492e-01
6.070785247617062064e-01
6.105036099812142236e-01
5.918030544955068528e-01
5.866614658005699923e-01
5.723004098788015970e-01
5.660593868551193619e-01
5.638061057840958457e-01
5.978391440530438361e-01
6.042218547002999873e-01
6.083127943681539973e-01
6.493762102122948576e-01
6.056785854361621535e-01
6.244139966895488891e-01
6.157016089412375992e-01
6.233607492858066479e-01
6.099616745116689387e-01
5.984228337040863321e-01
5.915757049149251712e-01
5.652006678424950081e-01
6.028556379708530644e-01
5.835778786622728420e-01
5.898192376651947288e-01
6.370761616403017857e-01
5.836874157961385867e-01
6.194542024733756813e-01
5.924544814961197892e-01
6.022404287415219493e-01
6.381638221310214076e-01
6.015958811311811205e-01
6.126017852276232079e-01
6.212225733622311896e-01
5.633268794783617972e-01
5.858519852915822224e-01
6.195029417368091984e-01
6.023886218129201886e-01
6.157003647764127674e-01
6.447680701190129371e-01
6.256511489323909325e-01
5.944082948103062147e-01
6.111791166579100265e-01
5.716545473825561663e-01
5.985579312075348657e-01
5.834738313437649593e-01
5.736279893415588971e-01
5.852936144163110033e-01
6.105895672560360810e-01
6.046122701329471605e-01
6.310181688693690116e-01
6.104523269743832303e-01
5.958235815805146274e-01
6.083046700533119022e-01
5.933998436887861772e-01
5.792037336359574518e-01
6.176779750130322322e-01
6.221877989709381218e-01
6.132398683088979841e-01
6.148056663470778949e-01
6.211528730312335655e-01
5.871630179118717541e-01
5.853282984423386903e-01
5.609002771482800576e-01
5.881435215618847634e-01
5.844308483872365789e-01
6.116685811709426934e-01
6.160402590668705436e-01
6.228033074620239473e-01
6.573848800078416765e-01
6.176479775937088190e-01
5.815360796354389628e-01
5.999227920431002836e-01
6.088175037315367577e-01
5.806802271611021249e-01
5.737138689959384585e-01
6.019914672232796748e-01
5.974413738432768906e-01
6.091487239682635835e-01
6.255391404042840442e-01
5.822396787647621252e-01
5.983020745288167852e-01
6.223583255355695787e-01
6.566582071711247748e-01
6.472161838949034296e-01
6.065586590784109999e-01
6.307549395427952676e-01
6.376678138861616718e-01
6.011217214988512358e-01
5.893508348974938471e-01
5.965399537760402993e-01
5.886368551184135711e-01
6.114172342921686543e-01
6.048510519212908498e-01
5.874340710223348028e-01
6.160348508208284279e-01
6.419142991399303666e-01
5.831652824836145443e-01
5.961310738228960959e-01
5.968254251567751689e-01
6.318502275308660598e-01
6.241507264974736069e-01
6.404149154699922963e-01
6.417717855644983205e-01
5.991759965616570982e-01
5.522302688231083279e-01
6.420446937493360373e-01
6.329189034174652617e-01
6.344803085175267920e-01
5.969059077000127278e-01
5.974460425577629019e-01
5.913449193951817451e-01
6.121506041593398617e-01
5.700906373462641952e-01
6.285030009919444494e-01
5.768616016463835594e-01
6.189842792544308914e-01
6.280413694976033634e-01
6.116889131543746805e-01
6.760112886805567101e-01
6.299572047153138010e-01
6.323077532846375082e-01
5.899395725383601574e-01
6.057694543325343739e-01
6.379839189282258127e-01
5.847223206240420579e-01
5.787959311123209716e-01
5.815636013333915777e-01
5.810877753359997566e-01
6.389344891932932091e-01
6.528240863620211609e-01
6.065437996915217234e-01
6.463293941843288870e-01
6.427220845746736133e-01
6.682971355364896171e-01
6.359340178816271782e-01
6.362638982098747231e-01
5.511432645551610499e-01
6.411509769172138995e-01
6.313875924266136863e-01
6.284760880246218484e-01
5.889324051955806549e-01
6.404504665151493636e-01
6.353211382188806988e-01
5.928761470744726703e-01
6.082838906886315344e-01
5.848103970518898631e-01
6.048141369305563009e-01
5.757172426457223269e-01
5.773844126843639124e-01
6.212749464346791761e-01
5.847404218614089544e-01
5.846602716515408860e-01
5.789924114355665674e-01
5.733235178996737291e-01
5.636128821455128612e-01
5.966609135665655872e-01
6.240917874507387886e-01
5.857078009558328580e-01
5.662619128666244173e-01
5.890529527882846228e-01
5.504778365986958688e-01
5.933844363158017332e-01
6.045698916978373694e-01
5.646768069572463133e-01
5.890098350189179044e-01
5.957761577896446559e-01
5.923710754839475179e-01
5.772649711639807890e-01
5.894190886020729270e-01
5.920567044938573886e-01
6.124468823006307128e-01
6.453776084990373585e-01
6.367373371191519249e-01
5.922586707846656529e-01
6.372272247910969467e-01
6.584906647102455324e-01
6.269349871417324582e-01
6.414501202306642780e-01
6.656868429438173029e-01
6.289932774315643016e-01
6.364090986574918452e-01
6.109051475851806634e-01
6.036368025193658005e-01
5.958908436664545061e-01
6.234793357479343490e-01
6.250289177540886421e-01
6.090246664345317917e-01
5.855292780594529845e-01
6.107267740833132175e-01
6.146543026695879819e-01
6.230137990489627020e-01
6.172080081577288047e-01
6.112070930270294689e-01
6.252970407155161725e-01
5.608840694845016461e-01
5.721215808943446168e-01
5.830464055043058647e-01
6.375764945279460694e-01
5.922552866775476765e-01
6.226434698684603086e-01
6.160411247391215372e-01
6.357812919731576917e-01
5.956360901989071754e-01
6.053639576304769010e-01
6.128249990585329376e-01
6.206380843262842006e-01
5.931431315793451731e-01
6.094118957886667243e-01
6.473962438726510449e-01
6.060008979500863813e-01
5.822110411467571467e-01
5.858165189488370173e-01
5.920951366419040518e-01
6.299063267495453866e-01
6.222515970036934796e-01
6.206842581066549513e-01
6.189526733870092112e-01
6.036994109029227840e-01
5.890894795372081383e-01
5.907459282869798045e-01
6.211957793516015292e-01
6.239298620869558887e-01
5.847955486187579321e-01
6.273678623801077769e-01
6.143779190211344776e-01
5.859450279251784410e-01
5.990315183104849561e-01
6.069268090394254189e-01
6.227331429702388510e-01
5.734144373282811236e-01
5.692325225829319990e-01
5.776148787383965644e-01
5.890847849415392634e-01
5.970603437220789456e-01
5.743943419476547074e-01
5.839676522942095493e-01
5.695270157533965927e-01
5.915512196514137733e-01
5.841477935929104692e-01
6.465659363353273292e-01
6.150250710581315339e-01
6.485262159385882796e-01
6.252927100921283898e-01
6.276766927160174481e-01
6.114500592658398404e-01
6.156559946950929119e-01
6.167018608577607974e-01
5.954607611546794965e-01
6.465106880079521945e-01
5.874761506507800712e-01
5.950471263868237770e-01
6.143803102555998041e-01
5.983994346936170050e-01
5.907964819626788655e-01
6.021292862768756748e-01
6.313548165166136261e-01
6.644434983919593751e-01
6.403262441189885301e-01
6.244943783986003361e-01
6.092346498609072514e-01
6.566532352923606375e-01
5.875803992183156188e-01
6.167213639818694970e-01
5.970161446160282548e-01
6.065801013164907607e-01
6.235834630308165760e-01
6.230380797284279515e-01
6.196659121393409686e-01
6.509436184480457133e-01
6.155536953190721139e-01
6.055998687885121301e-01
6.098118181543149552e-01
6.206272585546268594e-01
6.070261690349274541e-01
6.148666038242148746e-01
6.106977086645144492e-01
6.266227796656198556e-01
6.092750101480289837e-01
5.934960203269553647e-01
6.354749800190480080e-01
5.935186462094806936e-01
6.175460712547410358e-01
5.758763325571961689e-01
6.096737242759320274e-01
6.030405028829145531e-01
6.074454577544716738e-01
6.225899312803744312e-01
6.213409274447839747e-01
6.600649916806051731e-01
6.212966765480462117e-01
6.062849130208733950e-01
6.296878796055019878e-01
6.072220066642559644e-01
6.172019149254653891e-01
6.608940575436209608e-01
6.286445297228434592e-01
6.461288792724103613e-01
6.025286012551949177e-01
6.164455168553942821e-01
6.114688567104311634e-01
6.082538407954096726e-01
6.001971505704187804e-01
5.796377423508285442e-01
5.978884139206424031e-01
5.965570328017997248e-01
5.553998161654599697e-01
5.628030520741771348e-01
5.878354967248247132e-01
6.051174955542557576e-01
5.928888007227596235e-01
5.462829334415800764e-01
5.459453907633475822e-01
6.200564947934855686e-01
5.639137186954997771e-01
5.961265716809753812e-01
6.021913382284300731e-01
5.809720377291287541e-01
5.918725479559460156e-01
5.647226175792793290e-01
6.053548085417428393e-01
5.773779620061794127e-01
5.731541567517662861e-01
6.004741719630232177e-01
5.877235687369047890e-01
6.013475893464320654e-01
6.165089629265447790e-01
5.960993329004512509e-01
5.961400532371660121e-01
6.128593282702811118e-01
6.330233676503191909e-01
6.051773322718430048e-01
6.326908661286951840e-01
6.064934255057444767e-01
6.594240993991060673e-01
6.471749104931013852e-01
6.256222649533207392e-01
6.131026223506540473e-01
6.012910509793132352e-01
5.900941300821731517e-01
5.693634537071243784e-01
6.348245048555558601e-01
6.239176773378524166e-01
6.279163229898870879e-01
5.888976004325683355e-01
6.324159663426657252e-01
6.574536450251647901e-01
6.100623826205785472e-01
6.086936607285705625e-01
6.063768392855974909e-01
5.869775508608219283e-01
5.980089100645945566e-01
5.881721080023859516e-01
5.945917426580731302e-01
6.101587603602182108e-01
6.186160866931186275e-01
5.841202554579756345e-01
5.991571215724463828e-01
5.834365898613191881e-01
6.097665465794915862e-01
6.170108979096934343e-01
6.157939135009423692e-01
5.859851789442678260e-01
5.854719523271885162e-01
6.356096308895347047e-01
5.866087870186103004e-01
5.921069114277671686e-01
5.962655343539602359e-01
6.272002161034879730e-01
6.058526520973849250e-01
6.187482823155879830e-01
6.213127977931137691e-01
6.475328029493957471e-01
6.124254174346496216e-01
6.279850927923023018e-01
6.263799750342262662e-01
6.502494682537883763e-01
6.074114155344708665e-01
6.183594148717048711e-01
6.018690297630994168e-01
6.230372495899015872e-01
6.205621673458263654e-01
6.324277401149205335e-01
5.940165383499570462e-01
6.174498121477162149e-01
6.085248384647747866e-01
5.979247631056681112e-01
5.998967296856794196e-01
6.187642902454230098e-01
6.317940412579641229e-01
6.173256308303002315e-01
6.400043412560491030e-01
6.235298305247363171e-01
6.280941095588481460e-01
6.093439136173051107e-01
5.831471553412650444e-01
5.925333003865796977e-01
5.968037092483448047e-01
6.321037845360378826e-01
6.179097897436071074e-01
6.094530459251237264e-01
6.405354418667266181e-01
5.952670207121926182e-01
6.378446280495871923e-01
6.395195008486045385e-01
6.265591153973510963e-01
6.186761571791917769e-01
6.459085237582902206e-01
6.234898977106826390e-01
6.210448880115462256e-01
6.036185005545507964e-01
5.938045528921078731e-01
6.140159058259653246e-01
6.104213684776176319e-01
6.677944116294128873e-01
6.291131756056972391e-01
5.585532437161471186e-01
6.188206026050195874e-01
6.076555458296957202e-01
6.355735120191819965e-01
6.486023026340412834e-01
6.363805945498711703e-01
5.863770168567913332e-01
6.230217434359854867e-01
6.261825147875657027e-01
6.043328273726195077e-01
6.253190507039696477e-01
6.178257857395292874e-01
5.819575612654266372e-01
5.932970286977403696e-01
5.872808939270937056e-01
5.830210161882752873e-01
6.426960557544977304e-01
6.794590997187772707e-01
6.122933196209692230e-01
6.325868938682638332e-01
5.893531575377375376e-01
6.048770913617050882e-01
6.116389104380210995e-01
6.038243324519508848e-01
6.272156724696121843e-01
6.018757919258534983e-01
6.148095217638369636e-01
5.700395756397366176e-01
5.944748484113779874e-01
6.025452663875034975e-01
6.346011800611343068e-01
5.913329899731470940e-01
6.005023975061238861e-01
5.915573795413159308e-01
5.956355228497395293e-01
6.398280454865590272e-01
6.254156409954870766e-01
6.428116557054450730e-01
6.077310858298551333e-01
6.362469625656255179e-01
6.281269373279273482e-01
5.960430270703469535e-01
6.073991938428464632e-01
6.048559911679253220e-01
5.840111244901247112e-01
5.922780806572961465e-01
5.761960527446622349e-01
6.108791677995168978e-01
6.278712309261698099e-01
6.152840277585556183e-01
5.817285041116789790e-01
6.367771765590010125e-01
6.007242015797670254e-01
6.059353705760516240e-01
5.915801431274494426e-01
5.893610446278569892e-01
6.102180247503051769e-01
6.004662023162994355e-01
6.433307249822477480e-01
6.448798795897696667e-01
6.399321694276716155e-01
6.243604195041856375e-01
5.878248706322299899e-01
6.092040663791937760e-01
6.063091783310712302e-01
6.138202592379811140e-01
6.118904855704820900e-01
5.935555838666516371e-01
6.266588142584055277e-01
6.113772417340013199e-01
6.213786410178299136e-01
6.045605931999824545e-01
6.424763751475979223e-01
6.205338149706962625e-01
6.348321329898112264e-01
6.306941067591123051e-01
5.971252324241542730e-01
6.201448917872158795e-01
5.620532691819600801e-01
5.657549386082150189e-01
6.222795727114066588e-01
6.177859018640201594e-01
6.028089576532686955e-01
6.238350984757211615e-01
6.029820594180033133e-01
5.866832195807579753e-01
6.225503576023387886e-01
6.263725997274162127e-01
6.428254768116136164e-01
6.159258896216662782e-01
6.368486787606808530e-01
6.156909436534808711e-01
5.784936039775547822e-01
6.096017313231163470e-01
6.063409915583324317e-01
6.187015280819707641e-01
6.083716060489142707e-01
6.078042980396463069e-01
6.446533985962744628e-01
6.350423182381150777e-01
5.880986743906576608e-01
5.688574284327632125e-01
5.524271986019066993e-01
5.499280348410613417e-01
5.863742472277285733e-01
5.528985447589992441e-01
5.856009975897242814e-01
5.896204226912018509e-01
5.985183768644506408e-01
5.992569147033504073e-01
6.094307353276405825e-01
6.144219349356724313e-01
5.639603419916395799e-01
6.233030032173978441e-01
6.205663245160879526e-01
6.135821046297739167e-01
5.931437797758311037e-01
5.894628186939893100e-01
5.635006337049371927e-01
5.652236955957122833e-01
5.797826344666272558e-01
5.610748299799818151e-01
5.947374381252830133e-01
6.009052265580996366e-01
6.013991261586291159e-01
5.836188316358479344e-01
6.024390998741174785e-01
5.792099464363450467e-01
6.098614048709973812e-01
6.337073267868280624e-01
5.788944007306681128e-01
5.989131302331085482e-01
6.082344581005052486e-01
6.853618445461329145e-01
6.233582210947953284e-01
5.958916414809364293e-01
6.345467250639784673e-01
6.505827642502655106e-01
6.219357935743881072e-01
6.375878549792671768e-01
6.021466377349475874e-01
6.097726183797208543e-01
6.034674032459279580e-01
6.119108476498897886e-01
6.104077960389298063e-01
6.188324971395567919e-01
5.862551397171003043e-01
6.118658957532939757e-01
6.271503137147255158e-01
6.405657557299810900e-01
5.923330921397431670e-01
6.183034673641066847e-01
5.851716595522989950e-01
6.305648795435727649e-01
6.147583477618210335e-01
6.073223514065718698e-01
6.464409866409440708e-01
6.404238949574538875e-01
6.105378987675708080e-01
6.069211536267400398e-01
6.251999029221966264e-01
6.176662920750061181e-01
6.092150117656606190e-01
6.386329099550934751e-01
6.452387432956783186e-01
6.380789569989882004e-01
6.634107988797337541e-01
6.419207399337881759e-01
6.669788251103841992e-01
6.670513964880204760e-01
6.412322829991404793e-01
6.285478108892100790e-01
6.207268664781037115e-01
6.267454450953569012e-01
6.328866674905296863e-01
6.247509847745480460e-01
6.239247455207810322e-01
6.633526831606889607e-01
6.527611350686055580e-01
6.661656000665308053e-01
6.610687599920415103e-01
6.899320941017882403e-01
6.449137248597369698e-01
6.748107540723413678e-01
6.200987819136938306e-01
5.987442361035609784e-01
6.284736112868777314e-01
6.435143354303927143e-01
6.142792864760275862e-01
5.942376803096292015e-01
5.950949301123865665e-01
6.215082579339591407e-01
5.983145985744966477e-01
6.176597733506289378e-01
6.199282305239044444e-01
5.995137510406757242e-01
5.993175971242482580e-01
5.981468537307580435e-01
5.753630626421945005e-01
5.762904845960995504e-01
5.999310011086365080e-01
6.116933899981226164e-01
6.075952117256854246e-01
5.885202020175003268e-01
5.993884080290295957e-01
6.245507294893505312e-01
5.641074356653796862e-01
6.142799782272032605e-01
6.096714027259819701e-01
5.988160556254781275e-01
6.153393753801186250e-01
6.513765230683680185e-01
6.300812695195328050e-01
5.862875667069923358e-01
6.445703769578000619e-01
5.922473659909177623e-01
6.317562936937524132e-01
6.490033081091818312e-01
6.146639559124826846e-01
6.376861192486075192e-01
6.471470963321367398e-01
6.105363818299633927e-01
6.200624550896488563e-01
6.445235424935485957e-01
6.488050061760346487e-01
6.391209166602229708e-01
6.440815089216697098e-01
6.395229051600725967e-01
6.313928351078235135e-01
6.133538344467011072e-01
6.206322086201809807e-01
6.790499181258481398e-01
5.984054542386932907e-01
6.115917494827221024e-01
5.995991757454062210e-01
5.608001250987264541e-01
5.886875990648463564e-01
5.911989135832332876e-01
6.007914047794580270e-01
5.835158162053041275e-01
6.128881774919222591e-01
6.022693270238266283e-01
5.925658446770714072e-01
5.810729792215597600e-01
6.086329296608570250e-01
6.046190956793665583e-01
5.993539492824048187e-01
6.114566711873108407e-01
6.164663873103664038e-01
6.191720186709832596e-01
5.524407467566326835e-01
5.481571856751661365e-01
5.800318729786474448e-01
6.064047682664911454e-01
5.977296068268992402e-01
5.758723532047157478e-01
5.894094925800249518e-01
5.855344293208432083e-01
5.884715294163155308e-01
6.049892859869677730e-01
6.084089457851490357e-01
6.004679822798500988e-01
6.307856298023357677e-01
6.290735964122490254e-01
6.328612208842591125e-01
6.091963918708674930e-01
6.230841402409034169e-01
6.530029298200604737e-01
6.334556723897704078e-01
5.830557623970633596e-01
6.155259652485870481e-01
6.105261393754827237e-01
6.067168551880214311e-01
6.037251412429333053e-01
5.960837721213598783e-01
6.039163767458459731e-01
6.358517987935327076e-01
6.051934197118642444e-01
6.174520604014542835e-01
6.381358492736366461e-01
6.263105100055601504e-01
5.806296175800971238e-01
5.714038828710927831e-01
5.831386704448007219e-01
5.843311464860847515e-01
5.836174272265441942e-01
5.618385748466151464e-01
6.124657753484973322e-01
6.063116580501644037e-01
5.758864338745439682e-01
6.092690693895336240e-01
5.557335493465299647e-01
6.127612347964389583e-01
6.213732678686724187e-01
6.396960598176409940e-01
6.004138987240725811e-01
6.515200636780495991e-01
6.076559715746561174e-01
6.416117404270489377e-01
6.151552900269849911e-01
6.571366426218160361e-01
6.214854320044308489e-01
6.619366222832402391e-01
6.350955864016671892e-01
5.889608557029022418e-01
6.343725884069630894e-01
6.466812072236612918e-01
6.456008178538804598e-01
5.962441426267749423e-01
6.254808700964059609e-01
6.268269883647776819e-01
6.014724475616086696e-01
6.364715889038240482e-01
5.885053331548482092e-01
5.949265543480202201e-01
5.724345596905864308e-01
5.716977287343295577e-01
5.960343050501213380e-01
5.983202754054935957e-01
5.777610399736552438e-01
5.816375463132809065e-01
5.546437416778486895e-01
5.772250074156648481e-01
5.836799390765086137e-01
5.652707767336319078e-01
5.959678466971516375e-01
5.908957442886397793e-01
6.024463868017128076e-01
6.315548395880927757e-01
5.904921713275927964e-01
6.167937178876025106e-01
6.112982711747264597e-01
6.333927165584570806e-01
6.112370483280435973e-01
6.093759294326330789e-01
5.926741339181962331e-01
6.359531753659289910e-01
5.996346177954083867e-01
6.145616211370824589e-01
6.481391364407615985e-01
6.615290534961268953e-01
6.289753820931105466e-01
6.146217815190706535e-01
6.801144907623911662e-01
6.247171222722358586e-01
6.590326218642547085e-01
6.501578364140175870e-01
6.287946541997877503e-01
5.937249534015035524e-01
5.718973102190496594e-01
5.984283600270383641e-01
5.905782539558105393e-01
6.414310198472964464e-01
6.323268105526221872e-01
6.009084417813265189e-01
6.276014920150708720e-01
6.065546568639760272e-01
5.966578180358919070e-01
5.725868527916910811e-01
6.068142744273747891e-01
6.230256252327002198e-01
6.483160766310347434e-01
6.065964664171992204e-01
6.015191811918878528e-01
5.929639895446461306e-01
6.316015048600501780e-01
6.415412651950708200e-01
6.457952802466090381e-01
6.254933804504806405e-01
6.145143234973690083e-01
6.302477213938679768e-01
5.678896720884760718e-01
5.805536871113532449e-01
5.876662751172213595e-01
5.828248701775146090e-01
5.970534468963152319e-01
5.980718085971130638e-01
6.203572858175999682e-01
6.119921119397835341e-01
5.637303466612536562e-01
5.879148201815306285e-01
6.567327177473012423e-01
6.368506105826300390e-01
6.362153714077708466e-01
6.576674765983372417e-01
6.479540667664259734e-01
6.190896176282382202e-01
6.529616069398581635e-01
6.039527688013364148e-01
5.981640598740122217e-01
6.319542407123527328e-01
5.875973019607941827e-01
6.108407651251989146e-01
6.063907886728955310e-01
5.967467888981283775e-01
6.002912119468836183e-01
6.058496916298303780e-01
6.006780157430191558e-01
6.181217790914071974e-01
5.721302669101846483e-01
5.852322640987891456e-01
5.682570846280219357e-01
5.924720473412625754e-01
6.360323972075285770e-01
5.547811407518313809e-01
5.953487049366276151e-01
5.872270924799488645e-01
5.922026580502379733e-01
6.029281210883662423e-01
5.896115410967122106e-01
6.010176861533822468e-01
6.234989802478865251e-01
6.112755660231202759e-01
6.211830845025256842e-01
6.429514959383964001e-01
6.383349573736261107e-01
6.052816977376916929e-01
6.356200112601519958e-01
6.327236064569485841e-01
6.049688175262691869e-01
6.542037256798349798e-01
6.206002516908515343e-01
6.243311767559655001e-01
6.318115151948101582e-01
6.154724771276286477e-01
6.273882622301657497e-01
6.018170915001335164e-01
6.121754528970981823e-01
6.556100986107594730e-01
6.218636889454428607e-01
5.995601988163212770e-01
6.180480521891985601e-01
6.057624728188052421e-01
5.957551444828831366e-01
5.996328308272230734e-01
6.060755741206477198e-01
6.004530170979349712e-01
6.139560854460848205e-01
6.149568986642507396e-01
6.028237366981170631e-01
6.045971506709159060e-01
6.072498682390644609e-01
6.180981402646812395e-01
6.101907571552946941e-01
6.289131965338128349e-01
5.881831816594380591e-01
5.979583662794283327e-01
5.944690850504606994e-01
5.923312709559533928e-01
6.081828021495608860e-01
5.891301793828428446e-01
6.054790053101003489e-01
5.599931083687517130e-01
5.911585010310214106e-01
5.788901403999390238e-01
5.986729657267556570e-01
5.932740122710170594e-01
6.054822674162751994e-01
6.137351594499670382e-01
5.835799807774209036e-01
6.431538011767673479e-01
6.228535818545409830e-01
6.564582234648231873e-01
6.207264677033386135e-01
6.230460847680506786e-01
6.165567162871360418e-01
6.030650497575964497e-01
5.966351698213573362e-01
6.063416370395009469e-01
6.296297434911451996e-01
6.049741215881714318e-01
6.603558193372944807e-01
6.617845182243113911e-01
6.136997759363815863e-01
6.152308661434622294e-01
6.105431984374238841e-01
6.097418019759822672e-01
6.601700550325613204e-01
6.589789879883772850e-01
6.377243502333838077e-01
6.068892518640308653e-01
6.244274064862969098e-01
5.940042392205558963e-01
6.042624932183495723e-01
6.042428944210626041e-01
6.055142231359418314e-01
6.401679624629388332e-01
5.936063302796189545e-01
6.214404492794332047e-01
5.694953255612077436e-01
5.869566300830907357e-01
6.057512751986864341e-01
5.593633104226803932e-01
5.828242804502870023e-01
5.945530812400856568e-01
6.087806911690207823e-01
5.975632232523681031e-01
6.268071652013990080e-01
5.934565524162659367e-01
5.838058316289982397e-01
5.900370847007481157e-01
6.223000716368203289e-01
6.147166981162851540e-01
6.365254255276177053e-01
6.568867712104811130e-01
6.325566083298608255e-01
6.676131220075343098e-01
6.285719732116613612e-01
6.391333310657049127e-01
6.307036402193439972e-01
6.530005849599550549e-01
6.343855453581171977e-01
5.825330292822595846e-01
6.181108192952808889e-01
6.134413052502987185e-01
6.076741492728201521e-01
6.176952565477800139e-01
6.097922578497203538e-01
5.767430538523261596e-01
6.160107285884947048e-01
5.953874687699797219e-01
6.237408536824080585e-01
5.804402400390733519e-01
6.134524011746549377e-01
5.969541838293376257e-01
5.734308521831462668e-01
6.458208259248847671e-01
6.042895666719994008e-01
6.409571447432607094e-01
6.519189178171149734e-01
6.358014578095727565e-01
6.561720922913975018e-01
6.390916792337187902e-01
6.341771406090640495e-01
6.221288268011314626e-01
6.366439439007013368e-01
6.286343846558499759e-01
6.183461299193043770e-01
5.910610173049770655e-01
5.895568543467117895e-01
6.046000237592599191e-01
6.234450723297967345e-01
5.819671541769942946e-01
6.038393940756541234e-01
5.789020811085421325e-01
5.660942995562455726e-01
6.349637860700185765e-01
6.384093067894025531e-01
6.245707935791774412e-01
6.090114677252961295e-01
6.314199912590371389e-01
6.466369161996772252e-01
6.175560296258596482e-01
5.998584973609166759e-01
6.249582803715285628e-01
5.864777310028658208e-01
6.167351391646398451e-01
6.285119408589512346e-01
6.245386550189874209e-01
5.897075568202984064e-01
5.933630315710454184e-01
6.004478517268113658e-01
6.221623363115541538e-01
6.130247996886599715e-01
6.095766304333930519e-01
6.512093816853014028e-01
6.161611680007494929e-01
6.319782982278452366e-01
5.909757881649523314e-01
6.177886726651359295e-01
6.294085537842754041e-01
6.179546383982611468e-01
5.935792471137021353e-01
5.731457965345579941e-01
5.969856101119086489e-01
6.182773530408379736e-01
5.669350436003887106e-01
6.069687307328803794e-01
5.794524283011528443e-01
6.308247859638905775e-01
6.325854650149950187e-01
5.870760374092977019e-01
5.821866966673375776e-01
5.993795881897809874e-01
5.830154293849150182e-01
5.877465191543923551e-01
5.833821314400593483e-01
5.612274268280886824e-01
5.657832028455541673e-01
5.765112182658170825e-01
5.426102484749364407e-01
5.842801240252103456e-01
6.344615256280836668e-01
6.373567208484255397e-01
6.219173275277491975e-01
6.473448090984511571e-01
6.090790314310552400e-01
6.081167731314182090e-01
6.047109779362892512e-01
5.930789475795462673e-01
6.022284859695898884e-01
5.497598393885408941e-01
6.159087308535902139e-01
6.149421359572581069e-01
6.011344501891400238e-01
6.113224893489900280e-01
6.006706186690069504e-01
5.745268720685343666e-01
6.034684784147016368e-01
6.257342274193739007e-01
6.442187138196463492e-01
6.274125798977672197e-01
6.408505086003534190e-01
5.940869122276681846e-01
6.401696125890818934e-01
5.981345124643123734e-01
6.257107425320256322e-01
6.490680724431774351e-01
6.065954109916740222e-01
6.582480722294005160e-01
6.341957001558942153e-01
6.337122278931899277e-01
6.022475535649634004e-01
5.926691371903505257e-01
6.170831926026175696e-01
6.426556173054742693e-01
6.129897275167368598e-01
6.262084940603065419e-01
6.625927929246768766e-01
6.901440703402098586e-01
6.678951767839862441e-01
6.408101912350829821e-01
6.314516453503709048e-01
6.406766999981814426e-01
6.211137799589523389e-01
5.792499748634678536e-01
6.271810733580303054e-01
6.140647961713402436e-01
5.815855096203910168e-01
6.339464416316996642e-01
5.789286081644456905e-01
6.358550095361744647e-01
5.681037782790119284e-01
5.776418122807409627e-01
6.033961084187422497e-01
6.227703224203863241e-01
6.130132775664428602e-01
5.836536557752076693e-01
5.768078906544434892e-01
5.786089238755895980e-01
5.747578868644281913e-01
5.829831126344797720e-01
5.901323373007006934e-01
5.983273212640558558e-01
6.010615209325318453e-01
5.954227905728474157e-01
6.311655988151876340e-01
6.075917151494143464e-01
6.026636820221080715e-01
5.962377718668292470e-01
6.027684116393452474e-01
6.037739576122721497e-01
6.135717391797379516e-01
5.931968507492595410e-01
5.922307696426002410e-01
6.073744739599848952e-01
6.167230132080281368e-01
6.170743985520468211e-01
6.363499207391362100e-01
6.447263722664966501e-01
6.320179137079642295e-01
6.107857969281095256e-01
6.180640927836982268e-01
6.190615692222507516e-01
6.646714268848448182e-01
6.390699012637204302e-01
6.083439539011762376e-01
6.013076840404176782e-01
5.865109214728444487e-01
5.843870883283028839e-01
5.757822111470149995e-01
5.917881211761784055e-01
6.295875228330086726e-01
5.971242111087536886e-01
6.049051979287195513e-01
6.100202527023815824e-01
6.210442240431228722e-01
6.164822583260617384e-01
5.864656606701299513e-01
6.135925219701049427e-01
6.073180612411455126e-01
6.417698463321725999e-01
6.113508023622700183e-01
6.441525833667230971e-01
5.899146402840206305e-01
5.864223790557041571e-01
6.249298938617484644e-01
6.191549412582857403e-01
6.181665711104076255e-01
5.967317709542545590e-01
6.158943114188062395e-01
5.889607344177416604e-01
5.989498785637247247e-01
6.479260481018049855e-01
6.413340620493429567e-01
6.259386845102644648e-01
6.007517503804599146e-01
5.992255748830285222e-01
6.121885795703168043e-01
6.267018501461869562e-01
5.933358099497008098e-01
6.074872499852521646e-01
6.078082007165672707e-01
6.533265283976990023e-01
6.744345206865484110e-01
6.279329835038640617e-01
6.493491773049120397e-01
6.168865065107241863e-01
5.884567986661887184e-01
6.179245654196940940e-01
6.179379840287020365e-01
6.201352525366042867e-01
6.397695284193956056e-01
6.393771958395271238e-01
5.839322873703908234e-01
6.038150416080059202e-01
5.997017919891574067e-01
6.053388466683407021e-01
5.784076167638062538e-01
6.026286971094180211e-01
5.876844245750777462e-01
6.119885474251248736e-01
5.777015688163280593e-01
6.217019303776141204e-01
5.590826127046186755e-01
5.599108177162432920e-01
5.800710086712548286e-01
6.020912128186544088e-01
6.100438231533960032e-01
6.206528666159736307e-01
6.063064045884335451e-01
5.932934751030030096e-01
6.237074981903730775e-01
6.300659622023944140e-01
5.873735257410058752e-01
6.077530341662612523e-01
5.959042283479942803e-01
6.008704404131054444e-01
6.442305284162638257e-01
6.113697652380736258e-01
6.280194166720004523e-01
6.430413200111018135e-01
5.890437969642930982e-01
5.878879383339851161e-01
5.751203945420252373e-01
5.491472036953281011e-01
6.392339194899453458e-01
6.508030618245638221e-01
6.275353091423168106e-01
6.407869462131439153e-01
6.325582127285186429e-01
6.119959797835941018e-01
6.213436985873446172e-01
6.215417661142703665e-01
6.130552071187690411e-01
6.042364237152287876e-01
6.365523193082764930e-01
6.408659727280466845e-01
5.825876905167286512e-01
6.592200788554729574e-01
6.688787063014470791e-01
6.369707327572302624e-01
6.197626874186775714e-01
6.479471428607895822e-01
6.421129976278971974e-01
6.541121722544553929e-01
6.111013275342437323e-01
5.802206986503164465e-01
6.002215078770638534e-01
5.988371560071720223e-01
5.995866449311909596e-01
6.366425216981872470e-01
6.282555806384174657e-01
6.543489692686681458e-01
6.656992759008698579e-01
6.209548516018111863e-01
5.993028546361393039e-01
6.167563681446853741e-01
6.301387765653723161e-01
6.249300108897087869e-01
6.191120650644889034e-01
6.712165067642230643e-01
6.824030266871271566e-01
6.284152465226483519e-01
6.308759446097522705e-01
6.496806297107899919e-01
6.264599586243164708e-01
6.740968873379649118e-01
5.993501840970444361e-01
6.504452333027832545e-01
5.926023318049982169e-01
6.452936571817996514e-01
6.285245436160445953e-01
6.217489866155603284e-01
6.299358995356154622e-01
6.249180904769152667e-01
6.391751335262871869e-01
6.365700488223152709e-01
6.471515962671859912e-01
6.372475857015501566e-01
6.532481593175822887e-01
6.250827747169850346e-01
6.162748653216079120e-01
6.150798334865050787e-01
6.045246271999256127e-01
6.319072177730827855e-01
6.098979542242251028e-01
6.007057315723738355e-01
6.149773033251191290e-01
6.311980289981908854e-01
6.188454235697942174e-01
6.268071523776020948e-01
6.302587722799493086e-01
5.988517402118282984e-01
6.016900743266745399e-01
5.972695630271573908e-01
5.912200658190488456e-01
6.254523491343136898e-01
5.989457443900263467e-01
5.738443679345390791e-01
5.584267327370896483e-01
5.391679974615453119e-01
5.678105370882796654e-01
5.591877830341640543e-01
6.048854817785407345e-01
5.979344804071895503e-01
6.010595884806351208e-01
5.960403442807344909e-01
5.850010149175494112e-01
6.154192945378789137e-01
6.231217139806606298e-01
6.042000330268421093e-01
5.871596406775247967e-01
5.920881439127038126e-01
5.958191163536862289e-01
6.410618746994838357e-01
5.867937719837370558e-01
6.097674414620214423e-01
6.184946132176494249e-01
6.265916192522706929e-01
6.317831873389442299e-01
6.293101587214544601e-01
6.089991260041542898e-01
6.143015363891773939e-01
6.009875738945733570e-01
6.145359294033471143e-01
5.880899990093172436e-01
5.837236777511347618e-01
6.052105806656573606e-01
5.601646707274470227e-01
5.360572972064254760e-01
5.417574627094167150e-01
5.567491172254335208e-01
5.454904421221482558e-01
6.049384383933188447e-01
6.068693295116839304e-01
5.852809894348172115e-01
5.757817165402827619e-01
6.024590083534225871e-01
5.915395977761900292e-01
5.825942343652110722e-01
6.014550346986292650e-01
6.138705792292977748e-01
6.347249059411212979e-01
6.204871389875123988e-01
6.162659570676691789e-01
5.739354789921891076e-01
5.787954881468531099e-01
5.936361587784292349e-01
5.895713421734986026e-01
5.950306957529578611e-01
5.889602113845509024e-01
5.797996281068348301e-01
6.091456610940372274e-01
5.944070864037616087e-01
6.446439705351482141e-01
5.814021061789454992e-01
6.235803896602203356e-01
6.340899846550653862e-01
6.474156123855789868e-01
6.296585240692549323e-01
6.096236997361156318e-01
6.095262397715108804e-01
6.086790739156199281e-01
5.904729897909876124e-01
5.932244645867187360e-01
5.974597517961989235e-01
5.829180051141751306e-01
6.128960635890953190e-01
5.874395887096872659e-01
6.125729338246520550e-01
6.384407151397352154e-01
6.265625541138746257e-01
6.052780441895713182e-01
6.110955038455690991e-01
5.671508612020816908e-01
5.727200939533997337e-01
5.933037071514478678e-01
5.695841316329085524e-01
5.589375558411402434e-01
5.879904505363048317e-01
5.897346958393775429e-01
5.735539861556859798e-01
6.016101845042101104e-01
6.102276704518611039e-01
5.862956683504131350e-01
6.018223572099044016e-01
6.200603793097276828e-01
6.323538839138566070e-01
5.947183432664256975e-01
6.066189883788137838e-01
5.724160779922156106e-01
5.477362113610273475e-01
5.879251476250439978e-01
5.607915569323810301e-01
5.831242481074933037e-01
5.930966122803974505e-01
6.272730579640587445e-01
5.912804949559657963e-01
5.890120278267411136e-01
5.808944542461144112e-01
5.512461810589621702e-01
6.187475129897632709e-01
5.802047379345038891e-01
5.887651230206751851e-01
6.169958128010260001e-01
6.093541628472829430e-01
5.928365183626841395e-01
5.958122853818363929e-01
6.016225560920375193e-01
6.041907910666080017e-01
6.090568809239801373e-01
5.916006339096724354e-01
6.067700991179469927e-01
6.148132325923507668e-01
5.812132769897900841e-01
5.749880804225413478e-01
5.872846367111996813e-01
5.945229344882643208e-01
6.097675761384415694e-01
6.001750795359144242e-01
6.199077526811002103e-01
6.188992408815711110e-01
5.991679370553523176e-01
6.194499389846415127e-01
6.242271444180974571e-01
6.581470996316112210e-01
6.410371266650135569e-01
6.390957160223370570e-01
6.696119525767445513e-01
6.233505255066300599e-01
6.464079123446909714e-01
6.364400538377558147e-01
6.191259300466800397e-01
5.983368300693714392e-01
6.173040937982077203e-01
6.105255071416274548e-01
6.088729650824000750e-01
6.061466967396321737e-01
6.374489381805812371e-01
6.417716825931166769e-01
6.441865327606096647e-01
6.307868001780835288e-01
6.356352849459382393e-01
6.004535121438999701e-01
6.490998923565557410e-01
6.371272816160115093e-01
6.635832766057359056e-01
6.523496047930025243e-01
6.423397950946503343e-01
6.216656126843163044e-01
5.947814598894166638e-01
6.378855436866469608e-01
6.101448527627109097e-01
6.148302747334211116e-01
5.828405738484281340e-01
5.816967419388588967e-01
6.025495504889398779e-01
6.312645506027096953e-01
5.957105806123070835e-01
5.829819612134818918e-01
5.842103501814215338e-01
5.728270544498663686e-01
5.742056184926993545e-01
5.887296616202850608e-01
5.640002892870307205e-01
5.788429401814378927e-01
6.135284717913159769e-01
6.305951788396561009e-01
6.553777813424163101e-01
6.354432528829256910e-01
5.849526996156844127e-01
5.929552831656982326e-01
6.144528914412583642e-01
6.225522930468679883e-01
5.720924556651397763e-01
5.568536306676021841e-01
5.425260574969866800e-01
5.749782006879013974e-01
5.976630083147830286e-01
5.658335285520287306e-01
5.644008045150651354e-01
6.283064187376282694e-01
6.132758991835041140e-01
6.184666443125614865e-01
6.350290902332982323e-01
6.382655334450976214e-01
5.913733082854941703e-01
6.191958066031479913e-01
6.127315792330220168e-01
6.021843309945426048e-01
6.321910155227906669e-01
6.014638648978742896e-01
6.680804348803729420e-01
6.358980038228052578e-01
6.408326423570159802e-01
6.117817226975121869e-01
6.212041391469609319e-01
6.315257163440640698e-01
6.369372656943554922e-01
6.310115718511833949e-01
6.323342173867381177e-01
6.304579468485480565e-01
6.550695598772150463e-01
6.411871001881840337e-01
6.151612421221707150e-01
6.649660749831107776e-01
5.719903611042888025e-01
6.119408131709587195e-01
6.209481332121142838e-01
6.304521665095365046e-01
6.195319686642002388e-01
6.250556653316818867e-01
6.107670044181521263e-01
5.698133649442596038e-01
6.144309480712130123e-01
5.795726136763150738e-01
5.760475384762340223e-01
5.884162460042213771e-01
6.066685802555051854e-01
6.383408024933814318e-01
6.252293007360549826e-01
5.993221541995953361e-01
6.014503862086978403e-01
6.104626873423032452e-01
6.151377614204805999e-01
6.486905078565814442e-01
6.435163480515133649e-01
6.472092097806482203e-01
6.181168615127081711e-01
6.285123695419795320e-01
6.197850845433785505e-01
6.305406268679865089e-01
6.391124136447458026e-01
6.613003886487228700e-01
6.500907809752063393e-01
6.564668176250632037e-01
6.649662849691564404e-01
6.808858747278357937e-01
6.298938232274651217e-01
6.146105886446505684e-01
5.899033076217825577e-01
6.433534446277174856e-01
6.514966064362445186e-01
6.823087602670996343e-01
6.789734122991062382e-01
6.656837843554511691e-01
5.980444874647721232e-01
5.998908308848598381e-01
6.217590998753694809e-01
6.300437811913438546e-01
6.627393752361103729e-01
6.178438574188555021e-01
6.301839317229938064e-01
6.058689214538733880e-01
6.040238350930335898e-01
5.896008552564659944e-01
5.869967349529648937e-01
5.961623959524277039e-01
5.679320697566576648e-01
5.899499837386235068e-01
6.326700672610799936e-01
6.102742466844456315e-01
6.301122797039625523e-01
6.265870818392547115e-01
6.255584467414230243e-01
5.819675259405103773e-01
6.295747327411510552e-01
6.355217232832750529e-01
6.203047612959303736e-01
5.939504819550438519e-01
6.574627410417214213e-01
6.337124775781012298e-01
6.036719545303435019e-01
6.070439033668666440e-01
6.796499854650106531e-01
6.241399609627625855e-01
6.206291083009142229e-01
6.305961167071184592e-01
6.167106253415113315e-01
6.335265979811336434e-01
6.250564623360572725e-01
5.814093523606802538e-01
6.137454876662870040e-01
5.937358834316472933e-01
5.628380050781089938e-01
6.071064892176626371e-01
5.671060520902552193e-01
6.048619156384644757e-01
5.701950422708410571e-01
5.584562635189229685e-01
5.922320592823989704e-01
6.024925445406014157e-01
6.223848120782521365e-01
6.329568919865871113e-01
6.189304401765686192e-01
6.199070668237260939e-01
6.106116669339413106e-01
6.009426727895346154e-01
6.029260300636862802e-01
5.900967731424066054e-01
6.237600407663667079e-01
5.606341078465988392e-01
5.728809078214660566e-01
5.927549560518742267e-01
6.052810786701803281e-01
6.016215063682421871e-01
5.979355206273179180e-01
6.132399934645491602e-01
5.990225808843866462e-01
6.161871591483968347e-01
5.948616531800899887e-01
6.225051807694335082e-01
6.193368379246977362e-01
5.760968110516744289e-01
6.002042934741360636e-01
6.098511756858437938e-01
5.893178711466596775e-01
5.832620511983896971e-01
5.829649521025964676e-01
5.823049090989542709e-01
6.023274991319707006e-01
6.062837932469112845e-01
5.907840374645227932e-01
6.069715006713578553e-01
5.825017190117509625e-01
5.711693984278601866e-01
6.165631996712367391e-01
6.125719690092790159e-01
6.338556904962057148e-01
6.389659948132391243e-01
6.063864147819587602e-01
6.043462132980019774e-01
5.778103214664886966e-01
6.077845549407030479e-01
5.969206378430566007e-01
6.187617440155100956e-01
6.024452860732260051e-01
5.817693109648148786e-01
5.950072548737582734e-01
6.126053568976245201e-01
5.989031863934874966e-01
6.154805305875404864e-01
6.006136124926994002e-01
5.829036645939377204e-01
6.135849476783354906e-01
6.353873693689575664e-01
6.114523537546424636e-01
6.276050572517518633e-01
5.893181941150004155e-01
6.162223190592551747e-01
6.451296913691207946e-01
6.216967264075141664e-01
6.399064723765831575e-01
6.169567502287003347e-01
6.067812514038756211e-01
6.240570691194874398e-01
6.069243705028301017e-01
5.950435174594275178e-01
5.878336726133104317e-01
6.382652081009470013e-01
6.176136918874468584e-01
6.488462361789334443e-01
6.193188317871630710e-01
6.364620012494244250e-01
6.388850178473266528e-01
5.883499395293313450e-01
6.141593044774594778e-01
5.884063262860300680e-01
6.567316929908285639e-01
5.998595915918004673e-01
6.102309467836873891e-01
6.122871866644420402e-01
6.316024681321535938e-01
5.928460786712118624e-01
6.142462469064856601e-01
5.699909374235079262e-01
5.818156091431854193e-01
6.036710007185502880e-01
5.852623036006520119e-01
5.825471769253656174e-01
5.469101603780274212e-01
5.966779365394900836e-01
5.991028749332772962e-01
5.772493591801037827e-01
5.836449959604050886e-01
6.010848518000128093e-01
5.803400407419440077e-01
6.239936653838253910e-01
5.969928378424468329e-01
6.064271654573359926e-01
6.228894354162581859e-01
6.080303855260695833e-01
6.153530867411558525e-01
5.985848672940328186e-01
5.878644819914432551e-01
6.647059343472788706e-01
5.910882022002648117e-01
6.280968278379430725e-01
6.331532382640212564e-01
5.922509941769564801e-01
5.529005623836581451e-01
5.949753619741215971e-01
5.970228469760248124e-01
5.990880736597754552e-01
5.728261450368796748e-01
5.896092464299754754e-01
6.249549394656811474e-01
6.431366982631928630e-01
5.941149557325270392e-01
5.848562273753845631e-01
6.369728261484345344e-01
6.117696253115757488e-01
6.185825144986933921e-01
6.425289752760359185e-01
5.961083483559860285e-01
6.178160505415116743e-01
6.423433530994122620e-01
6.024586860352881823e-01
6.289654156035862087e-01
6.215731452115997868e-01
5.550011525179123772e-01
6.373017910299714206e-01
5.820405917281760155e-01
5.838964461759788005e-01
5.903483682006579469e-01
5.829408449750935750e-01
6.348066149861089080e-01
5.901097139152261528e-01
6.369897720624034809e-01
5.985146829813305924e-01
6.081851887591779304e-01
6.213946920122270789e-01
6.264284365839656310e-01
6.225701380305984634e-01
6.233745830567187785e-01
6.153306208316220438e-01
6.337548725282942108e-01
6.396460889804493899e-01
6.209580026388200613e-01
6.443429210622646508e-01
6.592390246472573656e-01
6.241962716828068913e-01
6.307226556690883612e-01
6.049274176147835247e-01
6.165751695005246003e-01
5.805302512774535018e-01
6.330620627091081420e-01
6.005115329306770500e-01
6.145540004090096486e-01
6.101759254602419080e-01
6.029313628657309021e-01
6.170961112312438601e-01
5.792259585129126975e-01
5.843063651582921514e-01
5.982052310545102891e-01
6.436343248721128063e-01
5.789326236193295117e-01
5.553955838503424891e-01
5.594060322224931880e-01
5.720378122591903702e-01
5.962573828386613650e-01
5.992464996339770256e-01
6.143139040809547646e-01
6.073998225928853856e-01
6.192753108138968621e-01
6.256965508212271043e-01
6.143362277256125825e-01
5.870144215068018312e-01
6.111858124952717075e-01
6.220882369561980818e-01
6.216081779350011161e-01
6.361287109384173855e-01
6.373804432614126325e-01
6.103288108703506243e-01
6.165101537944999155e-01
6.057514820131544298e-01
5.902316598103606315e-01
5.521070495930819888e-01
6.136942282522044323e-01
5.739677501160650452e-01
6.095894296708084248e-01
5.918794318149258604e-01
5.837976968458316041e-01
5.970543150524313392e-01
5.901632167092891734e-01
5.586603640651132130e-01
5.640322328468294621e-01
5.864371372737298138e-01
5.991843282006863447e-01
6.006073154508068113e-01
6.241232410397933306e-01
6.025599482490313630e-01
6.156421130801568165e-01
6.064744072543145625e-01
6.162219472130788800e-01
6.023772743665851692e-01
6.246159359054338500e-01
6.366201611928035131e-01
6.292988806695837267e-01
6.091352013374784491e-01
6.625260697362073126e-01
6.414163385410177609e-01
6.184954349822475717e-01
6.275040583434580155e-01
6.265395688983453892e-01
6.603496175437765237e-01
6.194404065616457844e-01
6.478593525390671237e-01
6.034503677279162703e-01
6.101832690674893200e-01
6.132723926797857272e-01
5.990041900131253261e-01
6.243967156244343286e-01
6.362697721988492816e-01
6.216270218151617177e-01
6.003136913678344122e-01
6.061131182089743996e-01
6.245701985270885048e-01
6.156976971481011862e-01
6.393907909435115888e-01
6.133316112381073104e-01
6.174724901597936633e-01
6.770507938075081000e-01
5.938516948804376527e-01
5.752552991049385556e-01
6.102335438503440068e-01
5.875899463406017986e-01
5.774857775706727647e-01
5.820497585653999773e-01
5.657677947660362250e-01
5.994529750457027184e-01
5.861046509507031876e-01
5.579112927653049336e-01
5.905603219602540976e-01
5.891693666799792117e-01
6.242750914247644500e-01
6.148646654771291464e-01
5.978877519916188099e-01
5.940171687690241065e-01
6.117064667648048903e-01
6.283184022794942036e-01
6.476702760257959657e-01
5.949973519401817734e-01
6.359673009963622281e-01
5.962870006677811752e-01
6.275678719860594557e-01
5.742489403143169469e-01
6.028301733435147414e-01
6.312327660002124974e-01
6.056896199652354040e-01
5.983753538490428348e-01
6.147696855353734779e-01
6.571169113598333000e-01
5.960516154600832284e-01
5.789610503046622725e-01
6.309137040176334699e-01
6.097221599020604677e-01
5.861892868393341338e-01
6.102290649578199222e-01
6.140177631206282793e-01
5.986024734537447323e-01
5.886321110338106344e-01
5.763303869124773993e-01
5.917000195776850324e-01
6.073867262394089250e-01
6.022208337963584901e-01
5.955663326644209388e-01
5.997574690634680517e-01
6.124706937025743425e-01
5.758179116265660369e-01
5.521099467318912879e-01
5.908313095368105117e-01
5.935025424966438035e-01
5.904119112641964540e-01
5.467284261278415602e-01
5.618208760758969245e-01
5.841132478666659633e-01
5.965030473715133841e-01
5.959989137826777750e-01
6.032509178830478547e-01
5.823810820093444640e-01
6.019672596195847492e-01
6.277488679974623231e-01
6.470118258203972905e-01
6.448363283293561121e-01
6.285113868105718371e-01
6.338645867607093365e-01
6.068351369136973927e-01
6.245616619341858300e-01
6.099120507754646203e-01
6.527839733769225106e-01
6.111971617263370904e-01
6.254202964825823496e-01
6.161266503579501119e-01
6.457991168563609330e-01
6.079868320692443096e-01
6.081092233090701349e-01
6.264065073658638960e-01
6.208722212504786953e-01
5.903645252114814168e-01
6.068405768652740395e-01
6.038011952691747508e-01
6.291618697717294983e-01
6.445200930325912791e-01
6.154795726839307202e-01
6.132439962155163959e-01
6.055333107757419064e-01
5.994088031974285080e-01
5.891561431746082933e-01
6.400507549961714782e-01
6.142197034099409203e-01
5.876531979271125694e-01
6.060524346689789565e-01
5.932619429886979434e-01
5.282104532738052249e-01
5.638684183412071560e-01
5.580596782742046624e-01
5.547626868241403164e-01
5.807218623255477885e-01
5.911370447609308743e-01
6.267764244192397527e-01
6.190079142584419269e-01
5.999905248608431441e-01
5.492690285586260268e-01
5.955772789872564310e-01
6.212795369755839126e-01
6.372249186238253538e-01
6.265740676682639565e-01
6.251202608134046601e-01
6.468084490874096426e-01
6.117445713926744633e-01
6.157173122839146862e-01
6.221431439788319695e-01
6.252357755291213515e-01
5.906930619754824363e-01
6.227501996267725826e-01
6.116424194024535632e-01
5.932571762651367431e-01
5.967709966724201731e-01
5.825785265981184846e-01
6.145451781458646234e-01
6.025827097534979249e-01
6.060288176454452502e-01
6.246089218854669056e-01
6.048885370556514873e-01
5.769698605014085269e-01
5.899906498681504186e-01
6.167666321951755792e-01
6.293776274957216810e-01
6.086720760556603160e-01
6.547188786688812323e-01
6.480726240685795725e-01
6.109302494166989339e-01
6.049114283186586283e-01
6.274517085905876312e-01
6.317748990944443976e-01
6.150578407952788096e-01
6.028723924657222177e-01
6.042041761350218643e-01
6.102767961193548141e-01
5.769965839465391877e-01
6.635687888011116975e-01
6.105189946920458466e-01
6.259140537418264039e-01
6.335313607462750296e-01
6.230385027396277975e-01
6.324859179890913730e-01
6.391388331822136504e-01
6.394201904936290815e-01
6.467415565240450803e-01
6.113719916541567878e-01
6.324414584890115654e-01
6.358294972316173022e-01
6.567181460104831725e-01
6.354503857681572665e-01
6.304874287565429558e-01
6.175656754383498370e-01
6.251008535932829346e-01
6.089961681326064857e-01
6.466773176004242396e-01
6.391805260145384526e-01
6.326020223926290820e-01
5.876841144166543573e-01
6.169621915785866717e-01
6.169688250779655769e-01
6.022478823628139022e-01
6.417239061251649446e-01
6.344388046700117911e-01
6.091844233750778326e-01
6.015004715079362851e-01
6.079105015252903588e-01
6.170663568853678171e-01
5.994684916753247883e-01
5.806159551327239043e-01
5.896742944380491958e-01
6.241407773748857135e-01
5.764512963495117548e-01
6.047100419409952021e-01
6.012237796281505453e-01
6.174542261698552359e-01
6.164059711341189907e-01
6.272827299131159551e-01
6.378568716447988729e-01
6.183307588757813722e-01
5.968688479393815527e-01
6.077650961538691998e-01
6.182638864503904319e-01
6.199012852895418035e-01
6.110909957913849277e-01
6.013375485400006548e-01
6.210148651946373333e-01
6.132028908499820297e-01
6.565598117458818495e-01
6.446045156783734020e-01
6.375463013802721290e-01
6.420668488872554036e-01
6.143711957401484236e-01
6.160432957275444599e-01
6.323670690440106323e-01
6.445569006438823800e-01
6.767529865671325640e-01
6.209812210252318998e-01
6.703584957769056496e-01
6.742697636559240593e-01
6.393495364417718374e-01
6.203648690641789809e-01
5.768687803072636289e-01
6.233125655269298182e-01
6.344606392181431076e-01
5.987997786028135261e-01
6.363153269609941320e-01
6.405953726813280458e-01
5.909279644827116762e-01
6.243033847702793571e-01
6.335757541935411741e-01
6.049211125621776208e-01
5.447870928382307909e-01
6.059458309931936570e-01
6.107209731479693593e-01
6.016605602645012096e-01
6.032882681721082330e-01
5.893577540824915806e-01
5.811950760274291472e-01
5.751082518160319790e-01
5.877850316223133254e-01
6.236528396437039934e-01
5.936241109006418215e-01
5.954171023168375321e-01
6.335198344515923230e-01
6.161153334489297695e-01
6.285176145478411636e-01
6.082657505785096230e-01
6.058068271637657709e-01
6.378763188086468139e-01
5.971239730661465073e-01
5.685381884477607173e-01
5.877324324114960863e-01
6.065135027423104175e-01
5.917781027644226644e-01
6.133288644132228740e-01
6.385476672405410170e-01
6.328158700426818051e-01
6.271927840653892527e-01
6.385367598248516963e-01
6.066929001482000983e-01
6.165844878054429490e-01
6.441947199367452637e-01
6.106705664485910789e-01
6.469469224092594395e-01
5.961569263554225007e-01
6.091056754436453557e-01
6.290279665279954191e-01
6.002383203741459283e-01
6.077286701561951388e-01
6.159472419670753984e-01
6.477118349689612309e-01
6.260069542076059923e-01
5.848749966974934322e-01
6.301839573052631094e-01
6.278217199683223670e-01
6.497066981668063734e-01
5.858080349124231700e-01
6.294239538479355911e-01
6.550256482991048124e-01
6.252867906792533015e-01
6.314828127264704438e-01
6.236507575490399802e-01
5.982294488882342609e-01
6.688206664914204680e-01
6.280005953357656878e-01
6.622140046549298553e-01
6.291605609891408601e-01
6.344960314880613295e-01
6.426039958007278008e-01
6.386744780209127059e-01
6.420416580156148578e-01
6.068346507435353754e-01
6.607734693428350958e-01
6.565853256225498980e-01
5.748663612888352814e-01
6.154680558122643808e-01
6.147925965375251600e-01
6.256452417521772835e-01
6.098634595573532158e-01
6.312782325785081250e-01
6.163122569449862587e-01
6.568706868992689740e-01
6.486619868748610962e-01
6.018318189824122255e-01
6.659218025047859424e-01
6.788598599834222425e-01
6.438987829818301201e-01
6.029142328046553923e-01
6.152195176511888741e-01
6.460515300175144748e-01
6.167991407293390571e-01
6.250464073720961578e-01
6.005115870688618740e-01
5.884127756506973839e-01
6.287735929756237407e-01
6.268656889546201372e-01
6.225366133032684823e-01
6.226280948465933163e-01
6.187542319401617696e-01
5.834139462827468980e-01
6.053209521576249363e-01
5.783710220068080110e-01
5.971459722731253805e-01
5.712327065140131443e-01
6.562690798644897905e-01
6.070712994087372749e-01
6.141575542486039652e-01
5.700444919019062029e-01
5.614932475375188359e-01
5.984338004297936608e-01
5.883309863692528507e-01
5.814549898837567676e-01
5.855293411422355376e-01
5.857551984943427659e-01
6.199050358819830908e-01
6.038300896915005378e-01
6.073801543658997604e-01
6.247293490560295037e-01
6.121704449003657622e-01
6.668914659515584598e-01
6.061402368139527930e-01
6.118821155544816870e-01
6.186913415168526775e-01
6.215780694153316688e-01
6.195637146833538056e-01
6.341671876711658662e-01
6.822445700082050424e-01
6.412089697990880355e-01
6.499461681088396503e-01
6.506283374832614319e-01
6.500458244562388188e-01
6.689385826490802378e-01
6.444677263304161574e-01
6.601448801534740563e-01
5.985516960045161872e-01
6.106866115505972248e-01
5.776462822362481431e-01
5.949431645437710525e-01
5.804414770676131763e-01
5.930670065904244392e-01
5.914613663022600942e-01
5.719853428855556920e-01
5.817277387761872198e-01
5.942874573657104253e-01
6.055861772280737299e-01
6.059369239813134911e-01
6.035552102431470667e-01
5.809555058483972800e-01
5.903986710726117915e-01
6.024393371942681208e-01
6.036504749640876355e-01
6.198488371309026634e-01
6.006757907092646898e-01
5.899256294679482426e-01
6.244252380470117769e-01
6.211267656758560074e-01
6.235565146400762204e-01
5.874439333019169096e-01
5.987555574112134460e-01
5.799884865071037732e-01
6.166519226793489850e-01
5.867925466241206145e-01
6.226499108936585092e-01
5.918963684230464928e-01
6.225437328056349084e-01
6.124851097401625699e-01
6.258079931025022358e-01
6.619651649772514412e-01
6.266376870301606505e-01
6.288313106131864227e-01
6.257609688682632676e-01
6.199833587814013169e-01
5.986819922121390247e-01
5.503147730252179182e-01
5.634543181826695557e-01
5.879829040312087862e-01
6.113002455672295055e-01
6.075727274486418805e-01
5.979968142158921252e-01
5.976463503109215036e-01
5.947527989070566790e-01
5.749589188836469189e-01
5.729454028023953649e-01
6.015901649215367186e-01
6.356920519622361043e-01
6.105575377468990261e-01
6.056963002499028415e-01
5.848846690779492263e-01
6.590536676088133428e-01
6.360910834362218935e-01
6.481598906873259347e-01
6.786438816751989567e-01
6.603292006855366880e-01
6.592162164740184016e-01
6.360152949927633248e-01
6.415929641663709049e-01
6.200663776945131156e-01
6.672768256794954222e-01
5.899449527601939858e-01
6.117566705310697461e-01
6.653119699012033372e-01
6.217816016622357278e-01
6.091805156457488213e-01
5.923773307142065070e-01
5.674395116210703138e-01
6.001980479172402960e-01
6.083560265864670358e-01
5.881114261942125276e-01
5.943914509431893478e-01
6.318667136996689582e-01
5.814297056943672493e-01
5.755478428192354334e-01
6.009522083310603335e-01
5.821252543952877279e-01
5.732370550138542464e-01
6.038499492409195035e-01
5.651087044627844946e-01
5.922944832935816972e-01
6.192926931068543084e-01
6.025516722358148503e-01
5.996468785558772829e-01
6.127305597519718816e-01
5.948386511087977446e-01
6.203644289926307787e-01
