3.275317940112042470e-01
3.086835671922961710e-01
2.827676089493263434e-01
2.724134961399134469e-01
2.769234126658370321e-01
2.643564685727712305e-01
2.985337658255479143e-01
2.739231688950168886e-01
2.534728265655629142e-01
2.646863112376613425e-01
2.501354732434157291e-01
2.558007292906879782e-01
2.650562101959743067e-01
2.891610981279066350e-01
2.446968786275311170e-01
2.371387796404590687e-01
2.252707716240431035e-01
2.549774164980146973e-01
2.399334182669143611e-01
2.648973158298592590e-01
2.643546747310808742e-01
2.519919133121694688e-01
2.326298469129250979e-01
2.435432649504695457e-01
2.701335166994285331e-01
2.702142228513556566e-01
2.885113740116556635e-01
2.526853439923913980e-01
2.516349741658741590e-01
2.523361847816229520e-01
2.696628115814369564e-01
2.702827757130899511e-01
2.550073280991352886e-01
2.564237721181041318e-01
2.326870262941709844e-01
2.616146384660725799e-01
2.332883972082446244e-01
2.610545074565965296e-01
2.848405510232078219e-01
2.586173057495788075e-01
2.299103451309854329e-01
2.338893775847548095e-01
2.716223865329248643e-01
2.626919266391435914e-01
3.057148083449780507e-01
2.988377798110721240e-01
2.832389560981142251e-01
2.384634211747657384e-01
2.650880890644145560e-01
2.872597116069455780e-01
2.569717487718386484e-01
2.865784579077981786e-01
2.961793093816562639e-01
2.716627137250237634e-01
2.626331633573654734e-01
2.442022783725633917e-01
2.629485197235575944e-01
2.260660379672946863e-01
2.437496384854660747e-01
2.470126012834283069e-01
2.289725639237447929e-01
2.382658133376047704e-01
2.520116829277931347e-01
2.454417143887358821e-01
2.495028268532519522e-01
2.359904361730426059e-01
2.467401906265348499e-01
1.988408014073338725e-01
2.476900671733134052e-01
2.589608085414376593e-01
2.271239404146487006e-01
2.635288291808012273e-01
2.635094469312531662e-01
2.395179097457882933e-01
2.492108161920877640e-01
2.492888950354996969e-01
2.684689565468295624e-01
2.619847538201990900e-01
2.750270961298593719e-01
2.349735303019009069e-01
2.330162331568528533e-01
2.500947649745408063e-01
2.488662377093273925e-01
2.562103484363250083e-01
2.607746366818622374e-01
2.382285278586111221e-01
2.469553056840247396e-01
2.602762442729334991e-01
2.456799236660638930e-01
2.422898974296076036e-01
2.431576853466190513e-01
2.429630730497632785e-01
2.261659382096546378e-01
2.406544261087258385e-01
2.579146018231792126e-01
2.662132194340182667e-01
2.536840688165888924e-01
2.783503163490084753e-01
2.923034400577123604e-01
2.766287192539081952e-01
2.827695773133448442e-01
2.455152565269762555e-01
2.887461439222154258e-01
2.585352715365318854e-01
2.710761305496126039e-01
2.497227816117502941e-01
2.746876388722441775e-01
2.479019050476944097e-01
2.596369862366021408e-01
2.327930707572236080e-01
2.418249519794552493e-01
2.582641857754586212e-01
2.688570011989021569e-01
2.623626300195995853e-01
2.728313287215374805e-01
2.905049880283115948e-01
2.977052643688266054e-01
2.885661032947493543e-01
3.227275401702943136e-01
2.674294769161928986e-01
2.548609532320145199e-01
2.758136800095920549e-01
2.504424576821607240e-01
2.270685465403446679e-01
2.571502548665087207e-01
2.475485700084637253e-01
2.357305011838568831e-01
2.434204602725867361e-01
2.339993518089042435e-01
2.667896283729952467e-01
2.642626777553777617e-01
2.568709025533907342e-01
2.769351787663786313e-01
2.572394273098925210e-01
2.521047156029570524e-01
2.534537477341347600e-01
2.735793340789024475e-01
2.470069543143589008e-01
2.212949534974978649e-01
2.731992791212433658e-01
2.432646806836767928e-01
2.290950448043175824e-01
2.589808217578099536e-01
2.908425133510433302e-01
2.715038429135315234e-01
2.766290729225329148e-01
2.344246735302161211e-01
2.722691935682866604e-01
2.493791427003526351e-01
2.473842630646077567e-01
2.407440224462027156e-01
2.339188140375617897e-01
2.571950383090418346e-01
3.009477161351969965e-01
2.854093947665529152e-01
2.875903071333638650e-01
2.665308978507184845e-01
2.887573472850760159e-01
2.882555560943481643e-01
2.672548908871034135e-01
2.836997778068193199e-01
2.707789447623358825e-01
2.620237034369729545e-01
2.358599758182147454e-01
2.688422022682313006e-01
2.933018524279179529e-01
2.897969022602321365e-01
2.718985429083772831e-01
2.427919480339434943e-01
2.638650544067629444e-01
2.470289488824818358e-01
2.816614838183635894e-01
2.982039074283961977e-01
2.655498488865835061e-01
2.513737522903525812e-01
2.886043477100496690e-01
2.951942594229313710e-01
2.614590719024038057e-01
2.747864053661155381e-01
3.039302551553757503e-01
2.458490428722852061e-01
2.464418778217419559e-01
2.489585072650155051e-01
2.918551955190926139e-01
2.954158910970858809e-01
2.896581835782010006e-01
2.890404024352308254e-01
2.540423504691239898e-01
2.934121805953283646e-01
2.673947741181650350e-01
2.527716276077369706e-01
2.600350199656683570e-01
2.576022278985107827e-01
2.375130933497354435e-01
2.095940183219674735e-01
2.306683000700193442e-01
2.666343954590716381e-01
2.679965044239774330e-01
2.642059276110500510e-01
2.530984139139507150e-01
2.516282815351092994e-01
2.588613013844495714e-01
2.482548734012527958e-01
2.631157390279770247e-01
2.601542395496280191e-01
2.394755695773871929e-01
2.446246277958776250e-01
2.457914330657053892e-01
2.625800009978623839e-01
2.366996310110478785e-01
2.629428954920323136e-01
2.666178246319018674e-01
2.558096539914759271e-01
2.304985457056632492e-01
2.584598012141255952e-01
2.578379376639665654e-01
2.545221633827046692e-01
2.504403067350954304e-01
2.439098031994355875e-01
2.591859278011766632e-01
2.892442896144398201e-01
2.475402292676863181e-01
2.666822427460663891e-01
2.328181479674389098e-01
2.363359814872027787e-01
2.456991107623136272e-01
3.002723644148919679e-01
2.536478248717133344e-01
2.702870617222988825e-01
2.587323759919029631e-01
2.640184348671922865e-01
2.497705406157506858e-01
2.844144228052544188e-01
2.909142679165289125e-01
2.705184446604873560e-01
2.411898259435672209e-01
2.751175231407352872e-01
2.730556726126552869e-01
2.546853706833334674e-01
2.627263077509195965e-01
2.649450342607578279e-01
2.800592778652286063e-01
2.458047019808154987e-01
2.334892603038598302e-01
2.452680385733397861e-01
2.671727085510927080e-01
2.687343092803894384e-01
2.349374218256422842e-01
2.211274817277794347e-01
2.264592458234942485e-01
2.231878805422994883e-01
2.394358456448070771e-01
2.197890498268290360e-01
2.302394314857664492e-01
2.223092524133521986e-01
2.484709128661009570e-01
2.288398693354995461e-01
2.636913199231694649e-01
2.280423880513892665e-01
2.746415329150514451e-01
2.548928791784702552e-01
3.241518883875477708e-01
3.096643948983363592e-01
2.754443888998776568e-01
2.969402695933001102e-01
2.933895195876012885e-01
3.186069519112735837e-01
3.003240446372769101e-01
2.987979283610530112e-01
3.655740788624615711e-01
3.532243472974610499e-01
2.771840417630235254e-01
2.714503770250653036e-01
2.826353839906565746e-01
2.858070863352121238e-01
2.540200463405169473e-01
2.936145658412547266e-01
2.701623854696261762e-01
2.882398054363077278e-01
2.679205741721185086e-01
2.440096928715897728e-01
3.185932330650937394e-01
3.841154892204309279e-01
4.002463614826806126e-01
3.354973322618627907e-01
3.515974446191066360e-01
3.686378252441273595e-01
3.419882130295117117e-01
2.891575934680458149e-01
3.083308494367617558e-01
2.977679117009681686e-01
2.815393236569146418e-01
3.239394246039473679e-01
2.617224615318843872e-01
2.542705689996083152e-01
2.736778515152061830e-01
2.988749255148309691e-01
2.943531027016842438e-01
3.326246530572562476e-01
3.028637640319523094e-01
2.739983092850894475e-01
2.717044949850309643e-01
2.868171187573645420e-01
2.544948695676314543e-01
2.784679294850167519e-01
2.699064279297671010e-01
2.766657635235060253e-01
2.997433038538010464e-01
2.692991709363484198e-01
2.401560917049353483e-01
2.540004522244063145e-01
2.850182925355332353e-01
3.042905659110975991e-01
2.978773664801228627e-01
2.547413426522727176e-01
2.820999790895630799e-01
2.475990981161127202e-01
2.925981272542613199e-01
3.151917341932625183e-01
3.398944953761238730e-01
2.895216047557776506e-01
2.875745131049817771e-01
2.747554715019512317e-01
2.768925345937097715e-01
2.725549976133740948e-01
2.690531768000543056e-01
2.562768155187582497e-01
2.368034385843463541e-01
2.329320191718208533e-01
2.466873950534431981e-01
2.810304031588177764e-01
2.608893531493819973e-01
2.555912473373387894e-01
2.550792201253683777e-01
2.692641422752961589e-01
2.310353286509132520e-01
2.179081209977777323e-01
2.301791929894995425e-01
2.426678969571302580e-01
2.114225044868779380e-01
2.233575977863797302e-01
2.634774750736870730e-01
2.486586867715447624e-01
2.423542315304210715e-01
2.361636437749765061e-01
2.493456492762263221e-01
2.112192525061290238e-01
2.107407919193695356e-01
2.122497131782285218e-01
2.496689435044543715e-01
2.568238370243957069e-01
2.328754133263446213e-01
2.872862242823732148e-01
2.830239662175823567e-01
2.744798550511258761e-01
2.734240113049599685e-01
2.638446421603667380e-01
2.557817837232305158e-01
2.528877708600100749e-01
2.660934995522715729e-01
2.681232734704894760e-01
2.578592714547973674e-01
2.246846472401156092e-01
2.763125335868933941e-01
2.459955287862204965e-01
2.762123649287419047e-01
2.494184770731976142e-01
2.535024235171840501e-01
2.422337277114340326e-01
2.741287945422236638e-01
2.904708047707367791e-01
2.549632063716885111e-01
2.966606275740729104e-01
2.867644365445445875e-01
3.045569560135214515e-01
2.957049466436658114e-01
2.613598443591070852e-01
2.872813850221672682e-01
2.586558718083880049e-01
2.561515907861665609e-01
2.827920263531364387e-01
2.630020476149692588e-01
2.507976363579396684e-01
2.271864158962164926e-01
2.093237170441219486e-01
2.291758227671502057e-01
2.459107236630566073e-01
2.534087548502726994e-01
2.592731605682178642e-01
2.461705447430182769e-01
2.258012812568794270e-01
2.520190114372648504e-01
2.636575184848506392e-01
2.516592974834105378e-01
2.437551704785821671e-01
2.472619450834928900e-01
2.917766726325621840e-01
2.655045802494381268e-01
2.387988717515825143e-01
2.683565851552918713e-01
2.837977743000914543e-01
2.851019604264817264e-01
2.563205015970445033e-01
2.523640117068862709e-01
2.734520634369509429e-01
2.394587833749900196e-01
2.494896877748336850e-01
2.541615693623884842e-01
2.608997540502192569e-01
2.672534004687346365e-01
2.783936884940477752e-01
2.450461786428623223e-01
2.660297167782778027e-01
2.332939518392935785e-01
2.916555727296157863e-01
2.227267961789118622e-01
2.444498811224838364e-01
2.508784422890310006e-01
2.615541172457381269e-01
2.819848419705531239e-01
2.754660416726075756e-01
3.066600447944465846e-01
2.729819572041288778e-01
2.955990584847085767e-01
2.594453320409134678e-01
2.721654575660430453e-01
2.677601583945508068e-01
2.439967910245953719e-01
2.805748648932251954e-01
2.756605918204323435e-01
2.769735792824605802e-01
2.542393340615513031e-01
2.387250944929564800e-01
2.603583000622682331e-01
2.759633279823974772e-01
2.551867051699915345e-01
2.365775897117562143e-01
2.472735503495154530e-01
2.625374603646620231e-01
2.784803689061551846e-01
2.619626668187236551e-01
2.561398243011476783e-01
2.504782026028115061e-01
2.318629820536040054e-01
2.443086677045363253e-01
2.411836548517267420e-01
2.691590963018628546e-01
2.776697865457432579e-01
2.619381918906483198e-01
2.497959706780812639e-01
2.816041254664869431e-01
2.811399842947568950e-01
2.748982029763372692e-01
2.604246322702420402e-01
2.769598095896816936e-01
2.819589211032876852e-01
2.577126964861827796e-01
2.680259651259384590e-01
2.722775459071091753e-01
2.916736148798094730e-01
3.003498782515442445e-01
2.523769219778000950e-01
2.643480446752924928e-01
2.594817473498689520e-01
2.503079257008040681e-01
2.447852834600496019e-01
2.643242834746467596e-01
2.777590726082377337e-01
2.399377773679475800e-01
2.573461323009654245e-01
2.486888124698610480e-01
2.848266700372361071e-01
2.753942066231917507e-01
2.795924076497753874e-01
2.654637378624700172e-01
2.614356740615019215e-01
2.533008319453672330e-01
2.563130199246563268e-01
2.637409916307609792e-01
3.031282539656766084e-01
2.423660027206757661e-01
2.692523007579561978e-01
2.533994746076873028e-01
2.115744548345587506e-01
2.108386039479828167e-01
2.240317446571228888e-01
2.567333551326366203e-01
2.598413146798009277e-01
2.557548648055979479e-01
2.332822300052943554e-01
2.381393754708944765e-01
3.047084625691192095e-01
3.065588328223767811e-01
2.942601085817139750e-01
2.734806505282665334e-01
2.953411539974187816e-01
2.754291549884303469e-01
2.972617194322377254e-01
2.538391580054761287e-01
2.420439890839650443e-01
2.259028214946300073e-01
2.656974785657198468e-01
2.382792967258383909e-01
2.407505893974396793e-01
2.277811087556617931e-01
2.240253507259793997e-01
2.537865415589515838e-01
3.041753144330902048e-01
2.802177420323382351e-01
3.186950154960590531e-01
2.629045890714947764e-01
2.688409099988947060e-01
2.604658748304026772e-01
2.960561988654221155e-01
3.099887157119894932e-01
3.103849602064822077e-01
2.821600672635589668e-01
2.775575247463163420e-01
2.737807630763274824e-01
2.623856183684334376e-01
2.334636568597039941e-01
2.705147296581927874e-01
2.676914432492623619e-01
2.752870516857713890e-01
2.928338716839861688e-01
2.823356394135779213e-01
2.974422774529322799e-01
3.050401688593013527e-01
2.887378123947215158e-01
2.417707382130194760e-01
2.464194651068840891e-01
2.672917673527862026e-01
2.511745274380078885e-01
2.577380022677772109e-01
2.662739587426939947e-01
2.952910717780235506e-01
2.866930448045975632e-01
2.998116409176816433e-01
2.600556646937434713e-01
2.544984126414108205e-01
2.837362913936208320e-01
2.477526787350074200e-01
2.833118473586755393e-01
2.821344311434687002e-01
2.992950813251514242e-01
2.790564032473156764e-01
2.577356263988934137e-01
2.590727453801339730e-01
2.695734739341456021e-01
2.474700690488568500e-01
2.404660703787229736e-01
2.442064288123372284e-01
2.493023683078156028e-01
2.625456309822315482e-01
2.545141975556879932e-01
2.394655403439905350e-01
2.610534443938263838e-01
2.758595780304100020e-01
2.467216966383207755e-01
2.463322317392865057e-01
2.682025303559301133e-01
2.495233969802813645e-01
2.322066186506809293e-01
2.505793123171124459e-01
2.380992937198774251e-01
2.378902244700380475e-01
2.320405812127112888e-01
2.403803480739025999e-01
2.267852072266150765e-01
2.552022972145531754e-01
2.537754491761787801e-01
2.732125975978847432e-01
2.894152136638789563e-01
2.746007378954335998e-01
2.573968615727734166e-01
2.795395848629625424e-01
2.899215874844318641e-01
3.087991569850082052e-01
2.480068922339922211e-01
2.514130812646511726e-01
2.810574156194793893e-01
2.698109228058094833e-01
2.475709763721991030e-01
2.683410238536009795e-01
2.673501038458456769e-01
2.821102770521418668e-01
3.216559811467393226e-01
3.025792624356704041e-01
2.875037147434513218e-01
2.707515640173281390e-01
2.861196298600491295e-01
2.710735310891789762e-01
2.702934250283692275e-01
2.838890372353128355e-01
2.530620710554524200e-01
2.383809156039433108e-01
2.462152719711473148e-01
2.654861214840107952e-01
2.632287482366840736e-01
2.931534288077928818e-01
2.687761725650318345e-01
2.475411596548169335e-01
2.710155807472462430e-01
2.760605576753074608e-01
2.612735876290803727e-01
2.788600647518831299e-01
2.642757357811285623e-01
2.402552357955432261e-01
2.620819841124907290e-01
2.625482224236209139e-01
2.685847515603628777e-01
2.575840908257457929e-01
2.629607523647224943e-01
2.397138779443176715e-01
2.664501299872119033e-01
2.859135093865244337e-01
2.823443849737208855e-01
2.700557320120781646e-01
2.694996410363224570e-01
2.595111386508157647e-01
2.892077051044649738e-01
2.600809239100811965e-01
2.448133135389123083e-01
2.417173676176613550e-01
2.208959903092204136e-01
2.602263646460632462e-01
2.496431361419187422e-01
2.569040768011853770e-01
2.775416655707178548e-01
2.796601028765947072e-01
2.893434740865418742e-01
2.363136284853091795e-01
2.658814411476012052e-01
2.457416830270453822e-01
2.636477829079635904e-01
2.974336391431264270e-01
2.779339662567655300e-01
2.227017983203896934e-01
2.205137574403449874e-01
2.545564977220793335e-01
2.552975028646214950e-01
2.522600405441561278e-01
2.353974446715686175e-01
2.405930396139801253e-01
2.406081088938812895e-01
2.314824850550827595e-01
2.264113429678469569e-01
2.363465182182832580e-01
2.348662728507163455e-01
2.317217183352016374e-01
2.629552606656803126e-01
2.408866406712469599e-01
2.341534046978734074e-01
2.537296909582757443e-01
2.338712186197018095e-01
2.723499231090197870e-01
2.850099295147395240e-01
2.957544647500559010e-01
2.674440207855870999e-01
2.634459971117009691e-01
2.753701936683406459e-01
2.903952843698248687e-01
2.745161183319047016e-01
2.592173845797813847e-01
2.679008821483795932e-01
2.724385029368144306e-01
2.735766867443863437e-01
2.707133090373932682e-01
3.272499800978344586e-01
3.203762463246588310e-01
3.066992968751733328e-01
3.030023827901154321e-01
2.780029080141229181e-01
2.841186012615095069e-01
3.241825385529485404e-01
2.678290424198849218e-01
2.698109866023650216e-01
2.446121824965490354e-01
2.363559783849367157e-01
2.566525327143679980e-01
2.531903190252603464e-01
2.512357212098772496e-01
2.442646528808385675e-01
2.456830964135955087e-01
2.279516451655554110e-01
2.388077440736076640e-01
2.553880245868026533e-01
2.347256386222816849e-01
2.533190381352763976e-01
2.636798349018029120e-01
2.563593537581933535e-01
2.271472961354089048e-01
2.404591892298112710e-01
2.386166482683887147e-01
2.316696506267085787e-01
2.608761844566669930e-01
2.702806630686394596e-01
2.656643886157176171e-01
2.772465934220913475e-01
2.946752028803983903e-01
2.389813367700337754e-01
2.563362479824206619e-01
2.669281917660590864e-01
2.784439051473543980e-01
2.841330674795992661e-01
2.513055046214854316e-01
2.553480267349200195e-01
2.534036838746445142e-01
2.919372516761674641e-01
2.714064343785622668e-01
2.968795805217162020e-01
2.706912174826521245e-01
2.698721915700342255e-01
2.207552391829597782e-01
2.550247636995470191e-01
2.933531002264875842e-01
2.951131018447586962e-01
2.666204396678928945e-01
3.009487748125853068e-01
2.791133777876772526e-01
2.584195696631026440e-01
2.497914594297847568e-01
2.468057663166014770e-01
2.308181059446563765e-01
2.457377494346681679e-01
2.631734205126781134e-01
3.055025738151335712e-01
2.550095474053658551e-01
2.574190746882435432e-01
2.528656424674552983e-01
2.636093876458078800e-01
2.696444007638370000e-01
2.692520816111195203e-01
2.617720206725379639e-01
2.201685064616314969e-01
2.559461177251564634e-01
2.119940743872456568e-01
2.747854741189241778e-01
2.308936332089484844e-01
2.409021777673672482e-01
2.288675343869076562e-01
2.563613923648848658e-01
2.572714581054766914e-01
2.873680345296715788e-01
2.473608331408589933e-01
2.699163661534519365e-01
2.508537458643888551e-01
2.417773108347928690e-01
2.331075693530855475e-01
2.112250578197264195e-01
2.287543161575849582e-01
2.168041579406443653e-01
2.729914459969015050e-01
2.364209132116200929e-01
2.445125789897629465e-01
2.616070937422178000e-01
2.481307094939468882e-01
2.308516367849372253e-01
2.482890837620489732e-01
2.420722828159034001e-01
2.362552683787104979e-01
2.798268370739582234e-01
2.308661532548188788e-01
2.544276917311784625e-01
2.344907545959293571e-01
2.972563706190610722e-01
2.655678568186929378e-01
2.459804530780308196e-01
3.048939048616837733e-01
2.962708950352885284e-01
2.578235600998218247e-01
2.413391423768476984e-01
2.591506496019648220e-01
2.454534090932771195e-01
2.529646112153924320e-01
2.454394350607073116e-01
2.369257420301955352e-01
2.457864303898812108e-01
2.707369157089865586e-01
2.664446269415431945e-01
3.070742346878065909e-01
2.877443164359152483e-01
2.790353341292381439e-01
2.341735802707107239e-01
2.655069865598596590e-01
2.500360131306862965e-01
2.462821448996345697e-01
2.478296128658936393e-01
2.198669159774781223e-01
2.208998007993422108e-01
2.331663183976455667e-01
2.345768845655852863e-01
2.290190299349353087e-01
2.247097606957385585e-01
2.745196249904725549e-01
2.450633036404228915e-01
2.674044542964501558e-01
2.309543796396571758e-01
2.455623559662802879e-01
2.539384673540748261e-01
2.425109670767242320e-01
2.797608419041852090e-01
2.896510022670826801e-01
2.719729869000260258e-01
2.562596090323922549e-01
2.438271263724099136e-01
2.481385227358920420e-01
2.838982029583178579e-01
2.489606900119058497e-01
2.664667902625840745e-01
2.656880562157097891e-01
2.892475502417417021e-01
2.606274607393597731e-01
2.811746751532349653e-01
2.946760992836423565e-01
2.807584565966978474e-01
2.781712484520801887e-01
3.041967083056359988e-01
2.831339000468127143e-01
2.820887534976847522e-01
2.503720532723761605e-01
2.927602610823015206e-01
2.638896942084358876e-01
2.547143951196033096e-01
2.623566577095711172e-01
2.438512273043466350e-01
2.751956301577405117e-01
2.799094021968563384e-01
2.667013708185226872e-01
2.937268854234890703e-01
2.977303298337204418e-01
2.707202235241460975e-01
2.670968347919652763e-01
2.527707429363017511e-01
2.684824447071459397e-01
2.522811645977640627e-01
2.608236983622250205e-01
2.367313320997702641e-01
2.332162110074374739e-01
2.480375717432244664e-01
2.680105006536848133e-01
2.712469980641938894e-01
2.481280356613276838e-01
2.425516906706406961e-01
2.880795087438607349e-01
2.794987887489557843e-01
3.113749010084904123e-01
2.658066512362456391e-01
2.914997761662692644e-01
2.925224879769253161e-01
2.585825178759585952e-01
2.650825960391077762e-01
2.652629971499121941e-01
2.391284164550374347e-01
2.139268432350299176e-01
2.320175651164389230e-01
2.352739536747590066e-01
2.414723714223492024e-01
2.676040078063647853e-01
2.192664557267235415e-01
2.697690525480354040e-01
2.546063212793295283e-01
2.809076370954046165e-01
3.135558615237119540e-01
2.888355979260440187e-01
2.735641744219375338e-01
2.618267256903685780e-01
2.493515569808259502e-01
2.911295628338073094e-01
3.061254487993660955e-01
2.776521661130069152e-01
2.963821196292422133e-01
3.004974721289899176e-01
3.048335648554315047e-01
2.982229260761049550e-01
3.065877688511132737e-01
2.876894629205914988e-01
2.523133686088027683e-01
2.673464353395903492e-01
2.692065522599729199e-01
2.793939127247986876e-01
3.072877423864192603e-01
2.550647653803828074e-01
2.691277661048773195e-01
2.576663406893829333e-01
2.617224088501729495e-01
2.146557645525134506e-01
2.317209882044248825e-01
2.342415427709752251e-01
2.557071719383095521e-01
2.565711279281563950e-01
2.520249627038071982e-01
2.858839119758640468e-01
2.526149716862427508e-01
2.535863680176710933e-01
2.489806715929541170e-01
2.528055189382836243e-01
2.511958536316503676e-01
2.364932150943635791e-01
2.656308884739415066e-01
2.739730775313407585e-01
2.654662915337158147e-01
2.966967945677226881e-01
2.607873090019868778e-01
2.741637091753348909e-01
2.489280339399585207e-01
2.729526572551453922e-01
2.606982185609991176e-01
2.592834146332778089e-01
2.525202541109058396e-01
2.915096604345876474e-01
2.765767969016560412e-01
2.671941390011224882e-01
2.287295509376901514e-01
2.634700322973861364e-01
2.733528852300094458e-01
2.686210104537406496e-01
2.574383950257148612e-01
2.518100731033089956e-01
2.454498166997801378e-01
2.029956081879910335e-01
2.139266487691982854e-01
2.560033046854771066e-01
2.700701942166976455e-01
2.592613346221781523e-01
2.453355250069912952e-01
2.305680856422464842e-01
2.486121439698289748e-01
2.488729718638877375e-01
2.495897911547935721e-01
2.480250164337457208e-01
2.381604556974394604e-01
2.545449436841127899e-01
2.504057679962445881e-01
2.319025193921507022e-01
2.547414023108781067e-01
2.386912429880616582e-01
2.385271125843533846e-01
2.379894513611262585e-01
2.544982720702024803e-01
2.381972708419141105e-01
2.561741331336356842e-01
2.858105810037037675e-01
2.353085158851204173e-01
2.616295959689689532e-01
2.607885661260977983e-01
2.897904817938963817e-01
2.360661444317006530e-01
2.533656191417240078e-01
2.418787204072773145e-01
2.543606158812790063e-01
2.229385097168335994e-01
2.558874378118362047e-01
2.653259242581365585e-01
2.723415772828848835e-01
2.752466276574357384e-01
2.530069118033728692e-01
2.459411866769467825e-01
2.544925619941238448e-01
2.346707894317762444e-01
2.594566899596538745e-01
2.077009338265154992e-01
2.223716627423695802e-01
2.467586196326560788e-01
2.370630649868305795e-01
2.695437255440141788e-01
2.742165109025617165e-01
2.779227907681853238e-01
2.727185578063833216e-01
2.695119781294196826e-01
2.673103167171512196e-01
2.743526501806292650e-01
2.716962554505995553e-01
2.928003231231652848e-01
3.073984856805097032e-01
2.861092736020048877e-01
2.450379624072673568e-01
2.639487419724764194e-01
2.421450904802147919e-01
2.535884060687739194e-01
2.686386180150503455e-01
2.559442171912993391e-01
2.641512181143246263e-01
2.951664869636617672e-01
3.232415615738195025e-01
3.020810372591107296e-01
2.808928266070278568e-01
3.034783000738400793e-01
3.407846896281795379e-01
3.135859406534356464e-01
2.943407266294594260e-01
2.893243012919549106e-01
2.835853945073807947e-01
2.799709533456982702e-01
2.387686088018542985e-01
2.293828363262889747e-01
2.679191698412204392e-01
2.820809383712203910e-01
2.675858564531171102e-01
2.784180220046169607e-01
2.768319291372740021e-01
2.814786595149723070e-01
2.737904214632616018e-01
2.478732276293519055e-01
2.362070915440322716e-01
2.660932000603888903e-01
2.824350900066529557e-01
2.339615239759833265e-01
2.446621039130838504e-01
2.623429213729968068e-01
2.590600209711798607e-01
2.694401572754636653e-01
2.394383642746223395e-01
2.645172111282032001e-01
2.509605954545408024e-01
2.531633128587149617e-01
2.328815669345140615e-01
2.523268378059252970e-01
2.863978212421444125e-01
2.975590533546709215e-01
2.886613911636030094e-01
2.629641095033184439e-01
2.655382182585664941e-01
2.519558960818027993e-01
2.829507712566629585e-01
2.616698861461394521e-01
2.769548817714415079e-01
2.652711545403182991e-01
3.357232644624489337e-01
3.258715431384971439e-01
2.641574078605327669e-01
2.775716735892057585e-01
2.996526948956502734e-01
3.363346070045554748e-01
3.093243508822990928e-01
2.955801493881399233e-01
3.144854607674047453e-01
2.619598850081507058e-01
2.833435175559814723e-01
2.394793157744530276e-01
2.262422955068597863e-01
2.407095430724948137e-01
2.358898303183987744e-01
2.660617226793203227e-01
2.767808990980303308e-01
2.340870423063384775e-01
2.770602427566101200e-01
2.501030638060031119e-01
3.013704651283635738e-01
2.702322880628800217e-01
2.578438430751059385e-01
3.021195973979527993e-01
2.884053960867116739e-01
2.965269996354090720e-01
3.249973400245725896e-01
3.371331337671897854e-01
2.891443951939563495e-01
2.595478204929242416e-01
2.860856505308385644e-01
2.590387312074796666e-01
2.909715849917192676e-01
2.910472956075371709e-01
3.100608133909621977e-01
2.834094938889163418e-01
2.818999920706838913e-01
2.906789728377355275e-01
2.509739836942095903e-01
2.411185346101147597e-01
2.198506072706483960e-01
2.395043833540000944e-01
2.189420449854165840e-01
2.218619870375913850e-01
2.977147208484462459e-01
2.722445678730150975e-01
2.690202812852747760e-01
2.809958981497313046e-01
2.805461426208103459e-01
2.925416357164731807e-01
3.026221395477698972e-01
2.931118713779541363e-01
2.801258192651599477e-01
2.768966124213742552e-01
2.869390464788484918e-01
3.199367125966892655e-01
2.942608119253358190e-01
3.082520189485492002e-01
3.039111451724763602e-01
2.826982185231394218e-01
2.682272384782071750e-01
2.727769647723149449e-01
2.493380989989254504e-01
2.536997812476922687e-01
2.427380370665331855e-01
2.713759429306037974e-01
2.534168823250490532e-01
2.534047039461947981e-01
2.320118987146420897e-01
2.153097465307240166e-01
2.127946825042848766e-01
2.534352771091568091e-01
2.342233696418886124e-01
2.478466089315118359e-01
2.113857335513854852e-01
2.361466003853983087e-01
2.457250564031649431e-01
2.406485500465787020e-01
2.774015165332625044e-01
2.432610429922747453e-01
2.541839358501850610e-01
2.419201849257638925e-01
2.687529058748897581e-01
2.780694449299717652e-01
2.799749258965633647e-01
2.801544283212840658e-01
2.918170951134273494e-01
2.567450610824851265e-01
3.135146390073016431e-01
2.574928153185949142e-01
2.634508913837205757e-01
2.576649541625272710e-01
2.646897644455870058e-01
2.586015124306428881e-01
2.759261638115281801e-01
2.517978202095926266e-01
2.712326052678337707e-01
2.686727884615794371e-01
2.259419721347157572e-01
2.558153732015652770e-01
2.668569080988653641e-01
2.715693381166547349e-01
2.455340957862401086e-01
2.825142173718633298e-01
2.663881081437921017e-01
2.582037506651420067e-01
2.525798931324015895e-01
2.613007326225266214e-01
2.772412577073271600e-01
3.048026066167409676e-01
3.187265481886842888e-01
2.661120252637094730e-01
2.609674456239644003e-01
2.946813565828301784e-01
2.793278000160914210e-01
3.121355932956997314e-01
2.794049145252374688e-01
2.485512911821889381e-01
2.591145465184268581e-01
2.880769928767233368e-01
2.724562378401946816e-01
2.470712214251226668e-01
2.701441613731134228e-01
2.606203504443403429e-01
2.669772652431379734e-01
2.695962492506606134e-01
2.525346596496084728e-01
2.851406717560795445e-01
2.716824226447220325e-01
2.941933670712214011e-01
2.850988643755708041e-01
2.961014237938244253e-01
3.186508994716005239e-01
2.797069793695197149e-01
2.990605657817346774e-01
2.397388775842052566e-01
2.674709348402473652e-01
2.588774511388219901e-01
2.638156123254599694e-01
2.568140191971299835e-01
2.659230173003369058e-01
2.591428643417832411e-01
2.493384539190596771e-01
2.604892135559739308e-01
2.914062719457437001e-01
2.500860684079130314e-01
2.474857769052577483e-01
2.518173175974699474e-01
2.723948899332506168e-01
2.524714804889721109e-01
2.357529529422725811e-01
2.203988711551908286e-01
2.674147783073609896e-01
2.622128615015964503e-01
2.192246704964729009e-01
2.239579713381958381e-01
2.134654504574467482e-01
2.050173110372437713e-01
2.063085717896667726e-01
2.462697363223091129e-01
2.512618180796221123e-01
2.210317245497069871e-01
2.432160377388949413e-01
2.533073883159668305e-01
2.331663249802888860e-01
2.218823290232897205e-01
2.432115130679589066e-01
2.425395457587651571e-01
2.323401207320180406e-01
2.672982474124034891e-01
2.152146726144153199e-01
2.372739762218704640e-01
2.453362969303974350e-01
2.570277929829558605e-01
2.590886744831534805e-01
2.862588764796406005e-01
2.853511600256135039e-01
2.807864673100170516e-01
2.693578762323433629e-01
2.756907301494562201e-01
2.786372092650107879e-01
2.753925512935979647e-01
2.824327348332546506e-01
2.773566178893165368e-01
2.846071948176753241e-01
2.647238516433060851e-01
3.061867994483392086e-01
3.054894205416486819e-01
3.711082763076122837e-01
3.139085290552748875e-01
3.091295082303782693e-01
3.411825307897353166e-01
2.886486257463049543e-01
3.062781428301248332e-01
3.083387056060802878e-01
2.718669136575028178e-01
2.961054684321838826e-01
2.461273711226670824e-01
2.375282110910372779e-01
2.671112954405517881e-01
2.526029458616511070e-01
2.300457700145842610e-01
2.503312470216180197e-01
2.335311797552945268e-01
2.298165222737631741e-01
2.601848027971577215e-01
2.725236435533312518e-01
2.829600036413948971e-01
2.478329092489558183e-01
2.416371487892969294e-01
2.466195008375764719e-01
2.739121464874473277e-01
2.705569554561888523e-01
2.324589849809488018e-01
2.631390239256434227e-01
2.528194543732605326e-01
2.087076734148166912e-01
2.461389554084577880e-01
2.588479319832631687e-01
2.504489937861584803e-01
2.759666827829536095e-01
2.483749095819284269e-01
2.538936642172257008e-01
2.684242629421342841e-01
2.777990318904762779e-01
2.586059465671942115e-01
2.793392127760219168e-01
3.187491061469735487e-01
2.831616542697781291e-01
2.932848616530491781e-01
2.682853712399504431e-01
2.577603690152802107e-01
2.706364323959912221e-01
2.557674294252443303e-01
2.673285699603248355e-01
2.909714082033133531e-01
2.780202292682280030e-01
3.111843201038795304e-01
2.489790674066753029e-01
2.668040922635037671e-01
2.605738530703725631e-01
2.983945180722123447e-01
2.623537410210949328e-01
2.506321449960409176e-01
2.478119826834669914e-01
2.686837471003008515e-01
2.454758319674628098e-01
2.552045629792047965e-01
2.442877027524914535e-01
2.679051048996813345e-01
2.652987413997666688e-01
2.580250267483646942e-01
2.709683648059769689e-01
2.543747323683172579e-01
2.806820710677828679e-01
2.869055045803368675e-01
2.517315648250755822e-01
2.778294738765821892e-01
2.795719395719152844e-01
2.911168369789605692e-01
3.209212694874218896e-01
2.938023749230450621e-01
2.492476341177608801e-01
2.677582864423843079e-01
2.415023078868961393e-01
2.857120693630301744e-01
2.549078379922075643e-01
2.586178703877206053e-01
2.332320291521702837e-01
2.249159760511386108e-01
2.495982354664057212e-01
2.609218367150724638e-01
2.425898703959091796e-01
2.368600266087716733e-01
2.618693040563350172e-01
2.491186152109814145e-01
2.456383579481209445e-01
2.500037541590119927e-01
2.568290518832299085e-01
2.601495084863689744e-01
2.590880744795975299e-01
2.518734003480808670e-01
2.463439104737915331e-01
2.767843720784449735e-01
2.420151302831757278e-01
2.496987109750260503e-01
2.550043764437376903e-01
2.423598574072279299e-01
2.508944599114081297e-01
2.340276944102571144e-01
2.470355425141819161e-01
2.557145555096566047e-01
2.652605173584863252e-01
2.447874346536007273e-01
2.382195506436718402e-01
2.564673038206009004e-01
2.453899343924424714e-01
2.328344556089264050e-01
2.829579907404536354e-01
2.947497046933805209e-01
2.937554052514287362e-01
2.850704540926339847e-01
2.334414333657210405e-01
2.579826270327207349e-01
2.485047496492049091e-01
2.443464138231639105e-01
2.456198731242843769e-01
2.264055172881344058e-01
2.299382167177915215e-01
2.599685162552647366e-01
2.317147635159187979e-01
2.263644834505067482e-01
2.421696322354417452e-01
2.459334794850712713e-01
2.507894821423061749e-01
2.685953342676794531e-01
2.852117992435591054e-01
3.165331569273799883e-01
2.689374485150089478e-01
2.902644072861803592e-01
3.134035275993330982e-01
2.516547813734290040e-01
2.809378144355287321e-01
3.029001580538269178e-01
2.816418384382768925e-01
2.625401864826359399e-01
3.127424617676102248e-01
3.125482182358604866e-01
3.152669224773438361e-01
3.065064234251348996e-01
3.293580166346553595e-01
3.142323571955734085e-01
2.918264568047759244e-01
3.069345801600171786e-01
2.751348708492322714e-01
2.656010107102242390e-01
2.484132418345133264e-01
2.557474761318651590e-01
2.508975594257536468e-01
2.599599485606435278e-01
2.941519370031314695e-01
2.859089682706361102e-01
3.095768919778041361e-01
2.492242330749556700e-01
2.691205660056720239e-01
2.624083047618675502e-01
2.475648635018829480e-01
2.622119186540371460e-01
2.781375455996981660e-01
2.692697769537857888e-01
2.537662958100601607e-01
2.241678355282793189e-01
2.441659828569635315e-01
2.480644053532373716e-01
3.025054042366083773e-01
3.015193919866853145e-01
2.463107302448409031e-01
2.768542452524255237e-01
2.322443550851663319e-01
2.516264056453954567e-01
2.230636662113621715e-01
2.375418154236360324e-01
2.331085147006380365e-01
2.219542525642878572e-01
2.300217204488920475e-01
2.621206136316159285e-01
2.554639979160605590e-01
2.447884676052499431e-01
2.480773911119859843e-01
2.927769883622691749e-01
2.966751907809207500e-01
2.714810434321001109e-01
2.532609371721961655e-01
2.555425032837742028e-01
2.274534841577159350e-01
2.431885180262706725e-01
2.762826881856240147e-01
2.287504541648802958e-01
2.283684523512601039e-01
2.426968105221724015e-01
2.754877776553280033e-01
2.895811618360346062e-01
2.579905704573634551e-01
2.446540833728407804e-01
2.456349867849522417e-01
2.558700658436562358e-01
2.690071000519741462e-01
2.824430624078882457e-01
2.780906163288663913e-01
2.902203075457910342e-01
2.597685718387324205e-01
2.669283131231758310e-01
2.650217610483693864e-01
2.891301408220797176e-01
2.650539352442158880e-01
2.674080969081359394e-01
2.795940124444569741e-01
2.781586491936429151e-01
2.566116347301599099e-01
2.568269313423122702e-01
2.643045424391743392e-01
2.794762698815735358e-01
3.013906512475308941e-01
2.644312932535295424e-01
2.751233583392219129e-01
2.560255900982167376e-01
2.781341716331346414e-01
2.696649593083047525e-01
2.496033633643899297e-01
2.836333652352201473e-01
2.541087330888529561e-01
2.224516974196107943e-01
2.208302422805600573e-01
2.439335517128951580e-01
2.524091352953533596e-01
2.754265465761412401e-01
2.688445267946981132e-01
2.682727571823598223e-01
2.691750611276918503e-01
2.842770405301360270e-01
2.872627053899740601e-01
2.412073767502609933e-01
2.832445374440457631e-01
3.014548104677576834e-01
3.273048974797405641e-01
2.994125708066376346e-01
2.449682245845560269e-01
2.488455249620245557e-01
2.642839790294941871e-01
2.424308940435385695e-01
2.758021921309734559e-01
3.164566155588395269e-01
2.982047208091023194e-01
3.064842057135305220e-01
2.837754003425365656e-01
2.811999913878714952e-01
2.516015997074898536e-01
2.585196717760373519e-01
2.958856077290138997e-01
2.446819785212792364e-01
2.284835565938199975e-01
2.446634478668147650e-01
2.724299871793954275e-01
2.562158329065835072e-01
2.637252120238688380e-01
3.011186742846788111e-01
2.891883043148503751e-01
2.889617712348244716e-01
2.738591157080895178e-01
2.877980770626855089e-01
2.827873969186637249e-01
3.250740141449864340e-01
3.290903982011609274e-01
3.516652625508090990e-01
3.346065674148460678e-01
3.094504159701461088e-01
2.661096871610615366e-01
2.897535616770419709e-01
2.463573038333622400e-01
2.343417061535472690e-01
2.529568941218129918e-01
2.638459675086780587e-01
2.738479470583430886e-01
2.544427338940564165e-01
2.577108641589425098e-01
2.284136735649733851e-01
2.420080700188406708e-01
2.428820133140138782e-01
2.790886705710407534e-01
2.359557088594487484e-01
2.308303197533007611e-01
2.524999240115259891e-01
2.405431731637813764e-01
2.599265138358954896e-01
2.255046892516191503e-01
2.745983914526700098e-01
2.543689365326493590e-01
2.603840367668220912e-01
2.393580177460655489e-01
2.731481426593494466e-01
2.468699509514553914e-01
2.447172228270060035e-01
2.579049294808312687e-01
2.507086690632708836e-01
2.456710584271084019e-01
2.204637769779937417e-01
2.576395344950548338e-01
2.317827176618361684e-01
1.929136621000419882e-01
2.566009636507347036e-01
2.310628108859368313e-01
2.537218335491623344e-01
2.326954492548324871e-01
2.373037183787550797e-01
2.555979884059072504e-01
2.859847899871507115e-01
2.718557820037825201e-01
2.459557748508092723e-01
2.360380079869864312e-01
2.608952929919653441e-01
2.413396505073597265e-01
2.881716307409575850e-01
2.575688855213589812e-01
2.496745798379989001e-01
2.347167385859627031e-01
2.521119090982614774e-01
2.839468582877011094e-01
3.003892773705469366e-01
2.927644321004808647e-01
2.749734677967768381e-01
2.437907093527352520e-01
2.563946200175213352e-01
2.551110937177853977e-01
2.787866532467613290e-01
2.369445024604604766e-01
2.399929945644699858e-01
2.668569821578322676e-01
2.305210401303093015e-01
2.136014539441801474e-01
2.405649336902289381e-01
2.342072220632704371e-01
2.244376935946602869e-01
2.756509100485714514e-01
2.550916370327956373e-01
2.581206931856245834e-01
2.241991699619069189e-01
2.361341847270130578e-01
2.377632682262462160e-01
2.355134243416807660e-01
2.432014147498735290e-01
2.324585833572403448e-01
2.292304580440972239e-01
2.906895432193807305e-01
3.078347053955097223e-01
2.693028041720151311e-01
2.694277659320861718e-01
2.355527895270383143e-01
2.566200764604193996e-01
2.372545798898468006e-01
2.403938097725322742e-01
2.372634918021394868e-01
2.591164857605951499e-01
2.777320333808520059e-01
2.451670819184250116e-01
2.399511455707847296e-01
2.185596119869812892e-01
2.591700330577174083e-01
2.242024022451900023e-01
2.495830805095322347e-01
2.773093446889202673e-01
2.937324809455684749e-01
2.726602619136542227e-01
2.702558954376720890e-01
2.870214244587242503e-01
2.534798672616017101e-01
2.614809587218753228e-01
2.488204058389854034e-01
2.364131486100904955e-01
2.567679056747405597e-01
2.715290147407354859e-01
2.824365438135899575e-01
2.447744192829807708e-01
2.338632918282679274e-01
2.297067957527693938e-01
2.309797608036580907e-01
2.506736242980511231e-01
2.598833004183098150e-01
2.131709625358183258e-01
2.222143609265692099e-01
2.350482354214321057e-01
2.327226282988018036e-01
2.246930370697734769e-01
2.740592762077219136e-01
2.569050284363675885e-01
2.729102180357847462e-01
2.474942654772907813e-01
2.610900321166210181e-01
2.470849718265692163e-01
2.476320182728273256e-01
2.707312698792981864e-01
2.475634291254291131e-01
2.364133488589020837e-01
2.712230627648281045e-01
2.516100016705950515e-01
2.239797158836686897e-01
2.456697097087212345e-01
2.171168856012310466e-01
2.498263595723205222e-01
2.785421755931733467e-01
2.700105640160215814e-01
2.417346498998936832e-01
2.668791861488619688e-01
2.892846113757391868e-01
2.891881683897229993e-01
2.880706529064705479e-01
2.565978511796597195e-01
2.638236801278031618e-01
2.487200300724325963e-01
2.874620212403058428e-01
2.797255977761150536e-01
2.890392204247800301e-01
2.668441814294878478e-01
2.556135080350375732e-01
2.457949566531800467e-01
2.345277918003855211e-01
2.257668754134509181e-01
2.648172098718989953e-01
2.669484039434509848e-01
2.690494237908001018e-01
2.532126946222673647e-01
2.575127652487044783e-01
2.809308542766196237e-01
2.698649342065465584e-01
2.834966344855975873e-01
2.512829797524226416e-01
2.487323829834917344e-01
2.832281874688223344e-01
2.754712507922145726e-01
2.851232412090384805e-01
3.190164743031413397e-01
2.880877421584882581e-01
3.321596588435613562e-01
2.796606818096120661e-01
2.616076793718938864e-01
3.245937833846067599e-01
2.902860891831716694e-01
2.870071652976826093e-01
2.901709077140129378e-01
2.792984229248857142e-01
2.711884593122244058e-01
2.945505581357752978e-01
2.469103918878942094e-01
2.882663295281155391e-01
2.485160778301558626e-01
2.633799275989947564e-01
2.338200094669321827e-01
2.393096102118355273e-01
2.600248216854332273e-01
2.573113926767695570e-01
2.408586140469316239e-01
2.164862498900110843e-01
2.186297651885203974e-01
2.689421534669893532e-01
2.457665064491125484e-01
2.719669863004918198e-01
2.575269236687029450e-01
2.676047812594601338e-01
2.894038426071667280e-01
2.446185508821831223e-01
2.451128752631408780e-01
2.725665190837402996e-01
2.519645018485273114e-01
2.982396173101200532e-01
2.744296345599037124e-01
2.860581909921225963e-01
3.260115254629787906e-01
2.904925126400225710e-01
2.960646741849317087e-01
2.507114252491302042e-01
2.769972796532049752e-01
2.875491798650765540e-01
2.830609500439086323e-01
3.020796809405259520e-01
2.926811623052703037e-01
2.703687432570250904e-01
2.772860032468979496e-01
2.708835147483807937e-01
2.543875532684219953e-01
2.600282037743228414e-01
2.505005187955118284e-01
2.655567842588664740e-01
2.228934693883832530e-01
2.304655729790087149e-01
2.601246489140650042e-01
2.403630686913197922e-01
2.653000159363096411e-01
2.516308966286737725e-01
2.640953062110296123e-01
2.494004368528473792e-01
2.366273710803359076e-01
2.279386657317367670e-01
2.529623294759753005e-01
2.512048643620388710e-01
2.552533880407211186e-01
2.431852911729630584e-01
2.589062476199361362e-01
2.602863538645723285e-01
3.106465847378814815e-01
3.177869061935343353e-01
3.247238628835419361e-01
2.736220109568869296e-01
2.748663717904248349e-01
2.913133030400095747e-01
2.946444224666666112e-01
2.583712810353958056e-01
3.084804898014664731e-01
2.534972754859184385e-01
2.711399039603825112e-01
2.391257991848623199e-01
2.819138190916200548e-01
3.451981018032084236e-01
2.907565133783205913e-01
2.678909947627934884e-01
2.956242934233955233e-01
2.780947547518711205e-01
2.641377752554315284e-01
2.711684932442686713e-01
2.896658213706460039e-01
2.646149102279903298e-01
2.781803016873376500e-01
2.328665380048010880e-01
2.339943732284951450e-01
2.601866448107920116e-01
2.464253760523610337e-01
3.098687874878685022e-01
3.062187508245850509e-01
2.410938561990362827e-01
2.459995099671813401e-01
2.681457220083499071e-01
2.531533250260777912e-01
2.771359360312213305e-01
2.639993007977258777e-01
2.706330562184754429e-01
2.794420012512511819e-01
2.869165561089463967e-01
3.077243791537687678e-01
2.734785152929611884e-01
2.350352170358595283e-01
2.635504633765891613e-01
2.386482182075090053e-01
2.719105789436216947e-01
2.325775238584180393e-01
2.409385112132882978e-01
2.502054156288779918e-01
2.626524780607625842e-01
2.713877090161200822e-01
2.732974307968735750e-01
2.533931963192413983e-01
2.530862287866568749e-01
2.839029608014955186e-01
2.971802007492827524e-01
3.076840511279179124e-01
2.848247193086516638e-01
2.754306272182262538e-01
3.302723462335704352e-01
2.906362084377560051e-01
2.906265466042620704e-01
2.850618299783844178e-01
3.423807356729871576e-01
3.210713228576547729e-01
3.410069271976025607e-01
2.651544438818423943e-01
2.715950073764406003e-01
2.970083270572695944e-01
3.198613766453121121e-01
2.966771546342413801e-01
3.129958582057195682e-01
2.939563304244351416e-01
3.305869655626107462e-01
2.749123822701702302e-01
2.690601023820861637e-01
2.579725233731162692e-01
2.613490168427325400e-01
2.621220699126643461e-01
2.774715234704074884e-01
3.136975866557143444e-01
2.832651009686873445e-01
2.668532070295970282e-01
2.733436551791618707e-01
2.877824344383568822e-01
2.852378625304890503e-01
2.866548992587225619e-01
2.557756597799813458e-01
2.261306618309192051e-01
2.252267848179099474e-01
2.904067396773228893e-01
2.806272846807851273e-01
2.546843334188658714e-01
2.543876445231860739e-01
2.615084510320658806e-01
2.658521833285283908e-01
2.483787693429857779e-01
2.731132434697010614e-01
2.558441334170323822e-01
2.587976747573603187e-01
2.707702227847995635e-01
2.616425146526827894e-01
2.446696814299490763e-01
2.540472003122259959e-01
2.179109144547141663e-01
2.309832807304497693e-01
2.619450981957721636e-01
2.247920784932300187e-01
2.525207075161591819e-01
2.692961819282065905e-01
2.601183987164361611e-01
2.603357786721601785e-01
2.366189495472027227e-01
2.429864713748334515e-01
2.436727714326765715e-01
2.383424698663963448e-01
2.403427915495596479e-01
2.525552494038619256e-01
2.696281964827998978e-01
2.608571476749563245e-01
2.585653228126175152e-01
2.740920027416627880e-01
2.710088221327569546e-01
2.554476698024025771e-01
2.430210451293008667e-01
2.478821412699605542e-01
2.638501912182679154e-01
2.798754140724391548e-01
2.831719589623277189e-01
3.135278152765614834e-01
2.638402518309473921e-01
2.574592224416482611e-01
2.715618391390170472e-01
2.795851211801483327e-01
2.736413877158430652e-01
2.929613879229776563e-01
2.848839537246130593e-01
2.997347287864517984e-01
2.629682539166561250e-01
2.639920350964242712e-01
2.590655575891078755e-01
2.475285646433000031e-01
2.362174183165703656e-01
2.348053192073053796e-01
2.416992572637297887e-01
2.594323635523942961e-01
2.672760664423316501e-01
2.662928952294947860e-01
2.665666200365234828e-01
2.507136292116367016e-01
2.577557944608984686e-01
2.394137459570680193e-01
2.517566324212637818e-01
2.318327212462670817e-01
2.485325251481444175e-01
2.470302820349938588e-01
2.102134150600571127e-01
2.466809735697567951e-01
2.799320915083849948e-01
2.463967113378708884e-01
2.435924574508405160e-01
2.239445590200792591e-01
2.390840768761895718e-01
2.206680361265417611e-01
2.443060156563613416e-01
2.292394305730331983e-01
2.716947746942630082e-01
2.764249165106263395e-01
2.502969549808589100e-01
2.721851370387808888e-01
2.613928845798810796e-01
2.431595574648808822e-01
2.317702366703322525e-01
2.561329035021159828e-01
2.620409698863839232e-01
2.605431011881435555e-01
2.898329594712440449e-01
2.498122388146108430e-01
2.717276078344783019e-01
2.524280027599084542e-01
2.334197320748506443e-01
2.335707811068842565e-01
2.826156452503557071e-01
2.462935538514443856e-01
2.488697627489953046e-01
2.745473130475742374e-01
2.456636673245088942e-01
2.758642802301437547e-01
2.379633608519963472e-01
2.210727437706683229e-01
2.379201905674179773e-01
2.648874077044148234e-01
2.634003287320993980e-01
2.633336752334983766e-01
2.614803235468367570e-01
2.920620278519639457e-01
3.077470028283584846e-01
2.742760284059425624e-01
2.631601842550275183e-01
2.537156125440648835e-01
2.376408358873239590e-01
2.778864157194561035e-01
2.387875731259376244e-01
2.678553516361713016e-01
2.769176759930886966e-01
2.593952680924250243e-01
2.655232074274569976e-01
2.489989678935148609e-01
2.518264835739444374e-01
2.417094904852009618e-01
2.696079083401020648e-01
2.966170988982137491e-01
2.821971238757129408e-01
2.846732707515080563e-01
2.551787398077671187e-01
2.673472769683438721e-01
2.360389366621649665e-01
2.310185125542344453e-01
2.326560622328492645e-01
2.528555778006333354e-01
2.399851075814446455e-01
2.450277234925693215e-01
2.388368783050285604e-01
2.472771238521607740e-01
2.368884524507977318e-01
2.252864143968789090e-01
2.538069540341199581e-01
2.488919097240256673e-01
2.708208868471146946e-01
2.299975156982638491e-01
2.468541313296570838e-01
2.592399264049958241e-01
2.636421366822594425e-01
2.541838045088385956e-01
2.779340280451897960e-01
2.844546414900467335e-01
2.750990284943610198e-01
2.594962526564239536e-01
2.550938232724021537e-01
3.035019157734510920e-01
3.075675809064307709e-01
3.217381573671900252e-01
3.644798449463464429e-01
2.729373531931355568e-01
2.723161648355456599e-01
3.008092975792302504e-01
2.774951666657149429e-01
3.001932548082126839e-01
2.763877140814511857e-01
2.667213381796080807e-01
2.497231301690525651e-01
2.514092863769694652e-01
2.647824317064594313e-01
2.812511695673741152e-01
2.903923551800048908e-01
2.958686908610929645e-01
2.759499615251223559e-01
2.492691490181669078e-01
2.391126777285829119e-01
2.377045050346052457e-01
2.394367799421690535e-01
2.319215918518102992e-01
2.056456916459696305e-01
2.471490584585541439e-01
2.526909238999356933e-01
2.412077660150253877e-01
2.704833700687739872e-01
2.381476943656054279e-01
2.313230007141005018e-01
2.437221363078538594e-01
2.182840059107872821e-01
2.374182264337064141e-01
2.635904203961635384e-01
3.007501482117610481e-01
3.177320802638545216e-01
3.410292740109324150e-01
3.230122894214095264e-01
2.602044435263474176e-01
3.084613161418726102e-01
2.700743384857615670e-01
2.545814554300958044e-01
2.780078901708646910e-01
2.845206472000680331e-01
3.086605550386112284e-01
3.123454019951804050e-01
3.119191767056942455e-01
2.987567508649177639e-01
2.949087897075543530e-01
3.028377332897592700e-01
3.380923029428577475e-01
3.065664443634443792e-01
2.999905813727339332e-01
3.444682608276919411e-01
3.351141182491505499e-01
3.158575591470204613e-01
3.124663054669186146e-01
3.433687925771715110e-01
3.216888821715894187e-01
2.938522137931358635e-01
3.217316698713880707e-01
3.002719978899835440e-01
2.942396675443680332e-01
3.037747556305919749e-01
2.687125259117171816e-01
2.644640705094831734e-01
2.535422138942849402e-01
3.094013730181929822e-01
2.593659414538054264e-01
2.893405147170016734e-01
2.779569406977140389e-01
2.791854786968444579e-01
2.661926011887972843e-01
2.481411831770060084e-01
2.701633592514737781e-01
2.686702984126184135e-01
2.768376879755440334e-01
2.886422792002720783e-01
2.919582988249855293e-01
2.748575345291219829e-01
2.592911492771232673e-01
3.271461748303346462e-01
2.809739823731561836e-01
2.687329592279852908e-01
2.270127089428179978e-01
2.570393233889367024e-01
2.464243755546391967e-01
2.572009143750572102e-01
2.869764054029338429e-01
2.801011362005034755e-01
2.443321185435109455e-01
2.468991762777778265e-01
2.558217231086612475e-01
2.419932317939131328e-01
2.501268877424146497e-01
2.563885072435880819e-01
3.055204827794755218e-01
2.769324798857846215e-01
2.619436796652820365e-01
2.925573878134409278e-01
2.547773971213371791e-01
2.635698265102913163e-01
2.826431644836269741e-01
2.868410155774481218e-01
2.748345595389425911e-01
2.506092368124486769e-01
2.672714663599374263e-01
2.534922573217132657e-01
2.379674761821801432e-01
2.836378169693979379e-01
2.921282998522244378e-01
2.725885763708805754e-01
2.805590095371793824e-01
2.321395647691817665e-01
2.701775068299480109e-01
2.618914988123886012e-01
2.552170322131083191e-01
2.892112983553591365e-01
2.523457152556807248e-01
2.946086396793901607e-01
2.606964346687411505e-01
2.524379493784057460e-01
2.839558934455983508e-01
2.506132383098936822e-01
2.566121821651252133e-01
2.564040864607765591e-01
2.289804906601063672e-01
2.789911821841299377e-01
2.836714024652686739e-01
2.500968198448300650e-01
2.261168264600598998e-01
2.457325288011252551e-01
2.652275054929719711e-01
2.568701813598086026e-01
2.724090532457173475e-01
3.175439942197328946e-01
2.731472902739979225e-01
2.784176131674985233e-01
3.199728556035439375e-01
2.505323434220472767e-01
2.764376925725022249e-01
2.918707266545617074e-01
2.506215214853313999e-01
2.155684657487816069e-01
2.401841303862173593e-01
2.688004663563527408e-01
2.689189765531748710e-01
2.539662965936200778e-01
2.362442916391175596e-01
2.280143596974278375e-01
2.773300451413125423e-01
2.458547470150390657e-01
2.459715748630398602e-01
2.527562110437596710e-01
2.673593912852307297e-01
2.976648720540410187e-01
2.751844361485865087e-01
2.415479701766007348e-01
3.081472687493175266e-01
2.688062265455769539e-01
2.354614072366687239e-01
2.832103252942110294e-01
2.637812381289768582e-01
2.674762973158376078e-01
2.695129092572914331e-01
2.802409607216023169e-01
2.724833302581913808e-01
2.816938939863827818e-01
2.642003784126854549e-01
2.382261906303448640e-01
2.670036729398481135e-01
2.656322846567661933e-01
2.458592172610005455e-01
2.722916978613784122e-01
3.136876887403031167e-01
2.646156895212288807e-01
2.528413805794468283e-01
2.203174754836522420e-01
2.419627841656920852e-01
2.458637971217432772e-01
2.702177786995740294e-01
2.806984472199370306e-01
2.497588149587649242e-01
2.456881445961933974e-01
2.492427196509698628e-01
2.568271357808709632e-01
2.815623644679535187e-01
2.821393745450491153e-01
2.820808526000094241e-01
2.918746660080316913e-01
2.668024484782518524e-01
2.693291678248144194e-01
3.058213675365648032e-01
3.091159661373685807e-01
2.662053948034697193e-01
2.887358841987368030e-01
3.084528604470039848e-01
2.705569289710081371e-01
2.681757316116026302e-01
2.691553321045301872e-01
2.677283571594621936e-01
2.789760462811387565e-01
2.838846463225185301e-01
2.998942973365594233e-01
2.523797412139734964e-01
3.329308936652976558e-01
2.732518678472447560e-01
3.066751690120689822e-01
2.585302466572934610e-01
3.012757139937116690e-01
3.088338332443375522e-01
2.658588747638642169e-01
2.308393688639207020e-01
2.692655657504501865e-01
2.672129066786840257e-01
2.938542002366182349e-01
2.859872862982759667e-01
2.922770774567454155e-01
2.511843692330794631e-01
2.628924826957029781e-01
2.556409132916804272e-01
2.721591209661592403e-01
3.048454863132597503e-01
2.954864087011724316e-01
2.881901551718864529e-01
3.120945369981185102e-01
3.185541890732953574e-01
2.991275710977256974e-01
3.512690884952671677e-01
3.081366242784899789e-01
2.772758475656552646e-01
2.981615067217070481e-01
2.991960487265321045e-01
3.167409506661268970e-01
3.311708852089885746e-01
3.180484946573555183e-01
3.085780744312552892e-01
2.653649428254342135e-01
2.914123635977918236e-01
3.158162227312358850e-01
3.034754726020196802e-01
3.321101720020104842e-01
2.783451728135137304e-01
3.439654538883967771e-01
2.758789804233123810e-01
2.481540430890204207e-01
2.345319894431422136e-01
2.607299547199543599e-01
2.712902263788620760e-01
2.209572696256448254e-01
2.349201412306580750e-01
2.490033938976458083e-01
2.941690443224741491e-01
2.666714795809127514e-01
2.826773801861119373e-01
2.196960243260125956e-01
2.699586981540838537e-01
2.586829896423433195e-01
2.420808133314009125e-01
2.616439341454476208e-01
2.312297405673871542e-01
2.724104153158669051e-01
2.463630061193093634e-01
2.557671224325047121e-01
2.523249799102539881e-01
2.397629099990312151e-01
2.492171741289908315e-01
2.707059354078953373e-01
2.592895953459075642e-01
2.422638875412508330e-01
2.431828494183497502e-01
2.598718198949309666e-01
2.483381479916023371e-01
2.607609037573384025e-01
2.503432244239738313e-01
2.612633593491485162e-01
2.793486384944231515e-01
2.610538757630216922e-01
2.702547369243625819e-01
2.451313391397894059e-01
2.372514495844390003e-01
2.643190142372739415e-01
2.553810664989422108e-01
2.720383253915086286e-01
2.175493885886132794e-01
2.648461918534917303e-01
2.540317389342692800e-01
2.433589711114214349e-01
2.606894355539398078e-01
2.856377763124156588e-01
2.541711209062879062e-01
2.750787260471059259e-01
2.696770757638308202e-01
2.529204558876274045e-01
2.618209712538675515e-01
2.790706105044302165e-01
2.907182501986679268e-01
2.834820817039561125e-01
2.463959016940707458e-01
2.356427258920121004e-01
2.281730509158227949e-01
2.101985742228479614e-01
2.756498751371290190e-01
2.675443098684583410e-01
2.979475548431953502e-01
2.576313998761688984e-01
2.804921342871448675e-01
2.640293427802311022e-01
2.523037188877976233e-01
2.736753239721393949e-01
2.387557171844844617e-01
2.265844320923980082e-01
2.272172619398408200e-01
2.675300525910762617e-01
2.328849220969665124e-01
2.396611797797510712e-01
2.353463732899147565e-01
2.220854746666578450e-01
2.181104508503567407e-01
2.621284331773832132e-01
2.457612911695948865e-01
2.463199032380370690e-01
2.513543975616749915e-01
2.346321052887090641e-01
2.240026983199486232e-01
2.835640796826534582e-01
2.502095187632908946e-01
3.204580264179194282e-01
2.543310588351345158e-01
2.577982388834760274e-01
2.916282342682114948e-01
2.736775341425689567e-01
2.383015440803995522e-01
2.746313046362635624e-01
2.746885416309798322e-01
2.818375623251014872e-01
2.887970124192622001e-01
2.620300940756739028e-01
2.959434247941122864e-01
3.118306467576105745e-01
2.857647244286626864e-01
2.651531539056656284e-01
2.681810324610764962e-01
2.485308329125418825e-01
2.472782641640041135e-01
2.346426684550389496e-01
2.302737781336519074e-01
2.717747936436526457e-01
2.751195062558405291e-01
2.772637984109957432e-01
2.621590675724180253e-01
2.506005843957133106e-01
2.292771361587980783e-01
2.054176742447992865e-01
2.315459902925119939e-01
2.468329006570563200e-01
2.465622891763482871e-01
2.540672264649763146e-01
2.432739883634465750e-01
2.439664560595757870e-01
2.362649207801136853e-01
2.397388872664696358e-01
2.294846124562176515e-01
2.376452906942425336e-01
2.232422659658293562e-01
2.220987108309391833e-01
2.599959685237739349e-01
2.251164281890029040e-01
2.564726644502074993e-01
2.299641616530692656e-01
2.530199690371783827e-01
2.524472506306308373e-01
2.640174944985579919e-01
2.491026090110976254e-01
2.465154950766514919e-01
2.628398942052571075e-01
2.382034606913114583e-01
2.692155291622497226e-01
2.608096281633226488e-01
2.684975432696982689e-01
2.759447957382579752e-01
2.414031650619570257e-01
2.645914260180367017e-01
2.459224997849907002e-01
2.355870693468962718e-01
2.471994427312483034e-01
2.438026085963035106e-01
2.431533343848441830e-01
2.692315551004653695e-01
2.650488478498325695e-01
2.504753702823546702e-01
2.561167437098620936e-01
2.580418782928617927e-01
2.682520927507171526e-01
2.635949240647978975e-01
2.183395829629362905e-01
2.483548232236414410e-01
2.427343060024948207e-01
2.562884745566237354e-01
2.512189429127789086e-01
2.578263972613929478e-01
2.658736157043024018e-01
2.784160610042170636e-01
2.620227911025437284e-01
2.911355300266058044e-01
2.564998212848554338e-01
2.828569608947101854e-01
2.620146774020389313e-01
2.542355492386995652e-01
2.472007339289771510e-01
2.525623730911281672e-01
2.681147241945840975e-01
3.045940022184447926e-01
2.833465385370222966e-01
2.574902454181985934e-01
2.713347398703879199e-01
2.646826794972585994e-01
2.550185692335589782e-01
2.612001472122579271e-01
2.638867624073347184e-01
2.848821408993194582e-01
2.671062418635803959e-01
2.514821105063759776e-01
2.657345526458742002e-01
2.721265077747492267e-01
2.677554818052664265e-01
2.866306975429647186e-01
2.846918625583435003e-01
2.634661682616100120e-01
2.648596235407357780e-01
2.265449026654935138e-01
2.239931374242754569e-01
2.157545893620465283e-01
2.301153801634802931e-01
2.624013826904787461e-01
2.788491808918806547e-01
2.684329680619271796e-01
2.738708131808619828e-01
2.935411930032000294e-01
2.672871528578462108e-01
2.935246988961203729e-01
2.738056263594660367e-01
2.674368884341978836e-01
2.978957698721908520e-01
3.099026637995575539e-01
3.001062338386739636e-01
2.624393941495388738e-01
2.811612739689949847e-01
2.579978621549153806e-01
2.784753701127671288e-01
2.575334419528277352e-01
2.437405246105259771e-01
2.525607750314122213e-01
2.375208484173051138e-01
2.581020639606015910e-01
2.370730396769452908e-01
2.293088412525757791e-01
2.540631722000205039e-01
2.247677238128322208e-01
2.615249796846587094e-01
2.470849964584028446e-01
2.386764655967259507e-01
2.192984992491615881e-01
2.432646347305770784e-01
2.811708934556303441e-01
2.528518255688765315e-01
2.525231425368473226e-01
2.412081157335694837e-01
2.279637415165305381e-01
2.294550287889520201e-01
2.845482918121819416e-01
3.273195298916499185e-01
3.255822336051895638e-01
2.943247823889074688e-01
2.721864068267265124e-01
2.714756509268789753e-01
2.705306699069867649e-01
2.638688913281011517e-01
2.943439370727176652e-01
2.505180127639783372e-01
2.688004136588484916e-01
2.683759095325465860e-01
2.748618806611460297e-01
2.525182427461404311e-01
2.529488979001486282e-01
2.532834615438934733e-01
2.380597610500594374e-01
2.602533577656443442e-01
2.480300048432703686e-01
2.129064553841729102e-01
2.313360372176092583e-01
2.403455896233691325e-01
2.443779346617326598e-01
2.393068597703041644e-01
2.702562224662793944e-01
2.705176733900058750e-01
2.812385343783069258e-01
2.572788571333246010e-01
2.500334203591519366e-01
2.698624929528774530e-01
2.548149768288319739e-01
2.694673464655480410e-01
2.969383399666883361e-01
2.677213449334430173e-01
2.259642688629070473e-01
2.329131153349173755e-01
2.585969446594720833e-01
2.682475806683581321e-01
2.606248649597964762e-01
2.829038865139461012e-01
2.743739412751742823e-01
3.101803550211189586e-01
3.016119491764456817e-01
2.864017709565705450e-01
3.183196844646838941e-01
2.766258113012356468e-01
2.526391008215067568e-01
2.797108652907440707e-01
2.582025752283729214e-01
2.557012557254840224e-01
2.655951149396977296e-01
2.550822335390474094e-01
2.647476913392935449e-01
2.539693621048105254e-01
2.647019634434544244e-01
2.588927407372641487e-01
2.262094080022399034e-01
2.342635100776656043e-01
2.632878071400162612e-01
2.224135554049128660e-01
2.455311235540212078e-01
2.790129131426711262e-01
2.715172064319165690e-01
2.690434149069133030e-01
2.381243724977701592e-01
2.606867972145507362e-01
3.119393013547516746e-01
3.060441847158672513e-01
2.790964026212853777e-01
2.572138413183541195e-01
2.621191219313203646e-01
2.888733266626140606e-01
2.760143635352247382e-01
2.754126474127313040e-01
2.232957594964324055e-01
2.321836786341920367e-01
2.580049458218333092e-01
2.405135787584071205e-01
2.891544508635424116e-01
2.802356921093567821e-01
2.643770720170313115e-01
2.594780639764998065e-01
2.794289677054265786e-01
2.608470777127289697e-01
2.733850141346830798e-01
2.304379993340371358e-01
2.510616332714549204e-01
2.727936344226956078e-01
2.505012664110460863e-01
2.758699595320813214e-01
2.887215188039127800e-01
2.780180380063581036e-01
2.905814938542531922e-01
2.689426890396219849e-01
2.621331868670824239e-01
2.847394822314731067e-01
2.537798639068440387e-01
2.715821138092037179e-01
2.828256794228303228e-01
2.832313461997715831e-01
2.929952086571216974e-01
2.970099408664444440e-01
2.987155750938875198e-01
2.686603227979537101e-01
2.705021515075169414e-01
2.643949803150168476e-01
3.112967462524852680e-01
3.026825585430975019e-01
2.876209331071259978e-01
2.659557216515023859e-01
2.829371044996922824e-01
2.512330694881979021e-01
2.426518790342674370e-01
2.511131298792336763e-01
2.489273485123730811e-01
2.669400012794572175e-01
3.053228259088007768e-01
3.208286073681871908e-01
2.741449058435551089e-01
2.471353108272719978e-01
2.472231630307993866e-01
2.777343870037740081e-01
2.566052397136167063e-01
2.501516552323185816e-01
2.322111297063929602e-01
2.646653021889963653e-01
2.979681301598168242e-01
2.799825060442210356e-01
3.111716443718627323e-01
2.912544547825918206e-01
3.041127734494269985e-01
2.896959913207174386e-01
3.018644017464776064e-01
2.987314046621780128e-01
2.744180699900934384e-01
2.856975825854102813e-01
3.188710740558794998e-01
2.704804333576826259e-01
3.042095474868161120e-01
2.779708389787270972e-01
3.209433917781562284e-01
2.858372082255778435e-01
2.558878001630930377e-01
2.827461471186089592e-01
2.605363246930584298e-01
2.838368229174394464e-01
3.030064609746333515e-01
2.883606992733412366e-01
2.763441841574316160e-01
2.882790750709536276e-01
2.970076056130714348e-01
2.775016031151684159e-01
2.751966871178649909e-01
3.173578700380718098e-01
2.731764639276332840e-01
2.753982276163498555e-01
2.400104171135293285e-01
2.755485865540437396e-01
2.278206314627673756e-01
2.243949362968934713e-01
2.325955087762162365e-01
2.541709154297887019e-01
3.007082488750376092e-01
2.815740945950908070e-01
2.931078523530846192e-01
2.891517272403843486e-01
2.813757771255688822e-01
2.843441618210824640e-01
2.441943138577953032e-01
2.719837493519635108e-01
2.744361358299446940e-01
2.761021912665453382e-01
2.227465878041210157e-01
2.410565225219147845e-01
2.516118975639225486e-01
2.442547249600143799e-01
2.572461804405975494e-01
2.441066282079320804e-01
2.480662820245183309e-01
2.740254833272585677e-01
2.573531793084489205e-01
2.430866766645618793e-01
2.634782458700613561e-01
2.592777405566721316e-01
2.708698445560611678e-01
2.560051816445374495e-01
2.492530823680879914e-01
2.546439081146704142e-01
2.557463954112834115e-01
2.393810467694617861e-01
2.533725174326014185e-01
2.420505678784268255e-01
2.340588784502601605e-01
2.503115842255786982e-01
2.514566215952052097e-01
2.561625536979159068e-01
2.475881032979972973e-01
2.213071476794006009e-01
2.512189292603040913e-01
2.248860250725838172e-01
2.499505651588239952e-01
2.375246624939837681e-01
2.372928197971101438e-01
2.377054313455411738e-01
2.374131198598710413e-01
2.628764744208834658e-01
2.303413833048046366e-01
2.431869536148582867e-01
2.605937738845000573e-01
2.679828548644040964e-01
2.983215976950054915e-01
3.002983372212417734e-01
2.799796444638448234e-01
2.939285130303841420e-01
2.952085717748420546e-01
2.648807049842406558e-01
2.629348989118209801e-01
2.856360407601339912e-01
2.905289318102192153e-01
2.921762369902036194e-01
2.706880730087080078e-01
2.723881255167100446e-01
3.182292207383157212e-01
2.814498403157418283e-01
2.554913044338349981e-01
2.656149972335743459e-01
2.794411926781075750e-01
2.886804308802609631e-01
2.555155894936175232e-01
2.841674971079793388e-01
2.453910732299921793e-01
2.783487933598253750e-01
2.621297746108176008e-01
2.542215284061421499e-01
2.549348135922352987e-01
2.502983642470544834e-01
2.677538762368407710e-01
3.084939937344948757e-01
2.645239096095747255e-01
2.626582686410956491e-01
2.644126774942136548e-01
2.687082918086318717e-01
3.027414153283525255e-01
2.717426960607061681e-01
2.874418171184039972e-01
3.188190917285648185e-01
3.508959341321258307e-01
3.034613645007482874e-01
3.218551627010036720e-01
3.407578631038999384e-01
2.879104872031233997e-01
2.808583394883484852e-01
2.575142156522925996e-01
2.668768890883674305e-01
2.471184777029675483e-01
2.472797871006632564e-01
2.270138847459791942e-01
2.598297968231256250e-01
2.559225789586746513e-01
2.486257800742744106e-01
2.683511586131206994e-01
2.476228379506230648e-01
2.386613985887773570e-01
2.079594127821548233e-01
2.289496776526613320e-01
2.668195717392655708e-01
2.899514451625282985e-01
2.797824898899315960e-01
2.770753658964887900e-01
2.763093438806683566e-01
2.635739061681241502e-01
2.483872602028067700e-01
2.549355675576282509e-01
2.698131730966858988e-01
2.233868067553655135e-01
2.401378061892711635e-01
2.416394173882827623e-01
2.197955343731505806e-01
2.521722720963175957e-01
2.320620258008382619e-01
2.407715306840925995e-01
2.657146618780968916e-01
3.009336492673836960e-01
2.741732699427616438e-01
2.581875495402001230e-01
2.599347056587434923e-01
2.907759517365216539e-01
2.842869923823462264e-01
2.761878090890291237e-01
2.935476602447313343e-01
2.701732749962442170e-01
2.319223371447523829e-01
2.567954917719333374e-01
2.553033363578447457e-01
2.790095647209208662e-01
2.801584458552890400e-01
2.398077352610933910e-01
2.695361183653501858e-01
2.484107736635200181e-01
2.310025531763027495e-01
2.531805325380618310e-01
2.874971422493806661e-01
2.873303656587859467e-01
2.735407181805986632e-01
2.924482829417002772e-01
2.764331034066456749e-01
2.532102108855018852e-01
2.492377922035532434e-01
2.785111373531992673e-01
2.771223343466091560e-01
3.279736909224719166e-01
2.489633157676104935e-01
2.849015534321713838e-01
2.375794531609907723e-01
2.708142079540973857e-01
2.684561515314262126e-01
2.919309859227998127e-01
2.566371718006094094e-01
2.575716420871478340e-01
2.421984940939902187e-01
2.554083026794632949e-01
2.448875509165956976e-01
2.765990891572089883e-01
2.522829026183889822e-01
2.458946442052009351e-01
2.824472644728853732e-01
2.341081832452376055e-01
2.578453123789964385e-01
2.474456396464569385e-01
2.415759092765734362e-01
2.343030643142101632e-01
2.489794569359197185e-01
2.288838034696577262e-01
2.345809290544655645e-01
2.594222299405316012e-01
2.418016855667063925e-01
2.299398808043094655e-01
2.565106417516826998e-01
2.411752838322817893e-01
2.472907516237600190e-01
2.384093431030126775e-01
2.342941753758039924e-01
2.463746414770453808e-01
2.671377307872970230e-01
2.583795101012834050e-01
2.807647780435932328e-01
2.855821473464381088e-01
2.461552673072801567e-01
2.569179596676858246e-01
2.518700763988972469e-01
2.488053852275854683e-01
2.781110374404647811e-01
2.453245171061252672e-01
2.643633072439110498e-01
2.647822397272262540e-01
2.991984271063105605e-01
2.649506323559149834e-01
2.759604421127109242e-01
2.783201640584688219e-01
2.657253366927498361e-01
2.746152319428646349e-01
2.460080986324063579e-01
2.537364786807549955e-01
2.373525714155186872e-01
2.452436135213572344e-01
2.334927788172427854e-01
2.139951326332429904e-01
2.566925725223414556e-01
2.914678566134080162e-01
2.508280743784187528e-01
2.549562263464467127e-01
2.377148622317762916e-01
2.201339238258243070e-01
2.366658093238276916e-01
2.247215829457738512e-01
2.244175753345303559e-01
2.591763283018197472e-01
2.922248610347505382e-01
2.838006254140427176e-01
2.726842128570330925e-01
2.376445145268590020e-01
2.682135182583179622e-01
2.704032617956342310e-01
2.644283494035575832e-01
2.826399235439675528e-01
2.505359989443066149e-01
2.826176410502497793e-01
2.937770356161615304e-01
2.806668764060490373e-01
2.507238911779796631e-01
2.567608257047799269e-01
2.421642538536656619e-01
2.751480793651556178e-01
2.766213907488391244e-01
3.135481512423662909e-01
3.023758312858446096e-01
3.096583915434623635e-01
3.372778589992909137e-01
2.423664558817616166e-01
3.039903240222315284e-01
2.938377200976691750e-01
2.702694033375666050e-01
2.719625992753558763e-01
2.851116890510859148e-01
3.025352145722333130e-01
2.725624826374368759e-01
2.705161471564115905e-01
2.504979490430306321e-01
2.415564291802053398e-01
2.684838656185160599e-01
2.857854784068647458e-01
2.773745139155853190e-01
2.757800374857178327e-01
2.595419046654923734e-01
2.736714992638512034e-01
2.793595685894114666e-01
2.983994047844656383e-01
2.598950952619127897e-01
2.336727167888148493e-01
2.492161764578504080e-01
2.636980962247105209e-01
2.270427901506293089e-01
2.714239633044022160e-01
2.345729770528879043e-01
2.708961639413034472e-01
2.369072757371907256e-01
2.575398614981270762e-01
2.417373089472745484e-01
2.444446671991073183e-01
2.345185792474983599e-01
2.452540485472609055e-01
2.503885973425681311e-01
2.397604849680615713e-01
2.549589360765237567e-01
2.548168376207399777e-01
2.216539317868292114e-01
2.261602499423780721e-01
2.487841118656302086e-01
2.466495125872195937e-01
2.917247013145488621e-01
2.852140246137777613e-01
2.479718111811332615e-01
2.373934094037123688e-01
2.708122146495871019e-01
3.096572415043463700e-01
2.598805800156047119e-01
2.552205455630531805e-01
2.605644231107409614e-01
2.805654892565196956e-01
2.682290248642343333e-01
2.802273034804849683e-01
2.675197517632275090e-01
2.548312271941005624e-01
2.338192989855392978e-01
2.581725824704460548e-01
2.664372841099468814e-01
2.402567467560294823e-01
2.653937534403430498e-01
2.367899881411073271e-01
2.102675953567041400e-01
2.837681150013260933e-01
2.494024157299077060e-01
2.370751498106593858e-01
2.090378902394610661e-01
2.514458434109047014e-01
2.429188630749971600e-01
2.286900877922012632e-01
2.399441263817830294e-01
2.353333813297736887e-01
2.310319512117832152e-01
2.229864184496813118e-01
2.502764100264239788e-01
2.607465737049678434e-01
2.384375897174032255e-01
2.232222976290904048e-01
2.515159737515504923e-01
2.611367196285194203e-01
2.529057803325647780e-01
2.601798062471410988e-01
2.315078201073655084e-01
2.543355168377188225e-01
3.031229026091625256e-01
2.421115859245096535e-01
2.580988145781169529e-01
2.595924268158213422e-01
2.591321081812187344e-01
2.411006685932492455e-01
2.394794191725205246e-01
2.529824490217315036e-01
2.642252508005664136e-01
2.812605527919516679e-01
2.710925524557346034e-01
2.453185937756916235e-01
2.706591517125974122e-01
2.675507925029324552e-01
2.947051955735300321e-01
2.502992634990089948e-01
2.532422427489278149e-01
2.426664702633212767e-01
2.396844041296620764e-01
2.279146137526453231e-01
2.687088817926168716e-01
2.569826046332558955e-01
2.754137589333928715e-01
2.408000604653625920e-01
2.520002111197175987e-01
2.846475852301238452e-01
2.529034387885781832e-01
2.420058969431986839e-01
2.503810336524596725e-01
2.449670033908788458e-01
2.456254341582038148e-01
2.758552092976288561e-01
2.589426171430425083e-01
2.634901042638789215e-01
2.593960633082627032e-01
2.777959992376778375e-01
2.670410656607086208e-01
2.588866135068755847e-01
2.578640514598338207e-01
2.507132816161258271e-01
2.516196666255139380e-01
2.907755331732873594e-01
2.963060859027148441e-01
2.763826588211630852e-01
2.651854237797892089e-01
2.694051380078753555e-01
2.892224011086064195e-01
2.526678495215419762e-01
2.567805315728017845e-01
2.431399291608376256e-01
2.591485490256063007e-01
2.469692626779361744e-01
2.664624908305948670e-01
2.195698925235862187e-01
2.410843180436538780e-01
2.620281241257699234e-01
2.427199800187002932e-01
2.409813502272176444e-01
2.265871618256853071e-01
2.330072956023645503e-01
2.442276507286152698e-01
2.654832249561867030e-01
2.173570854418998832e-01
2.307201244274193208e-01
2.254487363761087659e-01
2.709204597473632292e-01
2.563910255210576916e-01
2.749136219313464413e-01
2.790519273044121951e-01
2.841067659261032885e-01
2.916692165521082569e-01
2.935427941732347557e-01
2.716158775692509297e-01
3.101287445662296305e-01
2.942689637721686569e-01
2.362787832839801927e-01
2.449139677060327702e-01
2.953169840538889535e-01
2.687235174729021292e-01
2.311081096033550109e-01
2.385721022959604865e-01
2.221825996371145917e-01
2.313935531902652221e-01
2.486079215101644757e-01
2.663570851612250268e-01
2.553620852669176711e-01
2.434919033090552631e-01
2.495166980480904295e-01
2.501970857657492830e-01
2.819601697024272657e-01
2.698393614820240871e-01
2.121985726087305402e-01
2.357266624765074203e-01
2.526800151447656795e-01
2.710733316041061269e-01
2.666771738356399357e-01
2.522500360322727508e-01
2.998029900432788719e-01
2.607718957262914472e-01
2.902257659526278344e-01
2.585500959555875888e-01
2.545446250135334210e-01
2.773778586539712987e-01
2.587876332942602442e-01
2.897084635119163143e-01
2.351659094765885250e-01
2.668684679334619725e-01
2.344226175734710482e-01
2.720706155731444364e-01
2.885188813489563131e-01
2.862697714519885639e-01
2.656040447758750145e-01
2.793183303556167618e-01
2.622698102915632101e-01
2.570146048886506884e-01
2.559658177737990092e-01
2.922016040429249450e-01
2.801759079664351004e-01
2.578300443429253352e-01
2.728847409844585847e-01
3.001293408003903318e-01
2.734231575149830284e-01
2.629605217744411805e-01
2.734686109758504013e-01
2.766817575873146695e-01
2.542778108048369123e-01
2.597729503840156551e-01
2.648411852259920374e-01
2.653891600006920704e-01
2.647930191481808193e-01
2.488667742355709644e-01
2.518892476669106761e-01
2.609614839334573055e-01
2.531121889467313202e-01
2.502673848421273495e-01
2.544508109248537209e-01
2.775366749197291649e-01
2.811245120628776406e-01
2.404532727051583163e-01
2.423397420031960514e-01
2.596342631702354131e-01
2.616438124187946412e-01
2.627129101719855031e-01
2.448135298612210686e-01
2.316789428654750238e-01
2.360366062995791769e-01
2.562633888848377950e-01
2.497113932652718638e-01
2.510883610964436130e-01
2.831779102239191936e-01
2.708593875833362197e-01
2.156112383823614309e-01
2.719526759901142454e-01
2.579212486632051493e-01
2.382839020850968936e-01
2.560772968321740062e-01
2.240515421585792533e-01
2.542595594335533837e-01
2.510009391188420813e-01
2.804882513164630442e-01
2.568928672760510401e-01
2.838631083226856866e-01
2.731321436695117733e-01
3.090398598955555465e-01
2.841645603135894427e-01
2.779962827446769702e-01
3.208626162864002263e-01
2.857068366369117651e-01
2.971459948804743845e-01
2.747915946761732564e-01
2.630688844497230394e-01
2.980467680243722994e-01
2.965035292964819380e-01
2.743544686309171698e-01
2.930036912931943682e-01
2.810492717840649690e-01
3.252221145648362954e-01
2.783053187334238454e-01
2.784238320252530041e-01
2.550615553365135901e-01
2.487855547819867730e-01
2.599560058215454883e-01
2.688826983173631668e-01
2.950159075639451900e-01
2.802111945108065050e-01
2.858893712609300586e-01
2.646378058908402942e-01
2.638569782552854237e-01
2.649253845360792781e-01
2.451330967031911667e-01
2.667066664699831446e-01
2.866568274473388911e-01
2.599925355263448257e-01
2.686518635291018642e-01
3.220835841879974293e-01
3.079015339727467215e-01
2.561310772744743169e-01
2.466475778425121779e-01
2.556674563924373200e-01
2.319667995316039288e-01
2.423536887478076052e-01
2.225611591712501336e-01
2.185728874569090596e-01
2.411081895849884194e-01
2.297327060150132216e-01
2.356489980111241000e-01
2.686366886051115843e-01
2.480169114809729070e-01
2.287099214723072871e-01
2.353148313888881182e-01
2.363575182470498692e-01
2.453434965969040482e-01
2.600900859073918547e-01
2.361692874457927138e-01
2.641659450580156054e-01
2.642069000077430507e-01
2.722972630145498174e-01
2.836523806991311236e-01
2.685116393671947987e-01
2.580106867854551900e-01
2.718129220636832377e-01
2.321089043448976708e-01
2.629342041294694399e-01
2.247139252359211803e-01
2.734158138399813143e-01
2.551339341736943434e-01
2.366816921940745888e-01
2.403140177608026617e-01
2.716935218302127808e-01
2.876854694011801716e-01
2.613246593425856967e-01
2.535693398148791688e-01
2.585857342672789327e-01
2.529368687972149976e-01
2.636528331933637448e-01
2.406500346517594091e-01
2.608642428075724218e-01
2.667802674847051803e-01
2.558901143343767504e-01
2.446222135201835679e-01
2.213332368674947037e-01
2.381483093358306158e-01
2.724006621950273432e-01
2.596259605495523370e-01
2.712308721530329869e-01
2.344496274698331384e-01
2.656989844495706854e-01
2.656907955045625935e-01
2.834674774266089936e-01
2.793852169299918531e-01
2.637684835812522111e-01
2.792306710768136524e-01
2.445293457034317386e-01
2.584906403883989179e-01
2.439424025462213486e-01
2.657272352977255725e-01
2.506096493802118519e-01
2.535094371370242294e-01
2.780799540857517016e-01
2.710504452793361385e-01
2.855139608414620223e-01
2.785985063407850904e-01
2.536791074202488505e-01
2.797105062973658240e-01
3.193949331300877104e-01
3.274573797833718602e-01
2.830189961001766674e-01
2.979770458240734721e-01
2.879783923140913360e-01
3.007308087915860351e-01
3.019227481878613006e-01
2.949046413076742978e-01
2.910491312872319214e-01
2.823319485399664042e-01
2.589390321228344227e-01
2.615289143964769081e-01
2.986813645440792864e-01
2.741887601624937720e-01
2.616045367858593762e-01
2.715346775098409493e-01
2.504179425360211764e-01
2.683162246608064017e-01
2.796115779569459669e-01
2.807868730312657046e-01
2.723764328988377281e-01
2.973819583846825099e-01
2.863931547398436694e-01
2.557232877936402859e-01
2.533912992674365872e-01
2.402257208036414349e-01
2.864125907658879311e-01
2.235462209928012756e-01
2.647150519186290407e-01
2.588849403799867166e-01
2.624741843041652478e-01
2.264287192779846636e-01
2.309605868943426232e-01
2.524455245596977093e-01
2.192531360353008885e-01
2.440793139540780032e-01
2.371175961990238668e-01
2.272297590227009279e-01
2.607348806092835147e-01
2.834876425061190197e-01
2.606323909655786641e-01
3.103045481330846123e-01
3.146247929736531446e-01
2.911568539952004153e-01
2.683651673083781719e-01
2.871231535937880941e-01
2.571041904203030803e-01
2.770126307744098515e-01
2.675242917741312842e-01
2.491141883675836166e-01
2.334812844361990880e-01
2.422880643648888388e-01
2.692764301823110662e-01
2.455045506237409081e-01
2.597899901669364908e-01
2.360252256448469588e-01
2.719775250718843296e-01
2.807145672901711353e-01
2.615063117118591185e-01
2.689801868205594637e-01
2.333977246146860252e-01
2.581448565463820288e-01
2.512463127252381745e-01
2.631837960910062280e-01
2.431510433245832881e-01
2.317234773247814905e-01
2.423065563873523787e-01
2.673184333026286108e-01
2.429678510272412217e-01
2.701308848814932828e-01
2.283265212684253420e-01
2.549199917600433740e-01
2.308233735937940956e-01
2.536991346020793237e-01
2.603670323135810483e-01
2.819905356532496077e-01
2.918448347906850149e-01
2.616620087495502012e-01
2.742744168548731931e-01
2.489045895565312194e-01
2.462707115999194507e-01
2.533523139403403568e-01
2.681852284579203105e-01
2.242928935852704364e-01
2.599433684456041727e-01
2.748575412907968141e-01
2.727872059429047868e-01
3.131879686913636163e-01
3.233191268954796471e-01
2.893424804789647142e-01
2.840544490561644486e-01
2.650015736318122594e-01
2.609902245922364195e-01
2.740805896685971632e-01
2.662978776299680939e-01
3.058507646306424244e-01
2.875372055750694544e-01
2.848580863850889155e-01
2.622662599939580286e-01
2.493343086716615919e-01
2.663888104110450628e-01
2.892206240443441767e-01
2.582625768422012191e-01
2.819392407322728888e-01
2.462631927786499975e-01
3.243378622289512792e-01
2.853814925609117203e-01
2.459374409425708063e-01
2.369078557834841670e-01
2.500884743279217504e-01
2.853155787259351039e-01
2.560892437994238269e-01
2.451023052463117968e-01
2.702226392857874360e-01
2.331504540777628587e-01
2.479292434962806768e-01
2.585095053393221542e-01
2.336793273044019681e-01
2.732410207571470684e-01
2.616466371313672656e-01
2.799908598073411747e-01
2.971520120131654341e-01
2.970773691378856829e-01
3.172755922084067870e-01
2.731810616989821527e-01
2.394278581181695786e-01
2.554243887753993025e-01
2.737771543231665716e-01
2.652304853147313124e-01
2.499785963891091034e-01
2.729908222599761181e-01
3.018277190928530529e-01
2.709296650585465427e-01
2.449487742575780225e-01
2.589769130762372140e-01
2.717655691534584528e-01
2.750369268809388923e-01
2.857007546986962132e-01
2.538766248600566322e-01
2.483359413464990839e-01
2.648182931977699495e-01
2.517891783199360800e-01
2.520476705435789611e-01
2.768325680230014352e-01
2.639877226158343637e-01
2.231636669463468448e-01
2.364168616250941213e-01
2.545246612513372142e-01
2.450924845604547098e-01
2.911698427592805949e-01
2.428798209194771573e-01
2.429828593633230893e-01
2.818580451195048520e-01
2.636025045002474143e-01
2.812285399763301830e-01
2.707193991872346994e-01
2.549057761412315548e-01
2.573186611522021439e-01
2.748472888087678534e-01
2.455873398777606298e-01
2.638001491026453205e-01
2.572773137901929741e-01
2.477114829592946266e-01
2.022090776840124449e-01
2.562544075584662351e-01
2.840104536879892727e-01
2.577744420754399246e-01
2.571288775698351570e-01
2.654292360503941461e-01
2.684124457727644630e-01
2.539203342424106169e-01
2.562512519403643552e-01
2.723597543038038249e-01
2.433880369232406804e-01
2.474591378100193806e-01
2.390131714903508120e-01
2.488950278338143696e-01
2.419083280836014926e-01
2.411494210967058960e-01
2.552039863897588856e-01
2.211016428926264599e-01
2.420111177136411440e-01
2.476215442735766048e-01
2.420231713698731135e-01
2.260484324446132287e-01
2.453932211298791577e-01
2.479803055338835882e-01
2.275943760818996686e-01
2.663857897989322376e-01
2.424406494170029125e-01
2.790742369816566759e-01
2.648209211259393014e-01
2.310731826864487748e-01
2.388369181396626240e-01
2.532150906307407690e-01
2.471262722733876538e-01
2.380091581624339814e-01
2.482394261817401637e-01
2.619816529501473590e-01
2.493848138487753108e-01
2.279192297686053470e-01
2.442223000300303148e-01
2.592092091488926719e-01
2.557879437877582651e-01
2.591441195636984274e-01
2.408189750680837238e-01
2.376392404466189934e-01
2.487686987275579131e-01
2.440356592318565498e-01
2.458088541631435753e-01
2.645286867571693401e-01
2.438400591447217880e-01
2.441886012056593835e-01
2.807309430244781523e-01
2.990906306932880621e-01
2.633384403160528020e-01
3.005069422021812153e-01
2.730382907462877706e-01
2.477522052124860041e-01
2.271576853172932453e-01
2.176090308382643834e-01
2.487871866294555090e-01
2.479276130122384236e-01
2.079563402531816874e-01
2.393336134343878041e-01
2.335618257638137629e-01
2.274467904765186121e-01
2.320872944785330738e-01
2.507475411931606724e-01
2.421736515828755154e-01
2.215995159794529323e-01
2.369742475151987438e-01
2.505153201152579556e-01
2.947669512045568707e-01
2.873103591399425727e-01
2.434380207602974411e-01
2.541491066346543981e-01
2.489406624295173454e-01
2.655034004888444099e-01
2.652586058111965905e-01
2.418886220007790966e-01
2.415251554625256758e-01
2.503175018511638039e-01
2.531667795480331273e-01
2.987480903963276035e-01
2.629088440909199131e-01
2.871373239689286039e-01
2.958889891509748904e-01
2.551720908541190713e-01
2.370877736190876994e-01
2.362096805636660357e-01
2.726831585761361754e-01
2.372031191854402643e-01
2.340395660013153412e-01
3.035093066962514796e-01
2.371513310642281991e-01
2.183128085771597615e-01
2.342458767000407116e-01
2.338835128850537126e-01
2.512528492707648553e-01
2.392845335135001528e-01
2.724812888148072099e-01
2.737595720688945633e-01
2.637344353607483094e-01
2.677556014491107583e-01
2.878563116735269323e-01
2.987693458332568719e-01
3.194138197287627046e-01
3.538719415989004524e-01
3.534810278462398592e-01
3.107338008740259117e-01
3.730756104994241706e-01
3.071961381026438453e-01
2.879280717526788158e-01
2.701860058642830964e-01
2.923952086477948908e-01
3.001670024500589506e-01
3.011416852375458642e-01
3.041824677603153781e-01
3.113015793271563525e-01
3.638817974382225762e-01
2.834222175095434948e-01
2.889897468892962951e-01
2.998342554665540671e-01
2.769562538013404795e-01
2.950473499829602830e-01
3.007721529729034948e-01
3.439734802511351108e-01
3.021077963327631899e-01
2.698557715062766538e-01
2.839170324671534407e-01
2.671070353440055944e-01
2.831160716525915610e-01
2.504885167073462315e-01
2.739106074378114264e-01
2.994626404858907187e-01
2.924443625214591669e-01
2.765692102305307154e-01
2.617990619914696837e-01
2.953261358526209635e-01
2.815572550419555009e-01
3.090619123221627351e-01
2.761305563122222750e-01
2.717032755871195970e-01
2.703511329731816404e-01
2.737967114370471466e-01
2.769494577648671241e-01
2.887654872349010859e-01
2.669373937989075185e-01
2.560183205823732822e-01
2.600642741123248558e-01
2.706860960656305992e-01
2.733930938929237109e-01
2.473628448187411566e-01
2.569133817619553839e-01
2.994547788476930594e-01
3.074848888969025085e-01
2.727202492914306275e-01
3.121774403608217341e-01
2.511391463770178412e-01
2.754774637477782617e-01
2.613462413565746933e-01
3.003343575223020867e-01
2.698646207015273357e-01
2.440968572072730047e-01
2.486934729816844269e-01
2.594976551216410798e-01
2.443048504645170815e-01
2.460970231685761789e-01
2.211058935488068866e-01
2.411421773141851355e-01
2.497666048780199100e-01
2.731345105689709785e-01
2.338965470559836168e-01
2.389721230921890149e-01
2.562023709843261332e-01
2.614089961164923204e-01
2.645175722689502851e-01
2.600625186265377309e-01
2.798307172658733855e-01
2.864209355504048760e-01
2.467585115385286521e-01
2.720264450980624527e-01
2.516264710646600178e-01
2.680707346184265094e-01
2.436752819483948007e-01
2.718187235146116154e-01
2.443403542966012809e-01
2.810332804330538670e-01
2.508059574038904449e-01
2.640255351163151021e-01
2.475640785851714321e-01
2.283770187056055889e-01
2.699634776465473784e-01
2.597394282793071274e-01
2.334707992428154688e-01
2.365325291532418550e-01
2.279545066464273295e-01
2.703153615775727436e-01
2.690481299718034403e-01
2.546879365350547264e-01
2.942625546498117139e-01
3.036196447639130658e-01
2.861164273844924444e-01
2.891726881897750401e-01
2.549129804821878564e-01
2.495778782593140177e-01
2.857181995811957087e-01
2.762377753932614421e-01
3.226186734400659506e-01
2.794914657460948471e-01
2.595847996842660099e-01
2.930667412165008368e-01
2.260331326128303953e-01
2.730873475974044950e-01
2.302421591964243786e-01
2.489046611116975394e-01
2.725311313897323950e-01
3.025465193753922866e-01
2.771632355595108899e-01
3.297225473031169529e-01
3.004904244662784385e-01
2.543059401631764249e-01
2.646331255218030143e-01
2.776157965161510366e-01
2.476154826784464080e-01
2.138977463019607617e-01
2.552720444859729598e-01
2.534768530968986577e-01
2.469259629407360990e-01
2.515798925190823043e-01
2.482565569617812551e-01
2.463422292977057448e-01
2.400512448806529642e-01
2.554534468619943932e-01
2.571325095872590283e-01
2.463235137514099005e-01
2.471687562393674875e-01
2.417752391548465551e-01
2.489737614716270309e-01
2.515216230611526105e-01
3.198196548174889187e-01
2.697513261797839235e-01
2.838763581459674001e-01
2.642645624745556532e-01
3.102502281945158091e-01
3.093314900898763153e-01
3.117141663058327627e-01
2.901618933248063525e-01
3.007564274005364857e-01
2.802612767354391021e-01
3.068195914141732539e-01
3.017629550395276583e-01
3.220243856580143338e-01
2.911078122487300024e-01
2.637544864593030502e-01
2.561947876695273019e-01
2.427041250165898889e-01
3.115064449962255400e-01
2.632544334677610065e-01
2.686548875663347102e-01
2.538167228644148121e-01
2.566279072633337321e-01
3.020621297498405355e-01
2.630460660277568752e-01
2.574519236727445537e-01
2.613757506433680988e-01
2.793957615047335530e-01
2.540924887315346714e-01
2.600841046433388093e-01
2.982199828768951622e-01
2.769956327983746358e-01
2.747718858681029719e-01
2.623057917987762222e-01
2.907844124872945857e-01
2.884528167443882740e-01
2.491463977743592351e-01
2.735776744766492685e-01
2.561037246522779309e-01
2.275335692509522223e-01
1.992022249696885350e-01
2.127375982468992788e-01
2.641094180725557794e-01
2.647155226282508211e-01
2.854844371895529642e-01
2.335253942907865310e-01
2.401983382628858910e-01
2.561676127484358578e-01
2.612862238430728179e-01
2.324349499707774880e-01
2.715295187804295240e-01
2.211179880706415080e-01
2.195139376011545906e-01
2.415209459681491588e-01
2.329695473381291904e-01
2.655795234385578407e-01
2.643091364111097574e-01
2.389428209304028938e-01
2.835733368677685329e-01
2.465771053848478389e-01
2.554078808801857892e-01
2.474417376907378507e-01
2.580473705590453637e-01
2.629926215187206595e-01
2.641416226245035803e-01
2.714526820701590459e-01
2.437563075502528764e-01
2.957425069839257903e-01
2.909552901160016303e-01
2.821360810337806280e-01
2.858308086968011086e-01
2.658986673291391933e-01
2.859277464002540348e-01
2.860934300364010308e-01
2.508396697405192999e-01
2.660345647786194201e-01
2.603530769963580682e-01
2.634409120773899549e-01
3.004952950712432291e-01
2.697920190962371789e-01
2.613634059648810015e-01
2.582922698329779276e-01
2.622959110420304274e-01
2.333230446398074920e-01
2.611578386358153758e-01
2.579242589143967979e-01
2.249708467702328241e-01
2.535332072099808487e-01
2.506785826708209375e-01
2.840501186799686550e-01
2.693379433447187221e-01
2.652476266510117031e-01
2.654912008494194620e-01
2.356450701647764268e-01
2.416748446601649503e-01
2.414907878326136570e-01
2.568002882376805296e-01
2.719876571974942370e-01
2.813285864736292941e-01
2.673745363617363591e-01
2.892755025708064198e-01
2.648416972472279474e-01
2.980216012895398614e-01
3.144968359546873038e-01
2.809795159748058047e-01
3.130926936074009959e-01
2.476722817524308340e-01
2.515255659091865659e-01
2.643309439420435392e-01
2.716579093293353120e-01
2.728246516598349380e-01
2.667427296065532638e-01
2.552144174134627352e-01
2.703185792522896924e-01
2.553445341804453372e-01
2.300285420768541922e-01
2.268071540980119150e-01
2.343829156910455513e-01
2.698210741592493855e-01
2.470095578908287071e-01
2.518667308280304606e-01
2.688746339135877350e-01
2.491056448732296702e-01
2.355996707710523719e-01
2.548164613566017977e-01
2.452594502333607374e-01
2.613637536284393326e-01
2.485861759900206969e-01
2.405821475979751378e-01
2.244092064926116459e-01
2.200502079785247866e-01
2.330958460326582327e-01
2.440083076649040006e-01
2.543749534401761325e-01
2.749557357692609671e-01
2.890770554584792817e-01
2.709930053936774885e-01
2.986817571721016029e-01
2.343414390656504143e-01
2.553167587510542513e-01
2.662227459795000195e-01
2.293555228127175105e-01
2.468938790151918306e-01
2.597204635661364280e-01
2.658372052906328165e-01
2.596076214886325340e-01
2.790617937284702310e-01
2.635087603179686599e-01
2.922991211876395101e-01
2.907942692508299065e-01
2.643429577825110455e-01
2.952952967108821158e-01
2.669672964581026875e-01
2.855040438666632263e-01
2.637651108617933837e-01
2.588581721647071343e-01
2.778442906648533883e-01
2.736741892698266732e-01
2.734647038244110706e-01
2.671309575028289474e-01
2.697797194679344979e-01
2.560407467008390947e-01
2.309184571229346838e-01
2.359626658499297258e-01
2.483786883794615041e-01
2.527366994345761619e-01
2.376976406764356731e-01
2.568252914495360306e-01
2.697776468354510793e-01
2.492332601339754539e-01
2.713589614766355740e-01
2.811338215638727878e-01
3.182961579680659847e-01
2.674737387036266734e-01
2.742953939209870073e-01
2.521896210972077723e-01
2.814209731198937248e-01
2.946317298844230992e-01
2.541425644593127697e-01
2.605451623586329535e-01
2.560823692362532156e-01
2.550701408166121120e-01
2.539783336215626353e-01
2.605103671529292453e-01
2.605674643482528419e-01
2.411860659713998267e-01
2.394597408764671809e-01
2.215601106002107190e-01
1.930273918657517129e-01
2.099371318558238553e-01
2.502191863219170864e-01
2.565896777254917938e-01
2.847030916960785474e-01
2.530124554628511158e-01
2.792666283081443046e-01
2.423967503106471411e-01
2.421651868202423785e-01
2.201381968036552894e-01
2.389569366306968923e-01
2.436018725452441802e-01
2.581289932262433306e-01
2.444839629216191690e-01
2.583006478563908415e-01
2.547998588611376514e-01
2.521653346598792811e-01
2.086872963238659007e-01
2.688391665083105786e-01
2.512784036737498172e-01
2.820606674374420697e-01
2.402424644485598726e-01
2.676206653810047631e-01
2.364157409019224665e-01
2.604364966554392202e-01
2.692428697737263010e-01
2.729160921858323485e-01
2.660442747284559317e-01
2.526385177781918512e-01
2.646889103332519810e-01
2.455642416178151488e-01
2.722486936736795426e-01
2.518258059365607315e-01
2.275023348871823836e-01
2.553746934600545915e-01
2.275115060506394393e-01
2.318097314706566714e-01
2.402269375285167874e-01
2.293485852575730954e-01
2.265242488964708256e-01
2.233702657564727023e-01
2.471444123354685218e-01
2.391871503019885326e-01
2.287469648767224695e-01
2.595928533349183831e-01
2.560660148021531857e-01
2.452388892584798086e-01
2.631214083828057326e-01
2.687393198698426189e-01
2.419287135486785922e-01
2.638287841822683499e-01
2.004479081631599935e-01
2.325054981332411175e-01
2.536720182697367321e-01
2.445263355510847170e-01
2.657515752707491075e-01
2.419128838003009874e-01
2.661409115480716792e-01
2.829736820940306208e-01
2.768119163458838683e-01
2.709049318977569953e-01
2.956230355980457580e-01
2.468889508798416399e-01
2.453116578202870213e-01
2.902613885293112705e-01
2.400877391237613845e-01
2.846130532908796029e-01
2.939452669618627945e-01
2.634059905296915471e-01
2.282773547929432545e-01
2.308360001869950995e-01
2.683400131191658322e-01
2.502414547034346182e-01
2.868981023706417832e-01
2.577295256112556721e-01
2.293979080270557580e-01
2.388153209031197155e-01
2.217588632824754602e-01
2.382101769560889537e-01
2.277488597419104477e-01
2.267669864272571223e-01
2.577987036471089954e-01
2.388797686283221366e-01
2.424135749418662722e-01
2.378540612026673051e-01
2.365499675726656925e-01
2.569201609683167686e-01
2.472920506144040687e-01
2.509603584378630736e-01
2.449151600638151682e-01
2.266906073792022969e-01
2.522006157425903949e-01
2.479876259492846680e-01
2.738869257102972132e-01
2.580501256430475232e-01
2.754895106801961147e-01
2.842044463168911239e-01
2.644136965827869612e-01
2.594235584154090390e-01
2.289202056998857204e-01
2.232593255463621862e-01
2.004725920484943247e-01
2.314400433438500992e-01
2.368486027950992001e-01
2.667972297007157323e-01
2.786634868137210508e-01
2.669618423370799243e-01
2.690677543930954929e-01
2.390520818412986970e-01
2.558603724661983048e-01
2.598942836380880306e-01
2.333537249641040590e-01
2.437705440615015318e-01
2.501991160643401435e-01
2.544636060853664450e-01
2.665588635930540296e-01
2.617131415668726979e-01
2.225080758848436979e-01
2.857274052974193013e-01
3.082108270309463771e-01
2.681420352055060574e-01
2.253491568079744600e-01
2.499514655819916054e-01
2.336095974230369132e-01
2.517828589056594346e-01
2.331260868027046074e-01
2.333453963625167493e-01
2.900713873381708940e-01
2.569423430382409279e-01
2.512293682538929707e-01
2.431319182605626017e-01
2.140993270348460764e-01
2.294181529094420635e-01
2.497243982313364363e-01
2.640512554632920561e-01
2.467394190353679739e-01
2.599734133337450182e-01
2.462702061765127404e-01
2.405032392383941731e-01
2.397871071705618140e-01
2.605376171284582432e-01
2.631399445113674629e-01
2.292628395810518693e-01
2.479568476713220893e-01
2.611637015311739640e-01
2.658512992341668379e-01
2.740749237631149859e-01
2.764657218886704682e-01
2.679938269947435558e-01
2.883931221140744738e-01
3.000798704262569450e-01
2.691315420371483969e-01
3.037505916041662868e-01
2.959961988665651411e-01
2.701402708263414554e-01
2.587591416696701230e-01
2.655497186641954110e-01
2.445444682811438175e-01
2.432500726835561955e-01
2.435794646758839832e-01
2.211160742460588913e-01
2.662854970482711470e-01
2.489307299804343898e-01
2.436574282157656923e-01
2.341269635212411826e-01
2.231733798048739781e-01
2.439217465264266749e-01
2.658061205206114774e-01
2.932277245352475914e-01
2.971917547713400776e-01
2.600292520990155620e-01
2.693686606837994990e-01
2.724643080276520912e-01
2.818590101144796134e-01
2.563587470672970547e-01
2.586416255136718689e-01
2.447422203509103389e-01
2.219802900467406359e-01
2.494836652859608594e-01
2.441702251839288629e-01
2.124639718412912881e-01
2.491981061843317469e-01
2.775766672263353940e-01
2.530938716367858721e-01
2.497810058612802420e-01
2.490235486182183766e-01
2.348812705860263694e-01
2.454443450632034507e-01
2.327730917813680966e-01
2.603507182318903213e-01
2.545274681469371081e-01
2.221972802906575783e-01
2.468472743622911192e-01
2.296731065426487750e-01
2.526885248099682291e-01
2.526734425342161972e-01
2.618367215825711525e-01
2.499988594088289884e-01
2.603378672853993159e-01
2.459072342309678305e-01
2.503694421934531400e-01
2.627472189929581647e-01
2.414708533362296961e-01
2.357265536798922312e-01
2.615101876415793503e-01
2.695501441336932702e-01
2.384309109414737282e-01
2.250658894888787065e-01
2.223615534487688450e-01
2.619829905908350742e-01
2.734434540607035280e-01
2.528588304580233759e-01
2.749543871177901333e-01
2.758863114078506373e-01
3.135652655899169861e-01
3.127446142356420933e-01
3.304874756086827459e-01
2.901266343370014766e-01
2.724307612340283180e-01
2.490294460346470229e-01
3.039327069442818718e-01
2.390158665530300597e-01
2.511492614869252904e-01
2.259404943022440548e-01
2.165635890674700859e-01
2.202827050271666531e-01
2.381323169225386394e-01
2.231927286399865429e-01
2.403868631432779235e-01
2.695235152461854522e-01
2.427532827989210829e-01
2.639779456471337826e-01
2.473996101704917516e-01
2.297923143456009065e-01
2.469720941608721521e-01
2.602120867594009401e-01
2.488239026526265774e-01
2.184741092178631161e-01
2.276289607524394909e-01
2.349577724121451883e-01
2.763767549689413738e-01
2.637024428513978225e-01
2.628420456239481950e-01
2.914293082117481726e-01
2.707764842497578650e-01
2.553870834665144529e-01
2.358902239374147114e-01
3.012558479159285763e-01
2.693037203438058969e-01
2.676339025816176220e-01
2.697561277689334291e-01
2.437106000994958277e-01
2.645104815238963902e-01
2.606334189454664885e-01
2.271209565219941551e-01
2.548281475030284571e-01
2.406029695872917151e-01
3.024046056296283425e-01
2.634822394633221654e-01
2.881386694124086767e-01
2.920357389390588199e-01
2.635131100171032581e-01
2.577746958569483993e-01
2.607423202582617172e-01
2.340369074104397540e-01
2.431936182918007783e-01
2.422026599996195684e-01
2.488373866120839883e-01
2.340460539997656908e-01
2.427480695894143892e-01
2.772067321424275255e-01
2.534514390611576906e-01
2.447229529868694409e-01
2.717353987198411480e-01
2.754159098266292793e-01
2.632653096245557989e-01
2.677215698004276612e-01
2.677173437738403772e-01
2.423665732474414858e-01
2.531488809599567458e-01
2.583351719734601759e-01
2.584896693500339238e-01
2.920233803993183552e-01
2.629457487622635647e-01
2.451906379992825624e-01
2.452285926205622080e-01
2.268444187100793208e-01
2.524133920612779969e-01
2.378607338210263766e-01
2.861201518006704081e-01
2.471619878669898684e-01
2.779702752830132129e-01
2.372137257592408510e-01
2.331334871996522673e-01
2.607123561727630601e-01
3.034485550736652493e-01
3.043905820042585031e-01
3.056443007256704480e-01
2.909490144934519518e-01
2.682972297035158826e-01
2.683015156011087643e-01
2.735904080858437837e-01
2.618146691471017196e-01
2.837089195174417044e-01
3.290742073357810771e-01
2.903103052225082248e-01
2.826340177401259757e-01
2.833783715782556833e-01
2.868200306963016866e-01
2.526005927056216849e-01
2.886630338547550023e-01
2.772497511482102661e-01
2.346005108809337547e-01
2.604592338381352401e-01
2.764479233578195916e-01
2.825693875731918325e-01
2.942887849195595096e-01
2.497947568497966009e-01
2.302284608259835552e-01
2.453491769546094770e-01
2.807993449832814625e-01
2.420590788078249012e-01
2.554928053880365924e-01
2.744670073983511149e-01
2.902629937067197630e-01
2.656210700396051116e-01
2.768920361808617225e-01
2.827959788999435675e-01
2.531043367740777317e-01
2.793515213558639965e-01
2.935819397786287310e-01
2.674805365957180214e-01
2.829416894232573143e-01
3.157663708888583387e-01
2.869777423390706961e-01
2.921242940400771149e-01
2.920917048578880459e-01
2.972680952524753284e-01
2.997293985916119063e-01
3.098205849966391701e-01
2.771554587333389663e-01
2.400784172824580731e-01
2.545883199239821759e-01
2.379826584018584767e-01
2.403383418888940526e-01
2.480975550678628794e-01
2.262812610485984421e-01
2.587806107061584315e-01
2.739219362920510825e-01
2.397283752575500304e-01
2.638493181083853556e-01
2.461340647172492735e-01
2.498016546777603597e-01
2.396248009192446238e-01
2.248067601874545740e-01
2.248207679367148493e-01
2.634472024006190849e-01
2.251621448185586460e-01
2.239263554164461212e-01
2.279202563316509167e-01
2.792331653550122472e-01
2.893520087556921694e-01
2.442388496585757851e-01
2.481379940177480814e-01
2.657120486414151772e-01
2.745302301668940959e-01
2.721738988896866274e-01
2.591448988777336204e-01
2.499314778234571488e-01
2.477224816814616315e-01
2.531802827921988408e-01
2.344718327525102120e-01
2.712256992504635256e-01
2.689873967585462156e-01
2.400388928569124614e-01
2.320346000253256935e-01
2.637969326263410741e-01
2.509300323777647335e-01
2.728110238140797339e-01
2.772581025088911577e-01
2.542586145667378728e-01
2.725071911416925285e-01
2.739774126961657119e-01
2.664878181710633176e-01
3.122425725407997343e-01
2.934477690023912788e-01
2.755683845105726393e-01
3.179600258772712906e-01
2.766806353832477194e-01
2.696871917300468491e-01
2.608313057286565928e-01
2.672062019316084336e-01
2.714214801838595870e-01
2.558241179281989797e-01
2.641215597062915865e-01
2.765127025726267784e-01
2.594004526855643311e-01
2.665312781655010399e-01
2.636059804021962383e-01
2.712945925652989754e-01
2.195266153687849831e-01
2.424206372093974104e-01
2.077508602656917558e-01
2.530637348279479171e-01
2.699260240029435765e-01
2.470393150419044892e-01
2.688014945915224163e-01
2.471550571101146510e-01
2.515864451192597606e-01
2.452808319244139945e-01
2.381833816792963410e-01
2.628249320672164102e-01
2.358721160469938738e-01
2.452173373812595591e-01
2.736102944048851571e-01
2.811045000474419742e-01
2.587318232936505202e-01
2.594950785589352216e-01
2.614238342282012018e-01
2.697160683193451924e-01
2.491219862619661607e-01
2.270134134709703433e-01
2.365468544796160144e-01
2.214892701802114450e-01
2.663407986852465159e-01
2.864912250460968646e-01
2.906585460884060224e-01
3.020458924590739280e-01
2.878654110922672094e-01
3.057891894689339085e-01
2.968672867459901665e-01
3.231508891447542609e-01
2.752009781375301389e-01
3.292399094775771973e-01
2.899120255878483432e-01
3.199824459205689586e-01
2.941090368307570091e-01
2.574932951407735704e-01
2.530158432310813388e-01
2.589188289671949805e-01
2.441928649999640932e-01
2.705112789123954586e-01
2.774228443704873648e-01
2.753610790898995409e-01
3.200338491578052502e-01
3.073239204371444599e-01
2.711590572653017617e-01
2.667202190907063675e-01
2.573139580799844728e-01
2.153868818898743709e-01
2.980237998448626024e-01
2.496291401887875683e-01
2.762719010508346562e-01
2.634596861235355414e-01
2.650669132576505826e-01
2.758115846183549213e-01
2.811204816888994706e-01
2.127681295173925735e-01
2.458053218972362786e-01
2.247425325788083017e-01
2.257942319636126183e-01
2.414285729342467157e-01
2.372263966671387669e-01
2.347248480233980195e-01
2.301638165001519964e-01
2.287895817270504395e-01
2.433774543113787214e-01
2.401058311278732593e-01
2.314556700938744382e-01
2.234921777665797027e-01
2.127727453599209118e-01
2.501441439981537118e-01
2.510159924875849380e-01
2.613634735532190390e-01
2.372890008033025633e-01
2.676182609749286900e-01
2.684605695091678568e-01
2.393705675022461399e-01
2.402269892417464858e-01
2.565489177697377610e-01
2.331453344453291165e-01
2.667261008480241169e-01
2.500221916380699350e-01
2.256770934273576168e-01
2.072699584124126360e-01
2.465831478915368469e-01
2.459664195640491602e-01
2.543938256788162433e-01
2.549638090014491598e-01
2.502946799950680479e-01
2.575882308009998511e-01
2.567974546912888401e-01
2.628476331007749689e-01
2.385753354953168703e-01
2.461781476822790249e-01
2.533959668000082543e-01
2.401968038848015241e-01
2.423397594303778602e-01
2.400428357551432912e-01
2.354611042603312054e-01
2.287535533110995056e-01
2.224344955314398742e-01
2.711197128788032096e-01
2.915649556920184016e-01
2.772044316330354308e-01
2.306898450501261855e-01
2.444166563509589385e-01
2.133021140342770683e-01
2.600589650911749318e-01
2.455670991260951452e-01
2.517653476398638013e-01
2.466796233614109990e-01
2.963850070452088703e-01
2.801577520478102379e-01
2.585034369378051422e-01
2.450889570214050406e-01
2.671736824409270961e-01
2.821697881366682648e-01
2.879167323979783255e-01
2.555623286217082457e-01
2.616808436241429558e-01
2.911015669096841396e-01
2.772497813551211832e-01
2.953546879935320391e-01
2.674771653797126114e-01
2.683908360797091497e-01
3.029776212086789378e-01
2.706489798127331703e-01
2.839924286674017639e-01
2.669775937191833926e-01
2.317051129036066526e-01
2.763996427112425658e-01
2.686411165959290415e-01
2.656447900148353747e-01
2.476424837477245178e-01
2.688305935593114926e-01
2.653806211561600126e-01
2.612609173491664549e-01
2.750811932087903200e-01
2.556605563407046700e-01
2.527748686978500969e-01
2.643428729843457226e-01
2.384830890218263277e-01
2.190802903997967899e-01
2.136441866910605281e-01
2.136638237467247403e-01
2.197131043473874445e-01
2.235819043383265869e-01
2.055543398514370346e-01
2.247399390961611343e-01
2.560950729604344889e-01
2.668923955605019827e-01
2.417800748364697938e-01
2.643198275542260611e-01
2.305252677372904291e-01
2.287004454986476254e-01
2.841906169543255145e-01
2.700348977574072995e-01
2.610587302455195102e-01
2.581496452865472135e-01
2.243375859223926405e-01
2.898439318485138139e-01
2.622480529278007899e-01
2.676157959262973063e-01
2.728572776655536769e-01
2.825019215117478000e-01
2.702810608397105963e-01
2.879712048697069537e-01
2.825705453583460813e-01
2.919876265988399777e-01
3.141226354162656720e-01
2.695173090478779621e-01
3.003732674053208318e-01
2.833566219201995029e-01
2.393402894857937224e-01
2.527272784757820800e-01
2.678727392362054149e-01
2.692915237882311796e-01
2.884801408835214187e-01
2.653743502620645178e-01
2.595263075953584408e-01
2.547430078710083978e-01
2.939909271906885890e-01
2.976378116470327351e-01
3.316065339994377359e-01
2.910634663529946820e-01
2.430518777962638322e-01
2.650992932941867442e-01
2.548255200759099726e-01
2.639871404822644596e-01
2.916594183079694869e-01
2.653812599155590535e-01
2.802188274454601169e-01
3.214475196015867398e-01
2.943710012731517445e-01
2.618637522783284211e-01
3.119766554161241268e-01
2.683242338554024387e-01
2.643812180223648056e-01
2.565059128455742798e-01
2.546775647930006881e-01
2.598302190732215133e-01
2.578409003080832651e-01
2.448673239883879804e-01
2.376720186670387425e-01
2.748466531939014468e-01
2.533535459470824813e-01
2.736070063218392634e-01
2.798849074693238181e-01
2.778244160018461528e-01
2.490227733888960016e-01
2.262030088830403463e-01
2.706658210997407998e-01
2.868675839493645130e-01
2.684051539914564244e-01
3.142637554619229778e-01
2.982686995940658781e-01
2.756957070416610200e-01
2.581930681902826485e-01
2.399683556774408755e-01
2.319915929018329936e-01
2.279481229660834385e-01
2.481524826895369906e-01
2.341460752143402213e-01
2.294257677651260208e-01
2.294268689694881624e-01
2.272180580425457175e-01
2.340772081290262430e-01
2.417328914217770353e-01
2.605852837005288580e-01
2.395370323280237301e-01
2.433516303992544760e-01
2.843245975418743909e-01
2.707519132932009742e-01
2.770230626942717933e-01
2.732500441398607594e-01
2.675334256726544235e-01
2.482969168233773172e-01
2.369819140198200502e-01
3.042256931010486887e-01
2.656797328275322667e-01
2.338937515536807787e-01
2.420403957317941723e-01
2.647060526861448326e-01
2.754177645111829387e-01
2.778600050650021358e-01
2.442365146440419466e-01
2.809990604305704909e-01
2.542249163339398432e-01
2.675758711262616885e-01
2.833674906154386441e-01
2.754120774969980867e-01
2.435027226844402037e-01
2.562176545376702586e-01
2.400894277908261487e-01
3.098814666451940036e-01
2.705315660857812166e-01
2.368139784272828008e-01
2.564341228216299728e-01
2.520115950050922926e-01
2.649711173072122894e-01
2.594756759129167589e-01
2.792424680535213755e-01
2.644760110183276836e-01
2.645491975984785027e-01
2.574533387817908303e-01
2.865405518658669659e-01
2.754328051376140341e-01
2.273196343234989425e-01
2.248172477301861871e-01
2.394113464524460499e-01
2.871933625555798675e-01
2.520629288593276285e-01
2.470383111233911411e-01
2.761298288347912022e-01
2.394244415508894053e-01
2.469635484513411083e-01
2.477901225310168709e-01
2.884401065031049205e-01
2.699983173978210416e-01
2.449774677006842372e-01
2.357726962757827338e-01
2.465714524841311206e-01
2.561818920258317478e-01
2.483903345248033856e-01
2.250668104751704646e-01
2.922949016228337804e-01
2.923666184453773131e-01
2.359080129114812518e-01
2.437701466681927998e-01
2.750141831320678798e-01
2.547419818958059912e-01
2.634764772400189359e-01
2.832301524286106043e-01
2.755772867272293647e-01
2.464862059958854712e-01
3.089438958686372416e-01
2.621732826272249461e-01
2.724958593519387073e-01
3.002448891345232407e-01
2.897024978241573012e-01
2.430735759248940919e-01
2.509391693613112762e-01
2.672399171523097694e-01
2.530355115417482481e-01
2.522113428002537572e-01
2.355734032477127815e-01
2.383946185199538048e-01
2.850211427162159805e-01
2.639008467942255964e-01
2.946929513791793354e-01
2.358625867941738508e-01
2.458037239428390308e-01
2.474195440171016724e-01
2.597077097839749493e-01
2.344275358926288799e-01
2.514681733886217074e-01
2.570437688154549871e-01
2.226507934416405987e-01
2.367242655377071736e-01
2.723754503380061420e-01
2.768555193580550799e-01
2.674476945105478953e-01
2.582554365510402183e-01
2.495560426299396062e-01
2.890665064523362804e-01
2.474217328946707872e-01
2.736844233441273477e-01
2.674647239974938251e-01
2.510470356022044269e-01
2.377582540817189671e-01
2.389004868843469798e-01
2.496045272923257674e-01
2.338153611868079296e-01
2.198331446690886259e-01
2.261118216015795546e-01
2.637138900628903104e-01
2.439939958257905106e-01
2.488709587588893990e-01
2.482986423927683040e-01
2.637151424758189533e-01
2.647757043111110820e-01
2.757084072405220354e-01
2.655856041840261583e-01
2.706181628273752193e-01
2.838587670007569619e-01
2.973653192259367861e-01
2.865424068373567112e-01
3.108780251512538451e-01
3.061810254326665093e-01
2.997074763561361488e-01
3.184118096384089269e-01
2.918987924531174505e-01
3.228330646228635414e-01
2.989993961660270538e-01
2.797829203654114694e-01
2.881933802995867433e-01
3.407748564785378353e-01
3.559381150708806341e-01
3.028489877408969688e-01
3.205535221097257081e-01
3.022618298174047369e-01
2.948538225197273599e-01
2.723412365840341964e-01
3.089349166189929163e-01
2.747136390599222433e-01
2.823118276584878905e-01
3.048854856224073595e-01
2.570682719406519601e-01
3.199221417283104052e-01
3.093098049034454511e-01
2.573337959962689880e-01
2.773833655176005664e-01
2.745559843380967480e-01
2.662595068909339169e-01
2.532189963938809574e-01
2.799589118437058044e-01
2.533116178362643245e-01
2.300321583730829123e-01
2.493626597081764484e-01
2.576894307649140736e-01
2.775087641652436710e-01
2.423901841313583772e-01
2.519572879078525451e-01
2.402424992774863655e-01
2.517784950862090865e-01
2.215870968930155338e-01
2.443252666720512611e-01
2.434009638398524078e-01
2.509103269089266175e-01
2.213030893928800980e-01
2.313436584211298885e-01
2.259476000666453266e-01
2.657528708392333794e-01
2.443332054819928323e-01
2.495951640878329714e-01
2.819841150918936390e-01
2.418258753997037658e-01
2.902341988747070278e-01
2.803929498358431749e-01
2.723868799287691989e-01
2.299617579261608313e-01
2.806213181300209469e-01
2.616489418551765089e-01
2.607644612785007254e-01
2.391565244435799320e-01
2.476513051847404889e-01
2.757617860637888163e-01
2.873185523094927696e-01
2.685395689966857402e-01
2.801514658862909735e-01
2.624036086186635197e-01
2.617301791392643850e-01
2.994910368603662665e-01
2.941045956437179920e-01
2.496382433613302809e-01
2.465027177578270057e-01
2.366909600090707222e-01
2.757288752670399301e-01
2.889376663072114049e-01
2.623404218050444658e-01
2.442426812061220809e-01
2.530325404775713993e-01
2.529443475199544267e-01
2.619997842491869067e-01
2.493770230422444611e-01
2.780971576082021390e-01
2.674452459241687396e-01
2.742685103771953514e-01
2.894955138713147247e-01
2.509674207486912167e-01
2.781431885836878060e-01
2.752218113621689999e-01
2.866170587088768817e-01
2.698118571043573444e-01
2.482982182447539266e-01
2.525232505696889951e-01
2.828384849328474671e-01
3.046957228582627408e-01
2.819979476814449826e-01
2.573437911212668738e-01
2.833755934781720387e-01
2.622273002059150593e-01
2.536903104936760189e-01
3.131086454050398538e-01
2.524799822161610252e-01
2.385768833155595126e-01
2.458308380964542295e-01
2.565350688518772126e-01
2.989237623463601445e-01
2.914295871977881647e-01
3.146034887908024102e-01
3.140015093853938399e-01
2.654956830035550830e-01
2.837695309123401399e-01
2.830832031946824978e-01
2.832921674137741097e-01
2.755663266327342820e-01
2.632662968750304477e-01
2.448956899278781907e-01
2.363519276080563170e-01
2.359213890738017239e-01
2.888328899593018417e-01
2.729794169059788222e-01
2.260656275089831246e-01
2.479217413526572933e-01
2.554073065971066980e-01
2.656024466967444320e-01
2.415371940994068822e-01
2.509764280589003582e-01
2.540133595081646711e-01
2.704775651014639792e-01
3.009932990656514207e-01
2.637151767915485445e-01
2.559860443587358980e-01
2.745727661379437912e-01
2.264367841580438856e-01
2.550527397931878770e-01
2.572120654260432460e-01
2.256367025999198583e-01
2.505339481385100431e-01
2.706406874732499857e-01
2.500539542797011738e-01
2.661128645306709561e-01
2.789150926334413860e-01
2.933779250002956918e-01
2.882762390945712294e-01
3.173008719764927044e-01
3.238579092080151600e-01
2.792475518121796951e-01
2.611300765247682731e-01
2.837043305409827076e-01
2.832805812937500001e-01
3.000399323067937662e-01
2.669121463263172678e-01
2.876765691095913291e-01
2.506829428720492858e-01
2.971783996233989256e-01
2.765952532662697694e-01
2.490493128825066182e-01
2.841904893350925554e-01
2.890983062673520010e-01
2.938862565168427476e-01
2.899498794046113659e-01
2.744173316715801669e-01
2.427855414435807491e-01
2.515841715376958554e-01
2.421255857225151076e-01
2.338947315683722883e-01
2.788479120745017137e-01
2.456309601995345093e-01
2.327027879988131376e-01
2.584472889600771262e-01
2.444971007458755508e-01
2.577154125545368379e-01
2.588641358150614025e-01
2.665375761056493764e-01
2.381548680070175728e-01
2.715084636028141651e-01
2.609605130742431167e-01
2.665777753163997010e-01
2.597522661108297992e-01
2.513710410485490154e-01
2.733211994824115698e-01
2.909705074016595283e-01
2.645455275531424233e-01
2.644685704197603515e-01
2.789404852021209469e-01
2.825080464136504044e-01
2.708229470367551350e-01
2.640411360827019105e-01
2.727837108963389601e-01
2.563223729668052675e-01
2.511246126144106028e-01
2.499686983662081918e-01
2.299704449490213021e-01
2.410624363999893105e-01
2.513966796994429598e-01
2.438298595120078904e-01
2.676040231104805933e-01
2.676869406822366404e-01
2.644029380037982158e-01
2.423544268625853204e-01
2.441409597333704384e-01
2.603312338425643468e-01
2.487913567279858573e-01
2.585709549651976635e-01
2.519237960254900321e-01
2.514829837849492655e-01
2.379667524068803663e-01
2.333178019662901226e-01
2.744940175627509915e-01
2.746863916035240383e-01
2.814973230025108464e-01
3.028259218485046533e-01
2.534418385358660486e-01
2.635078228044637205e-01
2.597835233138171551e-01
2.450913491750830453e-01
2.893755056653296576e-01
2.624875057132550205e-01
2.400880451146689409e-01
2.405537367055042564e-01
2.129954133470776945e-01
2.395511607643563134e-01
2.406705889642232477e-01
2.430096238026906719e-01
2.506617525201260133e-01
2.773964978123319436e-01
2.683463762924351848e-01
2.557852628195131928e-01
2.883162980503909956e-01
2.571499471671209736e-01
2.768750449333355901e-01
2.492597400980666733e-01
2.775795900872376487e-01
2.951700508098786258e-01
2.598066565842473419e-01
2.607354335692417813e-01
2.379343147167114758e-01
2.431477941294009626e-01
2.514904124390561768e-01
2.359637945102383561e-01
2.320441598220844559e-01
2.362007157158076964e-01
2.403126288247517672e-01
2.374007578971733257e-01
2.799419261107992662e-01
2.513068199291766391e-01
2.397480961850129155e-01
2.692413364238933071e-01
2.334584094770568163e-01
2.238686816683307101e-01
2.638510082971772253e-01
2.613444806360281647e-01
2.876274547573893781e-01
2.585520502813393739e-01
2.913936318161732819e-01
3.144045165438700828e-01
2.784497219137608282e-01
2.444906838034089647e-01
2.480981935267960459e-01
2.482108159263102520e-01
2.583960267122954457e-01
2.561076871991821435e-01
2.621520432481409535e-01
2.743074848397001886e-01
2.645655838194452825e-01
2.935969383410229061e-01
2.557896415484590125e-01
2.541210202067824553e-01
2.790868699510876128e-01
2.583104347486585017e-01
3.123733410382858455e-01
2.841854165513281738e-01
3.358688053099346815e-01
2.885343504313787055e-01
2.831641270667216714e-01
2.991154733623546669e-01
2.801978792781775196e-01
2.644363999423453016e-01
2.426587659937388952e-01
2.687863384239566056e-01
2.471726551198491773e-01
2.659036979043744586e-01
2.911973705710839688e-01
2.557128715136854358e-01
2.363939650681516347e-01
2.732371063903379915e-01
2.723019891866484965e-01
2.538078445986542975e-01
2.740738867963710135e-01
2.758595409846650859e-01
2.348744128119837349e-01
2.258360064171821002e-01
2.316538733687775742e-01
2.529746997206187564e-01
2.684748376292673822e-01
2.954368904710875099e-01
2.686951411195975248e-01
2.683799279396995030e-01
2.743088001204723181e-01
2.944368552905804459e-01
2.892225269469391180e-01
2.537447417801125815e-01
2.617626213788675771e-01
2.762111792435705260e-01
3.054829647022884731e-01
2.885796752088919392e-01
2.838943476661086041e-01
3.026470710151011323e-01
2.678884681623764363e-01
2.597690802572422686e-01
2.768331113477559002e-01
2.713234517755228059e-01
2.688092228524776028e-01
2.829368609663880929e-01
2.826659324858344369e-01
2.674432728782160651e-01
2.681818111714171504e-01
2.595936364030105858e-01
2.540333071057018777e-01
2.625444088660495168e-01
2.631979335272051079e-01
2.584228252155491012e-01
2.451445062995536162e-01
2.660688054262693725e-01
2.701497860379706295e-01
2.713954674309561610e-01
2.565565492622463029e-01
2.604495059348159725e-01
2.596203704951272617e-01
2.570900792885409958e-01
2.563400488644732023e-01
2.403008691631970395e-01
2.387645879697987417e-01
2.753765371399288231e-01
2.475829361762610648e-01
2.164919707410895289e-01
2.352824055292820626e-01
2.440283969044216017e-01
2.257787385999116547e-01
2.303777227206318390e-01
2.408215851544884822e-01
2.635138139507821609e-01
2.750549987532532326e-01
2.800528120387833497e-01
3.051903035566587707e-01
2.887984585678912697e-01
2.957629764009876427e-01
2.887257592342574175e-01
2.963309114175320391e-01
2.894672584598246279e-01
2.847269247556282190e-01
2.738927009909888355e-01
2.691483586108603943e-01
2.591885243131061833e-01
2.544036469317063065e-01
2.456097689369911297e-01
2.573573794990082209e-01
2.444398587588938188e-01
2.425724241300070416e-01
2.813453773285273796e-01
2.470250470799122966e-01
2.386528126190599064e-01
2.612903646977449701e-01
2.582380124556700740e-01
2.679773432036717251e-01
2.469399401804962813e-01
2.277572467950650381e-01
2.453823267325580537e-01
2.308095592651814854e-01
2.497348796441293817e-01
2.756920428923821942e-01
2.280731423239562572e-01
2.313508433843703416e-01
2.225295603344519257e-01
2.344110062838599684e-01
2.604686397459223812e-01
2.683551686094180488e-01
2.936079690096422556e-01
2.430627104183162579e-01
2.405816192450329349e-01
2.668164929096079052e-01
2.740983788390345399e-01
2.929961029337674883e-01
2.551803015310806777e-01
3.063624230399312198e-01
2.399129800252101097e-01
2.461177468892621900e-01
2.533944499735621414e-01
2.664192670101322435e-01
2.743007624250307086e-01
2.333219465328776054e-01
2.735236682461888447e-01
2.620189519349811480e-01
2.806787451578112158e-01
2.609021162040811581e-01
2.612348492504805719e-01
2.434017812233897071e-01
2.635131559268586443e-01
2.692520610111793222e-01
2.423242365985244506e-01
2.338232239402611434e-01
2.818979529521767335e-01
2.582954997019535903e-01
2.462162464813665297e-01
2.701551907804126129e-01
2.675614660705972203e-01
2.537058476829869846e-01
2.495379823405107500e-01
2.343706132465847858e-01
2.471585774055447549e-01
2.261930676370987880e-01
2.587842541571749311e-01
2.590290709453429985e-01
2.405993352095555926e-01
2.235192676616151175e-01
2.470489299397005123e-01
2.405833020111226017e-01
2.429265317541806080e-01
2.560901994754681277e-01
2.168011853477806727e-01
2.758813751042332174e-01
2.586333221917824221e-01
2.622878852481890788e-01
2.424624296170977966e-01
2.718796240569829603e-01
2.493532863139503730e-01
2.436431116533882557e-01
2.539615156740182011e-01
2.649742589473837451e-01
2.569905360403739736e-01
2.848910663691835987e-01
2.552798852325042778e-01
2.325724725046667274e-01
2.355772620936907591e-01
2.560879499795594150e-01
2.813590207025225554e-01
2.976704079773845324e-01
2.818649180437301505e-01
2.634006291645797360e-01
2.699048536740338844e-01
2.605752911215796774e-01
2.612670014641274019e-01
2.926758267457971741e-01
2.602476358289240732e-01
2.292907939113132676e-01
2.230161003112910989e-01
2.781690836031369685e-01
2.887207576034136469e-01
2.575178382303859315e-01
2.645597231444804520e-01
2.524916888216777178e-01
2.583374122896808234e-01
2.642112322737764640e-01
2.881807403261223977e-01
2.296601845869347125e-01
2.453097563518305824e-01
2.704395509167077938e-01
2.335980655508863579e-01
2.563989250959081145e-01
2.749119915872277886e-01
2.922446087401676107e-01
2.890116316935717466e-01
2.944829097172203536e-01
3.174400607051624523e-01
2.606957339959100062e-01
2.954580808400544822e-01
2.955030416645353930e-01
2.456413869545186757e-01
2.307713704760149809e-01
2.762065657447421718e-01
2.536039255300979178e-01
2.423777987510149778e-01
2.595799025975686902e-01
2.569852239787699388e-01
2.560855950449033025e-01
2.845061792400377931e-01
2.810487831115661139e-01
2.796814278898494543e-01
2.601325408870262534e-01
2.847334566762369512e-01
2.832184349513072741e-01
2.955736344439056085e-01
2.635223772670819420e-01
2.905172230982805970e-01
3.248321873045638686e-01
3.353692762334091193e-01
3.333266070719790308e-01
3.089225652317063586e-01
2.562506066507282965e-01
2.583323059621039919e-01
2.763944332110603863e-01
2.625498391710013313e-01
2.684506247365678333e-01
2.729724112960000282e-01
2.681455433128271393e-01
2.465742660321120217e-01
2.406431632193993253e-01
2.621539319102391130e-01
2.369846687278766573e-01
2.571581576756045706e-01
2.915161445219760505e-01
2.498475379479326852e-01
2.498734398571692550e-01
2.659101598116953014e-01
2.770929950244427342e-01
2.474634078265541826e-01
2.565021023707832470e-01
2.613892030588886861e-01
2.351743925165772631e-01
2.676761868127516264e-01
2.807309186874487050e-01
3.237827936435576648e-01
2.675543945756647113e-01
2.627515870765550487e-01
2.302349320806690858e-01
2.293763194700436381e-01
2.628944246119637729e-01
2.607810614150878337e-01
2.387460768353324436e-01
2.349186973551539159e-01
2.437958215778402160e-01
2.689478017274080646e-01
2.401339436453630849e-01
2.653823979128096533e-01
2.544848163653078976e-01
2.015149062184978523e-01
2.504589174045236399e-01
2.438841816445372068e-01
2.878899651664470483e-01
2.957869682238819520e-01
2.462479665595863898e-01
2.428594780284240584e-01
2.241604341105968012e-01
2.336482254798605829e-01
2.317485761798875610e-01
2.638771823847233522e-01
2.541643212200661583e-01
2.598050003477915260e-01
2.670172987653158803e-01
2.838882026007911730e-01
2.877092031205690237e-01
3.332316876309988074e-01
2.969853173394298440e-01
2.847486044005688721e-01
2.741657377802719786e-01
2.633189249359538797e-01
2.826070903090469599e-01
2.689797728322086967e-01
2.372789804586674933e-01
2.320311237440960961e-01
2.094990088516162641e-01
2.323174216107863621e-01
2.551561227766316886e-01
3.298674237585224600e-01
2.854178083350875639e-01
2.685813808259164825e-01
2.558622987604670662e-01
2.974761035282970090e-01
2.836070788672166998e-01
2.794385874957657778e-01
2.937728372480406525e-01
3.008522279626126839e-01
3.467711443888016887e-01
3.072627850625827550e-01
3.351437868471777159e-01
3.146198848520229685e-01
3.233875054342776334e-01
3.298881593621211805e-01
3.264648864936393058e-01
2.944495666550441815e-01
2.956901966296257567e-01
2.801560696474912349e-01
2.591322974253127964e-01
2.752327904238217604e-01
2.780057512807193043e-01
2.433326095451445181e-01
2.139634406243944298e-01
2.362026576664861544e-01
2.798360783251048756e-01
2.698474400673727680e-01
2.721194130987647508e-01
2.803684814616895782e-01
2.286051784596433711e-01
2.460543665799982127e-01
2.559766725338777915e-01
2.290256493980369346e-01
2.290654785160585460e-01
2.701281458209301989e-01
2.421126812598053124e-01
2.508223464155089344e-01
2.280852491978941909e-01
2.612565163038761962e-01
2.443213209826748389e-01
2.394590069479399230e-01
2.508004197526502166e-01
2.839195256345282692e-01
2.739855948201608271e-01
2.734618977822150243e-01
2.835256465961245587e-01
2.613301193003160772e-01
2.379709885168004579e-01
2.625064782825227705e-01
2.929309581696492026e-01
2.371011461652765551e-01
2.533017643075182179e-01
2.828201927154677109e-01
2.722660708885213943e-01
2.716871397073045147e-01
2.788471722605664893e-01
2.626690563461480665e-01
2.684002456778019075e-01
2.319744231763521680e-01
2.567036387686828514e-01
2.541493392981992727e-01
2.711776121105710091e-01
2.925833331068770082e-01
2.727581305266330580e-01
2.461529343108258550e-01
2.741446791660181459e-01
2.653120428524408658e-01
2.348246447581723018e-01
2.440135405312573724e-01
2.532996805645154059e-01
2.460076887268409229e-01
2.245770370600535804e-01
2.477779679040125749e-01
2.486063819613612835e-01
2.707007874842327078e-01
2.396417721612826013e-01
2.564480054828821576e-01
2.244184320493559925e-01
2.378563864781355897e-01
2.431462848305067648e-01
2.562674393420638075e-01
2.652170060348224556e-01
2.446441647926188012e-01
2.307543903494451432e-01
2.483010538452460336e-01
2.510819099398963750e-01
2.248720485562245852e-01
2.356916902010279535e-01
2.581181363481062641e-01
2.744838267601427129e-01
2.993092283538592580e-01
2.552082503455783136e-01
2.789515756139970271e-01
2.457002550212390724e-01
2.708322181151875951e-01
2.828563952998875974e-01
2.708707748561261508e-01
2.509328645570035876e-01
2.930736499503130976e-01
2.515311352895843178e-01
2.530851941445362296e-01
2.727700509223693892e-01
2.625531356488889911e-01
2.730669908128593448e-01
2.716723698576383739e-01
2.581619869942493040e-01
2.479265045679966417e-01
2.771219783469662246e-01
2.701542959021721590e-01
2.571706662927408238e-01
2.985310769649204277e-01
3.181727171361407036e-01
2.733434798366529694e-01
2.876414189699261215e-01
2.855660693648683357e-01
2.647297242487841040e-01
2.694097893064826832e-01
2.806812859506196411e-01
2.800394592860007137e-01
2.566039431918173408e-01
2.714975812869150351e-01
2.337577437266291080e-01
2.514296127200839059e-01
2.583521778916126332e-01
2.696857714613628554e-01
2.913393390715304232e-01
2.709796483662743061e-01
2.359779054703049217e-01
2.429924144903604644e-01
2.681403583817569269e-01
2.817340780371879183e-01
2.770152241995631481e-01
3.026831853814536122e-01
2.983338975255657721e-01
2.581921502271204427e-01
2.880664881794092191e-01
2.878692249653885260e-01
2.651308090670963513e-01
2.257264696965547435e-01
2.766459433213597774e-01
2.501872197414322097e-01
2.653814180823394486e-01
2.683352944137040730e-01
2.697733140257408402e-01
2.621796106918700686e-01
2.744833237885858090e-01
2.676916297601306116e-01
2.793707568300953237e-01
2.722250936136786925e-01
2.902596349043043422e-01
3.037557699308937598e-01
2.633782032606327705e-01
2.850729962478720791e-01
2.754359800105990463e-01
2.780364499229324715e-01
2.513072521967805728e-01
2.586434969869169653e-01
2.705035007603569519e-01
2.749722807097551014e-01
2.842209749684635467e-01
2.403883668610345137e-01
2.488783507813397411e-01
2.332367434903731829e-01
2.343638940341128407e-01
2.497242143728376496e-01
2.720393903688309023e-01
2.620763433733609427e-01
2.643886323317982678e-01
2.532012493597446401e-01
2.754479062547820489e-01
2.482092564688012370e-01
2.698331008502942163e-01
2.742742616265796407e-01
2.515297539636420221e-01
2.516913585406612697e-01
2.458291238036850734e-01
2.536715080936204347e-01
2.577773944735685108e-01
2.683922541372143478e-01
2.439884816140599211e-01
2.498656328255027537e-01
2.364759504298146187e-01
2.684323807286521091e-01
2.778030848153775212e-01
2.788155237272261777e-01
2.529201861943645158e-01
2.615119366101361642e-01
2.547749365830708768e-01
2.603123115632735574e-01
2.472381977122384833e-01
2.641793656920268241e-01
2.665824508023328376e-01
2.905552538031002108e-01
3.329332787899354495e-01
3.238124840892439016e-01
2.965248293765872512e-01
2.987848842925566739e-01
3.319138535542393575e-01
2.990951132101096754e-01
3.035423722725606455e-01
2.876328972873550271e-01
3.312258774433245456e-01
2.876575655677076071e-01
2.914006417124705983e-01
2.863509951348148785e-01
2.653278840917530634e-01
2.816854107875015334e-01
2.863334057554631773e-01
2.838825865833283779e-01
2.826663549807428288e-01
2.740865852856854690e-01
2.629164252132570323e-01
2.436253870605518679e-01
2.627410990364444365e-01
2.604743527778070611e-01
2.459145601505933476e-01
2.827990623123718406e-01
2.612589237599239333e-01
3.049823125937851653e-01
2.846203639310648237e-01
2.528232195763909784e-01
2.422689984226775173e-01
2.641598104560264892e-01
2.471350621596496711e-01
2.686415702666461458e-01
2.563859694898936725e-01
2.348251150034282586e-01
2.598215760438810085e-01
2.838387212437916696e-01
2.792192196336753529e-01
2.910958564078753863e-01
2.556674653501310179e-01
2.569333909340970057e-01
2.398528849566528565e-01
2.538750957558120191e-01
2.508293491808410436e-01
2.508919600209874035e-01
2.674229840211019282e-01
2.472476100495183959e-01
2.657574194710412563e-01
2.669689652565906957e-01
2.663884103480484433e-01
2.911726554451969928e-01
2.719972204956818129e-01
2.880074765243748613e-01
2.811194184271351149e-01
2.813329181645964350e-01
2.515962239192432448e-01
2.299548742770219090e-01
2.735622888197269953e-01
2.292919953620219109e-01
2.169998577122885519e-01
2.616064653613562885e-01
2.399186767126134379e-01
2.464579066000815166e-01
2.745545921823890900e-01
2.707437820559075448e-01
2.608272595350933920e-01
2.517009732688280654e-01
2.359814242683568042e-01
2.641440179557258405e-01
2.660532888258937412e-01
2.871967866249718893e-01
3.184887723934436976e-01
2.925689560227833219e-01
2.822718262405607415e-01
2.536753886662926338e-01
2.500807178777915696e-01
2.895001861803728760e-01
2.820616661692735283e-01
2.525162225849266751e-01
3.146924077495747429e-01
2.972710445615044383e-01
2.877948254011230000e-01
2.651552303910167940e-01
3.256322611623242436e-01
2.744697569226053901e-01
2.791840026321392720e-01
2.894578674068974400e-01
2.598182741451047217e-01
2.748116621907168433e-01
2.626199741297413071e-01
2.422095476643927325e-01
2.617553809447922819e-01
2.863101079192672538e-01
2.539424300012156910e-01
2.594927247800267733e-01
2.596090428893654267e-01
2.780840956564810118e-01
2.832436279346561281e-01
2.990709468664398130e-01
2.559170745955816062e-01
2.713683967777228978e-01
2.650846904898617185e-01
2.693301641852994255e-01
2.587949383343979837e-01
2.530755635632137568e-01
2.489887703056089252e-01
2.684915386406019344e-01
2.446663626159144289e-01
2.587412801609335622e-01
2.458528250774049684e-01
2.648537903488258349e-01
2.694559963631967259e-01
2.754225074314999300e-01
2.872268882823594272e-01
2.862422148491531870e-01
2.929502504782249273e-01
2.749648558670811371e-01
2.617533157484558948e-01
2.567831068264647132e-01
2.900439495740086415e-01
2.817864617372685676e-01
2.784733282248786357e-01
2.816823032548497197e-01
3.053003855098315733e-01
3.380599334139129941e-01
2.646296193405468511e-01
2.759364856776891362e-01
2.578918771825498557e-01
2.619715993988616098e-01
2.451004498217314032e-01
2.573308983077883250e-01
2.716237440348300836e-01
2.916034478778553041e-01
2.720328957028942951e-01
2.746783296505950211e-01
3.216636692365680283e-01
2.845473016100027452e-01
2.968097018889911398e-01
3.327261881582510017e-01
3.352077411714114441e-01
3.293909809318559256e-01
3.133151492514394398e-01
2.930916765700319893e-01
3.816505181516149925e-01
3.498276874541328962e-01
3.442288989331341864e-01
2.725932159712552982e-01
2.840491795195989044e-01
2.803543155864928194e-01
2.628701097402915687e-01
2.524947103819525918e-01
2.821768917080200723e-01
3.210346024116059738e-01
2.848563838097999956e-01
2.495648477980245139e-01
2.933175927175716846e-01
3.007616234332586846e-01
2.724984134482321685e-01
2.639050424529154060e-01
2.803871660568051372e-01
2.820324717928777702e-01
2.886131431462257146e-01
2.685889023482477267e-01
2.572882777920280639e-01
2.571037500464841141e-01
2.628277875755723469e-01
2.678512849662600948e-01
2.780121827252937106e-01
2.667146604917273178e-01
2.525060796401706886e-01
2.427302124863292276e-01
2.378596432775018643e-01
2.617335628330580422e-01
2.866247012476610401e-01
3.045919346924290672e-01
2.738453699959859100e-01
2.513591388375492341e-01
2.537300655010553685e-01
2.664932694607754504e-01
2.445030546933610605e-01
2.825726874774074360e-01
2.718472849037472105e-01
3.093972603026381996e-01
2.908070015395306518e-01
2.623784964408288345e-01
2.827930734711859850e-01
3.226518840138321575e-01
3.323721230742650579e-01
3.226304440874719348e-01
3.331290689165632424e-01
2.844916366810769093e-01
2.921091743004124441e-01
2.971060087367594083e-01
2.929353207138393200e-01
2.829846049046999545e-01
2.693222068038553796e-01
2.606146223570345866e-01
2.231699428778625982e-01
2.478345624389437507e-01
2.576158625383228595e-01
2.535548805566750219e-01
2.568403016626191193e-01
3.103950389312266633e-01
2.588064112842063946e-01
2.592648338088496263e-01
2.264449480345032406e-01
2.540658122052707468e-01
2.504238750629513843e-01
2.568851862882214343e-01
2.632746329069251545e-01
2.768141627495303569e-01
2.367542183911690301e-01
2.431514998410403694e-01
2.807737824961827888e-01
2.662294311816351677e-01
2.906483685397510675e-01
2.895448092835030685e-01
2.608875671006307684e-01
2.517183257644933780e-01
2.942867854869702926e-01
2.567533664054599263e-01
3.103737991735342483e-01
2.812517532236641915e-01
2.709681019488137110e-01
2.587520508210709447e-01
3.106133607598504653e-01
2.494302011905204508e-01
2.704714290890217754e-01
2.652371138102275205e-01
2.506870661310977577e-01
2.232217910909743419e-01
2.470276910181669894e-01
2.564367865273554092e-01
2.833402114482027057e-01
2.519498316908264646e-01
2.903449810490733585e-01
2.620585660397311001e-01
2.779328115542147315e-01
2.735719620626265169e-01
2.649669596546617711e-01
2.523067361721396673e-01
2.391376839016500777e-01
2.588960224266344534e-01
2.752501225186019806e-01
2.999978711283182164e-01
2.933171880657683417e-01
2.826771774029209205e-01
2.864631826970728823e-01
2.249614179416357662e-01
2.663757460952517753e-01
2.959235043842728397e-01
2.559515394292321555e-01
2.540603358131667822e-01
2.225634132422206757e-01
2.430303039665338283e-01
2.559528188174473584e-01
2.435915155123690723e-01
2.953156643325651753e-01
2.737559620101907010e-01
2.696792138665025651e-01
2.428144228121413839e-01
2.684658601295870084e-01
2.766156932937003377e-01
2.425845434067687989e-01
2.830255151415590475e-01
3.056709685988563963e-01
2.757806778827116556e-01
3.073464576571578455e-01
2.369645777915081741e-01
2.562015398798535015e-01
2.149853175729081745e-01
2.109627251956391891e-01
2.331514600835997431e-01
2.412429302876080983e-01
2.469640394359415292e-01
2.682276909561476796e-01
2.688507520786441729e-01
2.417568824232439739e-01
2.641463913758643756e-01
2.717136615909402919e-01
2.491835350263496562e-01
3.136337683092469963e-01
2.902243705861288214e-01
2.961005823632740230e-01
3.157891807340161838e-01
2.896218856969364763e-01
2.817783004738081964e-01
3.367083851388940618e-01
2.963085142095793212e-01
2.651293106509370889e-01
2.618576855941031067e-01
2.469135860628809132e-01
2.651892615841431877e-01
2.495277408712478773e-01
2.567437795672160017e-01
2.506780751047016920e-01
2.352234739667353469e-01
2.525395672340463027e-01
2.679965197643293662e-01
2.300218844184865052e-01
2.507929485242741396e-01
2.489114874889941653e-01
2.472161782489182558e-01
2.548464970509453087e-01
2.498579950247853954e-01
2.693366445221401784e-01
2.574718067621445394e-01
2.521770492226487193e-01
2.391750581790963448e-01
2.399677708612716898e-01
2.413923773125809802e-01
2.428195811234268864e-01
2.725744616564597655e-01
2.716992265320453681e-01
2.620277112059654634e-01
3.050147040702217982e-01
2.533928025956435626e-01
2.448179843265470557e-01
2.602599942595161808e-01
2.555496057369407437e-01
2.602284529437698390e-01
2.406907433676111485e-01
2.660653009551697257e-01
3.032576273322722393e-01
2.941319660929940238e-01
2.485440672500247861e-01
2.226169038366894726e-01
2.265477950057709355e-01
2.430746086519595117e-01
3.060655658102756083e-01
3.083479110195593842e-01
2.656008622693121213e-01
2.787993643752275097e-01
2.515845221789430042e-01
2.548405264253331692e-01
2.361754694613482364e-01
2.678881606777992475e-01
3.048885586011922944e-01
2.461316088188207352e-01
2.634521022013078806e-01
2.304114493574497824e-01
2.294707819484133327e-01
2.560573355655053618e-01
2.495331975511707046e-01
2.612404581241862811e-01
2.579628535505538722e-01
2.381076217542356377e-01
2.574850957412144759e-01
2.410874429124350293e-01
3.224672363187954804e-01
3.059107579757763262e-01
2.950059278123633444e-01
2.545624909428279015e-01
2.793446471146165400e-01
2.623084748321823367e-01
2.846571503670379255e-01
2.980212317801676503e-01
3.386379427262595221e-01
3.013537046280022058e-01
2.952239506981905737e-01
2.533609704458706924e-01
2.307497881435073839e-01
2.198658153148378980e-01
2.561058636753401063e-01
2.704031098749491435e-01
2.600135988459119085e-01
2.667601641847230365e-01
2.890556725665104909e-01
3.055507161535563343e-01
2.747275240229354321e-01
2.935932055813239017e-01
2.710724393233184815e-01
2.676610934353852445e-01
2.328979235912307655e-01
2.588595054935823869e-01
2.735034315219983525e-01
2.833390109916671395e-01
2.819542907380931385e-01
2.565306979993403069e-01
2.484445721691041498e-01
2.643537518139832954e-01
2.742098377702545386e-01
2.734143419755439841e-01
2.731833323141716341e-01
2.989603855891134754e-01
3.407980784595158186e-01
2.774658934559560697e-01
2.542272674471583449e-01
2.630257048536944198e-01
2.811871216239764104e-01
3.031818922031447316e-01
3.114076692394214807e-01
3.055451216975231810e-01
2.803431918700891590e-01
2.615710046174782866e-01
2.646027065719401272e-01
2.581900555891951110e-01
2.894552056707308529e-01
2.413640043699427640e-01
2.722888535238552898e-01
2.767322485563014633e-01
2.250813895388482089e-01
2.270941258424755416e-01
2.580616876551934946e-01
2.304045401067586762e-01
2.321692871498930444e-01
2.483122633561118120e-01
2.497556457292545162e-01
2.605179491606199327e-01
2.435949153113789734e-01
2.299935949751417685e-01
2.578132010080610437e-01
2.647627719922714395e-01
2.495975062191775062e-01
2.484162315914404673e-01
2.472104446860562132e-01
2.730247393520302546e-01
2.407042249306794723e-01
2.484560306831923859e-01
2.720263343560122005e-01
2.542348116695926086e-01
2.840866792015749320e-01
2.691956309723870233e-01
2.747420202759864871e-01
2.702602091879457991e-01
2.774797637338809464e-01
2.737683301458449514e-01
2.882104895351903506e-01
2.638188685895813124e-01
2.936211528646135993e-01
2.654637270304984753e-01
2.396976210949494090e-01
2.804848134548058591e-01
3.002452250954640856e-01
2.616777917762897476e-01
2.429084591525121073e-01
2.358712668920124877e-01
2.349063699494687574e-01
2.417644783787704088e-01
2.314300839773877072e-01
2.417468496495094599e-01
2.742230566136340530e-01
2.402794092926034686e-01
2.453330825376849045e-01
2.402855860093071616e-01
2.834130540484946503e-01
2.694135960436173649e-01
2.404000073718966513e-01
2.928080564339400338e-01
3.004920233631052096e-01
2.419896471825806750e-01
2.161155801010274657e-01
2.935260931531661344e-01
2.877309736507327464e-01
2.591483453056486197e-01
2.553746325731333644e-01
2.466233894798182946e-01
2.834656002770929994e-01
2.762579305480813430e-01
2.751532011917890985e-01
3.306817513658958374e-01
2.613916438773820072e-01
2.682892005327255358e-01
3.017461413012563209e-01
3.035706389206684896e-01
2.771130593261248443e-01
2.489449535970768568e-01
2.528549088740092432e-01
2.508418244339547520e-01
2.406996848456699756e-01
2.326275081370651754e-01
2.754664602427390196e-01
2.752631253211363371e-01
2.834182227866770543e-01
2.931618158846615030e-01
2.829579475225977858e-01
2.781588101334985796e-01
2.535761044520032370e-01
2.956426994437652001e-01
2.670057677474487190e-01
2.534772360323990226e-01
3.011636636601908168e-01
3.144773539246230598e-01
2.662088686013414085e-01
2.552967489581327021e-01
2.634226978766128768e-01
2.655898278749611596e-01
2.519625022789799274e-01
2.349309800260597492e-01
2.660133631866508641e-01
2.346172727556666004e-01
2.054340165953705555e-01
2.861818618909363066e-01
2.956442244594653102e-01
3.102832992091015818e-01
2.513175094375307284e-01
2.693059585858790794e-01
2.436233032852926361e-01
2.276172460782746598e-01
2.527182813102155090e-01
2.685339019766563307e-01
2.326328839213809008e-01
2.659051788475206290e-01
2.756050994684199340e-01
2.629598944699453877e-01
2.511994184486097681e-01
2.295284470127575693e-01
2.498167103503205755e-01
2.724869921044251742e-01
2.711015176857665132e-01
2.659849568049529878e-01
2.506630966813078731e-01
2.917685226830537548e-01
3.095899871922639379e-01
2.673472266485529270e-01
2.445553914189005362e-01
2.652949909465744383e-01
2.827191914676414064e-01
2.684093807869222248e-01
2.737384164454084723e-01
2.669320189517890296e-01
2.447767081165162228e-01
2.127176096186113585e-01
2.279504328373957722e-01
2.168173357931576228e-01
2.489517042354814635e-01
2.543072712893263421e-01
2.664275032494863304e-01
2.606232216638139088e-01
2.553983157423414529e-01
2.613654148917208264e-01
2.490831123674026315e-01
2.328356249527432364e-01
2.264507712043044851e-01
2.339186929806790216e-01
2.586082701731554079e-01
2.519818942259574035e-01
2.208940211395274966e-01
2.595719760797888798e-01
2.976654766484130299e-01
3.366575437563639195e-01
3.366060122379883612e-01
3.130204826251258843e-01
3.107442124429151131e-01
3.317105163156267578e-01
2.847732874654819724e-01
2.587323597174209233e-01
2.886317013174994339e-01
2.819257315845981604e-01
2.476378201967914527e-01
2.727265511189244096e-01
2.826014050919181120e-01
2.867008657796800697e-01
2.921263350287278682e-01
2.830482096942854020e-01
2.540984914475224454e-01
2.741963798173087108e-01
2.601534470465479143e-01
2.556128345999563733e-01
2.841622210299685758e-01
2.625563712676105554e-01
2.714036924823918784e-01
2.646842555480850567e-01
2.336997514992960878e-01
2.737954184791578927e-01
2.630914162951233370e-01
2.954315713211715932e-01
2.638235307508717820e-01
2.624310320310819233e-01
2.590510772147299745e-01
2.703735308019871719e-01
2.960738750092124505e-01
2.741726142165214486e-01
2.565561742947118917e-01
2.731767961783943544e-01
2.322715029850676016e-01
2.444139627529429704e-01
2.741395877116207247e-01
2.673969481161950212e-01
2.692058862914414319e-01
2.651704016447579693e-01
2.884624987128412976e-01
2.908097934423727327e-01
3.137780844118495671e-01
3.147142422529971562e-01
2.583270738219261009e-01
2.696124288614505926e-01
2.823664321720902315e-01
2.754834522117459161e-01
2.726618508685758058e-01
2.702331341651852958e-01
2.466975274739607593e-01
2.674433847436198941e-01
2.840994693566454288e-01
2.645547538778419416e-01
2.580630723053028985e-01
2.488070450047202287e-01
2.583658283126337163e-01
2.635281566723975955e-01
2.667356755107022637e-01
2.352614769773211378e-01
2.432714890068441438e-01
2.702758500510515360e-01
2.479764383451370513e-01
2.550738724765179155e-01
2.424504535373951664e-01
2.527825114852183530e-01
2.281860174899799920e-01
2.624101810415700453e-01
2.460898622314023065e-01
2.622960163915421528e-01
2.751430168839429924e-01
2.857935403080830161e-01
3.005634360619973688e-01
2.867744468214640796e-01
2.357151970625159521e-01
2.433321691124377406e-01
2.752225545443109933e-01
2.587760625517089297e-01
2.812133255206699101e-01
2.609793676826054343e-01
2.501985017404361189e-01
2.810932710527306311e-01
2.718393073720218878e-01
2.563846191172134970e-01
2.309324217944748736e-01
2.560054978545402427e-01
2.716539558509534769e-01
2.555005395486014685e-01
2.562367146212356506e-01
2.792499276372852335e-01
2.729386990282210435e-01
2.558935176700367631e-01
2.586642737606862363e-01
2.641940380899913676e-01
2.656175327959354737e-01
2.500785757869332104e-01
2.368116702394025830e-01
2.421816195953597484e-01
2.489932471273156589e-01
2.810096584863393532e-01
2.247062103216889706e-01
2.203262158226953205e-01
2.733079184516003513e-01
2.709460884915326773e-01
2.774471247844457200e-01
2.471600139566363930e-01
2.241121809051032643e-01
2.168864794796471762e-01
2.392929750869955408e-01
2.768379669946788857e-01
2.827132712277777848e-01
2.719959163759894660e-01
3.005542519925196165e-01
2.909648224469633115e-01
2.999685460685660998e-01
2.815011192961275888e-01
2.609736928326444327e-01
2.636076941000808360e-01
2.910422244278822457e-01
2.750668900911907855e-01
2.370820149850939862e-01
2.641682427391310317e-01
2.620304850200685931e-01
2.659842767360298121e-01
3.008664581258828630e-01
2.985736988128743774e-01
3.049678809267270529e-01
2.774534180305843756e-01
2.533874444802906578e-01
2.326987694891312353e-01
2.557739382516454052e-01
2.362533855294282892e-01
2.397728206062606782e-01
2.258458109679597758e-01
2.436383555918560651e-01
2.644392764695378539e-01
2.400903370211744936e-01
2.438556356281283977e-01
2.860308311795585201e-01
3.035444440638007668e-01
2.874006105304495184e-01
3.055095164761751914e-01
2.997469759176702442e-01
3.102954962320548238e-01
2.953417331800952672e-01
2.364678475100592259e-01
2.468865427660293932e-01
2.580360717351437017e-01
2.405898452669737453e-01
2.435125010097246023e-01
2.569511951446480924e-01
2.453881089631894108e-01
2.157989706274984487e-01
2.482511421057052303e-01
2.325196606677888966e-01
2.239920085104288583e-01
2.652884168794970576e-01
2.793696630902752220e-01
2.678002892308423699e-01
2.560754773250113470e-01
2.529781615574285825e-01
2.838392354335162460e-01
3.152248262991767525e-01
3.174893104096401242e-01
2.547544469040334270e-01
2.595048504017625213e-01
2.568655904350038433e-01
2.603819110058733233e-01
2.773051661400219303e-01
2.601009270616270186e-01
2.821523013538168589e-01
2.838355545105093469e-01
2.635668053646249009e-01
2.151410346472631963e-01
2.717657367387482092e-01
2.522929827397328295e-01
2.341420628833729145e-01
2.339523585134203332e-01
2.678550247008432694e-01
2.676871943426679112e-01
2.535558341321812459e-01
2.379774843561160425e-01
2.169047439780591724e-01
2.230927755990568528e-01
2.696255733863562876e-01
2.484287545924101503e-01
2.863277212550690565e-01
2.336714968377926471e-01
2.459300800349237259e-01
2.489640049185706250e-01
2.517813200447808764e-01
2.483659570783718074e-01
2.567325283232843591e-01
2.406288369452976306e-01
2.625483968895838682e-01
2.460629840676657187e-01
2.444118657797465233e-01
2.736091215350467953e-01
2.175943652579986620e-01
2.666963549158239410e-01
2.384578107621206366e-01
2.344974212082034937e-01
2.300528231659926537e-01
2.617807562694694501e-01
2.493778164426808108e-01
2.725751955752454547e-01
2.802426703370580197e-01
2.965350050272628213e-01
2.808840770771572348e-01
2.542988491549438290e-01
2.856596984352943736e-01
2.748296145441364025e-01
2.377840903939254791e-01
2.441737799647973051e-01
2.400988646061074094e-01
2.581679884233250011e-01
2.443414963683460672e-01
2.521834254913779549e-01
2.434134965606450929e-01
2.737417728105975834e-01
2.728328211497541567e-01
2.538059870473200474e-01
2.658511032762117532e-01
2.729633934611618296e-01
3.175281513763066887e-01
2.466203383390070947e-01
2.545943658311363156e-01
2.316039189852457103e-01
2.421092375928315943e-01
2.297181061515562450e-01
2.574413099982735820e-01
2.673929711006216015e-01
2.658320096389759635e-01
2.849456512747239878e-01
2.623300213010496540e-01
2.482125047020019570e-01
2.946101620290308420e-01
2.696568061230512070e-01
2.957419282259170501e-01
2.752375022253684689e-01
2.633079507955124465e-01
2.711052986939039289e-01
2.737074096076042573e-01
2.591791722145945220e-01
2.585994289980621530e-01
2.792787500335551232e-01
2.781302537415313858e-01
2.507074018239034419e-01
2.587965432193896631e-01
2.860269446041232011e-01
2.474229947691725662e-01
2.521673021028714157e-01
2.457308443183193469e-01
2.425592081523112453e-01
2.456786554018769719e-01
2.569626860808507662e-01
2.801010376616998032e-01
2.624067835684072425e-01
2.995319677065464981e-01
2.917481597948457517e-01
2.985936854882951241e-01
2.598051551357892786e-01
2.718127000879237976e-01
2.767738112870334333e-01
2.695454463852841043e-01
2.756710139086790412e-01
2.783489298752322982e-01
2.439525999359240249e-01
2.438000402665396749e-01
2.880916004277281339e-01
2.562311735413857483e-01
2.462070716363559675e-01
2.828928670095620657e-01
2.656725866190970953e-01
3.457016138334978450e-01
3.014004722730316277e-01
2.574311763328558933e-01
2.883990821607521626e-01
3.037977363262630570e-01
2.792527983149518112e-01
2.668562607160665512e-01
2.722536458898476841e-01
2.721985009076703932e-01
2.522951683987904037e-01
2.720212320036389797e-01
2.854124132252880974e-01
2.714008745569989611e-01
2.697575143907538497e-01
3.023840419167307947e-01
2.755477461625874258e-01
2.469950365179167107e-01
2.908306742531615030e-01
2.560307927185393462e-01
2.799342172079208324e-01
2.714497047307050104e-01
2.628350624172008931e-01
2.890375084227796432e-01
2.632962497516552203e-01
2.900165697172592538e-01
2.907602453291824318e-01
2.919304723112440825e-01
2.652410313356574623e-01
2.460800242992848830e-01
2.992476689325332395e-01
2.740840340167465250e-01
3.110214440597423025e-01
2.883843009495239418e-01
2.776759767868475781e-01
2.898187869594476274e-01
2.443919777223989565e-01
2.572577585657808141e-01
2.616189732159900361e-01
2.308872869403735817e-01
2.670742426350068421e-01
2.414502710220903514e-01
2.638269282136445071e-01
2.605255501746595037e-01
2.735466340121084361e-01
2.655156381353549477e-01
2.702885979946877404e-01
2.560689894219807528e-01
2.654665576042248287e-01
2.442550586774489552e-01
2.535687496423646436e-01
2.514867129385366940e-01
2.549782004036524330e-01
2.746003065111213282e-01
2.870291624840712874e-01
2.740679401124763714e-01
3.375295793153158530e-01
2.818450578700505416e-01
2.888005849230074751e-01
2.801969046740350189e-01
2.315377738835481813e-01
2.481159628576654341e-01
2.797393419936369807e-01
2.436907094394605289e-01
2.755004678692863362e-01
2.672359751430468111e-01
2.603995562346020920e-01
3.047655438088075486e-01
2.829316859192133049e-01
2.811543713940908851e-01
2.731602639750177475e-01
2.357158995880785923e-01
2.508465805004959082e-01
2.286318065983303227e-01
2.754877936328599675e-01
2.663924342545866963e-01
2.267178617881674130e-01
2.456552966606842525e-01
2.577685002608642306e-01
2.789794939940638541e-01
2.388244573449910813e-01
2.217199781769891020e-01
2.669040655041791665e-01
2.484781929504012721e-01
2.573553379310307143e-01
2.447749117114457751e-01
2.767312767381897576e-01
2.615188620975779088e-01
2.191254339545013474e-01
2.566352966814657299e-01
2.511475421079735759e-01
2.419478001313468685e-01
2.424279300161030493e-01
2.607175714157639601e-01
2.768044558274643796e-01
2.575889058775020501e-01
2.527494240832684480e-01
2.433013605818832026e-01
2.640214903373278021e-01
2.359651392965535222e-01
3.006835039446091318e-01
3.004692185633617840e-01
2.994883814215217877e-01
2.702561716923470025e-01
2.289443154112548451e-01
2.476283069388751368e-01
2.275685323156922402e-01
2.061700300303287436e-01
2.413039841063175373e-01
2.541917777115995647e-01
2.541223126184480319e-01
2.504264214127749910e-01
2.544989881408607491e-01
2.777867828136805217e-01
2.526261219709959871e-01
2.834920349966077446e-01
2.588628378799332497e-01
2.453272740227565585e-01
2.289235322436113385e-01
2.324611130309974794e-01
2.112496303638697059e-01
2.502677308359610442e-01
2.467627150941465453e-01
2.425513191517216227e-01
2.555420340692515779e-01
2.483176733321110774e-01
3.330195288840491208e-01
3.113288115772726572e-01
2.780055085348699384e-01
2.504334042848161967e-01
2.848742453891814908e-01
2.701584598287323780e-01
2.402769941929147335e-01
2.873694343383234040e-01
2.605700749755752166e-01
2.673794751125121993e-01
2.461756894434277421e-01
2.422173386484386404e-01
2.364890094092687023e-01
2.896320266923997910e-01
2.809732340626209801e-01
2.505724808040320495e-01
2.720903864505677672e-01
2.519830525069399751e-01
2.447360800995081187e-01
2.567872962648112267e-01
2.665050470785075842e-01
2.606891790519607066e-01
2.649582223041647699e-01
2.659399177207595888e-01
2.721720092251470602e-01
2.557391092199540195e-01
2.599836859944111289e-01
2.482249476525452692e-01
2.369490194699628571e-01
1.901586933878179064e-01
2.294785454147342807e-01
2.427850901222380897e-01
2.319639533614163973e-01
2.253575481596480079e-01
2.222275999720880746e-01
2.606363451584147173e-01
2.412253049805266059e-01
2.590581837882698912e-01
2.340287796569378020e-01
2.444445269322249592e-01
2.376771545971270161e-01
2.477631181777505687e-01
2.445523945286760814e-01
2.158746339373840972e-01
2.291216075792045781e-01
2.396912717102911983e-01
2.238594920854033166e-01
2.455606170808726507e-01
2.627250959125216334e-01
2.528636885283746527e-01
2.704738367436170798e-01
2.798883994301279432e-01
2.319844990930755579e-01
2.644011048592174173e-01
2.216231733759017053e-01
2.555911658676218723e-01
2.639689270062560156e-01
2.644277812088569601e-01
2.586043470762097174e-01
2.710012396028116943e-01
2.755949840900511205e-01
2.821672178281650623e-01
2.501083053735390083e-01
2.448128490825592363e-01
2.866937679622080792e-01
2.683134893360173412e-01
2.989077021824889102e-01
2.727696748359785262e-01
3.279080561222779688e-01
2.833065830706329447e-01
2.454250822253132569e-01
2.708160958470593460e-01
2.690290387770647995e-01
2.487297228545130301e-01
2.561631838193459410e-01
2.403650721558878989e-01
2.476316142042449819e-01
2.460862929925000941e-01
3.035322389168753632e-01
2.513900950668405687e-01
2.301898409854100658e-01
2.432298876508441066e-01
2.760688469971569470e-01
2.470095976416807060e-01
2.525232585143666331e-01
2.727285250136700645e-01
2.489942108979711910e-01
2.750304921191664143e-01
2.910726013332785023e-01
2.460398303617332971e-01
2.956978592467155442e-01
2.539622497795751555e-01
2.459956650134804135e-01
2.801515563290001842e-01
2.437435459889695788e-01
2.644885033206806346e-01
2.421088985522169834e-01
2.394990296579717903e-01
2.381374669899421759e-01
2.197718316068835998e-01
2.258817384313669130e-01
2.350230425256158162e-01
2.440490441237294639e-01
2.712655689936325776e-01
2.575316013274193128e-01
2.957413637728361078e-01
2.669046272377822437e-01
2.802482796267317666e-01
2.607748389712959969e-01
2.452573916673154164e-01
2.327392546250642569e-01
2.533889001070347979e-01
2.803461006413119350e-01
2.724646102960923133e-01
3.027228121582009601e-01
2.864854599838076998e-01
2.700464115880475413e-01
2.490149107194515599e-01
2.415812889344119974e-01
2.550243948422747930e-01
2.480542359992504442e-01
2.681417676348225587e-01
2.687092733344356721e-01
2.594051511985650538e-01
2.601087007536634355e-01
2.332524455941995811e-01
2.760828963411350867e-01
2.632543154681662445e-01
2.568924510071534661e-01
2.430478728433715652e-01
2.611033009260541604e-01
2.669079985593545978e-01
2.469892464774414154e-01
2.606391990881309906e-01
2.578912145092124297e-01
2.487302289403617028e-01
2.560570856061244460e-01
2.661426963114551514e-01
2.899889396204710090e-01
2.814347694167251279e-01
2.591277840502343999e-01
2.399974181503882753e-01
2.930299767190256977e-01
2.604199809752458794e-01
2.552702600708188774e-01
2.427518393173230815e-01
2.582930429912551062e-01
2.459437442944252539e-01
3.139488060019091642e-01
2.959094846454332073e-01
3.000866258124935682e-01
2.908528406843430836e-01
2.510116958494018613e-01
2.775913981701405020e-01
2.620913697897667705e-01
2.614650873846237067e-01
2.491327833722545848e-01
2.479855573923599454e-01
2.632121162042893037e-01
2.993713438632767954e-01
2.690699845683074964e-01
2.738845921356112267e-01
2.782015468191156859e-01
2.964064797910169746e-01
2.904545740656364616e-01
3.295498987383099210e-01
2.919139379992307659e-01
3.567360525283921335e-01
3.131582477342794157e-01
3.278097306988224657e-01
2.996431127984418019e-01
2.908038164832748573e-01
2.776695037199604088e-01
2.692436377287438232e-01
2.734789928675324111e-01
3.022634858028022675e-01
2.775646308279773877e-01
2.537184143581464602e-01
2.841897165533548431e-01
2.398947521066057409e-01
2.780920070721801252e-01
2.316462623577699720e-01
2.804868685074993762e-01
2.571084615672628582e-01
2.576467294718344236e-01
2.497526517230477527e-01
2.756322916066967221e-01
3.468521793705927614e-01
3.214660502960240973e-01
3.432805308012712442e-01
3.077538305349193370e-01
3.106976100935478491e-01
3.054397498038654568e-01
2.756282713089256986e-01
2.936265271020334078e-01
2.899671328563612205e-01
2.836238865445790958e-01
2.640258057748323672e-01
2.460805390855716757e-01
2.775370271516376386e-01
3.217809235482906871e-01
2.642707958498366483e-01
3.257010788558382108e-01
2.859873207450160382e-01
2.472245354621481761e-01
2.615637772286549811e-01
2.287250023973330937e-01
2.382418200987641010e-01
2.726143356434334586e-01
2.794282033297110779e-01
2.678881486988637373e-01
2.247090079636664683e-01
2.303050079587219967e-01
2.082508838569555321e-01
2.188775515876170974e-01
2.546819365965123927e-01
2.503213922596964625e-01
2.628632789148984128e-01
2.655820169521333485e-01
3.038198126314936576e-01
2.620404577220611930e-01
2.652172655984685323e-01
2.582284152422437695e-01
2.463193493079593732e-01
2.778933010328159536e-01
2.697822223246081896e-01
2.483940256282266834e-01
2.520406284383150397e-01
2.910723109374161455e-01
2.446805016006559919e-01
2.495765871521171131e-01
2.420093667915090008e-01
2.666974635650196657e-01
2.398056149740494525e-01
2.641758046011957184e-01
2.452482807977808266e-01
2.267488057321841999e-01
2.578091930917680852e-01
2.377016515413610809e-01
2.545456650583347580e-01
2.833222506186374723e-01
2.366569387704341998e-01
2.442969664568495070e-01
2.659053337913558912e-01
2.431486829192553711e-01
2.436313046058393716e-01
2.537350122610200209e-01
2.515980094655634325e-01
2.542150508740870785e-01
2.607634271198098763e-01
2.669813145856217984e-01
2.651058549005563258e-01
2.975509923414508262e-01
3.036064143054979514e-01
2.792440979506405907e-01
2.519449301536983432e-01
2.823596488892682888e-01
2.583189681941224225e-01
2.370466961135826167e-01
2.918794685158885294e-01
2.540550975663974920e-01
2.704254919574556881e-01
2.682508888598311714e-01
2.828036624184110392e-01
2.571634984151896508e-01
2.547825462695343379e-01
2.942588614513669820e-01
2.876539945070757942e-01
2.740915596226441431e-01
2.852432728573260912e-01
2.653520330881661282e-01
2.979501233488789369e-01
2.420255227144653964e-01
2.349757846214582391e-01
2.633873334963003354e-01
2.645021567797469775e-01
2.836989800152279195e-01
2.958282212335960892e-01
2.921511787493566992e-01
3.060475714290779581e-01
2.872105996781350035e-01
3.027052926568087887e-01
2.604911335955333862e-01
2.989565076253146714e-01
3.062866124035670823e-01
3.010841357694778453e-01
2.941275151178739944e-01
2.661865447369714532e-01
3.036217699624342292e-01
2.750993670196505425e-01
2.708497080578527449e-01
2.792550272821570645e-01
2.555109212240933569e-01
2.752681897527872179e-01
2.728361544920976378e-01
2.801567603470861423e-01
2.300082490402184654e-01
2.309608325147930741e-01
2.618883453273501138e-01
2.728390627856416839e-01
2.415819175020301746e-01
2.663559978206314072e-01
2.596737048424895833e-01
2.668851743887127870e-01
2.568869203627772158e-01
2.481141677495970477e-01
2.621039774443939541e-01
2.726399855170689168e-01
2.444473603643750048e-01
2.592398014168707521e-01
2.451507427750810875e-01
2.212900181841831460e-01
2.443329851214213755e-01
2.458840525639260088e-01
2.513906088396218319e-01
2.556084022842834425e-01
2.327312112967736546e-01
2.505233394864321284e-01
2.297818062966485164e-01
2.772530770939171663e-01
2.933112684587129704e-01
2.678318845632953749e-01
2.420374531582983602e-01
2.582797936033844888e-01
3.215366749788517997e-01
2.659548425713936237e-01
2.673478462560132662e-01
2.644740026128584165e-01
2.674827138643798841e-01
2.398094532147099500e-01
2.596778888667028440e-01
2.407535037558332924e-01
2.492325095127574386e-01
2.658445413833768201e-01
2.794407099714426579e-01
2.502806376399596133e-01
2.578426396347193172e-01
2.955471113340417677e-01
2.654173776166542376e-01
2.918647479349319451e-01
2.712598777032941832e-01
2.668598714985301323e-01
2.364603706908134928e-01
2.205286879124488120e-01
2.319952802438181583e-01
2.311451058053690666e-01
2.632016254347983031e-01
2.564468718771572564e-01
2.740486552099229978e-01
2.891535169387258186e-01
2.929257270089534182e-01
2.589059792595425069e-01
2.561338041641477159e-01
2.988653517661956638e-01
2.773320460000414656e-01
2.681926590390362741e-01
2.388658232070679510e-01
2.692328044252828567e-01
2.732967330594699984e-01
3.103055107068617424e-01
2.615433752872766138e-01
2.644619091965320634e-01
2.899595435464230597e-01
2.633144368436253768e-01
2.703809810702391125e-01
2.609428435499194787e-01
2.513186584909687937e-01
2.722028326438561963e-01
2.554558893407992137e-01
2.886279051279110885e-01
2.677528981346291026e-01
2.497031363093753509e-01
3.094245066447961490e-01
2.385069574517106050e-01
2.358879680179687688e-01
2.376437820205731799e-01
2.208339741799408007e-01
2.382246832460332420e-01
2.463256228884062871e-01
2.490833972936526974e-01
2.753432284581424638e-01
2.621227058591164005e-01
2.492045978547439422e-01
2.675415195466488427e-01
2.528319110104870759e-01
2.678619103398769963e-01
2.706344721686758659e-01
2.946321778613597009e-01
2.875047399525655911e-01
2.338579473553519805e-01
2.569413158159665755e-01
2.902178944285314643e-01
2.651973512093767638e-01
2.790358551098436890e-01
2.755969471122484138e-01
2.904767506346707107e-01
2.833778428319418397e-01
2.277645251639845714e-01
2.493217786074039821e-01
2.404493018465399812e-01
2.558593423776471809e-01
3.037372386617429587e-01
2.653585923344199404e-01
2.928189093074299865e-01
2.508844825004675205e-01
2.646364787725202228e-01
2.417880478751169848e-01
2.553948153675272836e-01
2.782774126232516743e-01
2.467422585704354410e-01
2.292902622677976954e-01
2.256544849699131938e-01
2.320768427489490748e-01
2.238465047030317456e-01
2.526623417443629172e-01
2.708651352807999180e-01
2.713531262775213948e-01
2.712119048703744983e-01
2.407868072728018560e-01
2.842185411864116551e-01
2.836000037690654119e-01
2.727657462168874281e-01
2.858559669976148965e-01
2.910962285543940986e-01
2.672340427452849498e-01
2.667175918339048102e-01
3.289896305204559890e-01
3.471723077598125040e-01
3.308864694797770123e-01
2.629992832570554051e-01
2.582423112013127464e-01
2.980362427598617914e-01
2.922657781842366020e-01
2.774287126572422268e-01
2.930114597727910830e-01
2.575893210128692434e-01
2.466752746774650007e-01
2.472970101103837970e-01
2.653783186479206080e-01
2.440411881945799832e-01
2.983484343000047390e-01
2.518041032565104809e-01
2.266646843865732508e-01
2.646742377017687331e-01
2.571311712108185210e-01
2.413863954482089735e-01
2.469814846818672027e-01
2.396570617203851450e-01
2.344573877884314206e-01
2.263927377172874622e-01
2.600593996544600661e-01
2.563285233617533798e-01
2.614176580854046250e-01
2.520081454226154594e-01
2.508651372674699509e-01
2.376219024059273432e-01
2.628541634697096896e-01
2.916197584755237937e-01
2.670902773417796472e-01
2.803015203568557934e-01
2.713432628847096684e-01
2.674592507415268217e-01
2.666980026183681241e-01
2.757006508653928045e-01
2.551669682466373712e-01
2.465365336657079631e-01
2.476290622660513585e-01
2.284418252362867552e-01
2.352934074433075395e-01
2.356087341915463762e-01
2.395768560890304266e-01
2.710073078381421974e-01
2.380554041946900123e-01
2.657678168068068891e-01
3.258478438105410491e-01
3.094842893900366931e-01
2.750968010175907641e-01
2.844212677635346020e-01
2.772660707021534221e-01
2.643337526979979701e-01
2.691240946343310125e-01
2.831876460220318359e-01
2.786980629400315768e-01
2.888090371543792778e-01
2.777698632646306565e-01
2.797860094193036495e-01
2.681285936147136395e-01
2.251803196998654333e-01
2.508798937384564831e-01
2.506927371212451239e-01
2.885269641153377917e-01
2.366287141514512027e-01
2.592305029881463163e-01
2.775668252399411950e-01
2.636525878612251406e-01
2.521980329122559539e-01
2.531671797156780923e-01
2.437337539069862058e-01
2.330617872769157051e-01
2.237816265439322716e-01
2.046017851714266866e-01
2.075910743899568867e-01
2.282779005721976562e-01
2.243198702824676649e-01
2.412141795310530357e-01
2.736508175109382268e-01
2.232239506046762856e-01
2.513899070723177309e-01
2.542344564851640731e-01
2.792031562403372025e-01
2.773706418224702874e-01
2.814200720899402430e-01
2.590038744031302742e-01
2.922682619334148746e-01
2.887726442065701726e-01
3.033723544652932036e-01
2.472776205318156784e-01
2.779981064314813177e-01
2.478524010899442742e-01
2.355901557441448524e-01
2.507091367470877241e-01
2.396504714976084582e-01
2.651749185132211140e-01
2.749183337847977415e-01
2.570974983791159962e-01
2.688222119416877054e-01
2.634771758321587387e-01
3.031446990826692778e-01
2.712395373900809981e-01
2.647361666376499278e-01
2.744318756444282248e-01
2.527322952630391417e-01
2.689840793555088316e-01
2.825187436660806517e-01
2.606772817267268838e-01
2.642090169824264922e-01
2.758236434140035054e-01
2.681389702278554332e-01
2.603132693705432210e-01
2.524906160330714355e-01
2.410136987123346619e-01
2.713109230009507211e-01
2.615194350451038874e-01
2.838242984648546852e-01
2.778734518208199056e-01
2.738269456246372191e-01
2.811006691465740559e-01
2.604082090838937824e-01
2.340080533151053521e-01
2.775938940977999980e-01
2.838693965735890612e-01
3.024479374305518165e-01
2.745170381953910277e-01
2.563400890723292469e-01
2.261783552235395178e-01
2.351410101976239564e-01
2.773078001307999196e-01
3.023977935922007032e-01
3.021759125543087565e-01
2.386819129756549418e-01
2.569397732468752804e-01
2.288702925693918977e-01
2.449389775012881798e-01
2.674133197920705585e-01
2.634582620409148812e-01
2.404344708011841858e-01
2.297034345209600092e-01
2.390161050086467009e-01
2.484047191295445933e-01
2.394032443058629611e-01
2.391691267840920232e-01
2.805950986127863644e-01
2.487346993306316090e-01
2.551624063668133102e-01
2.882901473048398167e-01
2.719544539539062722e-01
2.379890213959806600e-01
2.299894149988885583e-01
2.386063401174965681e-01
2.259265200059084600e-01
2.275975640195163352e-01
2.740706555435362679e-01
2.442740347296118164e-01
2.556826732164564353e-01
2.550000223698029589e-01
2.747351223104085305e-01
2.583200996865769317e-01
2.691564917414864810e-01
2.854882420589398562e-01
3.179343875363870864e-01
2.762066028836401288e-01
2.744026719637813749e-01
2.671529388947751493e-01
2.565619296218882295e-01
2.488255625096477130e-01
2.528862499534041408e-01
2.368470436497480958e-01
2.978316582589048966e-01
2.767702624334644201e-01
2.791606868179153933e-01
2.809776572127865024e-01
2.709031703935758095e-01
2.832132404468844511e-01
2.819881600366252461e-01
2.745608986261212081e-01
2.690322781132676866e-01
2.567887227074968082e-01
3.016950409629832186e-01
2.277552237472834362e-01
2.351597441368463715e-01
2.710476270903411922e-01
2.589070059054587314e-01
2.291028591616206256e-01
2.729532496728588886e-01
2.839602409646720393e-01
2.641929187339999707e-01
2.348670543577785208e-01
2.708979926450523767e-01
2.489173589219814686e-01
2.488161563199588477e-01
2.644523623496407017e-01
2.739816941396637784e-01
2.528393484232655530e-01
2.314889337878806574e-01
2.339122224140863515e-01
2.637931719577261691e-01
2.671069782008580473e-01
2.633676613369386188e-01
2.728549515780612222e-01
2.860016160335819291e-01
2.954657687223151696e-01
2.639429424795868284e-01
2.656762609675105136e-01
3.045705277286601120e-01
2.686258287475005724e-01
2.777607413394733715e-01
2.472398712311159874e-01
2.201710656577062775e-01
2.674957228801768117e-01
2.401748454380259468e-01
2.210797082125328661e-01
2.598537530596099487e-01
2.363618934474587541e-01
2.212524700413869283e-01
2.809874284241625775e-01
2.429544133127016503e-01
2.421794304698314526e-01
2.484963429451331474e-01
2.467791308349544799e-01
2.637509685562173800e-01
2.484536827832999062e-01
2.510147282856620699e-01
2.712444272370355125e-01
3.070808065348293314e-01
2.781362420671937286e-01
2.771937067718342473e-01
2.096162199478066590e-01
2.520735612602427733e-01
2.327159280070235370e-01
2.561365121329585159e-01
2.582999014879685529e-01
2.562565711740240615e-01
2.669094966355010645e-01
2.477095720611915408e-01
2.546801124389335702e-01
2.520437775694371885e-01
2.452026698955187545e-01
2.733540479765019793e-01
2.650222924937788438e-01
2.558779198159606971e-01
2.937757230533999953e-01
2.939332863593536183e-01
2.844913240037725832e-01
2.881667759718335997e-01
2.464299092269318647e-01
2.482020748697797985e-01
2.153550824898922966e-01
2.546433188345215703e-01
2.589702276490546407e-01
2.608146301993293781e-01
2.642182608418608414e-01
2.366341651934673884e-01
2.630960031780913422e-01
2.826493788537558505e-01
2.368553177668115128e-01
2.603604910820069840e-01
2.787066972655126151e-01
2.422091053484115575e-01
2.808871730448301296e-01
2.981849476002366162e-01
3.033901567991838522e-01
2.740901102102542009e-01
3.242648144433195601e-01
2.883068097790980056e-01
3.065579117180833313e-01
2.544330678438252447e-01
3.024612668411730265e-01
2.592077102939144839e-01
2.875406837230536916e-01
2.992443420264532250e-01
2.813998939082837936e-01
2.568388711657849099e-01
2.786908703395717946e-01
2.667076296422384862e-01
2.376122660403026665e-01
2.637038449147932617e-01
2.626243736487546276e-01
2.771838868673540124e-01
2.396608155733720158e-01
2.322368108243353102e-01
2.612612136126626350e-01
2.783108842731176757e-01
2.760262962376499596e-01
2.536291039592977747e-01
3.119229811322800083e-01
2.470065613099360069e-01
2.887322729238829822e-01
2.694836214160066801e-01
2.419360938752547763e-01
2.563326349846890007e-01
3.058645281256166526e-01
2.814790261394874982e-01
2.654588311401080425e-01
2.650810417926339202e-01
2.696386009127031413e-01
2.903092334684611031e-01
2.731009856623740628e-01
2.777613846412239629e-01
2.624588352250545320e-01
2.344567968106094358e-01
2.472305231436254802e-01
2.496250241175410611e-01
2.633807895261149334e-01
2.641810896444623524e-01
2.719556286656268362e-01
2.566534305562724882e-01
2.526696836769245502e-01
2.580014967469303477e-01
2.318012515689460984e-01
2.881200148022878826e-01
2.659694480347923329e-01
3.304822187618443041e-01
2.560869199531383145e-01
2.114348009691959795e-01
2.331519403066790730e-01
2.524226591195839475e-01
2.241529113988340316e-01
2.474826103063238469e-01
2.291352395113473717e-01
2.253005612308439931e-01
2.593300636590344932e-01
2.550123956744209663e-01
2.186737427200776407e-01
2.591513132855162715e-01
2.628647706727120781e-01
2.470464193889633231e-01
2.484193439367471390e-01
2.505942511655420701e-01
2.442965661142319223e-01
2.721438836907381087e-01
2.497264987669999270e-01
2.962332359690123540e-01
2.487699543010781777e-01
2.454347563270291577e-01
2.897488075929652851e-01
2.592117811136345207e-01
2.677344831115144874e-01
2.358356717891314236e-01
2.642521109495796772e-01
2.736158942402010519e-01
2.512656024509087316e-01
2.847450829213775680e-01
2.500728596247344115e-01
2.822748350196825351e-01
2.560879961050603337e-01
2.570708508220703736e-01
2.612637950657120123e-01
2.520929090432222353e-01
2.411892810016708355e-01
2.523374071809192931e-01
2.875539878808767158e-01
2.452053654631907165e-01
2.524193212558514254e-01
2.113122051264658408e-01
2.476599863430712645e-01
2.375469423754003606e-01
2.399370122619377266e-01
2.674418921537934368e-01
2.293548031557073041e-01
2.268922117599868060e-01
2.374985565449634628e-01
2.478984393293638955e-01
2.682677296950309875e-01
2.444122406422416516e-01
2.422639051439809399e-01
2.378828979653264952e-01
2.325834419182955526e-01
2.319670821439739350e-01
2.352512987847403814e-01
2.413979503672153970e-01
2.348382042304544559e-01
2.695348127396126614e-01
2.649536764456767446e-01
2.546415174062464648e-01
2.624056760981503533e-01
2.486310688351560938e-01
2.396827567204224685e-01
2.258660776060445463e-01
2.167278753905610700e-01
2.458161880868198479e-01
2.319855305732487216e-01
2.677362228705236769e-01
2.830795658045315299e-01
2.306194947118311578e-01
2.469682133002927271e-01
2.559944622385770807e-01
2.605332508473635622e-01
2.786817231977938292e-01
2.595860750665748840e-01
2.789734690344817247e-01
2.420871098355482642e-01
2.427794080046813963e-01
2.589963647762451027e-01
2.617901452736375867e-01
2.668097056709393677e-01
2.846644104155884869e-01
2.709973589393203097e-01
2.621977757637886652e-01
2.759297307008791722e-01
2.468874499467361427e-01
2.834177518189684997e-01
2.915704218994487618e-01
2.553443279138486455e-01
2.717200117185016861e-01
2.287029944785312907e-01
2.389158025526295914e-01
2.621481780220543123e-01
2.738984441841440520e-01
2.546114851771978937e-01
3.065449718493494791e-01
3.021256922043560889e-01
2.617940896825115549e-01
3.266788370966771660e-01
2.746863611933730298e-01
2.663252833137856879e-01
2.652668944192701495e-01
2.512303802775704420e-01
2.905723222160092600e-01
2.818982724547215435e-01
3.079499539110436279e-01
2.713956798920065805e-01
2.572373567323445465e-01
2.912444776817402214e-01
2.746246433590623370e-01
2.352310441502357963e-01
2.389267089694503687e-01
2.539848602167083524e-01
2.479714104487954762e-01
2.724396499486218537e-01
2.697262745156103203e-01
2.631867112322039404e-01
3.148262927307439729e-01
2.474785975041588204e-01
2.617497657107782927e-01
2.661628240728108885e-01
2.561618480240969720e-01
2.751912530545241875e-01
2.526104334121712092e-01
2.612284764144702232e-01
2.673390010479576584e-01
2.885814599908927969e-01
2.811583373787732709e-01
2.739761405476983658e-01
2.476541560365815020e-01
2.487468427998834886e-01
2.649477875040219810e-01
2.490221002779308412e-01
2.549655731714391416e-01
2.371569063823192880e-01
2.995321816930222592e-01
2.494899187238413529e-01
2.385491252829831654e-01
2.238580493245895253e-01
2.534657958559941027e-01
2.218194206439710603e-01
2.258608598447401916e-01
2.236554870890838931e-01
2.362970358709754748e-01
2.433551527104081125e-01
2.455451513472859393e-01
2.337344111172973971e-01
1.979621644082593390e-01
2.400810405645092960e-01
2.464862710949791424e-01
2.718188451098604297e-01
2.548276287697893161e-01
2.170871234242945369e-01
2.182641717047729690e-01
2.356598218841733372e-01
2.186193191085882837e-01
2.677733468771570924e-01
2.332425769616672806e-01
2.699226681764308466e-01
2.698081164260692222e-01
2.653800359819554200e-01
2.504739303126101713e-01
3.111738399988119852e-01
2.909779393939728731e-01
3.130865176551670404e-01
3.266908691309050039e-01
3.418545636220801098e-01
3.168750590856800886e-01
2.673400986305480842e-01
2.706049029941642314e-01
2.955313139802633882e-01
2.843881021227974149e-01
2.827387974603811638e-01
2.413833090469295339e-01
2.642613021031964826e-01
2.507018082173466111e-01
3.165207191058191927e-01
2.484508158193708127e-01
2.542212065390055398e-01
2.845070326594073551e-01
2.678266219273726656e-01
2.603361730480682756e-01
2.674169941288123131e-01
2.482766891054895009e-01
2.511718147411120539e-01
2.692590948824437613e-01
2.355985565450104680e-01
2.292636084172678113e-01
2.384754013014741825e-01
2.454698014675062989e-01
2.864230425414692749e-01
2.900473803623199731e-01
2.700804267923166968e-01
2.730988987531263179e-01
2.425119508302935878e-01
2.401838035397773352e-01
2.426479512330775856e-01
2.528006855272650899e-01
2.531582765090908960e-01
2.610928833164060658e-01
2.721526201640548925e-01
2.532141430591046682e-01
2.521493127430410874e-01
2.699508467816006951e-01
3.012524357609469572e-01
2.878024478947751597e-01
2.743158240404047210e-01
2.834618051204019773e-01
2.933990919776293116e-01
2.580253825254759104e-01
2.465502854483715700e-01
2.417281953515720283e-01
2.589974634273971565e-01
2.722558277363248402e-01
2.810797218689315424e-01
2.705554253295541778e-01
2.435214372619752821e-01
2.293895648744652127e-01
2.617097296278801943e-01
2.327774512475393187e-01
2.722325127856463634e-01
2.729319463677311597e-01
2.531127777821680636e-01
2.192085318483611434e-01
2.555430749514810973e-01
2.352827767789772428e-01
2.184934762743760139e-01
2.384592038924111257e-01
2.530601886398046174e-01
2.320913957861290844e-01
2.438183558502182990e-01
2.410222370161255456e-01
2.561994256585738983e-01
2.647362842809956596e-01
2.029765425765260312e-01
2.223712765246998180e-01
2.182298576100315524e-01
2.331583418320113954e-01
2.507107373154861540e-01
2.466963087525395615e-01
2.595370221928776644e-01
2.659578599282681477e-01
2.067374300599806869e-01
2.247443019818985699e-01
2.269873344213887145e-01
2.379283090327785066e-01
2.330792147455884311e-01
2.443874638169301616e-01
2.321291166326003574e-01
2.583489648215298029e-01
2.597600346969579088e-01
2.854518526471679918e-01
2.890517041122844799e-01
2.812989307277252715e-01
2.519942750346114702e-01
2.333990499510687489e-01
2.667054434367293614e-01
2.302079731392682738e-01
2.422373854067374488e-01
2.385163759380963533e-01
2.923166673975879926e-01
2.608941213410828630e-01
2.583288597164172806e-01
2.847423884491374624e-01
2.516205880330992795e-01
2.665949070120415265e-01
2.724598049148841405e-01
2.732419695296511852e-01
2.624664012654411294e-01
2.620707573996189366e-01
2.851612061664781095e-01
2.419904238891813220e-01
2.555504108452243406e-01
2.664995738767373390e-01
2.866851390930157395e-01
2.780965433071601600e-01
2.653425046675212395e-01
2.557207841291219697e-01
2.324245495927376448e-01
2.275166638570298994e-01
2.301467667506666426e-01
2.356613052832612909e-01
2.591394855170834899e-01
2.284847727083797186e-01
2.379503106482970254e-01
2.475389196135052428e-01
2.331304520697039251e-01
2.528073350442035516e-01
2.524306852513750754e-01
2.685669807517631624e-01
2.858811224869866052e-01
2.582003488158283178e-01
2.423116209655182263e-01
2.559694670204321065e-01
2.899280440418276483e-01
2.963906669491796486e-01
2.604476714570184148e-01
3.113355511023894184e-01
3.163621192542027671e-01
2.694202562438897663e-01
3.224207470106115192e-01
2.846970327870733675e-01
2.634003051520926175e-01
2.904940839571087952e-01
2.285319453148165481e-01
2.192319060132588981e-01
2.609522315240316304e-01
2.700551436883950607e-01
2.946461894219886135e-01
2.761009183005608825e-01
2.894382464117917220e-01
2.614498299790028457e-01
2.291316678978054244e-01
2.452380129156718769e-01
2.438935636854222266e-01
2.728434085052925395e-01
2.534176254578393572e-01
2.834394629861559656e-01
2.496205541531116290e-01
2.769205506567528063e-01
2.920316855727614902e-01
2.256105224765500294e-01
2.584648621087293208e-01
2.670271040247698680e-01
2.727380455087733968e-01
2.619271635420257760e-01
2.770560094410335905e-01
2.904549556823041168e-01
2.543254525076796835e-01
3.017695235123992181e-01
2.707479482828077932e-01
2.911540713279779924e-01
2.959020516572648529e-01
3.077307228141727968e-01
2.789705311600425564e-01
2.647411558032702894e-01
2.559448745057426589e-01
2.437894003805248511e-01
2.329294563258784978e-01
2.961685187924862350e-01
3.149211469507379735e-01
2.653569866083602125e-01
2.950833317599437788e-01
2.474297298548573387e-01
2.778705361244768191e-01
2.989743917520168992e-01
3.160166976595705779e-01
2.936397891557480655e-01
2.975594631355195641e-01
2.447607905968578468e-01
2.385933909077830595e-01
2.461679160761396645e-01
2.560479871065111102e-01
2.822229759863328358e-01
2.526796761606406316e-01
2.564682525828061443e-01
2.588696573433083570e-01
2.585596874783177568e-01
2.647506295312624380e-01
2.717813762534125321e-01
2.623155555592276977e-01
2.661031826515099508e-01
2.384423050468856553e-01
2.093172301481622533e-01
2.075851809015534510e-01
2.038192191061331260e-01
2.352302054801161113e-01
2.755590762874139954e-01
2.453214467382557329e-01
2.316230629055227586e-01
2.472529646646422496e-01
2.409625639772536299e-01
3.118022932067744390e-01
2.617691209126558061e-01
2.527058168246289482e-01
2.709847268995105307e-01
2.806907260225779410e-01
2.480732937818354855e-01
2.667810958845982516e-01
2.625730796009094759e-01
2.565435149523381253e-01
2.714768754057323430e-01
2.828399264637032617e-01
2.868289333056178170e-01
2.708547465180853320e-01
2.615830923206331482e-01
2.361450905051705740e-01
3.020660359279047080e-01
2.646357982601392766e-01
2.755252997245528079e-01
2.678170349664958927e-01
2.665855077597064082e-01
2.573240105056484039e-01
2.640866993549389474e-01
2.785916369769945722e-01
2.315805165623000816e-01
2.719983191993501914e-01
2.718084789157296233e-01
2.265521037785637737e-01
2.513463622069803116e-01
2.455475468558590835e-01
2.517275450243969814e-01
2.901019124153220163e-01
2.734812497876380477e-01
2.614453767978822674e-01
2.364466750772289405e-01
2.835920077065622880e-01
2.739441870278717661e-01
3.602915979852310269e-01
3.307917462785331386e-01
2.813794180850553439e-01
2.969543508741864790e-01
2.939108677967222083e-01
3.019805443374193876e-01
2.985817622528621484e-01
2.695289142081820910e-01
2.663956315069178626e-01
2.491132241754033805e-01
2.489365268386856123e-01
2.568277317878869814e-01
2.670212111554423617e-01
2.474098680222114044e-01
2.690406824773652339e-01
2.547709570471659579e-01
2.272029116063557508e-01
2.377722724477846494e-01
3.042226907326761598e-01
3.232397636027112831e-01
2.843568674725894252e-01
2.784839003180052397e-01
2.964811156224121946e-01
2.812798137287152445e-01
2.659367118898695592e-01
2.372848520109819836e-01
2.618066951267070674e-01
2.806968558224982591e-01
2.763732261621855146e-01
2.756638557704746417e-01
2.524345736786932637e-01
2.550798285427536838e-01
2.370401670908898195e-01
2.477812723567046904e-01
2.600075968234957235e-01
2.615490103419614298e-01
2.902645411692859612e-01
2.760367031605107657e-01
2.895622137412178221e-01
2.636737105803348968e-01
2.423285469599986974e-01
2.613306611081813724e-01
2.420064145052231441e-01
2.659395517734430281e-01
2.439610633284347019e-01
2.321414127733889554e-01
2.531720458134464891e-01
2.558093191289767532e-01
2.499408993182400118e-01
2.311200456291607197e-01
2.683690957996825444e-01
2.517346746304773286e-01
2.593269001795551754e-01
3.094131321311932026e-01
2.882311016763923761e-01
2.558690800632923978e-01
3.094493422765516311e-01
3.343786246241940430e-01
2.907495683691636579e-01
2.795976691404798986e-01
3.286891767550900734e-01
2.576166736040302330e-01
2.705074666154337892e-01
2.910804393761765585e-01
2.804796431522932898e-01
2.616960115228034178e-01
3.109495303002484112e-01
2.740831748328505513e-01
2.447936898126618910e-01
2.377933349585942824e-01
2.551991647957110310e-01
2.718233585184480772e-01
2.524163846987163007e-01
2.521384954893298169e-01
2.390532451847876827e-01
2.849750630826914377e-01
3.243891751076692920e-01
3.417784092699110987e-01
2.735089829358683944e-01
2.425493942512053358e-01
2.709515186004503029e-01
2.831490321231996954e-01
2.798461206662202216e-01
2.458199135852827399e-01
2.919589573394710813e-01
2.977359918524771776e-01
3.099687200472821536e-01
2.909489902842415932e-01
2.671223254895719323e-01
2.816528366024055874e-01
2.781879703329636633e-01
2.994028448115615970e-01
2.847141189795186489e-01
2.762519085934750374e-01
3.148405801229492429e-01
2.547856032712672580e-01
2.672426025951143425e-01
2.975459221999590120e-01
2.705962294293629000e-01
2.571752810070718764e-01
2.533798251891218323e-01
2.852226447043080815e-01
2.341256656898517696e-01
2.652122540069942747e-01
2.614719135166511110e-01
2.848947813756633196e-01
2.228465571241638743e-01
2.603481922250716618e-01
2.839993573562478724e-01
2.609550282549010780e-01
2.734082849010547323e-01
2.652876728445009991e-01
2.756900211292971914e-01
2.548265849952274231e-01
2.794567884315599660e-01
2.517200056303428024e-01
2.648178712840535964e-01
2.871474502502202597e-01
2.829965303310660318e-01
2.777278820889849675e-01
2.726427363107030710e-01
2.348093639567506163e-01
2.045956864119484186e-01
2.146702520061830877e-01
2.432002049482913375e-01
2.258014495297107627e-01
2.445973469996288729e-01
2.632393372184212432e-01
2.354052616785152763e-01
2.625525100417365199e-01
2.154347529291427976e-01
2.576804168613440194e-01
2.110333512803586609e-01
2.745939605865381217e-01
2.531348133416170820e-01
2.516365844858478584e-01
2.324619034164231435e-01
2.523464243366273507e-01
2.141041486679155781e-01
2.545788763508962105e-01
2.520978038713915792e-01
2.948425356992604995e-01
2.729401893320472783e-01
2.822843829898138979e-01
2.589489312348271510e-01
2.636693842206778160e-01
2.883418580681841870e-01
2.496020871396907870e-01
2.256077375400434570e-01
2.730412328513692755e-01
2.681853318927137075e-01
2.614716764540626626e-01
2.671330110362259980e-01
2.803551164542213425e-01
2.783450713399871490e-01
2.663823056200754213e-01
2.644652770932956476e-01
2.504937771291009252e-01
2.363918015634028091e-01
2.419566174019374127e-01
2.347138901190331806e-01
2.621599805427584085e-01
2.864079446655468097e-01
2.519583301918086882e-01
2.507630137154436278e-01
2.856348242307678031e-01
2.765845339523795854e-01
2.518224161499631464e-01
2.514544715048534496e-01
2.523141979502338539e-01
2.496023782138185321e-01
2.730796551778506553e-01
2.587329376138867709e-01
2.648004105169952660e-01
2.401569791164996914e-01
2.800707919882964858e-01
2.805070290775334430e-01
2.675451583526579635e-01
2.802776698921637943e-01
2.394364087916027728e-01
2.681993640024381564e-01
2.379007706990382554e-01
2.767870351915424632e-01
2.583111875945299785e-01
2.846932242242667388e-01
2.520641018970188330e-01
2.256877012861315257e-01
2.220126028730502188e-01
2.570154843811577328e-01
2.582782184157177419e-01
2.511598293967687856e-01
2.568999338293824208e-01
2.287384251045344874e-01
2.673536991076421176e-01
2.878176961442735493e-01
2.863089736717173150e-01
2.888403268995230477e-01
2.453224680484302200e-01
2.602793998275558240e-01
2.107418602307031263e-01
2.031173622578315296e-01
2.392617053774664104e-01
2.164171977208232123e-01
2.413736195125097406e-01
2.479912565336505337e-01
2.492194337607543386e-01
2.733206218977038970e-01
2.967912922873540693e-01
2.662810268191082019e-01
2.819001918629546188e-01
2.535151268481142250e-01
2.234569389960011920e-01
2.017368011684299856e-01
2.410391306221862651e-01
2.240555243592850521e-01
2.185173772757785238e-01
2.240728503904129421e-01
2.282928542988965914e-01
2.622343731856458526e-01
2.504353210468603375e-01
2.333849505653562140e-01
2.381967886108731225e-01
2.386249101961565311e-01
2.439302743847509003e-01
2.526484241565500888e-01
2.757655464726455619e-01
3.021932958201718478e-01
2.824454411848206781e-01
2.800296241112223417e-01
2.742847148378154132e-01
2.887519959692539384e-01
2.680717426074860077e-01
2.580790092128500413e-01
2.673731087218364499e-01
2.666950687533836684e-01
3.041157296755422346e-01
3.381903325689204487e-01
2.762647597461515003e-01
2.783307039122696613e-01
2.793767577014437675e-01
2.654283292576832265e-01
3.079066155007951777e-01
2.681882745747185548e-01
2.516795195166983135e-01
2.330391003119463567e-01
2.755371848892318454e-01
2.590362676109359552e-01
2.432019180717931717e-01
2.642384123508476623e-01
2.638646696437524364e-01
2.794705398553721798e-01
2.590954033282539259e-01
2.530210629497642860e-01
2.509908069289920607e-01
2.239776374354104371e-01
2.703184004217445424e-01
2.651889025225937502e-01
2.401171276225322615e-01
2.611144955798737621e-01
2.749451428291523336e-01
2.503824607471784036e-01
2.501638456050930825e-01
2.507309125972909114e-01
2.623715821783939028e-01
2.656685823161992199e-01
2.574823820441916600e-01
2.550480495715002904e-01
2.485490157665609934e-01
2.678949356473362409e-01
2.737255087079610294e-01
2.513394662315550643e-01
2.456588921619602128e-01
2.422613649338483666e-01
2.637195338802938438e-01
2.737088118296903128e-01
2.539340629927526738e-01
2.391581318279280832e-01
2.780065932904712267e-01
2.348854929699959460e-01
2.615288752558143082e-01
2.441843589235712098e-01
2.372758078888456690e-01
2.848659614942373741e-01
2.734863604619446886e-01
2.437112185337029224e-01
3.006981289696052939e-01
2.597030804819633887e-01
2.522283178416041549e-01
2.713093457842922218e-01
2.778104729850087717e-01
2.626252197581592784e-01
2.433990725399289012e-01
2.529389194639799499e-01
2.693281085146461140e-01
2.698074843573249337e-01
3.028062995949710179e-01
2.816288245094286102e-01
2.680874549423984954e-01
2.534720293746372533e-01
2.616477310306128401e-01
2.537443513453527255e-01
2.263885556535296661e-01
2.658137635142322486e-01
2.620857847242976102e-01
2.500576187797227679e-01
2.534786831667719120e-01
2.583764000557444152e-01
2.632558359940398440e-01
2.687630633875154884e-01
2.683273217398733368e-01
3.064059828544248854e-01
2.869632171400918197e-01
2.654583158133239085e-01
2.856246218998140796e-01
2.708057357671273535e-01
2.551221730977564217e-01
2.832564952372215727e-01
2.436872700459825347e-01
2.891717176868914274e-01
2.510943920675779983e-01
2.812248470087413410e-01
2.363966946943976410e-01
2.286878142878781828e-01
2.469132549352713590e-01
2.917422620123757970e-01
2.542371687749506171e-01
2.717207032229688735e-01
2.663455003793473996e-01
2.442760677859378560e-01
2.734046143895617065e-01
2.723116452532776122e-01
2.600293388149877427e-01
2.419184204356366052e-01
2.505666217621340675e-01
2.957537647891533839e-01
2.576990358258852698e-01
3.035600947479076273e-01
2.860173077903497840e-01
2.499948532157312553e-01
2.919199538274929728e-01
2.794217456599228933e-01
3.034100647830202946e-01
2.989935841612766376e-01
3.396846276067562731e-01
2.779546648435232137e-01
2.888822903768603623e-01
3.200441156278160948e-01
3.240152035296928190e-01
2.841570583896584345e-01
3.210853867348677504e-01
2.747747564686124910e-01
2.440790487033621114e-01
2.607079935916880031e-01
2.666554436414631524e-01
2.657780704382431414e-01
2.424079789519386630e-01
2.871071133502882677e-01
2.670437811059316879e-01
2.295674895497754331e-01
2.327744603756824737e-01
2.561566351699773314e-01
2.608457065425409116e-01
2.633485327810679566e-01
2.738873316351285725e-01
2.887221642878421979e-01
2.467130485886509794e-01
2.093720249811803491e-01
2.206941261880114580e-01
2.610216684178655600e-01
2.563340428224700762e-01
2.608697624935069626e-01
2.333044161272954664e-01
2.570281927373734843e-01
2.627785443156333001e-01
2.468474807196273102e-01
2.691281010013554242e-01
2.464268791994923824e-01
2.568383104912955739e-01
2.571069363947494635e-01
2.353322909661423601e-01
2.370938724623525562e-01
2.522405089160792424e-01
2.635254183865183286e-01
2.715332150849804060e-01
2.795804218694475374e-01
2.955922019628061115e-01
2.775851450842379831e-01
2.626470338775744873e-01
2.301490928619169263e-01
2.210156367564652669e-01
2.298774866941254158e-01
1.942117921092441080e-01
2.487645781354595187e-01
2.242575788371078682e-01
2.681667651173137989e-01
2.481706348382351213e-01
2.491669954583329849e-01
2.659301650778266857e-01
2.186376114200346554e-01
2.483531041983108589e-01
2.653577699459652162e-01
2.465918336735092309e-01
2.430780766970986051e-01
2.390808833013460810e-01
2.712568871029187312e-01
2.754851319167125889e-01
2.967556400419756324e-01
3.131648600950527328e-01
2.694836781213706400e-01
2.998979873380385741e-01
2.591845342083345383e-01
2.855207461441587879e-01
2.450525620786904446e-01
2.193964333699247593e-01
2.274986187995409748e-01
2.434007049456514971e-01
2.614094075978816156e-01
2.528907009888178292e-01
2.588605719112807568e-01
2.479702914790606338e-01
2.306508219261156623e-01
2.679445884535286426e-01
2.396409720127072318e-01
2.618047419380160057e-01
2.588277530135390525e-01
2.622996584646499763e-01
2.806139360585988007e-01
2.522876194463029575e-01
2.807791812112422347e-01
2.467688758128166737e-01
2.583141797220435132e-01
2.628721581207206781e-01
2.918998469764916837e-01
2.474717368767222481e-01
2.971535462085068691e-01
2.639825309134278819e-01
2.434551722745523783e-01
2.563173630041995499e-01
2.933252423659222230e-01
2.541490844657318116e-01
2.532709343225908460e-01
2.405076772607749325e-01
2.474357111057370329e-01
2.746149850283009508e-01
2.568949776404454433e-01
2.829377448714151533e-01
3.281542792479112958e-01
3.168338243349576588e-01
2.817353600003844605e-01
2.643848424122878793e-01
2.756494154943188724e-01
2.862111518780279251e-01
2.894987882476335872e-01
2.676374913943246336e-01
2.871648298181921910e-01
2.887256714444686456e-01
2.973144623307635848e-01
3.164201515425732469e-01
3.223186170243602655e-01
3.025524361660597017e-01
2.831823706869189272e-01
2.539848098502190954e-01
2.529570650699553558e-01
2.334260352846084796e-01
2.694305235450853431e-01
2.467983832993062288e-01
2.644670667452948543e-01
2.701520953854333329e-01
2.808762914313624459e-01
3.044884564767458279e-01
2.867967788827396336e-01
2.702544807167117646e-01
2.560157564083475057e-01
2.747688972515507921e-01
2.644039121901454181e-01
2.347865584000330130e-01
2.728087594334466792e-01
2.409553076968506125e-01
2.679026489756481944e-01
2.626244371179430326e-01
2.600401307522323679e-01
2.596968784192855706e-01
2.740534053337943532e-01
2.739471064638338560e-01
2.717347770471150725e-01
2.801797932186859130e-01
2.691962616206443060e-01
2.647046965005951380e-01
2.651202930275315950e-01
3.110962845634052676e-01
2.971907463374335312e-01
2.910880576871047176e-01
2.936167451223060110e-01
2.797865517449550365e-01
2.836229454945121686e-01
2.506783315117885880e-01
2.879054115674150593e-01
3.109250370899984683e-01
2.945075719103561473e-01
2.913862360675134600e-01
2.862178788905997417e-01
3.195049198721419126e-01
3.171916392355275116e-01
3.215582064893965364e-01
2.741935137284296498e-01
2.890865176230498768e-01
2.734303900434236212e-01
2.615603477582377767e-01
2.924200478895543909e-01
2.672797161213111838e-01
2.631562640640546791e-01
2.702277576587666652e-01
2.824695994104201024e-01
2.547634992889676320e-01
2.308828951548441977e-01
2.638996057320914246e-01
2.344083662775516552e-01
2.604842540487865010e-01
2.779325783979710862e-01
2.512262617713120205e-01
2.374255183895298549e-01
2.688429823843853095e-01
2.555668965209811350e-01
2.253483482969884377e-01
2.383219008126252481e-01
2.975956168117283029e-01
2.745079103476009696e-01
2.766432475358857057e-01
2.760086698538036787e-01
3.000308757843577756e-01
2.823481607198849441e-01
2.893948852689897655e-01
2.640076833681742619e-01
2.814985194568978000e-01
2.787040465998146810e-01
2.546365241041299021e-01
2.276995635946114649e-01
2.359200514509621760e-01
2.344404369000356869e-01
2.374295034789722370e-01
2.547093825302715331e-01
2.798420768439320860e-01
2.269194544487320997e-01
2.511682318119179969e-01
2.437921525275121570e-01
2.302174790829665252e-01
2.332165411086418172e-01
2.291438374672800371e-01
2.229802935423000898e-01
2.642307368393213007e-01
2.334959025567109603e-01
2.198513349932358363e-01
2.545578962628230468e-01
2.722040008832351532e-01
2.418910381973023993e-01
2.586031656977015869e-01
2.585449924199865190e-01
2.789666531382439252e-01
2.576819543466524753e-01
2.621239562725833361e-01
2.447867208175022458e-01
2.978260210102459116e-01
2.612025458373049003e-01
2.424865771723926644e-01
2.578935861572490551e-01
2.818236354668242072e-01
2.530932254605697818e-01
2.734348857398198329e-01
2.710919991579476274e-01
2.413052011342272374e-01
2.761204094902461881e-01
2.631212164007392107e-01
2.645603513094739179e-01
2.795804643664958067e-01
2.797515288678963929e-01
3.030234027591524604e-01
2.858254797953392323e-01
2.739872198495592603e-01
2.632678081809400883e-01
2.917828188732429218e-01
2.975310928094264118e-01
2.836323649109476208e-01
3.209510651930795322e-01
2.874829526277262737e-01
2.743315811980120422e-01
2.723731603332040785e-01
2.556243588210234674e-01
2.685015256807632977e-01
2.667083622150864808e-01
2.539322772007822637e-01
2.275802683115049074e-01
2.679279587502096383e-01
2.600409896947739607e-01
2.176498780174987990e-01
2.729823644115030867e-01
2.627753882201891433e-01
2.776058623391772229e-01
2.657691085537152165e-01
2.786058688910061920e-01
2.535112189895266654e-01
2.780287653154324135e-01
2.428509183546842254e-01
2.686531284338491421e-01
2.778915817718003445e-01
2.703335028670577067e-01
2.646392893876772789e-01
2.492314905958605553e-01
2.654915002903676657e-01
2.734051656072613024e-01
2.636618851921261886e-01
2.495500521861743759e-01
2.611614585707636715e-01
2.529881099074704487e-01
2.711372232977459218e-01
3.029206918319873876e-01
3.022784579783505676e-01
2.734825367747382718e-01
2.634154208811486098e-01
2.545730870424171566e-01
2.554675443411647540e-01
2.685126605598965877e-01
2.744279917628052456e-01
2.671083859050086273e-01
2.129166872278914491e-01
2.296495488884075786e-01
2.376600507637116055e-01
2.677762147729376707e-01
2.905591479116679254e-01
2.622789218876414585e-01
2.593448840229398700e-01
2.375485044209408592e-01
2.796488622277901737e-01
2.592150921083044568e-01
2.419199975678929249e-01
2.633610376744665582e-01
2.876556134320482072e-01
2.827004216215305843e-01
2.654038394166784998e-01
2.601248465938951759e-01
2.354602955260063912e-01
2.832569307666552016e-01
2.796388175993124725e-01
2.702525113809164936e-01
2.483846799652284221e-01
2.616392558771399313e-01
2.591744439352836604e-01
2.864228390536096569e-01
2.903831494459737095e-01
3.183278072577144235e-01
2.872371182730214523e-01
3.092122566747882995e-01
3.006726130724555190e-01
2.635576591058248486e-01
2.861778781191562926e-01
2.664993902329678699e-01
2.613786069635872233e-01
2.825033269386162948e-01
3.138065973762057537e-01
2.432937081590945405e-01
2.390086243837937496e-01
2.627516886620940850e-01
2.663295000371676546e-01
2.502159040008944957e-01
2.657921005977736395e-01
2.533536656028700373e-01
2.594449743676517928e-01
2.810206017684824253e-01
2.724217344711297728e-01
2.658383200155746140e-01
2.625081527676204063e-01
2.405724506899897530e-01
2.301544679051094333e-01
2.251728915559510491e-01
2.196426958391107520e-01
2.512331458765789671e-01
2.491534419910556020e-01
2.525349691513882333e-01
2.595475422960767387e-01
2.836547040626207772e-01
3.100623291262368797e-01
2.654351637738198710e-01
2.510240706947638456e-01
2.757178528006643536e-01
2.444826751137417209e-01
2.382671606289108179e-01
2.270839187833097461e-01
2.535928193703036460e-01
2.471614458277655857e-01
2.295339206174750457e-01
2.742386218586000401e-01
2.684701757648316756e-01
3.093621036281564707e-01
2.781876333366270493e-01
2.447715164688773204e-01
2.620576309650547442e-01
2.430422014670848840e-01
2.597086040454144040e-01
2.719361820173198385e-01
2.383257190131888581e-01
2.477686289776007966e-01
2.596077011218319019e-01
2.801545435180451959e-01
2.953784599374436048e-01
2.941321153578643210e-01
2.583755600399994523e-01
2.336822599420814717e-01
2.360951453340485728e-01
2.602244197307858609e-01
2.422535489879770465e-01
2.487351019326163593e-01
2.415008078397717084e-01
2.773085952336805660e-01
2.489995427748109558e-01
2.693729112236748491e-01
2.845980507456962738e-01
2.406105190538692928e-01
2.602650139599903545e-01
2.611681133869019900e-01
2.573951549087278856e-01
2.588300564261831749e-01
2.304169008772804783e-01
2.372486778084526848e-01
2.749886731257458194e-01
2.567358381351358410e-01
2.731832303204307921e-01
2.395273655693313519e-01
2.498122653344100608e-01
2.799100972045864832e-01
2.758830582788660002e-01
2.449608259407281829e-01
2.462084803754521767e-01
2.463202675472288827e-01
2.388263723196795973e-01
2.477533746840590301e-01
2.628728233595852282e-01
2.352512202314616108e-01
2.679924358036158694e-01
2.579309163703213947e-01
2.561006581997079534e-01
2.680542902317170073e-01
2.910279891153031429e-01
2.545805523157959604e-01
2.338933187932916991e-01
2.847017050758741674e-01
2.395137312979402078e-01
2.937886572850817446e-01
3.149280065312382582e-01
2.801613033205407888e-01
2.762243387550236684e-01
2.829195688740907544e-01
2.517418801120771543e-01
2.723999249053141170e-01
2.813515797013043107e-01
3.224665977591624766e-01
2.788188643953293244e-01
2.679964777105220408e-01
2.626691743835295467e-01
2.992999154107017779e-01
3.025857741643447896e-01
2.879367264365965129e-01
3.048819467194383015e-01
2.956902391416861842e-01
2.674960045357390737e-01
2.621694098817258789e-01
2.724598169937285097e-01
2.728286733974010780e-01
3.282356532922749981e-01
3.357039460832489386e-01
2.674281360101019578e-01
2.765174900520012691e-01
3.013107864661123125e-01
2.814696963706408983e-01
2.818107945164987083e-01
2.714592902330528745e-01
2.850239788828561327e-01
2.647685023628215117e-01
2.679139946709593323e-01
2.846701156819851364e-01
2.798931746831024303e-01
3.100938207743028641e-01
2.858959331035370588e-01
2.972760695769247064e-01
2.791623828079369263e-01
2.657935414003460006e-01
2.574376702707439901e-01
2.394214424269158759e-01
2.449034825278519067e-01
2.281633033394368515e-01
2.547608093462679357e-01
2.584032026122531356e-01
2.605403453483965404e-01
2.330555514318372878e-01
2.389367286473153273e-01
2.489468487530485385e-01
2.634353514317338552e-01
2.430146753112169544e-01
2.465117703976794639e-01
2.687789807190966718e-01
2.707064355467798666e-01
2.815965638581055530e-01
2.719991800556277317e-01
2.539151168054294416e-01
2.520466436341901040e-01
2.830711821469586997e-01
2.581235437796079446e-01
3.020325424461887120e-01
2.657528893305650675e-01
2.567472836528607583e-01
2.768336835845732757e-01
2.480134214649006852e-01
2.570564327964449114e-01
2.583363549156593164e-01
2.296532103283336068e-01
2.356900180510263787e-01
2.669905065375920428e-01
2.711483146224234475e-01
2.667097778388070051e-01
2.712350955345799175e-01
2.697805185254295024e-01
2.786642561312908661e-01
2.731971451679277574e-01
2.927010092693109744e-01
3.240597461242453181e-01
2.544654778703711040e-01
2.583124667529261842e-01
2.870674659452793764e-01
2.957828909593793743e-01
2.844876899219277444e-01
2.542919789082219717e-01
2.346363069933976864e-01
2.485377490945634427e-01
2.307353799420971130e-01
2.575164569886849719e-01
2.645190049539081212e-01
2.464275088788700496e-01
2.495547111259159012e-01
2.621459051583609479e-01
2.580897061603694698e-01
2.780732681579769494e-01
2.567498416629644398e-01
2.841494716537186216e-01
2.637362978657662449e-01
2.708354797043648898e-01
2.710078229767207136e-01
2.541667421461880627e-01
2.718712996060388964e-01
2.738349203554440447e-01
2.395985719438129269e-01
2.647151967924609717e-01
2.528300708774711136e-01
2.472833540768547833e-01
2.969370004014300068e-01
2.990594886439717492e-01
2.991603118002321704e-01
2.535880494687454134e-01
2.701066243755209650e-01
2.501987752389650543e-01
2.715624318991553543e-01
2.853631174436360718e-01
2.868061375125299794e-01
2.453988047300003639e-01
2.730495895451107158e-01
2.544328618648069584e-01
2.191335226442450157e-01
2.326039552775340524e-01
2.474054707566227251e-01
2.691625973836345165e-01
2.741131820111350481e-01
2.380255977914423338e-01
2.550478255287939033e-01
2.378939013256389512e-01
2.665017770960175225e-01
2.434771543196651566e-01
2.480616110914784511e-01
2.869777450514287565e-01
2.612242477698213938e-01
2.511338925169957492e-01
2.573578315146083928e-01
2.586175264732666346e-01
2.629327390787016272e-01
2.586008445079130968e-01
2.314141528272640191e-01
2.184977221061300268e-01
2.405247352893243595e-01
2.401722984761031077e-01
2.811060892690519508e-01
2.840249983243162135e-01
2.913642981841418345e-01
2.907551112363011558e-01
2.963467022068027590e-01
2.670807235482058339e-01
2.529485610959326669e-01
2.542284604294745565e-01
2.713758875430782314e-01
2.611117833400360411e-01
2.674123905290032299e-01
2.873173238780405425e-01
2.563156452674963393e-01
2.592928272804294609e-01
2.554888949595329750e-01
2.611374064632793202e-01
2.842504781332090280e-01
3.085576736371787865e-01
2.429763920349078121e-01
2.438945731662069683e-01
2.706273111890011851e-01
2.485747449289315569e-01
2.713750516797609480e-01
2.752736944605606584e-01
2.462729837019893009e-01
2.451043368326113470e-01
2.280909855899530825e-01
2.480153536178360263e-01
2.559968249389252826e-01
2.382371036558360022e-01
2.658317509996892536e-01
2.861658854599629653e-01
2.952083641491985433e-01
2.630922842317591770e-01
3.138608730877882058e-01
2.683872031228717869e-01
3.026025556656041782e-01
3.041618000449640702e-01
2.764304633936098266e-01
2.791382069634080754e-01
2.871588046989752563e-01
2.718045554769664141e-01
2.958211191070576063e-01
3.074421088630907573e-01
2.832795099952989948e-01
2.719305210092674008e-01
2.678633445295162119e-01
2.989314820464831213e-01
2.926746893198950428e-01
2.447742872555064286e-01
2.433020051269205730e-01
2.664154972223918838e-01
2.861723172535675652e-01
2.843748650297417413e-01
2.780637640532603871e-01
2.553222600830555855e-01
2.528468063371701047e-01
2.731455079992876067e-01
2.602382164284283705e-01
2.650574487891741993e-01
2.259832745035423862e-01
2.462909883638549902e-01
2.756873840724383129e-01
2.597871468504038273e-01
2.286411818819924779e-01
2.481199495717359704e-01
2.406209301203857953e-01
2.471552089886835391e-01
2.602767895725485170e-01
2.302163680262029333e-01
2.502613628833436077e-01
2.353142962264737903e-01
2.178028296888455673e-01
2.596335933570414478e-01
2.615020066348497374e-01
2.657487922068473285e-01
3.096595875230454542e-01
2.703856876770923678e-01
2.682504878176130703e-01
2.864882859897843748e-01
2.849164954496406499e-01
2.987935796173994407e-01
2.954080934169454054e-01
2.887834947283473008e-01
2.407564146922406556e-01
2.618196758458250506e-01
2.546688541533633776e-01
2.596494679521167970e-01
2.546851435937546038e-01
2.549222944263418444e-01
2.964475660314439542e-01
2.666116550559258780e-01
2.531394836487309008e-01
2.397052452742970130e-01
2.549595220796415651e-01
2.513822175995750752e-01
2.685024105511089609e-01
2.726483382661177846e-01
2.937089849661773666e-01
2.573223626509198447e-01
2.803376857487377416e-01
3.001181987312205313e-01
2.604376203919597788e-01
2.642884115515016230e-01
2.565292673352581598e-01
2.754110811300283235e-01
2.789231085614420347e-01
2.811614423042892441e-01
2.895665540118539383e-01
2.495913023476057924e-01
2.445547283337828892e-01
2.570995281754274164e-01
2.492872484921403731e-01
2.611675819208078009e-01
2.699941639214289424e-01
2.558336971382463854e-01
2.923131856373132886e-01
2.754549718251267931e-01
2.926029818205151400e-01
2.709505814901627674e-01
2.542258695598531015e-01
2.378980237087020555e-01
2.484410771399619688e-01
2.408253440991214855e-01
2.339858897099451329e-01
2.346810272012977983e-01
2.419728594594456883e-01
2.610943954449043702e-01
2.252063969187228232e-01
2.257218298689294411e-01
2.474165074031400291e-01
2.725664433229247896e-01
2.947965447295241570e-01
3.275655655377273101e-01
3.328138342639619940e-01
3.296045491833139995e-01
3.209813651439612503e-01
2.960828421228867136e-01
3.039103309489067928e-01
2.855169190510066790e-01
2.534104529540427975e-01
2.612676079372225901e-01
2.748007105898362945e-01
2.545253277107153989e-01
2.769427181752341371e-01
2.235552657415510458e-01
2.360333661355823176e-01
2.530466456084872751e-01
2.645192013321941982e-01
2.966354705289978577e-01
2.886868190781932131e-01
2.740493854845477140e-01
2.614719781427831125e-01
2.543553062064784487e-01
2.706238122415451919e-01
2.702970508081689038e-01
2.583798922696193268e-01
2.202717463967762412e-01
2.443309649105163683e-01
2.316775017692270233e-01
2.348734841748601199e-01
2.677542360834038182e-01
2.260136239879682318e-01
2.479579137332769967e-01
2.224193781199260422e-01
2.522508582411404077e-01
2.650847953000164403e-01
2.814073745199552334e-01
2.463252028695193940e-01
2.556111739106344261e-01
2.800707432076551817e-01
2.824966752857479002e-01
2.411030396330098857e-01
2.655738341390355139e-01
2.551888508925133636e-01
2.819018975101757474e-01
2.591939689145351111e-01
2.542757403810571581e-01
2.554118384492048421e-01
2.681638758052551919e-01
2.546978894275191418e-01
2.305336742380230397e-01
2.321053353489041793e-01
2.532531688583579133e-01
2.807426751410707633e-01
2.549486543173042352e-01
2.501680751268078873e-01
2.511065011789354040e-01
2.306450820539950597e-01
2.733050422810036073e-01
2.656694607816833531e-01
2.702878523768377783e-01
2.235954265022712106e-01
2.474516072553284707e-01
2.810058276235253838e-01
2.553637291759683348e-01
2.680880192519178862e-01
2.602990494298269009e-01
2.851693353564159206e-01
2.805841932844128639e-01
2.513251831803599012e-01
2.689032320619564875e-01
2.398505646180588979e-01
2.569784006373879715e-01
2.340275769173962017e-01
2.564749466516181298e-01
2.077446485113511043e-01
2.294948537012650169e-01
2.647297877929249421e-01
2.387074991510762800e-01
2.451394743844408086e-01
3.027873509793478357e-01
2.720017211652636657e-01
2.828034493716922726e-01
2.961757434112960996e-01
2.991909186796710141e-01
3.324878657861066733e-01
2.565041616160710358e-01
2.733515790171558435e-01
2.556544341567494882e-01
2.427356950779143430e-01
2.284049092265528491e-01
2.513406220316832806e-01
2.478587281509889440e-01
2.690534050078508543e-01
2.645203054480359528e-01
2.573657898253302601e-01
2.763339563985307001e-01
2.829846638579163187e-01
2.995429103423744022e-01
2.564656939069654973e-01
2.634367972080730591e-01
2.763030817169461750e-01
3.245609037435507327e-01
3.056695798305575362e-01
3.201438312042577672e-01
2.780627702288540060e-01
2.706942774291154485e-01
3.064002621186078801e-01
2.535526159158456583e-01
2.679106934764975967e-01
3.004094373751816094e-01
3.009172389217113497e-01
2.567293292570030361e-01
2.506545844676691392e-01
2.400166170753064154e-01
2.425799047335066294e-01
2.589342040337774820e-01
2.585977755459863414e-01
2.370707065431212346e-01
2.414270139706564122e-01
2.374696156280693415e-01
2.293788911508283512e-01
2.414542870308268863e-01
2.438891528398972330e-01
2.447056805835892690e-01
2.502482694247736283e-01
2.290932545430325040e-01
2.377102783109641959e-01
2.383469476978835599e-01
2.964541294910274516e-01
2.848558228921501678e-01
2.752395975325560573e-01
2.690140362489088499e-01
2.813768031574921391e-01
2.609250422582671258e-01
2.611217773672298570e-01
2.804776649159007595e-01
3.121177837051208881e-01
2.775843326761674446e-01
2.732630026606113205e-01
2.979507492873362806e-01
2.605548911396401990e-01
2.409421008698696132e-01
2.312219668720165711e-01
2.445966284620862408e-01
2.741271871401819160e-01
3.674725798968704327e-01
3.436861233679144312e-01
3.125072776958800480e-01
3.238378122684587024e-01
3.027047948414903766e-01
2.465257399269252248e-01
2.577673820521357295e-01
2.262680711979292159e-01
2.452016457551032258e-01
2.609933955863408261e-01
2.553067643446179091e-01
2.578328056364888043e-01
2.372870166220462651e-01
2.922807397801145401e-01
2.294391754534542416e-01
2.593467962404121252e-01
2.695376648657883401e-01
2.250607041069623560e-01
2.418450602095154334e-01
2.404817583575539486e-01
2.601386023117776003e-01
2.438146682024546485e-01
2.666888815174876526e-01
2.642505264128139908e-01
2.510284221595632803e-01
2.637169209775269141e-01
2.353511975184973126e-01
2.041283630158635953e-01
2.423747260605515208e-01
2.278923746956251772e-01
2.218167768126388106e-01
2.526233939455488353e-01
2.308823792660087970e-01
2.468652977341285193e-01
2.575518198460114427e-01
3.011263397832269484e-01
2.932968566276213385e-01
2.553336181141651062e-01
2.170370139757850370e-01
2.421149021837785131e-01
2.339483550782509025e-01
2.382391837639487586e-01
2.401665171333230708e-01
2.274491665373184757e-01
2.641813840336001418e-01
2.552025963741330061e-01
2.854073326530827126e-01
2.642386798740399834e-01
2.447514542397123960e-01
2.421498960241330600e-01
2.514521869510433216e-01
2.350030070019716588e-01
2.335824550476992278e-01
2.412172452207103079e-01
2.195353060317483396e-01
2.145095526613618464e-01
2.556398682660838695e-01
2.158675599538529555e-01
2.852536388429386949e-01
2.374794966477003499e-01
2.218060778269903832e-01
2.354964983036527404e-01
2.349204943732710604e-01
2.405774663879948760e-01
2.257513936518656672e-01
2.726924101469139217e-01
3.115185606418521824e-01
2.878775326503887344e-01
2.784602897844764557e-01
2.624894333365872523e-01
2.550503361939653879e-01
2.646802594455974211e-01
2.775420500365161081e-01
2.645292466964601630e-01
2.444392003331912755e-01
2.488385353383580356e-01
2.336827651621050383e-01
2.762956574610221927e-01
2.374800530103043095e-01
2.208622275772740284e-01
2.607667301181733621e-01
2.571633371569401749e-01
2.430627390307624480e-01
2.258870809616825848e-01
2.347576911175122127e-01
2.397234911335510976e-01
2.588379179269546526e-01
2.594060861694014175e-01
2.119727642912138110e-01
2.403359898080199009e-01
2.476676871308120254e-01
2.548947736668092934e-01
2.699455444797705939e-01
2.420991351375271494e-01
2.662212621889724073e-01
2.462960604699460376e-01
2.559608095875068878e-01
2.646554360748323842e-01
2.634115775106341539e-01
2.669580358275326915e-01
2.721958755466520885e-01
2.738463935584240505e-01
2.475753011910187540e-01
2.481808601270046322e-01
2.821971849617949668e-01
2.787664705600477189e-01
2.602067670795554788e-01
2.612444008301652576e-01
2.700777550560212181e-01
2.702547714296431591e-01
2.983660855744344476e-01
2.893393869652785555e-01
2.883855971110516614e-01
2.309319860281661696e-01
2.620532189749446572e-01
2.865128551343743002e-01
2.639622684831203769e-01
2.873581355032435170e-01
2.646733940601827539e-01
2.311027565401951867e-01
2.676625276962529276e-01
2.916247429811996139e-01
2.783566239042069568e-01
2.586720935674604593e-01
2.545315177862338962e-01
2.685470263504832200e-01
2.502019847304803868e-01
2.699995559053283700e-01
3.059666338807459640e-01
2.914267085356238018e-01
2.887574255337019280e-01
3.621232891522545572e-01
2.840037457117270403e-01
3.095954171717990033e-01
2.869239887563321822e-01
2.678254769445274630e-01
2.891151459420331360e-01
3.053599235472251316e-01
2.564945882998784787e-01
2.478915440114485558e-01
2.849415135428151613e-01
2.353141450397675249e-01
2.576835668497371445e-01
3.067415674726175490e-01
2.888356405045806596e-01
2.584889902309994159e-01
2.237320830558650053e-01
2.586144524645454523e-01
2.549715469760187037e-01
2.711183998242064352e-01
2.473036861015720234e-01
2.825008652315844637e-01
2.613065320852077655e-01
2.382526986783863321e-01
2.430927837517786738e-01
2.304975733287323858e-01
2.311653641510875712e-01
2.447878047431993886e-01
2.497426022430932480e-01
2.602112362961542247e-01
2.435093381185576833e-01
2.382691202451379109e-01
2.946908965947921399e-01
2.464744100932919346e-01
2.177895203083796138e-01
2.455592948633266159e-01
2.563619197794682059e-01
2.670722850646413127e-01
2.648610330024586679e-01
2.782957456776800065e-01
2.530761599287103536e-01
2.614918128443246004e-01
2.493775383873594598e-01
2.638771335197205858e-01
2.634266829120950892e-01
2.505803180175117384e-01
2.544924455371498917e-01
2.691014348742432061e-01
2.406271637622934001e-01
2.292025868653624898e-01
2.339483936310680912e-01
2.596281791936195793e-01
2.601005891342034748e-01
2.322856378577359271e-01
2.322050648034166831e-01
2.388517994837166258e-01
2.627023059531301552e-01
2.641552443446307796e-01
2.877989964858389538e-01
2.513078228091709110e-01
2.487266889461237918e-01
2.360073332461496420e-01
2.629517629086746133e-01
3.053464073911522081e-01
2.822627252690188548e-01
2.736350871819079322e-01
2.395139233983643312e-01
2.728806251908700298e-01
2.453103541751767980e-01
2.416009084244558347e-01
2.263755139310875408e-01
2.344404257186396556e-01
2.571212414689064696e-01
2.432965071946935343e-01
2.659607409850409665e-01
2.376757751286138476e-01
2.395563231467875698e-01
2.370185419231359836e-01
2.381754074384375974e-01
2.467167488465446812e-01
2.605594485001204719e-01
2.530125986541800764e-01
2.460576404301430542e-01
2.588724789622321443e-01
2.452366472207333503e-01
2.309267126545085647e-01
2.432894745359176492e-01
2.317079431227039021e-01
2.357653694626781204e-01
2.505574276974594228e-01
2.437794037202464514e-01
2.254566170582605888e-01
2.318518797678808530e-01
2.487259569115310154e-01
2.728182683891076099e-01
2.624247457723889454e-01
2.400917240749141646e-01
2.345024048018371499e-01
2.270527994369541669e-01
2.315687143875817811e-01
2.389072720476949907e-01
2.453736805684810229e-01
2.739379952009188268e-01
2.516290284494263063e-01
2.615914242394619671e-01
2.396850895114325253e-01
2.683961178388442614e-01
2.461124016143665938e-01
2.213819713981045878e-01
2.305103028684710176e-01
2.382629429275392730e-01
2.428119030541569801e-01
2.354920056294442787e-01
2.471337940680170264e-01
2.365860074985925154e-01
2.462563150515975907e-01
2.550934566553469951e-01
2.681680292011061617e-01
2.771797182673952920e-01
2.622944973803928437e-01
2.190189485015823501e-01
2.367026315257006464e-01
2.078124726578232939e-01
2.385394672372173064e-01
2.317265849571638614e-01
2.118352523110154928e-01
2.540361837111433929e-01
2.645121770966027408e-01
2.404289593098888900e-01
2.330431308344878272e-01
2.405657916552603193e-01
2.367393130385536948e-01
2.511535104516260386e-01
2.293386833451578621e-01
2.507030497681659864e-01
2.527695969821591171e-01
2.589157873793552778e-01
2.536964832422698435e-01
2.487204574088921205e-01
2.872577141316486338e-01
2.731685930775343274e-01
2.608726222871740608e-01
2.771504128629238006e-01
2.566531973900710861e-01
2.653342518666497174e-01
2.677490810618229355e-01
2.576862838052606519e-01
2.760960242774972428e-01
2.782288613252805742e-01
2.433632497523548488e-01
2.397270955497336486e-01
2.816414160829742719e-01
2.337627104968761360e-01
2.684656727716555613e-01
2.521271737377131505e-01
2.672194679769792081e-01
2.551562912328962374e-01
2.890759012625025437e-01
2.889139527409516073e-01
3.008517218674912619e-01
3.068788086399458770e-01
2.672040725298283070e-01
2.857021958160791408e-01
2.575012668562647877e-01
2.440414288852887359e-01
2.763337394232254773e-01
2.547115678176415932e-01
2.583096276406931513e-01
2.585285391046102110e-01
2.627227609328425806e-01
2.587849526374257358e-01
2.398671495925428776e-01
2.981378101237329714e-01
2.842550119213910764e-01
2.959108454352252227e-01
3.573480187028471589e-01
2.666939872301308245e-01
2.666299147658511282e-01
2.553968829860261414e-01
2.702595302594750781e-01
2.648407135286995895e-01
2.730230516776978589e-01
2.653787449329064740e-01
2.909760714073865162e-01
2.766888682436546842e-01
3.009278686527435687e-01
2.782871693165949734e-01
2.559239568948613597e-01
2.659623344301638714e-01
2.283322005613334926e-01
2.529083825402873575e-01
2.630401134520551354e-01
2.843015618411379730e-01
2.926020713699910014e-01
3.105560806854513189e-01
2.918772987032915434e-01
2.823817894183278665e-01
2.742063622416212043e-01
2.495054631051571714e-01
2.455622147068157735e-01
2.611200594248765938e-01
2.534424824155041556e-01
2.696620525579283556e-01
2.805155128454014379e-01
2.614788736772515332e-01
2.380249116612236648e-01
2.677925603139645894e-01
2.910263188239796128e-01
2.843068111097227235e-01
2.425845196363831946e-01
2.536938187438340098e-01
2.752386741070715903e-01
2.635570231939753927e-01
2.278458752809902343e-01
2.385778073276699773e-01
2.708107645151465181e-01
2.731456969855939887e-01
2.564051777263098852e-01
2.342106233862545628e-01
2.261989859676649117e-01
2.559010173242672326e-01
2.431808949152290122e-01
2.662722237852622742e-01
2.760936234736378614e-01
2.724669469731229032e-01
2.538325935943328004e-01
2.948018339457376680e-01
2.689172563838937435e-01
2.361058031973597149e-01
2.613965270365563032e-01
2.660294725291765250e-01
2.608884227149929624e-01
2.661682931306374456e-01
2.481895604839039204e-01
2.276883722328137405e-01
2.648871398228861418e-01
2.606644108153690076e-01
2.546594669540153122e-01
2.681662312061909303e-01
2.668571644390683728e-01
2.761198791225529803e-01
2.446539354487649864e-01
2.352919353846398554e-01
2.965031418336933622e-01
2.600826044385072811e-01
2.496028331937225619e-01
2.546293717247437027e-01
2.771295754641224796e-01
2.766342057924053299e-01
2.476360770077176143e-01
2.800638258174859563e-01
2.600609339388392227e-01
3.066596481596840507e-01
2.888593371991209358e-01
3.039121589594514505e-01
2.674019129374007875e-01
2.293954131754312731e-01
2.165403814937349181e-01
2.266887541899177960e-01
2.557419698600432723e-01
2.536654152552614838e-01
2.759942962543275868e-01
2.907438510057459014e-01
2.812997290690953944e-01
2.366346700373830603e-01
2.855287804695091913e-01
2.714999182642275355e-01
2.610093588511763762e-01
2.383807226281571268e-01
2.674924649361216100e-01
2.512316382964357997e-01
2.761131592907328791e-01
2.830042699968216002e-01
2.804822766217907604e-01
2.412117279944820947e-01
2.447045629964973434e-01
2.327472389085211146e-01
2.928430261828894321e-01
2.526842359081187261e-01
2.531036432680055515e-01
2.503171902788323688e-01
2.707405131587141689e-01
2.904427016272529971e-01
2.963252915745402394e-01
2.721553477452464676e-01
2.538591554679019979e-01
2.441536977314347490e-01
2.438445339725171246e-01
2.907881572789869362e-01
2.256025264158193766e-01
2.335068318072728299e-01
2.440906562641874666e-01
2.680411548261697474e-01
2.838053766306591341e-01
3.448994275775707496e-01
3.124104520325685641e-01
2.847118117294370476e-01
2.591640585301361877e-01
2.685684965147754899e-01
2.801664829570794657e-01
2.606758046013143426e-01
2.690900350399183516e-01
2.904317894120561072e-01
2.883835017585850147e-01
2.418772449352895870e-01
2.302425784899483074e-01
2.481500502246167250e-01
2.225267434155873414e-01
2.511515460729467630e-01
2.439116641155961163e-01
2.207478711836798890e-01
2.521817812018228855e-01
2.649864663404234433e-01
2.434189555169677943e-01
2.540936394624944139e-01
3.004306737862391108e-01
2.528749529442291255e-01
2.605760269575665422e-01
2.625752169647421197e-01
2.728032770042203015e-01
2.713987340681345284e-01
2.422009351007371469e-01
2.489951901524138367e-01
2.819427500718438839e-01
2.766926681569420454e-01
2.816468190143214811e-01
2.551914388811283296e-01
2.674643195777683391e-01
2.967733044917970631e-01
3.191323742343531444e-01
2.438677602045744852e-01
2.534319498133368320e-01
2.545676777452893225e-01
2.712607360596954731e-01
2.516179219061116523e-01
2.361996835495272229e-01
2.559788016288875312e-01
2.496668509154567062e-01
2.656232750712601565e-01
2.521643893632672384e-01
2.459870643380459854e-01
2.352203299699489325e-01
2.472904803221047665e-01
2.401050055829993257e-01
2.517294641493413865e-01
2.275735288985512306e-01
2.486078109031798766e-01
2.712041648364214574e-01
2.271972079265140998e-01
2.255470540687054548e-01
1.966014661213319192e-01
2.487542681316241011e-01
2.178968758194869404e-01
2.642377561571530586e-01
2.786806549581475889e-01
2.800617743818496486e-01
2.337221723873532109e-01
2.449824894036675693e-01
2.852508619742843976e-01
3.014142716007134903e-01
2.512695300493593686e-01
2.520878309637671344e-01
2.616691049427357640e-01
2.849356413899144513e-01
2.831501179751413910e-01
2.985451535575517346e-01
2.793704738727875170e-01
2.974716480969185062e-01
2.939574654105994167e-01
2.884304256015585155e-01
2.788241457163550541e-01
3.057778447271123912e-01
2.659460164141379535e-01
2.776874828434303666e-01
2.755763272259955654e-01
2.889787265376683734e-01
2.462943997477430869e-01
2.385033325022336004e-01
2.768284081021576970e-01
2.638465629750053054e-01
2.523843871883543200e-01
2.534585654067386118e-01
2.804308077238261143e-01
2.700904208761790715e-01
2.787365452638744245e-01
2.738696934502277691e-01
2.912783016967846472e-01
3.166036800362048154e-01
3.236414500038953257e-01
2.746010357294607074e-01
2.524834428391706798e-01
2.666037731118176546e-01
2.865265308263014732e-01
2.809788423337816754e-01
2.897148728118167371e-01
2.894143363140707081e-01
2.624444233868513110e-01
2.801412063285014797e-01
2.561829229875062786e-01
2.667344621111908398e-01
2.650943349205310828e-01
2.597112472018623941e-01
2.586412377996790690e-01
2.222776083318067364e-01
2.228518630356212116e-01
2.390199146166810118e-01
2.501356616668352628e-01
2.453229994312071116e-01
2.658373919772560323e-01
2.917540756947966107e-01
2.502082756462868929e-01
2.487681849666797396e-01
2.533809602590844090e-01
2.721939141837230736e-01
2.586600961468916160e-01
2.492344323128933004e-01
2.325772383970916013e-01
2.503829328233529439e-01
2.639261889181159781e-01
2.669441726476071697e-01
2.472493925016617522e-01
2.780316078825281756e-01
2.998035176618077391e-01
2.967657762091508444e-01
2.865358451788158622e-01
2.804790173386425556e-01
2.610260987392367116e-01
2.837537839417659802e-01
3.098346768334184209e-01
2.852857067591629825e-01
2.776418845996040941e-01
2.948630000732892498e-01
2.614782050473414277e-01
2.688726713802169765e-01
2.733045795089799612e-01
2.591715817935509869e-01
2.676758153296714404e-01
2.688830594669230356e-01
2.714412869298752917e-01
2.793268223960277963e-01
2.537783248739029496e-01
2.733976776390415475e-01
2.383485146258416121e-01
2.452675081948091640e-01
2.626275142234917870e-01
2.935011597392792049e-01
3.044628784782086872e-01
3.072703975403786592e-01
2.880934349068709488e-01
2.687271820448925430e-01
3.228293213073045176e-01
2.753577395319363186e-01
3.188550177133601116e-01
2.825096030006309933e-01
2.739093409929790335e-01
2.773246045283707661e-01
2.665716747566788669e-01
2.862889367888014625e-01
2.636668555949241988e-01
2.517288856854152379e-01
2.675503202455949969e-01
2.693756335423164727e-01
2.493224738013507802e-01
2.622020104154122455e-01
2.441537641747924814e-01
2.835965612368910871e-01
2.915064679522737512e-01
2.590562291354240321e-01
2.644882204850003693e-01
2.825166076506148150e-01
2.512168667203635852e-01
2.574900636608054016e-01
2.832356568030404143e-01
2.528384997169882409e-01
2.424212723728451369e-01
2.903184868671583874e-01
2.887919363251857385e-01
2.826806439767333701e-01
2.587321290763803794e-01
2.855072878592080921e-01
2.623729805590039876e-01
2.303925879037600211e-01
2.193095918309952708e-01
2.465053649831412674e-01
2.423036098629774149e-01
2.781615782688528493e-01
3.039131546403823769e-01
3.027929361639654093e-01
2.946605007744942384e-01
2.434287948195515416e-01
2.593281077291709757e-01
2.968726252686599842e-01
2.519169469098188063e-01
2.718794672872690832e-01
2.710491081970555216e-01
2.700031158900866313e-01
2.805522100192650026e-01
2.702021809775951855e-01
2.460423679070845304e-01
2.427427737088504456e-01
2.394445966913670010e-01
2.504141438975164280e-01
2.443181834905474026e-01
3.121796761668342857e-01
2.617596584488995348e-01
2.753080437365925115e-01
2.387392042351330346e-01
2.234432552480324352e-01
2.756544445296804646e-01
2.779061913720055621e-01
2.561827045321414809e-01
2.579634189631783703e-01
2.888222534423822152e-01
2.988674550767548843e-01
2.780397795191479338e-01
2.898936045397992878e-01
2.440762206737872031e-01
2.666742544979753826e-01
2.555194086325212610e-01
2.733219879053518930e-01
2.739198800674194079e-01
2.468089461327553635e-01
2.935504213848498800e-01
2.769207561734958190e-01
2.542250502751391972e-01
2.691164052890434033e-01
2.516797283302369403e-01
2.546249186923126295e-01
2.678824557714342691e-01
2.447300394529727807e-01
2.502542238347539860e-01
2.256210147801570032e-01
2.452926527779775989e-01
2.537397532389692456e-01
2.759459805007914435e-01
2.528667125538648364e-01
2.580488936987879733e-01
2.357671887000439837e-01
2.503204890444039044e-01
2.405982759533342452e-01
2.687959400466087834e-01
2.438930910966245758e-01
2.864915373991164249e-01
2.496237411517886196e-01
2.887476491739464635e-01
2.854108315955814490e-01
2.650819098099659876e-01
2.908365960749578760e-01
2.726957637578431570e-01
2.797967626870384028e-01
2.621982419201007719e-01
2.306271850661090472e-01
2.598142304118926660e-01
2.794063277316379268e-01
2.498829410873060208e-01
2.924277737422241175e-01
2.414343674756246338e-01
2.685357559073249245e-01
2.937301353140429061e-01
2.802712373724072781e-01
3.124737392615840048e-01
3.326552172647149197e-01
3.054435965823551480e-01
3.061397427317192887e-01
2.835850153152307263e-01
3.003499646688710945e-01
2.904330739517812510e-01
2.845654552448192987e-01
3.070199958782811600e-01
3.015136457236349266e-01
2.697530384838624506e-01
2.639142451082063801e-01
2.708345048192778992e-01
2.866919353425794181e-01
3.125906863699959293e-01
2.962438772939677278e-01
2.989860082165529120e-01
2.833651325090983941e-01
2.686267604873193160e-01
2.605432658600079776e-01
2.613254583516985696e-01
2.656077138704204255e-01
2.612421712019535880e-01
2.905078207405168422e-01
3.100448838796570072e-01
2.815059658806606802e-01
2.814580354016478769e-01
2.697430445815621747e-01
2.583490904220694939e-01
2.729107361096980156e-01
2.684603109003267929e-01
2.524365719807627473e-01
2.285517545480410528e-01
2.450322955871222785e-01
2.417491706886359393e-01
2.194010054852749414e-01
2.109837705842100286e-01
2.352383378171435391e-01
2.439475513273085816e-01
2.210304851094259393e-01
2.519497898435784089e-01
2.388599324445448702e-01
2.505199465383055046e-01
2.699670915066501586e-01
2.756628877789415455e-01
2.545407562326592044e-01
2.806027760953280215e-01
2.472671624431204140e-01
2.625812599716493279e-01
2.816973921221065935e-01
2.721793872022170713e-01
2.741734320193310315e-01
2.617766245959547433e-01
3.164567411417513187e-01
3.040156852613130067e-01
2.865743494843479566e-01
2.536832728579997420e-01
2.603334621135685034e-01
2.433898718639110892e-01
2.484972603079192710e-01
2.632166332938836728e-01
2.544798391996978548e-01
2.663730562138622582e-01
2.710343579390504520e-01
2.643678754064557879e-01
3.032869478591050938e-01
2.785718546005449547e-01
2.709213954125063162e-01
2.686113633097791387e-01
2.753168322909904098e-01
2.631564522312723753e-01
2.779658031460202627e-01
2.702045161760742165e-01
2.589519230007896744e-01
2.396915255809385636e-01
2.596662579933846082e-01
2.625881844368529450e-01
2.572350986655452254e-01
2.653500792447424650e-01
2.742987350206635422e-01
2.606287186645752652e-01
2.482766590940738705e-01
2.934543428007465038e-01
2.821707975143008529e-01
2.874540272118636386e-01
2.690780096173804314e-01
2.588209691360305320e-01
2.632376161258793701e-01
2.962010160971464412e-01
2.962221533511216198e-01
2.841421277462725659e-01
3.016611929989541085e-01
2.788133006239950085e-01
2.719212856614163787e-01
2.961119817551705058e-01
2.891011646445179051e-01
2.796177499904530794e-01
2.668380454305765981e-01
2.416294020742842941e-01
2.437867858683402666e-01
2.531687632745685534e-01
2.774541672384880919e-01
2.707956141755655244e-01
2.810182513734486576e-01
2.831147954942739853e-01
2.838620216687331443e-01
3.234259445963291180e-01
2.895562918756903192e-01
2.539219083733643134e-01
2.414376134340278368e-01
3.000999887587668669e-01
3.157356588858468704e-01
2.768501914119834706e-01
2.332849672494038129e-01
2.417760579435272450e-01
3.173107382175162083e-01
2.901942509948540194e-01
2.942037254035899108e-01
2.452420176382308359e-01
2.895785815938531904e-01
2.626698259754845499e-01
3.059768000399523680e-01
2.706582995330373831e-01
2.604241746289424064e-01
2.416974754241699441e-01
2.591779240359625702e-01
2.424785314445669082e-01
2.682651664850472795e-01
2.521178530803636075e-01
2.332069869311685639e-01
2.433147799224157359e-01
2.345104885862509259e-01
2.197538186905113600e-01
2.243136501191172472e-01
2.526444001841163800e-01
2.342111515941596722e-01
2.291580921063931242e-01
2.610064621313336608e-01
2.448662824654457559e-01
2.368707737526775658e-01
2.283625164885113301e-01
2.341734930062791264e-01
2.327424788698854718e-01
2.401900391809219104e-01
2.439467339546395608e-01
2.445198116100835706e-01
2.327688471708281304e-01
2.581750701466157261e-01
2.662820752925542100e-01
2.539754985709069546e-01
2.589082178350289309e-01
2.491923724931471018e-01
2.836368321299154727e-01
2.566586738398241585e-01
2.518064136704221689e-01
2.338157852262521819e-01
2.206486481789919629e-01
2.282651094912809542e-01
2.634819836375117408e-01
2.665159805982645347e-01
2.395358223313049373e-01
2.762746647188840110e-01
2.518167995088345656e-01
2.805705246791034835e-01
2.639233869891887130e-01
2.493448342236437854e-01
2.691449644110534001e-01
2.547342923855103747e-01
2.863288690728603147e-01
2.638192655317519453e-01
2.539764028160097498e-01
3.108026889157833317e-01
2.969484428452693892e-01
2.885005700420630315e-01
2.641368885378888032e-01
2.600216283769753445e-01
2.448497345707177364e-01
2.835015540437270110e-01
2.769590480243507846e-01
2.884676382961276486e-01
2.459394363036015996e-01
2.795553775269998265e-01
2.586850398900163439e-01
2.824958265478835218e-01
2.745599169791264615e-01
2.489641396799073259e-01
2.538796811075599291e-01
2.437656928843401349e-01
3.004731648492771079e-01
2.806441670754263318e-01
2.489390288823865038e-01
2.599700731164585332e-01
2.549889867031018276e-01
2.292910045275159125e-01
2.722554753589047638e-01
2.890937608642961676e-01
2.414141616311734906e-01
2.308358934788347638e-01
2.535478339993015862e-01
2.527462999786569409e-01
2.616234318896482058e-01
2.622208346097579801e-01
2.741844652512410163e-01
2.591533756483856976e-01
2.388758063280710942e-01
2.401015271342440971e-01
2.287203798679699474e-01
2.412342011005221831e-01
2.332885632196048109e-01
2.331274682906284978e-01
2.772201269382857935e-01
2.756550708536645855e-01
2.675010225391899477e-01
2.854879472456939848e-01
2.807950007544530724e-01
2.692576904845818686e-01
2.433478399333185715e-01
2.791352298270035059e-01
2.746634434786065504e-01
2.739514610442325693e-01
2.838425580897994682e-01
2.580244505709426428e-01
2.508893797180709595e-01
2.548717315206258660e-01
2.523679659871324588e-01
2.740113430409308881e-01
2.704014214801512273e-01
2.712298386943984840e-01
3.037643358717914688e-01
2.763140925334716114e-01
2.404663571276291212e-01
2.540410545424084399e-01
2.540312028738880290e-01
2.571864204579033530e-01
2.705455168553156930e-01
2.655896804718953508e-01
2.555908519554927483e-01
2.786456344759505321e-01
2.649734984950816163e-01
2.825548824779957613e-01
2.687691049103941299e-01
2.821607654193119541e-01
2.478474900402976577e-01
2.511738979216179835e-01
2.622057140715466916e-01
2.792147489614364431e-01
2.615050332611800754e-01
2.344201672830215633e-01
2.271916694232014589e-01
2.300176825046099660e-01
2.429938813380537466e-01
2.545556257909875608e-01
2.662954329999829284e-01
2.480390197280140374e-01
2.306221154097669590e-01
2.228628867849465900e-01
2.614884297758831577e-01
2.421480369498909269e-01
2.235504169969168287e-01
2.330781570806128855e-01
2.469678505259207679e-01
2.260981368037454364e-01
2.554254614685161351e-01
2.598801745587352441e-01
2.689884436785541788e-01
2.647017533663419409e-01
2.708074991740861415e-01
2.217548523530959159e-01
2.560599914093870666e-01
2.330882726142775585e-01
2.478678382513124223e-01
2.504498747195626485e-01
2.612449963471702441e-01
2.605510420692481732e-01
2.364604356379641503e-01
2.674370080441090813e-01
2.725599933029674848e-01
2.479582279058297478e-01
2.366612846730437314e-01
2.515283872571362767e-01
2.247845370153754019e-01
2.301816464883101876e-01
2.524036368581480949e-01
2.362509902177353516e-01
2.573711889390168928e-01
2.633896520852241907e-01
3.188602246984248434e-01
3.054253667960549201e-01
3.361556982460822685e-01
3.150780366818504152e-01
3.251557700834837306e-01
2.738171966724980422e-01
2.811537541624461456e-01
2.650147245391914486e-01
3.011935168583684264e-01
2.501970434160333268e-01
2.513630477118033446e-01
2.610569582721297133e-01
3.014799057196393406e-01
3.110056314732702054e-01
2.938913422917159290e-01
2.670122404522683457e-01
2.730595213789199227e-01
2.807088043516402509e-01
3.068016073103240204e-01
2.448857343340904991e-01
2.585830454670363099e-01
2.911494708877340742e-01
2.592053780645965921e-01
2.469114451437121049e-01
3.064762914868543464e-01
2.804553765903218254e-01
3.165526859703213236e-01
2.804185122083577286e-01
2.716074997797239265e-01
2.643602669550904616e-01
2.493891211957383058e-01
2.227328048770585434e-01
2.573864323680188915e-01
2.624671249018504793e-01
2.253528611818375604e-01
2.476711468175946396e-01
2.532599371552540224e-01
2.633488355616881438e-01
2.571191912847347050e-01
2.858384374304583364e-01
2.529184345122960087e-01
2.631864041735907933e-01
2.347238035449408511e-01
2.454192030427889692e-01
2.516526011390123330e-01
2.530093819539382949e-01
2.651957258487944724e-01
2.601466773430255452e-01
2.389846296398710768e-01
2.488203617690032399e-01
2.540632845293788189e-01
3.103675130418470096e-01
2.816932741184479116e-01
2.710420671510838098e-01
2.820191515870892340e-01
2.924092177093565170e-01
2.885579312595688006e-01
2.741748061718938256e-01
2.683679510256048451e-01
2.842907677295234414e-01
2.793215127655786501e-01
2.643864084312993468e-01
2.893721935181290950e-01
2.623991236231427715e-01
2.451480730583740775e-01
2.532042461722365800e-01
2.663795202618822189e-01
3.036537214307515886e-01
2.684942422625384850e-01
2.806581560398727082e-01
2.657368472814485849e-01
2.495351710041624205e-01
2.523849079251874739e-01
2.944779076933112250e-01
2.949121032637473383e-01
2.685429492311450783e-01
2.626052069366613395e-01
2.560179082056445177e-01
2.712821713563510206e-01
2.411400367090520136e-01
2.337355369652934778e-01
2.452468166254946902e-01
2.694254655148980993e-01
2.617250721949557213e-01
2.259734861054564226e-01
2.578980696273242001e-01
2.137877214146574611e-01
2.372740714808460050e-01
2.331122083693494829e-01
2.198201980077932605e-01
2.068331788476016619e-01
2.492864890328195526e-01
2.831187906654617503e-01
2.553542797262674524e-01
2.623946026732008052e-01
2.400341049366048751e-01
2.312965621495110813e-01
2.683296620004141375e-01
2.640272391231222593e-01
2.585812526356794927e-01
2.886235836069087068e-01
2.971253116346012635e-01
2.417926287659761531e-01
2.429601264855777987e-01
2.445228130058924032e-01
2.546386655486403416e-01
2.104501444011191713e-01
2.405107095439268650e-01
2.452051321793724536e-01
2.252535065830952310e-01
2.380341344686002225e-01
2.519843143465197999e-01
2.457940916376867291e-01
2.349713537332604185e-01
2.427647863097811831e-01
2.820099509516161285e-01
2.398344723552452984e-01
2.243053564840314928e-01
2.576064829326661920e-01
2.606591333837051105e-01
2.511342990917471707e-01
2.418968810725749818e-01
2.582834578993614127e-01
2.898928308739381898e-01
2.603212463905151819e-01
2.418252296455565831e-01
2.452471175710149442e-01
2.798773039653484895e-01
2.538196109784219279e-01
2.813911608225287408e-01
2.830174143251236174e-01
2.853349761112756178e-01
2.630381034283477693e-01
2.775718067945804890e-01
2.550201836578391834e-01
2.718993830621701524e-01
2.182826801440083953e-01
2.157566854711545634e-01
2.515778293151978984e-01
2.637123132677741677e-01
2.447983561086257698e-01
2.344088502972123955e-01
2.410934344528112006e-01
2.494737320569440642e-01
2.622405836870048690e-01
2.817516952380623163e-01
2.655778523341119080e-01
2.664965046943775784e-01
2.892485358411319152e-01
2.499530462780012452e-01
2.600836268306062071e-01
2.883444932217303913e-01
2.767983980314994152e-01
2.965168253517442842e-01
2.808090206984512616e-01
2.705856163230206946e-01
3.217203131982846465e-01
3.181006344800237362e-01
2.965127358541341795e-01
3.007469683302075869e-01
3.100993745159272841e-01
2.760936521768181939e-01
2.949681779827713624e-01
2.732961078490945273e-01
2.489995356770126345e-01
2.807657745533542193e-01
2.945187006395503793e-01
2.495605798952343635e-01
2.493522637440512280e-01
2.646186552839018824e-01
2.896989040092874945e-01
2.805596670969069395e-01
2.542016098807681757e-01
2.588958780189669628e-01
2.404749594660974821e-01
2.538342219758912832e-01
2.700259149885796961e-01
2.560368601659584464e-01
2.611402712706508145e-01
2.550010946987426586e-01
2.291059476085017810e-01
2.347340575455060807e-01
2.416704712534111232e-01
2.846257289477257535e-01
2.630093381470723912e-01
2.918810053780225844e-01
2.616989170426030076e-01
2.649135672584679302e-01
3.033792558692388619e-01
2.643562064913177467e-01
2.700237526447274439e-01
2.493544948401622829e-01
2.425614811982245156e-01
2.492530838274250871e-01
2.714934046764408970e-01
2.824271074189514397e-01
2.903236114765759268e-01
2.730334912833741190e-01
2.616457189411260376e-01
2.327630676696526568e-01
2.798919122014376648e-01
3.216414558928714085e-01
3.105585828078457622e-01
2.895669408406378320e-01
2.580872113525881084e-01
2.600003726009215144e-01
2.175787371899239875e-01
2.271133040260656932e-01
2.258284663516232083e-01
2.161291558674954538e-01
2.406841131692617208e-01
2.321036298981715429e-01
2.769145529311297094e-01
2.811711267830018790e-01
3.002345297273144586e-01
2.479548106455696788e-01
2.324419388636947970e-01
2.310541044633852292e-01
2.529192868604565603e-01
2.671110688615042639e-01
2.631359859823396152e-01
2.529036327628917391e-01
2.577707905815045941e-01
2.151623438157518886e-01
2.374446213278952333e-01
2.780484894026840070e-01
2.312590385394623083e-01
2.340974586702886107e-01
2.518140667503233066e-01
2.347289063221716376e-01
2.398656178232103087e-01
2.446573773241776106e-01
2.786697310704959185e-01
2.498165639037327190e-01
2.359287247796426068e-01
2.534308422399437766e-01
2.653134300722538308e-01
2.709097529253978731e-01
2.510316807210568046e-01
2.261417786276809783e-01
2.249686243030939170e-01
2.317693347867004761e-01
2.221364259080419179e-01
2.850727949002341832e-01
2.550055237960916488e-01
2.423724740456415228e-01
2.768004116456776464e-01
2.353798430116642859e-01
2.274861678615338612e-01
2.441849725317301323e-01
2.224542429785190956e-01
2.407974276334360064e-01
2.260128043222300320e-01
2.358638208381475254e-01
2.645112944495729979e-01
2.660867787757411618e-01
2.838632815315163538e-01
3.308663425159961147e-01
2.806919578359348133e-01
2.798280930549317258e-01
2.903269480572901462e-01
2.897348795311034952e-01
2.672575302683966036e-01
2.551541845653791940e-01
2.528087458083203010e-01
2.214533340904960290e-01
2.481835181109587340e-01
2.580091975933854753e-01
2.412357182360618246e-01
2.492899545712601861e-01
2.480181598770951623e-01
2.733215435440970453e-01
2.389745138057005613e-01
2.436786175853536129e-01
2.149545190913169923e-01
2.370049032242317610e-01
2.438230806183581401e-01
2.606192436575939242e-01
2.569154749475909827e-01
2.416243119526636784e-01
2.656496581904907450e-01
2.404516444174572276e-01
2.613011394873158144e-01
2.772677083406741572e-01
2.519055864303129666e-01
2.357193265876348920e-01
2.464646760838473116e-01
2.245539773877161249e-01
2.440037521260873810e-01
2.595517914436368812e-01
2.272316856220347459e-01
2.811820523520634496e-01
2.625201075196653133e-01
2.513314040288047169e-01
2.615179863741404209e-01
2.866969986742936571e-01
2.753941700264332937e-01
2.829029486646579827e-01
2.494484021745378699e-01
2.224468665949023150e-01
2.011219745624018562e-01
2.111896875744465607e-01
2.344275755117970206e-01
2.461905809941862255e-01
2.951169439798168592e-01
2.649746541837296743e-01
2.369210559747900180e-01
2.244921220586123811e-01
2.303527874228935290e-01
2.655444695914799813e-01
2.407568669663186223e-01
2.788480933477833212e-01
2.560513238471905928e-01
2.450619005178371612e-01
2.418398753789416378e-01
2.415858026218442589e-01
2.367589551407284776e-01
2.380303400084580467e-01
2.511807805411211403e-01
2.677916684300536421e-01
2.542039362667650182e-01
2.612086616828678820e-01
2.676066498163371943e-01
2.744272159962378166e-01
2.519323203258679311e-01
2.863345769972444055e-01
2.470644479727823473e-01
2.776272866490037683e-01
2.489005957947366399e-01
2.717734563091895872e-01
2.826243352656887531e-01
2.141353506891902347e-01
2.237657256332738209e-01
2.451983176213342330e-01
2.483860970771777366e-01
2.419583353742216780e-01
2.055093338044958751e-01
2.350945855732505529e-01
2.178325540549702344e-01
2.497847623582650500e-01
2.917775803898712272e-01
2.667306420411973966e-01
2.606495592250399618e-01
2.922861662850662623e-01
2.467226846756918057e-01
2.629519620546920677e-01
2.466858637915139429e-01
2.695044672306204370e-01
2.530148387539947752e-01
2.467561087138269715e-01
3.090143409877739167e-01
2.510576640675397098e-01
2.390629069171314180e-01
2.672814508589996252e-01
2.712445283028360743e-01
2.737043491011724172e-01
2.442668987839369532e-01
2.371411035620991647e-01
2.437210161456569990e-01
2.813134769073630803e-01
2.703734384650541833e-01
2.716793572476950969e-01
2.483236096393127978e-01
2.349433617015451725e-01
2.508234591955790238e-01
2.874107935617083998e-01
2.642622602450994118e-01
2.651944352901835500e-01
2.857077845132542926e-01
2.975397500427706121e-01
2.804369052881413027e-01
3.316746435989337827e-01
2.711892842948378513e-01
2.960770040372319722e-01
3.103644808386991083e-01
2.757047077919646538e-01
2.820096907797391417e-01
2.379931785136639721e-01
2.487472820285266673e-01
2.632903473681438289e-01
2.811498435909098315e-01
2.953450714327157667e-01
2.959939744453806143e-01
2.589039714997573016e-01
2.655393581528799896e-01
2.655391725708164397e-01
2.554838678691880860e-01
2.816622819811565592e-01
2.874831800265058024e-01
2.925319135006030913e-01
2.670971836161268320e-01
2.672603624382563492e-01
2.901699379517217459e-01
2.882473951444374238e-01
2.773316690513374927e-01
2.968578668167863310e-01
3.255978642292384762e-01
3.074165989338949467e-01
3.219715126499133606e-01
2.781562494875632896e-01
2.936547466227191761e-01
2.685968914224114990e-01
2.742098471969423579e-01
3.172581079912502044e-01
2.893072925640060578e-01
2.732183775592859076e-01
2.665649567450111834e-01
2.797458207581638989e-01
2.440217737762901962e-01
2.339372597296517087e-01
2.610851460131767277e-01
2.545525553882264091e-01
2.229994955223244257e-01
2.231641551251685174e-01
2.410434869848994410e-01
2.724118336922836114e-01
2.894697567764666357e-01
2.677510048004394516e-01
2.488016757812154534e-01
2.185277360017107429e-01
2.694186261670721283e-01
2.569728557038858385e-01
2.660545216274156077e-01
2.833800908255944551e-01
2.938766967986795042e-01
2.730790252327208179e-01
2.601528646284815838e-01
2.854426646145559188e-01
2.980114417320581244e-01
2.771961567364141787e-01
2.502801911545640134e-01
2.756094905713718513e-01
2.927545034201210483e-01
2.852436652161234321e-01
2.512986700660386208e-01
2.637260958746822648e-01
2.506631865109590906e-01
2.667878050781223864e-01
2.743206916513875049e-01
2.593499005177548056e-01
2.178721942160893321e-01
2.458249367052124656e-01
2.596459680510584955e-01
2.577537468324286873e-01
2.820405310649330977e-01
2.475816260353121967e-01
2.455135599598084473e-01
2.433773490100727133e-01
2.810362991692724743e-01
2.592803479531314292e-01
2.687148938139456433e-01
2.554310266858594858e-01
2.557851673636895029e-01
2.552207104873495669e-01
2.376025128641952311e-01
2.472552265839509100e-01
2.302773613378867046e-01
2.468777708078604138e-01
2.801743591631593033e-01
2.727478227621466522e-01
2.487617124627745924e-01
2.900776996165442823e-01
2.589498223933223708e-01
2.973793741519608624e-01
3.369087407854959304e-01
2.840365404227908619e-01
2.584910839194944909e-01
2.530181040832535921e-01
2.441484060139945400e-01
2.743393096201245385e-01
2.590522009344536358e-01
2.305606532717604518e-01
2.443656377332547869e-01
2.546090469349310270e-01
2.462857143562933726e-01
2.483909302133646968e-01
2.604425948928983381e-01
2.661346681228488609e-01
2.438033819893709042e-01
2.703733356134996879e-01
2.825425285587032653e-01
2.773897535936234449e-01
2.702500788464458070e-01
2.550392479386386912e-01
2.593245349672955724e-01
2.315344426621092078e-01
2.468473333130973557e-01
2.593115056084350223e-01
2.581047051907782719e-01
2.595811183660657329e-01
2.771135669406184499e-01
2.643584646136603045e-01
3.356493154807733692e-01
2.931589801856308020e-01
2.875519230626676359e-01
2.408072031991712325e-01
2.692140213697422069e-01
2.784288590641496586e-01
2.791388829908830749e-01
2.672779478648144025e-01
2.473627463776581492e-01
2.266408997679797699e-01
2.469966027930522168e-01
3.042946105028722648e-01
2.183272399194570446e-01
2.507510463486802843e-01
2.810703869339433725e-01
2.729717838089934512e-01
2.564438141602407017e-01
2.646102164394881218e-01
2.687639497643390385e-01
2.333370189378459192e-01
2.530439022277535810e-01
2.284616667453195360e-01
2.197981211971214432e-01
2.296703829017581189e-01
2.458669721692693655e-01
2.829692463444173911e-01
2.608831054895411894e-01
2.758757185165395809e-01
2.407969776084182556e-01
2.353945355306521214e-01
2.244842567402186295e-01
2.229620503155809730e-01
2.387121302426928326e-01
2.591080550355888690e-01
2.236939482533467360e-01
