2.461431955433496244e-01
2.483484505200329318e-01
2.418311697295592033e-01
2.801813512158210506e-01
2.462639594396286435e-01
2.493592842672154031e-01
2.873183879870891966e-01
3.059455179521616830e-01
2.959347836138103149e-01
2.956398612761501066e-01
2.786397098712608544e-01
2.976248328049159730e-01
3.080303766789135311e-01
2.867046883922446110e-01
3.179192464439624666e-01
2.851209018016440111e-01
2.881658201815455733e-01
2.760832877395191232e-01
2.696727500692586155e-01
2.835563710540068838e-01
3.082368326260805924e-01
3.066559268594186149e-01
2.892448109790631827e-01
2.244372348153335639e-01
2.593352573041467490e-01
2.255129205524167291e-01
2.265784632324095993e-01
2.375568917701762206e-01
2.246747800364814751e-01
2.518343674054589476e-01
2.741136491019736110e-01
2.541575844714767940e-01
2.731777762138962173e-01
2.704183798622880608e-01
2.849576931134158442e-01
2.161692852578361301e-01
2.346689739481165882e-01
2.566215169258981854e-01
2.599144694944696687e-01
2.463182011660448312e-01
2.389798047683022175e-01
2.335485183981377832e-01
2.808200686106068766e-01
2.381765516504721902e-01
2.675364389757404204e-01
2.657239216084154587e-01
2.404369718279366908e-01
2.200082106540330318e-01
2.335916079277512714e-01
2.320153885021233320e-01
2.552812391296859218e-01
2.437635687027590592e-01
2.528261651488510897e-01
2.939197669182760930e-01
2.502883383513279658e-01
2.423663533376755330e-01
2.654810182089928361e-01
2.470307785228221531e-01
2.568619689147552676e-01
2.380038507272224935e-01
2.563675726300786994e-01
2.748291589584158645e-01
2.562788899962935574e-01
2.518844928346273826e-01
2.530714072062069109e-01
2.687742660777681647e-01
2.316871624720148459e-01
2.620373928256296558e-01
2.378093863699964061e-01
2.439712402248220280e-01
2.805935273834102572e-01
2.671293654767358805e-01
2.693626924546165258e-01
2.281950222761984504e-01
2.637108903630066004e-01
2.712718238302533336e-01
2.415389399153838601e-01
2.457040268311345421e-01
2.418053343793287180e-01
2.442978291455773776e-01
2.361043521006266910e-01
2.650488578694595310e-01
2.521482494926342577e-01
2.074240144945992403e-01
2.226249919910304187e-01
2.431910320964874306e-01
2.776544025062073207e-01
2.606765166257818955e-01
2.750028447498578665e-01
2.798434042488220919e-01
2.614187778209590141e-01
2.365957019104203141e-01
2.468390892664499570e-01
2.529590038871424862e-01
2.465182025727831461e-01
2.357109028994421873e-01
2.258781820289227915e-01
2.338450085387805411e-01
2.356871873264653194e-01
2.352453358627750180e-01
2.584539347140892840e-01
2.815885429187495737e-01
2.651411680444905605e-01
2.701386107052951568e-01
2.693688328484910022e-01
2.237707816514960535e-01
2.525722198709975941e-01
2.604272512608149515e-01
2.413516901512432200e-01
2.582502856051835383e-01
2.316992351812493522e-01
2.817241254599545663e-01
2.628543090797866855e-01
2.488593882904318044e-01
2.453820180991709010e-01
2.702026657338461035e-01
2.539266947905996497e-01
2.772436369371914511e-01
2.725560196447068817e-01
2.460717389887813744e-01
2.601017227594263903e-01
2.547335668824085575e-01
2.410335338388418791e-01
2.884489497822830817e-01
2.968603751395626489e-01
3.062875530373296296e-01
2.947204148940397173e-01
2.674461521496008243e-01
2.602372083230246047e-01
2.832668837147402918e-01
3.011690908771266773e-01
3.139446037601899553e-01
2.823352668133425891e-01
2.891388507644310768e-01
2.876030908676588393e-01
2.769001504766495647e-01
2.994596556601465398e-01
2.803325676567084423e-01
2.835659908758848546e-01
2.864392231184454407e-01
2.367977306097915069e-01
2.506301075643953546e-01
2.539579799042037123e-01
2.486382552826517378e-01
2.855411760690963474e-01
2.555612337496103725e-01
2.359327297580586791e-01
2.735477446976681826e-01
2.589634740857371664e-01
2.787098239007429479e-01
2.631852004560522040e-01
2.511548426663530731e-01
2.424066260274319318e-01
2.694637419789067123e-01
2.732334105783697509e-01
2.243351757290487081e-01
2.337375781321243406e-01
2.336856224158667672e-01
2.815717556029514457e-01
2.564910125696547860e-01
2.744989091806617210e-01
2.625648640837789927e-01
2.538736804920243006e-01
2.631924509581187177e-01
2.659667942188461698e-01
2.672858736153111425e-01
2.572384386474137474e-01
2.539573877516733136e-01
2.569442722870311502e-01
2.834598129965956725e-01
2.556149391298693785e-01
2.734497633262057414e-01
2.350226730268034359e-01
2.429400719633167394e-01
2.748223225727160490e-01
2.771659051460690915e-01
2.820838295585681998e-01
2.989530977567517733e-01
2.457641641381500819e-01
2.446285864285304423e-01
2.512498875573954682e-01
2.291957765799226832e-01
2.174089330634457751e-01
2.526738704024667492e-01
2.510143623211039676e-01
2.486587079189501726e-01
2.715168509636623484e-01
2.684652377058113215e-01
2.792648735900586376e-01
2.684881618568502049e-01
2.653048399596599216e-01
2.632436446132575547e-01
2.625620750689801608e-01
2.354978380841532548e-01
2.682411078057112541e-01
2.573318690485882354e-01
2.495162191267575325e-01
2.548216537715031205e-01
2.556380730658735501e-01
2.554967276324194847e-01
2.525714787244594528e-01
2.714683629534647147e-01
2.752443366566128535e-01
2.676027841469552637e-01
2.593849849363517035e-01
2.530590614654594783e-01
2.347468679986534357e-01
2.454078547836483493e-01
2.363580693086943518e-01
2.663032386264109208e-01
2.889657170092743144e-01
2.896500383745999052e-01
2.501615632679633494e-01
2.450444682407055541e-01
2.920982622867635548e-01
2.756806861205092218e-01
2.707399278655067687e-01
2.675082807926216777e-01
3.016621361543090352e-01
2.585106787999799094e-01
2.663602182681049091e-01
2.424162488473837473e-01
2.615351956898841479e-01
2.849166611155056206e-01
2.938236639731072186e-01
2.739731039510180932e-01
2.770747898622927252e-01
3.196596809727387245e-01
2.891896362663631814e-01
2.638234191505213211e-01
2.762627458347767795e-01
2.607574115935707426e-01
2.636702317432160769e-01
2.580191423396617223e-01
2.463983941231063235e-01
2.645966795869378885e-01
2.334873755978408294e-01
2.512871554425623599e-01
2.463409090667229295e-01
2.379764884919680912e-01
2.526531819068517648e-01
2.710501642688564194e-01
2.293007878134991628e-01
2.774979990362261284e-01
2.462164898464784257e-01
2.352482983904821690e-01
2.803918408077183955e-01
2.746701754975279242e-01
2.701780521416740077e-01
2.561413936498250221e-01
2.827579745835788194e-01
2.971390459753389668e-01
2.591173636233974342e-01
2.783769477940990500e-01
2.921714413997119619e-01
2.786526376305378805e-01
2.669341283490092032e-01
2.666454313632393713e-01
2.723471826329438295e-01
2.914224747762224621e-01
2.830274418132436853e-01
2.676467563450867226e-01
2.845689029868976871e-01
2.679606636870358050e-01
2.922356625972356570e-01
2.845293353653079449e-01
2.180026062819860888e-01
2.331624129505136811e-01
2.346634812601299802e-01
2.470651600841132223e-01
2.313846576475112049e-01
2.666109303103317285e-01
2.257309744764751935e-01
2.435853918766301140e-01
2.577880265812286242e-01
2.407198062613548351e-01
2.453470005068418558e-01
2.693498883704080749e-01
2.115740872512593684e-01
2.448399315252364761e-01
1.960941238659840713e-01
2.237720980577670993e-01
2.258935502549448693e-01
2.454427350230792004e-01
2.753861103361748830e-01
2.321206172373286858e-01
2.327449827115891656e-01
2.178235762442291557e-01
2.273227540295327254e-01
2.544019803521987977e-01
2.812689421730071859e-01
2.551336043599248260e-01
2.602237597936417068e-01
2.624213939415054320e-01
2.600117882045336337e-01
2.763899669230875933e-01
1.935359484251810702e-01
2.112592540025959031e-01
2.811577816383591943e-01
2.507367552491699403e-01
2.482576513316111511e-01
2.357650267980387904e-01
2.293981539512926771e-01
2.571230767600026224e-01
2.550236686833271538e-01
2.458568949373044488e-01
2.327717730495308113e-01
2.351189742290993034e-01
2.431404424640576378e-01
2.457785479285380104e-01
2.541816317733524011e-01
2.408435581939246672e-01
2.364777662093000277e-01
2.287126507272090048e-01
2.832722632121063011e-01
2.384275969526212791e-01
2.508789912612449102e-01
2.706515420676093298e-01
2.473762661029990650e-01
2.569377823894300472e-01
2.459232751154406815e-01
2.768742037120824340e-01
2.627345312008313449e-01
2.593636239965872448e-01
2.525878714477094444e-01
2.359380724680112951e-01
2.681762442487082843e-01
2.467489134313185506e-01
2.860192603469550177e-01
2.479024488349264865e-01
2.603386613942887950e-01
2.571509375500367622e-01
2.770486117214783217e-01
2.869182639875151875e-01
2.877682667215334389e-01
2.477041906087361356e-01
2.256537206642461602e-01
2.185390413298118062e-01
2.385086530899160895e-01
2.307133975483979804e-01
2.327870265290407914e-01
2.464515316110357512e-01
2.434347303290592679e-01
2.304507347788562199e-01
2.504838401588880270e-01
2.411066561143972442e-01
2.591637930220287434e-01
2.553322944534495709e-01
2.664056556408959109e-01
2.912056298529299148e-01
2.875456374237836399e-01
2.670124170374997830e-01
2.803938463487078425e-01
2.519250650216180443e-01
2.731847355719912995e-01
2.362258182318147381e-01
2.723802385342171117e-01
2.584671360045631139e-01
2.493586758285905591e-01
2.392605779541823463e-01
2.477726174913968404e-01
2.684937822907665361e-01
2.675330337032789108e-01
2.502300536158821864e-01
2.421592548891883800e-01
2.279881731344008400e-01
2.380516234273624687e-01
2.401043024017646410e-01
2.991860226625487895e-01
2.594698701664473472e-01
2.371831129630413149e-01
2.379770822221210502e-01
2.380218084542648216e-01
3.168788774138555087e-01
2.222027797762563817e-01
2.675662873601495906e-01
2.978039778431643692e-01
2.548135736875906665e-01
2.870800340864639866e-01
2.987439844749703588e-01
2.817640332860498753e-01
2.461774283573128774e-01
2.332553092814212969e-01
2.320676287100511548e-01
2.359647705432716680e-01
2.222903266847645887e-01
2.360061487075837405e-01
2.626491140099148081e-01
2.559005993339236729e-01
2.668843617009819535e-01
2.646386219384888050e-01
2.696573595646496457e-01
2.974911011774937220e-01
2.800268766995803738e-01
2.590372429499780416e-01
2.463168352945544759e-01
2.336942321360531150e-01
3.036226479584149263e-01
2.502814491302630673e-01
2.563196530247729421e-01
2.875142985372395876e-01
2.684940755570777160e-01
2.877877310620907680e-01
2.620286127543121624e-01
2.749344453196080895e-01
3.217027044324918816e-01
2.656208467161203512e-01
2.316246513099490256e-01
2.408309246070695075e-01
2.420932425196536397e-01
2.391958587055471874e-01
2.566314464875600332e-01
2.336517155159141546e-01
2.441926451454062841e-01
2.343225954765236485e-01
2.419408857173790395e-01
2.016183463651340935e-01
2.369826585612396785e-01
2.278252544008436409e-01
2.560742101138873683e-01
2.758100711287426177e-01
2.699591514075910803e-01
2.702089520585284621e-01
2.537323561189068211e-01
3.058209395237070360e-01
2.839773651164801960e-01
3.162003022012075948e-01
2.583456036218130247e-01
2.964025549653458991e-01
2.523803284679976833e-01
2.570250815928181720e-01
2.747251490189440148e-01
2.425119932266855127e-01
2.362160643831492934e-01
2.258303176964510661e-01
2.551094524329254321e-01
2.779817437596046603e-01
2.930048473058540215e-01
2.495760707362937869e-01
2.714443869421136468e-01
2.173407242691541008e-01
2.517454195254303917e-01
2.848937971755090004e-01
2.367027080219173685e-01
2.216013419555679098e-01
2.600544262937939943e-01
2.663536358466060405e-01
2.688262148484421021e-01
2.680823803028921648e-01
2.289978963442258764e-01
2.429767833605269989e-01
2.753653926157632603e-01
2.585652823572877068e-01
2.602648532601393727e-01
2.483890830792613025e-01
2.435874382614388878e-01
2.722055227245926967e-01
2.567184006343335989e-01
2.486735369248621874e-01
2.476706803528284373e-01
2.396012585501638426e-01
2.480721547591395737e-01
2.544397284392123648e-01
2.271492737206405321e-01
2.347168105951239758e-01
2.530119110581927067e-01
2.410090491095256693e-01
2.559891748660135802e-01
2.470682047070291154e-01
2.974630026342011679e-01
2.617832978369419306e-01
2.734829975872622443e-01
2.465373714486015222e-01
2.720434876373736266e-01
2.668737175668042805e-01
2.490193890123139353e-01
2.239205196116873520e-01
2.564661832283300913e-01
2.453453438402712350e-01
2.453845445347569154e-01
2.535587500200346955e-01
2.896912391013921062e-01
2.395792269946722397e-01
2.422690247892617943e-01
2.475966439578772271e-01
2.701871602297892805e-01
2.703096955828931391e-01
2.473691712987842739e-01
2.353525590993017780e-01
2.572685207232672244e-01
2.526639473502093058e-01
2.662650306945351653e-01
2.691641639719222767e-01
2.724327135511527276e-01
2.959496838113572226e-01
2.386708320945368500e-01
2.594023311290667988e-01
2.378635893585533123e-01
2.870524297879393782e-01
3.126403053565137147e-01
2.992272045236394895e-01
2.494396311382543474e-01
2.276749458547774885e-01
2.508102166128021171e-01
2.475209516145576438e-01
2.896202016390910794e-01
2.792799051517312336e-01
2.795612045110679733e-01
2.498753924361054590e-01
2.620073149151467828e-01
2.384839792058485175e-01
2.450018034761747565e-01
2.778386339188891885e-01
2.682953330208682208e-01
2.838109379801151966e-01
2.536778835362147877e-01
2.630378835279043037e-01
2.735577624196043334e-01
2.531696230437228690e-01
2.363730409837562774e-01
2.794591297506434091e-01
2.855006623883434291e-01
2.548947181005258855e-01
3.001780435819001447e-01
2.855837055532134960e-01
2.836913491726179015e-01
2.608329526857896541e-01
2.951738908189847632e-01
2.747807924330196161e-01
2.593843336579993997e-01
2.459769448391433411e-01
2.496748373132602616e-01
2.262441319888085778e-01
2.737456655322809684e-01
2.540047759311403475e-01
2.754031700547190376e-01
2.732217330677896849e-01
2.483689194738422368e-01
2.589545562705993786e-01
2.607759684877494211e-01
2.562095619116132594e-01
2.793825613945837283e-01
2.813309128341077714e-01
2.607148877545021337e-01
2.486907272615322684e-01
2.600652845405037605e-01
2.632410306797269284e-01
2.698966628779059240e-01
2.444480310789165778e-01
2.584874462133678885e-01
2.511296584495287254e-01
2.731462144323986152e-01
2.877805347150851900e-01
2.691857441461916745e-01
2.525050043732025573e-01
2.834973194748452441e-01
2.754234945117484124e-01
2.669595081914759582e-01
3.057801505258910812e-01
2.758452226064704305e-01
2.389436009220134161e-01
2.527835671129417539e-01
2.634051155242728148e-01
2.698387863973120138e-01
3.117958125872031250e-01
3.033688838962969592e-01
2.926754809063585316e-01
2.639112081363564899e-01
3.095724252738183968e-01
2.881271891855246570e-01
2.740748431895964621e-01
3.425024132605590799e-01
2.647028786144869361e-01
2.631375694585237346e-01
2.883642494856710758e-01
2.650158215362343195e-01
2.547899094526335229e-01
2.762535171420044122e-01
2.595272940864023492e-01
2.700337344451964605e-01
2.720603561561359407e-01
2.937992127870908132e-01
2.799695884406665503e-01
2.740656072248119357e-01
3.057292115336323612e-01
3.241812323963917941e-01
2.534396990079027523e-01
2.474090544355743715e-01
2.376160818782460105e-01
2.625708032704742179e-01
2.820555724507502471e-01
2.976238456361577356e-01
2.920656962109107746e-01
2.932201338741172725e-01
2.880078859353451537e-01
2.683084246965583564e-01
2.548569424669170913e-01
2.288290270312632047e-01
2.473307936303977272e-01
2.539165898338726080e-01
2.311518990926194894e-01
2.400911029572338484e-01
2.973975667647376642e-01
2.551268630645260327e-01
2.498504671343058370e-01
2.508813945382472599e-01
2.402522799468403136e-01
2.459184758320313302e-01
3.110066325689238020e-01
2.924067762182966934e-01
2.322913230882800995e-01
2.447107449075135444e-01
2.627883409193862430e-01
2.674352296004429697e-01
2.822267763151414810e-01
2.746110945206583498e-01
2.434789824196182673e-01
2.716984295819429573e-01
2.876065679768977090e-01
2.909513207468806817e-01
2.736040195765439553e-01
2.759304986242036573e-01
2.549969510371311032e-01
2.262324893122313607e-01
2.039630759228036605e-01
2.568062176085090798e-01
2.799893612923431974e-01
2.869308320281963587e-01
2.767053300178689001e-01
2.881416412814479244e-01
2.689162927617350651e-01
2.559808959113636928e-01
2.998799077164430171e-01
2.910855424981637629e-01
3.127008524484453100e-01
2.915232251365840188e-01
2.922945684136257216e-01
2.582273776810060095e-01
2.802666192007666202e-01
2.753792581711339005e-01
2.264262722542565720e-01
2.149230427513175445e-01
2.513323796079586225e-01
2.386218073901999193e-01
2.479291953063746112e-01
2.548031448733208415e-01
2.263047621320747049e-01
2.529798730858001665e-01
2.588562063373219257e-01
2.457805776511486906e-01
2.384192107347925804e-01
2.494425729111041379e-01
2.802245579032871525e-01
2.534577297711644306e-01
2.544634740598130107e-01
2.845066407676467568e-01
2.752766211181708056e-01
2.717624920553188828e-01
2.623064593458259708e-01
2.616353968500271243e-01
2.347378630549980805e-01
2.557233516224706182e-01
2.446055749710533411e-01
2.422916730277662467e-01
2.596155267532970767e-01
2.525937578239559889e-01
3.048493095216920357e-01
2.822547432106548015e-01
2.845783787524498454e-01
2.977196333183771415e-01
3.219003204307331889e-01
3.448507551362571255e-01
3.153720384239170338e-01
2.971416681042509111e-01
2.760905290289273339e-01
2.539364549563496998e-01
2.596858356397397372e-01
2.662193481893789238e-01
2.618573145732837615e-01
2.692360014939645940e-01
3.192190348750301720e-01
2.422800262397971638e-01
2.645948035627218031e-01
2.746540174295855619e-01
2.329454557988870356e-01
2.478190795845018890e-01
2.771346532581420719e-01
2.415176321556616601e-01
2.419267881580946800e-01
2.604847543092022599e-01
2.448917460538109214e-01
2.503540838200464802e-01
2.643354936081969142e-01
2.661781506407702724e-01
2.499814497840680549e-01
2.666883484355883072e-01
2.566768863797471711e-01
2.241568405389073870e-01
2.917022547772151198e-01
2.545165072099700443e-01
2.366799364436286690e-01
2.354443921741393719e-01
2.365557418223208919e-01
2.809117064947426745e-01
2.594630932779316002e-01
2.398233251991927217e-01
2.345653233542261684e-01
2.250558262028210799e-01
2.587321531038210276e-01
2.609278749986259638e-01
2.611404779582298663e-01
2.535302711675614940e-01
2.475873374704009311e-01
2.668312683776929428e-01
2.701489581184884359e-01
2.646515285572429432e-01
2.615530778027206904e-01
2.443936302603380850e-01
2.262266315820517515e-01
2.732186446378959688e-01
2.697719934646138906e-01
2.596634446673809493e-01
2.556502306084000864e-01
2.155456428474639974e-01
2.488869837294773457e-01
2.786639021572487884e-01
2.568263453999340973e-01
2.327975319693241230e-01
2.378735239871987150e-01
2.296265674233259058e-01
2.420669659941404595e-01
2.622994860367696135e-01
2.553372759750904275e-01
2.292101567664785455e-01
2.436821196673415457e-01
2.451467801765390142e-01
2.553674715229392045e-01
2.553704376729188930e-01
2.926061567997251811e-01
2.930682662346444922e-01
3.057212025464925431e-01
2.974943407560199371e-01
2.978114652859306100e-01
2.765636610341901669e-01
2.559176433228700920e-01
3.107701361393822581e-01
3.238996304244460278e-01
3.044577873733239626e-01
3.045247309624585785e-01
2.699950383113103314e-01
2.618736535526572928e-01
2.570017558729701390e-01
2.498323852928719113e-01
3.032507900745572971e-01
2.870746983904969851e-01
2.682912375685380657e-01
2.451381539953197131e-01
2.487378548181650439e-01
2.955354204847113198e-01
2.566385397829277215e-01
2.402935842652028364e-01
2.291456872118071697e-01
2.416755407766486285e-01
2.440178409391487169e-01
2.311374901767510592e-01
2.481478185753105969e-01
2.450821133663727835e-01
2.572954802287000242e-01
2.760955735522604981e-01
2.578802204876758930e-01
2.384948925020263233e-01
2.323073238971965770e-01
2.642357069236635492e-01
2.354187851470365966e-01
2.665899420182999413e-01
2.604540355395602580e-01
2.634588928835604471e-01
2.591603077017792800e-01
2.340174575021817527e-01
2.151373947796179631e-01
2.401496681667818489e-01
2.500999238756132503e-01
2.615848694883007308e-01
2.689839237831724850e-01
2.735283604802545288e-01
2.798610079575328813e-01
3.256537548807578175e-01
2.782195248674182442e-01
2.475808955586472349e-01
3.265839952731891538e-01
2.789752099526016660e-01
2.538590861085371908e-01
2.587893557162407321e-01
2.362867524893627058e-01
3.110751860253918033e-01
2.626179260056643039e-01
2.362268491382711055e-01
2.048470532706330449e-01
2.176383415429562485e-01
2.511322562224552746e-01
2.990659686367175829e-01
2.650982255139979205e-01
2.253449203027348968e-01
2.275289954404244586e-01
2.957066984018468792e-01
2.975451506121430389e-01
2.772679147411628575e-01
2.805617013247852509e-01
2.670155379320673372e-01
2.567655423693410155e-01
2.466025893594691876e-01
2.515047418464316786e-01
2.498126275963896969e-01
2.875990824010088986e-01
2.473202843041573673e-01
2.682552774913901650e-01
2.631560082598653483e-01
2.656719792566544225e-01
2.638046982006745367e-01
2.755373133843271871e-01
2.524877055609427989e-01
3.011000840545844381e-01
3.266361578546335132e-01
2.908164112549614377e-01
3.428001931513346423e-01
3.098517733127159612e-01
2.798779208185832590e-01
3.156640488884557283e-01
2.787707340176823756e-01
2.813152948598219849e-01
2.631093391055013275e-01
3.053829905324993432e-01
2.629918030638814241e-01
2.518524628584984382e-01
2.276664839178416666e-01
2.360740742289789418e-01
2.910289636969947136e-01
2.714584313872931975e-01
2.443539327968609065e-01
2.680588570779224300e-01
2.439820618729484358e-01
2.439939393693001390e-01
2.810706714375850179e-01
2.665732256259721877e-01
2.853440057615969083e-01
2.618271008596659843e-01
2.501529885563704703e-01
2.373949145861444510e-01
2.518101884900716958e-01
2.548117997409975466e-01
2.468479320072230476e-01
2.683841651148829999e-01
2.480522138824404477e-01
2.666402429895365911e-01
2.454908435124607269e-01
2.869766848587193553e-01
2.515669124909665766e-01
2.628023628876500206e-01
2.841054158865233270e-01
2.684023178089545159e-01
2.591919952237436431e-01
2.584962319273809705e-01
2.698074404016120309e-01
2.704235042205993533e-01
2.298415970210933024e-01
2.455688776652503180e-01
2.371434085662059155e-01
2.526977733681445848e-01
2.724056778101733856e-01
2.639564191031777973e-01
2.580874931729407185e-01
2.339698676732901994e-01
2.343951451172648914e-01
2.349013442532106033e-01
2.575982165511779831e-01
2.407632669459868480e-01
2.241379157473722128e-01
2.457245755990964120e-01
2.547968049102848354e-01
2.630320021439249145e-01
2.742700877413340455e-01
2.513988079278254850e-01
2.374181029757763683e-01
2.381061115198628009e-01
2.477587016688423405e-01
2.739091549852964436e-01
2.505973525628190091e-01
2.345088604588702053e-01
2.416977429411109324e-01
2.695272090895937112e-01
2.462676694196118121e-01
2.528159627678890908e-01
2.666473966018732544e-01
2.770540197641492286e-01
2.531502266364674680e-01
2.737330591822844661e-01
3.401593812140181194e-01
2.872549089723522853e-01
2.679996083894071179e-01
2.595780446755169835e-01
2.561076684511150447e-01
2.717320100838408470e-01
3.102008066118354668e-01
2.629204412512845535e-01
2.530153768434671435e-01
2.555187399909201185e-01
2.736978737882705959e-01
2.601784584512502052e-01
2.688303777267329608e-01
2.632864489094308147e-01
2.523394072266630372e-01
2.602347415903406569e-01
2.564140319969013815e-01
2.823627580320162145e-01
3.129126674537480168e-01
2.716094678464945900e-01
2.275645808796418201e-01
2.350104840160108510e-01
2.942759841231129547e-01
3.149958802575416050e-01
2.949551142655599811e-01
2.736459241576526535e-01
2.466338483050969366e-01
2.615661725166877893e-01
2.221527760071581592e-01
2.507400358602636103e-01
2.373275307721040284e-01
2.492854162940500995e-01
2.861438483685855849e-01
2.787892908749190490e-01
2.783940848659017253e-01
2.754817767246279803e-01
2.663782872826690462e-01
2.552641468440881023e-01
2.606722972816117867e-01
2.434936182430509077e-01
2.371248118956268691e-01
2.843161929662573195e-01
2.740147671751290148e-01
2.540971456956648278e-01
2.445420008772236087e-01
2.605034235998398007e-01
2.443440132094516215e-01
2.141819792272054435e-01
2.532913790928833508e-01
2.739739237941790639e-01
2.690395656258111057e-01
2.472458323959215720e-01
2.636367811337907985e-01
2.683559513297074095e-01
2.789571418469967146e-01
2.904380461543536462e-01
2.879374620127431172e-01
2.571350258456203686e-01
2.787643245515420976e-01
2.911613880556196965e-01
3.042873252334735157e-01
2.907377523868708291e-01
2.717908690520574599e-01
3.104516197118594723e-01
2.870567105710630229e-01
2.494650238676052734e-01
2.500534725927159307e-01
2.548611605044447392e-01
2.607009996981921596e-01
2.658728292354102241e-01
2.382156620742594544e-01
2.362695963224314410e-01
2.344628644778176119e-01
2.594765188823182633e-01
2.579618781504133818e-01
2.653029826993016371e-01
2.338719946977574904e-01
2.479585043539243305e-01
2.563615541067597037e-01
2.465472321038916503e-01
2.468984570304489645e-01
2.159668953722353735e-01
2.232441583063265456e-01
2.253083169633459670e-01
2.367187135807728993e-01
2.202337995796221082e-01
2.730885732588937964e-01
2.480653463501119871e-01
2.231196809599403086e-01
2.403079782031605771e-01
2.581761693506642308e-01
2.331955638290283406e-01
2.409141856521483105e-01
2.657492711071278713e-01
2.412254955218000874e-01
2.618217053189001997e-01
2.555716537535271393e-01
2.422249705213901372e-01
2.572924502271550229e-01
2.540098121612184845e-01
2.498282835754151998e-01
2.618275723025473845e-01
2.715349494366905425e-01
2.505204043973922601e-01
2.259902707500861252e-01
2.393963670682658640e-01
2.480947728189215884e-01
2.545469133560650521e-01
2.396337070093078336e-01
2.541625431413174763e-01
2.555664493199012455e-01
2.573687187045762270e-01
2.758082085129937022e-01
2.637038468425314530e-01
2.722724364300646571e-01
2.902313179854645875e-01
2.566225621960959713e-01
2.884442609510781685e-01
3.065419440171668342e-01
2.986334303400414170e-01
2.684853889457062825e-01
2.631634598319107510e-01
2.649267356946865548e-01
2.672098002352220059e-01
2.934253139837608160e-01
3.030704685400328890e-01
2.998216071457577847e-01
2.888929097330736329e-01
2.817153001355559572e-01
2.925561691693126520e-01
2.450361224817667327e-01
2.714909418659202656e-01
2.570608902218724512e-01
2.463577827899694206e-01
2.737108072733983599e-01
2.792904003083928055e-01
2.648446678106019525e-01
2.552227189862312784e-01
2.314203021058012233e-01
2.636785579813035740e-01
2.786116726651315378e-01
3.003396780859767801e-01
3.568896154388703224e-01
3.357118014002457018e-01
3.378047544940525615e-01
2.864744528277387570e-01
2.625094159205406119e-01
2.428638946179340341e-01
2.568851081630426081e-01
3.062035964192511561e-01
3.033072464610963581e-01
2.728147926115669364e-01
2.831805227239395650e-01
2.629300157078685585e-01
2.747763414664958770e-01
2.921939324249196446e-01
2.565254079454266645e-01
2.370939754356473361e-01
2.647474882828965148e-01
2.686026946580465924e-01
2.579262870453447043e-01
2.466464994888289131e-01
2.562201604822737511e-01
2.682567126684780590e-01
2.428472884858550729e-01
2.643096372160545493e-01
2.764245762205267409e-01
2.910710193937066648e-01
2.708932390902553666e-01
2.559876262672680647e-01
2.485745743234225869e-01
2.420934659985247150e-01
2.744638639320785001e-01
2.312681104177012337e-01
2.784734745717382665e-01
2.542959013717460137e-01
2.832436635185952567e-01
2.548875245869213768e-01
2.308124331783459882e-01
2.136648745484462375e-01
2.552400107492336923e-01
2.394633356962365955e-01
2.675955380829065922e-01
2.530206872048944011e-01
2.563718030682484716e-01
2.682202068586535537e-01
2.498345493102465675e-01
2.415178749610117359e-01
2.807045746187481483e-01
2.429840960734204469e-01
2.568024315376691846e-01
2.620044978345924536e-01
3.139153229157491953e-01
2.865560180664190049e-01
2.453526578745023334e-01
2.606860079799637742e-01
2.726162143294011408e-01
2.339523987704349717e-01
2.493957609850274149e-01
2.454554981989373608e-01
2.393987338735416581e-01
2.417339745740614554e-01
2.391674495354446928e-01
2.466165152641226488e-01
2.685123541930753976e-01
3.024499709488968624e-01
2.559903622118026023e-01
2.452377383802555322e-01
2.128657945543421803e-01
2.504051775581266903e-01
2.756335663493321708e-01
2.417955467906092448e-01
2.635732609884140487e-01
2.386756472463484324e-01
2.502752156177597276e-01
2.561817670723567364e-01
2.512205822680593781e-01
2.494622154159391036e-01
2.713490457265440581e-01
2.401936272404977257e-01
2.529267789601246652e-01
2.452103007548533387e-01
2.403414511714979385e-01
2.205518959986235428e-01
2.376510587041931188e-01
2.477073892903789987e-01
2.218960102999517348e-01
2.526963932712788519e-01
2.539295255638411297e-01
2.392951379123351985e-01
2.515129167610883898e-01
2.193887741467853425e-01
2.620023622357632309e-01
2.328372583234350479e-01
2.151109149166853529e-01
2.287034094250240401e-01
2.384658168245054888e-01
2.209283583207949930e-01
2.450757192131494955e-01
2.358875585648940731e-01
2.701957234780401063e-01
2.666135684609852730e-01
2.458862528785983048e-01
2.261527804047034906e-01
2.488337836172856976e-01
2.561084884036324838e-01
2.454424676478757783e-01
2.719431022198010584e-01
2.773340609908645504e-01
2.343211507594835930e-01
2.629287919731199685e-01
2.672210263511020090e-01
2.652766847900089320e-01
2.522209528211656893e-01
2.513087403320184987e-01
2.592653383780884613e-01
2.363597672702240360e-01
2.702034159630104515e-01
2.283574963467673302e-01
2.478378806154283853e-01
2.472320195838932921e-01
2.666871528384240353e-01
2.655336011302292243e-01
2.324253505149058707e-01
2.676068095284256376e-01
2.927165434204954120e-01
3.023430427055390224e-01
2.701131107375718821e-01
2.924093893768987540e-01
2.848237260538876159e-01
2.799867847531603560e-01
2.831650948725881745e-01
2.528309850639090528e-01
2.355403199700597250e-01
2.554424942620916461e-01
2.359937026933631721e-01
2.290855154048861975e-01
2.497984480649596828e-01
2.795554878105225849e-01
2.468728489409223736e-01
2.566983515663235349e-01
2.512929080459829767e-01
2.479304376002776367e-01
2.398797279651018743e-01
2.701828355801021986e-01
2.924523917919462646e-01
2.875371727162990831e-01
2.780404609207740574e-01
2.373261607427994691e-01
2.276943587087140175e-01
2.672954421853562801e-01
2.530549142504487925e-01
2.616069664569240505e-01
2.893137333219281127e-01
2.625084788689874271e-01
2.495092747385138920e-01
2.750022857393971121e-01
2.655675475580278055e-01
2.951832212866081773e-01
2.868793883163491820e-01
2.329077291022422225e-01
2.065062319382925671e-01
2.357950358814657754e-01
2.581934798465171932e-01
2.402822840926326364e-01
2.749884140645943442e-01
2.570462000013680193e-01
2.737106551497164308e-01
2.781552963690649971e-01
2.576781615730074915e-01
2.530492481134282157e-01
2.863741402266676839e-01
2.506616547357172209e-01
2.629001313680248697e-01
2.359782342278217704e-01
2.849355652325502031e-01
2.482363989409953065e-01
2.528768460403021945e-01
2.673699130557627424e-01
2.778668113143400453e-01
2.777302708880015625e-01
2.887908788772149959e-01
2.648229653839074271e-01
2.720811849416437389e-01
2.427818792334077436e-01
2.713079747395952257e-01
2.322817841607467126e-01
2.391684659579870753e-01
2.518021375413294072e-01
2.770864761426889422e-01
2.630170379028245464e-01
2.710522516684006900e-01
2.472231041092358417e-01
2.672049442319884283e-01
2.597424847028473316e-01
2.777206981350707204e-01
2.687612212274484436e-01
2.827625774229057809e-01
2.967541134518507651e-01
2.525057876228752884e-01
2.818912644318937177e-01
2.415001129871330032e-01
2.553630564550263271e-01
2.464068157169673201e-01
2.488086632136194964e-01
2.482438228426931404e-01
2.882055106484884277e-01
2.494951983882546520e-01
2.683505145210718368e-01
2.847415318967946862e-01
2.767519319581193682e-01
2.919779116903464811e-01
3.179954087860773493e-01
2.932371714351116321e-01
2.707449230507044113e-01
2.809694479975152759e-01
3.604817785806874730e-01
3.081991874393430475e-01
3.129041319785583752e-01
2.581371374377419148e-01
2.985501098291168942e-01
2.884974425711693269e-01
2.656789184933795456e-01
2.668241657286100632e-01
2.681066862489108193e-01
2.758860347312081518e-01
2.666035811159920832e-01
2.519565751390179797e-01
2.766487911915106457e-01
2.541334213064610492e-01
2.705159532753967921e-01
3.116185765617323633e-01
2.667897101894992073e-01
2.837331795001749590e-01
2.597857426998300689e-01
2.931147137039363249e-01
2.571611782590048634e-01
2.608524295262324988e-01
2.782691541142353064e-01
3.081700114652746181e-01
2.579938647152750231e-01
2.500654897690110512e-01
2.723619770270141460e-01
2.753078799138000132e-01
2.761591710002310740e-01
2.765847901299872125e-01
2.410321261135729143e-01
2.976614248935924856e-01
2.668410668730303859e-01
2.589385679464958900e-01
2.324771785829509441e-01
2.178160532144011174e-01
2.378088719977718701e-01
2.661259168621872284e-01
2.670357190888636434e-01
2.718728468196247028e-01
2.435588695891438560e-01
2.399207849350266375e-01
2.296245243553409476e-01
2.286324772334053790e-01
2.107989638655625442e-01
2.368700983543240990e-01
2.199581132493654001e-01
2.467519198000543978e-01
2.468012562490549677e-01
2.425607790266354202e-01
2.384534817346917190e-01
2.407817716997030233e-01
2.687327479642482864e-01
2.637803731824566178e-01
2.662127283859675453e-01
2.362055474494510476e-01
2.906056627059481201e-01
2.494269273614098392e-01
2.575459637266603319e-01
2.887418645700944864e-01
2.656083006490225218e-01
2.764733248801251597e-01
2.745020980129261878e-01
2.896455954503792674e-01
2.832167558912890293e-01
2.533712112530993599e-01
2.751046132630819430e-01
3.317623243927004251e-01
3.001932949006061446e-01
3.109345046276327795e-01
2.739698440553519632e-01
2.778447597776358413e-01
2.793613205899979079e-01
2.934598804213240930e-01
3.028842658702323720e-01
3.113615516595571453e-01
2.652601758011163824e-01
2.671412765703718439e-01
2.400456401626937797e-01
2.654588303189701626e-01
2.616754057253407040e-01
2.433221407711616546e-01
2.695455643821184077e-01
2.541827667011729019e-01
2.818510270149755526e-01
3.153147537269487821e-01
2.770050869735082300e-01
2.590408024126380493e-01
2.574144154959214781e-01
2.239495550373477584e-01
2.439552975060346462e-01
2.549732589814838746e-01
2.361078913255166556e-01
2.406580496326649055e-01
2.424232812328943609e-01
2.482978045968485814e-01
2.551625298265342567e-01
2.438752738111405194e-01
2.515745681972139658e-01
2.520159039460208028e-01
2.977849844863816875e-01
2.841777248332824635e-01
2.987731971244810270e-01
2.891001436558771065e-01
2.463984357024560645e-01
2.535389103970605573e-01
2.526734983605573581e-01
2.633456152444487164e-01
2.236969812142378389e-01
2.382101554312624769e-01
2.411948894509803598e-01
2.594696473750524035e-01
2.371561487211153452e-01
2.404210789990208486e-01
2.524287054822020315e-01
2.413091880449480531e-01
2.794705123869824503e-01
2.590026250681769504e-01
2.230360869888253494e-01
2.451854723606922137e-01
2.332877215057820586e-01
2.553458477491987177e-01
2.748303996708285069e-01
2.586270190332874419e-01
2.859903048271279502e-01
2.965511345892771211e-01
2.555251823506167752e-01
2.463417751432373237e-01
2.350011542347522631e-01
2.769196595174659437e-01
2.497168596491010084e-01
2.685008278610448440e-01
2.489677378641658445e-01
2.661002229671823871e-01
2.505095942660391373e-01
2.328899488909337012e-01
2.639203029009044577e-01
2.315303811188211269e-01
2.635878478129115021e-01
2.430193788271654276e-01
2.600765344464012752e-01
2.673099647773561904e-01
2.364465482513224692e-01
2.384488815047153820e-01
2.490640792568419304e-01
2.463521579882559931e-01
2.308565440090151744e-01
2.333368544940817579e-01
2.891617766776664045e-01
2.645890053932868913e-01
2.605315625716571049e-01
2.333537326858778072e-01
2.590452966652537214e-01
2.609782393209607587e-01
2.616264649947847021e-01
2.534645510514489386e-01
2.668234602514677478e-01
2.369764478533473995e-01
2.195323736594847475e-01
2.443022701274173702e-01
2.780259965485186169e-01
2.225989355367448130e-01
2.239766622897337578e-01
2.365721929508270704e-01
2.605477046387571494e-01
2.809908286200518690e-01
2.630000377188330130e-01
2.621493318209959789e-01
2.941627241710368934e-01
2.595632423109761611e-01
2.790404055528188376e-01
2.753309495405479868e-01
2.291625464768137777e-01
2.303764596417996469e-01
2.181225888429868531e-01
2.393414380874373248e-01
2.607009685451195380e-01
2.439146936206715577e-01
2.777449747028130078e-01
2.656298783885932546e-01
2.548904357767833306e-01
2.729879118647827729e-01
2.540566722896523411e-01
2.602677485440944016e-01
2.360522347697758538e-01
2.313813906778867668e-01
2.235630451440965005e-01
2.322218502256406525e-01
2.373618977325083479e-01
2.402937801642094362e-01
2.427996408722447874e-01
2.420294798607424691e-01
2.355327576546087931e-01
2.742115314422238770e-01
2.714740818348550522e-01
2.546527440317186142e-01
2.755691465752145297e-01
2.237401502819983679e-01
2.311803668461011041e-01
2.486634006470009317e-01
2.214178114626652039e-01
2.143660972815960575e-01
2.044582331615607540e-01
2.099039085526438475e-01
2.259235396990466604e-01
2.219740992216161779e-01
2.370826225622927885e-01
2.295227543149689908e-01
2.573046730070757127e-01
2.584049843914618116e-01
2.744793957749680491e-01
2.553229970485700329e-01
2.937372226165425038e-01
2.721001806914530863e-01
2.588268604987637445e-01
2.502535307633174111e-01
2.068215582369105909e-01
2.317577503122365823e-01
2.402475882498013027e-01
2.262126069885821433e-01
2.374899145917099830e-01
2.555429190751759561e-01
2.292043743786967291e-01
2.472870456871795741e-01
2.563562625111796556e-01
2.375097612465472130e-01
2.413887971338284089e-01
2.394726240529087835e-01
2.505876610179523789e-01
2.468908130236056320e-01
2.584855349922765000e-01
2.404212502222400072e-01
2.554259188602341357e-01
2.673630094905932175e-01
2.696602227362171478e-01
2.606313817283126832e-01
2.491543412662045320e-01
2.992082962870785678e-01
3.048655321893466441e-01
2.845200880640139651e-01
2.894638216356552052e-01
2.699863935219163347e-01
2.805908581241808863e-01
2.618191714902029510e-01
2.694032188713272880e-01
2.853360307852714772e-01
2.964576418420716841e-01
3.000886060040965919e-01
2.863576049309156657e-01
2.704042379865312928e-01
2.533277332725822895e-01
2.648686447030664248e-01
2.835125505106171895e-01
2.643945800351426012e-01
2.349708481242187008e-01
2.566555520847875194e-01
2.355182157008396115e-01
2.380276073288512817e-01
2.502635645232844652e-01
2.891410649505344321e-01
2.721002594905002070e-01
2.394042901088759834e-01
2.681838596787959883e-01
2.345067920043766296e-01
2.373076367422168598e-01
2.316126528553295594e-01
2.589022346068638458e-01
2.228184791722688241e-01
2.310527616309742960e-01
2.406245857596413240e-01
2.372104808985293356e-01
2.482288143029915684e-01
2.398730058433222179e-01
2.432846642926265734e-01
2.401991791453617076e-01
2.300869450500009905e-01
2.854781764007862654e-01
3.081230265030679982e-01
3.074633232758879897e-01
2.923880082715272222e-01
2.476316689927403891e-01
2.558644569918021583e-01
2.502800792520372686e-01
2.526845923612122125e-01
2.127008654515195607e-01
2.698581894019447813e-01
2.938813655591006047e-01
2.910879175675479269e-01
2.551486994968030775e-01
2.643201382660669840e-01
2.693935466036184168e-01
2.703156145191200621e-01
2.703434157223322809e-01
2.724591130164121244e-01
2.961381235224586628e-01
2.373789274985274034e-01
2.784915847746758377e-01
2.386062778476704671e-01
2.537660770854866521e-01
2.734316015172288949e-01
2.445599130762787510e-01
2.652822910071111484e-01
3.146429584333658713e-01
2.745769894123659682e-01
2.458104360168424651e-01
2.331369068986659243e-01
2.854927335185503123e-01
2.514595926199861275e-01
2.506580333267109939e-01
2.438198736699517255e-01
2.730741561669584594e-01
2.536433456099506656e-01
2.725847895545722710e-01
3.120965860858402330e-01
2.693765371983412038e-01
2.737607753966334601e-01
3.012316068183326645e-01
2.643566251776873766e-01
2.188175063768611761e-01
2.367271886778799239e-01
2.848523143395049750e-01
2.709619059695015375e-01
2.913624680281892143e-01
2.785810364893459012e-01
2.310469005507892470e-01
2.307768553741414708e-01
2.390857185450869782e-01
2.497949316714432322e-01
2.623266083895776091e-01
2.671333693406246490e-01
2.926329507172684141e-01
2.519207571732848816e-01
2.800597898912907113e-01
2.854233928177580260e-01
3.055116441212626932e-01
2.785356429654541333e-01
2.439345566297306256e-01
2.513210824020898904e-01
2.344480646168236038e-01
2.714455070492329813e-01
2.585119092967438914e-01
2.817994222429162643e-01
2.399329767495879395e-01
2.360782693989039449e-01
2.991596832058645572e-01
2.581967194819519973e-01
2.914747779873032574e-01
2.785146570053903536e-01
2.621116901639370944e-01
2.629773522712091083e-01
2.872302550595702275e-01
2.717526498297175297e-01
3.181602307474715174e-01
2.718092934461817101e-01
2.553696561047248959e-01
2.478328489715356797e-01
2.541406892427816588e-01
2.497598313101603573e-01
2.371135277072788095e-01
2.788673213652724248e-01
2.591643312207190242e-01
2.244244102415531850e-01
2.345970315063966305e-01
2.130274374789702940e-01
2.475188775143879472e-01
2.437525913061504568e-01
2.288340863151150095e-01
2.423637653819718241e-01
2.705712427224398198e-01
2.861478636619843585e-01
3.141854616048023741e-01
2.850204788506200959e-01
2.890601742082101189e-01
2.460327677797843893e-01
2.503810912609674699e-01
2.821443194997905191e-01
2.903815205674396549e-01
2.763058735719799985e-01
2.316438683314455405e-01
2.250461404962728618e-01
2.347014574027772582e-01
2.817554016682616846e-01
2.851980639429355646e-01
2.537748260624406726e-01
2.821424032661027370e-01
2.681481922096123904e-01
2.570841517323906311e-01
2.796708975727240643e-01
2.704254903921667896e-01
2.331062037978062773e-01
2.523734380312951942e-01
2.834423313833043800e-01
2.491290491698129328e-01
3.083709443542319018e-01
2.993806910053619652e-01
2.638942425558719052e-01
2.971302761887607002e-01
2.753735065255800696e-01
2.670534516562034777e-01
2.543076217933169514e-01
2.781985896965814553e-01
2.429560756971895497e-01
2.552589509597260609e-01
2.596329101158810215e-01
2.499260082146192719e-01
2.180118522528496361e-01
2.185119446674101684e-01
2.504077104220290284e-01
2.578718319145588134e-01
2.737174757145302562e-01
2.820309743667627767e-01
2.781854889209901538e-01
2.997082124893860611e-01
2.874211338114807668e-01
3.092663104814633024e-01
3.183982238285409938e-01
2.717560514480384382e-01
2.966679188749090090e-01
2.720642656799744930e-01
2.619486386820327750e-01
2.515733824894861859e-01
2.213166657628170830e-01
2.430598998332753891e-01
2.493480163138367955e-01
2.506341348271640679e-01
2.458956631772830914e-01
2.517358548952800534e-01
2.411419533226941692e-01
2.592527534728975569e-01
2.485130558906285536e-01
2.499312057751418015e-01
2.445372066028913549e-01
2.574927706513148729e-01
2.579986903336587978e-01
2.404346720887307609e-01
2.582859502485200798e-01
2.676441722410574098e-01
2.413453863573840064e-01
2.685552400545577201e-01
2.568974534841504398e-01
2.504568186820370079e-01
2.385934446970986444e-01
2.713485236424003078e-01
2.373010645203700864e-01
2.617411219908993836e-01
2.659698780211852687e-01
2.364509420224265301e-01
2.220800717987747031e-01
2.380536448918898484e-01
2.584925984694903534e-01
2.669427204549095212e-01
3.129892276087923308e-01
2.718684090239152362e-01
2.521957609251972432e-01
2.184656564055439398e-01
2.493688183798534186e-01
2.684157316976263363e-01
2.626297484528045678e-01
2.578178668741490376e-01
2.565395101107911802e-01
2.416668532273440473e-01
2.559494537762588284e-01
2.697227621214847160e-01
2.972326613802294126e-01
2.945456279462667082e-01
3.056159661128627913e-01
3.375853766019226154e-01
2.572834775498540894e-01
2.560500135201915772e-01
2.871413513345663082e-01
2.969818842817790738e-01
3.004581223589938843e-01
2.838131604762465510e-01
2.739052928123566488e-01
2.768317074173766712e-01
2.633212237865094618e-01
2.742051978226254239e-01
2.835082558825726129e-01
3.448818214179796837e-01
2.773189702934238943e-01
3.149882386769780607e-01
3.017807517275771234e-01
2.887011950509850156e-01
2.747474963768332668e-01
2.460540642879641970e-01
2.609250776203186906e-01
2.648627371550482112e-01
2.746058172140309339e-01
2.823018677519192332e-01
2.889447212643559415e-01
2.511394233581102364e-01
2.563643639210244629e-01
2.722677452039230506e-01
2.763718352200935091e-01
2.671896022327292508e-01
2.699145848529062031e-01
2.476500382853855931e-01
2.686067293743265583e-01
2.731285273530211222e-01
2.575261606628981292e-01
2.800715413829005795e-01
2.657654276030121943e-01
2.624007782988517778e-01
2.801341800313345565e-01
2.659881614814842976e-01
2.535470193832422003e-01
2.644236605248329597e-01
2.727516109833962865e-01
2.603863855915639625e-01
2.363812850310652858e-01
2.552026732879754123e-01
2.440815505271117791e-01
2.524922617641935374e-01
2.361425566139472298e-01
2.495802214112159967e-01
2.769016553825230376e-01
2.443127959605841393e-01
2.205841203276454610e-01
2.313698111935231227e-01
2.561547756342266724e-01
2.654338603715055145e-01
2.475219228051618037e-01
2.289785853584340725e-01
2.510598729107058613e-01
2.474784551848948910e-01
2.766454567883478988e-01
2.643859467890185555e-01
2.372631236314132197e-01
2.592915055859063012e-01
2.746026272265382207e-01
3.114114981238867430e-01
2.313322740238226150e-01
2.455707600970532534e-01
2.321681132313436202e-01
2.240150638962644658e-01
2.505811148270614686e-01
2.474719691920677089e-01
2.467626028919666648e-01
2.244279848743636341e-01
2.247165288620220081e-01
2.099818160643290577e-01
2.231982158067867539e-01
2.411618835703829844e-01
2.611595620778418003e-01
2.640743939981786692e-01
2.532451224563638248e-01
2.632477945421077825e-01
2.534778826980774169e-01
2.559472115990176766e-01
2.662046048832276135e-01
2.536330542782068709e-01
2.578522127966577093e-01
2.610361147411893734e-01
2.890238642969559235e-01
2.808140114145255550e-01
2.711409844371399647e-01
2.696659497290996854e-01
2.676098085986358122e-01
2.961979514603326757e-01
2.923693239249707809e-01
2.997344089818199109e-01
2.717220516135077646e-01
2.705996430575629552e-01
2.885761937254374132e-01
2.696316281856999675e-01
2.762921125324905303e-01
2.604760243424612542e-01
2.304605686141144583e-01
2.327611921229148784e-01
2.776096561428855192e-01
2.615581064410567036e-01
2.464629961237576605e-01
2.722920821066802111e-01
2.456866755014498471e-01
2.768360944033931292e-01
2.806877670582305084e-01
2.634971464556939424e-01
2.661283272042464509e-01
2.470763649699324327e-01
2.980411675352802603e-01
2.915496988788993660e-01
2.681878389716550459e-01
2.831080259754349404e-01
2.984648379947989483e-01
2.780716502946192770e-01
2.809393977866622150e-01
2.707461488472822642e-01
2.691462572240324591e-01
2.376480708998338909e-01
2.429372012308605167e-01
2.521304799007700881e-01
2.377736268840461298e-01
2.555398406745110207e-01
2.327868760187680741e-01
2.503237921332180926e-01
2.888251270608460097e-01
3.029392281820486588e-01
2.730873966917092832e-01
2.574389308794350351e-01
3.046942519756268841e-01
2.986732693911145486e-01
2.930298711851653803e-01
2.761400901667730445e-01
2.943193324339760109e-01
2.473677460645136716e-01
2.474339571498470614e-01
2.600148123237646658e-01
2.325570399140918787e-01
2.706115864268683335e-01
3.057168489716309834e-01
2.978044909684990915e-01
3.357299756048188755e-01
3.066335649284230858e-01
2.765394919837777521e-01
2.789989329264408457e-01
3.180864529756027848e-01
3.288468232238633271e-01
3.008373507151547721e-01
2.990295665168588579e-01
2.917121414680766134e-01
3.214150298063537803e-01
2.803553535488426118e-01
2.972586513875520309e-01
2.584784413617448595e-01
2.789058630483045031e-01
2.566790298076473409e-01
2.397198601193891443e-01
2.723800427898265819e-01
2.769710203081916511e-01
2.490837013043500914e-01
2.585730352950787458e-01
2.275686284965985073e-01
2.556966352589991609e-01
2.890810004635628316e-01
2.743742150816192438e-01
2.711318223832669405e-01
3.303737765019639228e-01
3.031285141856548404e-01
2.520088969320474215e-01
2.799876301478422813e-01
2.526789295743842034e-01
2.465746851339362389e-01
2.669969827712841970e-01
2.726326859980253703e-01
2.945866576834922923e-01
2.840838328430239090e-01
2.711268903729029955e-01
3.087491573114158339e-01
2.765266018782328028e-01
3.026644462726358342e-01
3.161120551283848612e-01
2.711047373969149299e-01
2.686182232597297270e-01
2.602753494697914727e-01
2.556374801492907745e-01
2.649937935176354675e-01
2.635386809428929555e-01
2.516346143104731814e-01
2.629703611315870049e-01
2.504123100289299408e-01
3.039302658827729986e-01
2.598908029540131226e-01
2.426034023746917179e-01
2.588874776953843382e-01
2.670683399300688432e-01
2.606390276139645135e-01
2.575066823749637135e-01
2.086956068128307529e-01
2.526428469875916516e-01
2.311224142311032459e-01
2.430094355176342924e-01
2.519665570781053354e-01
2.481195963894781975e-01
2.325827686330024513e-01
2.575754884502221009e-01
2.434592195280733118e-01
2.387501364981657603e-01
2.510174172958224981e-01
2.405846051568266974e-01
2.433821606447671426e-01
2.637208290691665513e-01
2.800799810980144633e-01
2.644903394858594270e-01
2.341151093293132590e-01
2.686314463359782412e-01
2.597282143686975853e-01
2.734487242071396151e-01
2.645206665411359848e-01
2.862725246072656549e-01
2.649731259456179489e-01
2.788112927355508308e-01
2.767744441005178802e-01
2.904056675152393296e-01
2.663895476821622754e-01
2.337084473883497548e-01
2.206726602941699034e-01
2.334600841929900805e-01
2.281308152923265387e-01
2.455501939455438931e-01
2.721223547605516879e-01
3.168508401611810354e-01
2.820329751253512485e-01
2.772285046621082438e-01
2.820466366710183137e-01
2.834102958910400538e-01
2.871681241675899665e-01
2.506253010982928964e-01
2.291095809452645404e-01
2.412446057540168776e-01
2.723313479850990593e-01
2.537199064511384550e-01
2.669320979632425761e-01
2.338589557152155884e-01
2.462916392430532786e-01
2.348343603369166255e-01
2.702592228823152420e-01
2.745840550710336170e-01
3.047426243232431164e-01
2.777677758565868515e-01
2.523960436021135401e-01
2.369323053181106031e-01
2.739132369993110272e-01
2.496595339809228320e-01
2.562011012770860074e-01
2.786101385304796674e-01
2.658277684835020915e-01
2.391540505126824867e-01
2.622055557501373202e-01
2.575914595159385367e-01
2.549772410140412893e-01
2.557971914348178832e-01
2.521190663577755897e-01
2.643002091210334137e-01
2.800726218106434073e-01
2.800092927928313213e-01
2.939039842487629617e-01
2.651501762891195768e-01
2.652717265949514069e-01
2.707852605436620874e-01
2.802635713086200075e-01
2.664752728940415483e-01
2.701373047536916872e-01
2.769228653144100716e-01
2.518741496515287115e-01
2.545972190541252456e-01
2.824679675995810380e-01
2.535381786492326150e-01
2.620468406423413499e-01
2.654675900163838143e-01
2.801452764149746644e-01
2.780099174892982639e-01
2.688409243467881904e-01
2.828327278628110508e-01
2.984522334434751567e-01
2.798798967656277448e-01
2.373112318524345232e-01
2.156267895623349695e-01
2.547984424662756986e-01
2.712888305335878769e-01
2.983647612682871486e-01
2.727184018338600358e-01
2.798636936220342264e-01
2.543492015805396411e-01
2.734903120973332658e-01
2.582138792210082467e-01
2.801250472752147558e-01
2.988709497850167707e-01
2.536741321611280520e-01
2.647881023239554432e-01
2.789555847386314680e-01
2.526567357638813127e-01
2.716334794325591107e-01
2.453350166715927150e-01
2.391673095662444903e-01
2.357222354439799383e-01
2.334306030430738921e-01
2.474307773592613613e-01
2.459117732160913949e-01
2.301503206997138617e-01
2.476089099379231717e-01
2.276895013094347164e-01
2.968547565844230629e-01
2.997572539542958658e-01
2.719851876395111279e-01
2.740193327935149803e-01
3.047434135964754431e-01
2.948520838948339162e-01
2.855143978551146211e-01
3.097412365281602686e-01
2.553049099422703416e-01
2.836272390323146264e-01
2.680964439879110484e-01
2.498110924010116252e-01
2.768527314840941722e-01
2.546723616084448638e-01
2.685488566196209681e-01
2.594656302708215345e-01
2.979851162103133166e-01
2.818696133982236396e-01
2.592899712119305367e-01
2.557237321951122411e-01
2.504611561704426226e-01
2.810140369202497324e-01
2.550038035664311531e-01
2.246796701358436676e-01
2.240286369318345572e-01
2.562897385649847704e-01
2.812718846469981493e-01
2.720623341663137573e-01
2.522954697262540513e-01
2.303848555343242510e-01
2.201173013273118317e-01
2.299439261554732106e-01
2.287510178741415656e-01
2.604883651297179581e-01
2.823795732494810973e-01
2.809915660833521844e-01
2.909674791409820882e-01
2.763247649524750438e-01
2.644490610824037913e-01
2.392146797415690695e-01
2.222798053798485107e-01
2.247212924681373514e-01
2.608421221350492591e-01
2.375433285299519970e-01
2.350125536945935623e-01
2.456769624775887451e-01
2.425101582009809298e-01
2.579459689163832725e-01
2.404209217969952017e-01
2.648349916571263729e-01
2.343843506632802554e-01
2.393600042122006610e-01
2.132908092651031040e-01
2.145204923086677651e-01
2.239869127974089547e-01
2.435358681252497992e-01
2.858094988307683382e-01
3.081461837020393890e-01
2.645135295956048127e-01
2.693301922164588746e-01
3.029750313381896487e-01
2.887708481529277504e-01
3.251395852013830301e-01
3.341291552772589490e-01
2.735038015980789106e-01
3.223699933726208999e-01
2.778991008802823570e-01
3.066906134452714316e-01
2.742484949589410470e-01
2.788983317933666495e-01
2.677886641136650869e-01
2.712769423382506151e-01
2.205818937481167918e-01
2.344796341831308084e-01
2.162306665061249911e-01
2.820089264652533290e-01
2.682662572594497474e-01
2.614746267375083755e-01
2.905173673110193477e-01
2.717314975275711419e-01
2.695487602431554941e-01
2.979787650732394488e-01
2.622388143131112459e-01
2.510968501121003671e-01
2.875686541451499267e-01
3.114895418257555559e-01
2.672233220351241112e-01
2.875915161131101794e-01
2.826481260728732625e-01
2.558081005076578984e-01
2.879804750372750854e-01
2.509419441138772688e-01
2.893820708111344286e-01
2.590733381490538112e-01
2.883604218462567648e-01
2.912780018267790982e-01
2.676491343388975319e-01
3.225073832133572571e-01
2.745239783293199620e-01
3.064703309120958008e-01
2.721830224860070646e-01
2.923922563612282866e-01
2.629454920171418464e-01
2.465704922768572060e-01
2.703697824205191780e-01
2.892366275342388993e-01
2.845577057457531756e-01
2.987697121623309471e-01
2.998382572052826767e-01
2.836487153604574929e-01
3.026201159009395680e-01
2.885326111958063655e-01
2.793049518219952732e-01
2.716402184434370537e-01
2.629720230569215778e-01
2.722966090072317380e-01
2.936188857463836732e-01
3.024191915904989036e-01
2.453384572661132523e-01
2.688568752251503935e-01
2.858699163381200337e-01
2.816442079130247467e-01
2.587996162848101300e-01
2.436271985137337115e-01
2.371687262136248364e-01
2.111920550401038821e-01
2.488627166835846449e-01
2.064973965424959090e-01
2.191406487759404720e-01
2.782471323528895035e-01
2.637464541839071863e-01
2.508274581721527952e-01
2.373358788336263070e-01
2.891693823074440450e-01
2.511588461065336619e-01
2.890196840253522748e-01
2.770823244819769493e-01
2.541636438931159647e-01
2.618064119761175923e-01
2.834063172846241208e-01
2.981407593633702557e-01
2.635398973979701243e-01
2.943414530087715142e-01
2.731978241752581194e-01
2.423563878401999161e-01
2.651215830818183794e-01
2.400174557668150188e-01
2.536223684230706210e-01
2.769983055221300616e-01
2.393448533910496334e-01
2.522930865913317056e-01
2.963499221792249005e-01
2.698679501937024661e-01
2.493289224754492717e-01
2.526353480453784051e-01
2.631246662958460769e-01
2.717666254038159646e-01
2.710127094951036986e-01
2.851931211069008154e-01
2.588312232248117239e-01
2.660176825644715026e-01
2.913797059715921289e-01
2.720126200726601939e-01
2.904644897898228662e-01
2.584053449639708289e-01
2.804562077217843674e-01
2.604865029071465887e-01
2.577592634310473252e-01
2.621446030198252286e-01
2.427931188054759104e-01
2.555047574861563642e-01
2.263491794545542946e-01
2.532427805982507274e-01
2.599103016374687547e-01
2.873528239228304026e-01
2.456390205083656686e-01
2.424052171372347853e-01
2.901865639171961608e-01
2.458276955460115543e-01
2.483869223569354912e-01
2.541340639430994530e-01
2.587019357545797260e-01
2.676485394689960273e-01
2.391050495345095339e-01
2.197714270228320055e-01
2.571801098171771494e-01
2.546310820720954493e-01
2.842863203294872521e-01
2.514206265297366794e-01
2.485691866552714735e-01
2.195015653452686566e-01
2.280849606865401613e-01
2.576646321207787249e-01
2.699141705201685837e-01
2.601683171216776502e-01
2.820251447935634981e-01
2.357080796103838416e-01
2.404238075812438757e-01
2.512405561464063908e-01
2.669413597526946735e-01
2.583034922086296925e-01
2.572082151756424628e-01
2.539946214807718983e-01
2.713809774085548243e-01
2.918662755158220601e-01
2.692773984364215112e-01
2.768608146854833474e-01
2.301665066555113048e-01
2.189065532073207754e-01
2.164678120716315712e-01
2.161267015635627842e-01
2.385503035344489486e-01
2.477008625665404751e-01
2.473841553631968004e-01
2.618806509203223110e-01
2.524522463524451199e-01
2.371643876926887717e-01
2.418635602384135441e-01
2.341525775488153549e-01
2.364903938898401392e-01
2.422009304099703164e-01
2.334643149819668473e-01
2.681256918227286068e-01
2.837364802329507829e-01
2.507551538796838897e-01
2.856097178234228706e-01
2.892066226278091623e-01
2.684228315637749440e-01
2.654783906591885456e-01
2.620153032344207933e-01
2.393375546282784649e-01
2.293645637699069928e-01
2.379108164769120071e-01
2.392919044798635098e-01
2.743368400402246277e-01
2.760018666824519129e-01
2.915051473823979111e-01
2.429810995773617199e-01
2.920658047001513102e-01
2.790728743659808275e-01
2.754187171231688991e-01
2.800009564511977689e-01
2.582983441920187473e-01
2.447765128840227178e-01
2.667820693412492616e-01
2.582797018698867464e-01
2.442567703401461732e-01
2.318695513130812347e-01
2.568443540903720956e-01
2.351348702327470674e-01
2.785989368005666877e-01
2.728861063636506823e-01
2.924847012538435154e-01
2.207973085411709668e-01
2.599989697149490131e-01
2.223713093358566095e-01
2.745907509376818156e-01
2.550544306790254456e-01
2.825450477007719896e-01
2.184696171411897592e-01
2.376991916360515211e-01
2.657757912846771542e-01
2.554825893633604350e-01
2.347246851755678543e-01
2.304319327556052233e-01
2.123468134090297221e-01
2.443978517227514968e-01
2.543269194508488429e-01
2.403061069300398978e-01
2.509174124228808478e-01
2.503630915106733745e-01
2.560758802553547153e-01
3.083314257148866977e-01
2.911070073002123837e-01
2.690327014321835519e-01
2.600916951575063529e-01
2.590708484419372848e-01
2.739601053776654083e-01
3.056567764624328332e-01
2.647907505960293562e-01
2.851419415162858018e-01
2.777947763669053050e-01
2.940097915203885304e-01
2.782069380270661973e-01
2.623001247640364131e-01
2.418032506008944704e-01
2.749476923805391770e-01
2.409851594880313141e-01
2.480035396010303872e-01
2.617717678143712257e-01
3.070776059880094278e-01
2.566152876562649565e-01
2.389731231524644117e-01
2.393662120826078321e-01
2.688765287455197606e-01
2.341496344229729021e-01
2.303272091805891597e-01
2.398996729556669150e-01
2.783984402536023861e-01
2.636593121806379281e-01
2.745763851608862272e-01
2.603295467400021934e-01
2.859835084186312937e-01
2.506105957408881757e-01
2.691154284898938931e-01
2.420610485714248805e-01
2.386558595895558188e-01
2.811570480088729784e-01
2.812762710975575953e-01
2.581707493199089654e-01
2.559098795203508248e-01
2.682239427438892210e-01
2.637330867329047424e-01
2.615352481576105892e-01
2.984020434175568282e-01
2.361775623243816125e-01
2.857629885616181364e-01
2.790845345362458207e-01
2.847416803405176111e-01
2.791428349597574465e-01
2.478362015958982534e-01
2.622827365745918349e-01
2.537140775121147218e-01
2.865360888082760793e-01
2.400539458796570880e-01
2.515435446540540965e-01
2.513845496361705734e-01
2.362591726732591602e-01
2.431557813775163390e-01
2.777379298390114659e-01
2.698916878994732649e-01
2.717442426002203981e-01
2.550623244896849662e-01
3.043441121972029761e-01
2.480284174476967696e-01
2.401000692061359965e-01
2.377382267596891141e-01
2.458887707000627643e-01
2.846365933008690452e-01
2.641598379409305641e-01
2.591046475441368679e-01
2.637950520960505862e-01
2.661466300014866393e-01
2.743409689585676881e-01
3.121692783299460094e-01
2.557039771567469755e-01
2.894947740180326412e-01
2.587968087412584328e-01
2.860389408583572379e-01
2.497947130370739011e-01
2.426135429789796627e-01
2.612568293121176888e-01
2.810751821847655707e-01
2.579979706532680162e-01
2.402245821267476045e-01
2.205515476635091787e-01
2.210799201198401787e-01
2.407997797910663151e-01
2.578406529601439678e-01
2.581276449824281838e-01
2.628752728924257931e-01
2.522306166776507874e-01
2.321896417574347560e-01
2.372911171678917241e-01
2.336404062545826277e-01
2.434603136374589027e-01
2.708705741395960320e-01
2.452775138956153345e-01
2.364256901030275526e-01
2.318445287920100073e-01
2.197460093672147785e-01
2.532384621435329053e-01
2.704330007968591132e-01
2.382209551363981548e-01
2.428471131226594415e-01
2.387488780150791023e-01
2.933872339566954701e-01
2.779697374369969887e-01
2.487214661613273980e-01
2.475088904996302352e-01
2.463142184222810727e-01
2.753694138333782071e-01
2.748339481209253754e-01
2.551996835241068795e-01
2.516323649487603453e-01
2.738044250210566743e-01
2.550224798823607641e-01
2.837110924442821647e-01
2.765713495192744231e-01
2.476606604663278421e-01
2.632830915855330356e-01
2.538946174468687533e-01
2.518866570984095166e-01
2.375606322641982127e-01
2.533058976696311304e-01
2.692736711057847621e-01
2.546035796795111938e-01
2.767460989566096763e-01
2.767460618074140122e-01
2.962153551459670298e-01
2.968703479386472499e-01
2.734888249463778842e-01
2.351493750688573581e-01
2.695720167866114680e-01
2.189389949989796746e-01
3.210680456832837870e-01
2.563645829091407147e-01
2.613590337089306548e-01
2.928000143338453931e-01
2.978243718413585706e-01
2.554910493607955302e-01
2.569252061968304024e-01
2.305369837975361491e-01
2.544608722611266249e-01
2.400467418637849959e-01
2.548880444510965848e-01
2.313949070952631415e-01
2.299230376939819520e-01
2.524746740209779516e-01
2.621250587929788711e-01
2.742382238309052367e-01
2.491160515887151927e-01
2.565251859903171505e-01
2.338905144444778372e-01
2.124200567647590299e-01
2.614465197553335063e-01
2.855950986202897002e-01
2.670135321877600276e-01
2.874619174112278963e-01
2.985740927764297115e-01
3.277871714985577944e-01
2.697074962812074927e-01
2.929663381207666673e-01
3.439811782238471061e-01
2.459577208821165095e-01
2.799499669494683873e-01
2.700143931420675991e-01
2.513495964828886264e-01
2.317382174607566514e-01
2.214043640185358042e-01
2.368006856022315254e-01
2.605999640496768910e-01
2.370843588446163441e-01
2.359569928153981422e-01
2.629720112780185026e-01
2.699981535091143248e-01
2.289030076582771467e-01
2.370394116407402996e-01
1.985235575282520148e-01
2.331560183875366621e-01
2.372069741805648557e-01
2.546131818215306430e-01
2.379729239418942044e-01
2.494763624770341137e-01
2.546524040270887745e-01
2.596452522240320637e-01
2.792726597768088181e-01
2.849707901102034868e-01
2.491995816726573776e-01
2.175058055366273224e-01
2.359533965351402474e-01
2.635971456468836904e-01
2.317752046486266926e-01
2.613740383617499385e-01
2.428357789179097781e-01
2.634080022109789310e-01
2.829783101206559404e-01
2.652022295368045568e-01
2.445065844041357239e-01
2.518116086545805210e-01
2.405284938548126750e-01
2.447832993968614979e-01
2.444734067542100875e-01
2.526409045090857175e-01
2.848596540177906755e-01
2.649201500288683175e-01
2.895192146786149667e-01
3.211941425241049419e-01
2.587654083254832815e-01
2.363186298841506716e-01
2.388438000828588814e-01
2.742035253325624256e-01
3.197540921916742773e-01
2.613198377513220594e-01
3.225445749744630386e-01
3.059371954932041393e-01
2.766332615405445727e-01
2.506991353876216189e-01
2.395664090869292773e-01
2.740711948264973330e-01
2.904592190180317890e-01
2.602237240635686399e-01
2.407418114588977809e-01
2.952871123510664719e-01
2.730168230923115114e-01
2.511074179451672772e-01
2.504903545886744132e-01
2.467674814093496205e-01
2.365228559475346104e-01
2.429385820678651720e-01
2.616933923011720564e-01
2.484365446197984439e-01
2.512969653724511088e-01
2.904371128570450988e-01
2.389796305237070206e-01
2.627645309412581232e-01
2.702253044700334006e-01
2.640419429657970274e-01
2.836511803455628034e-01
2.815918423221551725e-01
3.209401948936593252e-01
2.968726160508501355e-01
2.802499399070538244e-01
2.668256222568623492e-01
2.803650268226958731e-01
2.698381319031224468e-01
2.431263317928579470e-01
2.605054067580774846e-01
2.671526132770188910e-01
2.859003706123576238e-01
2.837578556721511158e-01
2.674330181351426972e-01
2.434069187332429940e-01
2.634266649150847628e-01
2.580804238398690109e-01
2.743929209488832899e-01
2.966550946459372007e-01
2.875465314317178778e-01
3.087015674786858788e-01
2.743952665142548875e-01
2.420768289282810848e-01
2.591151177408467232e-01
2.364147799719456822e-01
2.509747295417527058e-01
2.477972655350417219e-01
2.354803439854580571e-01
2.424044770329813470e-01
2.377506067550608782e-01
2.597802262156774789e-01
2.394561990204460145e-01
2.447094316264394054e-01
2.671682955593140396e-01
2.705725195645003467e-01
2.804826450786501169e-01
2.710689194967469962e-01
2.588989008250473511e-01
2.484279636020063076e-01
2.976758128689567240e-01
2.791152062508510112e-01
2.842723834021805285e-01
3.360306991638400409e-01
2.979362299675055170e-01
2.595368682415737926e-01
2.438308151552694147e-01
2.567738222222627487e-01
2.624932622688211370e-01
2.753256194567327286e-01
2.487950656848392228e-01
2.512761154805842057e-01
2.580257603431547198e-01
2.395980548594200676e-01
2.460464694802488583e-01
2.676349398824129922e-01
2.735198409584073120e-01
2.559856795571854304e-01
2.432123889845954345e-01
2.007209098543463743e-01
2.340128693770572310e-01
2.496121253691845066e-01
2.681848250389051724e-01
2.386594182322540891e-01
2.543900066429141127e-01
2.515179385050926308e-01
2.820432489744396087e-01
2.804401125355287516e-01
2.499331034651647576e-01
2.505393756726491117e-01
2.402072917592129597e-01
2.331273427054841030e-01
2.488865649194415552e-01
2.630350503730248257e-01
2.839244359120443595e-01
2.595612552096275838e-01
2.447365267390179122e-01
2.609677292215402122e-01
2.204553704274871684e-01
2.412864463124592962e-01
2.584384126605996368e-01
2.937153644838971234e-01
2.388813508204802594e-01
2.326048648289732457e-01
2.717967559717189285e-01
2.437733676795483251e-01
2.507367783055235999e-01
2.552637389442298232e-01
2.173879995414869926e-01
2.297664742485608369e-01
2.442879425960312323e-01
2.435764695094178311e-01
2.474387229357380702e-01
2.174400353306883416e-01
2.067145975949697401e-01
2.334933804116429978e-01
2.217139684028154589e-01
2.336267552617312671e-01
2.856208420048735319e-01
2.774858917842239481e-01
2.242488665534188574e-01
2.368972460214770481e-01
2.463026510733958840e-01
2.405917568942578522e-01
2.465552741740247022e-01
2.410572278101029975e-01
2.529047152361418305e-01
2.551423381157385539e-01
3.224848510106992916e-01
3.157391656539936253e-01
2.765736377859299155e-01
2.797422458537422996e-01
2.646562970011364091e-01
2.708421779647019467e-01
2.705503252167685280e-01
2.633453918781313852e-01
2.685906277960307675e-01
2.984511489191333244e-01
2.871821934833402312e-01
2.738952142083310726e-01
2.782719102591645344e-01
2.899440231900209386e-01
3.012889097373089298e-01
2.195095212905904258e-01
2.323135074823045876e-01
2.426771145979453592e-01
2.658781656099877821e-01
2.871760907826618192e-01
2.646231678239041596e-01
2.857456569956510761e-01
2.959601446336624364e-01
3.470018570941701408e-01
2.861468972663053223e-01
2.802267607548309947e-01
3.054573347458492960e-01
3.006652669369893616e-01
3.021351623609769277e-01
2.939395204261635586e-01
2.838878167294151544e-01
2.834421094752250236e-01
2.760557654303947839e-01
2.659013704943163359e-01
2.559781975553037658e-01
2.810418022157229467e-01
2.522047413075138578e-01
2.192196598809150188e-01
2.305833460905451215e-01
2.876671497437366387e-01
2.503366966078536815e-01
2.533289700109772613e-01
3.056375525755347655e-01
2.544160882057299178e-01
2.743603536613183347e-01
2.689229316545145299e-01
2.715974531714230866e-01
2.574902853162041039e-01
2.756779460402031257e-01
2.407109026354556369e-01
2.697568202209663646e-01
2.422552579430277409e-01
2.751091442563212697e-01
2.675877876077698003e-01
2.554712265958076212e-01
2.607000480808032150e-01
2.482999015605065751e-01
2.625666280546989917e-01
2.717362565292942289e-01
2.140739864665842929e-01
2.218543620437835595e-01
2.512728526025638787e-01
2.357204739637115964e-01
2.376177540131532706e-01
2.516175983376974790e-01
2.662851720299254099e-01
2.979602279985280044e-01
2.620069068602883799e-01
2.720219223982214829e-01
2.838276216837760657e-01
2.810107500967659599e-01
2.729049671936440991e-01
2.433137646198476056e-01
2.380725575138482042e-01
2.637462684839004812e-01
2.377071250329668428e-01
2.397125189127446154e-01
2.675910547801516604e-01
2.780527449337324986e-01
2.257393278730087938e-01
2.495604063274487749e-01
2.020476196638952560e-01
2.270688289910450242e-01
2.333584548318293206e-01
2.318104128918005158e-01
2.764585024341452701e-01
2.584674385049343659e-01
2.633419875006411393e-01
2.490267928195800395e-01
2.622256775806576790e-01
2.295193981957379947e-01
2.505641708655058086e-01
2.474782443229344986e-01
2.404955560657533464e-01
2.383299532258561781e-01
2.626530908343331361e-01
2.725420910435816246e-01
2.820604447216624178e-01
2.291876139627259668e-01
2.190290399548639466e-01
2.352117197001911963e-01
2.525389827096735096e-01
2.446743242204986457e-01
2.978520912751142502e-01
2.431875109542300240e-01
2.353305161898879005e-01
2.471002710281326731e-01
2.275596939957832965e-01
2.393786774769331160e-01
2.225124291642075758e-01
2.663672196192962693e-01
2.342342802569157001e-01
2.310376258710540309e-01
2.415855406462244781e-01
2.528247174870779101e-01
2.573635094976864379e-01
2.459634607826780561e-01
2.391421587731352716e-01
2.284130174711473393e-01
2.566456861121935717e-01
2.841516996896775726e-01
2.504035996107171758e-01
2.318759249980166526e-01
2.669653778631460028e-01
2.355449689872763930e-01
2.417016806538132001e-01
2.733782649931748576e-01
2.910116589083281968e-01
2.954387300919019688e-01
2.716561503329280036e-01
2.771079825340409530e-01
2.538781781865190323e-01
2.734363990959536306e-01
2.453291548293243807e-01
2.483650266508704574e-01
2.422302545218559811e-01
2.660249123571768459e-01
2.585720014545389023e-01
2.744885794690877234e-01
2.489516396464545034e-01
2.493458088339378098e-01
2.376635720727688361e-01
2.874775201786177736e-01
2.660657144565475307e-01
2.530627940069105075e-01
2.573201775865003871e-01
2.325382200523189724e-01
2.061122402696901612e-01
2.150216224649323105e-01
2.221900185637615821e-01
2.183524448883450708e-01
2.223377842053971820e-01
2.453606147187930853e-01
2.659023980237192331e-01
2.705355353480385916e-01
2.532341449611078543e-01
2.431195797209028397e-01
2.572834983688732646e-01
2.721449351025739261e-01
3.141895971811649590e-01
2.949702103229752681e-01
2.735189163181876992e-01
2.846804920037505626e-01
3.015454051673687186e-01
2.582820651005466317e-01
2.856506598692624133e-01
2.393849473483573853e-01
2.696834796495745090e-01
2.831529299508424025e-01
2.821130929970313561e-01
2.910388551406805635e-01
2.614066756853231088e-01
2.779306933700134707e-01
2.667427344801409639e-01
2.705926339654413093e-01
2.730026780004953246e-01
2.624833691442002848e-01
2.949551062898991272e-01
2.571087154693111332e-01
2.256311459459240387e-01
2.654316022608901871e-01
2.716908018754137788e-01
2.594140909685477281e-01
2.558651840112660114e-01
2.495599456276346162e-01
3.023897837540130973e-01
2.440643604519486809e-01
2.834835240251139532e-01
2.923499893004951611e-01
2.602507393005524805e-01
2.641924022343944967e-01
2.997762636228434863e-01
2.981718751104972531e-01
2.646751537632636708e-01
2.429291333632438987e-01
2.660852417600644837e-01
2.445476645664873272e-01
2.366940625672281917e-01
2.360529475387330156e-01
2.465533006288858076e-01
2.547101160837371703e-01
2.666283757109199626e-01
3.058470171834046791e-01
2.839113061789230730e-01
2.625196155682515409e-01
2.639115556403210938e-01
2.790487035320262654e-01
2.696132271671792813e-01
2.451179731734902945e-01
2.641501313519217797e-01
2.527733393569427944e-01
2.548925430332244502e-01
2.719508509080257874e-01
2.878493456947209816e-01
2.406272010957501428e-01
2.026744528959767977e-01
2.435237727165801835e-01
2.251000951897218494e-01
2.455245336151691549e-01
2.383272909550814000e-01
2.462486559534222963e-01
2.419415349196716858e-01
2.312067850009895120e-01
2.363374459701994001e-01
2.870114483465500133e-01
2.793435451593078711e-01
2.706169721067686051e-01
2.575528016594219594e-01
2.588441569208235205e-01
2.788397739007916765e-01
2.759521422626962095e-01
2.764387154475121955e-01
2.845430730453721302e-01
2.728727544642213232e-01
2.815087643114018157e-01
3.141267102985178528e-01
2.630168196418602999e-01
2.557491541340776720e-01
2.209899934796537013e-01
2.300360572817803928e-01
2.533825345157520448e-01
2.748202575665597003e-01
2.796845323306849096e-01
2.459492049849598405e-01
2.729473382223911448e-01
2.850678901356398232e-01
2.463262791674974694e-01
2.531123086257093258e-01
2.394937968927358385e-01
2.398788187129130556e-01
2.226426579596978150e-01
2.241544083761849715e-01
2.780917551063992188e-01
2.718736373064735701e-01
2.698942454447478823e-01
2.741050679372602494e-01
2.741510860151152307e-01
3.199355844333086063e-01
2.489776907320117583e-01
2.964488111253262281e-01
2.211026664284561905e-01
2.491158818341464576e-01
3.099752153465729076e-01
2.688242318069575254e-01
2.808603650371862548e-01
2.543032109644416949e-01
2.434567664353690930e-01
2.830797821364856581e-01
2.355626030471955346e-01
1.990221284520363731e-01
2.451378946143698556e-01
2.773358136422335307e-01
2.844644827261765263e-01
2.874821181322078090e-01
2.389778397150243427e-01
2.458649500841841584e-01
2.450613703714695224e-01
2.469635503931150722e-01
2.636154122390406696e-01
2.941349944491620794e-01
2.861783716463310867e-01
2.890899035210200974e-01
3.267087676414474062e-01
3.223819364891571393e-01
3.600465678615588083e-01
3.040582701095996820e-01
2.900047857048598798e-01
3.235535542290963740e-01
2.793029821639242405e-01
2.928140186094417285e-01
2.898183918960634542e-01
2.298888591619727140e-01
2.777137523191753332e-01
2.830827402437139373e-01
3.094792184432804683e-01
2.633715452629934450e-01
2.585566622537473491e-01
2.318129223760266311e-01
2.475754505295921226e-01
2.219900749493689818e-01
2.649560327472503252e-01
2.613074869520501387e-01
2.459869381604443961e-01
3.090158464408371275e-01
2.647492235197060340e-01
2.616523283495061358e-01
2.607609193975821693e-01
2.622815475581597999e-01
2.621716681657898507e-01
3.042448086410372010e-01
2.620400324965702077e-01
2.798561601085051698e-01
2.741769678169094782e-01
3.020212323041692737e-01
3.063294251040626914e-01
2.671119503981940202e-01
2.651620818077302655e-01
2.686706626110162421e-01
2.932207545149892458e-01
2.774716925283273739e-01
2.309020012975471492e-01
2.934223903770512010e-01
2.445244913709966050e-01
2.683525727038735265e-01
2.505150046563120458e-01
2.358379852876995308e-01
2.782400457387881332e-01
3.399542003767858089e-01
2.720557929609399572e-01
2.764167574640539193e-01
2.761725419614630139e-01
2.422226938370684868e-01
2.958444763001423228e-01
3.068715487346428406e-01
3.148911021462449944e-01
2.746240529720884171e-01
3.035109834539275186e-01
2.579394338410995746e-01
2.515183454532045615e-01
2.406043194453655054e-01
2.820530615429129306e-01
2.594823927187563384e-01
2.954985279473996695e-01
2.483990999060951832e-01
2.617012293957386437e-01
2.679480944133907916e-01
2.687212440558657822e-01
2.740854585145769962e-01
2.663652465752803788e-01
2.785377249275583500e-01
3.094121637386204604e-01
2.770379367718213692e-01
2.372570031803016011e-01
2.544465641000426270e-01
2.315212820092639179e-01
2.403194784457405031e-01
2.593473087421238610e-01
2.296820287690223283e-01
2.263766619828424254e-01
2.307115299595044466e-01
2.172033413814110081e-01
2.522917947035610009e-01
2.601304052112966558e-01
2.454063972349008194e-01
2.481327695522053400e-01
2.517077431524237796e-01
2.762109233839875611e-01
2.471318182245725303e-01
2.474161259272121272e-01
2.743400555749658243e-01
2.572586071425676524e-01
2.832716012276856321e-01
2.485076860578842306e-01
2.876058378047794961e-01
2.722249413463863066e-01
2.970416774213290312e-01
2.559664371457730514e-01
2.548788410652669811e-01
2.475087712407736951e-01
2.710874278779462632e-01
2.532547478588784706e-01
2.698609117579387484e-01
2.496666619379953045e-01
2.881126099889516068e-01
2.662028110073743625e-01
2.516952618830472499e-01
2.512149532553106246e-01
2.274282770684737665e-01
2.284202940956774897e-01
2.383941670001255286e-01
2.299476117862959135e-01
2.698112658945920894e-01
2.230131567940644155e-01
2.435495357979732545e-01
2.572633037869924144e-01
2.390122614697745562e-01
2.707811343948058891e-01
2.515068050238700725e-01
2.711317349153054002e-01
3.251867036488772511e-01
3.089557818727129979e-01
2.576339610815579495e-01
2.636938364033187265e-01
2.905548114746197563e-01
2.934438914799875620e-01
3.194548693608988410e-01
3.110555149924081886e-01
3.035832197079440520e-01
2.688042990875396110e-01
2.870364935641027127e-01
2.725141726327909852e-01
2.587643401453264547e-01
2.439136706572223312e-01
2.386417583938319487e-01
2.464614600224130647e-01
2.260469870002825288e-01
2.453585589601803563e-01
2.356261832623437191e-01
2.384777388306486834e-01
2.829516029257846399e-01
2.804943001371653089e-01
2.788870099154545645e-01
2.779729624750286732e-01
2.833582306733910539e-01
2.554458963383653414e-01
2.543495768960622461e-01
2.728359546381309841e-01
2.583731377749222680e-01
2.300664500549032265e-01
2.171631551800208837e-01
2.491722557694603934e-01
2.592259796950281969e-01
2.737428209738032026e-01
2.438688776073174580e-01
2.893340991240805349e-01
2.630256917076161938e-01
2.544558565818789697e-01
2.607241258479869872e-01
2.590641285156216056e-01
2.799473546247719935e-01
2.890828982061988128e-01
2.796702342455479329e-01
2.510522921871424784e-01
2.559588901499799674e-01
2.378767955101165066e-01
2.723458665772773291e-01
2.574009858566516651e-01
2.419698621633073199e-01
2.264056958273925890e-01
2.212934365802124992e-01
2.440891321564973571e-01
2.483377787484475074e-01
2.324887113383436177e-01
2.674221048300574055e-01
2.497170278352268125e-01
2.835631657707321507e-01
2.561300342705212785e-01
2.921579132226767572e-01
2.605845431533589940e-01
2.721783466305923715e-01
2.665233521620063439e-01
2.126914765019442266e-01
2.424021174982652627e-01
2.814468211453766133e-01
2.386134283315186622e-01
2.220782284234450177e-01
2.395826443647708914e-01
2.173682317691676136e-01
2.200086751704995180e-01
2.411867151494076766e-01
2.494314018200205763e-01
2.289805138577799548e-01
2.576978218997715842e-01
2.703360676503275828e-01
2.314112808840280144e-01
2.174139705224094610e-01
2.853110195297992591e-01
2.641553937369302552e-01
3.277002061368362029e-01
2.825259118992746732e-01
2.608312969151348470e-01
2.529257992843472191e-01
2.839344501355767214e-01
2.751737594775121032e-01
2.487405428664770379e-01
2.418404065238034251e-01
2.465640111524739220e-01
2.374833251539983092e-01
2.465407430862096849e-01
2.474022196653160588e-01
2.539113810298234131e-01
2.752261143210276151e-01
2.666857472099881110e-01
2.545097159497201056e-01
2.199556057609701742e-01
2.216676180545123775e-01
2.008547879519868573e-01
2.077551050841562885e-01
2.285408930816945350e-01
2.449899041053751336e-01
2.405738650724312810e-01
2.502096954324658507e-01
2.346936656450480940e-01
2.718243349874827075e-01
2.515599010785283807e-01
2.448851399854201916e-01
2.400594537653160110e-01
2.664123362895153280e-01
2.215981132001010045e-01
2.242306174154644061e-01
2.389575205518399414e-01
2.515379519532021102e-01
2.610008484987886845e-01
2.686145263769213476e-01
2.521831702314646373e-01
2.534985436701193140e-01
2.406112821088873532e-01
2.282947375029029113e-01
2.431540201943346302e-01
2.722450319618950343e-01
2.636563557155330861e-01
2.496001256356384368e-01
2.505227834473250925e-01
2.475902375310145287e-01
2.267519248480288074e-01
2.184157492096427122e-01
2.564737968943254232e-01
2.496095040738338378e-01
2.175438503160777026e-01
2.464301542646201437e-01
2.410051970898401952e-01
2.554774456346822209e-01
3.080266318785612745e-01
2.953350851086124496e-01
2.560573785409807068e-01
2.620276614320472541e-01
2.554778979543990691e-01
2.586279801993133787e-01
2.985449663497953265e-01
3.107605258379054214e-01
2.820647027745692426e-01
2.965901967412257756e-01
3.023331267609700168e-01
3.218824429605460780e-01
2.748053521889515793e-01
2.738803388845101328e-01
2.796576235469901972e-01
2.813822245702974345e-01
3.045382375285938803e-01
3.145304273985952692e-01
2.622950239691578811e-01
2.887265169050288183e-01
2.507832651498070331e-01
2.619601410027146970e-01
2.561141512934766440e-01
2.496591154445130523e-01
2.712486049798695231e-01
2.417348710722795890e-01
2.597059491414354659e-01
2.706715098652482387e-01
2.627636338143773398e-01
2.622315774799970356e-01
2.540990230714493259e-01
2.580709465550691251e-01
2.542282914247326886e-01
2.649350776563840770e-01
2.427158026220583020e-01
2.225115682319657728e-01
2.391627909611653002e-01
2.449793825795485713e-01
2.552788247622598261e-01
2.712043214532401936e-01
2.859480535598257767e-01
2.589436712131397700e-01
2.430176782179773731e-01
2.950085538416195030e-01
2.579415543693773238e-01
2.414565927346027929e-01
2.043617149958015800e-01
2.362228498473943616e-01
2.498492421401106167e-01
2.534075199217508123e-01
2.295625606642906769e-01
2.434297043625573420e-01
2.508989099045035309e-01
2.486519685831165283e-01
2.505763370213067720e-01
2.236189303533780981e-01
2.713260821531796041e-01
2.573966097664378005e-01
2.541405827182627308e-01
2.690756331457997974e-01
2.856240931857471632e-01
2.750015066752483639e-01
2.561113178567160364e-01
2.827644918435546217e-01
2.810330074204532846e-01
3.188373308012418250e-01
3.119834902051750181e-01
3.099541472300202383e-01
2.917390798535334229e-01
2.596523670058656919e-01
2.914520906114227428e-01
2.675564742377972149e-01
2.683304225860120296e-01
2.531985898083036202e-01
2.462990090963922962e-01
2.927267564254480425e-01
3.194680994956579090e-01
2.718428145368603221e-01
2.947649738374988337e-01
2.828168902983051458e-01
2.679797374158869872e-01
2.698711334697523889e-01
2.739549459274674970e-01
2.365343607095745093e-01
2.447137572104011172e-01
3.034974953673983955e-01
3.061704408613232231e-01
2.832383793734811195e-01
2.865608627259921826e-01
2.710341644303765896e-01
2.512377621813327022e-01
2.610166337719847518e-01
2.593909911952358982e-01
2.419365490296363774e-01
2.461134945458115508e-01
2.492502613148113999e-01
2.812280373656931842e-01
2.625521085754503603e-01
2.844193147900140328e-01
2.936258767105325296e-01
2.854369360919203902e-01
2.730788055274493420e-01
2.625867169911402232e-01
2.935401874319884530e-01
2.745047417873670570e-01
2.664030887535164260e-01
2.635636863901499871e-01
2.677443233532368905e-01
2.750005859046829038e-01
2.918082235658152612e-01
2.751367628798644938e-01
2.604694226477707319e-01
2.820954507059708627e-01
2.474188033852798285e-01
2.555228248701735261e-01
2.848008284606703966e-01
2.302974490475783453e-01
2.652539149074555902e-01
2.485722615746246145e-01
2.426480408951385004e-01
2.824641242959857745e-01
2.909613033016216765e-01
2.855251490487802357e-01
2.662974617279185163e-01
2.687174818178003077e-01
2.321302448109329730e-01
2.536340738466513200e-01
2.711811907567461821e-01
2.446058368346160639e-01
2.307590181646564098e-01
2.591152568628346531e-01
2.606641101810190930e-01
2.707325653232097173e-01
2.516800130885171738e-01
2.987987756508306281e-01
2.894564211630032968e-01
2.674787263969418682e-01
2.279721539462748747e-01
2.464235811303284174e-01
2.448828786916691647e-01
2.670567206659322235e-01
2.493858588248392683e-01
2.664749154804375575e-01
2.445778674290659815e-01
2.394659230592288413e-01
2.303615530383104348e-01
2.383556120909885445e-01
2.820627961242760384e-01
2.606500790778893961e-01
2.669916182100133817e-01
2.660756167791240578e-01
2.375432402847932056e-01
2.643398547780013708e-01
2.274787252071321375e-01
2.282164860182355481e-01
2.722113991496230567e-01
2.473718954481492760e-01
2.650967614918066095e-01
2.540002741214335003e-01
2.553558239435214094e-01
2.467117957142907769e-01
2.267772642761076152e-01
2.348296995817748534e-01
2.174599701726727674e-01
2.274729346846796063e-01
2.471638627113841857e-01
2.209378732016446245e-01
2.448717281533543400e-01
2.545828219595152597e-01
2.398089117887161892e-01
2.986944545626850078e-01
2.521414385880929032e-01
2.624310118400170477e-01
2.652948357898353704e-01
2.609716844522790291e-01
2.683249096858931759e-01
2.542345358735599303e-01
2.864042446908766082e-01
2.591594183822964470e-01
2.812755507782376263e-01
2.833328134155745359e-01
2.712965487061714809e-01
3.001654550068997840e-01
2.691826571228534970e-01
2.431178610064463619e-01
2.770677340095093477e-01
2.785164759460838080e-01
2.523720878365547371e-01
2.397635503521790001e-01
2.344195408856279139e-01
2.611667124642337856e-01
2.459658845280437711e-01
2.296765703537947678e-01
2.582809786933799034e-01
2.723723781317400339e-01
2.540885391091978751e-01
2.478042308941354743e-01
2.719340351078094464e-01
2.660789939639895962e-01
2.472883851725786453e-01
2.626380042569508300e-01
2.713583628658581270e-01
2.613662824563392495e-01
2.549881030165447315e-01
2.651465915851837774e-01
2.502289354642350250e-01
2.652444008411702359e-01
2.366661894472869843e-01
2.663120168226817408e-01
2.582346593195753992e-01
2.686777272360231783e-01
2.681511377512887928e-01
2.803056807429897268e-01
2.458393239997146151e-01
2.606962266179306820e-01
3.185068755457694523e-01
2.692976353903239195e-01
2.106976255146983390e-01
2.646552614779518753e-01
2.363475434338727088e-01
2.408807396193744788e-01
2.378443477039016152e-01
2.385387915692519789e-01
2.661257478516515507e-01
2.534304880938774707e-01
2.762730980126167357e-01
2.628093309526041144e-01
2.640365130272744887e-01
2.602729953275281782e-01
2.401398180893507539e-01
2.717887169948242088e-01
2.854644164783051163e-01
2.728376241118845025e-01
2.743136234345709967e-01
2.877960968642196415e-01
2.683447465611705218e-01
2.717000143041871651e-01
2.759831490148960675e-01
2.687465203980535788e-01
2.568768534320705066e-01
2.964233758530913643e-01
3.085621600092157690e-01
3.405143862458276383e-01
2.799930737399741743e-01
2.986800454527354098e-01
2.660701180769205476e-01
2.388846483955767708e-01
2.665576786166321543e-01
2.611771153535673573e-01
2.508806976807053668e-01
2.238780689019350401e-01
2.671005632860182222e-01
2.704259149336366019e-01
3.115376274642421839e-01
2.610858284391625594e-01
2.597993473802318598e-01
2.848861260907055160e-01
2.772021502865774645e-01
2.845657484651776259e-01
2.943030355438205903e-01
3.034931121804047560e-01
2.637898640393491756e-01
2.922675782074882767e-01
2.933288253022565684e-01
2.562738851879063362e-01
3.321123162664693651e-01
3.355742556095033247e-01
3.118216128358590744e-01
2.725431294358943712e-01
3.035183569391383673e-01
2.740291862174635273e-01
2.718837490711697447e-01
2.632972073460517204e-01
2.544623570255322154e-01
2.952462002966776966e-01
2.329580505843622251e-01
2.130431075434694177e-01
2.119522248091653682e-01
2.301387952210204590e-01
2.322263225000470166e-01
2.741265629574533014e-01
2.810671539206492930e-01
2.405007394899484618e-01
2.602542385192212482e-01
2.441538835429236109e-01
2.581756259377662732e-01
2.540174227602736701e-01
2.674642749954793675e-01
2.507473232551493125e-01
2.795220448214071896e-01
2.511495793971062485e-01
2.659108519449105978e-01
2.889611347021813215e-01
2.678309085406321288e-01
2.461161376001257395e-01
2.763477344765381538e-01
2.547006829195774258e-01
2.512628195313343915e-01
2.413955227051270969e-01
2.484081501006831783e-01
2.671753652145433255e-01
3.060241966091698518e-01
2.696660871251985725e-01
3.164970933651467533e-01
2.514055870215878286e-01
2.512062247564725292e-01
2.655530378342032538e-01
2.659939411872164761e-01
2.764601938859622132e-01
2.925304485459321313e-01
3.331638369195421556e-01
2.824404409581773856e-01
3.007758329208569115e-01
2.796873778890511253e-01
3.073353922630978063e-01
2.759947060181567879e-01
3.269028156491286530e-01
3.161402649538926357e-01
2.851416125920993583e-01
2.684836703310872763e-01
2.383256588099266216e-01
2.192231066164114783e-01
2.545435604233520221e-01
2.554897586172416024e-01
2.558257512430821001e-01
2.499925295006384940e-01
2.604820743218383972e-01
2.452069008571428899e-01
2.341390809586444410e-01
2.535716923272918200e-01
2.836706696636876468e-01
2.576666027267980330e-01
2.466585507703003277e-01
2.513608159318008739e-01
2.696562890215629116e-01
2.286107197545615977e-01
2.302928267939549078e-01
2.249225259521167308e-01
2.333790788187220799e-01
2.213178275540915729e-01
2.619283021499616004e-01
2.503613412454862575e-01
2.244766539883595036e-01
2.404156738493256062e-01
2.921798531251634246e-01
2.873493529305562455e-01
2.316413586672848024e-01
2.572005852493864930e-01
2.623281358099585625e-01
2.420163970976560441e-01
2.670500102211418314e-01
2.411445391369632374e-01
2.479097339030476577e-01
2.706905230051855349e-01
2.454233398389466525e-01
2.409726585725305570e-01
2.605379541078163275e-01
2.543808358678075199e-01
2.643691615253305760e-01
2.812505301543331004e-01
2.821237085077324402e-01
2.979650969312614972e-01
2.805235909162247521e-01
2.708612011780119344e-01
2.920850505525626195e-01
2.767341291894387934e-01
2.347184654758250610e-01
2.706774278832245750e-01
2.775374874619190857e-01
2.654062575098830035e-01
2.480783667347553623e-01
2.444427498215671346e-01
2.552461980777068207e-01
2.573589796722621226e-01
2.429678115247001502e-01
2.334988066605974411e-01
2.587347437530874705e-01
2.238056062217351760e-01
3.022193972522794203e-01
3.005183977763867254e-01
2.847673524010120305e-01
2.755272691894700698e-01
2.547895283346084949e-01
2.504479141505632778e-01
2.323158297617300416e-01
2.242159291903420837e-01
2.203608426018241195e-01
2.577112317253846818e-01
2.568946637245184683e-01
2.104253142462098602e-01
2.459768472837067788e-01
2.742882117855468538e-01
2.945353826647454931e-01
3.040192491860996826e-01
2.649643484875716659e-01
2.757111754314364727e-01
2.494120339600022496e-01
2.572901439584170946e-01
2.544116825197606513e-01
2.578145730694403337e-01
2.631769945169785130e-01
2.737884052399479073e-01
2.446702346233742831e-01
2.433576065127513177e-01
2.741147603321869020e-01
2.592539816273118358e-01
2.685911338052075492e-01
2.565301076908353406e-01
2.332710473197930345e-01
2.513908455202951697e-01
2.603850067582658134e-01
2.697873279123338963e-01
2.881323875745080976e-01
2.861699853330187393e-01
2.916745294060731908e-01
3.042308671969196077e-01
3.181978007294248290e-01
3.024802067084619850e-01
2.817778633260689114e-01
3.179744671219603136e-01
3.089900569265847663e-01
2.805663622305932803e-01
2.514908212857022707e-01
2.711481620166172335e-01
2.776484000270379449e-01
2.949228376180383360e-01
2.859358678606520598e-01
3.212224344389935649e-01
2.957872255423122376e-01
2.926508046818506736e-01
2.920636493300943770e-01
2.555476046539162382e-01
2.850571922944860614e-01
2.685610758617195115e-01
2.380285569629284614e-01
2.634460404871057926e-01
2.692148783619678354e-01
2.541693384701667058e-01
2.825274644614400033e-01
2.580299677280667447e-01
3.060105424463132606e-01
2.740618557807971700e-01
2.987261837656247088e-01
2.447466111532650146e-01
2.880571613494700145e-01
2.971557539013947591e-01
2.842313025373634505e-01
3.260792574761667839e-01
2.782145740652302024e-01
2.867130335123970752e-01
2.655397641366646355e-01
2.778276573933511906e-01
2.801299299764000716e-01
2.664368539886792231e-01
2.609884646989259482e-01
2.701434430269353260e-01
2.586211431257494642e-01
2.730759550011006009e-01
2.488752147928566527e-01
2.758016397773866424e-01
2.442810799828493140e-01
2.327749183808331401e-01
2.340319529268566623e-01
2.577023406652236281e-01
2.464345332836156699e-01
2.340683531508382376e-01
2.369056171782028541e-01
2.145669350958920862e-01
2.284065560047214838e-01
2.453276016418676486e-01
2.680548190494426164e-01
2.613991474600627085e-01
2.532302811722889624e-01
2.332766327010455110e-01
2.612587060024122443e-01
2.564322283277779002e-01
2.556455987198333890e-01
2.801881674842318093e-01
2.559653033266551803e-01
2.546873824860615976e-01
2.544654171963618428e-01
3.000076940322000119e-01
2.589387459381690682e-01
2.535609273725101809e-01
2.497794689734292306e-01
2.481742522203098655e-01
2.751185342628486574e-01
2.652338349415898633e-01
2.528811164130083666e-01
2.325097452786539787e-01
2.449803611419735239e-01
2.512566633060202004e-01
2.542780748252345124e-01
2.470260485436372444e-01
2.385156289996838153e-01
2.166026731310125020e-01
2.148137037119778603e-01
2.296211712028861374e-01
2.664145051141447174e-01
2.791931663444164324e-01
2.486923824049580567e-01
2.378690946438369591e-01
2.415567618245555159e-01
2.524003936977869400e-01
2.478794980626815303e-01
2.379553479163321328e-01
2.250085811034551186e-01
2.589152175511307274e-01
2.095119284882804855e-01
2.487689073587963096e-01
2.085213178264275491e-01
2.562854485161766838e-01
2.646111240790857133e-01
2.649742669916323456e-01
2.513044801082909285e-01
2.257025137219676181e-01
2.569532285191404863e-01
2.567107625184104069e-01
2.673340129586298519e-01
2.328594295620640964e-01
2.631737418629805370e-01
2.605777756163303871e-01
2.579352407046065498e-01
2.622904754334507982e-01
2.489241956944205914e-01
2.365387280899838018e-01
2.761638637886799641e-01
2.578064593153230888e-01
2.642166210402306925e-01
2.708031837796614494e-01
3.237828352759247741e-01
2.741533697291938521e-01
3.046602107966270290e-01
3.484521620566541911e-01
2.358967749445581852e-01
2.450189894339354357e-01
2.874812070990812596e-01
2.726848466460012332e-01
2.580857816981059205e-01
2.592252948623198772e-01
2.485186109791444886e-01
2.337404350121461138e-01
2.209944253823499238e-01
2.374064136243457523e-01
2.608977685340838626e-01
2.760796088928084702e-01
2.272103121875149456e-01
2.695259879471162967e-01
2.402301889352446707e-01
2.472463264129601546e-01
2.582306352486815060e-01
2.565320103433846310e-01
2.791222871098909541e-01
2.397856357514101255e-01
2.265700204211686664e-01
2.404082971688539239e-01
2.519870815518235330e-01
2.656720664131284049e-01
2.792309954681037598e-01
2.555371700795202039e-01
2.404619117040794618e-01
2.285291183093031420e-01
2.545062242002894548e-01
2.659251423508380285e-01
2.525745112663478897e-01
2.642368631968508019e-01
2.795005974950337535e-01
2.769431253255357772e-01
2.506639727394662787e-01
2.252001034641745725e-01
2.410652619434111854e-01
2.495779403219602899e-01
2.796044312193692316e-01
2.606706790480485258e-01
2.632550243823337244e-01
2.765357211860955400e-01
2.816623068971689792e-01
2.620611491648466296e-01
2.599440149131130862e-01
2.418707685037511379e-01
2.453099497695537812e-01
2.276464468808686026e-01
2.591624576723070561e-01
2.596389850055906834e-01
3.010544538604356668e-01
2.551484800293657429e-01
2.492936674921700513e-01
2.420198893389579053e-01
2.558798226262671283e-01
2.238317553071895449e-01
2.548519565013729893e-01
2.628017368222275718e-01
2.560028794778787531e-01
2.744638421963693231e-01
2.787933767406756136e-01
2.884537328493251285e-01
2.786511857152286775e-01
2.709802796369799593e-01
2.453294787783175668e-01
2.401509364818173731e-01
2.181309620515025638e-01
2.243743710762438337e-01
2.565669582916894620e-01
2.532904735970438193e-01
2.636618605280314220e-01
2.162676562247926593e-01
2.270795107551935588e-01
2.527016010127631218e-01
2.781262715105391470e-01
2.445805998256005698e-01
2.426317023572671094e-01
2.295554267099626511e-01
2.586748713191609483e-01
2.429013714390236001e-01
2.495532399129664902e-01
2.630472155320096039e-01
2.584903318200783007e-01
2.566766126963365147e-01
2.790445177819146916e-01
2.395191235933703811e-01
2.286131217030096530e-01
2.404512176098453358e-01
2.668865582674647130e-01
2.595112692388523157e-01
2.742198153807362537e-01
2.742651988933439977e-01
3.049655307963338724e-01
2.839937381361192781e-01
2.941569146736198181e-01
2.552085480113341354e-01
2.440508218601561419e-01
2.389841293763913244e-01
2.298392974319341531e-01
2.391307877221846012e-01
2.723843174746122808e-01
2.428012214296015880e-01
2.508722276636534132e-01
2.291868916459079697e-01
2.489608164298275916e-01
2.964745344520601233e-01
2.673229967156068865e-01
2.782372455395887845e-01
2.562635875335034230e-01
2.590581995761589429e-01
2.340557283354326723e-01
2.584914667155583379e-01
2.559513547445828041e-01
2.698535216675258530e-01
2.575690896511019234e-01
2.902007092907049057e-01
2.741262540022320060e-01
2.454941819368016420e-01
2.744290303997988789e-01
2.567439389896806756e-01
2.208862031964535511e-01
2.432528198916063811e-01
2.349715435386042217e-01
2.442983217269295571e-01
2.568516743275907621e-01
2.404830393973096947e-01
2.707041066468353629e-01
2.384436058217684895e-01
2.657966199718880818e-01
2.562164501516824289e-01
2.644064536870697757e-01
2.873343321834667119e-01
2.471449605953733308e-01
2.317901157454930194e-01
2.418958285065941627e-01
2.230076082270852078e-01
2.221627704304641737e-01
2.464478238753201322e-01
2.615683767353453315e-01
2.541655490204913770e-01
2.536169507448686189e-01
2.510853488721026538e-01
2.640957935394467881e-01
2.261880695741441127e-01
2.417544246608193947e-01
2.426198892876920699e-01
2.286666904259636035e-01
2.397963947603026225e-01
2.612088824213088523e-01
2.368126309893779369e-01
2.672986109835390756e-01
2.539716273147559766e-01
2.655612698177172715e-01
2.702135239483169915e-01
2.527931728168345549e-01
2.584407136086110945e-01
2.645966122159191802e-01
2.663987723327321810e-01
2.488932011151014090e-01
2.801316222253206756e-01
2.559227215459506377e-01
2.733366333158595007e-01
2.754655968129421373e-01
2.563459687451399849e-01
2.759109632966714187e-01
2.720595352055748539e-01
2.804993416118059524e-01
2.761704566108557080e-01
2.803915580418582243e-01
2.428220078164569085e-01
2.742713835928769495e-01
2.334771209902793687e-01
2.682956319536661249e-01
2.948432369661310171e-01
2.541198752818648599e-01
2.150480440772047086e-01
2.374238352577755506e-01
2.323836543200242244e-01
2.339559172463614722e-01
2.350981743450960837e-01
2.348310929694098492e-01
2.719777429865160578e-01
2.411604366354210272e-01
2.182914011054625236e-01
2.400034467645279224e-01
2.412125922943348100e-01
2.403347291480635584e-01
2.255464939403753200e-01
2.519172185376305495e-01
2.407888845301687786e-01
2.896325308761467654e-01
2.714778039219685191e-01
2.739093307099789154e-01
2.558700977636948481e-01
2.434764328313267223e-01
2.683546830741893041e-01
2.908375880865521346e-01
2.560355093762478051e-01
2.704908220959190146e-01
2.155793794608446556e-01
2.291469064165418956e-01
2.488032866274868526e-01
2.786294095719622499e-01
2.886641952958508561e-01
2.288094634068855715e-01
2.528247118649286085e-01
2.666870579373592509e-01
2.708937850902453648e-01
2.346949300417284778e-01
2.689511007437566104e-01
2.687128461697291248e-01
2.664760815108240810e-01
2.606747025677317309e-01
2.727442372246781099e-01
2.984036775410624509e-01
2.514390901077460105e-01
2.495237062348951984e-01
2.513561548393444811e-01
2.775824249211978900e-01
2.445792551298571760e-01
2.644327054449540082e-01
2.230631634709037692e-01
2.402970109663996323e-01
2.556040775177002566e-01
2.407679498206985735e-01
2.818687161730585866e-01
2.388061600668076601e-01
2.741105732571626485e-01
2.645309940965536732e-01
2.686136314232135947e-01
2.735103740890478252e-01
2.622295738837044365e-01
2.510302817388755936e-01
3.139921953712406788e-01
2.604383986508577720e-01
2.803685628738538105e-01
2.463152864503947437e-01
2.747962066707835826e-01
2.672467540789530971e-01
2.910169495161945563e-01
2.652503874534328232e-01
2.523530732577651259e-01
2.690203308722221576e-01
2.685218649779705369e-01
2.540727142594837451e-01
2.381007079449710406e-01
2.581465810667610272e-01
2.270701766345849526e-01
2.247816301285396334e-01
2.426886360568714374e-01
2.820074647156688430e-01
3.181097888245558725e-01
2.715276086073573625e-01
2.865288042676396585e-01
2.561882454278858745e-01
2.222905020327143599e-01
2.767130815891880591e-01
2.735744239276098888e-01
2.407041136406718740e-01
2.561286313706391815e-01
2.605764157406033066e-01
3.028127387738798193e-01
2.954082119765394920e-01
2.654171628529482518e-01
2.322318532282950931e-01
2.807387892110397853e-01
2.427158880567418242e-01
2.219840762591988037e-01
2.570728413833446302e-01
2.760502911008953508e-01
2.717161418191594291e-01
2.737836317970636646e-01
2.511778180022991580e-01
3.303456411638520107e-01
2.451212370376313066e-01
2.603060190767220727e-01
2.578846488588441010e-01
2.614889871846416414e-01
2.568919272833656842e-01
2.316679116331135102e-01
2.345775385188095807e-01
2.440940998185676947e-01
2.596524912115650841e-01
2.244638364949188836e-01
2.167995567801654644e-01
2.428850382505299554e-01
3.117727557767241420e-01
2.483917340962227827e-01
2.453935235859092956e-01
2.404819021571694693e-01
2.559516479997572258e-01
2.752121208380647333e-01
2.732641750385982893e-01
2.502489770983805650e-01
2.616424492703790516e-01
2.418016826004545095e-01
2.680315526446810925e-01
2.472415028484677424e-01
2.658026142844490680e-01
2.319321113650539556e-01
2.576560570247036219e-01
2.564586750028095552e-01
2.699452829462721248e-01
2.536045880386162410e-01
2.595887265604187033e-01
2.811214593281209373e-01
2.762096045839436131e-01
2.505006793904785423e-01
2.735435106587014165e-01
2.339043806411928161e-01
2.483960746300165057e-01
2.752852192842227819e-01
2.427248936326616702e-01
2.855722221193259802e-01
2.688647290565048809e-01
2.284546529685214100e-01
2.508997648591353991e-01
2.678512914639031850e-01
2.419423287194878702e-01
2.653001556511418446e-01
2.746211678450282689e-01
3.327222994122559507e-01
2.589575968069102174e-01
2.742060140835578252e-01
2.799891982334065665e-01
2.532594346406861208e-01
2.697256781065213715e-01
2.609120975737511672e-01
2.628872401730691366e-01
2.753555246130217626e-01
2.684761437048480692e-01
2.529311651001144301e-01
2.876117800367970490e-01
2.739268700024295455e-01
2.360014475823453695e-01
2.620219540450435813e-01
2.404317223575388462e-01
2.795049494241935717e-01
2.864215419439535282e-01
3.051063265845772032e-01
2.815359596191188696e-01
2.852018765596299743e-01
2.635042682807972603e-01
2.663837136575147313e-01
2.546911784572208903e-01
2.683437738789340998e-01
3.006138658369169603e-01
2.770024461724043263e-01
2.500355721521329566e-01
2.212449003651965618e-01
2.401153195252749839e-01
2.574019810925217144e-01
2.311210924381428278e-01
2.351398938632385804e-01
2.559484588224689161e-01
2.342609285595476376e-01
2.365320718487808616e-01
2.475577594208561438e-01
2.281722406383024371e-01
2.426620632454806747e-01
2.273147675760908981e-01
2.209873676762596217e-01
2.324620188495432616e-01
2.221338686804706364e-01
2.447333919715440897e-01
2.366810969564250300e-01
2.340980251581523952e-01
2.773956648213550258e-01
2.392474783567737906e-01
2.301992070597089768e-01
2.257118320029500302e-01
2.387271777555577401e-01
2.321362925673434441e-01
2.448978824316559999e-01
2.627061995558062635e-01
2.683711838271038430e-01
2.364294539510914395e-01
2.962155103461345251e-01
2.708145658671220479e-01
2.493959465593349467e-01
2.657125062096635237e-01
2.597922581893741811e-01
2.575057815599179345e-01
2.451598988924398870e-01
2.608820392807439381e-01
2.502436539545383476e-01
2.411020156773705791e-01
2.429633484399951471e-01
2.628918277315978047e-01
2.356308669749598572e-01
2.532494391037291015e-01
2.166328500877795493e-01
2.192562671812052777e-01
2.309517736472883054e-01
2.465274334528579081e-01
2.354120547261890350e-01
2.173642305278422060e-01
2.714071872987037226e-01
2.427408860806413438e-01
2.880792094404982517e-01
2.564760556546744064e-01
2.558222314064769187e-01
2.289774868420221821e-01
2.303547691593487434e-01
2.375515228309485749e-01
2.512135134238504541e-01
2.799964024477051283e-01
2.738700940144794815e-01
2.492269482856364071e-01
2.963749557150346381e-01
2.807251649848196418e-01
2.911289095821623096e-01
3.207099047462890762e-01
2.980464437056765115e-01
2.823902930450474802e-01
2.981015393932904267e-01
2.623913770146330537e-01
2.833477153779846991e-01
2.818254095103475132e-01
2.752143668148688271e-01
2.646806978354809825e-01
2.852251995386080319e-01
2.657767652202844277e-01
2.684651186128408362e-01
2.848775973803855388e-01
2.589557200007172599e-01
2.775763140184017153e-01
2.651447504780683473e-01
3.223364632131465179e-01
3.085616571841118261e-01
2.870979459683548618e-01
2.620844453540863150e-01
2.763371481987357825e-01
2.189240687794705431e-01
2.621007667841683819e-01
2.790409178286285541e-01
2.702466397514556862e-01
2.482856069202017402e-01
2.778518750328830555e-01
2.665015798936037905e-01
2.488703954185752243e-01
2.775472664106782283e-01
2.759175034148066419e-01
2.683495822575646672e-01
2.934507015438387878e-01
3.004885341338932592e-01
2.609392512946621112e-01
2.574573519552547096e-01
2.781339821302942772e-01
2.314607681368280045e-01
2.600500094584799471e-01
2.354293280581343795e-01
2.322866311989554289e-01
2.658109163003100628e-01
2.497776085203746443e-01
2.565978653534590204e-01
2.451069685012536858e-01
2.706932064613112865e-01
2.627271132071127280e-01
2.249871974084385329e-01
2.483632997138241205e-01
2.244543753434091460e-01
2.510799014264102902e-01
2.363022577350307463e-01
2.594905478180610792e-01
2.806485586026258305e-01
2.948602707797752798e-01
2.838996909642099165e-01
2.632906853549906723e-01
2.822997870338651571e-01
2.761671262302303198e-01
2.357314523049091615e-01
2.618830241674937054e-01
2.384837821315340112e-01
2.810990276738018490e-01
2.532169258398214717e-01
2.696477923647492281e-01
2.826252910882606217e-01
2.204435394899460776e-01
2.736538018729234301e-01
2.541392159429174957e-01
2.447370027540086979e-01
2.860574437373386014e-01
2.955143056100310028e-01
3.192006623966627266e-01
2.740244486340784880e-01
2.850689276952660389e-01
2.724765804139323011e-01
2.602330225897028226e-01
2.251640779463268960e-01
2.367535033556385782e-01
2.616865884889495453e-01
2.497561041500947210e-01
2.838902565746479478e-01
2.850665163262862678e-01
2.929808163187523351e-01
2.989513014539085800e-01
2.806502568847902834e-01
3.008707679926410639e-01
2.908259207658235868e-01
2.576708268804313584e-01
2.966483852854301384e-01
2.635682181299653370e-01
2.727892548780206927e-01
2.689084643528911189e-01
2.468654180934727327e-01
2.431587684772037739e-01
2.777752275365489854e-01
2.315646571631936323e-01
2.224425987972482310e-01
2.295082458374455570e-01
2.513138031500322112e-01
2.647958089666515025e-01
2.509885096502646462e-01
2.520916710893744694e-01
2.497065637499521207e-01
2.355574871973188933e-01
2.216688396240712455e-01
2.257544729834810027e-01
2.370591704293926461e-01
2.574305718468506976e-01
2.810585714467237484e-01
2.738554355109718008e-01
2.759136291325718915e-01
2.541181793089987151e-01
2.926290789274338389e-01
2.613394706285430136e-01
2.625972767558398258e-01
2.422558258996035663e-01
2.395108672118957671e-01
2.641316043859645579e-01
2.635768962609851829e-01
2.382115409096344782e-01
2.581638292623890663e-01
2.778978846588998075e-01
2.716240646409830983e-01
2.510638688030565335e-01
2.664834072007186694e-01
2.570322549594998840e-01
2.882004726029055997e-01
2.709485207059922351e-01
2.840926744457765718e-01
2.814219742706718930e-01
2.605940474285952102e-01
2.600564562240144650e-01
2.642364039732476577e-01
2.591797197300541034e-01
2.461749958221741696e-01
2.338192465968252087e-01
2.474078820072839746e-01
2.582854461260458701e-01
2.583501101856167659e-01
2.388002404513487331e-01
2.940149742963407697e-01
2.471821663262578350e-01
2.864532276944876665e-01
2.970932055373236014e-01
2.783909483995739009e-01
2.780444464469007948e-01
2.931879940137506746e-01
2.723438789574608720e-01
2.494158403495927712e-01
2.702272095698942111e-01
2.463301179189257561e-01
2.590501178694531448e-01
2.672432446942865081e-01
2.428236325470377877e-01
2.364694107737484174e-01
2.619532745408136298e-01
2.823669427431153567e-01
2.310743609939434340e-01
2.373813722252312575e-01
2.380447307714713412e-01
2.305172418583787408e-01
2.458283687101185389e-01
2.333921072409464170e-01
2.703857379200269584e-01
2.467572485991499087e-01
2.445037698833752993e-01
2.393940380939693635e-01
2.497919289805969056e-01
2.473263304862496348e-01
2.462943472833559466e-01
2.568737699350491233e-01
2.485586737339575414e-01
2.561878663217502239e-01
2.964884423431138893e-01
2.645047553019265196e-01
2.407804540197343302e-01
2.685733027341022927e-01
2.946129739650134582e-01
2.881852682152504230e-01
2.349173856765078006e-01
2.451710743253358582e-01
2.322427161510901283e-01
2.337098709945024111e-01
2.440794228799880727e-01
2.368046746065169961e-01
2.351427102409777703e-01
2.413313933243708131e-01
2.368337466071840647e-01
2.491962796220422438e-01
2.635722912677683216e-01
2.721902056566659622e-01
2.587618084793630868e-01
2.457246283850283708e-01
2.467379927483703828e-01
2.330293105601574655e-01
2.582557721679297202e-01
2.459390242703597407e-01
2.632656068499792945e-01
2.353677446894999470e-01
2.445518774386519212e-01
2.435679746560454328e-01
2.703288458876910161e-01
2.171252956987773097e-01
2.572007762953477106e-01
2.543847815880753149e-01
2.932037019367712549e-01
2.464446507051005486e-01
2.710986994677996309e-01
2.683594425738147216e-01
2.755215034608967661e-01
2.625545876149146807e-01
2.721066512782709945e-01
2.617453104914893580e-01
2.780717358902610181e-01
2.657081982761079764e-01
2.327380641082181234e-01
2.862831529444284651e-01
2.813707739667294927e-01
2.544325135113924552e-01
2.477901590139479082e-01
2.386518135139190644e-01
2.116871628167421304e-01
2.477937987076591353e-01
2.507390968096912531e-01
2.260458248332881115e-01
2.700865730550843224e-01
2.502657301826120562e-01
2.563298168096049823e-01
2.893327507292063339e-01
2.693988038024589526e-01
2.679887895908795170e-01
2.758979035764708709e-01
2.388278485478215196e-01
2.477053264142974887e-01
2.737854259102096011e-01
2.705787970311958057e-01
2.659157560249618690e-01
2.840752293629086878e-01
2.945983577915076701e-01
3.014605407602639620e-01
2.828760581342848468e-01
2.785288269131012684e-01
2.792681486044069072e-01
2.683939334192843029e-01
2.548946462408137603e-01
2.131404485297370699e-01
2.463526956484561325e-01
2.585974195446908430e-01
2.267222872129476818e-01
2.534682848657392462e-01
2.501055872601563035e-01
2.559828635704672339e-01
2.396044420300804112e-01
2.140959720348973305e-01
2.775698854283356054e-01
2.912141710514298265e-01
2.243778857066217325e-01
2.221241184464925744e-01
2.154184647886225046e-01
2.780802055309712362e-01
3.088784801180106121e-01
2.597007230163678182e-01
2.491053189461249207e-01
2.707239929225938035e-01
2.504444535598228661e-01
2.210200705605019356e-01
2.833153358406281797e-01
3.016591565792307583e-01
2.921132925984050721e-01
2.816715843545013476e-01
2.765606805093565601e-01
2.841501388437798203e-01
2.684051450332893829e-01
2.449312464716258964e-01
2.427183748074156489e-01
2.559066298173728327e-01
3.028974655408198657e-01
2.798806802887101597e-01
2.707990890128887385e-01
2.907802597178186232e-01
2.727747493936821255e-01
2.649098372177497995e-01
2.655702591149793346e-01
2.864958987676030078e-01
2.581194921045301127e-01
2.574818314652599915e-01
2.551318771092637716e-01
2.522792156441985290e-01
2.799370048536714006e-01
2.904795810070652240e-01
2.685758288862547527e-01
2.699979682540094017e-01
2.740604752414655398e-01
2.927224486860711128e-01
2.520775907767502932e-01
2.504622843406221211e-01
2.465697786578996409e-01
2.182885697943915126e-01
2.327548525797135948e-01
2.426261422900515830e-01
2.554762505815391660e-01
2.553779270041642846e-01
2.566014454166224423e-01
2.677061254780516708e-01
2.537754357924249526e-01
2.965073288318212930e-01
2.746719135710091186e-01
2.914289526144127063e-01
2.550478338326823691e-01
2.409656302204511991e-01
1.984433487093657245e-01
2.193803477533833313e-01
2.418433589357940616e-01
2.340449714272904991e-01
2.532630646918658801e-01
2.522032741748318485e-01
2.410089121081822605e-01
2.256026712657996924e-01
2.251001129175118631e-01
2.412083128317095704e-01
2.917228897841063207e-01
2.403313713078140401e-01
2.420170769750835116e-01
2.318344669508290157e-01
2.083849685003267560e-01
2.488742468749671199e-01
2.516110723292190876e-01
2.640635938893677315e-01
2.079359241764399402e-01
2.063845135184210200e-01
2.421793182603122208e-01
2.506018508172331294e-01
2.413526024241081647e-01
2.646603540492398765e-01
2.321804592477276774e-01
2.577854427676140037e-01
2.560467793446409290e-01
2.275144647909033979e-01
2.206254891961353382e-01
2.539408996719159095e-01
2.901636576757982700e-01
2.529621068554421259e-01
2.880437202767467397e-01
2.546626807916410051e-01
2.263317957205414621e-01
2.434299316311208661e-01
2.532221171934200266e-01
2.647754063230473021e-01
2.373878374319016438e-01
2.501139090316482627e-01
2.382018547585670054e-01
2.228332873279310899e-01
2.549835298353527735e-01
2.788332760297162483e-01
2.640998152814961197e-01
2.622673856809323856e-01
2.628067619519527942e-01
2.365044475046932937e-01
2.581098552229878496e-01
2.888349600629587233e-01
2.627573908058257746e-01
2.956161021128908550e-01
3.201004141718620799e-01
2.726687328342730643e-01
2.701773809559413486e-01
2.925518710250786802e-01
2.096136168239908781e-01
2.371128573737135703e-01
2.557172082146362824e-01
2.476480827776720017e-01
2.904462940251311132e-01
2.815473916251888253e-01
2.643297744809974814e-01
2.696866409260476050e-01
2.520591679795528006e-01
2.360495032754417466e-01
2.440782833412675490e-01
2.758510182422104218e-01
2.544776516595044780e-01
2.790411089783240706e-01
2.702823289798413908e-01
2.898521086839819239e-01
2.762102843842250133e-01
2.896741825803557657e-01
2.812519840877339972e-01
2.575134231192274803e-01
2.740773549747227422e-01
2.758124439127610517e-01
2.697717430375160541e-01
2.797868796695016647e-01
2.776357167107691426e-01
2.660445042792822234e-01
2.888285667059537487e-01
2.672716416807934814e-01
3.240924511642122585e-01
2.891510065255507578e-01
2.766366385960311036e-01
2.862667942131016385e-01
3.079944538381802488e-01
2.944568866865052703e-01
3.164459176805634599e-01
3.585171187374172064e-01
2.786474242224845077e-01
2.878706404329197666e-01
2.846744671592194575e-01
3.035184105816711719e-01
2.840077194767804958e-01
2.904851363225381955e-01
2.840340136558316408e-01
2.756430584968498909e-01
2.648805842751512096e-01
2.520908837659227575e-01
2.676698882797664547e-01
2.960261101076379631e-01
2.562164564184003512e-01
2.872725795547320660e-01
2.633015984766359230e-01
2.745911545885420524e-01
2.477466061054208746e-01
2.897901738512270176e-01
2.485891653279722058e-01
2.658147283143846296e-01
2.590847458863091424e-01
2.635708133837284528e-01
2.411392140399409856e-01
2.635489519252362522e-01
2.699472371445875707e-01
2.712935542790748666e-01
2.809442995746058713e-01
2.720216929812470652e-01
2.661576259711195824e-01
2.513690020723172713e-01
2.630285076787788889e-01
2.417049961776201461e-01
2.216368931697315359e-01
2.444431050515666337e-01
2.666754010842242728e-01
3.133564804896037947e-01
2.980507872424887350e-01
3.316164182952475170e-01
2.922415892559426243e-01
2.972736775278767563e-01
2.639046258918348320e-01
2.577682155835785416e-01
2.990542958247345284e-01
3.063137313311238286e-01
2.900624894624087569e-01
2.707703353305206395e-01
2.548979373516611080e-01
2.760035042916418879e-01
2.251881791966733881e-01
2.274720301497798192e-01
2.812058396591288756e-01
2.526193736608560170e-01
2.625091248379050057e-01
2.480574318070202233e-01
2.544242103853117665e-01
2.247510854487571041e-01
2.331442154346304307e-01
2.374492675923791651e-01
2.377895855553096849e-01
2.586913122493895711e-01
2.723943542543009744e-01
2.708063199381527397e-01
2.743709241024608891e-01
2.718934404626933699e-01
2.375889075176906562e-01
2.392107048471202035e-01
2.583509659039188167e-01
2.270020134876959694e-01
2.582154550267830584e-01
2.440149051646319789e-01
2.581198075219369725e-01
2.507477979922862477e-01
2.643163891370541307e-01
2.629810117543271430e-01
2.613017128299505720e-01
2.965403022960157453e-01
2.808740325427053208e-01
2.539870223032085761e-01
2.168857850193472159e-01
2.330201217868686225e-01
2.531954879762429167e-01
2.678668484932825722e-01
2.565852649586016221e-01
2.651519157353103839e-01
2.741431307188975097e-01
2.587300135377644250e-01
2.667422045828903299e-01
2.697117035679962860e-01
2.438840343716985049e-01
2.677586198913898263e-01
2.729662414464979481e-01
2.881244574535077319e-01
2.817302660235572187e-01
2.668801329093834496e-01
2.859788136991268104e-01
3.031927332554484877e-01
2.778673622995412318e-01
2.681721683968804615e-01
2.594506839031460732e-01
2.202356789530645065e-01
2.591990320482746579e-01
2.965996852060271971e-01
2.538858518402751230e-01
2.793018212697860325e-01
2.766009092525651969e-01
2.531713827398764383e-01
2.290009869198763315e-01
2.688591764076722068e-01
2.773536901696542212e-01
2.324101399701412884e-01
2.285079626813024400e-01
2.441903158694669895e-01
2.402675233358723406e-01
3.005960169475621058e-01
2.587573340186020143e-01
2.888098363251673795e-01
2.859050584677606532e-01
2.591066552742625206e-01
2.740816501646498038e-01
2.513545390162363335e-01
2.764826816555318034e-01
2.728709321881737648e-01
2.639576028882190672e-01
2.522714341276955929e-01
2.411549551836529026e-01
2.317418402107062902e-01
2.648353671668332576e-01
2.468206266255723869e-01
2.502666798810548321e-01
2.575502710005932450e-01
2.255055001788120184e-01
2.415306715080295374e-01
2.701887637458907920e-01
2.832579712552842355e-01
2.846544203846827492e-01
2.492262920588708131e-01
2.961921539707704776e-01
2.860189864133027560e-01
3.096033717427491561e-01
2.926153788021084723e-01
3.019628523612823412e-01
2.733572624524686079e-01
2.916905806944788404e-01
2.966335793628548934e-01
2.871019170752519556e-01
3.148114924691876038e-01
2.701542286944275117e-01
2.957474695300777445e-01
2.552782717292943482e-01
2.663251010485526704e-01
2.893736163909873538e-01
2.773453445793264138e-01
2.822740695048972515e-01
2.859366795418787910e-01
2.672491280247371037e-01
2.429147269126197550e-01
2.378325986309692275e-01
2.179139807758130043e-01
2.252997646530471854e-01
2.447573946092048702e-01
2.382564166382523108e-01
2.173119118982754505e-01
2.587203564803127742e-01
2.363262042236964344e-01
2.401268259882898826e-01
2.603934270831613218e-01
2.579362214503777007e-01
2.757373886033641641e-01
2.876297435045498951e-01
2.919061949680592516e-01
2.678946732542591969e-01
2.450549170598427806e-01
2.646354694047866607e-01
2.567139982277942267e-01
2.521451954569806087e-01
2.348260335233288421e-01
2.620610035415558148e-01
2.652510277704831498e-01
2.526622887445982291e-01
2.710039417622437941e-01
2.469310942298277578e-01
2.371878656877031699e-01
2.434056714177072756e-01
2.627275698953407401e-01
2.664337393760599082e-01
2.546027864855276435e-01
2.287893190058221116e-01
2.481975802818646437e-01
2.724615379182277475e-01
2.775894310502858842e-01
2.796622820941695453e-01
2.366469173735455955e-01
2.468907085299230919e-01
2.924706289666502701e-01
2.753989661507859621e-01
3.149949839738500623e-01
2.689263396002744555e-01
2.460529960065526989e-01
2.459788753366514980e-01
2.506365379700704610e-01
2.572992100753591638e-01
2.682155053979618509e-01
2.559036213936500270e-01
2.731703463514492669e-01
3.228601303425107094e-01
2.907551039078072330e-01
2.614127827283539984e-01
2.840532526774796063e-01
3.268141978889205213e-01
2.977759789525589174e-01
2.790507896938699828e-01
2.864808679142936687e-01
2.670548447253139335e-01
2.539629923709191273e-01
2.619398634845536700e-01
2.522792769523359846e-01
2.522712298423467336e-01
2.420723756132099613e-01
2.550328990398394446e-01
2.621827191904810284e-01
2.231311925020705578e-01
2.519927963551283345e-01
3.164717539506465838e-01
2.433996761832268041e-01
2.881005124947385032e-01
2.816475328279908208e-01
3.226487779218943364e-01
3.086876847003881541e-01
2.973608447984225633e-01
2.609171824735495027e-01
2.875046753255335874e-01
2.626685178033118517e-01
2.799737934491859370e-01
2.762705237576345008e-01
3.016862956424805065e-01
3.194341085782895218e-01
2.867212133584763900e-01
2.555486370143697505e-01
2.862897386085349605e-01
2.866348582800731792e-01
2.731374195493324608e-01
3.097636587437464506e-01
2.819373676295186537e-01
2.788833185019345406e-01
3.022652078836951528e-01
2.524269478830267754e-01
2.281774642303089351e-01
2.369919909024817417e-01
2.668422929547534794e-01
2.572438490843763081e-01
2.812884472719151541e-01
2.595382644708517095e-01
2.643752318104087840e-01
2.552314535763440251e-01
2.323740363105688822e-01
2.535823042263018468e-01
2.628358840967088272e-01
2.372893284774971745e-01
2.567860030697292073e-01
2.666173945838593018e-01
2.518593543139428514e-01
2.597691730218064099e-01
2.611147127129894163e-01
2.610169269647413803e-01
2.376569432302727547e-01
3.055596394930038540e-01
2.888321447955523036e-01
3.120052502499394698e-01
2.922812035520565566e-01
2.754143422217862902e-01
2.564769520101354838e-01
2.356986262798446696e-01
2.522777725609591792e-01
2.618357063656663319e-01
2.521885593681852944e-01
2.374145568955911001e-01
2.511103625014984297e-01
2.660793703899708706e-01
2.724717804978209479e-01
3.160934240853681132e-01
2.760649723152572288e-01
3.004563435317245124e-01
2.814780224057149005e-01
2.679382833385973717e-01
2.465103396715379314e-01
2.896663267060826663e-01
2.825976554547605102e-01
2.622834087800787195e-01
2.595303910139918346e-01
2.678840655320918751e-01
2.536176843431522387e-01
2.834840943435246730e-01
2.623684437042184681e-01
2.612002730722530197e-01
2.323573418550102521e-01
2.512360842760998914e-01
2.527887329123482130e-01
2.357940632037068551e-01
2.256863018270257315e-01
2.665701436022440141e-01
2.785834646160971206e-01
2.720210106293146080e-01
2.825154116171676444e-01
2.733446833205174786e-01
2.837926359183338687e-01
2.462180286832995890e-01
2.487846463755951087e-01
2.511451858173092133e-01
2.731135796465152255e-01
2.564741673383456599e-01
2.449196598438295180e-01
2.467847475642087618e-01
2.793586223450047479e-01
2.484314082937239820e-01
2.757478964577245728e-01
2.584474879329393682e-01
2.772001875614341082e-01
2.782012209979446427e-01
2.721324241993249848e-01
2.809381112168047312e-01
2.613819648581044985e-01
2.097123222698032974e-01
2.154760061102890534e-01
2.419586821876043015e-01
2.503019111052764978e-01
2.594962007813011451e-01
2.292923057555842636e-01
2.289082400706372589e-01
2.427408362955428278e-01
2.533755357028201205e-01
2.534981647893725376e-01
2.439124811515927249e-01
2.701105126885413044e-01
2.247235481037215266e-01
2.739693232962501779e-01
2.790414759185275706e-01
2.806114964632046571e-01
2.655911268715971385e-01
2.676304587411653113e-01
2.500350696523830352e-01
2.617922848285989534e-01
2.385568366072935709e-01
2.480595429562591769e-01
2.557890502536510069e-01
2.525828834573706216e-01
2.532077905103304882e-01
2.557844705488028780e-01
2.488065852702171787e-01
2.547302375858009338e-01
2.548785408829805643e-01
2.115271135300095806e-01
2.449411711304134986e-01
2.480547078773135683e-01
2.423857042667715844e-01
2.489833311782366776e-01
2.917200332171908661e-01
2.632024916392951552e-01
2.628762859647648664e-01
2.326486012743292919e-01
2.370043157811484169e-01
2.515676074694571662e-01
2.433432142546580745e-01
2.758135511197570833e-01
2.538428718187921151e-01
2.489437266634619839e-01
2.546822413796367979e-01
2.362428769575811160e-01
2.655991711489962825e-01
2.530509733933148930e-01
2.575456766213344295e-01
2.629992363377613440e-01
2.682942731043638229e-01
2.861676656306136324e-01
2.936485910479639250e-01
2.904386496742050183e-01
2.738080007734211008e-01
3.023803825544244539e-01
2.694756261316342827e-01
2.604943926883334093e-01
2.927909869156165579e-01
2.799109682873293092e-01
2.376647830036759390e-01
2.634075550884162897e-01
2.615220867267953331e-01
2.711424525368658078e-01
2.430155254442251667e-01
2.275231780360917333e-01
2.506261809515104577e-01
2.861732216211474444e-01
2.446125055971286877e-01
2.407024328895970011e-01
2.451815711643257900e-01
2.507221337463238497e-01
2.431975894961865281e-01
2.552805098982812160e-01
2.403137074490122593e-01
2.488531622352188333e-01
2.639749788496340566e-01
2.621702428624541059e-01
2.775453384550589098e-01
2.768567033212369077e-01
2.624451329436797153e-01
2.645425885806756416e-01
2.513982448013565851e-01
2.485791754470375037e-01
2.439630420203673655e-01
2.663778428838590728e-01
2.643712961858337707e-01
3.065024866449863050e-01
2.688457942214572127e-01
2.813392541831760130e-01
2.895541756751869311e-01
2.566808160031089359e-01
2.857017053155838648e-01
2.664916298161605357e-01
2.544188356812600582e-01
2.291443377655573432e-01
2.099082109496408777e-01
2.386886400558990706e-01
2.272320295548869717e-01
2.296951604604654806e-01
2.374778553820063309e-01
2.661894969850379100e-01
2.450174994393909955e-01
2.631457105876354174e-01
2.517086608968429617e-01
2.367755593177320594e-01
2.567290185235522326e-01
2.429180114066317453e-01
2.380810807752195279e-01
3.028354979130573055e-01
2.752195455445919370e-01
2.472874906405783113e-01
2.827260430870377483e-01
2.808447793782790081e-01
2.495200090188404163e-01
2.393461366261509238e-01
2.281158973297810477e-01
2.390606604212797970e-01
2.589971361628856661e-01
2.492637132131833022e-01
2.789474450933441818e-01
2.763714509686246990e-01
2.498961511662085855e-01
2.718884045006299544e-01
2.711167259986517752e-01
2.898664381526567246e-01
2.741333933834209091e-01
3.113663719095862703e-01
2.584910597995248027e-01
3.309400554337976752e-01
2.907266036943056964e-01
3.282264184129887186e-01
2.588472878325916993e-01
2.522884961423980665e-01
2.628476355323828839e-01
2.826217737901111082e-01
2.374962691506465051e-01
2.458675561679442012e-01
2.473300186748277063e-01
3.034451763866747309e-01
2.988671607030918831e-01
2.806906250497970823e-01
2.513595948337140062e-01
2.561152910662277127e-01
2.404221035863739753e-01
2.629754459345869932e-01
2.601359527792923010e-01
2.712236148177658568e-01
2.831530934330215299e-01
2.507492816888118314e-01
2.780006250739625595e-01
2.801947629872320600e-01
2.638070930270337011e-01
2.467216395429915887e-01
2.356894034302624563e-01
2.696967555195050603e-01
2.748857283120598738e-01
2.627240981171190537e-01
2.465547956530032558e-01
2.671435964822534426e-01
2.556335673822978105e-01
2.720216076478558787e-01
2.563046109740707013e-01
2.698825060129431130e-01
2.940819936629123221e-01
2.740179785246968369e-01
2.825605567664115636e-01
2.683526603122683429e-01
2.790367189193065922e-01
2.806052257583361853e-01
2.790159640081732451e-01
2.728415233206457624e-01
2.966228886069930404e-01
2.681376811574247565e-01
2.721349168213158531e-01
2.789366892150231259e-01
2.709793379502009603e-01
2.384772832683165478e-01
2.574740393098491342e-01
2.728943593450278149e-01
2.970311771121630917e-01
3.141913349983003201e-01
2.969747559623108213e-01
2.921412211654316193e-01
2.491925600523741680e-01
2.489484533286211443e-01
2.785508429064114666e-01
2.394739863448845929e-01
2.649085051473615282e-01
3.112072107774222496e-01
2.954628082532058109e-01
2.831524130454920463e-01
2.618040395268989573e-01
2.601234953607550193e-01
2.930168925880438091e-01
2.828447975864317732e-01
2.781316843555850515e-01
2.778666444185546314e-01
2.855478625502363421e-01
2.667479500836386075e-01
2.677309970067530687e-01
2.551882802606729173e-01
3.070570917863062466e-01
2.491063795880405218e-01
2.755852326552784004e-01
2.935148112971207035e-01
2.412161087049679020e-01
2.419466589045705385e-01
2.679396161386938258e-01
2.689331903333495033e-01
2.620549456676514732e-01
2.875823865118856126e-01
2.426902735505452602e-01
2.436444138020010530e-01
2.740137396649644508e-01
2.541228577720780479e-01
2.682171100591821955e-01
2.715777533836635782e-01
2.359979754597401058e-01
2.541598518772968940e-01
2.582317946535961917e-01
2.851068537447848383e-01
2.860457430176652771e-01
2.662082606013775332e-01
2.421230600865729998e-01
2.899957821044336637e-01
2.805336307580648114e-01
2.560781380237200366e-01
2.776358318211461507e-01
2.809974874116674681e-01
2.733961089404557954e-01
2.506545454046696930e-01
2.525677434354367534e-01
2.338526629595799045e-01
2.304558515842246302e-01
2.382710925639532629e-01
2.518807917834459120e-01
2.562044247931434260e-01
2.790144019755874671e-01
2.534035551441223832e-01
2.374332308771782973e-01
2.785670439393820863e-01
2.981001837267229782e-01
2.352276799929448881e-01
2.691030149250909775e-01
3.182870070435064314e-01
2.831822646334704041e-01
2.407452500716167065e-01
2.434242237124541186e-01
2.459017211980844830e-01
2.599601410795426282e-01
2.551181904347948337e-01
2.991074301102032429e-01
2.479057697090427947e-01
2.817846690906548601e-01
2.743710131489153770e-01
2.696896564064526491e-01
2.940973817928869138e-01
2.909031733026751221e-01
3.047618014489025251e-01
2.722005414126020817e-01
2.723283138855721042e-01
2.639548580907373765e-01
2.746009892050351731e-01
2.436188338822935784e-01
2.730432484496954637e-01
2.886298393450364430e-01
2.825439148973140635e-01
2.290914455031743402e-01
2.874667018719440081e-01
3.197073998942420170e-01
2.681288540898322248e-01
2.854690221107993309e-01
2.663749417502677130e-01
2.760046749539978861e-01
2.737970806460783835e-01
2.295478021209043928e-01
2.506062557284682857e-01
2.543185458134598620e-01
2.441034858646502770e-01
2.316756277139990494e-01
2.469837838512763117e-01
2.646230797583307148e-01
2.834761647975750920e-01
2.905116451014848056e-01
3.009914251295272014e-01
3.123339286400632075e-01
2.734825083502103737e-01
2.745629312947283074e-01
2.806096784259890509e-01
2.713896575044078552e-01
2.770644881696395223e-01
2.763538432194015404e-01
2.323032643514662821e-01
2.337975332428752495e-01
2.499440194644433899e-01
2.657199633175377218e-01
2.442065047518934273e-01
2.285981361358704889e-01
2.471668608569192460e-01
2.214972018648661001e-01
2.185687560245821448e-01
2.400704512791234924e-01
2.406071590907842561e-01
2.446481644033692837e-01
2.404439636645355483e-01
2.446164180306787950e-01
2.627841233240970076e-01
2.521504994930807708e-01
2.426226977096525572e-01
2.252171552653987885e-01
2.340159432771445058e-01
2.530394248854209716e-01
2.840343784714288167e-01
2.489594016250405994e-01
2.108848970318015770e-01
2.537430264784883982e-01
2.589496181797112939e-01
2.544177763302954420e-01
2.740843766066192178e-01
2.660847813686268437e-01
2.527587532333848697e-01
2.628723354707872550e-01
2.805270962272611301e-01
2.553988053004768721e-01
2.646697190085068319e-01
2.721862472182656756e-01
2.434489633011963916e-01
2.230179781719759946e-01
2.682299529204455468e-01
2.304505785699085818e-01
2.783705767352194216e-01
2.520375853052385651e-01
2.389399398181055179e-01
2.716125351467015836e-01
2.703611941650576056e-01
2.671620638907262202e-01
2.866890637278826648e-01
2.562166597800293322e-01
2.671177228454947317e-01
2.515855282417009953e-01
2.601948418000571972e-01
2.777455712330985649e-01
2.601542180243583413e-01
2.332042572304380001e-01
2.252198688773057456e-01
2.654133481660120863e-01
2.534821106225198517e-01
2.728694143291456320e-01
2.739494663736228297e-01
2.472217173539554558e-01
2.279983878411702136e-01
2.545929295187682184e-01
2.543456046508958401e-01
2.709804912597107429e-01
2.518214377164856299e-01
2.595514600164976482e-01
2.761422490851972444e-01
2.338679185118561210e-01
2.436089278671869918e-01
2.428917699098167848e-01
2.265885378167198372e-01
2.529001822521312892e-01
2.618248720843122657e-01
2.822842873309200917e-01
2.392065598457159270e-01
2.574662098995363912e-01
2.550730658682746066e-01
2.595542582410453325e-01
2.670902435630519434e-01
2.514755130048275666e-01
2.542494762945493592e-01
3.075045697651008214e-01
3.014922166390262559e-01
2.479530147932766659e-01
2.439272307255124506e-01
2.481342606724760702e-01
2.556835775817681844e-01
2.413382134831781323e-01
2.559432217490563155e-01
2.543086811354072774e-01
2.611035579879136814e-01
2.836347185699339413e-01
2.693647205423414515e-01
2.401493771682338407e-01
2.605880855847130251e-01
2.422774661504085991e-01
2.861332626641542864e-01
2.512148003358384285e-01
2.450132116847701380e-01
2.668773930634101843e-01
2.695432273759684194e-01
2.763714662609602635e-01
2.678192117607533507e-01
2.597478239006084100e-01
2.764269541538674768e-01
2.888604019465504380e-01
3.132255642361240211e-01
2.736283041906752422e-01
2.359544755977891761e-01
2.559212665416172872e-01
2.274537140784310962e-01
2.356745668426487861e-01
2.619039514916214895e-01
2.781155565041104061e-01
3.025290779428188026e-01
2.513159031093532003e-01
2.216968600741477946e-01
2.510663262933789386e-01
2.349544249382455041e-01
2.780561274008527817e-01
2.374564133107652797e-01
2.284805185143030104e-01
2.016925847969716912e-01
2.105940010846923671e-01
2.665564445907114277e-01
2.296044232643209559e-01
2.103553343126975950e-01
2.256293469453670153e-01
2.387375485007861287e-01
2.746540879567704319e-01
2.723684955139232811e-01
2.583962081200485428e-01
2.593084008849727007e-01
2.496817790845130003e-01
2.240272205373050329e-01
2.806937674271282046e-01
2.673572907814003030e-01
2.422941058916369961e-01
2.822196581304703411e-01
2.787315715636723978e-01
2.642092280139509142e-01
2.466682431527592589e-01
2.350041873281246696e-01
2.243513329787180099e-01
2.226930239965651259e-01
2.544121389350710860e-01
3.058957547035577318e-01
2.426106159849728272e-01
2.443246302913792412e-01
2.350316309484426214e-01
2.538301456278047041e-01
2.438294297276435429e-01
2.347908442418124297e-01
2.513889614113062887e-01
2.701474700355947500e-01
2.688390642456364721e-01
2.588888894053431033e-01
2.720939783557921321e-01
2.680419462996884716e-01
2.161855813800591664e-01
2.282458748422757921e-01
2.475614880963147302e-01
2.506324811450982293e-01
2.675352498055708073e-01
2.340774361460958297e-01
2.138503971876355714e-01
2.365897578630112574e-01
2.094842414211042780e-01
2.103746534476955143e-01
2.152493036896009349e-01
2.571306447094883207e-01
2.880872784844819567e-01
2.551751633639052219e-01
2.708451442630786521e-01
2.877880299554138044e-01
2.624243909281210874e-01
2.827211000069194680e-01
2.959322250395028941e-01
2.925639697661716609e-01
2.976492683532620531e-01
2.886297215151583662e-01
2.652211840973414114e-01
2.727651954998587813e-01
2.590496768648928305e-01
2.809857949087689044e-01
2.748643435554057324e-01
2.857708440931179816e-01
2.664298212039856728e-01
2.958972654964637239e-01
2.895034768380202461e-01
2.905443797450916743e-01
2.940483951123299966e-01
3.264137059191524748e-01
3.002904757000434133e-01
2.653281376081702558e-01
2.540356601482504084e-01
2.729135377430759735e-01
2.533253376919656352e-01
2.496278756442533442e-01
3.033185600432438678e-01
2.574417350088494261e-01
2.341657042182994364e-01
2.622639269481267243e-01
2.926535794986576677e-01
2.614422646002456108e-01
2.669214150330882496e-01
2.750022942554257166e-01
2.588334270148011096e-01
2.408480009558434942e-01
2.702174185305591947e-01
2.714385610223579715e-01
2.564415198569554577e-01
3.091619423536613454e-01
2.680489927492143432e-01
2.658691645930209013e-01
3.006337787272406192e-01
2.658621324103865313e-01
2.848690589138525575e-01
3.180167818303331062e-01
2.967658963266628924e-01
2.544318336204299258e-01
2.465927390877219183e-01
2.348258644071678780e-01
2.428274375036983124e-01
2.420829826720412858e-01
2.432885675288089244e-01
2.383016457164734703e-01
2.298984753660967273e-01
2.433065287047080638e-01
2.207037385604829205e-01
2.238338548454064658e-01
2.135582056706531173e-01
2.394488736815643670e-01
2.593109735026676854e-01
2.858273499073294421e-01
2.646830744528777535e-01
2.838924068830049330e-01
2.639114877049774655e-01
2.494008106930011570e-01
2.521889031026874894e-01
2.849867175997549129e-01
2.758763460642160159e-01
2.497516960702477473e-01
2.676454778442536875e-01
2.468875952559706211e-01
2.700846661940276561e-01
2.797721477657509892e-01
2.456026737755789280e-01
2.502415893420838477e-01
2.321350736662845804e-01
2.417260235917928490e-01
2.209839652319250669e-01
2.525475415062819473e-01
2.583356004257212901e-01
2.566755872887263035e-01
2.444715752689555766e-01
2.423690630246415068e-01
2.420494651987135648e-01
2.574745272300498766e-01
2.408293493383068529e-01
2.452667346423199612e-01
2.477879888491909266e-01
2.577030472209120293e-01
2.318893882090687364e-01
2.208521421437409926e-01
2.254764062342598241e-01
2.641511281100267783e-01
2.566360379145026238e-01
3.117465012257252255e-01
2.957678452974872862e-01
2.928048171947226774e-01
2.710015688781954313e-01
2.808328948060889174e-01
2.987938442853653731e-01
2.608240887811721365e-01
2.469924191300523486e-01
3.012739873535543178e-01
2.408222828992601927e-01
2.503446341421255994e-01
2.286691912745467126e-01
2.799164786527790771e-01
2.751123953228608032e-01
2.727292001877514305e-01
2.645380723276788415e-01
2.443194009810543132e-01
2.620164296398812542e-01
2.447301447364849947e-01
2.680438723424347081e-01
2.429542820096469435e-01
2.503256872388875398e-01
2.513119990708555518e-01
2.733636901917936846e-01
2.849101923687052396e-01
2.667680918645870536e-01
2.784260390678712227e-01
2.407350521924343512e-01
2.510364980207356322e-01
2.583910521267314131e-01
2.556132726144156875e-01
2.654028537676620392e-01
2.800056062445221428e-01
2.208328988057365327e-01
2.393890124118043250e-01
2.112499336088488611e-01
2.430287566440975655e-01
2.289175688497998296e-01
2.478069215274557313e-01
2.513710764195704050e-01
2.596233971579107180e-01
2.887821718830071993e-01
2.552366285438328886e-01
2.665939391931235192e-01
2.854145254118460318e-01
2.587556522075150078e-01
2.190932906523078705e-01
2.538878879489563367e-01
2.485586142824013911e-01
2.213168188522398883e-01
2.412357512764264911e-01
2.451224101020685053e-01
2.431059691845404713e-01
2.365703945970642486e-01
2.805517030885664176e-01
2.557884375364881113e-01
2.714656265156511483e-01
2.276082305186589716e-01
2.321412898093863364e-01
2.284275255626157797e-01
2.360792934807535437e-01
2.113562078463585570e-01
2.243705949487403983e-01
2.206012334058643498e-01
2.030225147737181046e-01
2.236905929083504718e-01
2.604061208812873951e-01
2.458518907982530088e-01
2.843368663486743331e-01
2.430160868743126146e-01
2.289647615124144886e-01
2.857247399640239771e-01
2.713800962685006257e-01
2.713706611463891361e-01
2.901311998853982055e-01
2.653222350314413669e-01
2.571686318771781998e-01
2.375328761514253206e-01
2.381461605420308048e-01
2.828184314745919026e-01
2.642497329704129871e-01
2.363507928177770445e-01
2.577990730286088827e-01
2.305585359826463066e-01
2.355895173946591370e-01
2.369587954984767597e-01
2.611573845055600862e-01
2.786336079535419175e-01
2.482419012710103678e-01
2.316585691738461683e-01
2.394666991988856075e-01
2.590891413125328002e-01
2.460904496584019052e-01
2.323465570690426973e-01
2.130577432192988230e-01
2.336495549198371324e-01
2.497006842549759076e-01
2.439469604741778264e-01
2.611072587898998765e-01
2.333703125732071726e-01
2.659404408735201453e-01
2.565582535086131100e-01
2.457390225035780140e-01
2.579921457489581238e-01
2.389977834697303571e-01
2.577352940756619804e-01
2.562701507220530583e-01
2.654557242133818717e-01
2.539630031505786811e-01
2.939356953586071408e-01
2.859794857613556784e-01
2.505564753253335386e-01
2.558812205784820049e-01
2.689340027086988272e-01
2.628714261199148194e-01
2.629408731883582373e-01
2.820813113381382409e-01
2.845767438454126497e-01
3.192566849760419823e-01
3.076346286053214252e-01
2.940693535626019428e-01
3.028806633655747316e-01
3.194255019176516774e-01
2.773485528502777075e-01
2.909515632655753636e-01
2.351164802372023299e-01
2.474972984950916388e-01
2.600609696216445443e-01
2.692135763272459625e-01
2.525152797639628743e-01
2.448037572438270804e-01
2.868855530945209620e-01
2.578487826521059234e-01
2.945258784971070409e-01
3.043246796383961006e-01
2.968954291485763619e-01
3.004966776040887688e-01
2.752317394676831452e-01
2.652513428244002713e-01
2.884831684591220302e-01
2.630260488184628098e-01
2.695672417798590237e-01
2.481214866453579915e-01
2.301977855423172903e-01
2.716674826066087789e-01
2.734216395829243140e-01
2.968634849291078570e-01
2.303525513029816840e-01
2.523270700091492236e-01
2.933266810354397403e-01
2.753561813963693039e-01
2.930308388776136086e-01
2.864368827695456532e-01
2.236447824041678800e-01
2.437546964497325774e-01
2.547534171933266700e-01
2.442167186899777687e-01
2.509264240826562520e-01
2.555193451922256886e-01
2.364288210590293482e-01
2.456777022714360659e-01
2.565532824181534499e-01
2.478387760739965695e-01
2.348104101787035769e-01
2.440716312504365715e-01
2.365352801639881153e-01
2.631660225879215442e-01
2.595100776681596999e-01
2.863334533245475710e-01
2.867292220317047002e-01
2.896229030639037028e-01
2.978616964208324891e-01
3.098459559440528976e-01
2.942431081082739763e-01
2.700559303821652435e-01
2.988704476767032325e-01
2.773535571235568598e-01
2.517720875143499293e-01
2.982691713407460976e-01
2.898207412341096689e-01
2.481398377377567743e-01
2.639785128229377165e-01
2.508843701168053664e-01
2.481610229971048243e-01
2.706711949777643178e-01
2.473257744784286838e-01
2.345695022766463578e-01
2.545183578002603308e-01
3.001026319888704941e-01
2.548397952929769006e-01
2.823573279632456412e-01
2.796440277056282953e-01
2.897755840861857557e-01
2.823230261560444876e-01
2.406367804701774193e-01
2.699644218052955069e-01
2.543056904553086528e-01
2.661642816321271865e-01
2.132255125335274226e-01
2.434934936631064639e-01
2.339805363912448311e-01
2.602133537181450795e-01
2.712594756170131349e-01
2.504607554206585984e-01
2.425073465478033707e-01
2.430823504900402610e-01
2.670651550455028223e-01
2.642833943417960407e-01
2.226866122389243308e-01
2.547859876536612833e-01
2.419163908602896262e-01
3.083120770510237030e-01
2.656189371148997558e-01
2.591523309575151646e-01
2.373675678187964488e-01
2.331209596654271743e-01
2.538188896618475687e-01
2.796425125341026607e-01
2.836534866009211009e-01
2.579633774893927978e-01
2.743325045896169434e-01
2.417342778032124662e-01
2.355850120921705038e-01
2.711723749059679056e-01
2.552091040603652328e-01
2.656984540639092396e-01
2.757418265992259698e-01
2.896672976080020279e-01
2.690670993313326043e-01
2.426229684479248028e-01
2.489678870358817131e-01
2.311025106814941499e-01
2.478794101395465355e-01
2.385958031656037204e-01
2.529108547114079508e-01
2.593138729894203798e-01
2.781885917600206426e-01
2.802026707350572243e-01
2.811470048636102170e-01
3.236336766484135818e-01
2.870002759703552120e-01
3.139881766273360797e-01
3.042174897216732288e-01
3.131325843775737972e-01
2.473298848924761484e-01
2.929304734717651515e-01
2.877872422409927800e-01
2.601628979824331944e-01
2.863725475000575282e-01
2.974002348740862334e-01
2.877571464183523720e-01
2.720374886799369341e-01
2.576484422488037884e-01
2.756170867302637495e-01
2.426218602565147209e-01
2.894921137269787503e-01
2.787179881279172045e-01
2.452926352141342192e-01
2.189437775619385573e-01
2.415037194013247013e-01
2.653787781915822319e-01
2.601936978368690201e-01
2.715909468545083527e-01
2.563813949408492165e-01
2.620073244781012667e-01
2.423733158559766843e-01
2.586651256603858529e-01
2.559494240277230825e-01
2.278163195081766290e-01
2.848373275460635012e-01
2.451262087914456156e-01
2.819609507369716384e-01
2.456255400867715100e-01
2.500332358778765696e-01
2.908229663385308306e-01
2.890162373380689154e-01
2.603702522392247198e-01
2.712361784929124275e-01
2.446699819461100878e-01
2.554831218778865209e-01
2.333136920220892085e-01
2.558193150753754752e-01
2.860459675509535726e-01
2.558390001255483881e-01
2.975323139295679709e-01
2.768170923778721093e-01
2.445293722497214328e-01
2.435652811469811718e-01
2.367262002728479087e-01
2.623838036650759098e-01
2.880268624164908364e-01
2.906286291206789940e-01
2.431801709679678736e-01
2.843090810910867683e-01
2.657043709269840126e-01
2.527734366321477411e-01
2.662146286780180948e-01
2.857236840595440697e-01
2.810770925308860857e-01
2.661100495018975942e-01
2.586889829640738325e-01
2.495119745855061966e-01
2.444503612138107795e-01
2.214202732140954089e-01
2.359908860645545114e-01
2.616840972991037462e-01
3.023449521630954817e-01
2.600953869727490875e-01
2.406781101366650688e-01
2.397809966600026599e-01
2.607204125406832884e-01
2.722999642555345989e-01
2.998566534535176409e-01
3.097215998299865380e-01
2.436894295041507064e-01
2.344838746997603696e-01
2.189849487536326966e-01
2.520370202222951272e-01
2.558315258764586320e-01
2.562413092209185339e-01
2.724777529049173808e-01
2.378034968998544163e-01
2.716033536970972606e-01
2.586284373586756891e-01
2.460760604307596633e-01
2.451367785231431951e-01
2.324473799532451035e-01
2.645520673666447165e-01
2.800581440237106534e-01
2.684767454494196848e-01
2.694590849386048759e-01
2.483535748243178021e-01
2.426881207389642303e-01
2.511221191919352225e-01
2.127147067461502561e-01
2.497595299872819863e-01
2.355925712475543665e-01
2.386253650659939940e-01
2.548035523198102226e-01
2.737652837892423086e-01
2.737349329179855628e-01
2.606950604825432616e-01
2.655046503360700694e-01
2.707924783070921326e-01
2.801922519428040603e-01
2.893844207898381149e-01
2.890019766485592556e-01
3.009139207412616090e-01
2.519215801210965000e-01
2.934498593782549070e-01
3.005974664046462963e-01
2.641365911504049424e-01
2.838993499586616176e-01
2.883306785274438178e-01
2.693815276457640628e-01
3.558084538372220385e-01
2.722811654039243301e-01
2.822256271318819287e-01
2.708029221886579241e-01
2.629251888806270476e-01
2.770456540400973444e-01
2.695411112515035401e-01
2.544815935670857732e-01
3.015440995909347555e-01
2.772219309680473698e-01
2.721659323307326073e-01
2.616123506877142124e-01
2.488815449744404551e-01
2.617990389239823745e-01
2.211882796239816595e-01
2.806757409601939868e-01
2.759216426792809318e-01
2.729997353219902889e-01
2.618790549316768468e-01
2.390620546469640617e-01
2.389963531855171519e-01
2.391196781114496850e-01
2.365531871548116338e-01
2.784933008975227220e-01
2.525831074995098513e-01
2.723769857681525020e-01
2.835830979902427829e-01
2.867082316439070744e-01
2.862026601522609237e-01
2.606781298782444578e-01
2.441328277877557185e-01
2.516859360137347346e-01
2.683401200714279899e-01
2.843523689985234526e-01
2.895808965479413910e-01
2.512006578793715694e-01
2.619475557440099633e-01
2.766580094895670361e-01
2.661571124027814483e-01
2.437449404011043375e-01
2.289318709691796627e-01
2.653716326142661619e-01
2.953940485490630374e-01
2.376180435595380558e-01
2.417023551189520503e-01
2.467494998251519855e-01
2.359822692041618486e-01
2.683207820728238380e-01
2.413340924564083834e-01
2.442105811528532400e-01
2.677866521784571519e-01
2.659324631370312275e-01
2.340427972109478949e-01
2.687278062672570078e-01
3.028014981082102763e-01
2.868532896325152737e-01
2.381103323022181750e-01
2.790791400394396216e-01
3.073887622089307436e-01
2.241090113208802359e-01
2.406548110278050046e-01
2.503032486662876144e-01
2.497847516405611867e-01
2.754495618806025448e-01
2.842919733034133811e-01
3.000207787513188840e-01
2.740254359804706885e-01
2.604360866167457766e-01
2.498102076892997903e-01
2.405922201282903738e-01
2.629527913176622489e-01
2.527205446405493272e-01
2.437243330332007907e-01
2.335369686594766236e-01
2.410324973417715677e-01
2.542572996034669353e-01
2.253845925100613490e-01
2.730708211593615986e-01
2.432648338741887628e-01
2.582594597188608843e-01
2.624345210672132667e-01
2.751149542229118783e-01
2.284921070050599246e-01
2.357701932322468497e-01
2.569403350979187484e-01
2.810963480631391009e-01
2.684639492733866817e-01
2.272869023523254872e-01
2.546545794246264927e-01
2.697287079609613225e-01
2.866758324357355781e-01
2.763790203981024707e-01
2.918671385460839818e-01
2.814182000152951058e-01
2.739418007812763345e-01
3.007341403458699824e-01
2.643051671175647432e-01
2.644256838694715728e-01
3.131259571492760463e-01
2.674172389496453084e-01
2.538378519569766123e-01
2.636833993197116310e-01
2.589581371068598870e-01
2.410885195628772459e-01
2.643480346487281918e-01
3.115064986934701907e-01
2.723108978721067164e-01
2.871450606336216627e-01
3.017588858350174208e-01
2.617783770350126105e-01
2.579372422976569657e-01
2.688031061489357665e-01
2.474171732350805841e-01
2.252375644632399754e-01
2.282854124678550811e-01
2.480107249697217908e-01
2.903856774327531198e-01
2.741836586991509561e-01
2.658594794616180867e-01
2.874032897855527402e-01
2.551654366871785040e-01
2.609064091646676742e-01
2.653259653951958730e-01
2.784740075714991492e-01
2.578258111911395090e-01
2.532254825754532424e-01
2.636142102468163606e-01
2.252502295269759869e-01
2.769841001339765629e-01
2.815013405227773102e-01
2.933314250870322493e-01
2.660071359574300853e-01
2.789780612293843998e-01
2.805974340061810346e-01
2.637691973467832796e-01
2.312122967883338265e-01
2.643940688895238256e-01
2.818412594143004934e-01
2.588690256871631901e-01
2.326924799052773329e-01
2.375510429888163522e-01
2.526612246204975598e-01
2.997129855699731116e-01
3.017190666205174510e-01
2.808400582884839625e-01
2.435948329539097679e-01
2.835462728566498503e-01
2.298236007119852931e-01
2.611903409792040165e-01
2.595919516237810698e-01
2.188651126895192200e-01
2.422092785491115619e-01
2.769677091154820747e-01
2.592005244932228392e-01
2.221507159293025502e-01
2.458174609088156770e-01
2.591066224941827034e-01
2.518001082632997378e-01
2.946257686988057456e-01
2.543019092439919859e-01
2.582486882194643951e-01
2.587474702061353660e-01
2.819120221604573540e-01
2.906624586070798988e-01
2.633944854691201987e-01
2.924647242261730340e-01
2.645061208662298768e-01
2.883226891343619869e-01
3.012301331668996718e-01
3.095216748979995880e-01
2.862027174562912224e-01
2.793540670764110834e-01
2.756210565009521440e-01
3.041365084747521541e-01
2.640283412234060711e-01
2.611993370133351977e-01
2.920494719308247555e-01
2.845324843082477906e-01
2.889442147731249300e-01
2.872625177542989516e-01
2.907806287219881214e-01
2.863430290701879377e-01
2.479698124488025346e-01
2.757535302894455476e-01
2.524286823169377691e-01
2.511721928479684340e-01
2.654062479714390799e-01
2.948726994544954016e-01
2.601952240404752370e-01
2.731588631236231968e-01
2.640971527844276356e-01
2.464091016563072500e-01
2.459781411360603687e-01
2.657255988693092430e-01
2.675146695330072877e-01
2.617616130535838637e-01
2.673063582030152374e-01
2.971726822110418720e-01
2.392935937710649885e-01
2.775501961085260483e-01
2.904924071173453637e-01
2.573807296738584438e-01
2.815686202886010792e-01
2.810025845847977100e-01
2.908311514103762430e-01
2.481107192846435383e-01
2.378784881820321662e-01
2.280716907115740155e-01
2.362137536404298188e-01
2.284964471640300310e-01
2.657418672623137468e-01
2.770649983873986200e-01
2.668174197072775145e-01
2.726150355441075424e-01
3.086249968746808681e-01
2.702489426749855039e-01
3.010223905415846390e-01
3.249480278992820659e-01
3.166609712983873837e-01
3.175656441462403334e-01
2.720338243063823991e-01
2.952933113186731462e-01
2.944121120594320185e-01
2.690371165707279300e-01
3.270751885201560460e-01
2.720940577062497256e-01
2.741437459354840733e-01
2.597613662897104714e-01
2.610443920181327870e-01
2.720088148846072085e-01
2.733713291024036374e-01
2.382115530071138854e-01
2.473897336379298206e-01
2.637379143012885119e-01
2.375448060215542001e-01
2.579322219064359989e-01
2.617927033564168560e-01
2.659919517897366137e-01
2.582922612071582580e-01
2.250421443737260496e-01
2.424867573157578338e-01
2.658082397626171378e-01
2.641220643505378662e-01
2.450428993819984691e-01
2.372421727534876901e-01
2.810988449471297779e-01
2.466246188423898977e-01
2.434332923133295246e-01
2.632675997951074987e-01
2.924399053001577875e-01
2.334002517372216756e-01
2.750132491265508961e-01
2.597360113157581862e-01
2.468135828808106780e-01
2.282894973433884644e-01
2.407152588517025849e-01
2.789360006233308487e-01
2.457550993941440276e-01
2.949333080906093030e-01
2.499517502900868715e-01
2.272360823446649414e-01
2.256758289651011606e-01
3.101032958442025977e-01
2.473536281367677003e-01
2.765358747128916495e-01
2.597466692598537907e-01
3.066416498247837019e-01
2.624795082578658678e-01
2.651931350037963209e-01
2.472214271961992726e-01
2.586349642891215828e-01
2.572651698307717449e-01
2.666651579299192387e-01
2.819604904753721941e-01
2.664853946647807725e-01
2.553932431963475969e-01
2.860559776507504703e-01
2.602271504273724334e-01
2.589077398287422671e-01
2.762851979732500740e-01
2.334999431351096055e-01
2.352545963926591099e-01
2.572045143525595323e-01
2.373725378052370383e-01
2.431797201335376413e-01
2.470627239130196995e-01
2.522185857592150193e-01
2.136915005953382851e-01
2.373795097891800987e-01
2.319202611736923825e-01
2.826055194051442232e-01
2.464980303683750595e-01
2.664471822404649859e-01
2.414493190708542070e-01
2.641464718478680473e-01
3.096428618260840815e-01
2.903376384178793512e-01
2.741585961906295443e-01
2.805935758797267754e-01
3.011089984180408408e-01
2.711366274850058877e-01
3.021789522840857556e-01
2.979425491950448146e-01
2.940305422538238012e-01
2.755144268482107583e-01
2.589619758429299035e-01
2.820386587286067837e-01
2.686856058308165207e-01
2.689599538439246817e-01
2.843754165860289396e-01
2.602552110235372695e-01
2.568489797792566365e-01
2.689632390163589903e-01
2.490115397091674232e-01
2.229237902074488464e-01
2.408686171906233575e-01
2.561508317923278932e-01
2.380258635890725449e-01
2.357663401883054455e-01
2.441364114041125466e-01
2.774803979687515687e-01
2.456285148106321925e-01
2.473062739602630289e-01
2.830361333283150094e-01
2.640591543895263738e-01
2.784186891260571062e-01
2.779706995526226576e-01
2.586245469164120681e-01
2.428045872888618673e-01
2.592488544999304034e-01
2.279610876567036148e-01
2.710225537849775268e-01
2.852820049095004529e-01
2.484503674671512952e-01
2.173690181334360649e-01
2.322071732865152727e-01
2.492719233635543319e-01
2.348059479368585223e-01
2.570702026644036686e-01
2.666339881733657546e-01
2.904129041901837849e-01
2.586403292282568045e-01
2.226137758128834132e-01
2.452212346977382940e-01
2.658940959946875515e-01
2.914990257581651645e-01
3.244998506110485792e-01
2.676297836709129463e-01
2.472092197497499366e-01
2.379357585522678398e-01
2.639520431591931282e-01
2.771799167570000444e-01
2.723816002091798416e-01
2.770209429798404233e-01
2.438568043386560580e-01
2.502146859606824147e-01
2.356164115922942115e-01
2.378827751016937830e-01
2.705735590485524034e-01
2.806406632253111710e-01
2.666915112632309293e-01
2.549020771078612246e-01
2.586678146691699376e-01
2.640143346881007602e-01
2.558202120654334277e-01
2.531818976714156344e-01
2.434373819182677479e-01
2.343531997649034859e-01
2.647457642351044305e-01
2.529556366186244132e-01
2.492947724991518843e-01
2.496312287765576621e-01
2.219387677780987889e-01
2.599629183254166809e-01
2.226369342196659606e-01
2.618743800780298780e-01
2.602198354238023370e-01
2.422199867580286936e-01
2.572119325609324436e-01
2.809413295717400616e-01
2.478394211132542990e-01
2.858402388237100689e-01
2.297649412036823213e-01
2.568730344910093444e-01
2.931377349043368108e-01
2.740357099025653720e-01
2.863736870172856053e-01
2.627539080448532682e-01
2.940071775561026168e-01
3.293543892795833261e-01
2.981274697569300525e-01
2.580337620249102959e-01
2.749909982467841907e-01
2.365466331030298686e-01
2.563859810210764034e-01
2.089089074817610803e-01
2.498686753066884370e-01
2.954621608138335298e-01
2.749079032918745336e-01
2.481020128810039471e-01
2.705529145843243999e-01
2.768730875089144838e-01
2.653453224477462791e-01
2.330610110277424873e-01
2.508228908710925520e-01
2.644959784565750760e-01
2.472004520104427727e-01
3.037738349371350011e-01
2.653553531398157861e-01
2.583793024631476642e-01
2.675927553724661845e-01
2.842213808514771345e-01
3.234757776953562924e-01
2.688249917794235389e-01
2.712382332778677796e-01
2.811740204195200543e-01
2.548915778174721813e-01
2.743071142462706891e-01
2.689139384137835820e-01
2.689348103434613946e-01
2.472983999215539186e-01
2.575451585549398681e-01
2.465453057699655559e-01
2.544320521795350176e-01
2.557307340330540746e-01
2.441008054701609420e-01
2.401293595003275716e-01
2.654049223359070120e-01
2.377712562606177915e-01
2.336287259457859034e-01
2.669704731665120678e-01
2.567592558983219364e-01
2.354982695748603361e-01
2.625856918290899733e-01
2.346819407647997846e-01
2.628768685066914523e-01
2.617261951323848201e-01
2.299889018703313304e-01
2.451147011094549355e-01
2.540356634421582771e-01
2.633403228938051011e-01
2.632065497780649022e-01
2.487244360662062004e-01
2.672330389856244492e-01
2.465286592327222970e-01
2.365259864881845142e-01
2.362229098228682544e-01
2.174402927793217533e-01
2.606575285676697717e-01
2.697287141372394226e-01
2.357074164668610528e-01
2.329612561789089487e-01
2.800677108870196497e-01
2.522558801216124302e-01
2.606006621274853940e-01
2.336300413154469291e-01
2.834126455303933589e-01
2.420408632577305819e-01
2.852024687222212140e-01
3.389415926113367172e-01
2.921411965373077457e-01
2.349770893336799726e-01
2.516846691535968850e-01
2.691486517868904027e-01
2.840599966004392352e-01
2.953757516061761290e-01
2.885357676120942072e-01
3.163641268310947718e-01
2.714100406037621149e-01
2.535968152465304382e-01
2.457113298335700524e-01
2.467982168458719983e-01
2.396145586432412156e-01
2.517390922783788731e-01
2.512645791937302975e-01
2.544709860534487555e-01
2.381120739907642003e-01
2.518178951449168146e-01
2.393447781390321827e-01
2.391929485670216959e-01
2.407223521697884616e-01
2.724564684630300659e-01
2.451707746443648472e-01
2.610177358892427635e-01
2.682846012240888700e-01
2.868050907070611166e-01
2.649461871694847592e-01
2.393857594685372403e-01
2.616852780280825019e-01
2.328272145061720533e-01
2.572419021590020560e-01
2.401806562554736069e-01
2.459060176575568191e-01
2.562883189009264040e-01
2.387110281062026773e-01
2.666023591523322689e-01
3.060727433334787806e-01
2.816414108086063850e-01
2.622852131549708865e-01
2.621988048211670308e-01
2.337725971591431418e-01
2.602223438426112812e-01
2.618497790998978725e-01
2.251650076374024367e-01
2.056279339899673708e-01
2.613945714018074962e-01
2.628327300766650221e-01
2.577015595257517999e-01
2.617074613401829120e-01
2.836331729656704215e-01
2.526239102428353700e-01
2.512739761999663868e-01
2.664819300846388295e-01
2.718313092290979838e-01
2.304420735714958202e-01
2.681537107336446901e-01
2.502862383470475516e-01
2.628231722476582211e-01
2.639789329818471586e-01
2.578496091274199986e-01
2.411576358891502903e-01
2.661082361911630834e-01
2.974547046541697326e-01
2.495071071789442263e-01
2.601866161133056243e-01
2.889187056064320691e-01
3.090993395098138308e-01
2.342595177351076141e-01
2.529631539659605854e-01
2.508653600203551992e-01
2.442423388199394807e-01
2.549425335086216160e-01
2.777903471252781697e-01
2.715683483671079701e-01
2.963514671380782506e-01
3.157377843778144677e-01
3.067645006357602178e-01
3.073598476323604056e-01
2.964928660615352429e-01
2.582510952803869220e-01
2.829135847273980264e-01
2.478748039337958786e-01
2.519690988235922524e-01
2.565743409011281839e-01
2.725437750412147975e-01
2.866817030721441895e-01
2.737285500274764805e-01
3.040860369945558861e-01
3.023712544404206226e-01
2.803639910022367454e-01
2.769965820827579028e-01
2.426109185087365339e-01
2.721086254445007624e-01
2.362532005411356328e-01
2.595303519594476249e-01
2.875568035907905551e-01
2.240146339419115395e-01
2.219712629374290536e-01
2.213679183885150503e-01
2.238864184529777146e-01
2.316899331349512314e-01
2.335924896885242519e-01
2.415819435518385683e-01
2.476619755068642792e-01
2.710434805590452578e-01
2.646265427643249568e-01
2.567101033751034156e-01
2.732309912543826047e-01
2.635960709514463818e-01
2.641842351125234800e-01
2.741610325222766931e-01
2.513581794186121043e-01
2.442082671641427893e-01
2.555413207435807132e-01
2.625949301470314468e-01
2.789027905127995366e-01
2.523924798119061563e-01
2.635488982150095971e-01
2.910932847491846664e-01
2.405548801001121395e-01
2.604184894245201165e-01
2.827395594407570711e-01
2.849190891877755871e-01
2.548077858485944258e-01
2.404335021976110320e-01
2.671509105500731729e-01
2.694280076414009573e-01
2.650097880428559094e-01
2.400257463559199445e-01
2.696695404104343941e-01
2.857795367123216468e-01
2.626691622246732361e-01
2.839843772935839450e-01
2.906506169552996455e-01
2.833455707216233632e-01
2.760722964212733443e-01
2.604902806137195381e-01
2.356624482333452564e-01
2.443858052785451707e-01
2.511829261356653409e-01
2.646460462979310924e-01
2.278228105892674271e-01
2.575174097562448194e-01
2.446032752011401412e-01
2.389822831814734372e-01
2.584112777271251882e-01
2.713276109096188216e-01
2.499698950776756134e-01
2.786171323236136810e-01
2.554315938624562854e-01
2.808205062497262094e-01
2.756850861969302180e-01
2.721067537137085712e-01
2.918683450051109407e-01
2.841779725419727454e-01
2.865814576276998760e-01
3.023424090491840799e-01
3.155624586181807190e-01
3.368610720580460516e-01
2.788884392966686221e-01
2.504874218444835265e-01
2.674600110179635726e-01
2.765889525873452270e-01
2.646215842746512115e-01
2.573195445825103844e-01
2.350558165337095773e-01
2.099573660465724190e-01
2.253179173419136150e-01
2.467738379520440783e-01
2.418494820915156052e-01
2.814344418712539930e-01
2.837672431519746019e-01
3.058783490178465514e-01
2.809157441489948948e-01
3.061579975084919303e-01
2.759854933180671543e-01
2.858142214261955028e-01
2.684793364380312908e-01
2.783892193063087772e-01
2.464012837378254661e-01
2.505592517895427473e-01
2.516807186016533082e-01
2.402033430230693656e-01
2.446352227863072548e-01
2.545277759808118878e-01
2.589295807303039210e-01
2.615100884401489467e-01
2.420792732894430366e-01
2.574189140044787494e-01
2.261426489143975316e-01
2.254568710937202569e-01
2.474022941828606381e-01
2.396467380608558184e-01
2.366253653751710651e-01
2.430257559958580171e-01
2.509595827065487228e-01
2.287336701972714215e-01
2.292722292819978358e-01
2.248104994845178950e-01
2.419163443898859622e-01
2.733571004545414240e-01
2.590501665812587340e-01
2.780779423981151743e-01
2.426226969531238009e-01
2.381579334871955778e-01
2.269393749264587423e-01
2.583455830489668759e-01
2.876756140055030664e-01
2.433948584985739794e-01
2.419640894941954556e-01
2.683521735345860693e-01
2.475449504940351042e-01
2.523809919096355325e-01
2.365415195729788367e-01
2.525767544166551137e-01
2.423393746168528706e-01
2.539711345679577237e-01
2.680653200379909396e-01
2.705868891292645406e-01
2.328597923117571855e-01
2.520254573867481973e-01
2.672764458460613612e-01
2.865463211645979946e-01
2.762947232876757364e-01
2.926727433763489650e-01
2.658376924302720545e-01
2.786374257252058895e-01
3.037881255271380754e-01
2.923443234054259321e-01
2.833178836732683781e-01
2.564984596206063561e-01
2.506177619417054303e-01
3.138903818952166747e-01
2.843310905098028196e-01
2.809986538073719342e-01
2.503298639375710066e-01
2.732240815886572416e-01
2.415610500016147355e-01
2.543777079728170576e-01
2.701915913889874621e-01
2.489045541021297492e-01
2.764696647177453670e-01
2.616720179661174983e-01
2.969140794335693445e-01
2.923060397062741678e-01
2.621023091109447867e-01
3.198987355930906773e-01
2.987531259274625595e-01
3.375584704324938179e-01
3.132868564942086209e-01
2.678981372311888265e-01
3.163590626725821253e-01
2.555594002400725095e-01
2.477159583700259404e-01
2.810796920941359134e-01
2.663347367289322642e-01
2.741072481362583080e-01
2.778492734705036993e-01
2.825858445411714159e-01
2.859414432548861296e-01
3.049656200750247015e-01
2.768375559877574443e-01
2.689197639764372427e-01
2.698120562982029291e-01
2.593392886774353867e-01
2.936296962812302014e-01
3.027325735085298342e-01
2.837635902699829904e-01
2.608996583113374901e-01
2.836478156606466738e-01
2.694166986418165544e-01
2.556427883918983568e-01
2.424188328920243718e-01
2.436977102633693382e-01
2.682049487459081671e-01
2.501408196363819059e-01
2.449079761312576708e-01
2.563724586646450310e-01
2.662748535760935398e-01
2.397212664034483465e-01
2.344443899869733394e-01
2.359548141701389434e-01
2.516967048104444271e-01
2.340626208796528773e-01
2.498665693389466591e-01
2.469043272874621442e-01
2.288021195235027949e-01
2.649543672194807908e-01
2.636672187006626755e-01
2.578456054958562782e-01
3.064486709202836057e-01
2.793314596172736808e-01
2.944847640865339566e-01
2.636823925444399808e-01
2.524513002681647578e-01
2.269671276761314194e-01
2.693431877577499578e-01
2.611329962500759660e-01
2.389341024993193452e-01
2.527696984182187245e-01
2.312597715719853231e-01
2.478148921743003330e-01
2.565120463390960781e-01
2.763111565852603424e-01
2.807847735260259880e-01
2.721446946594087146e-01
2.924646537567872628e-01
2.729245068657583650e-01
2.941265374382564524e-01
2.449790901536567089e-01
2.873842271610617116e-01
2.833384716512934998e-01
3.092181956513707641e-01
2.838958157697444862e-01
3.091531528699283382e-01
2.715179854745462529e-01
2.575302692158933371e-01
2.858081968362717884e-01
3.204878395440088346e-01
2.837398720455052703e-01
2.794725982266247355e-01
2.641274318540499655e-01
2.389352768434184482e-01
2.451564020143034983e-01
2.365040057392295836e-01
2.434132578458660379e-01
2.656250596742165127e-01
2.571567421662528385e-01
3.126430956363264735e-01
3.068481687708473626e-01
2.761357216304877737e-01
3.062717771952268020e-01
2.700584585566350726e-01
2.690080239756875713e-01
3.011542391246653239e-01
2.690755815030462794e-01
2.388725306689878924e-01
2.353534610539574634e-01
2.718102070521866698e-01
2.319317391325255162e-01
2.513039866510909937e-01
2.793066040706090880e-01
2.613265352582311296e-01
2.800900387549500881e-01
3.191503551285818086e-01
2.581284552098978557e-01
2.385595416492146403e-01
2.472723786748989294e-01
2.746275402673724608e-01
2.692960453962513490e-01
2.616609134902595502e-01
2.343494497689092571e-01
2.464426511844752254e-01
2.468499040090580687e-01
2.535962002128159254e-01
2.266548902796536313e-01
2.237221641246747161e-01
2.688576272615010310e-01
2.595896383584961331e-01
2.505998022182185370e-01
2.293079947907901983e-01
2.403081299215542033e-01
2.334977682024471923e-01
2.263207812440617694e-01
2.347976306048819017e-01
2.157889691301826396e-01
2.397962404300129080e-01
2.441229235194439240e-01
2.515144281802275117e-01
2.778830979331307072e-01
2.651002363308479493e-01
2.683251546559656808e-01
2.398402057879014393e-01
2.632972976096137341e-01
2.697200094566058470e-01
2.954757125561520703e-01
3.058354052091933895e-01
3.059759977482700011e-01
3.100826947088292096e-01
3.616428630287891188e-01
3.065313287408768517e-01
3.299529500691084638e-01
3.153823512586508837e-01
2.779031307850611254e-01
2.740435138896529788e-01
2.515725335881560665e-01
2.834524163624435045e-01
2.802648934386479107e-01
2.862356992251736121e-01
2.927401816370266974e-01
2.818827465213082362e-01
3.028506088053188883e-01
3.212138615594319901e-01
3.493163463220655407e-01
3.329433383873639518e-01
3.241269251114186067e-01
3.141418508251350161e-01
2.756065459084838243e-01
3.077503477441845825e-01
2.701941890733350338e-01
2.852136856553908473e-01
2.421782516251227979e-01
3.116932810126846753e-01
2.551686751232206118e-01
2.363613698884353409e-01
2.951088709313401393e-01
2.570541533712389359e-01
2.213234935488343214e-01
2.347100751476242364e-01
2.162941121026928371e-01
2.644821942408370208e-01
2.333365112398207986e-01
2.600430172917906346e-01
2.450025571995069207e-01
2.845322851593802271e-01
2.655307181639612324e-01
2.430616562896481259e-01
2.181641380449155510e-01
2.099942728997588048e-01
2.498151540947405325e-01
2.223255706600259229e-01
2.589164252315123704e-01
2.572373307534145392e-01
2.961628741714805724e-01
3.091582225532727435e-01
2.545127389826263853e-01
2.693536901616687129e-01
2.503808370596608546e-01
2.311271965752097479e-01
2.492136823977588456e-01
2.510107460454354955e-01
2.709080884299295833e-01
2.541484612157132728e-01
2.731846134141575622e-01
2.684381717128957456e-01
2.253353276926308713e-01
2.364739923187446635e-01
2.748862198614816510e-01
2.547977286026434918e-01
2.577852566873369833e-01
2.398007110856575919e-01
2.457610042835969844e-01
2.340663568822139440e-01
2.501467614953465923e-01
2.626611844586166922e-01
2.516329337453389048e-01
2.805698338169899664e-01
2.761197435712712811e-01
2.494378380867940392e-01
2.545707491190757343e-01
2.378142254107283582e-01
2.515334686151951549e-01
2.540182996223938061e-01
2.335195152798985319e-01
2.446426466397284005e-01
2.626464334434972514e-01
2.662068310118987924e-01
2.905015955770191560e-01
3.095207031247607099e-01
2.819720387289256780e-01
2.873055497600159325e-01
2.954342897530741197e-01
2.888823508486177416e-01
2.387635042233217375e-01
2.405543474612388821e-01
2.349673808573158884e-01
2.028413117549973110e-01
2.541664186283172921e-01
2.374954695933610138e-01
2.670598703595370993e-01
2.330528202232163282e-01
2.511970348218293125e-01
2.439235210438680523e-01
2.303354498985642484e-01
2.669217017320020813e-01
2.685865370158165288e-01
2.280307815836950802e-01
2.412402206608181554e-01
3.109154165985351659e-01
2.333024667184417644e-01
2.499095811455973037e-01
2.742555258203940860e-01
2.922088040884386340e-01
2.678009378717238209e-01
2.625809036951008424e-01
2.442983955589012046e-01
2.406715716817547646e-01
2.618455185602049373e-01
2.936528048869653795e-01
2.705611547932842420e-01
2.742737634197763841e-01
2.363548416745136493e-01
2.565105028784894770e-01
2.412524114056033564e-01
2.482090530364438052e-01
2.538505926454367456e-01
2.547948463522122231e-01
2.683193213163567736e-01
2.569502546212406591e-01
2.723336056266507654e-01
2.602011213785990207e-01
2.842765841981894637e-01
2.855097825771663045e-01
2.274945405699480838e-01
2.551389598069760956e-01
2.082813646547786723e-01
2.502794938058813812e-01
2.469814612691736688e-01
2.632439965760662304e-01
2.788344289354231509e-01
2.616879563253083907e-01
3.011911309306681273e-01
3.166360506879095094e-01
2.606123230139862357e-01
2.488555006652337642e-01
2.729353477630135361e-01
2.561666211849398245e-01
2.780824315229463162e-01
2.732422084015943553e-01
2.437312638980956014e-01
2.317813878012000561e-01
2.451511404948844008e-01
2.674446882996920349e-01
2.609450031572788098e-01
2.577307226641309401e-01
2.681987510572085287e-01
2.522829895664358557e-01
2.859702602907787106e-01
2.262640295538164981e-01
2.184650273572466272e-01
2.282444788636358302e-01
2.865912267221588094e-01
2.585997691216677663e-01
3.147765461678653787e-01
2.787144114314146215e-01
2.511843218864391880e-01
2.774493813628946537e-01
2.767202802714803789e-01
2.660228361197525260e-01
2.310385589806134565e-01
2.353821889871948181e-01
2.096691718610328159e-01
2.264380015020542036e-01
2.330141571127875011e-01
2.351488796520108948e-01
2.333826840251249091e-01
2.314293042454926286e-01
2.302037581985801329e-01
2.657590961526858919e-01
2.507288108164841267e-01
2.480347534762344652e-01
2.439110685177030835e-01
2.530913406100552820e-01
2.475370530502821187e-01
2.678131464591674282e-01
2.303843932949769524e-01
2.670331106067760363e-01
2.674448300070281226e-01
2.573356478097665323e-01
2.625914536157261114e-01
2.713061080780109768e-01
2.564085307094683963e-01
2.895540533779575876e-01
2.910141351989291580e-01
2.761601323722359669e-01
2.389517738206941300e-01
2.492049777837108127e-01
2.275155431199307743e-01
2.062693843770979085e-01
2.179100864150176620e-01
2.675372509729033177e-01
2.779748158980955841e-01
2.480083943724984974e-01
2.628869398951201863e-01
2.244229029832406075e-01
2.382503531123636442e-01
2.530228541527094754e-01
2.538851575825601947e-01
2.465647124841164328e-01
2.615306795560276565e-01
2.697812156949953577e-01
2.999214228509610169e-01
2.610009893471830211e-01
2.702484387748019246e-01
2.631631842973319868e-01
2.454792717702838079e-01
2.387153047232763170e-01
2.232361974329716559e-01
2.210678746539863904e-01
2.617133739432937478e-01
2.195811307395544310e-01
2.090227902086804201e-01
2.249041154110189844e-01
2.189704612018396612e-01
2.477104893149273401e-01
2.499144330812168024e-01
2.389894483347763388e-01
2.528402803777745622e-01
2.565882483265399805e-01
2.543064365655344772e-01
2.626161212013967128e-01
2.270638017926082664e-01
2.344785252504890394e-01
2.388576128807998467e-01
2.773867539355485135e-01
2.427138875019721753e-01
2.507568960647340583e-01
2.456087177286574996e-01
2.746190503146998529e-01
2.474570962937703289e-01
2.331252237199754607e-01
2.602195088683836866e-01
2.483864870195142127e-01
2.511459381377565969e-01
2.620690547333930365e-01
2.358939408127402881e-01
2.228257101294355558e-01
2.447109851786729573e-01
2.632009014146202142e-01
2.661581823632608312e-01
2.650805171035721108e-01
2.919102625865585554e-01
2.562495793594814497e-01
2.572464418124674745e-01
2.501813955483749852e-01
2.687438457274738957e-01
2.490432823359318704e-01
2.396013390411173560e-01
2.415081044334604354e-01
2.804401093372071996e-01
2.673070693003947174e-01
2.448851916537395645e-01
2.189591487147216908e-01
2.594911034772517944e-01
2.236706773750576360e-01
2.347883042478812188e-01
2.739619064453448494e-01
2.593669486064670848e-01
2.654822423125582920e-01
2.220794785425202478e-01
2.251129868128380063e-01
2.486346861910953276e-01
2.583521254816506518e-01
2.496581435555886574e-01
2.857977666707529063e-01
2.422513256456662045e-01
2.461707449638130818e-01
2.929587385862923998e-01
2.854420430949450860e-01
2.672327919577707211e-01
2.932521535450712813e-01
2.660418949093423246e-01
3.169630281101639691e-01
2.604320512741586380e-01
2.325110452801338601e-01
2.941147000747026952e-01
2.545967501738041205e-01
2.474279327101112924e-01
2.232169085861548385e-01
2.173267964344225145e-01
2.304051331729413399e-01
2.248212328236771917e-01
2.318275670278263367e-01
2.627557988695904401e-01
2.554461090503782339e-01
2.383682254956226987e-01
2.176265380147114625e-01
2.727921862460814251e-01
2.665983542937941930e-01
2.598374779271020452e-01
2.722988722221377778e-01
2.670466466429330388e-01
2.578600894572912194e-01
2.589542504814761337e-01
2.469512968788754037e-01
2.326855052256195100e-01
2.362462259931678021e-01
2.610150159377571666e-01
2.494053555610693529e-01
2.528286106553881973e-01
2.788986055845545375e-01
2.952832213765912983e-01
2.518595154773397016e-01
2.647150424209057107e-01
2.581010477123545921e-01
2.572092191288100071e-01
2.497296976989291373e-01
2.530702075973013665e-01
3.180647818543800298e-01
2.917075551483420681e-01
2.817165565502530722e-01
2.621307729865160474e-01
3.055413357572210886e-01
2.362305523100831917e-01
2.686728822116966620e-01
2.278402965848550510e-01
2.497628681073805756e-01
2.652590055492579091e-01
2.531165171837874706e-01
2.574864898221613241e-01
2.637798305783495278e-01
2.473028676999749487e-01
2.571421524917617552e-01
2.807630527015829158e-01
2.597018052765339147e-01
2.385519892978461010e-01
2.889526569470413642e-01
2.970696058244532423e-01
2.954973648595325963e-01
2.615870788520237578e-01
2.509359672167988942e-01
3.321724522220270703e-01
2.559290136991457798e-01
2.586810622686711025e-01
2.859655291052569659e-01
2.701730145793085347e-01
2.574261429243561716e-01
2.745697241507252251e-01
2.942418655844168951e-01
3.015679866898056671e-01
2.707408882256402416e-01
2.679543282888861011e-01
2.699090748494443748e-01
2.540885268444764700e-01
2.497629155000538614e-01
2.539067887224745190e-01
2.478995364366283483e-01
2.770651910254317007e-01
2.638793939341934069e-01
2.625602805399812056e-01
2.352654084241087018e-01
2.661260807099400383e-01
2.722310102465946291e-01
2.395419004402795926e-01
2.809056492452806086e-01
2.658106976078054018e-01
2.616560932202937062e-01
2.579252157431881076e-01
2.593153336292631783e-01
2.452984965599337708e-01
2.782586462410899242e-01
2.903075269967673178e-01
2.581648072332017319e-01
2.764670702122310475e-01
2.971360427965982764e-01
2.663340829495129403e-01
2.920698156848799409e-01
2.824407197016945981e-01
2.771783171993549844e-01
2.680977166481248730e-01
2.678485011400832949e-01
2.685632819131277826e-01
2.472742105173647564e-01
2.264692088757568611e-01
2.331515289117613021e-01
2.431935964487545176e-01
2.479784644070643085e-01
2.563517305334063190e-01
2.496188258496014889e-01
2.124219352008118733e-01
2.378402040275817142e-01
2.396765204982444775e-01
2.684151318686208154e-01
2.590890507256050079e-01
2.899164091463444781e-01
2.492809253684743764e-01
2.650717057193749393e-01
2.255161998843781268e-01
2.680822374359398963e-01
2.286052916075057007e-01
2.327505329192992301e-01
2.469499174168995337e-01
2.601185112973212754e-01
2.549253174807687983e-01
2.538868273562515099e-01
2.465136907406812461e-01
2.204510298784601308e-01
2.393292592936033247e-01
2.321672606959268026e-01
2.312140991037699433e-01
2.457624906338987669e-01
2.253476441642459360e-01
2.285391457841905727e-01
2.069779834064324753e-01
2.483113768353176209e-01
2.457350289858981351e-01
2.582641649868695488e-01
2.857023843212893044e-01
2.904452625277748612e-01
2.414252478446617667e-01
2.442076049823955486e-01
2.502673398466753185e-01
2.676723392625323106e-01
2.817417561614553589e-01
2.777429695350157601e-01
2.862161378689928037e-01
2.205885348046371375e-01
2.877488451099812217e-01
2.884111882421881989e-01
2.990012285598173114e-01
2.897008107000718091e-01
2.699360519527375102e-01
2.954818944914281986e-01
3.063719785158519060e-01
3.518789549677916462e-01
2.821236294342008288e-01
2.622020959882195301e-01
2.498826718326952190e-01
2.266512765679009889e-01
2.719027529210442662e-01
2.565494384451473264e-01
2.717801741315692410e-01
2.517702246459104787e-01
3.045485521799866646e-01
2.737522889193936826e-01
2.491217602615645177e-01
2.627577368911701017e-01
2.907526853553400459e-01
2.602593952481133677e-01
3.009298766317462515e-01
2.885356169886172384e-01
2.766415575008342453e-01
2.838303510511135386e-01
3.002524794703956834e-01
3.168363297698971182e-01
2.907324302862681620e-01
2.943947850281549150e-01
2.901030792156443772e-01
2.860887629326757664e-01
2.566491464880248374e-01
2.691056980436100643e-01
3.059820304054726714e-01
3.173861983576774515e-01
2.867228598142794738e-01
3.060330713039219885e-01
2.609986311618089916e-01
2.496019882725662720e-01
2.376461254422065073e-01
2.498697594043550463e-01
2.130794999400944523e-01
2.549419279065696098e-01
2.717885814886060181e-01
2.272148774806473370e-01
2.529975684969683614e-01
2.817646830268036306e-01
3.042179101833886179e-01
3.091723432651914405e-01
2.752762304310744645e-01
2.996893787896943717e-01
2.986746106064543382e-01
2.842204307562990473e-01
2.700544949009344164e-01
2.753898195406317417e-01
2.700125405874708173e-01
2.810508147318064309e-01
2.594693891364527882e-01
2.430484954457718949e-01
2.553754993383406391e-01
2.588699133186486145e-01
2.255251891408377451e-01
2.765020116488966506e-01
2.767224565705421746e-01
2.639116007834438338e-01
2.520943938255868488e-01
2.427470220700561065e-01
2.804244963310862926e-01
2.681780257740179474e-01
2.526630651417889895e-01
2.622579496289768053e-01
2.452989217719433179e-01
2.621579115873889920e-01
2.712835201637958105e-01
2.837968322775401009e-01
2.729042097971310366e-01
3.401700291884731664e-01
2.997976607233404645e-01
2.466881551394966843e-01
2.640808230929485023e-01
2.544234243732658163e-01
2.570298148138728811e-01
2.921843017707890233e-01
2.925517087875293409e-01
3.003347849790201085e-01
2.932687552027520295e-01
2.941373286424283084e-01
2.744570021697592677e-01
2.559509579875891006e-01
2.764005160694784080e-01
2.562917494197007318e-01
2.328836234939117289e-01
2.556726744054834688e-01
2.535997137122134593e-01
2.327485242329713211e-01
2.284250802475343289e-01
2.573910468989833444e-01
2.492393965361856811e-01
2.326144437050680913e-01
2.431034104302199073e-01
2.540035039929541272e-01
2.454326134776679547e-01
2.173565313430851909e-01
2.585927450050046761e-01
2.660858931345749245e-01
2.661747731391189142e-01
2.561526449441147157e-01
2.667820000737552433e-01
2.476180971483700755e-01
2.345557465283249210e-01
2.381843016438453531e-01
2.583143092772204330e-01
2.364682792125028243e-01
2.676838169160822289e-01
2.201653886693092921e-01
2.323953749576903038e-01
2.288742335511647630e-01
2.275982472929478917e-01
2.476781695933887584e-01
2.402833161495002423e-01
2.546119327912019781e-01
2.939263969755960826e-01
2.524760777177479931e-01
2.517378327736970456e-01
2.783132891729690472e-01
2.461196974403599413e-01
2.516856514952142687e-01
2.561041531877196187e-01
2.375180422163048199e-01
2.631930295226954652e-01
2.600818354566975521e-01
2.759331338919330245e-01
2.571232488034735364e-01
2.592415693360528017e-01
2.424146209937350083e-01
3.027751469913236848e-01
2.619877372586248421e-01
2.565493408271793951e-01
2.456947810957973710e-01
2.973834742299500400e-01
2.921122785944089695e-01
2.891962533447159922e-01
2.760945356018680852e-01
2.743779925241666695e-01
2.545799655760276337e-01
2.401221452002568479e-01
2.462155765036476707e-01
2.493048738386819951e-01
2.481455576577646094e-01
2.398070326634170746e-01
2.571778053623051119e-01
2.613640690787533694e-01
2.478001690458525030e-01
2.524280044522370092e-01
2.625426421679656896e-01
2.689847623342195848e-01
2.867670398671592347e-01
2.716362299774112143e-01
2.848539578343813883e-01
2.723116378546122651e-01
2.901873220991122437e-01
2.894857792685255338e-01
2.955579576497858185e-01
2.532411117929103672e-01
2.472838072734866166e-01
2.756488374071013325e-01
2.767512276282949046e-01
2.507829411610248971e-01
2.376047613879097575e-01
2.589894481312632335e-01
2.404567285788432596e-01
2.956551843457427275e-01
2.827930114066334322e-01
2.594868682558711948e-01
2.640351308444588985e-01
2.638205252366952469e-01
2.903767963802040275e-01
2.620358396408049573e-01
2.629713670895014732e-01
2.795551342692745855e-01
2.983228420735172803e-01
2.875473985287016476e-01
2.506788408908023902e-01
2.706248309769944127e-01
2.460707137435863001e-01
2.544882065767159474e-01
2.919820354901411230e-01
2.834283919470179103e-01
2.830937610493191037e-01
3.146302614627180527e-01
2.762076940936525338e-01
2.670071700169996953e-01
2.775678733821322353e-01
2.602771340722863647e-01
2.893415220653486886e-01
2.538302095923314350e-01
2.567359456363221826e-01
2.613543960649093445e-01
2.384743465758570324e-01
2.934397719261947479e-01
2.857551369387336671e-01
2.952300340832691439e-01
2.797548250306786666e-01
2.775344641639944099e-01
2.509116482566273176e-01
2.631723888973842018e-01
2.483255061942178377e-01
3.248443710605617984e-01
2.865440878026010441e-01
3.073895813061470195e-01
2.600734321791242643e-01
2.798364213398816802e-01
3.330466313266242095e-01
2.859874584641274309e-01
2.438265785638962513e-01
2.798031054646228921e-01
2.604171670130024374e-01
2.521246767966308644e-01
2.725515992784853792e-01
2.541394892420556495e-01
2.578742305299526749e-01
2.400932255009566307e-01
2.727103007288060876e-01
2.807897223244680274e-01
2.666730165684537690e-01
2.357981199007313511e-01
2.385848961564754345e-01
2.734095973956215953e-01
2.845662102916826086e-01
2.853935297984421804e-01
3.018718100782463720e-01
2.977409400941465889e-01
2.759479818610650614e-01
2.861168821766646997e-01
2.624943645049365171e-01
2.417169498096215230e-01
3.055845567323220435e-01
2.739479178140779569e-01
2.852390022649253232e-01
2.862713033726781431e-01
2.547255114067144555e-01
2.708407457488635206e-01
2.554327618080944329e-01
2.558555805476013245e-01
2.427241012160758216e-01
2.526296868128736217e-01
2.383332334858856427e-01
2.383043654163614355e-01
2.399844175844063898e-01
2.575092388332453908e-01
2.883384532301306868e-01
2.600127004925717467e-01
2.547890422388454090e-01
2.722471226214673301e-01
2.632192965935383766e-01
2.770311125450746759e-01
2.908121126520474831e-01
2.462365054776758655e-01
2.484285533464651863e-01
2.602893048684166155e-01
2.714166449102409784e-01
2.743701658272902910e-01
2.946553701081810472e-01
2.763333636939319660e-01
2.557746759480665211e-01
2.778091198904075743e-01
2.535133910099962584e-01
2.469739488899788393e-01
2.835768669188681868e-01
2.361757319747913586e-01
2.293850220451180977e-01
2.478517377834518198e-01
2.615821930687084462e-01
2.757727925855197881e-01
2.396747914799820245e-01
2.394003475038571638e-01
2.521265946588933105e-01
2.586097131230444823e-01
2.898829903206499026e-01
3.079591596694590261e-01
2.711602209966696431e-01
3.002092479230689670e-01
2.625825880006261159e-01
2.627057719282133719e-01
2.599984937939459062e-01
2.446022473229138572e-01
2.189217169932091145e-01
2.622862198355832564e-01
3.088674157360217776e-01
2.930165237090616714e-01
2.478786651144928299e-01
2.438351707489329612e-01
2.646373200858536667e-01
2.614783215192669763e-01
2.514637580684209728e-01
2.538249002249466368e-01
2.433262597643363612e-01
2.279701380402713307e-01
2.200421123032714477e-01
2.797762940022751610e-01
2.475254676492860684e-01
2.443569474800607877e-01
2.667445111128153301e-01
2.719408941611122787e-01
2.343329514064106389e-01
2.475768482519292712e-01
2.583130155985235432e-01
2.834907454688284645e-01
2.823542143327638088e-01
2.580856492568535110e-01
2.526140045814687096e-01
2.616404560296670123e-01
2.953435097740418347e-01
2.579753896530353474e-01
3.186113731281127737e-01
2.893173724620934362e-01
2.570252301260937400e-01
2.627105987191614700e-01
2.990678403990325029e-01
2.617421874519411662e-01
2.795222942843672009e-01
2.912068323685991222e-01
2.706119458354208640e-01
3.097735035751187915e-01
2.557508612393028513e-01
2.780382201495798511e-01
2.492493425337690416e-01
2.471165703506740252e-01
2.741231030907196331e-01
2.594653879259015694e-01
2.716500849635972159e-01
2.932082624047562258e-01
3.030062501884457915e-01
2.776916131722372283e-01
2.919943602202392241e-01
2.856175022873109204e-01
2.477412625923863798e-01
2.451649093828456860e-01
2.618753052193344977e-01
2.648602832831085663e-01
2.993559758521188718e-01
2.768546861673100712e-01
2.730983096964058054e-01
2.568743008126586069e-01
2.751764723135559088e-01
2.821873633223699329e-01
2.526490441806174547e-01
2.587203939724386226e-01
2.505067936906850146e-01
2.911481680863475252e-01
2.465056567604188564e-01
2.361840185833374017e-01
2.728251989576971903e-01
2.597968745608245644e-01
2.730995797381461365e-01
2.629309773390524629e-01
3.011516251393397403e-01
2.713336057785653010e-01
2.609489925954483480e-01
2.703115106256510636e-01
2.678366735995060255e-01
2.414892298607395904e-01
2.619338955813065306e-01
2.651217952481118023e-01
2.891636563267575566e-01
3.017138524731576288e-01
2.674197255512663629e-01
2.610901481253291023e-01
2.518880916025512118e-01
2.260955202775403183e-01
2.486098315891702160e-01
2.771511674591662366e-01
3.243669478757390534e-01
2.988220519271428954e-01
2.519149150744569576e-01
2.751926677477055661e-01
2.536080059827044986e-01
2.415149656674272227e-01
2.385963801217382274e-01
2.744189084288836122e-01
2.707729178709725737e-01
3.028598561536305356e-01
2.792076992633194532e-01
2.759482492195890480e-01
2.948991105890680364e-01
2.983523039289679435e-01
2.426255356153300957e-01
2.543883458943748677e-01
2.720377840138775705e-01
2.388028022556091257e-01
2.631704859016499864e-01
2.217509424755942371e-01
2.413195406160042467e-01
2.421707373867720281e-01
2.511682784716696704e-01
2.606355792391108483e-01
2.635492033445863691e-01
2.562233843702327873e-01
2.540568356920129833e-01
2.441085653875805506e-01
2.549695526126838918e-01
2.502885580253044195e-01
2.653848963823353113e-01
2.732156686405103896e-01
2.496718317407229382e-01
2.603967585812549390e-01
2.470745995042745169e-01
2.360438928397110003e-01
2.254859731667506473e-01
2.068227278940645286e-01
2.399981678321037593e-01
2.516763252952785579e-01
2.332129593085573160e-01
2.623275668098111191e-01
2.650974867008779046e-01
2.302843783262318589e-01
2.363185879992502070e-01
2.557542423161540679e-01
2.565626283341361780e-01
3.004219741262449395e-01
2.492757293977065636e-01
2.496897923998887547e-01
3.044204667424248445e-01
2.670363924286975887e-01
2.787510402076906479e-01
2.836764174315482001e-01
2.834144767025139067e-01
2.718466066444146789e-01
2.430713559830612047e-01
2.534815354880180505e-01
2.835561121380109073e-01
2.755623785132235160e-01
2.524359569152396787e-01
2.729574880986911367e-01
2.451648859599924180e-01
2.351319958466795979e-01
2.646574553849255218e-01
2.422719363427550399e-01
2.549658898324273504e-01
2.475176358691353884e-01
2.765376223973353143e-01
2.834602075824557144e-01
3.002315764701556366e-01
2.958708243665552073e-01
2.800030034649000910e-01
2.672330442376799620e-01
2.568546754823647360e-01
2.599760855611389365e-01
2.806781028651098020e-01
2.475305816814216686e-01
2.655637785414689533e-01
2.942300672513952775e-01
2.784276182494901941e-01
2.545662005469896405e-01
2.541730079035554590e-01
2.574984037031713968e-01
2.662845761768673492e-01
2.504086100658572955e-01
2.454215685553062798e-01
2.051559032588538001e-01
2.307227196122755009e-01
2.469301910357511454e-01
2.506557990422856319e-01
2.354058028431161853e-01
2.491022153736014710e-01
2.339496846318327994e-01
2.580282781136218340e-01
2.695717642546887061e-01
2.849871242013654604e-01
2.457770608540470747e-01
2.114551650287579687e-01
2.276756514564094724e-01
2.495450741852963672e-01
2.783589226726199128e-01
3.001954944728234542e-01
2.781269852064106041e-01
2.406548559001990273e-01
2.664277721476769334e-01
2.552991495434923097e-01
2.778319263932385041e-01
2.972633450064292027e-01
2.791005399077873261e-01
2.662922211383640936e-01
3.189438714109512074e-01
2.828189316776145712e-01
2.707225506612987442e-01
2.910431030499742722e-01
3.053167721974905380e-01
2.624825981354377835e-01
2.630575428696484974e-01
3.097910194592228827e-01
2.715482405772151608e-01
2.856837527343952243e-01
2.926095149012744034e-01
2.663798414995038888e-01
2.491996739053994048e-01
2.552391033626963401e-01
2.692429761669157817e-01
2.430566363264775598e-01
2.364588416748314714e-01
2.653447990141466484e-01
2.934977212009592384e-01
2.363869186598742123e-01
2.857707495654098206e-01
2.472471965348473633e-01
2.493366959060353827e-01
2.614933507211670283e-01
2.686447322341273258e-01
2.577049263529500034e-01
2.750407307787293143e-01
2.630389250587428784e-01
2.498432465306159589e-01
2.510119642450696076e-01
2.561971970702983659e-01
2.747859862315759627e-01
2.796629947825071127e-01
2.387681463635667189e-01
2.442603024551537050e-01
2.411388180497518186e-01
2.368369181302632520e-01
2.757379300472424521e-01
2.875950448332357245e-01
2.764741338455292685e-01
2.511463665319278449e-01
2.470873186404955180e-01
2.973221298055587769e-01
2.640718901941207508e-01
2.311509913203841360e-01
2.812648405312048183e-01
3.014417458764963587e-01
2.948296002049204945e-01
2.703199845181672445e-01
2.484765255200507839e-01
2.381684859665985921e-01
2.508221191161124630e-01
2.681170137240284634e-01
2.888507640535928345e-01
2.505672156082091595e-01
2.764600124070806242e-01
2.555941605947234518e-01
2.686165011807694070e-01
2.457076479425966131e-01
2.280173380645438841e-01
2.506690612498133630e-01
2.965754763634156355e-01
2.615259010625205494e-01
2.460741941153497259e-01
2.774140736732040868e-01
2.665726208693374177e-01
2.999555844055178389e-01
2.681236583492148662e-01
2.290422772779664717e-01
2.559582397043881907e-01
2.356090441280449255e-01
2.296754448216917210e-01
2.658991825018794386e-01
2.389552228101972930e-01
2.589014265090912037e-01
2.407079133327063580e-01
2.489683472046599622e-01
2.380997808360218182e-01
2.328181691396183084e-01
2.232812093284902988e-01
2.274304142351509239e-01
2.427208689522639962e-01
2.014848832089892738e-01
2.221023043001806863e-01
2.611429853382770672e-01
2.402137978741080426e-01
2.839925897037420266e-01
2.431803338167874418e-01
2.575192064401002900e-01
2.529111510111274330e-01
2.905635909380982485e-01
2.804773720592257380e-01
2.543690182774325237e-01
2.539115918380576153e-01
2.796560341303516717e-01
2.448653687567937665e-01
2.664525913300283544e-01
2.388775477331850083e-01
2.436618009314790723e-01
2.562507154867840753e-01
2.432235895844252205e-01
2.610380596932755926e-01
2.310061594611305114e-01
2.590880871629089865e-01
2.481536715853847885e-01
2.452006344235899415e-01
2.608407541077590319e-01
2.497073588531415478e-01
2.577574017151805230e-01
2.534839623502475603e-01
2.444241422849592615e-01
2.728790205299060356e-01
2.757452282281627198e-01
2.899865547538458821e-01
2.971245210775920742e-01
2.937745954766723955e-01
3.000877030008748392e-01
2.705469113519078372e-01
2.736534019290104425e-01
2.536345422358983193e-01
2.608538530370251851e-01
2.584211123495326889e-01
2.525580372309602639e-01
2.573511776654979211e-01
2.366164637559096673e-01
2.374420909079156816e-01
2.375876045813967719e-01
2.331741839549601458e-01
2.145909178248962823e-01
2.237254986317557259e-01
2.335221188876574760e-01
2.181863366719941355e-01
2.706945096703752274e-01
2.367273518797163856e-01
2.670081859565080484e-01
2.447538756094469747e-01
2.550913086216755610e-01
2.639485233066889425e-01
2.386819056458912569e-01
2.434397422647847364e-01
2.822539158266839654e-01
2.778875354381219465e-01
2.702598600378795513e-01
2.185734174301984245e-01
2.228834372973098887e-01
2.672430203946262739e-01
2.326086574553847541e-01
2.727281059021026688e-01
2.603235489997069996e-01
2.350277713749875375e-01
2.567896477010353506e-01
2.449314285716245043e-01
2.483784728683946508e-01
2.437045454018495205e-01
2.176083209457080059e-01
2.624981225398139717e-01
2.619439731008494920e-01
2.927265561810334371e-01
2.483544825809321788e-01
2.799698254176718470e-01
3.310363607346465953e-01
2.838159013360102012e-01
2.790866794253184513e-01
3.004085386426260107e-01
2.762042808540466354e-01
2.996769617224543381e-01
3.047015201104300020e-01
2.649949455062953207e-01
2.573056405889760923e-01
2.391280479010387539e-01
2.740658692014595887e-01
2.671451624396327107e-01
2.524243569645233110e-01
2.892084420646792164e-01
2.736463802119747935e-01
2.682237180744029281e-01
2.522439962061636121e-01
3.241378809870578137e-01
2.844785580371960720e-01
3.561384796876668202e-01
3.415744660197350679e-01
3.456753717130818249e-01
3.245867205206464101e-01
3.232895549382437950e-01
2.944151712275037136e-01
3.004471635915687555e-01
3.229795920167795042e-01
3.188603975270384305e-01
2.786557978082561116e-01
2.755045789274523371e-01
2.981620510450405104e-01
3.013333991112323584e-01
2.687382680306030225e-01
2.571200411758773896e-01
2.773561963050296120e-01
2.844772936312028322e-01
2.603290555052586441e-01
2.379181277018329044e-01
2.333191144126934014e-01
2.668644993936378773e-01
2.849586053164829269e-01
2.979370094584732342e-01
2.638232381784382796e-01
2.868350965763533655e-01
2.687946461117621255e-01
2.222718449788309847e-01
2.538456063467539048e-01
2.603885958344449580e-01
2.497360901319838344e-01
2.252944955796736537e-01
2.428544287546506586e-01
2.869374138231282623e-01
2.744423118767925218e-01
2.731426575050547312e-01
2.404063876353505491e-01
2.616681127488944547e-01
2.884260230218440579e-01
2.958004105909010639e-01
3.120723715879460958e-01
2.891657542393575309e-01
2.660998282438316598e-01
2.825258454350030868e-01
2.501541018015316364e-01
3.177772437688409779e-01
2.689983435884236163e-01
2.650720558881158317e-01
2.786021195411857443e-01
2.388521965289916171e-01
2.720911544127643245e-01
2.660599672602153576e-01
2.629535934137705588e-01
2.775469475055679647e-01
2.579254932557356050e-01
2.543198681354552626e-01
2.606915389796927163e-01
2.274892889283788855e-01
2.571396633130335063e-01
2.230645910669058762e-01
2.369354266682985599e-01
2.514923989042605057e-01
2.753762271128821215e-01
2.657340707446325112e-01
2.872367182211461589e-01
2.692607027434318900e-01
2.731914203791333540e-01
2.704776327959274029e-01
2.723845784926965385e-01
2.847128452525473641e-01
3.142147667982930770e-01
3.267845103323738232e-01
2.985795632518002396e-01
3.063717067880653011e-01
2.821278065230076737e-01
2.752959011196113859e-01
2.370331019287744423e-01
2.430703671048430048e-01
2.905717670334961866e-01
2.843218419905901850e-01
2.557220481647198285e-01
2.447748007733337727e-01
2.325865332651247952e-01
2.500314454352540183e-01
2.198497052652964301e-01
2.338406367470514668e-01
2.651923544845438685e-01
2.714342301205788788e-01
2.859831011693172442e-01
2.867128599770074060e-01
2.782406117436841964e-01
2.776042688670445902e-01
2.597211506672162384e-01
2.781512072814016356e-01
2.490833510293880837e-01
2.798641001002801776e-01
2.441743950669238716e-01
2.577218421008110050e-01
2.467323709776420571e-01
2.679874428961420696e-01
2.685872239719886978e-01
2.823789052804247524e-01
2.796339294602412373e-01
2.478621853280642273e-01
2.572669456017840361e-01
2.504117722294669224e-01
2.349651439412593079e-01
2.447692661511705892e-01
2.324348161181452599e-01
2.417661430250828414e-01
2.473401367844563770e-01
2.641667202137237824e-01
2.536734289685955157e-01
2.458993049892498894e-01
2.556513029029735540e-01
2.293894970939859834e-01
2.721387747327444484e-01
2.767712677751341110e-01
2.445222953317794934e-01
2.547992232852708261e-01
2.636967105899212793e-01
2.476886666612614085e-01
2.509703034941409006e-01
2.510580551917213632e-01
2.369381295518309671e-01
2.266550508041237921e-01
2.286748755436787406e-01
2.293320461706168933e-01
2.175535446196305012e-01
2.245842503961866521e-01
2.685905527481456945e-01
2.706277275497707691e-01
2.478295410756299610e-01
2.288987563073225096e-01
2.448858871670522019e-01
2.342053405525151843e-01
2.270689185487770878e-01
2.082354720382681434e-01
2.152441044504928569e-01
1.973277410154556100e-01
2.477492632204064682e-01
2.306443559881113936e-01
2.674099876833716527e-01
2.506357924061395903e-01
2.440400899611039343e-01
2.626382075650323666e-01
2.553039031141818849e-01
2.301017927093633453e-01
2.778256648069725165e-01
2.878234215855612343e-01
2.745550035372873454e-01
2.785482355898630802e-01
2.953384832739614496e-01
3.239719771800327885e-01
2.574733789234440184e-01
3.122049859074347844e-01
2.778427545954712530e-01
3.230965401493956501e-01
2.940593019919575113e-01
2.928885635990347014e-01
2.879673870094469623e-01
2.775990897821612458e-01
2.594589482317106732e-01
2.623115922705011038e-01
2.463978459911479180e-01
2.309425382696780604e-01
2.650921414006199295e-01
2.361466975415519587e-01
2.607266348061414996e-01
2.450913648599626071e-01
2.519840342927918697e-01
2.632869520660708895e-01
2.572971754371360387e-01
2.726513972376522488e-01
2.811545535610358582e-01
2.590803973720464670e-01
2.534179428150877267e-01
2.332644352418764278e-01
2.500263596447551140e-01
2.302087289014029536e-01
2.537411061107955890e-01
2.612287512327660099e-01
2.443321025052654083e-01
2.542238758219320660e-01
2.454011724937385230e-01
2.438715431955173207e-01
2.832126978054804178e-01
3.218496189913647720e-01
2.596616769687257742e-01
2.368241703424925904e-01
2.417233857378584816e-01
2.414981901065036962e-01
2.718912154569064210e-01
2.908870054915008718e-01
2.594470843183558362e-01
2.469594641859575168e-01
2.384851765539623136e-01
2.873647670620052552e-01
2.413920429340647988e-01
2.425510475314258396e-01
2.365820971311591581e-01
2.427140797369396752e-01
2.394095812256394340e-01
2.627113961006662390e-01
2.402264675655889914e-01
3.000163008685514665e-01
2.350027114368205550e-01
2.602738687448883370e-01
3.004005204126708461e-01
2.683191496047382385e-01
3.239771781277517859e-01
2.855583216943375358e-01
2.753221989234709843e-01
2.456454913941565898e-01
2.554421970983269952e-01
2.403461011570502404e-01
2.271872052194235658e-01
2.406696578621370375e-01
2.600025041858147201e-01
2.461494842353577628e-01
2.602909085611668227e-01
2.762380639090321610e-01
2.616676136246869899e-01
2.282721790851161003e-01
2.620833563195703042e-01
2.424856251839222765e-01
2.471477636754692286e-01
2.436516085894735173e-01
2.566233750333030139e-01
2.542972315520816151e-01
2.402942428783665374e-01
2.342092069630693774e-01
2.721051090432455299e-01
2.419834902115058639e-01
2.677776302450183832e-01
2.483223950188384599e-01
2.618289017561654664e-01
2.470202891854718363e-01
2.480154895555660433e-01
2.497097045120934833e-01
2.360621254970627081e-01
2.325153367507666879e-01
2.648361110058579659e-01
2.594132447828573773e-01
2.614529506338841847e-01
2.530161840618057045e-01
2.136585213356401725e-01
2.160094156357794393e-01
2.535904960240948913e-01
2.710478266749391518e-01
2.187745412545777923e-01
2.348874569788480249e-01
2.475244669196456360e-01
2.768522387858176059e-01
2.522909480007337613e-01
2.509798458828939594e-01
2.884925669129680403e-01
2.679537179684551296e-01
2.275952693559079587e-01
2.473026553897189617e-01
2.593662394467827759e-01
2.943088263756530321e-01
2.590291572911230800e-01
2.508132843203055296e-01
2.629977313615332046e-01
2.654396792718510811e-01
2.334766109947325197e-01
2.513868995197345302e-01
2.507838791463370964e-01
2.483751945393412042e-01
2.588960194140112470e-01
2.737240374189749970e-01
2.805069010042102184e-01
2.495541036889744602e-01
2.777381706413262763e-01
2.746256237391143107e-01
2.648845855127276994e-01
2.350959094875292033e-01
2.685176978574022599e-01
2.643184728628250046e-01
2.415515134343809434e-01
2.413594827704048373e-01
2.835386185717000407e-01
2.835714838864477061e-01
2.563471043972244123e-01
2.626389799301396266e-01
2.557792391278602140e-01
2.839679289524548178e-01
2.458274387242214698e-01
2.638605313769007976e-01
2.648377415139542279e-01
2.547787791341464270e-01
2.468159319902795412e-01
2.463281104388051757e-01
2.770024886241529427e-01
2.493961169304834968e-01
2.095366942040595981e-01
2.085945562460224667e-01
2.572029727821364409e-01
2.702562296272985609e-01
2.930311698595829406e-01
2.796781517299670172e-01
2.977907318365337064e-01
2.556609284806967142e-01
2.345987205599450454e-01
2.395408251029200186e-01
2.212848634014385196e-01
2.326059793384310792e-01
2.190132212066690787e-01
2.342993170912211487e-01
2.533161573197117433e-01
2.330408314985074614e-01
2.539221741209192196e-01
2.806427205667323954e-01
2.633563511536896606e-01
2.470092934047006250e-01
2.834220377259989432e-01
2.558649442634330362e-01
2.497321465655504280e-01
2.679221956913406810e-01
2.215902105671062883e-01
2.598260268845801191e-01
2.665084959173105172e-01
2.887115961671514186e-01
2.714924128542021142e-01
2.635405633049447971e-01
2.698406200506782704e-01
2.758304183717145697e-01
2.726927474060008016e-01
3.069839837245227354e-01
2.529560261763249551e-01
2.674296578289805382e-01
2.425138360653894820e-01
2.317417124502264836e-01
2.176087269104093058e-01
2.645332022719147913e-01
2.315980353429988314e-01
2.321824629969765352e-01
2.463634762292047087e-01
2.723446710182516606e-01
2.516761369927513203e-01
2.556768337076193998e-01
2.895099443231300973e-01
2.669713384299750580e-01
2.710087599613286158e-01
2.784374543431473725e-01
2.849039119530785147e-01
2.804747525791938534e-01
2.718082674475916782e-01
2.647643741792194971e-01
2.933235757120000731e-01
2.933572392382290395e-01
2.500457014278900658e-01
2.328613186698038073e-01
2.535013720567340645e-01
2.487982057103577671e-01
2.403059097266032063e-01
2.266291629892396298e-01
2.691422070688527790e-01
2.702279007606548933e-01
3.120709807615399400e-01
2.852346725055389109e-01
2.941368546448149268e-01
2.785884534370060006e-01
2.747754539765484560e-01
2.709279307660781289e-01
2.785287101586702008e-01
2.579676186203714305e-01
2.808938928031377569e-01
2.832046484937735809e-01
2.786176141363670977e-01
2.468881744814516443e-01
2.700844448513772811e-01
2.548168958245896065e-01
2.461861443440152841e-01
2.381351715199453156e-01
2.596893504555129462e-01
2.665252533534935853e-01
2.618298429677320405e-01
2.520681137647374781e-01
2.658427565376134671e-01
3.021740271074614403e-01
2.692566711893965570e-01
2.705461888692859418e-01
2.464140892593319754e-01
2.736031558047779533e-01
2.294043416339333896e-01
2.651727161477698824e-01
2.454454432324670865e-01
2.318051281159020927e-01
2.660521766043300596e-01
2.576184007828965505e-01
2.615568525550374113e-01
2.493902907498066202e-01
2.301410503700294652e-01
2.225827188909216270e-01
2.294536337272021220e-01
2.537565888680221593e-01
2.702051189391780350e-01
2.562426214462353302e-01
2.916960470592053212e-01
2.889808546162916936e-01
2.712077945600989692e-01
2.784141734460994222e-01
3.185083202938271407e-01
2.590624295533962007e-01
2.607915182606106441e-01
2.698208882949707510e-01
2.484153932043801083e-01
2.850178485633637071e-01
2.798634800206614703e-01
2.486371851796017329e-01
2.648620535886556104e-01
2.804294537529519737e-01
2.936824983665162203e-01
2.942205216467032591e-01
2.845051775248157999e-01
3.081532840790506822e-01
2.529945971649786851e-01
2.791586051038129623e-01
2.672336386566450117e-01
2.714444915808840730e-01
2.948854950512639905e-01
2.765555603052269884e-01
2.837764689333434065e-01
2.870060458580393492e-01
2.938238666662145171e-01
2.389506729865124024e-01
3.147511115698325423e-01
2.786104245539882673e-01
2.576396218048170317e-01
2.978620987700059675e-01
2.889981223342516503e-01
2.835015614051258348e-01
2.934713202239311314e-01
3.250054677857512342e-01
2.749213915898068294e-01
2.654498124039674223e-01
2.627052114314570308e-01
2.733065226832248062e-01
2.666076631425596810e-01
2.680824839079894439e-01
2.567231428577840258e-01
2.722543096309320010e-01
2.886686050653796132e-01
2.393733317125119053e-01
2.303576136116810558e-01
2.484782059357764916e-01
2.391616496086946819e-01
2.466119766547569536e-01
2.229044000633078615e-01
2.688605376941844427e-01
2.687802797568409341e-01
2.636758926179507689e-01
2.634364229590517859e-01
2.681003505810884424e-01
2.817087675561379956e-01
2.874203446760775216e-01
2.888259145770729619e-01
2.929942612146956282e-01
2.535496840148468989e-01
2.246172775115570508e-01
2.513208925951762041e-01
2.896335291792676570e-01
2.612756492035425704e-01
2.951915345721397022e-01
2.566188726876646453e-01
2.879110353811047407e-01
2.962158477779706645e-01
2.415545774803949108e-01
2.188531000430344042e-01
2.450587915433708741e-01
2.476276909011821681e-01
2.554945943842417688e-01
2.493376863814680822e-01
2.768902232989887136e-01
2.720173838795450494e-01
2.732011691192244296e-01
2.359836869908948920e-01
2.678428773123146533e-01
2.642185265141819284e-01
2.400374766633465717e-01
2.373014416426350859e-01
2.307774922411002794e-01
2.662543772445300494e-01
2.733609564844599049e-01
2.612616129729642411e-01
2.801893183652084951e-01
2.733358144443045479e-01
2.756981180873764314e-01
2.658505430149901150e-01
2.724164765924478315e-01
2.661948929407996767e-01
2.776528600379279399e-01
2.897669029454194023e-01
2.790638112657846115e-01
2.569380051554243094e-01
2.774464741050778338e-01
2.683546544654412669e-01
2.631061301479778458e-01
2.682773857642984372e-01
2.549541254196360240e-01
2.625991509421287673e-01
2.719283309560996953e-01
2.779196162729311581e-01
3.039688086806916489e-01
2.749673247370327256e-01
2.768545718359472496e-01
3.105025985663529275e-01
2.731678321789581254e-01
2.887531047537955087e-01
2.777612536151041756e-01
2.753730282132581531e-01
2.813008103166620422e-01
2.879112162275299092e-01
2.206501323499568123e-01
2.425358508385561662e-01
2.728997184615756799e-01
2.943925795992538008e-01
2.566919495228800474e-01
2.701128176156118443e-01
2.656209018095769259e-01
2.973755791831236839e-01
2.930695990928404715e-01
2.517387955939440758e-01
2.702845657972337001e-01
2.883780919484195682e-01
2.584636422012883128e-01
2.901438315149150737e-01
2.686860205550246072e-01
2.794803046648217104e-01
3.097085656158969913e-01
2.930267962445244900e-01
3.110642539025894049e-01
2.872101663213622591e-01
2.991076118607304268e-01
2.883579864738780030e-01
2.518912104802574770e-01
2.657433768218155357e-01
2.743885817630935531e-01
2.578945422524739350e-01
2.580376385298364661e-01
2.653650247539274809e-01
2.636428706053808857e-01
2.830370508677468866e-01
2.237893550709174617e-01
2.686164881820781170e-01
2.686862461124058243e-01
2.426048717633795815e-01
3.017656884022308916e-01
2.777898633307644971e-01
3.003744230111605185e-01
2.656335516257549156e-01
2.535945065782941321e-01
2.795398627426176619e-01
2.619992754174665928e-01
2.559490566500153830e-01
2.447093865436766047e-01
2.526885741775744543e-01
2.720218908666468538e-01
2.761813651522204149e-01
2.890093135055540330e-01
2.828928280782825877e-01
2.438463990163926565e-01
2.478905460355291523e-01
2.468540466849354909e-01
2.454914219006630038e-01
2.335465214985437410e-01
2.797377719116107553e-01
2.608729876112098611e-01
2.999215307145398079e-01
2.728260503139790516e-01
3.080967943420245270e-01
2.996356093264108678e-01
2.518105035564773830e-01
2.551244516705782894e-01
2.188299611631238373e-01
2.492277765644165255e-01
2.655661986978425926e-01
2.617453729297747334e-01
2.492912599168021770e-01
2.382162787906815793e-01
2.373913597377342311e-01
2.641105223811108793e-01
2.616810463254128361e-01
2.806432247553604098e-01
3.030603717017336662e-01
2.796337472988518758e-01
2.983974090653383482e-01
2.468994779624311686e-01
2.670766597308741330e-01
2.443483131197856373e-01
2.469172058671697811e-01
2.988955313756315735e-01
2.481902579200354342e-01
2.692865501400244499e-01
2.704941459367517509e-01
2.697577782105649025e-01
2.543344807168692601e-01
2.241934981790930093e-01
2.864259709097415341e-01
2.820444137157283593e-01
2.545177942265535176e-01
2.866315701273803307e-01
3.137723427641191387e-01
2.996567600710742796e-01
2.761990201135801071e-01
2.919403092232922270e-01
3.082109261365930664e-01
3.219429557026187716e-01
2.856029252966824639e-01
2.840367399142702531e-01
3.213837044655274422e-01
2.812126875756598698e-01
3.118378556885398334e-01
2.842071000566367966e-01
2.465091420811197642e-01
2.719450455657304588e-01
2.723855279006706653e-01
2.647964529242626819e-01
2.517066631998681747e-01
2.472033663259838865e-01
2.578631698483266343e-01
2.790179988588634696e-01
2.387829542008551575e-01
3.010544616178998378e-01
2.481616934364556937e-01
2.740797834261998744e-01
2.531305254710027874e-01
2.469359739187855507e-01
2.667201575475534603e-01
2.917575295570098981e-01
3.054087080873464366e-01
2.835204946007463533e-01
2.639419840618372759e-01
2.986778355654008399e-01
2.696344228634039997e-01
2.429164719959518715e-01
2.477587305350857638e-01
2.574935611160774629e-01
2.836341398179845208e-01
2.624918541846900100e-01
2.647874103568488846e-01
2.662147604528117828e-01
2.648731373290432733e-01
2.421899718935897894e-01
2.612163712676137672e-01
2.833840191659363628e-01
2.668035272451394491e-01
2.668214907167167360e-01
2.317283046369179311e-01
2.507572746066196734e-01
2.783989518204788571e-01
2.769330569128769515e-01
2.673684292711847599e-01
2.658142529763588557e-01
2.667346103062601670e-01
2.781805653666226119e-01
2.238254250563440906e-01
2.488300354771533218e-01
2.187898965719355659e-01
2.405801920364634416e-01
2.238723703536741327e-01
2.158775178271194195e-01
2.763158509008872832e-01
2.563890689681783130e-01
2.653167729052799406e-01
2.657782644507244441e-01
2.827556767525191139e-01
2.663512792292389575e-01
2.566030178690894004e-01
2.958767150001138102e-01
2.809267867213635639e-01
2.588419919723914941e-01
2.704512778261302097e-01
2.359724737918175996e-01
2.659177587269566656e-01
2.424573811890171071e-01
2.343688338434853358e-01
2.558767521143840984e-01
2.527842147583661547e-01
2.461500600201229072e-01
2.723711666045539048e-01
2.806607134360152855e-01
2.286677198606464068e-01
2.484984448035541804e-01
2.427487032027820790e-01
2.573043093463887598e-01
2.723626140892577152e-01
2.559877096668506380e-01
2.852559019903773696e-01
2.798661991808701899e-01
2.562369833325670032e-01
2.546856337032140094e-01
2.643966973737244541e-01
2.894125646845581157e-01
2.311120389190264579e-01
2.348788777067511990e-01
2.356890370578720861e-01
2.595798526111577909e-01
2.730704665834108869e-01
2.825917522622733991e-01
2.482870470582748401e-01
2.347407612255914822e-01
2.451152499074888691e-01
2.428693344134990328e-01
2.460780899522394538e-01
2.626799969934824341e-01
2.550300824545978506e-01
2.586940641818615827e-01
2.435661131081912900e-01
2.400234577970256078e-01
2.551989959221374060e-01
2.656464861217351370e-01
2.724223401665966104e-01
2.485846268061256414e-01
2.753005913283951833e-01
2.167404692460772053e-01
2.603183725248781610e-01
2.394316207480353398e-01
2.456776089951795972e-01
2.541890334654875461e-01
2.363162585232944368e-01
2.314833184197584715e-01
2.413584358688619647e-01
2.166999439831489849e-01
2.778228986202514461e-01
2.234093404939965777e-01
2.323027722356087732e-01
2.605767418989855533e-01
2.969876364965922666e-01
2.472442859317977859e-01
2.878230213407286797e-01
2.667024561205922351e-01
2.486804311714067295e-01
2.553525302713193779e-01
2.714097190684482963e-01
2.592460248875886886e-01
2.301474744142819884e-01
2.459518115960845908e-01
2.254591800995264794e-01
2.608290414686383896e-01
2.300663346855685298e-01
2.449560241017821605e-01
2.201850270932039499e-01
2.061801013879897559e-01
2.461066543738792689e-01
2.366577098402389834e-01
2.525248746999032012e-01
2.389033147020226955e-01
2.910751889296774308e-01
2.317179385445398421e-01
2.863266609654229744e-01
2.727695007786823389e-01
2.623089262579928471e-01
2.404857243376432585e-01
2.367432054933455987e-01
2.409452645928283065e-01
2.584784716771129642e-01
2.420732053795272842e-01
2.338794002287870877e-01
2.309199592512671817e-01
2.446416471895803413e-01
2.303213319516734525e-01
2.761920197465961846e-01
2.584940681340911484e-01
2.787825919452159851e-01
2.928091510665517538e-01
2.635769117775647596e-01
2.828356392761732230e-01
2.530459872840147284e-01
2.555556206697088273e-01
2.487632107069762954e-01
2.914226111493358751e-01
2.586819988291109707e-01
2.467583745530793071e-01
2.236593099712210764e-01
2.365810595064333499e-01
2.470313299798287676e-01
2.288638619018559806e-01
2.493095183903864531e-01
2.548612381585067532e-01
2.417065853392014463e-01
2.635187399305254918e-01
2.665167636029481257e-01
2.875297386249912601e-01
2.465573579728913556e-01
2.716517150487088306e-01
2.795299902225301114e-01
2.856372087067343135e-01
2.740590013459522911e-01
3.066835696458191096e-01
2.736295256723903502e-01
2.687398678171406541e-01
2.513320868162571831e-01
2.674004977688566598e-01
2.905394558712912079e-01
2.441257668206479881e-01
2.472684817974001026e-01
2.624171442442059243e-01
3.102171903002805542e-01
2.476537729862495485e-01
2.471703731002262705e-01
2.409774608731511947e-01
2.601841560196279102e-01
2.253633940859450790e-01
2.517008017078851134e-01
2.701030913475697126e-01
2.526920309865133274e-01
2.678020534157656285e-01
2.461253695123285234e-01
2.689615359660675331e-01
2.828718367105788056e-01
2.986650893597205259e-01
2.475115309774809091e-01
2.485930584129913135e-01
2.673442254668570994e-01
2.659751289384538753e-01
2.654741798068114278e-01
2.582259270788113126e-01
2.592983874209314754e-01
2.368506173906707313e-01
2.535432763899790332e-01
2.650085662722794222e-01
2.409501738286030648e-01
2.324394144621859670e-01
2.457381153858353151e-01
2.833215914695652593e-01
3.040106961591170776e-01
2.922994406973452031e-01
2.741222081354650064e-01
2.837114257825090746e-01
2.591586257443451169e-01
2.558765278855513747e-01
2.203162192895763982e-01
2.493357160526036009e-01
3.150226729468977305e-01
2.558068348667024150e-01
2.756356061943800451e-01
2.667733319035312523e-01
2.987661319822665917e-01
2.746293512324916031e-01
2.456369898001467822e-01
2.683890253215003296e-01
2.881120313084698514e-01
2.756259194198655837e-01
2.606760446882201987e-01
2.683972613817856567e-01
2.949359770380481360e-01
2.813033860878492720e-01
2.734681515117969863e-01
2.664337820483332342e-01
2.683179371056741425e-01
2.293464413081129916e-01
2.312361004685565269e-01
2.682572552610693051e-01
2.604011738343137150e-01
2.759864391252987992e-01
2.465433554774882630e-01
2.569138649769269755e-01
2.514503611787571868e-01
2.617443163208124091e-01
2.748865075536533475e-01
2.470843599256545564e-01
2.443053285584909640e-01
2.713457599447142710e-01
2.560183584101859977e-01
3.131176444930577341e-01
2.646544035562133912e-01
2.306181433939061276e-01
2.684767876135128462e-01
2.617358203024847119e-01
2.363987244458103931e-01
2.300682354894653392e-01
2.934367358144137072e-01
2.599913822513846839e-01
2.490460967456430141e-01
2.750670221203198040e-01
2.757946257625867870e-01
2.607839667569195607e-01
2.376571535348471764e-01
2.506491102194570719e-01
2.704125261183731865e-01
2.520803234191428821e-01
2.871895572539455710e-01
2.205131948022942823e-01
2.464721311779035917e-01
2.652315189565888631e-01
2.387200141438622636e-01
2.819222233622475371e-01
2.828390774669432561e-01
2.358971480718947411e-01
2.382687178698555119e-01
2.474911632730141808e-01
2.631144690990053214e-01
2.494177914700581866e-01
2.786219627514698316e-01
2.690245260235473168e-01
2.827078636996840366e-01
2.627105923329046688e-01
2.541533825452001460e-01
2.495497671808165341e-01
2.701093624784518532e-01
2.843572091347927877e-01
2.792147501662412545e-01
2.474999814287469901e-01
2.349878830716246314e-01
2.212807883138339371e-01
2.541201430347631574e-01
2.640333573847037929e-01
2.512661361651774006e-01
2.537668782862235739e-01
2.718500429140124908e-01
2.792357222716698173e-01
2.498525617894938045e-01
2.546075370413863337e-01
2.665397162084175986e-01
2.513217025049155895e-01
2.334416399467609815e-01
2.395314807933764389e-01
2.545115191736583848e-01
2.492161010454923553e-01
2.360626790988342993e-01
2.694251985237688385e-01
2.695808770189676018e-01
2.337818774213213657e-01
2.412927090954785359e-01
2.389111081908402434e-01
2.470025840652613491e-01
2.189298432000365280e-01
2.616899182823271275e-01
2.758969252750936851e-01
2.911663005198045773e-01
2.538449813076095740e-01
2.597697593476372413e-01
2.503545266544844328e-01
2.580303977493381140e-01
2.226872638071515920e-01
2.251956053138887137e-01
2.572797258128482478e-01
2.410074826010002169e-01
2.841603847913371506e-01
2.453228898419518300e-01
2.668314491052480864e-01
2.925336330547905761e-01
2.608420725429556608e-01
2.884890014383189594e-01
2.622634007933245526e-01
2.581163300575832209e-01
2.633206250037382068e-01
2.457532555729567691e-01
2.498323196169276450e-01
2.872347567544255575e-01
2.682188955704320477e-01
2.491627950099844779e-01
2.251929974050867755e-01
2.638390444674747481e-01
2.381506412844510145e-01
2.681050861767190763e-01
2.736318803297121960e-01
2.477809686047439675e-01
2.483291820289497132e-01
2.873552888032949171e-01
2.968715858189001633e-01
2.476936994518034452e-01
2.490798285300196702e-01
2.401874867382414180e-01
2.195077253567746245e-01
2.295538792310322096e-01
2.217778326569428970e-01
2.337084156165473992e-01
2.286792960099863770e-01
2.417671357262483056e-01
2.308566195510760310e-01
2.061778473064038719e-01
2.372180186959743919e-01
2.509251357356617196e-01
2.598868219468649099e-01
2.442184997963181003e-01
2.407101502691332828e-01
2.896718489412550834e-01
2.777549618515775531e-01
2.385298827295893598e-01
2.664081051877512096e-01
2.616078175577569720e-01
2.460856926822612978e-01
2.424179206565116595e-01
2.258201738357575872e-01
2.588795257858692023e-01
2.615894933864913452e-01
2.517542053636158128e-01
2.675017009615875407e-01
2.508985581138418186e-01
2.461160682845257852e-01
2.305189229990214916e-01
2.698949720299748112e-01
2.764589689797705696e-01
2.873438046064802909e-01
2.584303836223987294e-01
3.103309998121294155e-01
2.789900631703975953e-01
2.783661890954702289e-01
3.182802602492675326e-01
3.138796547417911365e-01
2.900975690869609935e-01
2.805497992326876355e-01
2.738803045163235583e-01
2.901212866568639304e-01
2.660804106532969615e-01
3.028461601029837635e-01
2.768220447219965075e-01
2.490124693457681226e-01
2.550941782236920141e-01
2.501072043311362569e-01
2.374943842796091165e-01
2.393110184643366944e-01
2.396297903716506639e-01
2.753846430284857538e-01
2.731545171528807492e-01
2.670028949613637570e-01
2.968856608505225925e-01
2.644429665477657787e-01
2.661615363071686002e-01
2.753630208948432134e-01
2.722223412421724831e-01
2.865047323504576471e-01
2.619489644029526221e-01
2.697443734499179180e-01
2.742714201862502810e-01
2.624076648607431839e-01
2.537564866875699487e-01
2.609377940732489631e-01
2.897559770170549109e-01
2.734765932410964662e-01
2.651412400518479706e-01
2.609667251068418792e-01
2.450382099206843134e-01
2.576046744206902939e-01
2.384856346082037670e-01
2.456639405516894969e-01
2.592897390190451179e-01
2.569092336041885472e-01
2.516713617355507693e-01
2.367279122535173586e-01
2.439039419556827959e-01
2.379528288569328076e-01
2.440636011279481432e-01
2.350205819031993826e-01
2.349452982380750565e-01
2.498714915012176518e-01
2.566091287647980224e-01
2.709323328808486142e-01
2.345075009251036680e-01
2.704340593431515671e-01
2.603253286807269973e-01
2.752782417114455482e-01
2.418700964942656906e-01
2.394755232766972719e-01
2.534871309642243165e-01
2.672648360408915735e-01
2.472318957306185450e-01
2.476881723580374450e-01
2.971403650149149200e-01
2.638943260353835418e-01
2.756405756083288860e-01
2.732904308496270640e-01
3.203185299800128671e-01
2.793223611529395134e-01
2.319063643860856949e-01
2.244834732727172821e-01
2.628923886182235048e-01
2.562131786379641119e-01
2.687942538220319255e-01
2.897314374067576082e-01
2.545284691988438097e-01
2.871439692668076304e-01
2.494648422163633084e-01
2.453816739273148306e-01
2.502034774535585315e-01
2.695831359639228597e-01
2.863790661691159034e-01
2.679859150262581258e-01
2.673287761921480654e-01
2.798751126248272270e-01
2.709846236189638047e-01
2.361090719334905941e-01
2.316188596049317538e-01
2.817161502551671637e-01
2.316654463228371708e-01
3.119121577216907859e-01
2.683762491944297612e-01
2.739954529125984695e-01
2.296749832578100781e-01
2.277781184581030849e-01
2.731788875499570057e-01
2.551344091937196024e-01
2.760738940986590118e-01
2.722248100224244904e-01
2.666936835259018923e-01
2.542229208066003610e-01
2.178444937751115029e-01
2.674406082402014939e-01
2.722631461001535080e-01
2.393349732496959648e-01
3.099677049528290484e-01
2.692259470636587659e-01
2.736050048699865123e-01
2.622856969906257052e-01
2.595766449877905946e-01
2.729269697315594434e-01
2.599617113230266452e-01
2.725246356065646469e-01
2.649441336155931026e-01
2.542830859343184757e-01
2.727217315067468340e-01
2.511516792180267243e-01
2.735651217816192915e-01
2.656996085036710253e-01
2.784395997277943069e-01
2.180043404489040992e-01
2.412487347513994906e-01
2.583898379298834591e-01
2.569142016756565394e-01
2.510238329712703997e-01
2.728110464261437329e-01
2.840131175194597346e-01
2.925857925213296018e-01
2.997869974992516950e-01
2.484666841846340513e-01
2.618002007038083279e-01
2.313659879856298229e-01
2.872206663589186304e-01
2.913334578874601788e-01
2.798386310309528002e-01
2.671532172207970457e-01
2.580108695880913849e-01
3.085084311911940325e-01
2.217067877538536069e-01
2.669968801736787301e-01
2.678033333893302115e-01
2.627536152232906042e-01
3.159143498822163387e-01
2.724670973002054630e-01
2.723503615941119116e-01
2.661431188615762111e-01
2.766716258245106586e-01
2.643050279814213588e-01
2.533027672071284653e-01
2.377417049270501292e-01
2.683989734004351702e-01
2.482811791070760887e-01
2.798917028542642904e-01
2.837565152167417226e-01
2.801499914229795274e-01
2.741509688049844629e-01
2.686559028456317888e-01
2.405897519209414803e-01
2.797951243763762696e-01
2.760249109756168218e-01
2.529512150182742225e-01
2.464253046785438439e-01
2.567294267594006363e-01
2.634932950594254808e-01
2.251612741876339863e-01
2.395761245472035617e-01
2.325139715040425992e-01
2.483195166384607189e-01
2.575744181165149915e-01
2.948693796469583073e-01
2.267637188966760975e-01
2.571047001993889136e-01
2.365828116243468282e-01
2.523034902087626374e-01
2.731943214311606249e-01
2.344132971541203203e-01
2.353538311945421457e-01
2.263707460308009289e-01
2.501298706406632766e-01
2.654861104488912549e-01
2.545443737438592979e-01
2.266000699438262544e-01
2.423424027989136142e-01
2.438530458663417388e-01
2.636341537803125190e-01
2.519143682518147909e-01
2.353995206649898697e-01
2.259258105069374689e-01
2.314841400473914290e-01
2.965356172518684996e-01
2.711833528887824807e-01
2.561725207788296266e-01
2.556691041860640889e-01
2.621888691186085030e-01
2.257321819739810664e-01
2.452666190703964855e-01
2.316078795255785971e-01
2.694611145852200407e-01
2.278079648904547394e-01
2.399958936745840432e-01
2.651128260496453670e-01
2.375069183763425795e-01
2.650965648536843799e-01
2.638862648426117952e-01
2.467203961524357947e-01
2.491859105790693307e-01
2.644291324761338657e-01
2.627966576386564501e-01
2.585604273638728023e-01
2.282102125348001165e-01
2.269238508556004619e-01
2.170287837810407627e-01
2.900635432042988904e-01
2.667319606775563900e-01
2.775815852501303249e-01
2.950395997722848329e-01
2.812585326683050280e-01
2.934810417613233358e-01
3.185830066543438033e-01
2.939475121335621277e-01
2.934203043793345289e-01
3.120873555613732364e-01
3.102692808919532697e-01
2.677591862398135958e-01
3.039911500315780057e-01
2.967080240293764049e-01
2.915018387392244170e-01
3.084263919203600879e-01
2.968598108751735465e-01
2.688664254320595193e-01
2.387914917869441433e-01
2.387232029286346369e-01
2.640670572623056711e-01
2.284549570808707686e-01
2.785593477711954535e-01
2.274830315438981510e-01
2.557611660650230823e-01
2.448137846254117289e-01
2.873269709549867157e-01
2.735609728434575949e-01
2.350356904567780791e-01
2.449991957373442164e-01
2.088730030161441431e-01
2.397258285857789550e-01
2.396732200456934136e-01
2.342656627429246519e-01
2.435679732425961586e-01
2.733997652634271858e-01
2.778361688625884951e-01
2.619232314386825689e-01
2.339317035005903656e-01
2.551076790674101091e-01
2.301603677371306111e-01
2.705102912854558950e-01
2.508934538725088315e-01
2.806897942758221354e-01
2.598859986763392138e-01
3.006556590802070272e-01
2.507814688604362297e-01
2.440308532890962667e-01
2.487106871765146499e-01
2.431599608825473213e-01
2.452621738217891645e-01
2.768670554832850517e-01
2.566819231262159051e-01
1.891394006548977602e-01
2.211933395208438569e-01
2.532407759608403253e-01
2.398525710443216163e-01
2.476188012041448117e-01
2.760408157641335847e-01
2.589377645637904735e-01
2.397580379606553125e-01
2.482929695710303641e-01
2.479727062777092317e-01
2.198140427318689416e-01
2.605240033550265122e-01
2.502679865477274723e-01
2.557205644386063015e-01
2.627795317021620614e-01
2.834484760724094721e-01
2.599835410116289602e-01
2.575940073447863798e-01
2.933838248897934764e-01
2.809417569381007507e-01
2.812128557802918150e-01
2.551192707380668390e-01
2.768927841529485456e-01
2.612787386579961679e-01
2.859045947068770133e-01
2.809228461831193568e-01
2.757575487131460057e-01
2.668418505022810416e-01
2.604572694123805099e-01
2.389698319279742189e-01
2.722270578565860744e-01
2.666798399820246024e-01
2.767592897035229815e-01
2.997490536480810208e-01
2.811632772346322473e-01
2.504172110983003408e-01
2.573096222189166227e-01
2.352679349785488649e-01
2.476305423353315771e-01
2.691711565797796357e-01
2.985179344085208131e-01
2.707184342737843363e-01
2.682404125554800900e-01
2.690550723976458669e-01
2.705947498186556111e-01
2.861325250120859143e-01
2.523248068793315646e-01
2.540702821201475947e-01
2.578718104376993003e-01
2.817510638327025418e-01
2.959505603378531635e-01
2.376662890215673618e-01
2.404558623806999640e-01
2.526491550914870543e-01
2.354904138541586978e-01
2.572897326328968393e-01
2.845343179313613025e-01
2.617300033994332531e-01
2.962657635733277894e-01
2.541719875322476230e-01
2.172073190237579776e-01
2.661178801548679251e-01
2.884968907566382579e-01
2.682117866240388282e-01
2.448882948085071010e-01
2.388606620375796352e-01
2.247520988683479881e-01
2.292154706054927160e-01
2.152819444268424531e-01
2.506643401598318555e-01
2.361801773544885408e-01
2.601597914557939317e-01
2.774639038120091383e-01
2.245970952848315993e-01
2.399220207024521101e-01
2.532627414448381242e-01
2.488817933920848824e-01
2.823570438663037807e-01
2.904708386661733477e-01
2.554743136446637752e-01
2.653653007457704716e-01
2.563618105754995047e-01
2.565449944412045435e-01
2.458593066321217990e-01
2.495127228375996487e-01
2.486688095216474381e-01
2.503011329709854405e-01
2.725271402839671842e-01
2.688585471809346039e-01
2.676345380709493349e-01
2.716049230906057432e-01
2.433910172814372497e-01
2.505697819597566545e-01
2.409001687800724767e-01
2.602947476164684804e-01
2.635141887570838226e-01
2.531758861173346586e-01
2.519559094984447079e-01
2.660775694384291401e-01
2.814911488736125955e-01
2.680800826148967975e-01
2.640057571110576151e-01
2.470494947447517131e-01
2.391090237445207545e-01
2.560496974215354937e-01
2.559327846643941196e-01
2.807208690299793363e-01
2.932180377961151607e-01
2.457602984274294966e-01
2.488925588843391989e-01
2.268543197221478125e-01
2.488648232736012100e-01
2.621182912808192600e-01
2.972535466172255281e-01
3.017131712824616674e-01
2.758887574088841887e-01
3.157951168469130265e-01
2.501778516743541347e-01
2.702977186775195606e-01
2.591598547135587904e-01
2.574874160334258422e-01
2.603010115456154128e-01
2.498931041863917402e-01
2.474772345187248312e-01
2.264116138811835266e-01
2.387470049374678938e-01
2.636581162583839233e-01
2.498504139958362957e-01
2.450214416747443225e-01
2.390180389748464695e-01
2.686669619517815799e-01
2.881080735337473442e-01
2.399244582646007373e-01
2.724158292552671390e-01
2.604698547649018092e-01
2.389313373582674371e-01
2.646829049959650848e-01
2.689090284363030992e-01
2.647278852862575138e-01
2.629838983724901436e-01
2.504085324743445806e-01
2.270817600650582857e-01
2.429482631147649452e-01
2.667962624386363557e-01
2.343777765581049333e-01
2.183125847326550240e-01
2.212497862290646045e-01
2.172607071953590319e-01
2.522362469216026248e-01
2.534491272930349259e-01
2.410132302235012958e-01
2.532249204800392506e-01
2.511977350428319933e-01
2.344670252040919889e-01
2.522610860642399699e-01
2.547643874024055899e-01
2.176986603480068339e-01
2.367463629041602624e-01
2.281953743929740763e-01
2.606305987912534983e-01
2.288070607549118063e-01
2.420339554086502754e-01
2.609613909062856174e-01
2.632341332403838607e-01
2.431794398003237767e-01
2.265942728370662351e-01
2.357616774797813841e-01
2.284998669024545792e-01
2.814767641389935848e-01
2.575502205930583766e-01
2.603509276284243223e-01
2.977752293802038430e-01
2.722804258528435106e-01
2.618723156714803935e-01
2.866272819594237742e-01
2.599697447771497916e-01
2.684400201308348444e-01
2.765588488442893844e-01
2.319576731761844035e-01
2.546810164467341320e-01
2.529119524766433313e-01
2.519544817658637137e-01
2.537600875506585418e-01
2.325235871610265015e-01
2.558691205116113698e-01
2.497155219764817802e-01
2.485346923323036861e-01
2.333344110087439971e-01
2.266176186619214272e-01
2.246178879207093859e-01
2.557611983954984347e-01
2.461437110600271372e-01
2.661755331443367290e-01
2.908575366604531642e-01
2.505090682476858732e-01
2.683777770145357455e-01
2.983687599974146898e-01
2.718497298896789816e-01
3.103300295034878142e-01
2.804284007289880587e-01
2.668453040416997601e-01
2.637784907445007709e-01
2.467184963217511906e-01
2.987197164498250346e-01
2.455884800873564811e-01
2.607265111874637054e-01
2.592716012660934988e-01
2.460155504826415096e-01
2.558838246313624443e-01
2.748284137499253932e-01
2.803826556390286995e-01
2.729828470704557808e-01
2.766981036466433230e-01
2.756917575244021701e-01
2.660038910949607538e-01
2.679636192325419164e-01
2.382473917996673907e-01
2.633665883278086817e-01
2.479183309843807914e-01
2.570367014017488905e-01
2.493364658227367192e-01
2.522533830716082170e-01
2.397295684310320196e-01
2.623838339179478396e-01
2.858834957457089820e-01
2.749125165182478292e-01
3.105343754993585281e-01
2.449703117569094479e-01
2.672535677808015597e-01
2.484535299739858150e-01
2.323088366971210739e-01
2.700095281379435996e-01
2.548583720432808786e-01
2.367507857487001766e-01
2.606057916143124098e-01
2.614423678902294546e-01
2.387759589162727347e-01
2.622310116205538444e-01
2.732555867433067998e-01
2.640273719750869108e-01
2.659940642657022680e-01
2.665180788244241872e-01
2.396753039987493950e-01
2.551193220308199949e-01
2.868488991095775598e-01
2.618063948846263700e-01
2.611962596704449635e-01
2.661910828471075741e-01
2.572758104484865749e-01
2.392365344526595217e-01
2.713484453547072017e-01
2.625721799888292018e-01
2.547590765306605443e-01
2.525258082542310989e-01
2.540191626128682767e-01
2.371712709489663118e-01
2.260963917204361351e-01
2.535497503720955392e-01
2.619504372693797767e-01
2.740839385998275479e-01
2.771741110874192948e-01
2.324957220976411054e-01
2.779919980616794017e-01
2.644298942027852872e-01
2.988950884622437743e-01
2.755039553208417646e-01
2.538808489858173645e-01
2.680642417907254105e-01
2.603031933148284849e-01
2.770201373256627186e-01
2.954968164084225135e-01
2.704700970922783720e-01
2.593424948536262598e-01
2.544167905478254554e-01
2.594610653296604563e-01
2.227539917159400973e-01
2.508649349482034441e-01
2.717205213458535051e-01
2.593601199069340280e-01
2.776012269232794316e-01
2.369194467298702533e-01
2.926752239526661525e-01
2.734514060230451848e-01
2.865985743632240568e-01
2.477515533486390198e-01
2.705870555951003786e-01
2.412883096494694846e-01
2.240069552947820675e-01
2.397067176083235440e-01
2.490853404507384072e-01
2.438046602838339905e-01
2.480111495407731903e-01
2.266187075973747356e-01
2.273032609373951962e-01
2.309457838777448091e-01
2.220813122184004951e-01
2.354189378460138093e-01
2.530022951361488026e-01
2.612400539031968782e-01
2.344416159774102004e-01
2.248701524712324318e-01
2.446641231825680551e-01
2.526191435462762924e-01
2.576630731795317431e-01
2.690864228232782152e-01
2.534692007944739922e-01
2.778842054846081266e-01
2.697061220024259409e-01
2.524539639309533179e-01
2.405128883829770192e-01
2.378714907885941254e-01
2.556000288103965623e-01
2.675555221921458449e-01
3.004066220306280122e-01
3.038648576321655859e-01
2.848474328371577990e-01
2.613924398467438182e-01
2.572189842799585957e-01
2.813225891408676071e-01
2.525534757013516152e-01
2.515562190832653089e-01
2.650904328170133883e-01
2.436900715537550499e-01
2.605087514397120274e-01
2.467275164965360978e-01
2.451712525379989571e-01
2.356017098582082192e-01
2.408929792397954961e-01
2.538678072915555584e-01
2.774203790531030167e-01
2.441675320849536757e-01
2.517593187240992347e-01
3.011321181126866420e-01
2.463666139512611375e-01
2.654060733709387443e-01
2.746785718667004161e-01
2.693738405367354094e-01
2.537347160956329173e-01
2.710792675746370728e-01
2.656273550562576746e-01
2.674326550562815541e-01
2.966179718523841990e-01
2.611672332254896811e-01
2.462232333300842235e-01
2.467166803386600660e-01
2.211286418941026122e-01
2.426941543094916498e-01
2.593069712246638958e-01
2.611298480795309906e-01
2.249472908933777826e-01
2.437963942260220618e-01
2.449092067181311283e-01
2.945712798273862343e-01
3.033642633275805967e-01
2.460771695730817055e-01
2.517496963104629004e-01
2.750484058477667970e-01
2.248257565252469170e-01
2.654398433171689664e-01
2.375998612086788198e-01
2.783279210682164106e-01
2.408404861637606087e-01
2.853867404194022628e-01
2.652270263906205128e-01
2.686184354754750370e-01
2.477194462643495798e-01
2.589914076605874804e-01
2.853290645696028860e-01
2.643095902763377691e-01
2.736247977312808999e-01
2.671727771091782500e-01
2.560569666503095254e-01
2.499838716715157838e-01
2.572557236250660462e-01
2.478159279833056228e-01
2.598086434707756465e-01
3.464766914053812319e-01
2.895404867881640754e-01
2.874613362164888386e-01
2.516267480808871415e-01
2.806372541367465057e-01
2.854812559227939417e-01
2.572547068258163039e-01
2.519789580956754982e-01
2.299866438614031339e-01
2.460387975314652642e-01
2.585228619931746463e-01
2.216140234697799027e-01
2.519823167550148679e-01
2.730013363939966520e-01
2.692445788205098389e-01
2.727582397122062519e-01
2.504516538069876952e-01
2.974462378688426667e-01
2.794232452426119728e-01
2.778005213879826130e-01
2.699615867244556933e-01
2.670419807720003647e-01
2.756108255238510774e-01
2.710479703867599288e-01
2.309016340760638719e-01
2.367863441092500076e-01
2.446791497438091101e-01
2.454330482466115237e-01
2.641281820826088533e-01
2.642939680886650655e-01
2.934098799512830369e-01
2.567473495493657887e-01
2.870795832045269780e-01
2.884493339605064821e-01
3.171468705060843107e-01
3.366406381233470468e-01
3.096329825085287757e-01
2.729606431739833305e-01
3.243005838641756511e-01
3.845534619649139674e-01
3.614737683525807710e-01
3.486386650435062129e-01
3.030731080861703286e-01
2.763729473757505772e-01
2.944118773213728057e-01
3.061433147219850270e-01
3.329280272973211274e-01
3.094622370790749422e-01
2.881062283874527008e-01
2.913937938156481722e-01
2.817607097579005182e-01
2.804483887700389144e-01
2.572323943769456722e-01
2.853863770109287823e-01
3.519682091322972606e-01
2.532845585022148738e-01
2.579081666333311595e-01
2.847067000174729468e-01
2.805935097915385201e-01
2.601389435188365407e-01
2.801584606683935053e-01
2.678164452298365528e-01
2.447210104376075501e-01
2.648102811002031043e-01
2.719343746135589046e-01
2.603344571307262822e-01
2.762327182574626505e-01
2.752330338452950165e-01
2.775013569793599588e-01
2.329581010170592159e-01
2.486342160519367239e-01
2.394897691991015320e-01
2.478637042160435067e-01
2.405852623525608913e-01
2.589730919841422008e-01
2.753406673003691574e-01
2.753232241917606404e-01
2.440262374143725155e-01
2.644690311069454181e-01
2.596940151093531934e-01
2.526830368451201680e-01
2.291718024839884960e-01
2.494147989027600265e-01
2.351502846886344977e-01
2.452582904307060163e-01
2.664857853770952190e-01
2.446858659595456120e-01
2.574246996279243582e-01
2.913129574535390232e-01
2.516339032069319082e-01
2.885962205870031827e-01
2.439113209871158761e-01
2.310435642476078300e-01
2.412706790470037777e-01
2.146295114387707648e-01
2.331960407013637659e-01
2.498503585682155803e-01
2.289909555342624914e-01
2.487255303915995308e-01
2.819683187343227648e-01
2.732422829786635421e-01
2.636324730995900367e-01
2.982572819412566134e-01
2.880368997135059339e-01
2.607699329249522635e-01
2.958750728097199745e-01
2.604959492594972614e-01
2.904567428478586621e-01
2.843930420214823007e-01
2.816907413488293765e-01
2.651464165615394220e-01
2.385868238710882605e-01
2.370599339421508578e-01
2.872821147742833370e-01
2.828840372743806619e-01
2.700309907485836103e-01
2.607151038481995697e-01
2.114473458952910445e-01
2.233626867236005453e-01
2.236329734443219530e-01
2.230573327650753612e-01
2.462762884060747948e-01
2.580753949038652739e-01
2.714069201992111435e-01
2.417541357776298583e-01
2.226969826498928773e-01
2.437815327254571895e-01
2.642489119950975351e-01
2.368664689064900741e-01
2.277064209128419614e-01
2.433807729281568522e-01
2.666438296068665004e-01
2.739775363754802240e-01
2.584108717865917781e-01
2.731705108138898774e-01
2.661961378031747483e-01
2.487429854992878053e-01
2.565526636200188282e-01
2.284077347272743530e-01
2.439699875945157415e-01
2.433601781159267785e-01
2.415794399043769691e-01
2.567996891684720673e-01
2.796607064368679119e-01
3.120682966587594587e-01
2.782215597344367963e-01
2.825068804257403476e-01
2.898552874446175820e-01
2.749616317278492650e-01
2.845827864806210750e-01
2.507821960928867666e-01
2.491430370174882725e-01
2.485501728536650967e-01
2.390402152729863283e-01
2.350497781333729941e-01
2.409609865965443021e-01
2.712083767471701878e-01
2.417035410475873725e-01
2.666465809497632899e-01
2.865428960668506275e-01
2.829561947044774151e-01
2.757635453645698731e-01
2.476681217059917006e-01
3.103010712292159079e-01
2.953080059548283676e-01
2.640779944007747293e-01
2.797619782969893998e-01
2.651705056206178912e-01
2.559428354216593537e-01
2.341418048255684559e-01
2.179648172064375111e-01
2.168796748588808776e-01
2.592065162950452639e-01
2.664214197290981634e-01
2.964193069193189478e-01
3.056742224167908750e-01
2.839397737246183162e-01
3.211964724887941269e-01
2.882191063453179991e-01
3.340877453416191689e-01
2.873877729549035309e-01
3.221984840077266599e-01
2.855172996964288612e-01
2.898426795742424789e-01
2.677394170230584236e-01
2.727776055006916334e-01
2.804343141333836553e-01
2.988832964138850579e-01
2.602674704006073814e-01
3.153737819848371760e-01
2.817103749233258458e-01
2.734679045153666221e-01
2.505196926056685314e-01
2.692717358141143436e-01
2.855853665617787973e-01
2.492069854286160790e-01
2.738100489208660782e-01
2.272194387222262191e-01
2.342734905399404266e-01
2.640620975892326028e-01
2.499464316463111402e-01
2.229931930773896565e-01
2.618628906605213191e-01
2.842768265646821169e-01
3.082773358672391550e-01
2.471494267901959418e-01
2.780172264604827137e-01
3.047059543449630592e-01
3.091049365336926424e-01
3.011814606668388739e-01
3.278741506154161933e-01
2.959614703319959350e-01
2.795288837395832893e-01
2.845792128596137394e-01
2.999979838822462996e-01
2.615097411306819275e-01
2.502207275772586614e-01
2.901891298417800247e-01
2.894168875121800877e-01
2.590629217271824269e-01
2.796600368425758987e-01
3.124108690700148072e-01
2.953978010775227814e-01
2.521413709581213358e-01
2.342459536702934386e-01
2.596040961169118755e-01
2.598218686548044443e-01
2.780852880844346675e-01
2.840319393451382068e-01
2.661684597495438398e-01
2.793494053177635883e-01
2.620148034489933608e-01
2.488359195721317474e-01
2.491546848673458492e-01
2.633784481591035509e-01
2.350609956826802405e-01
2.400983792515955784e-01
2.827756739743206849e-01
2.220639792241731469e-01
2.492410825759809045e-01
2.693365726066468402e-01
2.577864311253223462e-01
2.641882506153483967e-01
2.557120126776722402e-01
2.331936124059270088e-01
2.481762669368066665e-01
2.550994429730341073e-01
2.317320517460563500e-01
2.311182590790553659e-01
2.517952585058524928e-01
2.302344961055058092e-01
2.037810218965863673e-01
2.141722447089595138e-01
2.164380240678129008e-01
2.163205273795643369e-01
2.180668711852448149e-01
2.412745138230698028e-01
2.449045734433561439e-01
2.478402844192413579e-01
2.563490778402425785e-01
2.776838102230782535e-01
3.032537200592259063e-01
2.586714172436947456e-01
2.444149829074227787e-01
2.388955765955766419e-01
2.495040509372221937e-01
2.705259304717229640e-01
2.785629183088876304e-01
2.375617024049532233e-01
2.486701542180140001e-01
2.673401154000166202e-01
2.622034399457752740e-01
2.421930890542579040e-01
2.692346783111303488e-01
2.763710273526314154e-01
2.401772236816044348e-01
2.748855886732116671e-01
2.333235048133695810e-01
2.424862410586005879e-01
2.375310112114944194e-01
2.433531272429245162e-01
2.336082084391314095e-01
2.175547610530978171e-01
2.257460980786965832e-01
2.476762033886480419e-01
2.521823580140181154e-01
2.442709928330037972e-01
2.475532449900998966e-01
2.651779273582269836e-01
2.619809129579068196e-01
2.510953307094427878e-01
2.492583082194284039e-01
2.424482260658497035e-01
2.496989324347487771e-01
2.474330137626839232e-01
2.418059362660104072e-01
2.745076650643583083e-01
2.262067966564283439e-01
3.382055243219506679e-01
2.776124494377844032e-01
2.520667241457162921e-01
2.264495358808549241e-01
2.493798402672896541e-01
2.606322794699459378e-01
2.466742430293980270e-01
2.595440245308237581e-01
2.576897919804788661e-01
2.741489805476722830e-01
2.899850413136931815e-01
2.666246096557260414e-01
2.746510482465453484e-01
2.702523588412219513e-01
2.823566719169113282e-01
2.416921593962994275e-01
2.430256128173072239e-01
2.724055377509067011e-01
2.525452893928806786e-01
2.326338262775981547e-01
2.162013530301959419e-01
2.452636949190575288e-01
2.199066241731373050e-01
2.393940185949559596e-01
2.555349282905345354e-01
2.225967919615037816e-01
2.274479010690404479e-01
2.398818414203761629e-01
2.508552265063313524e-01
2.718410652282062245e-01
2.563584425551329038e-01
2.856535193054877686e-01
2.306733791259958088e-01
2.295440937872784415e-01
2.236203643642936667e-01
2.753181949031050513e-01
2.730115821196447690e-01
2.574631024388954192e-01
2.710583720287426113e-01
2.480009031437743205e-01
2.478505484282673976e-01
2.315358906411883744e-01
2.615316733387470505e-01
2.574631015780419752e-01
2.720006901731716331e-01
2.502890175872612422e-01
2.373653464984326611e-01
3.036960925738283468e-01
2.545093412239599617e-01
2.242553213266303969e-01
2.276268352097641223e-01
2.247158513422484183e-01
2.425569492713255115e-01
2.237289773609305310e-01
2.315619170222083523e-01
2.279887099136083395e-01
2.593581519808927371e-01
2.774052491037995449e-01
2.204938921278614683e-01
2.315233428904044377e-01
2.558933536383899976e-01
2.363314495152650796e-01
2.352678928268999992e-01
2.431222791156390228e-01
2.636103853098623051e-01
2.497061967108158420e-01
2.422610728069097830e-01
2.403128572237864524e-01
2.609013877982436780e-01
2.753204292588955493e-01
2.479188106910785172e-01
2.459960125261339559e-01
2.901369893258740063e-01
2.554635311176772228e-01
2.474245017279729508e-01
2.714658693598984707e-01
2.914126498893030437e-01
2.372381569151805203e-01
2.509503115287523567e-01
2.470959624469631910e-01
2.580035122538739678e-01
2.543961973541962740e-01
2.446556773436189824e-01
2.627588372104837644e-01
2.421267999515669400e-01
2.457039712936552045e-01
2.378619183708075013e-01
2.933274601635886270e-01
2.660422309168213317e-01
2.640160339647980581e-01
2.393746693667613001e-01
2.214002226962075992e-01
2.243571003521975804e-01
2.315911080103211228e-01
2.607217850258125580e-01
2.559772277200533797e-01
2.349905113467373741e-01
2.183825897824797357e-01
2.503781071536972935e-01
2.718915328203091453e-01
2.718192225608468404e-01
2.400890944728431842e-01
2.379591177362773702e-01
2.560776700803272243e-01
2.739031745587706124e-01
2.837936662944106070e-01
2.427111937987204426e-01
2.386524883064847502e-01
3.076564319364342714e-01
3.045196537423343064e-01
3.022376964415742773e-01
2.769155627679623644e-01
2.716917798106259774e-01
2.846576164760989958e-01
2.899979006089279943e-01
2.633671331910648061e-01
2.704806906782336040e-01
2.725698866725466685e-01
2.772901278089871524e-01
2.852912789723470732e-01
2.616113158848491493e-01
2.653455992300517985e-01
2.626130259522110877e-01
2.456850955942772030e-01
2.800777683825157460e-01
2.425471072465293643e-01
2.402718353846936550e-01
2.488253361181840817e-01
2.385841538892500002e-01
2.578700078825454378e-01
2.556040323207384724e-01
2.361716609307670522e-01
2.801279499930614536e-01
2.738474527393721658e-01
2.477996671874703738e-01
2.719209974116555406e-01
2.574430229876047416e-01
2.679393521437222203e-01
2.504857216985852952e-01
2.419688018014243547e-01
2.800503139668701902e-01
2.369867367390292856e-01
2.427702445916902485e-01
2.309645026100276832e-01
2.394474989292925682e-01
2.447171698200657219e-01
2.315573920385123607e-01
2.672396272381616367e-01
2.686033087488323701e-01
2.625343863922107723e-01
2.345040235240798132e-01
2.426792545443663407e-01
2.807902204489198250e-01
2.568666998623101994e-01
2.558284625920744793e-01
2.436135767588429590e-01
2.400093081860306399e-01
2.753412191807428910e-01
2.692822403455694125e-01
2.858317170115842187e-01
2.662563310363493807e-01
2.851500110965404233e-01
2.974393245099621885e-01
2.608235135439044283e-01
2.555989989366780901e-01
2.567053762883664825e-01
2.239495445577520671e-01
2.692729858562880607e-01
2.688986417258179551e-01
2.827332540779735615e-01
3.014251420630101874e-01
2.823351887713953512e-01
2.616333330230896648e-01
2.364900304162069755e-01
2.299416057742273978e-01
2.431554486075954979e-01
2.604551495455191268e-01
2.440019505474201600e-01
2.725794304079570129e-01
2.861424798879264597e-01
2.688562446188497157e-01
2.542242178496497695e-01
2.585824729891940676e-01
2.897336387292672732e-01
2.897806919089515043e-01
2.740464833567001213e-01
2.832062748265906649e-01
2.935092563459563153e-01
2.804485048126229008e-01
2.702827195275534500e-01
2.905893534899287034e-01
2.726582744908828682e-01
2.391870098581895532e-01
2.866018340935204134e-01
2.763286736967125456e-01
2.607035476934040363e-01
2.850809203222645638e-01
2.433736572213881788e-01
2.678454054757343772e-01
2.598404497180494821e-01
2.655525858327925648e-01
2.421985538605214983e-01
2.482400453895742265e-01
2.487438973870481906e-01
2.739725885190161248e-01
3.023885543803431775e-01
2.796784568315153208e-01
2.785548270309249341e-01
2.338899857671905280e-01
2.842373166214096081e-01
2.879929260046566464e-01
2.413555337685042435e-01
2.405101499440338575e-01
2.318981907041381130e-01
2.514077106711390952e-01
2.366332505112686002e-01
2.502659734583542739e-01
2.399135844715897803e-01
2.779676535127902359e-01
2.398978311225591631e-01
2.619412956553512362e-01
2.519236833514510998e-01
2.817844004866720264e-01
2.629966459334359685e-01
2.396980464397084343e-01
2.074262297241823150e-01
2.425348973175728839e-01
2.598291808936494807e-01
2.491250851716255155e-01
2.193238389715126135e-01
2.414441250919299176e-01
2.572414942228341550e-01
2.209334287043580314e-01
2.363484433554234321e-01
2.704182356455508418e-01
2.419480441386714920e-01
3.001933699647862941e-01
2.858576896588955196e-01
2.794747427443499688e-01
2.470061474184385986e-01
2.579738175265089972e-01
2.220529668120935773e-01
2.604740183767774719e-01
2.857844836967374236e-01
2.602119169348134919e-01
2.690791100607428099e-01
2.948670246312463661e-01
2.283081670141877684e-01
2.359060487254626970e-01
2.617791581279397262e-01
2.479624220528398593e-01
2.383760863814227970e-01
2.314892671024537107e-01
2.506765556471844403e-01
2.838074492602277732e-01
2.736186949888069209e-01
2.676610740662806465e-01
2.336218389628883785e-01
2.656208793066378582e-01
2.574301004484332300e-01
2.758420633964891455e-01
2.208148391748087080e-01
2.542972803775335744e-01
2.475023613767589614e-01
2.365528105721544094e-01
2.562762381528260747e-01
2.322219192088095518e-01
2.462145898092397700e-01
2.683165348706719189e-01
2.361064736336174474e-01
2.806163539821318609e-01
2.658868586046166382e-01
2.295616707714588645e-01
2.466312217222456082e-01
2.557064886784961577e-01
2.573605660406389495e-01
2.542489402323548919e-01
2.517966326092252460e-01
2.654656925554566560e-01
2.955798801874967574e-01
2.833391590792197490e-01
2.689606810179157592e-01
2.708345552610345042e-01
2.600178482393504242e-01
2.639894823092327480e-01
2.605958541506932513e-01
2.520803042687509987e-01
2.484492501238617090e-01
2.457167402091706421e-01
2.379036738142180640e-01
2.270477825205924893e-01
2.545246682515989733e-01
2.297312549995590147e-01
2.656321410864316834e-01
2.863839443676511332e-01
2.687715975501433485e-01
2.572935800875471024e-01
2.724553452169914403e-01
2.462682311684104841e-01
2.345054431538715900e-01
2.369435373371522602e-01
2.377300787681242700e-01
2.508452482103472603e-01
2.764029289857783955e-01
2.691891876692271701e-01
2.640305148351276832e-01
3.092440013974372404e-01
2.650575471084002377e-01
2.235782090323669702e-01
2.367536806767540636e-01
2.661808390712358530e-01
2.424614908651234191e-01
2.451349178396022011e-01
2.339885641447880804e-01
2.533065526009426471e-01
2.794876942764205618e-01
2.677704746449058315e-01
2.489475145517294208e-01
2.844911362952147749e-01
2.676221412164370705e-01
2.561081992240638039e-01
2.767804639944143053e-01
2.398790394759000300e-01
2.772014333901463012e-01
2.694375882191535898e-01
2.574424782950762158e-01
2.304703265578594840e-01
2.476217472833948385e-01
2.478809197218592164e-01
2.508843814407951123e-01
3.144700661000410791e-01
2.404832086127753343e-01
2.856625151342372937e-01
2.257737871534869212e-01
2.520604021412232165e-01
2.734331814239692182e-01
2.769768609609633003e-01
3.167537102956997641e-01
2.892120008981436396e-01
3.252072572605849698e-01
2.760864844946808727e-01
3.049882793188571917e-01
2.943453041065364206e-01
2.699003475366197891e-01
2.816483872770426666e-01
3.228402632374640091e-01
2.575685288557817421e-01
2.526204925796104450e-01
2.850005687488123551e-01
2.782392588736689598e-01
2.638378930963481417e-01
2.745030055397295055e-01
2.582273711187618725e-01
2.344925689118901591e-01
2.386354727734575354e-01
2.678785386956185621e-01
2.687526161181882922e-01
2.572165724258902997e-01
2.181910896222116480e-01
2.589571283740728647e-01
2.316557749174175673e-01
2.133191500825157572e-01
2.450754736124525768e-01
2.429312047880474723e-01
2.325293514923308935e-01
2.584770648902352530e-01
2.440409367114730055e-01
2.555399604950489012e-01
2.442269548249169642e-01
2.420636950679563304e-01
2.699651918565642017e-01
3.031265754378849042e-01
2.684646982035993057e-01
2.774898146850620639e-01
2.589916065629401798e-01
2.321237073121534822e-01
2.705930968865850050e-01
2.311810161483447701e-01
2.437262845874744177e-01
