2.422472749798248448e-01
2.635865230796280434e-01
2.814455185047498031e-01
2.727156950502961918e-01
3.170660174448438062e-01
2.877669269066181479e-01
3.126678953934841076e-01
3.045706068115939247e-01
3.036101913042750233e-01
2.845482599573394000e-01
2.804836197707465950e-01
2.635909727195522856e-01
2.333414062408417367e-01
2.873698404309443233e-01
2.452866147722816692e-01
2.589447053754435624e-01
2.441725337675555996e-01
2.610882429317905040e-01
2.678707830982773319e-01
2.731169152492421981e-01
2.454510593444572397e-01
2.573317227499351545e-01
2.781558424420438325e-01
2.580311759820426154e-01
2.580577304823599150e-01
2.847935654340291167e-01
2.571569912137059433e-01
2.625785854547085241e-01
2.812027348990431830e-01
2.558667703873951371e-01
2.906588216726592733e-01
2.907486550218121302e-01
2.893302175503013052e-01
3.374104405863281309e-01
3.619668303574052892e-01
2.807142461564052782e-01
2.680364329488928443e-01
2.743513557636088618e-01
2.348034788256994077e-01
2.507494340962530543e-01
2.533088542629526319e-01
2.643087879037808730e-01
2.635463547377042137e-01
2.648406723261076401e-01
2.295893036049476976e-01
2.303232777364936368e-01
2.603230436320799757e-01
2.330585475688708719e-01
2.607135907668533537e-01
2.354391195675381854e-01
2.322732816206367901e-01
2.888619984305293986e-01
2.972161966481359219e-01
2.549089754274011521e-01
2.699574770830979187e-01
2.765274722045129585e-01
2.527168306940014708e-01
2.535155298406997493e-01
2.873769251471720021e-01
2.613242343743947815e-01
2.704096323918090961e-01
2.483287737711417920e-01
2.352791999927973943e-01
2.865473603422010740e-01
2.653859417483639960e-01
2.478293241394379232e-01
2.966933464086687899e-01
2.803052265648335317e-01
2.910782824556613080e-01
3.081835724468555693e-01
2.529618346598611067e-01
2.462803341155852532e-01
2.745785470490345048e-01
2.571420991671757861e-01
2.627771337404253282e-01
2.533381420491541136e-01
2.626256361373822124e-01
2.363379044012894892e-01
2.445835296620731958e-01
2.236055090951771240e-01
2.651360195879400306e-01
2.698678018245078691e-01
2.274807637383522430e-01
2.407190962104093501e-01
2.448830355251327417e-01
2.624932563825815857e-01
2.332388209419267999e-01
2.777420099414779631e-01
2.601852455940319997e-01
2.401428147218920839e-01
2.456573079501841728e-01
2.395909474924420024e-01
2.505181410821914478e-01
2.417453346403532211e-01
2.735400934845090837e-01
2.735520600992583651e-01
2.556197702668275840e-01
2.450036280898027219e-01
2.690108624116390734e-01
2.466162028852988408e-01
2.112973207711761059e-01
2.222653044711569992e-01
2.629253581904861803e-01
2.615469586321433337e-01
2.879048253629456489e-01
2.392629018575361532e-01
2.386914585499715913e-01
2.367252760127772360e-01
2.267248041194322161e-01
2.868405921065855235e-01
2.893208853909261524e-01
2.780409872547542904e-01
3.245115774437414280e-01
2.812935875443215994e-01
2.687084901033864326e-01
2.795021071912212052e-01
3.016017591960127309e-01
2.617347034908525938e-01
2.746007972952538845e-01
2.748816901469064988e-01
2.501270400875598710e-01
2.395340852050015790e-01
2.959021655168161957e-01
2.681327523334427476e-01
3.015330272561710934e-01
2.862680115767110567e-01
2.746798612784283056e-01
3.190893059682451405e-01
2.706486190371196754e-01
2.770175599095477392e-01
2.742943775491548664e-01
2.358191361041521994e-01
2.287387669687800107e-01
2.612764405813026158e-01
2.487654169926956371e-01
2.776402038000134742e-01
2.596403201526590321e-01
2.281728892160577449e-01
2.442212607250789924e-01
2.650866887636617042e-01
2.701492722837005034e-01
2.562986563162107934e-01
2.300482121145847880e-01
2.700296007423797495e-01
2.849219254600149909e-01
2.639974913761723996e-01
2.549350216229805399e-01
2.760262604488787352e-01
2.645551990641828444e-01
2.423469047056688586e-01
2.837755604165524970e-01
2.859275230365223575e-01
2.995785146961743584e-01
2.541936741587503823e-01
2.776645366770846279e-01
2.897421344078323635e-01
2.565345010265635550e-01
2.982233524531622271e-01
2.813997082400518379e-01
2.444953882393740840e-01
2.600101662392731994e-01
2.322209224003711769e-01
2.377429414206937985e-01
2.623402175025545402e-01
2.339090844181752338e-01
2.355431507238331945e-01
2.522299746055849390e-01
2.786923135097851834e-01
2.656486087784283856e-01
2.744711588542398384e-01
2.690879542843369610e-01
2.380815281767703906e-01
3.063768877020011661e-01
2.896090746767610025e-01
3.175830818842323433e-01
2.711816251000426226e-01
3.198190436026980277e-01
2.972461286401325009e-01
2.654102272949555585e-01
2.408480572940159270e-01
2.736055963491005882e-01
2.410728940799383435e-01
2.649716884621596824e-01
2.641011424376765726e-01
3.074328249204472119e-01
2.639655032229168974e-01
2.529612132209054232e-01
2.721169684942968958e-01
2.562852836461927408e-01
2.771397540470069143e-01
2.446596937914556347e-01
2.664038737909775745e-01
3.189311128823255626e-01
2.816067084230327588e-01
2.976353183255673884e-01
2.808503605752313836e-01
3.532517444403329709e-01
3.231916055523187392e-01
3.308916791411913305e-01
3.183398389820898400e-01
3.469856958539970782e-01
3.058564920216713112e-01
3.583103063856390436e-01
2.735046317488452061e-01
2.458346434268663672e-01
2.569401275071604984e-01
2.330661277652168462e-01
2.447805508693412235e-01
2.494550360167180070e-01
2.770092959205794347e-01
2.789020266790989133e-01
2.500109294846938335e-01
2.700291365179028347e-01
2.279334120783924333e-01
2.286905792260676973e-01
2.683159692252017892e-01
2.846797939601968808e-01
2.698712364309891476e-01
2.808730142756076797e-01
2.592529665083622148e-01
2.766806952489983540e-01
2.487779934405670579e-01
2.669039765589751312e-01
2.550960122393249319e-01
2.406010105097751983e-01
2.791072335901683688e-01
2.692247624480601509e-01
2.525262508851355836e-01
2.678315643086185971e-01
2.520972904925484759e-01
2.932902991432511097e-01
2.684583212507119510e-01
3.095742643498315960e-01
2.589355316782959160e-01
2.721077615003330563e-01
3.116499065563430038e-01
2.849418225846045982e-01
2.773097941397155708e-01
2.660288857603231860e-01
2.831823918563609044e-01
2.998655629096144137e-01
2.588482168462428734e-01
2.614918113816356859e-01
2.410552960510424780e-01
2.813487128121602843e-01
3.104609069906265062e-01
2.785046341321599228e-01
2.515832022982211202e-01
2.738647253760558842e-01
2.718721486956415800e-01
2.597007179664683196e-01
2.712019665928431800e-01
2.666345757638813319e-01
2.667358278130133042e-01
2.573588597946874779e-01
2.763941452457235881e-01
3.074545036492280503e-01
2.623491075432371478e-01
2.378032238812888277e-01
2.370818276310299733e-01
2.368333834727754383e-01
2.567275975058431747e-01
3.014811320097665059e-01
2.844229345508658691e-01
2.562079374006605570e-01
2.351590486927409851e-01
2.347379505760674723e-01
2.963676340672327658e-01
2.692022649160755732e-01
2.637724999912997581e-01
2.518028533140407865e-01
2.378170858533929233e-01
2.508691827691984511e-01
2.629552352468287890e-01
2.680305444247096380e-01
3.107105071441506605e-01
3.205043933178687854e-01
2.656808604910030902e-01
2.896305837767513269e-01
2.447801802644356817e-01
2.365058544585455780e-01
2.474617219469288643e-01
2.459195954755321323e-01
2.711936657115673333e-01
2.453758739869256744e-01
2.630338906791495068e-01
2.745926515555780489e-01
2.898982538838969503e-01
2.836425699691214608e-01
2.746877493086841704e-01
3.128087976916071322e-01
2.856635822404651193e-01
3.248460870710824788e-01
3.014797503107845555e-01
2.895423761933947904e-01
2.749973785548676664e-01
2.463113886244135964e-01
2.389697265496940615e-01
2.357310381416351242e-01
2.287576714349322526e-01
2.638454131252764290e-01
2.347662778921795201e-01
2.659292477684529477e-01
2.526360728978511161e-01
2.547480770375338266e-01
2.343859322303839532e-01
2.363654465565850904e-01
2.537346701516607905e-01
2.317938685365892870e-01
2.360023012452339974e-01
2.468247779824269128e-01
2.335322493381271902e-01
2.661143381487637849e-01
2.487939266609559275e-01
2.282280507972132555e-01
2.215622286154056153e-01
2.290186934019329823e-01
2.750247494507010448e-01
2.627485164521615735e-01
2.815635160805052828e-01
2.330227175734494172e-01
2.540441140012828503e-01
2.723335811875579049e-01
2.654098108362687447e-01
2.373206677533759579e-01
2.320762942329442358e-01
2.767483824181629082e-01
3.041093822387753165e-01
2.931642493150880546e-01
2.769003054818934273e-01
2.853017025974818877e-01
3.317173342510945644e-01
3.362324224119836447e-01
3.207673946597579540e-01
3.261708151413286738e-01
2.811511693656385535e-01
3.041111930709753941e-01
3.218134985216079547e-01
3.286641600475488922e-01
2.900201808575587625e-01
3.344673960594751194e-01
2.739253066216618682e-01
3.176467486612312152e-01
2.981349979521304427e-01
2.789967098100223919e-01
2.441776412256288498e-01
2.702037642716242360e-01
2.978512372977402678e-01
2.671099812825757369e-01
2.698482803944058372e-01
3.069933964005049365e-01
2.352257098753811893e-01
2.588524382923626521e-01
2.500258754417206686e-01
2.560865409846353469e-01
2.782900535896395966e-01
2.820929082984734992e-01
2.665082991195421025e-01
2.780448502435347580e-01
2.603958057016725336e-01
2.809875488455251813e-01
2.877541810548182588e-01
2.650316482341655289e-01
2.898420067952011125e-01
2.979652270977645179e-01
2.850475414679485286e-01
2.711494601566001861e-01
2.724881173514034916e-01
2.555736884099439332e-01
2.464995055315629402e-01
2.629395215756040738e-01
2.746730092032673154e-01
2.557371336972799614e-01
2.736374642462557905e-01
2.562054335887729573e-01
2.720540895276225002e-01
2.725406742650307024e-01
2.522703565485109323e-01
2.532001331106252251e-01
2.555306477472568671e-01
2.611290481923460027e-01
2.567562644121975657e-01
2.797787494113418427e-01
2.855661022568417584e-01
2.870157981850312012e-01
2.445925534379082555e-01
2.337314293320036929e-01
2.651751108336080631e-01
2.577594761237988474e-01
2.549738012972790346e-01
2.556896456666642448e-01
2.443019937766156280e-01
2.513290202778343807e-01
2.325665595924383822e-01
2.737006215237783868e-01
2.662088028624894909e-01
2.716154259886953137e-01
2.748664827734506044e-01
2.703103783643311386e-01
2.635163520438876250e-01
3.181752941059102779e-01
2.676469997371934695e-01
3.112154568537742749e-01
3.003037989917276551e-01
2.810379770695109469e-01
2.312218096701912640e-01
2.567387481982486008e-01
2.998337939451999334e-01
2.478922085069267256e-01
2.825329739254902606e-01
2.705489705107385068e-01
2.827817055196475415e-01
2.477100684700259681e-01
2.462503673027956197e-01
2.165492038738640324e-01
2.276154584336104458e-01
2.150555132506413725e-01
2.382944332945075294e-01
2.648753359872101365e-01
2.511109154937050669e-01
2.451312764898268548e-01
2.741780152755706190e-01
2.388851642309038348e-01
2.489725506992393200e-01
2.454264966136129322e-01
2.269787928589379888e-01
2.205327150555931592e-01
2.813558373681609992e-01
2.703874655507164659e-01
2.520375924527797351e-01
3.081396620658584107e-01
2.713474358926667440e-01
2.986122932802743879e-01
2.723931000123895330e-01
2.636974395204121357e-01
2.438592099245733558e-01
2.664301509900801612e-01
2.754396720843743096e-01
2.831628163124805253e-01
2.644360926038017978e-01
2.699785696030849169e-01
2.749691558063754315e-01
2.441007481062470175e-01
2.462158484364475597e-01
2.931215986894683545e-01
2.724578104386881638e-01
2.783664297149170963e-01
2.598575657010459561e-01
3.067063512587063778e-01
2.487030686427832149e-01
2.926662021848561168e-01
2.475985669452037963e-01
2.245995861201547650e-01
2.434583049881713368e-01
2.376835588626880491e-01
2.490811886051516322e-01
2.298151340717111690e-01
2.216322222188957802e-01
2.310966301180673033e-01
2.376081378168965197e-01
2.657663760068914027e-01
2.457113598684625699e-01
2.818985562574894410e-01
2.852219590673486516e-01
2.575193036140775438e-01
2.114826373894727052e-01
2.404165978993145769e-01
2.595124997388779109e-01
2.749884845134235589e-01
2.588745995998495419e-01
2.858169806208552544e-01
3.170404404085001016e-01
2.825604105713171998e-01
2.706003001190678270e-01
2.352892698532907667e-01
2.502351821647645913e-01
2.901866568437377891e-01
2.732351038468048832e-01
2.399179587760070786e-01
2.359954532610357703e-01
2.581977471678641445e-01
2.900344996912854190e-01
2.662168662074035907e-01
2.590894171443579030e-01
2.367795656759019429e-01
2.848162273924774723e-01
2.759770280416203869e-01
2.517765509528228085e-01
2.911647380453520340e-01
2.479040995700397820e-01
2.141779635933022397e-01
2.487616023342695548e-01
2.348670573491324076e-01
2.389903214354168470e-01
2.737022022806611110e-01
2.899222423891938960e-01
2.901261289033192914e-01
2.818512859560524664e-01
2.837322025500692568e-01
3.180430473628608201e-01
2.503155161868318990e-01
2.571517419800632420e-01
2.681364579244349122e-01
2.673718230326440626e-01
2.761145001385291176e-01
2.881220890567235404e-01
3.003496579065191852e-01
3.233247369931619986e-01
2.789758946961864439e-01
2.813292434832186939e-01
2.905791104163183980e-01
2.711463772059732880e-01
3.042633007217016572e-01
2.679490717033846114e-01
3.235685920945794436e-01
2.872004148149046587e-01
3.037108815290774366e-01
2.703560449898431139e-01
2.721992750540390693e-01
2.677652374139057878e-01
2.960356361257047153e-01
3.037209321639033344e-01
2.882671333954144877e-01
3.199224463090317161e-01
2.995348181051925573e-01
2.582905002886258239e-01
2.905713069721899688e-01
2.668828912061280700e-01
2.345203885430400814e-01
2.896278248236415775e-01
2.943660947630968860e-01
2.661384327188337506e-01
2.859663553345008769e-01
2.758041882956437374e-01
2.419156980268767076e-01
2.770271884247227367e-01
2.689497553225645432e-01
2.485263258800739783e-01
2.996623266409599307e-01
2.731622936167197313e-01
2.800845274826541109e-01
2.843464955769845481e-01
2.912784908115060856e-01
2.692383119900506605e-01
3.121466458130479626e-01
2.594513500229329028e-01
2.958365695883786173e-01
2.743491286629641812e-01
2.735820572005360218e-01
2.548333692804736206e-01
2.369219371016992870e-01
2.347997747531660184e-01
2.488088671504818106e-01
2.587771768755267043e-01
2.681750141286003974e-01
2.388547015081370906e-01
2.421700873374898755e-01
2.638448664306140556e-01
2.375132862992035965e-01
2.581971348227328211e-01
2.388998764459809299e-01
2.352883374273308514e-01
2.622662541818751025e-01
2.571288430985587681e-01
2.557065128966771739e-01
2.329757557908138099e-01
2.579680186521182139e-01
2.430052596756304972e-01
2.461910197066329298e-01
2.595772853586923445e-01
2.703375998311096651e-01
2.630377723488720454e-01
2.521384023755190995e-01
2.425045257512535857e-01
2.350008191280777425e-01
2.725598044787087004e-01
2.518723677952504070e-01
2.875941994489389919e-01
2.489746597819927354e-01
2.709795319210551168e-01
2.460984673172972592e-01
2.512059701342681528e-01
3.009113928326716536e-01
2.773596737859094774e-01
2.947745302445196613e-01
2.639213507480358545e-01
2.662422470357277970e-01
2.524225202851411720e-01
2.616761251030807478e-01
2.746874737421379775e-01
2.649899215344191927e-01
2.649358608041917917e-01
2.614770047088444960e-01
2.306596639530754944e-01
2.064490347756594846e-01
2.286599310020155096e-01
2.447943922467222533e-01
2.941205149758380766e-01
2.969277606880416642e-01
2.977061924350451472e-01
2.486553645891699527e-01
2.474517910154020728e-01
2.732215647879656650e-01
2.513275813571809181e-01
2.441394090867426148e-01
2.585571834284486337e-01
2.684243849617334865e-01
2.480925653979146606e-01
2.461930146723951274e-01
2.336287985430043068e-01
2.389551977683548878e-01
2.333069198978205139e-01
2.400818309440053977e-01
2.747844520290940173e-01
2.843672857051643410e-01
2.650886363002106227e-01
2.968006847589823582e-01
3.009420388455484874e-01
2.387422790617927670e-01
2.768833890311791501e-01
2.629080518601177308e-01
2.485330204078393390e-01
2.586794784698417393e-01
2.596777444698349924e-01
2.871825603603110899e-01
2.507704877327767146e-01
2.421346755962795194e-01
2.510190590721634862e-01
2.923428083784678222e-01
2.845485165707734021e-01
2.653329454127174025e-01
2.759979248784888983e-01
2.929770103654624203e-01
2.747845641746053946e-01
2.622054420554819631e-01
2.437319166402792114e-01
2.823375440140442061e-01
2.676405177573840111e-01
2.797600031475524496e-01
2.512716865131572330e-01
2.780525693275071042e-01
3.115087983249795189e-01
2.840505218758594963e-01
2.748892550862629403e-01
2.787922937179847516e-01
2.802634923208984774e-01
2.985252292423055676e-01
2.599710711257866014e-01
2.887092516464102587e-01
2.464640653667174441e-01
2.361169406630966583e-01
2.658131305485972318e-01
2.943971613681428123e-01
2.642939900885017401e-01
2.563488995375411417e-01
2.641538524968734536e-01
2.461338191005535969e-01
2.980038666274418269e-01
2.840146559419332584e-01
2.550106821183615313e-01
2.791761299518221162e-01
2.702665773961907547e-01
2.587158945203844040e-01
2.579399210956631605e-01
2.803275651646279787e-01
2.578488729486076436e-01
2.558969949239343622e-01
2.384322423372302047e-01
2.265185699457631097e-01
2.505245735268170626e-01
2.794220087506504302e-01
2.428297313348781461e-01
2.446979692001354789e-01
2.687091650596956649e-01
2.620749610916062178e-01
2.580758968047526802e-01
2.318923729143401724e-01
2.305188788747938589e-01
2.158202864485184169e-01
2.510097284188551048e-01
2.391948681645565400e-01
2.465587326498089871e-01
2.390391387747679564e-01
2.277244252805964986e-01
2.707615776094824400e-01
2.690137727959124869e-01
2.793298618661096966e-01
2.496677394644246928e-01
2.802325231609266720e-01
3.113142519771822103e-01
2.685875762484979945e-01
3.102723270261766864e-01
2.833045131012827400e-01
2.861070602086528969e-01
2.755004060316506020e-01
2.598863091226673028e-01
2.467194452315096542e-01
2.792706294964497626e-01
2.863328177542365238e-01
2.724185722502444618e-01
2.675232757122810168e-01
2.736614846847569837e-01
2.527380353691082160e-01
2.481450785449334506e-01
2.127472209404144832e-01
2.318705817237089739e-01
2.597230901544286263e-01
2.360967791782053737e-01
2.331766045998573955e-01
2.886260278921355948e-01
2.609892931588735365e-01
2.806484919770763642e-01
2.426700962919612903e-01
2.361024616276213017e-01
2.324298531573531224e-01
2.455219400374343275e-01
2.384892865843314114e-01
2.611344798135445955e-01
2.480488335601900574e-01
2.390846747375688364e-01
2.851495646452414379e-01
2.767697906201391778e-01
2.518832093761873558e-01
2.265593759114009897e-01
2.329432169954859244e-01
2.389312063955153775e-01
2.665083556714113455e-01
2.800495264576919885e-01
2.958433945490246963e-01
2.733624245931177699e-01
2.699979884986897782e-01
2.705366275860751624e-01
2.969382263609559591e-01
2.989945460781660569e-01
2.966636428177047979e-01
3.096484322053237315e-01
3.075210333929292994e-01
3.321439658068283118e-01
2.847015879774436042e-01
2.860754075694983967e-01
3.008129530068978097e-01
2.751017080633209599e-01
3.178036607945710079e-01
2.847652722215576193e-01
2.721638481968490786e-01
3.131299639498319465e-01
2.918081275529092466e-01
2.463862805405851453e-01
2.610414287785328691e-01
2.495703617166644128e-01
2.724823982282575385e-01
2.612946403975214271e-01
2.449455868604311082e-01
2.848786493287822075e-01
2.684355763115978122e-01
2.322876574673063410e-01
2.132529241521174679e-01
2.547064967916289890e-01
2.353906440947567680e-01
2.581360179847712599e-01
2.600918878975344573e-01
2.503676532484638284e-01
2.420436078518274081e-01
2.439401921283677055e-01
2.805953938852916996e-01
2.769168211973087601e-01
2.491907705155522734e-01
2.390167218439791241e-01
2.369664758852315367e-01
2.619341449166370239e-01
2.699204759586554814e-01
2.507934105812561487e-01
2.346498207385357415e-01
2.623888344625047719e-01
2.597987488677658274e-01
2.480092562361434494e-01
2.322697193971092477e-01
2.800838421306081072e-01
2.674609381708052958e-01
2.742329239290088871e-01
2.483057362753549047e-01
3.281614303387920262e-01
2.682416644250116278e-01
2.461131071533386450e-01
2.836270153789906545e-01
2.510507261159670156e-01
2.576512889547494800e-01
2.644795082015359289e-01
2.372198592486594870e-01
2.653180436169994549e-01
2.371220408053453799e-01
2.873858417851390956e-01
2.999005723458467165e-01
2.660714406199739535e-01
2.240077436438917546e-01
2.349970002590476836e-01
2.499297790303608713e-01
2.506346654244536176e-01
2.412927330416717586e-01
2.739352597144100177e-01
2.679957438308280815e-01
2.609900720278519604e-01
2.612970218143803591e-01
2.837330048399523963e-01
2.825386991357392574e-01
2.645447238852760563e-01
2.648944811339233318e-01
2.544252031306989958e-01
2.473706241107752613e-01
2.503069921821354238e-01
2.302055066653950488e-01
2.445159329590308184e-01
2.457983963403247429e-01
2.705540387370832800e-01
2.629977402217023030e-01
2.687640240171457751e-01
2.691539801463405657e-01
2.413912973541769980e-01
2.333465182779382308e-01
2.401893676465176597e-01
2.568958374805820899e-01
2.828552670108838707e-01
2.867709363882675055e-01
3.226594491945189436e-01
3.050070047915682259e-01
2.952281753111788976e-01
2.412252264325581708e-01
2.828277674329878755e-01
2.665849197988868213e-01
2.604342156631742622e-01
2.802777988479015492e-01
2.942173626268485553e-01
2.646636465937280969e-01
2.860173813140378107e-01
2.860596414499132489e-01
2.661287768287785016e-01
2.443111436448320017e-01
2.269784082189926777e-01
2.203071014731175781e-01
2.574610035674093078e-01
2.463859583285075983e-01
2.654324552314564212e-01
2.345095464952885456e-01
2.822653550524175103e-01
3.328250548516141771e-01
2.877176876079853285e-01
2.658005327308164967e-01
2.490340604680899295e-01
2.692219284830774662e-01
2.434417226537678447e-01
2.502782896806151625e-01
2.495864479157119953e-01
2.543804325245414000e-01
2.649627448721297296e-01
2.707760386687511622e-01
2.747464021475490292e-01
2.766381564091815459e-01
2.750609427775639881e-01
2.358846115506196828e-01
2.525623672935725095e-01
2.551949301127268144e-01
2.647209398470040664e-01
2.684055932986806337e-01
2.604096765027905103e-01
2.854120655562791264e-01
2.834556846611019920e-01
2.607401410804694453e-01
3.022396942877846326e-01
2.455696932054228510e-01
2.801673915714023577e-01
2.419828647379394515e-01
2.715686687415293510e-01
2.692369726909774053e-01
2.319861801711403659e-01
2.551823226603041617e-01
2.342029711392413782e-01
2.459856618018232133e-01
2.540790197542312501e-01
2.610246181320307057e-01
2.889951354842160147e-01
2.339882778286912768e-01
2.523594273568796065e-01
2.596562634679865367e-01
2.820447735387223154e-01
2.872390525122605620e-01
2.803320628414470161e-01
2.831332503568892434e-01
2.830304017566582786e-01
3.137081871106655040e-01
2.490623344073683854e-01
2.459886886627940250e-01
2.384107638831934051e-01
2.504895610217989788e-01
2.595185337586611851e-01
2.449640005846117630e-01
2.555648086214658554e-01
3.012536470273128875e-01
2.631750971396606964e-01
2.829794810812344963e-01
2.547523343495535220e-01
2.601263400973783946e-01
2.402210306614128432e-01
2.450305509624465250e-01
2.202986057961142385e-01
2.149219329913233389e-01
2.512657603385528571e-01
2.500527980273815620e-01
2.414588897824493929e-01
2.710337448852749298e-01
2.587235041794430090e-01
2.122195213095118549e-01
2.384140419474835848e-01
2.208588983397041239e-01
2.233830607086768616e-01
2.400639231691312769e-01
2.216539308378577544e-01
2.735824979495846132e-01
2.344543804914691887e-01
2.494536843437513418e-01
2.589378554305908908e-01
2.890547004923297303e-01
2.756914538909311374e-01
2.637361565850486200e-01
2.473073886853550674e-01
2.255889039441679456e-01
2.704209244067620754e-01
2.772191257181750301e-01
2.612350409364490034e-01
2.620167813584929339e-01
2.696421081086193827e-01
3.020406783737893397e-01
3.051034367959250537e-01
2.601742857154232813e-01
2.636093489405763046e-01
2.834466775096478042e-01
2.670691657270579666e-01
2.909617151309081828e-01
2.539385978935636001e-01
2.747770069774906898e-01
2.936139812379991998e-01
3.047829852821528074e-01
3.016499500029936609e-01
2.633755633375962080e-01
2.712335436049037041e-01
2.723827890515422290e-01
2.542266534959904400e-01
2.782656331711731434e-01
2.768727849004041786e-01
2.831501856801187378e-01
3.168507922310445091e-01
2.395154652429107578e-01
2.407285160963717474e-01
2.662893385203189967e-01
2.922983024160028531e-01
2.770757431710918484e-01
2.306221901951295283e-01
2.799876525041796738e-01
2.722102835139601495e-01
2.520614558988317766e-01
2.637731845396104613e-01
2.325456026296900958e-01
2.321853065118576476e-01
2.552733329626030168e-01
2.633668155602521543e-01
2.264099813922461901e-01
2.777969093893560282e-01
2.869960970012213619e-01
2.599041453413156177e-01
2.355287196614223588e-01
2.231176777360594221e-01
2.581377649903108806e-01
2.715746219310699039e-01
2.913011997854392243e-01
2.993843955200932716e-01
3.021085253204973120e-01
2.783295576079374278e-01
2.623124874197947931e-01
2.626674661161134128e-01
2.502982855400672779e-01
2.650127671441271926e-01
2.620252907017400212e-01
2.409039176709740215e-01
2.471581379308726290e-01
2.636648128400564950e-01
2.817605250820743312e-01
2.862673690878582700e-01
2.901201362744688095e-01
2.768461975187091473e-01
2.836467595337749947e-01
2.553802711763572542e-01
2.387423783556936185e-01
2.540056967151169132e-01
2.528247849816863124e-01
2.542461857713603224e-01
2.436203168822241028e-01
2.517624644241817644e-01
2.574572348908658603e-01
2.640724268548755305e-01
2.568686466617343678e-01
2.646449834890650110e-01
2.584283816966086444e-01
2.576154320528792896e-01
2.599442428251843573e-01
2.196677526011660830e-01
2.554397028342305087e-01
2.459869462410266550e-01
2.647019990031001524e-01
2.609024783029230132e-01
2.644700167542035629e-01
2.593763320478041923e-01
2.907131446700812472e-01
2.601910428885053639e-01
2.723312300756705606e-01
2.903768059924601297e-01
2.768420545063277061e-01
2.658333148037670957e-01
2.443182430665053750e-01
2.436909421262673514e-01
2.446860303433725792e-01
2.767447437561437740e-01
2.969824496747308085e-01
2.814275439690105407e-01
3.046135687628301891e-01
2.355972524536125712e-01
2.479968424573046615e-01
2.684504432120086714e-01
2.553480754728577051e-01
2.788518961490381032e-01
2.478015723036020579e-01
2.616372274773689499e-01
2.744990576152260275e-01
3.005742240478024851e-01
2.674495548255647059e-01
3.024187490387630906e-01
2.862285499731476168e-01
2.488452805645740007e-01
2.634871219599360104e-01
2.483723911729585898e-01
2.837836793043057582e-01
3.014575774858597179e-01
2.466722509930555085e-01
2.502067398085387473e-01
2.659822987072046341e-01
2.579052415863360981e-01
2.528276314076973730e-01
3.059355716345858456e-01
2.544637213321349067e-01
2.669340060335125275e-01
2.787382732100942007e-01
2.586780552386914178e-01
2.880945820000556101e-01
2.931644004735285969e-01
2.645900831860758529e-01
2.645563657124135326e-01
2.844533386757752691e-01
2.845371277093611817e-01
2.957032045242116158e-01
2.850485545415503696e-01
2.809126762576356073e-01
2.923281268066519334e-01
2.470096804372945709e-01
2.509164961476892386e-01
2.504087609118896274e-01
2.423858967863602720e-01
2.349031841211063065e-01
2.312125752950741631e-01
2.407401186361665668e-01
2.353329980193153703e-01
2.483217655664939905e-01
2.234061492461701659e-01
2.210208491163755395e-01
2.489381554910877759e-01
2.781515206126056183e-01
2.529347945580635582e-01
3.225371254392111475e-01
2.535781841558271688e-01
3.087233837719832175e-01
2.724321810262518850e-01
2.539821159108176518e-01
2.390986424022355228e-01
2.539596452617332023e-01
2.569207717467572594e-01
2.542706723822861781e-01
2.632072005503708345e-01
2.504935308661424553e-01
2.813178235688539863e-01
2.676194195397519904e-01
2.446876357990844242e-01
2.356100669050696372e-01
2.270844319401857936e-01
2.675238391734408028e-01
2.950911774053767700e-01
2.482539595961319179e-01
2.632802597752524898e-01
2.595046952237453075e-01
2.371787488898850216e-01
2.067137658765993147e-01
2.587805964911696344e-01
2.549697710376992443e-01
3.144386734579452392e-01
2.650990332011216033e-01
2.369684855129466639e-01
2.767596899694919066e-01
2.819202027935894250e-01
2.575024242901922666e-01
2.286295744104384353e-01
2.512939522392038105e-01
2.460898786979385799e-01
2.319813700096368669e-01
2.077246256572220506e-01
2.340318546114998621e-01
2.614916926864071511e-01
2.368427128933311698e-01
2.811786931379737231e-01
2.510754500374910436e-01
2.605282361286707649e-01
2.539499819595411600e-01
2.280943229974488062e-01
2.182241974896564352e-01
2.287953227483588980e-01
2.577028888420301866e-01
2.516600923196596340e-01
2.613930703662494248e-01
2.295965990285425418e-01
2.462499222422532830e-01
2.191059670833520601e-01
2.643375485444153794e-01
2.869042064053444752e-01
2.472659149088764774e-01
2.755675287512671101e-01
2.786989097299703011e-01
2.695768510807354801e-01
2.412182997490635583e-01
2.613178420465842589e-01
2.840444783111287785e-01
2.659694267391595757e-01
3.021794449487943401e-01
2.727181908442631308e-01
2.857463969587733521e-01
2.559795799928742954e-01
2.326759456250706293e-01
2.535943213563562337e-01
2.363394184373777129e-01
2.466895426028829497e-01
2.700825212635347694e-01
2.977788499343181350e-01
2.943802303301921719e-01
3.073114117814639834e-01
2.872425589489048248e-01
2.937207310132732285e-01
3.035202798204322261e-01
2.681475150843918298e-01
2.691195375737993056e-01
2.716315532980678737e-01
2.577154546150748904e-01
2.893246257445594161e-01
2.863269717038565143e-01
2.976438004929062853e-01
2.692138010439913409e-01
2.515978682253738885e-01
2.110535518038507141e-01
2.718949725486949909e-01
2.523492512912372532e-01
2.947711602248376805e-01
2.459357490170732685e-01
2.423756843266458016e-01
2.577529997992954458e-01
2.714704948550759056e-01
2.605032192191364393e-01
2.859331842253702294e-01
2.613747222003210413e-01
2.481850687117697629e-01
2.803874498387706748e-01
2.569327574699256655e-01
2.339460988353031790e-01
2.426316886264995032e-01
2.296410974923127346e-01
2.626793501657875840e-01
2.436831383444175436e-01
2.337744167145077712e-01
2.855874162397495364e-01
2.834801843362479978e-01
2.584943648685522066e-01
2.515918167815055506e-01
2.618128925375596272e-01
2.864228543167796071e-01
3.089489548103526717e-01
2.699114949860278445e-01
2.765126260456017282e-01
2.907238365695371529e-01
3.092894764001254404e-01
2.814536939151309758e-01
2.896890587648530135e-01
2.538097805847247534e-01
3.008862673846049995e-01
2.772482649268357968e-01
2.514758560683109101e-01
3.131794894243142280e-01
2.754779478785021607e-01
2.359893929002657986e-01
2.709991881338660868e-01
2.354697759700748183e-01
2.559681790159549220e-01
2.704648592755367065e-01
2.891223999049370441e-01
2.532972719136812878e-01
2.730039946513228566e-01
2.741011374802029832e-01
2.665018929104713274e-01
2.912510540002887782e-01
2.927287990941889184e-01
2.724873205165087575e-01
2.712044251193155842e-01
2.775434783954990881e-01
2.782957098339614022e-01
2.504104682713786945e-01
2.626193736408600765e-01
2.405025000317313477e-01
2.430518967247072004e-01
2.710410294763948569e-01
2.438222486262054123e-01
2.169914756201003492e-01
2.570813021212489113e-01
2.570307413731405255e-01
2.689368930401016544e-01
2.852671566823933302e-01
2.697883406382229343e-01
2.793144309978236040e-01
2.563133310007428833e-01
2.458668443744490839e-01
2.352300828452739134e-01
2.867281280325286730e-01
2.380906320720671543e-01
2.553217980294428258e-01
2.413337692111475752e-01
2.719259667593502683e-01
2.709982447032403541e-01
2.532058004389455275e-01
2.496664710605591420e-01
2.361384730641195306e-01
2.481303152232477716e-01
2.607379991257536278e-01
2.474838639171869359e-01
2.413727757229505999e-01
2.736027308260412516e-01
2.688251464562635418e-01
2.615921617970523583e-01
2.374458858296706609e-01
2.812461346445344068e-01
2.779402250577963640e-01
2.696342176512157573e-01
2.909844987669927829e-01
2.742898340293993820e-01
2.895018587683072520e-01
2.949838650128376316e-01
2.688083869571906703e-01
2.497260882793431724e-01
2.722441422504802144e-01
2.554973004545453286e-01
2.605225929751435743e-01
2.718605987458644901e-01
2.852378096209221559e-01
2.626008113328600624e-01
2.314043741683376731e-01
2.981222548710097398e-01
2.871172141495797470e-01
2.725783366662386520e-01
2.376275231808773203e-01
2.843274087600929367e-01
3.221773453673150711e-01
3.025858326715228919e-01
3.178892558836325377e-01
2.496570214739421700e-01
2.575475667810832592e-01
2.354914121678446937e-01
2.653445302252673832e-01
2.572480350696106366e-01
2.594539117857452837e-01
2.441098596097191487e-01
2.374725517158418064e-01
2.567401847378008584e-01
2.421198943938780435e-01
2.506837417578394178e-01
2.650300389982127580e-01
2.640535871243817612e-01
2.639657921836259247e-01
2.479667247321872825e-01
2.307522002050296506e-01
2.427689548070254555e-01
2.094656658210636846e-01
2.305510525235784647e-01
2.414743354879931303e-01
2.780101005196098929e-01
2.719974757887409500e-01
2.646845005078934387e-01
2.634319238400474883e-01
2.451141633971761491e-01
2.925670299677589070e-01
2.458130704532011934e-01
2.754877024559082566e-01
2.527048179365941616e-01
2.757220726326949367e-01
2.730573775584540508e-01
2.785176808591939834e-01
2.941437191003877238e-01
3.056683222707585745e-01
2.709165138065005585e-01
2.684853799694668086e-01
2.881468374162586277e-01
2.785230258839689332e-01
2.571469042252261805e-01
2.721430756562422948e-01
2.806205170869585097e-01
2.671440506733243625e-01
2.687407556746664317e-01
2.746412737345264587e-01
2.781262915430774418e-01
2.710087676253691291e-01
2.978970739582880722e-01
2.702671177242043088e-01
2.498016028645008157e-01
2.435763477427199397e-01
2.450750062594521106e-01
2.250670796864790990e-01
2.292501640102271310e-01
2.369589251259314744e-01
2.316721312312243208e-01
2.536830098428691227e-01
2.576889208260252362e-01
2.553137261882086340e-01
2.714725785469881969e-01
2.680950325013744528e-01
2.791564852948681397e-01
2.718338640873824152e-01
3.135198117392354877e-01
2.877912875804417014e-01
2.675596758249990104e-01
2.598393126063426872e-01
2.456447994248232014e-01
2.333820531700205314e-01
2.333071502230468497e-01
2.350720976583222654e-01
2.366257683389230704e-01
2.521533536088860217e-01
2.943851613210543006e-01
2.764106066118722782e-01
2.741482837785153004e-01
2.528263393426949945e-01
2.472804519172194238e-01
2.619720262751788487e-01
2.678129073856091447e-01
2.498371695917948609e-01
2.728412824773389644e-01
2.418656739833345837e-01
2.628664653770773074e-01
2.590630740913320573e-01
2.540443395449737407e-01
2.666647648064559561e-01
2.776996380488295224e-01
2.712865223566125472e-01
2.905366733415457037e-01
2.866521650485353567e-01
2.545253819539853857e-01
2.615272460460902892e-01
2.331074752604695433e-01
2.556517987875400189e-01
2.356638120797740765e-01
2.605524181322128041e-01
2.466908703319808938e-01
2.034854163972167063e-01
2.262693600299106045e-01
2.208005939223346703e-01
2.216919936844587158e-01
2.624977377513341148e-01
2.575493186763781472e-01
2.590741338527215998e-01
2.530409487274770108e-01
2.442952968078889453e-01
2.436783603332061676e-01
2.729791603967476887e-01
2.547507475836534030e-01
2.727294827958047785e-01
2.988768789423912886e-01
2.832737074294789381e-01
3.106864626812815833e-01
2.983212780050639168e-01
3.179575860554286204e-01
3.003867589474613076e-01
3.199744645599034154e-01
3.132528817449004577e-01
2.960684485189066240e-01
2.839538604572064417e-01
2.795792709267674869e-01
3.054188021904852279e-01
2.473260818178352194e-01
2.735205617757085483e-01
2.765878423170307632e-01
2.728815775236207997e-01
2.927939837383744526e-01
2.818368326918947453e-01
2.431837039172389525e-01
2.664807140776251360e-01
2.641997671593355745e-01
2.571433314183154129e-01
2.855658048518154302e-01
2.872460176592242509e-01
2.885832597406773337e-01
3.016043949003554547e-01
2.929307020499808401e-01
2.381935868365458453e-01
2.353331229016280279e-01
2.393821392253419889e-01
2.238915386867930957e-01
2.391067550995697455e-01
2.268271144516958160e-01
2.316804920376114574e-01
1.945462364305612646e-01
2.247778492400455130e-01
2.430078907403903088e-01
2.428580613692643830e-01
2.614251812405926079e-01
2.953838817935597882e-01
2.484249838474823502e-01
2.906191225479310969e-01
2.637840049145823151e-01
2.390231646618993233e-01
2.632853450748621205e-01
2.514019299295395804e-01
2.634200823806434610e-01
2.599662466411440387e-01
2.743215925140427558e-01
2.376781825999579323e-01
2.274689788773963661e-01
2.562629627314788050e-01
2.534795363681255909e-01
2.535876116656211043e-01
2.692910228635108094e-01
2.450151951810004280e-01
2.811573624965937879e-01
2.831683482991352863e-01
2.629553968349101489e-01
2.686500876283520189e-01
2.745348595117723667e-01
2.754581360170060833e-01
2.513445248161448875e-01
2.512879107366700615e-01
2.253513601203472327e-01
2.481238738976282165e-01
2.468208723249298575e-01
2.620668440370608754e-01
3.015597715375908927e-01
2.625016976116354428e-01
2.540773485142632238e-01
2.508272710650211734e-01
2.185746745044236661e-01
2.317301717292659935e-01
2.406148718595996217e-01
2.571137677780626074e-01
2.675861464793656830e-01
2.535923998865060591e-01
2.364611945129108661e-01
2.454520022779764776e-01
2.351826087274649368e-01
2.353207661626142422e-01
2.260370155281722360e-01
2.317205194643514599e-01
2.321935264229431362e-01
2.643074485623908010e-01
2.762390665766540909e-01
2.841236732980697011e-01
2.794636177806019139e-01
2.754298075569262538e-01
3.115491505212636403e-01
2.825266075998844051e-01
2.665266253443539513e-01
3.137568082902728595e-01
2.831107108221990187e-01
2.946416255118906591e-01
2.882394341425475459e-01
2.778360053263735918e-01
2.402161034241992454e-01
2.373124940481918799e-01
2.607116243051449400e-01
2.959809866148740976e-01
2.716986490836783563e-01
2.712913458208058293e-01
2.621479048326560979e-01
2.725429703436528239e-01
2.832904616470956483e-01
2.786904051104906466e-01
2.667454663253360225e-01
2.871479773840355798e-01
2.897906147938791865e-01
2.570292626615779397e-01
2.619608707608227505e-01
2.651735298584616540e-01
2.921166582244728582e-01
2.633598248572401324e-01
2.709381495265824613e-01
2.921780273784306825e-01
2.860318967970708059e-01
2.623993956285378126e-01
2.716599223734229018e-01
2.868534751504770997e-01
3.015910852675711129e-01
2.846086940740173987e-01
3.158770995858556918e-01
3.538176287164704337e-01
3.021910768669756608e-01
2.941762489573297445e-01
3.124522237774277622e-01
3.224808314048701607e-01
2.659184259964791353e-01
3.084821497199630169e-01
2.724710878027739036e-01
2.613794888430383545e-01
2.695321346807132423e-01
3.082818637614163637e-01
2.718597503516494984e-01
2.864327598032870847e-01
2.753796262615177959e-01
2.718296915171650729e-01
2.408502565428922992e-01
2.611949578863819177e-01
2.556849316743440292e-01
2.594637061192299199e-01
2.647226663765870347e-01
2.673753081544159027e-01
2.731408130780333399e-01
2.575158441767172457e-01
2.924920227929236893e-01
2.847625892805941694e-01
2.954163313982080541e-01
2.546457016312659860e-01
2.776048945471110141e-01
2.947692299058358723e-01
2.781277733563247700e-01
3.184579426116921352e-01
2.894862885601511282e-01
3.097042260400687530e-01
2.623946880290281003e-01
3.035967033134564508e-01
2.809155212153434111e-01
2.544323671809637921e-01
2.750644665337143580e-01
2.753630732450431107e-01
2.636789267148872407e-01
3.105701016058537989e-01
2.792293721444486509e-01
2.868573904277436637e-01
2.753705745338798083e-01
3.150695680028451351e-01
3.422896907713061099e-01
2.757347145208071115e-01
2.809865981674972701e-01
2.804988155096148628e-01
3.059013704486359120e-01
2.520568271216778733e-01
2.782699100824656546e-01
2.652464733873418079e-01
3.027483337716690426e-01
2.807780916105250824e-01
2.526176126719620885e-01
2.573932024992335310e-01
3.163166562086633937e-01
2.958120181118238934e-01
3.064285553832655218e-01
2.933695119414312935e-01
2.947227506882434400e-01
2.789568440436664409e-01
2.931811860308921047e-01
2.717691439491777272e-01
2.510774709708034624e-01
2.604994927049736342e-01
2.388179855396173890e-01
2.521057530385585888e-01
2.314380072762229623e-01
2.408557549054329561e-01
2.704943867657840229e-01
2.457202024007128782e-01
2.601706269996917342e-01
3.021118603691694271e-01
2.722112619760925778e-01
2.649595101842447953e-01
2.464144404435409386e-01
2.783017150459419775e-01
3.194476618822569280e-01
2.828270479366609691e-01
2.600811804149070761e-01
2.713520268328020180e-01
2.935972731043092199e-01
2.849137811085298289e-01
2.883209137344481809e-01
2.396827939248955264e-01
2.460750437675149338e-01
2.558524654824741451e-01
2.740523447058185180e-01
2.418457779938050778e-01
2.891555731532732265e-01
2.535096674855395471e-01
2.466774688257308834e-01
2.248558954739971194e-01
2.626234986132881533e-01
2.342900247028486815e-01
2.230747272108133950e-01
2.518076603525741253e-01
2.501157984793030975e-01
2.657725411578438224e-01
2.592319710147007461e-01
2.449916831167997799e-01
2.836242919722420930e-01
2.780529855693368302e-01
2.963574327978173439e-01
2.808630463095963536e-01
2.943272693924097183e-01
2.941295249873268625e-01
2.938978517402106583e-01
2.855926540756207888e-01
2.583316513063020903e-01
2.703025189216066715e-01
2.364665548601077305e-01
2.565116955116988340e-01
2.432946982920720924e-01
2.676274955102614928e-01
2.569025850575131775e-01
2.652082979361531923e-01
2.569098935593885358e-01
2.384443918173762000e-01
2.979719147319365158e-01
2.365856519163299365e-01
2.605113077875412242e-01
2.135730740128020944e-01
2.643534086662975846e-01
2.872387287641461895e-01
2.641390950473150312e-01
2.474885391827449932e-01
2.349805037056859058e-01
2.584594385066893429e-01
2.383588724146008531e-01
2.627610119135480038e-01
2.620890674220220373e-01
2.317306251800683448e-01
2.326164133556014590e-01
2.391119467995725389e-01
2.910297907242415660e-01
2.556343426319672707e-01
2.650340059357600420e-01
2.780764638746093254e-01
2.462678418888287757e-01
2.830019871387864927e-01
3.044331199856849524e-01
2.416614651726344265e-01
2.470085292982147629e-01
2.593584595513243052e-01
2.396169893397665507e-01
2.463513102650302100e-01
2.992744865461675619e-01
2.912962754799932052e-01
2.735951464959611723e-01
2.576608800904491847e-01
2.606138801188588872e-01
2.642959886191607599e-01
2.742764722048353643e-01
2.358490353285467300e-01
2.197774653429243885e-01
2.715766019822415389e-01
2.691906979769522201e-01
2.686871907811344551e-01
2.613174809013301680e-01
3.039858810227879515e-01
2.786985446880742567e-01
2.496644541597747013e-01
2.835442826872421329e-01
2.540406196041519182e-01
2.282476162858721180e-01
2.430544505501998909e-01
2.605926585451419641e-01
2.832990905965241946e-01
2.589663596548872904e-01
2.522093035094278846e-01
2.692894328035852491e-01
3.001525966436709991e-01
2.637131303055979537e-01
2.433296035337524643e-01
2.729453186764159156e-01
2.268363017924807656e-01
2.425903644094859202e-01
2.934335276119335867e-01
2.456792196753676549e-01
2.158015821478997120e-01
2.428569645788158093e-01
2.602456428617610507e-01
2.924107673519228956e-01
2.913587082717341570e-01
2.555150111120624290e-01
2.674797774909375980e-01
2.756285440285706212e-01
2.912813852113619317e-01
2.711858538258002937e-01
3.161028803275416910e-01
2.575320024024399523e-01
2.317731759564025107e-01
2.648436573413550099e-01
2.530037236495015773e-01
2.395248490063098257e-01
2.590377860551051903e-01
2.528636029508938288e-01
2.484734976378654148e-01
2.596961047309984116e-01
2.562261561663452536e-01
2.603071376076223631e-01
2.730033475861444736e-01
2.384580848973550660e-01
2.352243686217325713e-01
2.488660378945035112e-01
2.356194280875213432e-01
2.309245490992337391e-01
2.139136467388061125e-01
2.879177399867277609e-01
2.126979000693952904e-01
2.229808227791893194e-01
2.426268504773595180e-01
2.567638074601581999e-01
2.049328841371679533e-01
2.391688389734510645e-01
2.386120077469203737e-01
2.648136062735365615e-01
2.388722217304155016e-01
2.041025048038507539e-01
2.433980678304973333e-01
2.372223989001821243e-01
2.462757790065536467e-01
2.511631153191090093e-01
2.255845056935942838e-01
2.175796666499724419e-01
2.194341497234983673e-01
2.259285473413897571e-01
2.416647327201432438e-01
2.432053185560745789e-01
2.381677834968358443e-01
2.609122235784848698e-01
2.371746286811905191e-01
2.365817246053359690e-01
2.190197389544282225e-01
2.346825229522765677e-01
2.364642033672490484e-01
2.709842444002293904e-01
2.797591368408059442e-01
3.060475785309276220e-01
2.666333442287585620e-01
2.417410278216655384e-01
2.369257277247640292e-01
2.722565290004494432e-01
2.837541310684937867e-01
2.342125340043516579e-01
2.396853787446262540e-01
2.642371322780385223e-01
2.515709775256606551e-01
2.463851875427729154e-01
2.314336783350167404e-01
2.324589558322089633e-01
2.647991455444075881e-01
2.699388069050719374e-01
2.445489509708269060e-01
2.270786332060596435e-01
2.403081020068121576e-01
2.549866509988893970e-01
2.528508333900312821e-01
2.487904303784363724e-01
2.450212038209274856e-01
2.848037103159775651e-01
2.948355475346056132e-01
2.425514975645430837e-01
2.549727251455405352e-01
2.178323434400225023e-01
2.525354823701426721e-01
2.372347536195451301e-01
2.329619607520596325e-01
2.532738756430781280e-01
2.582206393700309244e-01
2.573040754782936479e-01
2.425283352925972635e-01
2.519175449756952401e-01
2.540037752358661471e-01
2.748990074409825568e-01
2.653272769533284170e-01
2.519274294435570605e-01
2.347139043520812540e-01
2.423803489965619673e-01
2.662571022004937560e-01
3.016306628338710771e-01
3.040120212492897767e-01
2.773658104610647879e-01
2.627679488622718940e-01
2.755078338672268812e-01
2.706180664437367600e-01
2.755223833814570700e-01
2.888343919091676537e-01
3.164418999276702449e-01
2.918298617944543594e-01
2.801347652373240016e-01
2.688127379222853830e-01
2.592082174351938439e-01
2.376746578325088233e-01
2.488597262253584852e-01
2.590789069083295759e-01
2.445278419538314263e-01
2.327850995135411494e-01
2.154742155115178803e-01
2.184008661119231365e-01
2.322396290830894272e-01
2.865992874550803982e-01
2.747253586565607808e-01
2.974850503116927003e-01
3.039791052195464638e-01
3.044051106886118130e-01
2.650500392646051862e-01
2.568486597579205943e-01
2.744533969154731579e-01
2.609379477388300561e-01
2.467156749033902197e-01
2.548723264161895097e-01
2.500852482904963314e-01
2.401320195187545137e-01
2.535190599145439316e-01
2.640770372842448643e-01
2.361947804910396742e-01
2.277391335555147278e-01
2.920532371785891090e-01
2.435546139621636297e-01
2.474498254616055992e-01
2.482949569547442670e-01
2.753088447069890199e-01
2.558641837855643031e-01
2.584328970659509062e-01
2.155156852625533248e-01
2.266489294977109825e-01
2.380668054777902165e-01
2.577591406303331723e-01
2.890587502409829868e-01
2.411433023803446485e-01
2.482290591956848314e-01
2.864873833140214598e-01
2.776183498482787670e-01
2.943903926470060606e-01
2.543224927993300022e-01
2.687064771508251293e-01
2.522567991449361502e-01
2.504825519477174023e-01
2.529877787205098705e-01
2.525435655012741587e-01
2.736325395243313641e-01
2.669461646106716657e-01
2.504056973980730016e-01
2.291938233184791507e-01
2.664147664472243382e-01
2.841057613494157863e-01
2.804769557506936462e-01
3.072183662112240587e-01
2.787079691939659543e-01
2.496460377412024756e-01
2.498128369651269609e-01
2.924351383294072626e-01
2.725208142516983290e-01
2.741833019926927517e-01
2.557076052668250110e-01
2.934860581757335329e-01
2.918199444879948645e-01
2.700577327841563458e-01
2.666047231549820706e-01
2.697231803304337427e-01
2.362770818258947414e-01
2.451205427379948010e-01
2.192967081542478158e-01
2.301717814546885843e-01
2.344273360152948349e-01
2.482393057637312106e-01
2.469802185360575053e-01
2.579666406333475659e-01
2.586037258238743641e-01
2.560825961098569525e-01
2.655401428238748918e-01
2.544326127544364047e-01
2.755953106791465546e-01
2.652371737543955388e-01
2.627199887548124502e-01
2.308665286654252857e-01
2.342284826587453239e-01
2.332123938610919378e-01
2.746712945808527095e-01
2.321483659757264950e-01
2.446899039286083710e-01
2.635946273618074986e-01
2.377111141967897245e-01
2.671079233939467334e-01
2.341850040359210183e-01
2.547395636967887400e-01
2.450673540735247014e-01
2.594372516509295123e-01
2.638072780278251095e-01
2.212862418820243648e-01
2.470379292592853049e-01
2.415797066997369402e-01
2.345191193379848604e-01
2.826605962021737084e-01
3.159131888156792023e-01
3.012629680137959287e-01
2.783114605484073301e-01
2.476748925566625570e-01
2.954891765030273620e-01
2.820414887719298047e-01
3.424904136357030948e-01
3.021012818435735436e-01
2.874921201236145807e-01
2.891648047893280449e-01
2.706382817450490030e-01
2.904448375612277977e-01
3.146340387153163110e-01
2.965656946629844359e-01
2.912988088587186164e-01
2.635422088993730205e-01
3.095789210581810780e-01
2.745369266647276763e-01
2.500512351548594969e-01
2.721420200811471291e-01
2.668227497751551880e-01
2.724327383203771213e-01
2.535128486830708905e-01
2.730087456758742426e-01
2.660454279508792652e-01
2.706856980604325225e-01
2.506595715296285332e-01
2.519351712010483579e-01
2.469482102440563043e-01
2.734684771310002538e-01
2.814495235553072239e-01
2.637767331455052044e-01
2.946011083777571593e-01
3.116548932708772535e-01
2.445117503479055654e-01
2.405277195572369242e-01
2.920716214808058986e-01
2.435044006049493781e-01
2.720091964092531400e-01
3.141420391630916353e-01
2.907254634231127288e-01
2.884949321342206163e-01
2.786514088295777292e-01
2.387771012581294261e-01
2.780424236784746483e-01
2.604882069893628693e-01
2.643761812516120524e-01
2.454525650859497587e-01
2.626438399902280563e-01
2.606311171595898646e-01
2.930583063150914436e-01
2.733617800441462409e-01
2.899581299468521611e-01
2.647850062626881940e-01
2.478864742471827975e-01
2.466857169684048279e-01
2.643325056490589131e-01
2.683972496626622628e-01
2.700326365346601420e-01
2.433675077519341923e-01
2.479052299490466793e-01
2.650509616370837485e-01
2.317103225637571207e-01
2.631482330313235085e-01
2.520246247757083058e-01
2.311652638933107407e-01
2.398960519851335571e-01
2.220110572846554220e-01
2.630987914791573234e-01
2.479559077067965689e-01
2.698841394163404295e-01
2.593619949589948126e-01
2.447910821969816186e-01
2.513663427366543135e-01
2.622300545700401164e-01
2.558008756908234371e-01
2.632926083042022025e-01
2.301367115536995800e-01
2.215148114479437713e-01
2.562894419513737643e-01
2.528662583574807776e-01
2.637660893224709757e-01
2.156987896766383028e-01
2.428721957323025094e-01
2.586918030821381831e-01
2.780894722080254899e-01
3.093628688520756453e-01
2.850039172632595208e-01
2.914201514952118321e-01
2.330096516819695207e-01
2.489213722283916963e-01
2.195988294342489655e-01
2.447605934643466707e-01
2.512113103549170612e-01
2.689796902797104150e-01
2.591118144157383285e-01
2.636889512562192173e-01
2.809774249396135848e-01
2.653264252695105574e-01
2.700463716048981944e-01
2.283327870055180397e-01
2.236659887764716192e-01
2.696009971440300745e-01
2.675551752013716200e-01
2.565834147834289425e-01
2.830159388577478952e-01
2.600164279810361911e-01
2.376212560127808349e-01
2.340369040601785189e-01
2.450627470876493574e-01
2.398819655725866473e-01
2.204407743160860522e-01
2.358730120119623686e-01
2.743584711054105063e-01
2.460386236689810768e-01
2.078105150688739355e-01
2.246405037123087312e-01
2.391288864267062109e-01
2.593997317756630561e-01
2.626402514133387434e-01
2.380179594948677313e-01
2.616881071482066168e-01
2.783996396067083823e-01
2.441413307753785289e-01
2.401733383302741553e-01
2.777772914382996006e-01
2.456284948378316679e-01
2.499676354216482099e-01
2.254431567813395265e-01
2.724385379484696168e-01
2.799865724620549390e-01
2.352521148629400094e-01
2.344797793903835303e-01
2.401606981663851059e-01
2.358382956561079768e-01
2.681198624939539754e-01
2.739058426968074000e-01
2.694044010142270795e-01
2.849008806855212739e-01
2.936158266603668965e-01
3.036229628118987112e-01
3.097888975371033138e-01
3.116630727058318229e-01
3.156082389300753355e-01
2.729845619942699586e-01
2.986348660468498006e-01
2.654941376172307299e-01
2.555100319107084239e-01
2.533602887777875456e-01
2.468966381637123786e-01
2.478161684718715174e-01
2.279285838308520440e-01
2.388100933390503999e-01
2.445587359757243340e-01
2.199569481020971218e-01
2.336994808276924018e-01
2.750761036072360000e-01
2.602064307816822630e-01
2.854973377877739749e-01
2.530069157721626105e-01
2.825215169389139191e-01
2.423065567024830225e-01
2.187167393025347129e-01
2.656110595642267591e-01
2.530607811989028511e-01
2.433681049195983437e-01
2.410022421868764364e-01
2.496830341811598908e-01
2.944946955486132945e-01
2.695072824724371596e-01
3.016090082279630491e-01
3.026144147264280826e-01
2.778988204706661636e-01
2.812051648498215539e-01
3.110480465032817166e-01
2.422403355857197238e-01
2.561090003995594722e-01
2.519178066626879819e-01
2.359314450332953284e-01
2.635543714830902440e-01
2.497992358001710211e-01
2.682637677464847492e-01
3.072127164832356705e-01
2.724997039325358639e-01
2.369235453524909940e-01
2.432038568318246607e-01
2.408862667574317440e-01
2.482659387639893911e-01
2.625985387465875620e-01
2.627885151691219390e-01
2.856500637449547741e-01
3.198390958404102591e-01
2.763243856413451494e-01
2.335482980530747821e-01
2.508986478620751637e-01
2.652638450303835826e-01
2.515299733834945317e-01
2.262073061216020309e-01
2.671652004491493204e-01
2.576078512787607355e-01
2.415881919324910365e-01
2.511661308341307519e-01
2.808484659031441621e-01
2.957181060378006876e-01
2.577532464607950047e-01
2.616163823318955473e-01
2.641766794762730464e-01
2.325780707496321598e-01
2.272675610041261784e-01
2.483687197441653283e-01
2.503946974049111596e-01
2.307324736169463486e-01
2.241737362748024986e-01
2.421649701313658143e-01
2.220928182027467057e-01
2.575907158148559861e-01
2.663012279854978237e-01
2.746262532340691398e-01
2.804905361014371490e-01
2.590630466509245555e-01
2.382734168059300883e-01
2.201296033477105896e-01
2.257401802725711448e-01
2.441511695260117354e-01
2.370876015631942779e-01
2.553393944146863936e-01
2.212745896655739508e-01
2.202554983350052953e-01
2.297281478501681795e-01
2.840413869305591921e-01
2.440915669856803527e-01
2.602202637871656177e-01
2.602522980515697970e-01
2.716187908396594519e-01
2.503332141902299690e-01
2.766576022251630018e-01
2.583050478497142532e-01
2.751891751161698041e-01
2.694020511499634618e-01
2.447453879556764078e-01
2.636663769847716887e-01
2.789574051451806924e-01
2.826342800446289827e-01
2.576311958000669922e-01
2.469928303158707983e-01
2.736265030273878351e-01
2.453605466700995441e-01
2.939804869002235477e-01
2.636102935369543654e-01
2.624534774693593753e-01
2.495391597230266212e-01
2.522472375536474742e-01
2.190920269246695584e-01
2.288017913330731012e-01
2.532482743353432486e-01
2.499824564297619955e-01
2.924138403426186916e-01
2.759647344896495880e-01
2.716472480535503942e-01
2.562032445860240037e-01
3.038641070802934330e-01
2.710040311196101892e-01
2.511961828014384057e-01
2.696790901657863393e-01
2.779505547303809943e-01
2.480832205088109865e-01
2.573285413974538138e-01
2.604617546686615048e-01
2.466644396145981910e-01
2.319031412187971541e-01
2.243396819690130495e-01
2.570563377775293423e-01
2.776306998180310126e-01
3.054581131311882025e-01
2.540973229133696165e-01
2.589485769777908897e-01
2.519653134586316012e-01
2.342333942927835033e-01
2.477660780786315187e-01
3.147500224996632734e-01
2.789340981579305212e-01
2.716927561764578836e-01
2.426624972100905886e-01
2.706603705271628524e-01
2.566916528382713891e-01
2.680861380510550784e-01
2.938485656692852444e-01
2.663086136641614754e-01
2.681903160993944768e-01
2.878380544284894205e-01
2.741703470445175372e-01
2.482329286535717994e-01
2.931327431515666770e-01
2.679947097901829722e-01
2.672047483680153324e-01
2.859650568139081583e-01
2.430347233628621650e-01
2.340657557914843923e-01
2.625637928188660486e-01
2.626779215540734902e-01
2.520013019281505118e-01
2.461557375731640296e-01
2.597106716440177876e-01
2.547799127908655370e-01
2.448273595278719073e-01
2.441764858975278840e-01
2.579285098806614607e-01
2.502208724980207744e-01
2.665873154313536664e-01
2.826489629399603909e-01
2.643787019374274072e-01
2.843395693574599647e-01
2.863829893327789478e-01
2.697211835112449108e-01
2.733801179565168438e-01
2.878676870925754860e-01
2.815629894308080972e-01
2.754712622897255714e-01
3.067444375007770119e-01
2.971515649650439683e-01
2.712573395280801769e-01
2.773123191378481511e-01
2.917658651811394499e-01
2.261355135234898728e-01
2.582796792256257801e-01
2.352085078162742260e-01
2.378496603002213938e-01
2.135723870526617663e-01
2.406721918869190735e-01
2.488726033706993024e-01
2.561003196259261649e-01
2.600627142787635959e-01
2.670593586017014909e-01
2.465311384773505032e-01
2.676944348374881155e-01
2.632102291240273062e-01
2.926889434149740898e-01
2.653493473148474391e-01
2.269632816560455124e-01
2.711055758738953325e-01
2.442276121078193751e-01
2.387497585864145344e-01
2.650750977611875947e-01
2.418228757690514541e-01
2.591191184181309004e-01
2.434375691245978524e-01
2.625348624109460904e-01
2.312130108909933590e-01
2.675447162586786498e-01
2.711250900159680177e-01
2.487091437241714387e-01
2.544226757640786207e-01
2.671779266681132414e-01
2.798650604112658535e-01
2.765621147967842197e-01
2.370661592712335897e-01
2.646297381241679014e-01
2.467641393868789945e-01
2.455546129442770509e-01
2.576531582835246970e-01
2.852424050860778437e-01
2.430386080301903395e-01
2.348925588086658023e-01
2.204531638021273721e-01
2.424006057736391717e-01
2.768415949393417397e-01
2.640166537052852647e-01
2.530724498062035810e-01
2.563058308633227034e-01
2.500435029209963078e-01
2.786980633128825491e-01
2.846374088816072678e-01
2.809385302105251170e-01
2.735473580475774602e-01
2.812830009629015970e-01
2.523532020727583536e-01
2.667174917621509267e-01
2.747625596017421179e-01
2.767774260044927326e-01
2.589204859478642096e-01
3.148159017999175302e-01
2.682132854055188642e-01
2.918944987167504390e-01
2.733296753140758151e-01
2.930917291857191853e-01
2.750089700070565413e-01
3.108491414865923730e-01
3.094872183250318987e-01
2.973624512127286956e-01
2.638794195981948865e-01
2.585013833508734149e-01
2.796922535919761921e-01
2.550022736339689344e-01
2.398098771726154821e-01
2.565184484805030918e-01
2.675747534714932319e-01
2.679377184044823279e-01
2.962392762274865810e-01
2.811403400163271504e-01
2.711283846170257639e-01
2.480380905783778345e-01
2.482383671785399482e-01
2.496347888079220312e-01
2.921515365648518769e-01
2.562437620920297587e-01
2.456631487637103706e-01
2.506795921408193073e-01
2.476114485228925188e-01
2.399043135110090486e-01
2.380007631899351828e-01
2.536347651494436084e-01
2.565310136754276882e-01
2.721751618663523775e-01
2.869704922323707552e-01
2.626759745706964688e-01
2.485514185428764344e-01
2.766429194584256734e-01
2.579001983583139035e-01
2.606875805523533041e-01
2.701633452543384939e-01
2.714218537622888894e-01
2.801258068245479627e-01
3.116077571207051533e-01
2.680073461860996153e-01
2.814248801033876757e-01
2.711912448998315406e-01
2.860935892566455752e-01
3.065824265577097307e-01
2.815046637666510643e-01
2.831370911453184314e-01
2.923195180054359299e-01
2.755525172195539274e-01
2.632579509422305342e-01
2.367974372154733054e-01
2.353750276354170667e-01
2.562078778509597199e-01
2.333744657687946700e-01
2.533921032555686015e-01
2.412678358960423930e-01
2.653788807404610095e-01
2.901606946582577229e-01
2.790807345201915535e-01
2.825581062600773241e-01
2.790581384881711813e-01
3.155302001202135997e-01
2.932078314631781368e-01
3.012909131955080477e-01
2.789292768102252240e-01
2.630593912543225388e-01
3.049917886582254045e-01
2.863336256487172826e-01
2.818213156131108010e-01
2.516096701345911790e-01
2.655298849980832765e-01
2.521583595917210041e-01
2.513472205476313670e-01
2.515706536839773522e-01
2.485358720056668469e-01
2.781155775767168992e-01
2.519231595097207732e-01
2.132540836473990620e-01
2.592882350176461403e-01
2.254400458036708021e-01
2.332123738512706934e-01
2.482503810275830669e-01
2.964275548211895428e-01
2.686103765837972168e-01
2.616838774197332573e-01
2.506170662473015676e-01
2.316990221430214325e-01
2.398090921298934586e-01
2.571127664414879499e-01
2.775609346764550400e-01
2.654872901400446850e-01
2.545143502160847615e-01
2.694625467274529007e-01
2.794607048580031727e-01
2.249472780329906663e-01
2.347940568427906438e-01
2.515491642263212313e-01
2.602389497066570079e-01
2.534480663963439850e-01
2.898773133638826716e-01
2.622517078847839689e-01
2.660560415580063842e-01
2.469908803061238445e-01
2.308201141588906158e-01
2.511071255131637758e-01
2.527599032292053849e-01
3.119356900591686022e-01
2.732880177309781056e-01
2.887467820506857130e-01
2.712429351375864051e-01
2.677995699734545543e-01
2.616191277207971511e-01
2.290931376468619274e-01
2.410490401173631947e-01
2.366601875847837433e-01
2.605073574882442733e-01
2.699243811494085321e-01
2.574350278595521901e-01
2.719434906510491134e-01
3.165758638441771300e-01
2.829102294751420499e-01
2.979597177676350239e-01
2.880211728783514946e-01
2.782876100727552093e-01
2.514025152866870005e-01
2.447142116717392346e-01
2.887121477657115798e-01
2.629342333347053917e-01
2.485212101320951328e-01
2.969044558654026500e-01
2.500371711967771526e-01
2.545652627315131977e-01
2.391219927714345883e-01
2.555077533243589882e-01
2.193025201482566577e-01
2.345832456403415534e-01
2.638931153380077999e-01
2.682981429624356484e-01
2.567531993136990542e-01
2.542379554258430985e-01
2.464409769323497312e-01
2.761851867958375895e-01
2.762908583533908446e-01
2.592514787780157426e-01
2.344171636701834482e-01
2.896121270282675519e-01
2.966015039434445333e-01
2.681676258257458256e-01
2.544100548222598124e-01
2.670090118925140810e-01
2.644740117717450101e-01
2.565791499012000099e-01
2.704007646647086371e-01
3.046102642745303624e-01
3.141790602397133148e-01
3.024606801888959917e-01
2.685871014579354621e-01
2.653365616503982616e-01
2.837280143045210479e-01
2.729650189442381358e-01
2.733920550268983951e-01
2.756213737153943022e-01
2.860205904193156012e-01
2.598070512344332061e-01
2.422061191772371669e-01
2.707015907631389329e-01
2.568374422256240464e-01
2.397061964172742254e-01
2.490052246205878839e-01
2.571774916521641363e-01
2.390258488068236209e-01
2.921339878537394519e-01
2.979444541610389852e-01
2.857833162353468626e-01
2.367591733687882394e-01
2.371396251117720844e-01
2.425784605002727357e-01
2.305659727534644099e-01
2.630024187921526369e-01
2.667332404053756600e-01
2.600578869461411258e-01
2.766494725262469423e-01
2.701684021209237452e-01
2.971126414502401336e-01
3.217802821580089678e-01
3.015798235538403316e-01
2.713859759760086643e-01
2.828186275734431154e-01
2.667854316346784938e-01
2.653638663551391996e-01
2.762877024084810507e-01
2.411116647122961976e-01
2.542989251592316924e-01
2.736319776932045200e-01
2.655891277271371087e-01
2.826084348823088566e-01
2.719856021891281506e-01
2.487629958389348250e-01
2.656736839633239144e-01
2.345930331068749597e-01
2.375600946170203509e-01
2.669334274263809870e-01
2.655199388229569357e-01
2.310411250818414364e-01
2.360545729900743739e-01
2.596669769568450969e-01
2.546568537244722763e-01
2.637467370286091239e-01
3.148656521765940131e-01
2.813202013587668970e-01
2.509355911622109248e-01
2.722798482709486989e-01
2.587434983163167113e-01
2.898363476073395617e-01
2.748078619522691390e-01
2.624246701676754001e-01
2.567746916150298597e-01
2.298234312510614163e-01
2.492858336231772998e-01
2.423857425043224878e-01
2.353691379417430785e-01
2.455850084356187291e-01
2.506788239834388810e-01
2.803243342287233264e-01
2.472815508521150063e-01
2.684384920229556659e-01
2.839282457853488650e-01
2.685990409696583647e-01
2.753509939782483595e-01
2.790715186604437736e-01
2.378622406005707901e-01
2.653127190090651122e-01
2.836947615637447906e-01
2.519497434295193128e-01
2.613400691768233974e-01
2.617447781097289039e-01
2.772553625103096331e-01
2.781989797142799259e-01
2.420349152157498795e-01
2.408830433593113773e-01
2.494775092542682593e-01
2.739524553692183617e-01
3.123941346395499030e-01
2.575492143548624435e-01
2.641330063888025492e-01
2.593146409852116752e-01
2.585275312522311020e-01
2.552915090512494212e-01
2.763973338364778543e-01
2.829429785526708097e-01
2.527664248660624335e-01
2.455508789094149602e-01
2.187140585581332231e-01
2.147179180951496180e-01
2.298486565718371177e-01
2.687400233419968143e-01
2.602807986087513070e-01
2.608701775046225468e-01
2.431681587848296966e-01
2.541334936065421379e-01
2.477063964164399890e-01
2.429404900038192872e-01
2.905671212997298913e-01
2.377392698590801434e-01
2.509969463833327530e-01
2.258426585981888335e-01
2.207635601215413301e-01
2.326347173504268451e-01
2.285875288087395318e-01
2.301995479778441989e-01
2.380375963443226162e-01
2.456252528778826993e-01
2.566158295915133558e-01
2.359637698869670452e-01
2.496312883622535395e-01
2.333159029006684482e-01
2.215149172160738034e-01
2.160935955610820414e-01
2.550974017621220336e-01
2.541357695845419262e-01
2.630499867889303234e-01
2.900198459617216451e-01
2.676451211282456777e-01
2.345354780990427102e-01
2.516447726552472619e-01
2.445956989493188183e-01
2.498751522432592354e-01
2.397097919718056691e-01
2.554314654390972272e-01
2.569334358977735100e-01
2.435527350854094775e-01
2.351281949870467625e-01
2.451648695026909519e-01
2.640951345097163339e-01
2.519625053559298999e-01
2.204240760830837031e-01
2.496328146340747456e-01
2.401322164300371542e-01
2.202382130586384157e-01
2.460864725929233776e-01
2.389038287453428000e-01
2.861095808577371336e-01
2.497719695455533073e-01
2.568213876252036787e-01
2.990784142498723597e-01
2.550032159860694536e-01
2.507144757952389225e-01
2.402694202920362399e-01
2.825588193195529008e-01
2.718574767643817114e-01
2.813932338554008261e-01
3.375011649011601111e-01
2.513306478928506449e-01
2.392968402424805185e-01
2.293418744307739732e-01
2.291860959395542463e-01
2.331196218807058407e-01
2.194190889448743020e-01
2.243024223248241411e-01
2.353060316793929019e-01
2.532224832060930297e-01
2.384477563402698508e-01
2.495113948828758810e-01
2.797945958649259990e-01
2.879675626470769023e-01
3.228305867728778478e-01
3.012977709871852983e-01
2.933357112467914196e-01
2.941373606032090526e-01
2.713274202111517486e-01
3.310270064077522334e-01
2.750453788390671561e-01
2.263070600173943681e-01
2.129574804212399641e-01
2.745062437635008568e-01
2.398927302098962655e-01
2.674696682307620144e-01
2.704355882196698424e-01
2.930165790242252322e-01
2.663598108174038970e-01
2.466075265321861221e-01
2.946781541375231295e-01
2.589304552629453915e-01
2.438431579931958637e-01
2.306110246766789884e-01
2.414254643198960326e-01
2.553334990702530449e-01
2.613985494647622088e-01
2.650759610205478123e-01
2.694817239583705559e-01
2.614546395649948729e-01
2.280123874966188402e-01
2.449422839001558216e-01
2.683269845598929004e-01
2.823808697492877218e-01
2.646474240339172224e-01
2.631814241939347543e-01
2.247833279458378020e-01
2.511124144848959627e-01
2.516208102463909912e-01
2.623477691684160118e-01
2.413256795450862413e-01
2.530280634058023614e-01
2.723237621825357890e-01
2.961035338601877842e-01
2.898942681193619753e-01
3.115867575379803189e-01
2.361526880749381663e-01
2.661913610524637153e-01
2.837285126965825577e-01
2.911806896793114330e-01
3.150525501817816321e-01
2.670259250661197736e-01
2.628208105678345174e-01
2.448264680763298784e-01
2.641348826736135691e-01
2.378048698335333555e-01
2.327886911610372866e-01
2.357894440222795818e-01
1.959809829410674165e-01
2.117520985702235625e-01
1.873929712471281150e-01
2.218508106090869569e-01
2.853270409843505218e-01
2.792593517572155015e-01
2.746425732427864030e-01
2.562882864437974195e-01
2.741591149020083384e-01
2.793594105049224674e-01
2.517743917329361980e-01
2.809710487977275517e-01
2.921340999788384352e-01
2.953076150811058120e-01
2.391127788633374551e-01
2.760451828116426420e-01
3.254624811428645792e-01
2.794722350175152248e-01
2.468873242049784700e-01
2.716136091771360617e-01
2.701449335942964769e-01
2.603400849616669954e-01
2.315126588037982880e-01
2.442037813481057751e-01
2.590599109986289061e-01
2.693678563314522711e-01
2.744949177349271241e-01
2.759407200828276618e-01
2.785528684065482485e-01
2.312063218218595173e-01
2.510573465837240281e-01
2.316323403490183341e-01
2.462117540766993740e-01
2.350056482228642385e-01
2.806630361479536817e-01
2.637430304990942553e-01
2.567208563912677377e-01
2.685582832538755960e-01
3.177837704342066916e-01
2.549481235077112329e-01
3.188515873239506915e-01
3.050727317193827060e-01
2.638824981754579468e-01
2.653307646998434577e-01
2.426718642398245085e-01
2.401980234683532833e-01
2.527601788635209790e-01
2.921945403598218971e-01
2.540552953555354487e-01
2.162820362148293873e-01
2.600360997141975550e-01
2.594852019055343129e-01
2.498458034555313956e-01
2.871134443077261733e-01
2.850393972916046570e-01
3.089963580302153012e-01
2.937782896284484302e-01
3.023080087058115373e-01
2.466110252803316583e-01
2.892757674006296020e-01
2.973155848218094199e-01
2.450157566016741284e-01
2.783796392827718735e-01
2.518937260736016093e-01
2.236100028381722560e-01
2.147763333015692000e-01
2.251258487321201041e-01
2.285964177040778755e-01
2.783536428346192748e-01
2.643528687462978755e-01
2.714501493505778185e-01
2.948004007734126852e-01
2.345584993347615554e-01
2.662557256551182916e-01
2.236721023648658435e-01
2.328435815552632737e-01
2.559880124247677635e-01
2.511742703619310180e-01
2.371557883350378926e-01
2.493925253985735946e-01
2.897488290916127585e-01
3.086641036031002594e-01
2.847390510700270050e-01
2.700566388722223099e-01
2.709174933039463773e-01
2.674329766808239972e-01
2.924267777912740729e-01
3.058555860666146153e-01
2.700057247471177035e-01
2.553999903925541770e-01
2.577649603897018693e-01
2.541024077779224233e-01
2.762684405862655401e-01
2.934500222947774017e-01
2.401054570042668868e-01
2.721249287312338949e-01
2.635195544922457889e-01
2.473248717857647327e-01
2.433534469243364140e-01
2.724736103691424161e-01
2.395695730194848383e-01
2.794274841181116908e-01
3.036577188697782148e-01
2.512691409885162708e-01
2.676652142859922701e-01
2.360643510050306482e-01
2.441459018712202889e-01
2.502063977337764533e-01
2.452880497722726150e-01
2.443092125006592341e-01
2.774922534699560961e-01
2.591167939027550493e-01
2.567567806082660109e-01
2.519146113940607945e-01
2.361485833008880320e-01
2.707403907556637512e-01
2.764491682201619671e-01
3.144074379027803623e-01
2.402369763191614660e-01
2.553224368340649142e-01
2.737093145200287236e-01
2.513533406213721011e-01
2.611331527015220422e-01
2.936572184896166227e-01
2.612758975185234256e-01
2.902792602813365486e-01
2.714899157250364459e-01
2.592001476610185096e-01
2.917456298312046115e-01
2.767308318625583130e-01
2.648832047940086198e-01
3.293400675254815058e-01
2.732786495401135496e-01
2.622910429111774966e-01
2.905948751307522171e-01
2.500118535299314382e-01
2.897146841999727052e-01
2.518922075308409614e-01
2.572537838456913084e-01
2.196816001456124434e-01
2.566013811930433763e-01
2.482953526964288005e-01
2.706038776480242936e-01
2.335017279428605319e-01
2.590436824865960941e-01
2.726848071369133986e-01
2.482845283612810927e-01
2.465248502819632204e-01
2.601690477320258710e-01
2.449130466162400266e-01
2.197996158959180102e-01
3.093182422719727986e-01
2.601218873012491883e-01
2.800794869481706417e-01
2.974708646908775789e-01
2.614567843747701015e-01
2.699987402713193707e-01
2.858825357649247834e-01
2.483199980003024387e-01
2.847180789117051414e-01
2.877173915979155394e-01
2.889279445834735394e-01
2.778356829447585219e-01
2.772763800038272608e-01
2.846082631143376229e-01
2.667080660882290011e-01
2.795715237983501522e-01
2.625621197762180725e-01
2.374208175904074236e-01
2.502401460619940732e-01
3.130054363984803301e-01
2.688963212353741583e-01
2.611599768233925922e-01
2.494668469447047787e-01
2.645587281123464862e-01
2.723296725082789416e-01
2.459729537572219737e-01
2.666814098224175034e-01
2.934756240816125406e-01
2.748990442784509103e-01
2.725491260116222891e-01
2.529600902685233410e-01
2.789440575684186685e-01
2.428249475945906677e-01
2.199997199122711300e-01
2.139148739264203625e-01
2.355150348399707716e-01
2.502331234798758075e-01
2.670981373704218731e-01
2.608368774471663265e-01
2.464566689904876817e-01
2.324386146204134029e-01
2.355590004193501563e-01
2.316441654420288432e-01
2.165221920208624251e-01
2.498667548682078077e-01
2.881503974010684033e-01
2.434659267794884174e-01
2.427675862783433280e-01
2.425810976134764874e-01
2.309175765020509419e-01
2.384362312962593211e-01
2.470142553482634895e-01
2.785363913477675868e-01
2.846072026546339062e-01
2.566791374007775794e-01
2.387144881622386694e-01
2.618135515752484377e-01
2.290135586630111519e-01
2.284871906968413968e-01
2.401977647868777099e-01
2.867174791573813275e-01
2.677581733665309605e-01
2.449630755924467329e-01
2.552771110031219481e-01
2.422647779420935565e-01
2.557733085443418819e-01
2.597761356046406345e-01
2.392643152030409226e-01
2.459105054072644181e-01
2.632869454816199051e-01
2.633598970346582302e-01
2.263772534164040506e-01
2.699183826131537622e-01
2.757960539895106256e-01
2.539578610183413354e-01
2.425380578022823252e-01
2.474867532854564955e-01
2.182249244905953844e-01
2.479496668777975976e-01
2.430106202609465527e-01
2.342399700980670185e-01
2.712581862222077644e-01
3.083474273176574632e-01
3.075711861276647086e-01
2.947940515649228876e-01
3.069536057198257728e-01
2.981107323533452313e-01
2.869887666234051116e-01
3.130267917039837866e-01
2.818717926309292632e-01
2.645619791132434173e-01
2.873794764877256047e-01
3.051403305162342372e-01
2.741539183053332551e-01
2.484727026560650809e-01
3.032153223979478507e-01
2.629523063667266736e-01
2.597042332720414515e-01
2.604353162977879332e-01
2.640051775400303335e-01
2.614456709213329733e-01
2.996914616355021432e-01
2.884070285289240254e-01
2.669929335615340849e-01
2.863571355638200311e-01
2.710307075978788949e-01
2.533085058979088755e-01
2.345198672073968427e-01
2.539134143239421548e-01
2.891244922805170647e-01
3.055373335631964560e-01
2.985465966636065005e-01
2.674361830265071238e-01
3.112949200510947145e-01
2.623077214116233402e-01
2.706339929619209772e-01
2.635423212225888046e-01
2.516499717787527013e-01
2.666586984513008018e-01
2.682941817635648429e-01
2.527094775334883248e-01
2.545700311965193863e-01
2.794849479912686063e-01
2.586952749794856898e-01
2.511396109519395958e-01
2.686271503270865613e-01
2.520236351111062034e-01
2.989891858741021147e-01
3.312998411261814380e-01
3.390967112945473261e-01
3.157545683495831534e-01
2.754897821399695523e-01
3.219050675538377981e-01
3.045079982513446137e-01
2.972016234723224848e-01
3.175613025660273814e-01
2.521454980613493380e-01
2.456665597905446641e-01
2.267234280772294774e-01
2.462092586422219287e-01
2.687476767635192387e-01
2.609549684100351263e-01
2.899765429963866992e-01
3.018234972818316098e-01
2.422595519210257453e-01
2.633911372625550307e-01
2.409101644965706279e-01
2.748774920084066098e-01
2.579282729264468776e-01
2.197240998258374878e-01
2.195835877904071254e-01
2.451688741235429903e-01
2.483516951645129700e-01
2.569182845417283256e-01
2.502289476427471682e-01
2.541570382862534117e-01
2.275102600947427056e-01
2.220825135972974707e-01
2.420259698182834207e-01
2.376002003698033938e-01
2.644831976958034181e-01
2.308480478198576269e-01
2.480326001882814380e-01
2.491857634531182697e-01
2.575349390120870718e-01
2.523825994884714152e-01
1.977777203164400310e-01
2.290555180790949108e-01
2.434113034071904436e-01
2.787542546744886107e-01
2.152798870754144556e-01
2.152827142079973000e-01
2.256652498276383312e-01
2.277251209822480915e-01
2.386766748052744636e-01
2.295145173700716690e-01
2.658336415205431180e-01
2.510327517836949962e-01
2.453402259351309678e-01
2.675771304827876951e-01
2.804508645614899875e-01
2.644440584883562262e-01
2.653863203276107252e-01
2.580949603054740193e-01
2.791252890885124738e-01
2.383930165385157451e-01
2.383800833332690716e-01
2.347639441783662961e-01
2.333681631793537437e-01
2.625848394426265053e-01
2.223029750533904725e-01
2.517727599982549913e-01
2.444913217356196045e-01
2.460296938197838457e-01
2.550418712319109105e-01
2.473432309032496668e-01
2.489725925066233747e-01
2.335135716899182090e-01
2.709485997768401044e-01
2.616849471533275739e-01
3.020003689261547275e-01
2.892561489062932534e-01
2.824233903293986159e-01
2.795620835069145826e-01
2.430323035062781634e-01
2.165526598576031081e-01
2.525589044202468103e-01
2.427254612724518423e-01
2.478667709113427653e-01
2.478284915642355590e-01
2.757963974203442303e-01
2.340362025268424850e-01
2.604877862253839882e-01
2.958091000372289892e-01
2.597491350367197027e-01
2.510169256068419674e-01
2.794670906017240886e-01
2.817219254308206966e-01
2.688781323447877458e-01
2.618453491283874723e-01
2.882130784571441673e-01
2.611090124538545387e-01
2.560690552466733383e-01
2.781858135716123170e-01
2.704585740591508580e-01
2.878242929926095317e-01
2.454381176599874648e-01
2.554712632346380907e-01
2.350145935285109788e-01
2.305587517970831557e-01
2.687303878188441741e-01
2.629416266436690464e-01
2.484903156688411108e-01
2.483791964251294282e-01
2.349811256996748032e-01
2.526168168695833161e-01
2.404916885033385465e-01
2.689489243986792344e-01
2.420009535327311556e-01
2.666533594338260649e-01
2.693493939465790299e-01
3.028338445561416514e-01
2.993079905951963049e-01
2.656820433147198957e-01
2.545882640790824714e-01
2.448311340607608744e-01
2.981383890413650817e-01
3.087197446948415913e-01
2.896411786442053549e-01
3.051032867920451808e-01
3.010838002593387852e-01
2.837768112446625302e-01
2.992029671468935392e-01
2.922454167656886037e-01
2.787557469806453692e-01
2.448024836589580977e-01
2.595806966504577984e-01
2.632388419169470750e-01
2.456642264713915502e-01
2.527990244839529166e-01
2.682305685872896084e-01
2.700599354020092879e-01
2.661249453260813302e-01
2.839564782334181858e-01
2.978085681185325129e-01
2.600390559294591397e-01
2.308890692735654782e-01
2.967878410491819330e-01
2.313903511780100453e-01
2.439788774501466806e-01
2.426131891025121723e-01
2.467225142576701669e-01
2.387944161383416253e-01
2.166745436725283080e-01
2.074605289990579526e-01
2.267819763509232311e-01
2.467155249205612855e-01
2.435710326945406956e-01
2.549285275340174572e-01
2.452061278467440320e-01
2.586654804615508008e-01
2.965328590915181639e-01
2.923077381450684409e-01
2.807565888481314831e-01
2.627833980847228412e-01
2.327900846006953350e-01
2.659088385914045727e-01
2.399105616375994121e-01
2.303062367819894152e-01
2.413980135659678505e-01
2.448539897337101978e-01
2.572023006578766924e-01
2.579845937534316347e-01
2.655451048146236226e-01
2.618782985820082287e-01
2.771824896491059120e-01
2.674939666587500819e-01
2.536615960080957355e-01
2.547597310662352288e-01
2.601852041089778300e-01
2.490863874327365335e-01
2.310205620050465869e-01
2.556009765215357388e-01
2.412575939889274323e-01
2.628365625387978910e-01
2.565578205182677540e-01
2.469698910443183237e-01
2.397737423305214277e-01
2.706654870587572037e-01
2.414460215012020072e-01
2.678128983220595116e-01
2.474764838101664033e-01
2.470342443675349053e-01
2.560049537585399326e-01
2.453416003752292851e-01
2.398685339643171210e-01
2.434488611147317960e-01
2.612907214674869971e-01
2.510025143789880175e-01
2.653727533325562771e-01
2.658113038479912871e-01
2.483767593318637334e-01
2.619522797010701010e-01
2.657776710616397975e-01
2.588446082041565011e-01
2.854962968667337786e-01
2.816063936402427581e-01
2.736962039663751178e-01
2.787614624157971344e-01
2.594136893453310999e-01
2.536094044271826609e-01
2.834220266521293996e-01
2.544711177715278105e-01
2.855984691683832732e-01
2.699407830808554509e-01
2.386573242770585468e-01
2.436882068666365309e-01
2.430198948005336534e-01
2.724979504826396393e-01
2.465661886201115927e-01
2.676368408422490353e-01
2.338546202216896797e-01
2.596801378228369428e-01
2.571753026460161795e-01
2.519642203796887414e-01
2.508914185866125690e-01
2.589512806110920162e-01
2.254007283750276980e-01
2.412220727304162371e-01
2.422562997007701724e-01
2.390597366811131885e-01
2.607158512158441188e-01
2.533079428075018513e-01
2.218279911542983540e-01
2.675197831688861383e-01
2.500560498540412291e-01
2.411783524020839620e-01
2.251335158781264112e-01
2.438404845706409751e-01
2.353287275657439670e-01
2.640476789329045948e-01
2.700559670616096697e-01
2.371574842049869736e-01
2.642421870084831759e-01
2.326530525304298658e-01
2.223961545249647509e-01
2.945109375219615577e-01
2.737013446938098005e-01
2.649741127498527193e-01
2.999328117425169027e-01
2.680688069210203639e-01
3.175668603053667383e-01
2.864027552488393469e-01
2.737723672328111757e-01
2.693601094332719326e-01
2.834731441741220048e-01
3.043812564297690426e-01
2.454154865754891168e-01
2.657009309523337137e-01
2.832341068470960455e-01
2.592417064293633944e-01
2.728706279503035903e-01
2.440157194042481270e-01
2.493853213857686046e-01
2.224264146824632415e-01
2.292097761032007575e-01
2.818479767691836058e-01
2.331651678080206291e-01
2.477735222904372536e-01
2.628593860688920314e-01
2.376333294249546590e-01
2.301116686536035794e-01
2.388350146435628540e-01
2.771631142946958115e-01
2.605247835870062589e-01
2.574003478084120888e-01
2.267097998926017044e-01
2.350205649090760240e-01
2.821817547426432315e-01
2.744053225184192035e-01
2.858252996423709114e-01
2.278824997380967388e-01
2.373079163436659367e-01
2.471581632276605434e-01
2.252257493033502367e-01
2.444315570317147079e-01
2.936895539298744473e-01
2.591862000535983812e-01
2.987368093089077248e-01
2.564992928412612172e-01
2.401824364604923101e-01
2.652744595474131883e-01
2.286418787054489976e-01
2.700478732818604177e-01
2.633648010699374264e-01
2.792098506516155210e-01
2.532001353945019240e-01
2.577714592342955635e-01
2.266450600806081128e-01
2.270730628821636399e-01
2.383530110404558644e-01
2.510131123424988453e-01
2.511803727052829283e-01
2.844840366877472992e-01
2.465310324866375746e-01
2.173063359563988106e-01
2.034533124484364797e-01
2.376913728826094419e-01
2.276655162654725173e-01
2.480586679552258533e-01
2.538922125955329068e-01
2.562680212024838200e-01
2.468317277618212735e-01
2.580012756465393520e-01
2.538256236486785555e-01
2.675103713887794221e-01
2.588918894437584606e-01
2.431971491113166239e-01
2.565494897878764502e-01
2.395288283641331950e-01
2.567201001316061770e-01
2.392302992199412670e-01
2.457108529794306828e-01
2.246311996447474257e-01
2.448634701656570434e-01
2.808255386502144235e-01
2.783764242267148248e-01
2.395963385310301286e-01
2.516090314180782217e-01
2.537370425901970816e-01
2.608024636978606980e-01
2.552222829210614163e-01
2.340274539723908032e-01
2.363478085454646660e-01
2.454928934656138706e-01
2.624529873156722926e-01
2.591116621149453514e-01
2.429595619294487863e-01
2.712148222287130706e-01
2.503784135894220886e-01
2.573476529432446869e-01
2.674377183986423323e-01
2.415204812769674858e-01
2.760137849730542325e-01
2.912044028856011213e-01
3.106897025820865021e-01
2.729989765472314311e-01
2.713498177934121625e-01
2.874905757850778065e-01
2.793321010414502870e-01
2.578206713261436689e-01
2.722274202839639612e-01
2.746024375533850370e-01
2.725485634106483146e-01
2.550427135957964997e-01
2.532131646946585990e-01
2.842413108466235738e-01
3.184542327144678220e-01
2.885464161102305747e-01
2.835487366126897002e-01
2.923934480416043868e-01
2.691592745498740946e-01
2.723326260402265109e-01
2.714263248526121441e-01
2.507459149149940392e-01
2.586812056073325428e-01
2.736017937660009114e-01
2.578592977943282571e-01
2.572518443789879594e-01
2.376798866707081070e-01
2.373361477278517484e-01
2.434757774643636352e-01
2.499220184049649462e-01
2.859564457851506147e-01
2.245471449696841426e-01
2.383276869997220104e-01
2.578520468347598738e-01
2.222165753469402816e-01
2.031356998293624982e-01
2.244395351345919165e-01
2.627012354464273725e-01
2.541961230753129186e-01
2.344887260258464723e-01
2.731993501079011955e-01
2.532021547894516833e-01
2.890345179260471742e-01
2.678209775314567831e-01
2.716992801860610429e-01
2.370449436291383882e-01
2.279416296682326981e-01
2.536715854299168571e-01
2.403919433611923784e-01
2.264152770753535271e-01
2.393744635120448883e-01
2.231278469681981513e-01
2.657719808660067851e-01
2.193476335565495983e-01
2.527730329939955056e-01
2.860776378319502822e-01
3.131454399273745359e-01
2.871742846660282900e-01
2.983170563447311019e-01
3.124027402217587346e-01
2.694090748139640890e-01
2.641591398179689576e-01
2.849276192224674542e-01
2.480535040583037865e-01
2.589566561907848397e-01
2.896687855017816005e-01
2.237129111604912457e-01
2.498038200627035743e-01
2.761714944983916231e-01
2.456675517184683799e-01
2.808538358117911304e-01
2.900890199081462284e-01
2.683499800841750993e-01
2.489191316554935363e-01
2.179955099099647464e-01
2.484112031049487412e-01
2.507167247056887316e-01
2.542328873193345218e-01
3.213867288517107679e-01
2.951289312332199266e-01
3.076737299977902462e-01
2.735549857857160205e-01
2.546374661649082327e-01
2.926627944030800732e-01
2.799271298074559322e-01
3.282653533595466522e-01
2.968621151476159015e-01
2.498771949978300932e-01
2.418452432656145179e-01
2.527807604326240409e-01
2.908789904181341424e-01
2.419302191850787875e-01
2.229049020582661578e-01
2.319640072576457102e-01
2.380559228203188438e-01
2.615026294403116625e-01
2.645179964210473411e-01
2.947908462805977625e-01
2.812992644222261363e-01
2.943848515391871423e-01
2.516688053039628503e-01
2.836831540737384527e-01
2.740517316019092653e-01
2.678961653320968139e-01
2.924239475575362013e-01
2.629208464150691871e-01
2.789786630897056474e-01
3.025224295560113297e-01
2.652810429929280400e-01
2.715833707152622845e-01
2.654072642303293983e-01
2.819172493157696135e-01
3.081627025345337612e-01
2.956439355123400281e-01
2.906859670476137358e-01
2.923632367041632540e-01
3.032364185741851514e-01
2.931853467364081145e-01
2.978030819371285665e-01
3.161101527489983964e-01
2.782995792536099300e-01
2.554241636292533535e-01
2.616724797024297389e-01
2.776796299076786378e-01
3.020392945003666507e-01
3.096712073683593469e-01
3.237870866367365541e-01
2.697767243953010374e-01
2.476608148823284949e-01
2.850110470253832129e-01
2.689590779181518787e-01
2.723545625716782825e-01
2.988978660708450641e-01
2.557219333047122123e-01
2.898309298218768038e-01
2.782553966618102614e-01
2.653498967959243560e-01
2.826345890133567518e-01
2.798814708672870966e-01
2.350200134144896646e-01
2.424734920516002923e-01
2.641940614973767865e-01
2.509055189200895541e-01
2.692432274113473190e-01
2.765753897817676554e-01
2.618009486158981991e-01
2.722917676119180896e-01
2.677395513302054386e-01
2.609072197490067135e-01
2.852179608085715357e-01
2.850236421264046305e-01
2.675383086137228528e-01
2.523440582650985364e-01
2.637826980945360833e-01
2.892198763858485067e-01
2.382897825580724549e-01
2.569101538440341503e-01
2.506151674058296197e-01
2.515978858930736362e-01
2.204759170705363203e-01
2.479819270871700954e-01
2.672391603654458159e-01
2.761958758519564294e-01
3.130587404222311410e-01
2.975418957789460750e-01
3.072232281682794608e-01
3.133137141755757415e-01
3.131915932581126327e-01
2.664838313085992061e-01
2.809677352683938034e-01
2.825372367857488243e-01
3.076327687350841056e-01
2.914568966831134200e-01
2.955563198948754633e-01
2.843700153556751320e-01
3.037594334611757318e-01
2.891752983455716519e-01
2.792462704474257817e-01
2.548365907643466155e-01
2.208510020527246764e-01
2.717078871250391825e-01
2.551103098904572430e-01
2.641067904688367274e-01
2.730470591480697040e-01
2.478133184035591352e-01
2.488456180511162963e-01
2.592849987678386703e-01
2.609103767478402891e-01
2.817915387322385001e-01
2.598473618118751216e-01
2.607962651450576597e-01
2.451921842593989542e-01
2.880420250892748446e-01
2.716224994383415470e-01
2.621254018732507296e-01
2.549237281078429729e-01
2.555884126675497803e-01
3.053165750576700144e-01
2.872836841293381904e-01
2.516916818835515102e-01
2.651538928002737938e-01
2.515763073461987909e-01
2.585354058383746989e-01
2.365423062150974476e-01
2.392115580656177520e-01
2.561642818984820047e-01
2.508311841837205791e-01
2.336505165763262670e-01
2.382184448665516929e-01
2.345095213221567720e-01
2.345175843263226367e-01
2.659768452178394860e-01
2.881167362298658885e-01
2.625862357407295899e-01
2.616557956331337365e-01
2.997725313888995879e-01
2.658526036958737127e-01
2.650424444441028538e-01
2.612039007258195600e-01
2.715848626801506960e-01
2.890168396182195565e-01
2.670298178831129188e-01
2.366179384595474278e-01
2.901868780636997491e-01
2.633280593444699558e-01
2.734508865739824768e-01
2.650130403487408470e-01
2.976293883465754297e-01
2.700590157420753590e-01
2.929749617599948230e-01
2.822588062533416542e-01
3.103156204892156822e-01
2.637438342953500880e-01
2.606125017137356781e-01
3.053822310075338109e-01
2.754576827649797832e-01
2.399560193844763600e-01
2.836248033127874990e-01
2.936318376877903868e-01
2.658196733057454075e-01
2.581646392127450729e-01
3.117315643032436134e-01
2.963252617049032533e-01
2.811474228009132603e-01
2.301815946034279081e-01
2.437637583614715719e-01
2.717599007174515413e-01
2.377082175563208777e-01
2.450260090671843582e-01
2.476355059530593594e-01
2.543380270939245569e-01
2.715583237007734296e-01
2.506460088412663101e-01
2.763317714185206664e-01
2.577202752458219170e-01
2.362876284676413696e-01
2.472949409252552799e-01
2.500205833829064472e-01
2.325120830236770131e-01
2.486349218336676159e-01
2.539045886998231305e-01
2.575216374155321897e-01
2.897258908058882310e-01
2.236881884080038629e-01
2.648118109798339170e-01
2.335731179460377449e-01
2.280449227045845961e-01
2.822243489718500031e-01
2.860078628584493132e-01
2.942582344709399611e-01
2.452738350006069823e-01
2.570250755134346199e-01
2.378008396305943961e-01
2.343039184011767306e-01
2.781420189161222800e-01
2.541623346657301830e-01
2.681189399571132781e-01
2.987411900516234731e-01
2.510884082043551846e-01
2.574154624599985230e-01
2.759032826738292976e-01
2.657833629681725096e-01
2.723084617595359358e-01
2.462981945622933211e-01
2.514412897628303667e-01
2.700863384889357621e-01
2.625715857083180671e-01
2.884380589429542674e-01
2.895890583698009224e-01
2.657093081517334365e-01
2.734491054595045156e-01
2.946275657841062601e-01
3.084375892196014601e-01
3.078973186015867558e-01
2.719606247663833853e-01
3.240093209356491588e-01
3.218651783259046106e-01
2.662850760733369015e-01
2.729762426368902428e-01
3.162251784301532975e-01
2.690266046440071834e-01
2.886115569861022467e-01
2.756819033264449881e-01
2.717862443735935551e-01
2.691402591974154102e-01
3.076676157000097223e-01
2.730372159096501883e-01
3.054091454225654756e-01
2.662772889095336160e-01
2.785184213183272695e-01
2.874401767470989300e-01
2.856735335582072377e-01
2.667465648432364445e-01
2.635182753607409056e-01
2.587174849402431032e-01
2.528396348767869006e-01
2.607486507838269185e-01
3.160119605217757144e-01
2.930327606877485280e-01
3.015104316327809619e-01
2.842360393006276298e-01
2.530659523590646498e-01
2.943364911601533129e-01
3.042640549374068248e-01
3.036027139368184247e-01
2.737143848503052479e-01
2.788494676217532775e-01
2.632127929527049992e-01
2.665363773650458179e-01
2.530812966539928155e-01
2.307760052270693141e-01
2.864162183857832944e-01
2.705586758566240757e-01
2.278976290233240831e-01
2.259449583862401800e-01
2.450543525368969189e-01
2.563449240132478213e-01
2.379170663938665609e-01
2.321535061351113483e-01
2.769396353936055544e-01
2.527025613581590502e-01
2.838651297618712266e-01
2.577684502946047118e-01
2.726079757826048167e-01
2.491674106850861603e-01
2.423153310925059978e-01
2.704188722423271907e-01
2.801175882668888173e-01
2.777141894010624612e-01
2.852061570450766248e-01
2.500114379957849575e-01
2.424414737571518874e-01
2.978123880705513260e-01
2.838821436977487234e-01
2.820687390076738743e-01
2.807578893521715524e-01
2.235024708406202210e-01
2.366416373287935360e-01
2.618768575963646983e-01
2.623666203987104484e-01
2.684495070626622404e-01
2.473033997201465606e-01
2.343229761082152030e-01
2.451300233836134213e-01
2.435878172987253343e-01
2.279121047635057629e-01
2.395031653972339580e-01
2.432445795659796683e-01
2.312809163535740065e-01
2.525769394215137686e-01
2.503367258343055513e-01
2.578244752031978448e-01
2.589741443763013407e-01
2.564680745955995600e-01
2.664530083509664138e-01
2.754777538574513795e-01
2.921337496116798160e-01
2.432030238306395753e-01
2.428354232691321002e-01
3.009767340443836314e-01
2.745343356407508595e-01
2.404302270068522651e-01
2.866628120122202694e-01
3.047369176492978338e-01
3.049241897379423305e-01
2.682711681046945351e-01
2.876613249705937125e-01
2.665350380421865339e-01
2.665454266526510185e-01
2.698785622029566955e-01
2.595500158619529207e-01
2.858672382716431759e-01
2.601152329279301512e-01
2.152927903802169252e-01
2.719196752452792132e-01
3.028807419418487190e-01
2.752099402425172148e-01
2.656821968710003090e-01
2.944342807558940622e-01
2.927964484826722225e-01
2.590960838312797998e-01
2.809876411398534168e-01
2.699711460983235112e-01
2.560360802429701432e-01
2.849653854088096128e-01
2.728757036989012397e-01
2.751041684751771577e-01
2.717485634844248321e-01
2.732778185191035991e-01
2.707705350989513815e-01
2.467764626137996797e-01
2.835019153835278138e-01
2.664344545246081775e-01
2.869017856607566364e-01
2.612310167989040921e-01
2.516997561863496546e-01
2.361883017969306775e-01
2.433051554334420830e-01
2.318889027291818339e-01
2.401159431815615974e-01
2.406343019704292041e-01
2.383126062472006035e-01
2.647820333044012542e-01
2.475778576677814258e-01
2.616976564793194737e-01
2.616681569134551855e-01
2.339579775877394519e-01
2.429736806665650228e-01
2.495246186385453591e-01
2.819931781201482357e-01
2.853965353794125637e-01
3.115302516577992398e-01
2.967184308734381881e-01
3.034424817556783394e-01
2.563418033360053694e-01
2.509641913168753069e-01
2.747022878659923228e-01
3.049381419164028939e-01
2.789899769870518575e-01
2.483623104001988491e-01
2.299156770522605142e-01
2.289735965584152044e-01
2.649753853590283703e-01
2.475181560388756696e-01
2.389653146922817439e-01
2.332815249942361557e-01
2.413058014640745153e-01
2.619734341516274934e-01
2.660357700479700216e-01
2.674613375470515919e-01
2.730621981769027484e-01
2.749921903962461722e-01
2.503534059818938173e-01
2.389117400669467928e-01
2.996069983795072167e-01
2.873602692724488428e-01
2.616229963303051687e-01
2.610937502503230534e-01
2.832335638650276821e-01
2.728830915488671405e-01
2.582557166071665633e-01
2.726245063517632738e-01
2.980045914686872965e-01
2.883919583714456558e-01
2.821661437510347148e-01
2.497010298580770449e-01
2.352946337763543172e-01
2.630739208574338073e-01
2.632452269795713673e-01
2.567670826830619202e-01
2.575215471386010369e-01
2.761318575545461118e-01
2.572343803960091546e-01
2.630647515573780182e-01
2.543573390239731724e-01
2.538760484164213627e-01
2.334109736886430531e-01
2.542786456696384811e-01
2.439569676023539413e-01
2.572467358752547617e-01
2.346744647087190827e-01
2.346866202356221176e-01
2.557695188390928243e-01
2.458870926967620107e-01
2.747500322830284669e-01
2.375165136489417461e-01
2.422892387864493402e-01
2.348287007269209414e-01
2.600045633032656567e-01
2.620319790720700426e-01
2.737076937523927889e-01
3.114114381520836639e-01
2.580620377184444370e-01
2.709208461269164703e-01
2.576324141681695656e-01
2.905997925132076665e-01
3.161684521928729286e-01
2.915798183855570769e-01
2.651408643682497401e-01
2.462791069686043888e-01
2.834812071439406500e-01
2.658435383565734833e-01
2.554634860688500542e-01
2.546131198440395593e-01
2.408343709584654380e-01
2.584775608420918913e-01
2.711966157794077348e-01
3.382136240409762684e-01
3.505878960716180548e-01
3.068160575678439694e-01
3.255677769319733628e-01
3.529612221851481935e-01
3.056292452498629575e-01
2.916762049290675396e-01
2.602736080605359548e-01
2.453414299910574026e-01
2.462047475385674977e-01
2.427331888180117858e-01
2.721685189273804761e-01
2.572441020341217910e-01
2.726235809870902749e-01
2.770548169648850978e-01
2.712406124446836153e-01
2.707372519336474492e-01
2.598408956316169416e-01
2.272243940517002792e-01
2.504769612669109913e-01
2.326940339447182426e-01
2.402505931663214689e-01
2.606774288357962543e-01
2.659160660148311983e-01
2.355118660195625324e-01
2.417972866273354893e-01
2.456193430908473196e-01
2.546779868837953931e-01
2.392181589875538306e-01
2.407812602773766186e-01
2.574003083246012014e-01
2.490367267055030864e-01
2.204318380800745492e-01
2.476394460003371600e-01
2.430753061474143772e-01
2.706129251253387991e-01
2.569507075741023772e-01
2.624654925561260010e-01
2.503977440983686797e-01
2.590696770379086189e-01
2.555166786989170880e-01
2.615967021237498580e-01
2.619851819099439649e-01
2.553243628851075142e-01
2.698990718387905829e-01
2.627279099024278364e-01
2.396600361947021918e-01
2.187587475488721178e-01
2.529357749732009109e-01
2.831482478188230290e-01
2.568811785332979492e-01
2.653342767323805806e-01
2.708997714687912395e-01
2.461019135501720523e-01
2.662980352538927287e-01
2.411811462577897747e-01
2.507483585176285001e-01
2.836137500088839469e-01
2.628041682778388122e-01
3.047479913230565218e-01
3.109515917209753066e-01
2.991566960344724802e-01
2.878173277810423536e-01
2.699599168924141646e-01
2.703202356704414444e-01
3.000145951517020348e-01
2.723642228327290971e-01
3.002506734100419128e-01
2.960910693071899802e-01
3.078571709136737611e-01
2.881595029329628299e-01
3.250655873602501522e-01
2.961378336823874413e-01
2.719735273262205433e-01
2.582577065709275033e-01
2.856962642498967475e-01
2.711519727869262097e-01
2.437059687423263343e-01
2.159089991459095803e-01
2.490977121474126643e-01
2.569146911880272333e-01
2.854041814857735671e-01
3.001952408440911046e-01
2.618368625777672265e-01
3.037190624649479531e-01
2.835377870236585052e-01
2.665252070354150460e-01
2.568074308122024196e-01
2.370626464680543610e-01
2.589246668223004755e-01
2.294223299333511545e-01
2.594912419872140719e-01
2.770616827243450597e-01
3.194242829904095915e-01
2.687430270417549005e-01
2.639424841797292087e-01
2.437959311758043368e-01
2.388330536252881164e-01
2.652439965743838557e-01
2.697730087502744900e-01
2.051367168616840819e-01
2.060183222014542459e-01
2.117718126602101125e-01
2.119360848518775653e-01
2.428035720716909818e-01
2.656534023168628522e-01
2.541795300426418769e-01
2.498367496477947036e-01
2.452960564545185185e-01
2.758055483677414044e-01
2.636846170523004518e-01
2.466535661807095214e-01
2.868498118142618347e-01
2.715142978211684266e-01
2.706054141369254595e-01
2.718132671909089249e-01
2.266281839625580996e-01
2.475302290634629754e-01
2.425364315387504854e-01
2.282840793657966438e-01
2.714694744416589756e-01
2.673194897039932183e-01
3.113259641346318718e-01
2.553597599209883051e-01
2.658588988814065690e-01
2.445437096483506767e-01
2.412903257879643881e-01
2.666185786175199746e-01
2.892580261008749765e-01
2.835554113084559624e-01
2.666284887330854780e-01
3.042639060014155628e-01
2.858978327567995859e-01
2.989743332340371040e-01
3.090656622670112097e-01
2.506261640605460528e-01
2.187023099133852122e-01
2.231130225034160530e-01
2.594433484669697587e-01
2.669120391161054484e-01
2.670816295175840183e-01
2.678418904255089328e-01
2.422806310744269054e-01
2.339128900126037913e-01
2.440519030696338409e-01
2.413279332798214383e-01
2.160469625112120817e-01
2.269242375888826380e-01
2.427333254449808297e-01
2.838467614985976661e-01
2.632685371917674044e-01
2.708450826734037364e-01
2.710786217885353677e-01
2.722341015483611959e-01
2.553018845867158770e-01
2.484341668992405550e-01
2.401848560279054579e-01
2.944459311550856606e-01
2.626074876360061650e-01
2.325916721281441057e-01
2.574196977697907340e-01
2.687569557658816000e-01
2.638359883333117328e-01
2.570541985527687312e-01
2.481521998369137783e-01
2.474905617246925260e-01
2.392169773007555011e-01
2.670483543497640944e-01
2.545033325992330786e-01
2.443266681340486302e-01
2.960040210391195470e-01
2.626772880472009741e-01
2.743007687239715775e-01
2.774209927521826269e-01
2.648492291556770462e-01
2.843932675931018506e-01
2.554403870999303883e-01
2.576919403499385863e-01
2.926173147801254260e-01
2.727771777147948162e-01
2.798376668461041161e-01
2.652147565686099329e-01
2.885696889347867944e-01
2.863353906015032591e-01
2.592639353992932660e-01
2.724683291473287694e-01
2.749741231628255456e-01
2.939335544748920004e-01
2.904042770571691467e-01
2.711849768021640794e-01
2.626921668813375632e-01
2.629593669142558099e-01
2.760204946984605168e-01
2.875937517725454806e-01
2.863647151918692346e-01
2.765993032833294341e-01
2.444113868365672404e-01
2.335093106773091232e-01
2.678932579562682270e-01
2.601993842506826748e-01
2.393639978450310124e-01
2.655103253516049033e-01
2.695298374030837274e-01
2.615269111209601038e-01
3.062630110133182648e-01
2.657752564600180945e-01
3.103817701784674088e-01
2.897835623877215716e-01
3.049905126670622857e-01
3.066155348868281338e-01
2.529183813514628842e-01
2.530713193034187514e-01
2.549363322131661946e-01
2.523110280442149578e-01
2.354953250062442882e-01
2.749334260154316922e-01
2.619104090620331671e-01
2.694064095157839289e-01
2.694399851503184729e-01
2.881705557774186799e-01
2.763210798479321939e-01
3.121680622859717147e-01
2.884440097873400832e-01
2.444647243546108906e-01
2.550393295154251838e-01
2.688791802281373378e-01
2.471959564354519190e-01
2.383868243632890627e-01
2.864880502955594044e-01
2.260502247883473259e-01
2.237663454240010896e-01
2.272075509056564746e-01
2.760476417450983821e-01
2.452702936845506942e-01
2.460752466629635704e-01
2.520219792171298212e-01
2.569208951182595513e-01
2.301460407942557129e-01
2.578960500901913977e-01
2.312432175459969430e-01
2.436194244108650375e-01
2.447721554265978317e-01
2.692668851317200351e-01
2.443030023876345547e-01
2.608686300608656916e-01
2.575880169455363466e-01
2.503287728059732098e-01
2.354064588166482619e-01
2.708516583920010379e-01
2.436974395034548768e-01
2.303036022673505545e-01
2.409608242117483590e-01
2.312700328941789951e-01
2.200306685939889539e-01
2.372582130106913878e-01
2.333339762608316603e-01
2.639885853176995312e-01
2.462880841959636802e-01
2.339453488440181306e-01
2.521945553743401569e-01
2.637706446832234763e-01
2.563000991131125228e-01
3.015389644647693546e-01
2.672007126993459214e-01
2.910682582560063514e-01
2.621315028866213481e-01
2.966639602534142384e-01
2.913117636257781529e-01
2.790935231548898887e-01
2.668731565101777892e-01
2.783269193606879854e-01
2.317181668129921768e-01
2.273327670024213598e-01
2.693518795563442092e-01
2.832252536192279013e-01
3.017189715732486177e-01
3.171364939351630774e-01
2.901104155582706068e-01
2.259540222311303415e-01
2.601553910145422699e-01
2.666252170936848076e-01
2.920716395397913723e-01
3.134748198153389787e-01
2.666734363160742083e-01
2.721219800127058774e-01
3.158159354395018714e-01
2.755779069996006636e-01
2.987881481987334498e-01
2.879799584062519568e-01
2.659208767513666083e-01
2.703138165701242657e-01
2.776199379567574343e-01
2.810877548593518904e-01
2.401515842582732374e-01
2.603481369022087599e-01
2.192714453499765015e-01
2.142072880303061699e-01
2.294336146092595674e-01
2.091818288215115118e-01
2.429547177119556201e-01
2.587995075697284708e-01
2.452296200278115401e-01
2.270443853794264222e-01
2.496949672636523676e-01
2.678183705994403585e-01
2.610207707214670103e-01
2.384515683749939552e-01
2.425481234963445254e-01
2.750457694793787544e-01
2.549718179022298359e-01
2.509552559411003525e-01
2.580023524710287619e-01
2.467893285875948084e-01
2.594141517524599094e-01
2.791904222251615497e-01
2.769376292879954793e-01
2.917029819517156786e-01
2.322419582924157566e-01
2.600494307183594533e-01
2.587809354490673286e-01
2.716877927002582238e-01
2.818380212258597695e-01
2.874438563282478709e-01
2.431469021509897466e-01
2.570886693258093714e-01
2.757854860395219099e-01
2.514300574841301095e-01
2.961873401702848074e-01
2.779895821936713696e-01
2.856613652170458817e-01
2.627959985928320918e-01
2.581646077220287605e-01
2.856731829772294895e-01
2.647733081160656421e-01
2.401615067496469247e-01
2.237438330227829730e-01
2.587706398513174300e-01
2.632361849552818378e-01
2.279103327769808340e-01
2.272095029671132305e-01
2.439614516236033315e-01
2.465134588175422747e-01
2.461071344481216006e-01
2.469582182299819018e-01
2.563342558029094720e-01
2.450221747326452870e-01
2.330032055222336640e-01
2.730046726422298287e-01
2.420818461377418074e-01
2.653629291941373425e-01
2.563503545505305126e-01
2.468170487262058566e-01
2.605207748098992138e-01
2.989706275583854933e-01
2.817225589610936054e-01
2.523870355893387263e-01
2.709837723172062729e-01
2.590317129479934311e-01
2.803061141942103651e-01
2.308884564785768645e-01
2.711322140616614917e-01
2.708392795695779287e-01
3.024656649112740792e-01
2.696516999185166741e-01
2.899307643695277492e-01
2.673525283035232403e-01
2.585120255420872426e-01
2.510749013508761229e-01
2.622689697466158987e-01
2.463517643536945745e-01
2.464247086631017603e-01
2.423182577069701860e-01
2.413531415205840691e-01
2.380044582147613774e-01
2.656059196442915882e-01
2.538000219081462117e-01
2.420343619493139087e-01
2.392961431036998432e-01
2.697700091797290978e-01
2.048521096838775979e-01
2.224141761040376586e-01
2.220046264896261279e-01
2.264846878604758473e-01
2.429371516404670028e-01
2.290808537467489692e-01
2.605803564234269176e-01
2.618587100470977647e-01
2.827536548464598676e-01
2.921390368044687325e-01
2.844420529076346349e-01
2.772828310852286648e-01
2.208804472315477052e-01
2.490952116445374065e-01
2.729741593757878393e-01
2.456819251712629992e-01
2.765825634143748712e-01
2.460388027253265775e-01
2.439778362172120296e-01
2.510677903636473474e-01
2.792736853053294777e-01
2.916592119094735258e-01
2.737113951363805975e-01
2.650781791585888891e-01
2.561285226258673831e-01
2.629356597427625619e-01
2.829406364042228450e-01
2.537910629212814517e-01
2.328869083903749859e-01
2.601772849766569862e-01
2.898709285383961332e-01
3.070910731906860147e-01
2.372713997586536061e-01
2.901070693757821228e-01
2.891729878108512675e-01
2.776508069552757751e-01
2.846236281575389437e-01
2.609814845607543177e-01
2.658706840513473946e-01
2.858919658392442553e-01
2.622598482438251999e-01
2.571314135376945309e-01
2.371537255764696039e-01
3.043811567131513018e-01
2.829781261449731966e-01
2.995091529852583756e-01
2.944310902762881654e-01
2.605712264814274981e-01
2.654925376209028576e-01
2.424714311889750451e-01
2.555861469764810212e-01
2.617823525344309399e-01
2.860576969772245515e-01
2.503609321392515352e-01
2.414842422608385053e-01
2.773927303642453324e-01
3.051354184719629603e-01
3.033131705394516153e-01
2.919722504036085797e-01
2.486267119362164935e-01
2.539707780335746512e-01
2.529533459036485410e-01
2.582957591614468695e-01
2.464635685454732994e-01
2.646152654825475459e-01
2.698173783991023034e-01
2.610765101747942740e-01
2.896169310392260332e-01
2.862457487183054372e-01
2.775546397699242829e-01
3.382401408462056280e-01
3.442393677635485205e-01
3.168538144588821104e-01
2.862724019446500900e-01
3.068590362944170202e-01
2.959897561607149341e-01
2.734627394984157078e-01
2.676713847587335326e-01
2.606083434079184968e-01
2.298299326197687786e-01
2.716754758240455536e-01
2.190689661457083381e-01
2.492367080961370440e-01
2.695569201423056449e-01
2.560605631316086872e-01
2.493695217377351891e-01
2.751827669950530630e-01
2.492979447797243897e-01
2.886078885055741172e-01
2.507209569669076599e-01
2.496362593188717616e-01
2.260771673093510403e-01
2.408967871597957888e-01
3.037879378413579357e-01
2.500840254075713531e-01
2.492472965474894775e-01
2.385461173676887980e-01
2.575329447592192289e-01
2.510463439454808099e-01
2.534347566161846421e-01
2.660618101080181597e-01
2.387414692001192107e-01
2.171627403088651209e-01
2.153722176414774869e-01
2.187634027670577463e-01
2.613084999038246536e-01
2.614922251196726832e-01
2.542387545113553027e-01
2.551709013691248473e-01
2.436102254644827714e-01
2.329789392395760217e-01
2.679948519919691519e-01
2.636287325892450184e-01
2.341126906744735170e-01
2.343051551836880519e-01
2.414900363616800660e-01
2.462532436708687600e-01
2.608634457317867139e-01
2.826813510440377430e-01
2.638435908347112613e-01
2.567635982053875221e-01
2.719068470625125022e-01
2.549281971782729195e-01
2.549445384381958668e-01
2.596324616667631813e-01
2.626760745548691323e-01
2.760509643216216835e-01
3.066046553938973074e-01
2.545398142230891336e-01
2.888809020755397361e-01
2.812200931648958790e-01
3.295370849755647202e-01
3.015424398415957885e-01
3.045305538211326435e-01
2.707222936424650839e-01
2.706673193648399534e-01
2.583290409704111501e-01
2.448318447772235562e-01
2.516795626802662000e-01
2.290386732930001779e-01
2.290165933811279531e-01
2.209074896961367718e-01
2.111915726750560052e-01
2.529767756795405775e-01
2.726302506666941627e-01
2.781159932936526080e-01
2.835711840652715976e-01
2.418383055062590103e-01
2.411408076384558841e-01
2.308213600979371061e-01
2.628533165806629657e-01
2.474986471387774223e-01
2.490269664474873690e-01
2.600841168442443729e-01
2.489530125747825007e-01
2.871009619240414423e-01
3.044845902332616316e-01
2.835562957998029043e-01
3.027358905608442674e-01
2.441638841142619032e-01
2.683354024955323380e-01
2.887880386403695598e-01
2.639463363467600687e-01
2.750495203754044771e-01
2.561938747185441012e-01
2.489603187306518028e-01
2.316182033089087267e-01
2.611308162539736633e-01
2.387330650032451207e-01
2.822295233754890664e-01
2.641918872153442011e-01
2.809314099990549152e-01
2.502541282836308056e-01
2.891316251249024805e-01
2.727767640850984332e-01
2.811539708896753642e-01
2.825983233290157992e-01
2.476400276752532825e-01
3.096608579536056505e-01
2.659675987542554076e-01
2.562139862323737360e-01
2.964246851158538476e-01
2.642366454461873015e-01
2.540470888297045593e-01
2.685472353251128208e-01
2.809762543741566865e-01
2.887272183334415043e-01
2.855374988133618230e-01
2.489273450969123891e-01
2.509412851704649894e-01
2.413814524843632403e-01
2.600186261176358760e-01
2.379081114511574224e-01
2.885648281317143571e-01
2.504069177704110749e-01
2.669964824047372787e-01
2.356242149528315066e-01
3.104066739135443731e-01
2.439762636683228403e-01
2.686495493717399596e-01
2.694703069498211589e-01
2.600026447331297286e-01
2.827912840990542409e-01
2.650792709801335079e-01
2.427316664685756631e-01
2.677204943599293396e-01
2.327499497791860328e-01
2.576435795347742919e-01
2.719360885330781019e-01
2.836620746044806740e-01
2.993625644192162705e-01
2.582861426357083157e-01
2.397328396306886988e-01
2.633713669857766781e-01
2.587526835992237095e-01
2.435453352330974042e-01
2.625480089957379359e-01
2.364116478938605714e-01
2.428745674678999822e-01
2.428546787357409587e-01
2.222110155899136852e-01
2.162981148587891367e-01
2.594295771183240396e-01
2.632268514353443001e-01
2.777742856606801869e-01
3.066491334009569525e-01
2.728383782286582515e-01
2.797252286044076275e-01
2.829976939287263127e-01
2.875552357962246619e-01
2.772659278229186453e-01
2.829808106437458060e-01
2.451909525705299464e-01
2.938063310142707274e-01
2.790152719369267675e-01
2.557839736703215183e-01
2.465709572336814981e-01
2.744942144431449793e-01
3.069585231485544297e-01
2.502507610570218755e-01
2.097278326298864237e-01
2.639888760008657353e-01
2.554067217408648727e-01
2.543522423258821052e-01
2.701040017452044917e-01
2.943784788745016368e-01
2.476175221782441760e-01
2.902701823964407568e-01
2.759842030815049529e-01
2.933774944817243435e-01
2.804319867447171433e-01
2.694832844631664392e-01
2.732176074183728653e-01
2.460482927467999292e-01
2.700669253381903778e-01
2.704964066960900415e-01
2.713696824156588416e-01
2.844434984937964095e-01
2.637764166663780774e-01
2.851549997301711659e-01
2.339320498773833079e-01
2.382377752065185372e-01
2.137446087022539243e-01
2.170520916156347679e-01
2.010099474885848891e-01
2.390077389411310038e-01
2.486861070800178430e-01
2.336172597134088535e-01
2.415854159058470618e-01
2.258357956358616470e-01
2.640145109808400004e-01
2.410345769191350185e-01
2.266234806198128005e-01
2.140548736765666149e-01
2.120960108774758157e-01
2.219643093880729057e-01
2.263945188943050080e-01
2.537219145444490898e-01
2.350116331149424975e-01
2.225184219168321320e-01
2.264222700294382384e-01
2.373536609580698398e-01
2.297583676328033286e-01
2.300880848163307513e-01
2.265125180746603017e-01
2.278013778332989570e-01
2.223399014333821699e-01
2.166037612343402197e-01
2.177771289085643491e-01
2.623465848351256846e-01
2.614410934545182141e-01
2.624744714520212407e-01
2.715136421700154457e-01
3.170213237385701155e-01
2.840440165989553400e-01
2.568105843552064838e-01
2.889897552855973939e-01
2.932814875537639865e-01
2.975514587987431181e-01
2.923186777866851882e-01
2.767631357300937012e-01
2.560083047235960918e-01
2.756992654487446792e-01
2.483067000448680728e-01
3.154356093892367596e-01
2.603831172764917712e-01
2.390932859901368224e-01
2.681444315546077650e-01
2.626089834969376202e-01
2.643489295759402502e-01
2.892037283950353865e-01
2.391404321056376792e-01
2.576604229497256315e-01
2.597604083511627637e-01
3.010830219003893804e-01
2.393779361314730403e-01
2.595997564368236477e-01
2.523228140072236170e-01
2.909202820545173096e-01
2.703778255610880255e-01
2.967154675293244281e-01
2.760289384341570451e-01
2.797748521424733292e-01
2.665245260499975455e-01
3.252497611072970862e-01
3.210099437603908812e-01
2.862628325258129713e-01
2.578757171276437332e-01
3.075380698575416738e-01
2.909803121368374490e-01
2.774636774596953570e-01
2.716239633171271262e-01
2.685346436508798673e-01
2.698015659423070867e-01
2.657595133019839961e-01
2.783968352995088713e-01
2.947839790879538402e-01
2.832157698160448489e-01
3.000494509274271304e-01
2.681296832599411317e-01
2.687363003166222675e-01
2.579321601685106713e-01
2.602160940635803166e-01
2.512577228497751558e-01
2.429710551007784602e-01
2.646259903977651873e-01
2.700288568154620705e-01
2.557069736596933041e-01
2.400924290788830628e-01
2.431870359956077032e-01
2.637973383637639002e-01
2.486267170505397084e-01
2.635655830814103151e-01
2.514541009343738143e-01
2.322861105886838973e-01
2.573868043408765183e-01
2.576144520862648224e-01
2.698616016839469056e-01
2.760452210143155005e-01
2.734537239501226291e-01
2.882909016137950031e-01
2.559530065867909321e-01
2.714197177371830971e-01
2.526761545799557918e-01
2.524166009242779229e-01
2.307193204623672889e-01
2.957402748815323168e-01
2.565019941067707143e-01
2.459442077507022484e-01
2.937452823118865686e-01
2.890552923263528529e-01
2.832731564717311801e-01
2.779211453026494971e-01
2.973758434301878584e-01
2.671941134255483852e-01
2.715326765457435343e-01
3.036964893164438295e-01
2.733246166823600776e-01
2.770134350719491434e-01
2.683028229935740527e-01
2.366260772792822265e-01
2.474204750157749100e-01
2.618064778002336390e-01
2.637078092495809822e-01
2.547358148748383178e-01
2.547339568934492426e-01
2.834431668115723335e-01
2.738396708132341262e-01
2.452525441526429151e-01
2.195215600492012309e-01
2.506334729824645224e-01
2.173932608624321028e-01
2.322414504267616142e-01
2.156618411123933376e-01
2.490356753236527276e-01
2.401395008501279738e-01
2.560011877142124304e-01
2.803697404835540641e-01
3.019301096905366300e-01
3.041604359191426576e-01
2.786817725197410778e-01
2.766681464782941302e-01
2.827166337533337792e-01
2.668025898029765530e-01
2.982386752306289135e-01
2.792817552203095133e-01
2.479545289005963271e-01
2.496876553874876892e-01
2.433124432454587815e-01
2.500196584782293785e-01
2.314138492355714283e-01
2.273911585224490939e-01
2.313155635468848725e-01
2.522834554676496865e-01
2.437230618641460511e-01
2.326368171111507788e-01
2.319072270283609183e-01
2.605218333751564419e-01
2.513537967599679401e-01
2.664381463052657995e-01
2.843039503420192182e-01
2.647607418736669382e-01
2.909941052723932775e-01
2.500280551825369568e-01
2.735170128042212490e-01
2.913837648237121436e-01
2.743456577796428708e-01
2.641749693481384442e-01
2.410602664110801929e-01
2.654008156621510683e-01
2.818359636044415195e-01
2.594107821692461791e-01
2.626868233106880446e-01
2.487679875319274425e-01
2.788568249249902542e-01
2.559064746850445715e-01
2.346721893300404149e-01
2.255310792713556278e-01
2.746526993223974977e-01
2.410858526990445339e-01
2.830601946395384649e-01
2.909112889499914645e-01
2.826111604573279812e-01
2.574999326819383261e-01
2.560936953143734263e-01
2.295229275795178103e-01
2.439481826441062540e-01
2.470440152148062063e-01
2.962647632024212885e-01
2.489248182322890690e-01
2.675213017992280617e-01
2.845126026914540640e-01
2.871140899523508816e-01
2.706894264944627038e-01
3.011576634569944066e-01
2.836207659211481547e-01
2.623491338650420501e-01
2.546735224018100152e-01
2.342842800652140123e-01
2.543849589724563875e-01
2.676241888283707460e-01
2.851730467763627375e-01
2.707819428049500488e-01
2.743591858065232425e-01
2.813844909291161045e-01
2.640138273410737035e-01
2.777818648608270657e-01
2.944082886637864327e-01
3.110113516936570677e-01
2.502230825658420255e-01
2.789500443096889493e-01
2.658038746502076055e-01
2.795749471441110190e-01
2.755416786126649309e-01
2.877396753105789240e-01
2.610463492269486929e-01
2.472171056473717043e-01
2.730157886016612023e-01
2.543348136326276099e-01
2.730240812879820012e-01
2.431881289037844673e-01
2.636794502179775068e-01
2.633718702355788976e-01
3.253052558851677878e-01
2.950380991154087917e-01
2.775943425035420908e-01
2.635038045735073609e-01
2.429752896931218209e-01
2.433072045635224778e-01
2.770871164687370158e-01
3.251563396463413302e-01
2.988331302257539179e-01
2.674092778677219506e-01
2.885088501874347178e-01
2.744162205973973978e-01
3.184156103042651287e-01
3.065465462122762275e-01
3.088207727865078800e-01
2.817122744584648619e-01
3.070745525395817688e-01
3.186958504573904616e-01
3.208889534773392560e-01
3.745577814010922491e-01
3.266289350805556824e-01
2.944194904147381386e-01
3.149075128619385211e-01
3.102858437074637044e-01
3.146484289528366229e-01
3.313072162750106964e-01
2.850466480319713836e-01
2.524005634387848085e-01
2.601517115149395987e-01
2.813144378555086922e-01
2.990346860551942321e-01
2.684316196223110462e-01
2.678835899734779979e-01
2.917577842943074318e-01
2.545276833602365119e-01
2.391542230495045107e-01
2.377245704920362412e-01
2.570517154764219714e-01
2.486234555078343789e-01
2.679072572827651544e-01
2.576911306575394578e-01
2.493710449918616345e-01
2.837382868550768489e-01
3.137837127347069544e-01
2.755290380742876910e-01
2.594320258306138105e-01
2.607537858649373042e-01
2.505652685778255173e-01
2.484208749693362639e-01
2.445937926783076366e-01
2.576210716586818106e-01
2.858689885989396662e-01
3.065754929107717963e-01
2.566917810654880117e-01
2.441927911514588656e-01
2.695075700862272217e-01
2.235678781285615480e-01
2.653735995707872108e-01
2.484352393158699712e-01
2.827774869121782997e-01
2.880479388186210077e-01
2.678342216344669069e-01
2.828516585413369255e-01
2.733972435551068059e-01
2.656118135903021149e-01
2.811730543928467885e-01
3.027071812652353811e-01
2.338630092346988543e-01
2.605039358739764110e-01
2.565467895844589785e-01
2.607391296472393871e-01
2.677555136753904108e-01
2.812248823563155975e-01
2.574686831950628307e-01
2.694308085400984321e-01
2.548465008266406762e-01
2.548984220660076572e-01
2.524536133794821335e-01
2.535454767830066514e-01
2.607698180871951266e-01
3.062575202481779835e-01
2.705302806386308268e-01
3.106514773927024908e-01
3.213243676868481336e-01
2.842779698648322251e-01
2.772426989412771214e-01
3.204767510162807587e-01
2.594432659038721223e-01
2.712246500895219570e-01
3.016643319037911608e-01
2.783058877133062214e-01
2.993779002011555113e-01
2.850126672711330023e-01
2.820439806914066261e-01
2.794139563183233865e-01
2.774402865546677366e-01
2.644490367671584186e-01
2.932650408548109211e-01
2.715114429886096303e-01
2.736387289372423925e-01
3.035151872819664143e-01
3.156157832378697070e-01
2.695125051147748696e-01
2.540178697832130572e-01
2.840680995453867541e-01
3.004009924329421599e-01
2.682689815310271841e-01
2.808747917995897403e-01
2.903505088541224466e-01
2.870961940158938130e-01
2.819335768745753201e-01
2.696100439855822484e-01
2.829452142712438611e-01
2.841558184079682192e-01
2.908495164118891640e-01
2.861210787235435871e-01
2.967930537609829167e-01
2.758871862422856425e-01
2.467337837035538106e-01
2.366446589260771671e-01
2.178891884675075163e-01
2.106224240327198294e-01
2.139438128428256536e-01
2.384921029911036272e-01
2.346495908719876400e-01
2.258793464210878676e-01
2.436592947434134682e-01
2.171854298328634303e-01
2.631141660907638791e-01
2.248741594005539413e-01
2.356736928853739310e-01
2.589035725127806775e-01
2.964132828193660196e-01
2.889722136421203902e-01
2.421389440370309010e-01
2.559979932291689964e-01
2.821932176998778186e-01
2.729378797590935601e-01
2.608079834579132839e-01
2.712638704447297155e-01
2.473458871568238182e-01
2.624615823573431816e-01
2.524406725315934685e-01
2.731504034262542402e-01
2.756029878385631293e-01
2.804473978204090612e-01
2.417637930578201699e-01
2.354650639112331190e-01
2.500707369326998220e-01
2.358370715898785441e-01
2.320059231095286945e-01
2.555680145143687798e-01
2.465475905604859186e-01
2.253964864298449722e-01
2.406957228017448658e-01
2.343926227085172398e-01
2.720665386956118148e-01
2.882859683552631003e-01
2.752483828469409755e-01
2.680016213687536064e-01
2.625919053475205267e-01
2.844715510835594263e-01
2.658536118690355554e-01
2.643094018621107710e-01
2.487483032797427884e-01
2.792431649720918951e-01
2.842319006309960705e-01
2.563669168030099366e-01
2.602857978294716990e-01
2.819577290678216830e-01
2.804908788617345161e-01
2.940664150514891162e-01
2.719576346320287663e-01
2.833060179239354492e-01
2.876067612015520414e-01
3.058490821680892036e-01
2.800199142987632728e-01
2.556822782988654730e-01
2.439188997877342058e-01
2.401738994301107488e-01
2.373861287704621126e-01
2.521587767030413207e-01
2.656129200110878275e-01
2.542940108606765448e-01
2.931775338686270493e-01
2.755485635731569904e-01
2.708951944202902529e-01
2.716063360709709551e-01
2.672337022617418123e-01
2.707867687800660228e-01
3.337964700295183440e-01
2.841619002960724116e-01
2.591635077332289372e-01
2.597380635023155415e-01
2.383768704466063537e-01
2.431159057998789341e-01
2.492856642174433313e-01
2.834189094600184644e-01
2.697069949938460387e-01
2.452849043704601883e-01
2.569764261048373410e-01
2.430312360957928852e-01
2.563232842523210375e-01
2.225660550743046584e-01
2.290463103331860928e-01
2.668092656095470971e-01
2.639151282496497442e-01
2.522366878377035326e-01
2.287030138304918248e-01
1.973423920413766852e-01
2.200804514963729253e-01
2.704143643615678494e-01
2.856423060329507102e-01
2.546397729106714691e-01
2.610909356628105527e-01
2.478315167846574518e-01
2.177093319050799891e-01
2.440247384427242372e-01
2.520309074881788569e-01
2.840104245386447790e-01
2.841400680204665408e-01
2.847537832924680323e-01
2.754736816651341402e-01
2.560437088793924842e-01
2.496392658465498571e-01
2.931748294304987734e-01
2.617763180313514848e-01
2.444482242951792339e-01
2.484473356556252122e-01
2.433740292191803878e-01
2.455514838957766066e-01
2.768854290269527896e-01
2.518540666281409157e-01
2.515947920321531805e-01
2.053873335575593373e-01
2.638655061331267038e-01
2.611306071476228174e-01
2.764598718021981649e-01
2.575195147833516662e-01
2.334493476088507213e-01
2.296988188256265662e-01
2.226054253450079623e-01
2.344296230375982337e-01
2.407580786615394763e-01
2.572250720535605439e-01
2.492626212134237407e-01
2.967851144578773082e-01
2.922763515673186263e-01
2.689435888224250837e-01
2.741164857676243183e-01
2.927505199479290554e-01
3.004712953586223256e-01
2.784764015958388628e-01
3.042414712809316524e-01
3.095231752575106632e-01
2.861974450200245879e-01
2.743736489128067446e-01
2.837310520796116897e-01
2.782465800767131014e-01
2.635257185457966500e-01
2.359377679375473102e-01
2.442925799648719976e-01
2.516217874161047474e-01
2.838305293236631499e-01
2.616060529119035860e-01
2.792659680375324527e-01
2.844410874943820167e-01
2.570056864442500921e-01
2.906817684331460261e-01
2.653346721300288147e-01
2.597109271953513265e-01
3.169246528089122439e-01
2.518267188777305599e-01
2.402746468615821474e-01
2.540015885096833514e-01
2.319934632725964563e-01
2.822621891998789989e-01
2.657922092578119955e-01
2.875659397938314377e-01
2.683680235889222554e-01
2.766864102365481637e-01
3.202408830547022744e-01
3.025740614256955396e-01
3.011545218246231559e-01
2.868839234661696991e-01
2.728133725161914214e-01
2.915226747110243877e-01
2.317342471956898853e-01
2.402709407027990296e-01
2.356147956946722799e-01
2.737499578373331355e-01
2.525999363138095033e-01
2.657129582073631258e-01
2.720216655575402598e-01
2.532398786052424966e-01
2.471476003725259496e-01
2.389171684843090226e-01
2.118115159783782175e-01
2.545760753622992589e-01
2.487758648209152379e-01
2.842709802788353501e-01
2.393362402005700107e-01
2.538327572313706648e-01
2.541523281626064112e-01
2.205127788320213889e-01
2.757711439809836240e-01
2.665743281855396107e-01
2.546489556982216018e-01
2.250986798852792070e-01
2.367757533082199550e-01
2.966214267858365838e-01
2.911941969010709563e-01
2.935845697154506606e-01
2.717466903198617612e-01
2.506318582098241432e-01
2.658382782772080177e-01
2.305179836393575488e-01
2.721806211679301812e-01
2.427004963543817340e-01
2.471503536665143053e-01
2.383568093891774431e-01
2.247739128540766906e-01
2.299124730455093801e-01
2.515244702636811325e-01
2.845492488438364775e-01
2.588727929447492415e-01
2.561710406701031006e-01
2.690974911174978668e-01
2.454926532643347814e-01
2.654401588007391233e-01
2.681075048132895988e-01
2.633302388340684197e-01
2.698558066396277155e-01
2.778209235209529449e-01
2.621256766665354676e-01
2.858455781326692535e-01
2.551156203042577730e-01
2.691624121809980119e-01
2.298896765749346982e-01
2.624244640841056908e-01
2.494083257777966189e-01
2.589389994930863526e-01
2.667838838978522920e-01
2.691726512090157342e-01
3.103888103131097753e-01
2.935533250686196971e-01
2.590115403986154030e-01
2.864708770027563633e-01
2.951297583059542262e-01
2.823720868246025195e-01
2.365097121435970895e-01
2.676925539769684503e-01
2.714244576189974167e-01
2.799963719980640975e-01
3.501181116040862351e-01
3.023509837808924794e-01
2.731776897000582349e-01
2.574847692701769941e-01
2.489258659799692408e-01
2.765293847337005895e-01
2.671193329140379991e-01
2.797847709100089175e-01
2.812428442014358043e-01
2.661920732496322883e-01
2.129305456290919718e-01
2.609025179408022144e-01
2.870661377543518022e-01
3.004121579182537083e-01
2.601320732761330801e-01
2.794992575881223296e-01
2.870843724770191230e-01
2.929764723573979879e-01
2.797521555871815280e-01
2.664208991505103707e-01
2.491900193063504299e-01
2.133033695440375022e-01
2.745381536555425162e-01
3.070055549523794669e-01
2.845909806456210500e-01
2.866513800098798304e-01
2.880180653455218787e-01
2.792090040881436974e-01
3.040071455824680524e-01
2.633280261105254705e-01
2.746314499007354581e-01
3.436772949069767935e-01
2.844049877045209951e-01
3.259142857384989544e-01
3.057592238390182127e-01
3.506977998568717725e-01
3.164272911207677841e-01
2.729861641508902204e-01
2.972316057973680703e-01
3.290939939309573403e-01
3.156189456847043329e-01
2.692057314429435189e-01
2.769341530519516259e-01
2.629014692432800060e-01
2.683311907412095909e-01
2.507863772414346548e-01
2.669320607167144921e-01
2.419995734552779221e-01
2.429155466377377615e-01
2.705198415206345741e-01
2.525779529508998533e-01
2.558333826142095702e-01
2.234027827774537067e-01
2.406410105696324686e-01
2.420272801067291646e-01
2.332519310428051440e-01
2.457468484093666694e-01
2.300600136532022499e-01
2.334768321188091245e-01
2.332329255087364495e-01
2.419947071429170149e-01
2.472460685300181815e-01
2.717677909551304838e-01
2.685549457675528440e-01
2.717365213940469149e-01
2.324934236901401441e-01
3.036927928488488138e-01
3.036380891245091806e-01
3.186232965032814723e-01
3.024549138852590247e-01
2.688708476147193549e-01
3.048456206349707820e-01
2.864606550298158805e-01
2.671335618123051314e-01
2.453789109608063568e-01
2.572214942401239712e-01
2.881780148869778624e-01
2.891587315496738086e-01
2.697229964431006044e-01
2.743085559812635243e-01
2.191274383553995786e-01
2.415480371314256136e-01
2.545551825104990229e-01
2.748659415239106396e-01
2.973401372535997012e-01
2.423212763069961528e-01
2.633548500977996309e-01
2.566568016593367973e-01
2.341560841282803451e-01
2.500588764373714579e-01
2.317730755676482846e-01
2.517627659410744401e-01
2.911231471835094009e-01
2.616197808932414492e-01
2.808731451532648360e-01
2.611819447053935761e-01
2.714120148619731387e-01
2.985720816461798210e-01
2.193072205229167071e-01
2.263590607593224113e-01
2.894618274373711997e-01
2.345179775029506697e-01
2.453847065426601748e-01
2.498950283562921537e-01
2.433206850080978090e-01
2.165631919787315285e-01
2.386284723772641447e-01
2.487305913412364566e-01
2.495257948273773008e-01
2.387973567373390393e-01
2.356780382362590187e-01
2.419391500113094451e-01
2.483944630359709582e-01
2.822601803871011561e-01
3.088599509640376217e-01
2.863325961243571305e-01
2.501419840160257757e-01
2.373887908131280533e-01
2.932046461723913366e-01
2.594447073466372156e-01
2.838756159836065551e-01
2.847810579982542056e-01
3.255693118099681205e-01
2.807235035419162195e-01
2.713591157949049593e-01
2.840764581766111463e-01
2.571454768069216246e-01
2.518512959204931012e-01
2.520307719479878417e-01
2.494001158774536708e-01
2.567800298740434695e-01
2.702071921368602303e-01
2.522246088494375926e-01
2.676774180701055883e-01
2.655270206424140134e-01
2.666839352890958414e-01
2.446471508480784207e-01
2.206909064795466446e-01
2.718839342686761862e-01
2.633061569874858843e-01
2.711646211919986338e-01
2.657839886715721023e-01
2.556911311176635060e-01
2.418438820281475776e-01
2.508654601376988924e-01
2.790608761910672309e-01
2.250610630404558388e-01
2.364506178006000603e-01
2.218908972394652013e-01
2.294519627803787432e-01
2.342559410839173129e-01
2.588990034352582348e-01
2.551089948586681144e-01
2.503801642928186189e-01
2.487974564857995396e-01
2.549628958981329796e-01
2.491445380713721292e-01
2.413800151256992044e-01
2.451130211875508502e-01
2.527544197086371569e-01
2.326993587709511313e-01
2.341596033366308005e-01
2.554740251840291743e-01
2.550870989428382640e-01
2.433418957189020237e-01
2.526482170689274276e-01
2.579958530643537973e-01
2.308778816663546729e-01
2.505270126417865617e-01
2.488616896258320221e-01
2.391219706355366958e-01
2.464194646671832856e-01
2.342399014377710420e-01
2.890908931280326555e-01
3.014361427486458855e-01
2.866572301729545247e-01
3.156812202981874593e-01
2.656396287265489486e-01
2.604820792896662129e-01
2.429628468571680966e-01
2.332432551733279180e-01
2.279852987320808988e-01
2.617244726505345009e-01
2.368123186736730834e-01
2.429328108013986964e-01
2.379735294262192991e-01
2.692488086074864007e-01
2.717387115884826732e-01
2.742497837549305317e-01
2.921778676454384605e-01
2.608334823785854462e-01
2.151934456310563015e-01
2.442404060253418607e-01
2.323323972237034962e-01
2.187579916536772084e-01
2.641573346363493280e-01
2.628908224375191005e-01
2.764760291186959540e-01
2.196696947158323365e-01
2.332392647630468774e-01
2.294839772542975054e-01
2.347091518109218067e-01
2.656733465092292468e-01
2.768464133344292200e-01
2.266153681499470662e-01
2.678174397689168096e-01
2.543092717050781104e-01
2.287416825573287404e-01
2.601082280881466535e-01
2.696360403131656813e-01
2.661155840451598920e-01
2.683507260648150261e-01
2.592093997718346587e-01
2.575473049435962336e-01
2.774272567021344726e-01
2.460823447390623198e-01
2.403865435503644565e-01
2.344878827258842779e-01
2.655656282618610309e-01
2.341350931713910288e-01
2.808272059361538453e-01
2.388084067987953640e-01
2.163819288064554869e-01
2.423328389375931091e-01
2.399152481874374521e-01
2.523252736035098143e-01
2.806565172651078188e-01
2.525576882343860685e-01
2.532882373526487152e-01
2.491047072332451540e-01
2.565175735660280565e-01
2.635221780244467737e-01
2.967515992972779015e-01
2.657666842719120792e-01
2.929845394038117501e-01
2.183581994425571327e-01
2.399872342907015121e-01
2.343628459779977524e-01
2.445478215714251835e-01
2.444144357435550641e-01
2.378370689886605549e-01
2.599553655739850755e-01
2.411910609529250293e-01
2.638969571828460592e-01
2.672928822587705699e-01
2.981461223507715363e-01
2.671740574816013347e-01
2.685037372050802507e-01
2.434231910836935631e-01
2.591547549251454474e-01
2.791927203958768922e-01
2.823171239133029919e-01
2.389014428837234749e-01
2.769989967818659582e-01
2.571574347908891500e-01
2.398266190684905375e-01
2.286800604177871288e-01
2.658955483352148930e-01
2.942095715725618343e-01
2.956011552580301016e-01
2.594301330194619948e-01
2.745304593461199705e-01
2.744999889094378864e-01
2.458773001292886839e-01
2.374864837356185920e-01
2.461626573471472901e-01
2.613545194216629342e-01
2.921708214822673066e-01
2.544556009240614980e-01
2.685063482822380720e-01
2.404669309832479229e-01
2.300460648579709666e-01
2.354566823713404033e-01
2.709674419898963627e-01
2.619532154520037848e-01
2.605602651499763223e-01
2.572769431708257226e-01
2.871032326128933887e-01
3.087240704084865950e-01
2.587181180964386873e-01
2.999556126592233807e-01
2.769291441676468568e-01
2.405398930628109833e-01
2.874256643401568168e-01
2.690213165184637822e-01
2.849958267678889268e-01
2.588582501448042916e-01
2.642526672920754716e-01
2.838590662033385059e-01
2.631381219197538868e-01
2.625076853387060538e-01
2.548755748287673817e-01
2.582892469068703845e-01
2.552560647251854165e-01
2.598553369608526675e-01
2.235397361520258253e-01
2.426549649739668801e-01
2.727300335483012761e-01
2.512639825404376359e-01
2.332143402328558379e-01
2.414007353094454467e-01
2.411789230189584909e-01
2.373085581676889211e-01
2.460108659527189823e-01
2.217315344729033633e-01
2.582336131468210283e-01
2.217117963738549635e-01
2.426076039879122848e-01
2.421029516253446479e-01
2.720770695930226357e-01
2.768504133803733058e-01
2.747134586016158342e-01
2.561729919660198918e-01
2.581685468510329096e-01
2.438268221750468090e-01
2.720896580540790310e-01
2.453133791988921786e-01
2.352629275157940014e-01
2.465151703440882081e-01
2.400959655379817093e-01
2.894819330000893420e-01
2.917386714205049691e-01
2.601308214227997517e-01
2.635914206394425752e-01
2.466900742353007880e-01
2.565879489308552919e-01
2.580785473704508282e-01
2.143199375823784669e-01
2.581609561786536999e-01
2.458844203042372667e-01
2.437276779874257560e-01
2.935746823493070035e-01
2.754322223939729697e-01
2.328723622539821125e-01
2.392777300306057064e-01
2.679314492757869370e-01
2.771342947379006327e-01
2.666295687439721451e-01
2.715815470643618834e-01
2.929457435718078595e-01
2.452287213654242570e-01
2.729692271479449150e-01
2.434886676044435150e-01
2.723941047158234818e-01
2.545583379983964445e-01
2.594515096850579794e-01
2.552256619092512224e-01
2.621124301873249407e-01
2.712154177720152437e-01
2.467692340539117957e-01
2.370629864129538134e-01
2.576033902234773354e-01
2.773877039630894825e-01
2.325368692218821309e-01
2.222957098256078401e-01
2.485373101112936245e-01
2.820181872083917796e-01
2.516531377512934431e-01
2.923773717675356432e-01
3.042427527141985388e-01
3.039942742998696379e-01
2.982446959472545012e-01
2.903544675046718093e-01
3.040654866182686544e-01
2.825525940848423456e-01
2.645490959600557690e-01
2.777157379136652171e-01
3.059966503182500186e-01
2.760044813520154405e-01
2.723132322436292441e-01
3.087029396306830153e-01
2.513990007265188287e-01
2.306769611568185996e-01
2.068755344085028980e-01
2.462599286640058394e-01
2.299079495192694333e-01
2.452572694125753072e-01
3.012205732461740726e-01
2.517117226813625486e-01
2.884266246907331577e-01
2.420459612628871326e-01
2.394961314742527492e-01
2.455991409830087235e-01
2.725859587780230520e-01
2.681985341536626821e-01
2.602261727310201667e-01
2.543484760477220386e-01
2.797149456188144367e-01
2.380954729310303664e-01
2.162919651144084854e-01
2.249967929343283379e-01
2.451381054571713514e-01
2.349445372649093811e-01
2.096515334421955312e-01
2.553413979428806879e-01
2.599601312275520160e-01
2.368469918712415856e-01
2.989573424206250496e-01
2.859814882321252139e-01
2.633782836272164918e-01
3.083793034612850592e-01
2.876807253813196685e-01
2.808840206168951581e-01
2.756677550454277870e-01
2.597227737515209745e-01
2.550644778741691932e-01
2.416528086993970648e-01
2.917480022284213992e-01
2.897174431057720212e-01
3.012363269344613403e-01
3.029900851085332580e-01
2.628257442892140694e-01
2.448994246212586878e-01
2.713541554149257462e-01
2.670432039658642842e-01
2.611135568844171195e-01
2.715311620908368861e-01
2.550112314062513708e-01
2.660898722832742980e-01
2.784066042138908514e-01
2.556729030725045648e-01
2.697263312191265916e-01
3.022484146347416134e-01
2.893409053017831356e-01
3.018248991131973757e-01
2.586873821415356933e-01
2.808090775890145219e-01
2.685068440667063294e-01
2.676682212879844536e-01
2.318372881992926127e-01
2.511134797045777023e-01
2.813120957792356602e-01
2.745746796067312090e-01
2.728457556046210430e-01
2.580307884105857985e-01
2.329161555915223447e-01
2.497381988759473093e-01
2.857709719379100122e-01
2.971213925726065574e-01
2.757089872977431244e-01
2.481329732592683357e-01
2.676320708737902621e-01
2.463239695002489571e-01
2.506615724905201792e-01
2.864031291649232203e-01
2.622139216289030572e-01
2.449508452405131098e-01
2.674443672536457317e-01
2.635427792319131601e-01
2.767338255078208853e-01
2.692369062962974291e-01
2.673966755888858571e-01
3.044920490294907300e-01
2.653167222114266033e-01
2.987965810391390309e-01
3.254537937431199457e-01
2.831478569604098383e-01
2.928638043463361873e-01
2.656637610746619971e-01
2.876104709752926869e-01
2.869928883275272291e-01
2.638712179697601523e-01
3.413301600550304182e-01
3.218853834675527992e-01
2.855929339287852642e-01
3.403331673794089962e-01
2.790391444596320158e-01
2.559661395343269530e-01
2.442143857311458721e-01
2.571779466063821018e-01
2.604817285812442429e-01
2.325102091027947404e-01
2.618315198678829447e-01
3.097943555752717404e-01
2.838576065083391886e-01
2.730506656918631481e-01
2.640145037000465877e-01
2.668141906818220499e-01
2.424168389221069697e-01
2.383631977941135516e-01
2.493436202509415889e-01
2.522535372550765431e-01
2.804516821860366660e-01
2.874190180290241980e-01
3.181699682825173126e-01
2.736306677513690166e-01
2.751237018942566115e-01
2.866004402540999751e-01
2.696699993748016277e-01
2.927861635777011529e-01
3.079668863559472114e-01
2.954824191756340590e-01
2.758913558864989901e-01
2.338530975977841375e-01
2.590169038654592248e-01
2.476270626870528402e-01
2.476675617347111336e-01
2.324068659384547764e-01
2.861591204752192419e-01
2.828300357832287948e-01
2.437356989030411980e-01
2.887978132119852770e-01
2.647891118634011498e-01
2.563728938369690402e-01
2.269915300095827482e-01
2.561389775805190672e-01
2.487119859142458145e-01
2.568789517512632403e-01
2.773100034552870019e-01
2.482283856471769190e-01
2.341800929856709124e-01
2.425028139719026810e-01
2.757299547133660322e-01
2.472356812560428663e-01
2.419330032099777650e-01
2.202782745613769133e-01
2.168921851983966753e-01
2.527943132853210373e-01
2.724435010014985004e-01
2.568409633284330917e-01
2.326734841309681667e-01
2.423802902731537479e-01
2.543731927626475819e-01
2.585033359421431420e-01
2.572300249634896230e-01
2.752302476615271498e-01
2.392570476066849527e-01
2.804202538137040013e-01
2.576990787718100306e-01
2.701852950366869788e-01
2.690568419369367414e-01
2.504337749183865314e-01
2.807654005314124124e-01
2.626319111769673809e-01
2.814124505349959726e-01
2.943704379224034717e-01
2.924284989263721823e-01
2.783805664702431182e-01
2.670150132521161845e-01
2.775742047753222419e-01
2.553896269847280021e-01
2.568848162662074608e-01
2.731065958209705213e-01
2.834054957661885088e-01
2.637646724516191643e-01
2.255549559623309386e-01
2.229804671544394212e-01
2.956628601273983969e-01
2.571417185983101428e-01
2.446616691867423976e-01
2.659825829405781938e-01
2.463011159673104133e-01
2.602500903610685534e-01
2.698427321437016912e-01
2.674683804184307401e-01
2.884343773144574241e-01
2.587894363205932580e-01
2.730782515967603574e-01
2.455605812086584239e-01
2.534230695227345787e-01
2.849608307318214351e-01
2.594745564687432338e-01
2.441763860212812220e-01
2.457830345390719096e-01
2.334276769512160510e-01
2.462855004980593343e-01
2.412317480925827151e-01
2.390726291124672109e-01
2.759155823518100181e-01
2.752024641866529509e-01
2.702899545273733106e-01
2.710498533140775490e-01
2.495210304610067931e-01
2.531659714964379360e-01
2.664275603934950221e-01
2.645339837684026474e-01
2.538494030690683356e-01
2.785314968545390402e-01
2.416360806439084019e-01
2.627818743626431086e-01
2.527284106769379091e-01
2.523268093395286127e-01
2.412015450485182899e-01
2.640607470896282893e-01
2.480027982373444739e-01
2.537054328899613354e-01
2.445403692070713397e-01
2.797238597176519015e-01
2.691982422892665872e-01
2.715653296953978169e-01
2.664710284844423738e-01
2.644316159585092252e-01
2.764286785788910850e-01
2.813371615159149242e-01
2.726267762882363943e-01
2.720447687579130025e-01
2.535816187573307623e-01
2.598088921141808449e-01
2.781438704708099063e-01
2.662989641896512660e-01
2.615031026897365884e-01
2.995965236195240466e-01
2.838616545367900756e-01
2.712792592762229282e-01
3.086123988230713433e-01
2.922276599639005989e-01
2.420222913364986905e-01
2.392277510877239555e-01
2.384065969326811252e-01
2.525728390999954498e-01
2.557598292518071248e-01
2.984492726383679018e-01
2.483318758562000628e-01
2.183717431197684244e-01
2.434048913114394697e-01
2.588014030038973123e-01
2.724207584318579234e-01
2.545744672640878337e-01
2.389011785596934501e-01
2.517178835459551456e-01
2.532263924103576591e-01
2.605147065160148823e-01
2.559656208588870774e-01
3.099315137916807128e-01
2.330263620915749845e-01
2.815647124318582106e-01
2.484556603452039714e-01
3.030732220810188338e-01
2.969069490506240916e-01
2.888629293484187843e-01
2.651289524515097473e-01
2.644012921252744674e-01
2.700198231499564838e-01
2.716447922799840042e-01
2.856122072123116196e-01
2.780862481691298016e-01
2.538598231891902590e-01
2.694651292564212430e-01
2.951346344030021385e-01
2.687454335954316820e-01
2.868331214819125341e-01
2.797765233451833811e-01
2.797113525500959930e-01
2.802424956832252345e-01
3.010301462584750731e-01
2.682262851262032788e-01
2.593431360806160990e-01
2.678648966735189263e-01
2.738556999834491634e-01
2.757585124321968451e-01
2.596895351493269111e-01
2.620384433597356399e-01
2.565722960404215880e-01
2.690671241143233750e-01
2.802152728679829230e-01
2.853397025579961221e-01
2.539656255362914838e-01
2.412155117425707762e-01
2.391090356056739807e-01
2.843685308741921713e-01
2.918671631294083579e-01
2.924361937400343225e-01
3.081024480623686945e-01
2.832828900644685510e-01
2.804653247459657495e-01
2.429927837465530593e-01
2.792383260907659315e-01
3.123501555328797585e-01
3.036745311264863467e-01
3.247777028870421634e-01
2.731610250612831470e-01
2.642423527103120451e-01
2.625238276292468642e-01
2.725155631685344249e-01
2.366142329736637961e-01
2.339763172613431030e-01
2.820091929640616835e-01
2.452423500751966801e-01
2.823827978131161487e-01
3.301022882079754361e-01
2.698148103793851504e-01
2.323687565560432766e-01
2.489579199706500046e-01
2.670532943575469886e-01
2.792160809803407306e-01
2.913144820070692753e-01
2.647522911056553463e-01
2.461335447551026845e-01
2.615829950252316349e-01
2.684702782498643581e-01
3.030322961226262768e-01
2.788285250489597744e-01
2.526308319010006076e-01
2.430035773454954362e-01
2.766135760710527469e-01
2.873100845299074724e-01
2.326221891784869267e-01
2.379681702972331614e-01
2.562073005146689453e-01
2.436962227881086795e-01
2.363335972737244661e-01
2.420351461281750050e-01
2.740537380807853141e-01
2.882530551336500158e-01
2.526278763570180552e-01
2.469536537945025423e-01
2.395120775413618619e-01
2.777917977270732419e-01
2.528921825359327080e-01
2.337550997407042142e-01
2.272868655054799403e-01
2.731977483575042109e-01
2.411099078838291054e-01
2.471614079585698065e-01
2.573114176503839556e-01
2.624357230877728542e-01
2.532098850781766552e-01
2.360019150714333935e-01
2.502947622143751327e-01
2.696284068311017856e-01
2.493145473166129000e-01
2.705061701913297756e-01
2.315683134790297859e-01
2.747703246679527034e-01
2.733904773058272730e-01
2.240176962322956988e-01
2.589782583475103706e-01
2.495965635966873042e-01
2.516065006228220824e-01
2.928757428205215341e-01
2.853753278490558376e-01
2.549364999013668531e-01
2.488690715687247312e-01
2.340170049194299773e-01
2.717755225049288126e-01
2.381685654481690007e-01
2.400599942315412294e-01
2.291312194586038187e-01
2.110486732406902655e-01
2.237196505642356781e-01
2.508152371401560776e-01
2.543700622720103111e-01
2.645290356924825947e-01
2.854709681532967003e-01
2.422925900444507230e-01
2.798526762759708242e-01
2.860372282884346418e-01
2.946343747650043143e-01
3.240093052579975930e-01
2.930719740994583433e-01
2.607778494593716578e-01
2.651338356839902932e-01
2.358814743264128211e-01
2.482036758140557520e-01
2.670230379363666695e-01
2.613086865215541454e-01
2.420543790603479628e-01
2.215868301026583109e-01
2.344237354002871865e-01
2.398582414820288888e-01
2.486498687489611947e-01
2.354878867185251079e-01
2.654125792523134852e-01
2.713749711747759363e-01
2.325274023045313387e-01
2.465588655049611166e-01
2.482975403680933169e-01
2.672951165582033162e-01
2.902666949671195984e-01
2.673206929820794442e-01
2.806691967245580899e-01
2.881397702233322033e-01
3.143733623372691466e-01
2.786076714446301117e-01
2.904594495405660726e-01
2.747813347687148577e-01
2.978746310013605236e-01
2.898480681112775015e-01
2.733668249210809975e-01
2.950632192309296520e-01
2.668186513568244211e-01
2.922494580216116189e-01
3.169735863622939465e-01
2.842521340754494696e-01
2.659485217878045926e-01
2.731470195825878577e-01
3.202041295221618733e-01
2.980974868960094559e-01
2.723699449880493950e-01
2.566480150714517960e-01
2.999570479988077354e-01
2.960362409582174559e-01
2.630645272054585870e-01
2.529022242347908067e-01
2.258793962663834254e-01
2.321365392231623803e-01
2.381202201358718906e-01
2.351030025893691144e-01
2.813710780641356379e-01
2.591553291435428896e-01
2.818442745822877793e-01
2.317340153184954121e-01
2.472092797120339913e-01
2.617347507203444668e-01
2.724595845422847495e-01
2.829570481396166404e-01
2.448352568796189899e-01
2.767246054931239985e-01
2.545589107477352342e-01
2.729357345534039747e-01
2.655066905676763400e-01
2.753685627252509538e-01
2.723132228830028034e-01
2.657621347756776164e-01
2.522520063505781507e-01
2.543797660168505281e-01
2.586661416358824739e-01
2.483059278527295077e-01
2.460148445146661811e-01
2.406528125068292667e-01
2.673854137118175101e-01
2.515346994094003197e-01
2.448966427555851755e-01
2.454456862101903059e-01
2.607833929697336850e-01
2.620659304922236532e-01
2.378810524964095063e-01
2.444738612423500157e-01
2.725563991360802074e-01
2.745136218866933708e-01
2.726759460409604041e-01
2.486000930732546188e-01
2.625063205565589253e-01
2.456733598344006952e-01
2.446968623902094908e-01
2.459075888808641974e-01
2.478509420599800950e-01
2.384902915387921429e-01
2.617997019361879008e-01
2.724140906332913614e-01
2.484490134404267470e-01
2.633760948887301501e-01
2.696605707253721396e-01
2.820119169048790342e-01
2.649984821291730408e-01
2.986720234058002355e-01
2.985815928799309682e-01
2.750465742181204543e-01
3.026043756606360269e-01
3.104690310503341877e-01
2.733072982425442943e-01
2.760514098187033527e-01
2.499083320870300606e-01
2.995532118004375355e-01
2.790528805155163550e-01
2.842690955248060591e-01
2.554279799883860669e-01
2.845637716612329227e-01
2.596317081737438692e-01
2.866531329506310510e-01
2.554913535785343082e-01
2.628868591573895186e-01
2.704977477455235979e-01
3.050826881001560964e-01
2.935894439725411642e-01
2.857401683972638495e-01
3.112107602000310225e-01
3.090978725316299580e-01
2.968325180128054130e-01
2.848715692366021179e-01
2.424639413630178264e-01
2.524866888821421518e-01
2.547450691707289216e-01
2.486559872531833304e-01
2.558688214592337862e-01
2.832906314708412143e-01
3.216577383302782756e-01
2.794033307005970301e-01
3.124276393314305844e-01
2.751335533923419674e-01
2.485094607266240818e-01
2.629806073134859923e-01
2.788928804682461182e-01
2.679432749634872990e-01
2.481846587028163909e-01
2.634902984997827269e-01
2.837960753762253097e-01
2.475398739901907563e-01
2.425966814686004169e-01
2.294915996833584992e-01
2.399851731278183353e-01
2.648123346850788096e-01
2.679940143710465295e-01
2.642526763038159365e-01
2.592264787215091126e-01
2.927113458973343296e-01
2.727406460581195402e-01
2.577811424801993989e-01
2.551314300957089332e-01
2.912981226239091392e-01
2.641086043061726674e-01
2.708087770704724617e-01
2.377789318420936993e-01
2.785225820502619798e-01
2.404102198010034108e-01
2.246944670016376433e-01
2.480913488536512779e-01
2.384873927996974396e-01
2.922469192380123260e-01
2.545556397525531866e-01
2.661171294849919988e-01
2.680835935198390141e-01
2.893307943088594958e-01
3.353215516351504277e-01
2.876988415600715832e-01
2.704968184730673908e-01
2.790772527064882547e-01
2.689137805690450245e-01
2.859654358614105996e-01
2.906469906402565639e-01
2.795749388045703498e-01
2.496865451284969728e-01
2.499746617660423831e-01
2.810501918999681603e-01
2.435596341301529133e-01
2.362532570538672383e-01
2.685776271035908436e-01
2.643016264183343234e-01
2.487896843245656076e-01
2.513047249953804796e-01
2.588772081276717318e-01
2.678206404576752298e-01
2.441398475193272966e-01
2.665281546421760517e-01
2.232998576503408272e-01
2.475252160458147055e-01
2.463963129593483570e-01
2.632050285276404944e-01
2.528228449870651429e-01
2.537979270911234209e-01
2.431293011874490761e-01
2.452152605617839987e-01
2.864693054266597150e-01
2.423566865775648171e-01
2.748627074057988784e-01
2.524858233301370269e-01
2.540511169378278367e-01
2.600537297705439732e-01
2.908027831318656942e-01
2.412285947687682064e-01
2.568017028395288559e-01
2.670000808743601128e-01
2.715281573716593067e-01
2.657741615529711221e-01
2.509985303697765402e-01
2.522236451447671390e-01
2.323705273898566126e-01
2.604807297747485095e-01
2.522418887088374029e-01
2.219814812480864485e-01
2.841610537255360169e-01
2.750499153502899419e-01
2.646208131558253629e-01
2.533885272749168971e-01
2.743585675324146100e-01
2.523641207022941924e-01
2.625164758955236266e-01
2.601364909032903849e-01
2.115155483239982148e-01
2.551554366399098606e-01
2.429370659283738854e-01
2.413394952548258976e-01
2.459903877656067217e-01
2.534114667334728677e-01
2.421554737883692965e-01
2.728582299359549324e-01
2.661389534514551625e-01
2.906290656380003945e-01
2.834821879275306045e-01
3.028602631009871260e-01
2.481723634143662705e-01
2.685698302126063308e-01
2.865517609667954657e-01
2.649182290890597646e-01
2.406314436045468852e-01
2.362953177213762690e-01
2.958106775276377887e-01
2.817718535971553417e-01
2.675722923063688086e-01
2.574190371227914054e-01
2.492526743881298690e-01
3.043560224480293397e-01
2.792332291080069084e-01
2.464100337383842154e-01
2.358938723942013982e-01
2.255505540892125405e-01
2.495057918296900712e-01
2.594086238067822014e-01
2.785146108644619423e-01
2.449334303553580838e-01
2.542056919958436967e-01
2.492145448053769696e-01
2.680924043068682039e-01
2.440589677418107395e-01
2.350379556779429446e-01
2.941090948218487156e-01
2.378167075790063034e-01
2.618674340517854193e-01
2.858602191255039116e-01
2.578785842524513039e-01
2.696936754784774459e-01
2.298550697924175712e-01
2.674811604976120583e-01
2.508572109123187177e-01
2.525347284051383534e-01
2.303173696763007594e-01
2.315383969244757534e-01
2.510959962167061965e-01
2.904181156358752736e-01
2.516908627066447579e-01
2.569196353490271756e-01
2.497739280615289270e-01
2.528938975188507743e-01
2.263487639398657769e-01
2.434894215926926564e-01
2.542219403013857293e-01
2.947354338215841252e-01
2.191386927109187088e-01
2.354542777895774486e-01
2.291362293565135932e-01
2.400296000631767512e-01
2.391547244738520817e-01
2.444455766651252027e-01
2.601496909822535453e-01
2.477030475098959128e-01
2.410365844371523403e-01
2.394339036025791567e-01
3.102317970283395843e-01
2.976888932635111673e-01
2.973819021802990292e-01
2.893330629932709952e-01
3.022221983305731219e-01
3.150240512227899248e-01
2.885891666067310068e-01
2.701236356830200580e-01
2.564398419955158936e-01
2.678605608804104921e-01
2.592349180538728870e-01
2.507117553748036132e-01
2.582962695624322347e-01
2.359857688396570230e-01
2.967026346140460014e-01
2.566984481866447787e-01
2.626707725265507443e-01
2.404975990341551850e-01
2.253523535657600552e-01
2.794717161734144306e-01
2.782877159553645008e-01
2.988934074337452063e-01
2.607643582309737140e-01
2.877608196933521545e-01
2.368029565780562506e-01
2.759547657756274974e-01
2.801176563450430979e-01
3.077365467078234107e-01
2.586025783275706647e-01
2.483232024717267339e-01
2.461010169994873320e-01
2.803162405956949876e-01
2.697607158588313236e-01
2.529111001423117733e-01
2.584131811172458160e-01
2.902512552647583122e-01
2.524323717212011986e-01
2.757887130264906062e-01
2.637035882922633134e-01
2.947386948238158721e-01
2.888153126976040763e-01
2.858117738612783176e-01
2.670868201885451820e-01
2.638388267398533715e-01
2.554378418556024766e-01
3.017297222683534286e-01
2.909447287841627761e-01
2.841690700007659665e-01
2.504890457819358707e-01
2.489590933171452192e-01
2.971087138964882968e-01
2.807458765453949012e-01
3.246978823223182764e-01
3.021716501926556275e-01
2.846250594128914568e-01
2.655996837012423173e-01
2.591601203060784897e-01
2.725072884821353458e-01
2.795119238464982558e-01
2.665441125112445464e-01
2.623025073821713127e-01
2.773228734669037632e-01
2.879690277478741955e-01
2.813129070390275599e-01
2.479216013867893142e-01
2.351558636946536329e-01
2.864312224086515979e-01
2.690884453875457827e-01
2.279366932581284866e-01
2.520648195490514665e-01
2.447249215580454273e-01
2.454927705202056831e-01
2.781980535191646009e-01
2.772468535439072679e-01
2.723897882293092598e-01
2.874862868539122540e-01
2.950670907474872151e-01
2.661242381327613704e-01
2.862129092239921735e-01
2.683253943735171565e-01
2.799861249092985838e-01
3.024201939727211852e-01
2.997397672202433694e-01
2.909438273116073947e-01
2.525821664503599129e-01
2.553477623547106834e-01
2.560802964781752067e-01
2.577829714821562312e-01
2.926918243646888240e-01
2.357055526788967015e-01
2.707272176235469563e-01
2.578691129275456073e-01
2.606886378446001129e-01
2.537773413509134546e-01
2.470291328169239298e-01
2.109767581785768620e-01
2.251733618971661355e-01
2.537232871327934625e-01
2.456793569619417639e-01
2.564282199430468201e-01
2.845757017127031885e-01
2.991914047996124260e-01
2.512771660777050609e-01
2.984140372255740803e-01
2.668183665654897951e-01
2.652036275053357151e-01
2.823360853495256451e-01
2.579637973399775408e-01
2.191589256966162413e-01
2.687358052055253133e-01
2.839585376223636715e-01
2.901971095968081671e-01
2.837531453790651526e-01
2.611889353118727608e-01
2.657321888591595571e-01
2.819835735233403029e-01
2.686010607462274158e-01
2.534134484079160754e-01
2.779079296893089412e-01
3.026061222033877285e-01
2.992460126894337380e-01
2.859220964852273172e-01
2.592386854275947616e-01
2.509533286354185266e-01
2.584885478731017150e-01
2.581007874690197101e-01
2.451085002504247434e-01
2.597573758357648588e-01
2.587486031218977356e-01
2.635041925588954004e-01
2.980736007557127087e-01
2.563552482049001324e-01
2.543902883933434889e-01
2.776107605434746106e-01
2.389559639169413219e-01
2.306933887112564696e-01
2.391583760368270195e-01
2.562136242666910868e-01
3.421013596636710008e-01
3.198997475274516500e-01
2.797968784638545370e-01
3.037206654869786804e-01
2.747971063314639806e-01
2.677856716649001934e-01
2.809133300735874861e-01
2.740825583868181092e-01
2.567938430403563510e-01
2.275394029194897083e-01
2.397050082891916678e-01
2.340624967126214984e-01
2.566966107131556374e-01
2.503697959880699653e-01
2.599867672402951246e-01
2.420245077107043286e-01
2.504149917238312484e-01
2.371248152984878621e-01
2.445699795756644812e-01
2.716923832487829205e-01
2.737409862461905874e-01
2.840221523799777437e-01
2.670724260900175784e-01
2.640876239718805141e-01
2.866744667063472751e-01
2.518390143473605569e-01
2.751903177607627482e-01
2.721344509739649364e-01
2.603704658790720328e-01
2.764198053379007258e-01
2.452916100097462804e-01
2.628815000934789370e-01
2.332323705809815628e-01
2.248840781697323821e-01
2.285782124912095481e-01
2.314367701809020017e-01
2.440286510308281309e-01
2.587143783882221437e-01
2.478185823021699652e-01
2.546677973378521642e-01
2.532714880633942789e-01
2.897417513497141939e-01
2.325280049331639454e-01
2.219416899487366701e-01
2.292524447610911620e-01
2.327820707168751779e-01
3.101713162678444990e-01
2.745166004960288841e-01
2.727391750995177833e-01
2.579515361153059683e-01
2.406451342030305196e-01
2.525450789641198179e-01
2.331522762553330796e-01
2.115025763993936270e-01
2.301506473723572144e-01
2.321878696376750983e-01
2.352885887973675816e-01
2.508569703364664227e-01
2.531769531318020516e-01
2.596037248427778832e-01
2.905047861372376805e-01
2.831281065693410093e-01
3.043128577306457583e-01
2.772599902004106442e-01
2.621841299964505767e-01
2.645214928871354454e-01
2.749239973368154955e-01
2.542505417611043983e-01
2.561569687565947717e-01
2.308008520408166286e-01
2.652387502569391042e-01
2.447411175488601320e-01
2.848206813427453521e-01
2.285941210787011124e-01
2.721573176645931125e-01
2.421650782296615734e-01
2.531112887773538933e-01
2.388184794655938969e-01
2.763584368764499533e-01
2.475914915897742541e-01
2.298381893249890895e-01
2.354359870837197111e-01
2.495809278334823744e-01
2.436308238683979333e-01
2.066264408742150005e-01
2.439687665671698980e-01
2.444403343502560000e-01
2.568149218494880648e-01
2.808862247335500717e-01
2.439379494722066777e-01
2.504674133068047759e-01
2.477388135938753955e-01
2.974809346008340794e-01
2.459323108803662949e-01
2.369130026841949621e-01
2.530430640633644090e-01
2.452778460401398575e-01
2.448157423371271901e-01
2.581720382936855684e-01
2.883749274156223730e-01
2.610656073479364903e-01
2.466001930357820116e-01
2.729025197198846064e-01
2.826482351919192282e-01
2.879640226758863886e-01
2.956315538906590934e-01
2.956081977503911551e-01
2.742010334399315186e-01
3.060956939482021855e-01
2.607341625536123142e-01
2.631306519297167967e-01
2.427213847977574557e-01
2.280355770945521887e-01
2.112690155317099305e-01
2.374740606564874068e-01
2.326255734581259005e-01
2.346403408772334553e-01
2.513485617846977771e-01
2.378711253284269411e-01
2.505040066638920537e-01
2.341166558186293656e-01
2.260052407123271934e-01
2.244698228414359620e-01
2.394296622199809654e-01
2.572618553903073813e-01
2.696700275705480876e-01
2.693459564572029952e-01
2.527785418367472503e-01
2.490132829971443418e-01
2.584857759298438418e-01
2.328677439293212470e-01
2.866301360459621583e-01
2.583655767299551931e-01
2.406276419277383616e-01
2.688592954436188065e-01
2.663397892910334130e-01
2.919245300838351209e-01
3.372241323176884409e-01
2.800372695454401151e-01
2.771715023568082081e-01
3.225970998073723894e-01
2.946592561698788137e-01
2.738325536930234505e-01
2.814804136669445955e-01
2.698157407581758260e-01
2.655663827179041148e-01
2.542498910007920943e-01
3.047849714868565152e-01
2.910145610179349918e-01
2.633067264516387729e-01
3.065719477441411489e-01
2.796481571928161047e-01
2.765863150873371090e-01
2.284560240360114791e-01
2.753973427579634037e-01
3.179061908734010511e-01
2.903999306077908460e-01
2.701587753861030561e-01
3.043692721096554199e-01
2.410940977750167247e-01
2.646931345250899681e-01
2.932216623120517118e-01
2.678860921008502372e-01
2.779871197523414716e-01
2.512507499313537118e-01
2.301044519158474688e-01
2.452465149322467786e-01
2.670270167987487953e-01
2.905724622711773342e-01
2.641125076458756826e-01
3.299152519173053077e-01
2.960906046293525495e-01
2.780362065445436959e-01
2.465517302720717785e-01
2.697988941861557133e-01
2.360319563796378362e-01
2.497490738928961895e-01
2.402421267710025676e-01
2.761249014040569327e-01
2.621681941590193743e-01
2.628922597357952751e-01
2.609846032246844749e-01
2.792904085291963434e-01
2.480290871260465158e-01
2.507281139147378157e-01
2.442859628489525980e-01
2.266383209915938945e-01
2.407127738992805299e-01
2.182236526845252045e-01
2.332829179535283459e-01
2.427640078648265198e-01
2.224838025598739055e-01
2.251625119136202169e-01
2.730926999382113363e-01
2.457170086993653857e-01
2.730339851969619258e-01
2.617776990870007148e-01
2.659538626612313328e-01
3.140004891591917646e-01
2.932410571587754089e-01
2.805599894528315041e-01
2.544421664038394870e-01
2.645605685747454694e-01
2.704737374272668249e-01
2.505480582789544886e-01
2.734896514621591446e-01
3.362712666880002255e-01
2.782651065642661181e-01
2.419394100121769198e-01
2.635767242229472007e-01
2.523624944122714875e-01
2.451285441148220723e-01
2.207488508250997905e-01
2.873212956814648611e-01
2.322308169356253060e-01
2.812982708304868629e-01
2.621078431457120606e-01
2.527833447227540442e-01
2.474375535377514590e-01
2.519250648706059525e-01
2.758071379141153745e-01
2.838209379159404855e-01
2.585273966703538484e-01
2.440505897624203058e-01
2.261006850481068198e-01
2.265568318060962594e-01
2.314677641154623822e-01
2.160461048031148967e-01
2.362990006981506019e-01
2.493112099444645124e-01
2.427576686390835736e-01
2.689471981029252223e-01
2.669265316169642799e-01
2.570734398915109353e-01
2.819634545112719159e-01
2.959608388923733457e-01
2.936946298935393940e-01
3.007429766172933228e-01
3.183161577051595859e-01
2.951705642781667915e-01
3.321646070646713800e-01
2.941258977791318951e-01
3.143491560968418863e-01
3.209763610257930777e-01
2.736739139714441382e-01
2.581580438656154719e-01
2.486127985307862998e-01
2.488113470849841469e-01
2.754289317839998530e-01
2.832411207952459931e-01
2.721884526489539158e-01
2.722351741220781496e-01
2.380190252476777069e-01
2.150690636734538808e-01
2.372764753610753508e-01
2.298432018550115585e-01
2.337435310106122655e-01
2.426158356644719238e-01
2.621615761951475720e-01
2.386511451625116798e-01
2.490186438860063911e-01
2.472645840114217064e-01
2.425329193673101402e-01
2.550537140794080782e-01
2.762577264427440449e-01
2.828431781553709667e-01
2.657621756271101865e-01
2.779073489755110038e-01
2.228999716566996414e-01
2.382028560078060520e-01
2.535804916665310715e-01
2.929442270305595564e-01
2.420040602368438709e-01
2.237543014849080469e-01
2.445750023226380965e-01
2.542845703480809405e-01
2.514375137432061647e-01
2.318466809666743234e-01
2.326391204951471781e-01
2.470546918634593525e-01
2.349695825500293933e-01
2.222158900897465150e-01
2.537401940931494071e-01
2.625971272815241231e-01
2.695474021682009447e-01
2.769483935418025622e-01
2.369996670274193140e-01
2.524158907423816878e-01
2.523184404433877481e-01
2.650910217716941908e-01
2.240498796233389711e-01
2.238686839216516011e-01
2.313799577461810586e-01
2.428547503489057735e-01
2.478502940056621640e-01
2.263718138206566588e-01
2.234130898590671599e-01
2.137373878023405005e-01
2.431673023233714981e-01
2.366654026879407013e-01
2.596875659335740605e-01
2.398908805496461072e-01
2.330532779279252675e-01
2.569300123684264414e-01
2.388457737493424049e-01
2.273486101045714691e-01
2.433175785656888079e-01
2.475526746386959298e-01
2.680548757392455794e-01
2.822525272471900770e-01
2.538795312057772202e-01
2.735642491566156465e-01
2.680849653448312275e-01
2.456608341639376081e-01
2.395270772911050894e-01
2.252571103317816126e-01
2.395943487521864645e-01
2.404539708268668141e-01
2.517803409481051968e-01
2.709162938980022584e-01
2.524217034467914345e-01
2.418642905356766792e-01
2.597989110665347989e-01
2.648492157416526549e-01
2.700785401552220910e-01
2.379175464387166539e-01
2.536625441361153310e-01
2.486220535685413346e-01
2.504118793986028213e-01
2.395400168476398417e-01
2.271298411470598633e-01
2.335029300773178162e-01
2.529225167332334046e-01
2.851926993044874292e-01
2.571599427332921239e-01
2.456931236906964577e-01
2.679221320783686799e-01
2.694718594695320046e-01
2.671883327556012211e-01
2.223120655172763083e-01
2.522381001136636547e-01
2.772488333597720178e-01
2.733966963280048401e-01
2.603636413131349414e-01
2.321159775654900725e-01
2.754760936506835400e-01
2.474991013489035996e-01
2.407216738734157535e-01
2.346014315008945195e-01
2.552004471281792419e-01
2.407645602667899398e-01
2.261120828410355665e-01
2.242137238217441764e-01
2.668144304617517948e-01
2.349946809248938118e-01
2.142913140961003327e-01
2.093030180427512266e-01
2.392538897287340982e-01
2.501997645119463654e-01
2.736682313843635805e-01
2.567142641013740456e-01
2.488899476056025128e-01
2.904746918225127317e-01
2.955248105032496353e-01
2.564688261914803702e-01
2.882803518387400676e-01
2.749160705040720742e-01
3.054838788180555542e-01
3.308483666869096451e-01
2.886825848564643082e-01
3.172385136386839943e-01
2.785356839664322459e-01
3.084812019852756215e-01
2.813903655598006259e-01
2.836107903958542398e-01
2.795198686206938898e-01
2.808385440456796500e-01
2.732625749410935723e-01
2.832128820999600949e-01
2.669002040083046645e-01
2.665630057268788544e-01
2.681807125068763065e-01
2.653122014566150488e-01
2.850940023817072344e-01
2.971589595809548956e-01
2.809390825781470924e-01
2.464928269732799548e-01
2.869441136607858156e-01
2.901130063756182653e-01
2.721825558598928718e-01
2.953618313347534663e-01
2.845634859341370504e-01
2.764789479837715391e-01
2.769037519741949782e-01
2.775583776886744181e-01
2.734558798131613289e-01
2.904339094733198179e-01
2.908614737371449932e-01
2.750152611513854706e-01
2.512068776055813024e-01
2.871179940956753995e-01
2.859219624099914037e-01
2.707114558315541486e-01
2.632116864596237282e-01
2.415737303892050991e-01
2.451500069410038618e-01
2.767835336944310387e-01
2.414085743197680878e-01
2.237708446812308183e-01
2.585932730198082230e-01
2.768798272567467578e-01
2.559029611556921657e-01
2.425034950737714745e-01
2.363205805302863172e-01
2.598073759949008354e-01
2.548744656662982333e-01
2.385537565739036248e-01
2.597258913067660435e-01
2.582582141338795600e-01
2.280661943592548757e-01
2.757095274807571661e-01
2.342917290496338567e-01
2.684114610251007726e-01
2.429791878665572280e-01
2.143662956745213677e-01
2.348427259145006163e-01
2.762250179992711274e-01
2.541803892589463709e-01
2.803485443957737799e-01
2.578173825137086150e-01
2.477469846493537409e-01
2.414107065500274985e-01
2.445154245508599500e-01
2.630201808782718920e-01
2.551378849893896072e-01
3.087091163344578559e-01
2.899148433934080615e-01
2.756357066499682817e-01
2.447310720565639697e-01
2.590353065309767278e-01
2.876708082521437504e-01
2.620129214071234558e-01
2.232624350454628093e-01
2.320809198611508417e-01
2.156301041802394791e-01
2.154670544600469084e-01
2.497409067924407089e-01
2.658275208440613602e-01
2.536432090808359852e-01
2.851548592038116725e-01
2.666838357643867008e-01
2.334091239597712586e-01
2.788843337581321524e-01
2.892785917308302590e-01
2.707943301667293801e-01
3.076663077283022241e-01
3.035483657212140196e-01
2.699610978058175625e-01
2.566492222835041748e-01
2.479921030384518721e-01
2.664549864168545557e-01
2.427094630535945596e-01
2.399034416955861670e-01
2.608109899044929181e-01
2.722166036768944863e-01
2.164304449766396299e-01
2.250695636984466896e-01
2.656737854944144495e-01
2.853492475126594985e-01
2.661813338987268351e-01
2.767165227387181070e-01
2.435296850762694587e-01
2.367445737041950771e-01
2.515859359571095411e-01
2.180635932258587206e-01
2.449121531736992152e-01
2.379541012727892368e-01
2.557567734257071290e-01
2.874582155217326185e-01
2.462435190690492048e-01
2.973874111109235385e-01
2.841621690456319627e-01
2.637247641283064215e-01
3.235584168487938839e-01
2.626115735374398019e-01
2.837405006026569310e-01
2.845981417081797082e-01
2.621330114731833527e-01
2.966826622591345330e-01
3.264981946839101146e-01
3.281850156068178426e-01
3.023789422648442970e-01
2.798155817231400277e-01
2.702993353358991158e-01
2.710934055021997913e-01
2.505362980752423030e-01
2.513201119382243998e-01
2.749245774631017269e-01
2.883373227335243594e-01
2.815078005324583854e-01
2.606505264043755266e-01
2.737618827012158751e-01
2.767817263187612453e-01
2.855827545379284738e-01
2.678812192083861454e-01
2.484516029033850826e-01
2.335335578805193268e-01
2.786614750246168559e-01
2.585514437789194764e-01
2.874242600587498253e-01
3.014135937723484426e-01
2.655687227234372338e-01
2.642895527342006279e-01
2.797738315665720954e-01
2.972070234314790893e-01
2.492237508456433548e-01
2.865599666962509451e-01
2.653273193303329891e-01
2.525681748336215393e-01
2.296977652047671181e-01
2.328600142465263589e-01
2.304726298436465537e-01
2.379089718575797263e-01
2.425183692045168038e-01
2.509696265516807578e-01
2.324648716796046677e-01
2.216955628655410127e-01
2.508666407559973499e-01
2.648407655670874106e-01
2.335824817028379907e-01
2.408036404720578227e-01
2.563920870163128862e-01
2.468457159622296504e-01
2.262460700486026155e-01
2.735083029236517471e-01
2.394397315593116138e-01
2.534016755257975650e-01
2.634009860410742587e-01
2.848854076593798079e-01
2.715045096021679871e-01
2.845961846964907282e-01
2.763758553180326594e-01
2.564636804661926117e-01
2.309376708973525927e-01
2.448235467047625014e-01
2.584747463550792212e-01
2.849046319273698114e-01
2.939916108195171907e-01
2.689082356798259132e-01
2.468775905245716162e-01
2.347579322844661198e-01
2.706824513749053196e-01
2.716812583994394070e-01
2.469152674075680287e-01
2.330924637123325815e-01
2.415216780842214805e-01
2.422502922556500904e-01
2.230087976730517341e-01
2.123181594679571516e-01
2.417619099088914036e-01
2.400325357181647967e-01
2.549115536551350703e-01
2.650376234726978253e-01
2.651529221508357459e-01
2.670854104261504158e-01
2.858858805460589569e-01
2.831148163073288759e-01
2.582954426087937239e-01
2.687778289863357317e-01
3.160258825862642951e-01
2.984540329503249656e-01
3.194320737208668493e-01
2.853973788749663010e-01
2.708702235808971848e-01
2.769368523954263694e-01
2.602664526853574190e-01
2.290446029858743682e-01
2.266623288725109764e-01
2.136499925392203736e-01
2.267831055102586257e-01
2.562284864661998895e-01
2.318761611034778070e-01
2.354318312929882806e-01
2.763332425203197662e-01
2.891892919008956508e-01
3.086831750854439060e-01
2.875514019892481676e-01
2.774988396715576400e-01
2.848299692297763253e-01
2.350665600849579373e-01
2.427393008857534340e-01
2.341833371210428616e-01
2.776203829605980999e-01
2.552904814293872615e-01
2.527612064113535228e-01
2.725651660310448032e-01
2.633261414913793397e-01
2.469781825089560900e-01
2.836717101279214170e-01
3.092058718288707153e-01
2.958663195164883963e-01
2.871694963661817201e-01
2.530826117272482745e-01
2.959662308171929768e-01
2.370798607580544837e-01
2.797317241258527321e-01
2.706400778113887684e-01
2.419258062708132817e-01
2.483013534273932621e-01
2.350519409480523458e-01
2.592026149745874641e-01
2.676267462762940696e-01
2.436271304139396021e-01
2.362130981094242299e-01
2.194232296070134924e-01
2.519623172420956680e-01
2.333256969984493223e-01
2.489150086562748609e-01
2.855850518198673194e-01
2.616314302082688448e-01
2.646630849497170201e-01
2.600372340920098502e-01
2.454368391379266323e-01
2.445551251170819396e-01
2.524183298799432262e-01
2.617878857010182969e-01
2.455115998440107750e-01
2.543538136279933082e-01
2.516863114758609576e-01
2.485405736969667767e-01
2.418070995379513755e-01
2.151241150486336573e-01
2.352755378753944304e-01
2.419000281744768666e-01
2.405749516470379601e-01
2.700677802467222333e-01
2.888667413978661114e-01
2.488451871848349206e-01
2.842732360842875616e-01
2.807222063698635584e-01
2.587414023722834910e-01
2.470035662307401014e-01
2.420997337555388096e-01
2.288485011553941795e-01
2.181949147861137472e-01
2.671773129214369824e-01
2.745211860614125143e-01
2.491206739242885770e-01
2.533009782830903944e-01
2.292721526033901502e-01
2.384777021185736368e-01
2.393881411778548407e-01
2.503252868721478896e-01
2.589746554552453950e-01
2.441433183694725895e-01
2.294398575273083885e-01
2.413624567616259320e-01
2.461712340988233272e-01
2.460498272754995108e-01
2.432665304269456263e-01
2.184429443603070897e-01
2.478215506764483156e-01
2.369622295544657475e-01
2.505300113645694271e-01
2.494896125168559742e-01
2.414989830968564122e-01
2.294463750886578113e-01
2.821007393554270104e-01
2.815268242556846490e-01
2.616187802739916579e-01
2.845127251749991482e-01
2.732173509483695195e-01
2.674808053586124057e-01
2.789778513516861236e-01
2.686627187520672089e-01
2.738714027009973018e-01
3.106851665374444349e-01
2.259704962818565310e-01
2.639789444928927198e-01
2.755036893256582742e-01
2.453522281670595939e-01
2.278028567090406020e-01
2.647626503895399441e-01
2.874830213255318845e-01
2.368628755893966154e-01
2.015007549312830548e-01
2.239986210067902994e-01
1.993438652276283696e-01
2.292539799193489269e-01
2.445638715984212730e-01
2.376616292788619189e-01
2.215381107292066221e-01
2.614172325440177747e-01
2.715571767376410151e-01
2.709487624646892967e-01
3.104734303887827784e-01
2.620493759343359708e-01
2.612231034094649185e-01
2.534172700083595076e-01
3.255463645086001945e-01
2.990125470536831309e-01
2.670314864384109033e-01
2.532924433193979863e-01
2.801183152661663733e-01
2.439719941066027242e-01
2.279477875200750236e-01
2.340042078019740901e-01
2.668789337676840123e-01
2.725240543611357480e-01
3.016366815872703611e-01
2.907604604188429032e-01
2.930596860340197729e-01
2.818088622424579914e-01
2.663935209012294747e-01
2.659501706528403231e-01
2.349322286008836413e-01
2.643349730898045813e-01
2.613758340932571533e-01
2.658341700027787580e-01
2.540405206416160300e-01
2.510305474616956745e-01
2.425318768687471649e-01
2.675850788269634739e-01
2.678430004543964071e-01
3.722061591153946747e-01
2.881459093757751666e-01
2.464193392176607655e-01
2.501315963532737552e-01
2.732140353825179280e-01
2.774632461319845866e-01
2.633879511217453451e-01
3.029444551251753159e-01
2.693275005673702038e-01
2.484885890048684765e-01
2.783175668408112147e-01
2.408224042820437116e-01
2.395817281397949194e-01
2.826806629681450911e-01
2.623533848352608833e-01
2.343194260722453737e-01
2.493298466282552195e-01
2.404270354075358496e-01
2.416911933428256554e-01
2.504713936364128535e-01
2.459702730579078900e-01
2.674395742117706143e-01
2.757588064307918696e-01
3.053497486833092744e-01
2.772532349605094648e-01
2.744710054982962832e-01
2.867686213596023492e-01
2.650161397458274948e-01
2.358321904349699738e-01
2.241679503956798269e-01
2.458513327396354975e-01
2.691124684469957118e-01
2.525783525192674128e-01
2.540563934506427923e-01
3.232618227172374681e-01
3.077235939114477126e-01
3.097913248397727859e-01
3.058019542069031482e-01
2.703084886064551773e-01
2.844219931692317793e-01
2.676258501242986809e-01
2.707836316646139996e-01
2.666973461355460207e-01
2.617027344667762767e-01
2.345461250311935142e-01
2.463521206733790547e-01
2.668416075076816552e-01
2.533324539231104899e-01
2.728964622506775406e-01
2.575968743744280753e-01
2.613203481050355714e-01
2.289046356858031595e-01
2.258077942741227306e-01
2.450463728612494729e-01
2.068587546809661781e-01
2.381392696597632586e-01
2.423021201887989307e-01
2.664975378627736369e-01
2.293040073109605392e-01
2.690529594395290602e-01
2.777375161243173518e-01
2.855735516159100817e-01
3.158471641212104442e-01
2.709204082296586824e-01
2.848412660756508008e-01
3.381814208860826065e-01
2.568731635086625165e-01
2.767088437310629145e-01
2.553105192721382699e-01
2.551763667774298860e-01
2.637453055247288569e-01
3.003396009142921819e-01
2.644459452918889175e-01
2.561937133220481000e-01
2.518084531996054309e-01
2.463090723202772947e-01
2.592683275666555764e-01
2.849128182323713565e-01
2.782505745914157225e-01
2.772322625973173138e-01
2.687274978064198017e-01
3.030224774395067211e-01
3.010010402086623071e-01
2.614915566124914048e-01
2.644834633346443420e-01
2.704327162526694583e-01
2.435852057804961113e-01
2.582984183548699963e-01
2.486951593267185678e-01
2.313782269298957361e-01
2.116194129041734651e-01
2.002040398808193622e-01
2.596508705072471113e-01
2.282356192161998643e-01
3.210191861951688375e-01
3.106780284839403272e-01
2.829425385751888622e-01
2.899035911143204025e-01
2.750771814941100346e-01
2.467953018059129422e-01
2.794102671415204520e-01
2.387736070287873325e-01
2.778733698025336873e-01
3.086032053362680605e-01
2.511625988330830617e-01
2.443567944168136830e-01
2.304402052887720709e-01
2.488729575807578920e-01
2.776966986813799165e-01
2.905567593098153933e-01
2.479232005262025917e-01
2.959345105419838307e-01
2.665379800199704774e-01
2.654372813764599437e-01
2.462117761134732796e-01
2.312248567825835877e-01
2.444504453027014912e-01
2.613301221992264667e-01
2.233132908921235948e-01
2.126500368890137382e-01
2.091911158872286625e-01
2.217598698339415531e-01
2.183285364205213297e-01
2.499429839558022781e-01
2.558674794367964966e-01
2.234610484132346364e-01
2.181735681109130132e-01
2.514873054182583667e-01
2.482732261230997939e-01
2.535580482940987257e-01
2.821733833300453242e-01
2.651059544671335866e-01
2.646351493850319092e-01
2.788794124611477243e-01
2.957444146036649069e-01
2.630616341401618707e-01
2.431790426267356475e-01
2.477555257720701065e-01
2.889018132821480900e-01
2.666432956229152218e-01
2.658724417172531607e-01
2.785541508025732305e-01
2.530059664812128739e-01
2.550960326051798788e-01
2.751459613641125679e-01
2.569323895345121400e-01
2.564822244783863114e-01
2.373141365063918540e-01
2.731827714992362544e-01
2.465992679621329953e-01
2.649865323572952458e-01
2.710509722568769098e-01
2.685517951546612103e-01
2.544543228232031273e-01
2.742216778810396827e-01
2.771636168987211546e-01
2.490197867465157866e-01
2.733017280639766788e-01
2.624155297395576181e-01
2.566970009927542762e-01
2.692416155736769845e-01
2.600168220358908266e-01
2.669916471726878626e-01
2.692065036879636719e-01
2.331122261889531921e-01
2.969775270919280952e-01
2.605699103756193846e-01
2.433098564905739059e-01
2.594566972356155410e-01
2.639317384442369518e-01
2.800919333014151857e-01
2.771789050921474318e-01
2.521753089367440581e-01
2.340090669635642440e-01
2.779498485881430891e-01
2.797708568280029562e-01
2.548725186239081397e-01
2.637094727944313544e-01
2.432067831059772367e-01
2.431760263800995525e-01
2.478077013556451991e-01
2.417851884752168223e-01
2.666677611082535204e-01
2.732452616738846873e-01
2.771723497474237741e-01
2.644785067928235867e-01
2.660184697608292681e-01
2.519709964723472195e-01
2.393698203176730377e-01
2.317466808408890633e-01
2.403418187307780896e-01
2.877839306470981739e-01
2.531851438592010450e-01
2.467427194545180891e-01
2.529326047861378268e-01
2.694687156866527045e-01
2.314968901723032102e-01
2.432330111099973158e-01
2.391401331570033595e-01
2.575320208043679893e-01
2.347129259415149660e-01
2.785146369301351732e-01
2.643355787289105585e-01
2.606580356267066412e-01
2.758398904323111078e-01
2.922263751067651905e-01
2.947209079031195000e-01
2.608127109629418960e-01
2.592748394948028445e-01
2.411579750128778343e-01
2.342611355548860630e-01
2.684548858325179754e-01
2.635679191422121148e-01
2.223801515683859475e-01
2.303188403477941792e-01
2.179219626566839818e-01
2.276174455065869406e-01
2.558207328690359494e-01
2.910125040234111116e-01
2.518239410888357677e-01
2.639795214386461142e-01
2.364478673333187120e-01
2.235731048971427715e-01
2.175690656503482534e-01
2.546924298582224910e-01
2.556279832180057832e-01
1.990363717999460713e-01
2.364945948709747670e-01
2.510046480675360847e-01
2.284413173891884918e-01
2.484676817666740256e-01
2.366152925556281594e-01
2.478797488947898364e-01
2.436789197249870920e-01
2.307762615180986854e-01
2.842972706327621113e-01
2.620475537294756907e-01
2.814533607787359504e-01
2.598149524638060925e-01
2.868514992008840414e-01
2.498221521363266640e-01
2.681489942208633015e-01
2.863079541997419208e-01
2.649451684189606526e-01
2.285406958180158099e-01
2.271231011667560473e-01
2.424181671468172428e-01
2.574390765060629582e-01
2.550732160438368701e-01
2.861779459532409753e-01
2.658463208130174005e-01
2.644747040427669615e-01
2.664107787923546966e-01
2.433096721315844146e-01
2.683718313368593233e-01
2.370954901599321707e-01
2.467678450908979415e-01
2.716489746234976299e-01
2.891833981275205301e-01
2.609465842538167824e-01
2.494489484141222957e-01
2.518429982810576062e-01
2.614294429989129087e-01
3.253411406734660338e-01
2.980366940956625799e-01
2.723583002329493241e-01
2.772746824922338593e-01
2.540972140924221967e-01
2.594969397708150605e-01
2.735743644191980795e-01
2.477761657202150469e-01
2.857008303617141753e-01
2.569913307963198057e-01
2.311555417651635636e-01
2.937328395443243312e-01
2.755983040654160776e-01
2.875502084984964402e-01
3.011884667369993385e-01
2.640395806255800837e-01
2.524232919536373854e-01
2.849061723956081704e-01
3.024281869969844272e-01
2.980949221975465746e-01
2.636633889288151344e-01
2.746678872211930633e-01
2.827739329199169260e-01
2.711870955251179938e-01
2.984462440425052487e-01
2.341162119281498255e-01
2.088914811005972705e-01
2.341430063271880413e-01
2.625135677423191538e-01
2.746103058724150836e-01
2.476800081315627400e-01
2.964131071275022400e-01
3.030657192411662093e-01
2.573423953910276563e-01
2.615598325737796825e-01
2.764205031426363313e-01
2.807597392408507364e-01
2.818341746851715235e-01
2.478064502558415538e-01
2.991546843004960210e-01
2.477511518673053137e-01
2.931326610239740060e-01
2.828145032741392617e-01
3.024489485603560901e-01
2.543175325731895642e-01
2.787003249700238383e-01
2.660654286631296550e-01
2.750222641393177958e-01
2.911077778666419924e-01
2.761050211014366984e-01
2.850018327388859074e-01
2.678598813851488236e-01
2.497844332055836336e-01
2.608222300197066690e-01
2.691824817754226995e-01
2.510635128798074933e-01
2.493071485354553807e-01
2.373202236822570255e-01
2.418849936621435270e-01
2.223888488427751275e-01
2.475973087245238458e-01
2.423028677528477060e-01
2.590721731671600248e-01
2.760619466222175022e-01
2.742836234775915538e-01
2.765006591603834663e-01
2.554500487434542833e-01
2.406233211705239849e-01
2.586841784709590364e-01
2.407413149059338120e-01
2.313656512565042678e-01
2.444556836058806026e-01
2.506312375464154751e-01
2.176028623542181351e-01
2.225429881080380756e-01
2.462057870628494571e-01
2.311794090719241357e-01
2.699390042711216076e-01
2.753411378473963889e-01
2.696089204448400833e-01
2.662163663553315796e-01
3.021603918065540184e-01
3.041311745097724506e-01
2.820315562208375870e-01
2.652032131456611985e-01
2.587019899072929285e-01
2.723729337024629604e-01
2.742041181246635539e-01
2.581078213240329267e-01
2.737685554443357594e-01
2.985598584186784921e-01
2.779002214411845362e-01
2.383857432573161517e-01
2.805124448372571244e-01
2.352158253063708904e-01
2.878278320496137632e-01
2.951936079791177558e-01
2.729819635179274173e-01
2.796003607680454528e-01
2.762968276946464186e-01
2.658814057639697914e-01
2.683542263712379583e-01
2.452585915983350184e-01
3.050108532015485818e-01
2.709355802651191025e-01
2.369541209286420980e-01
2.230690868593837028e-01
2.533753703400750679e-01
2.356062159409251511e-01
2.595157325876377152e-01
2.697862979019778895e-01
2.675311600117157296e-01
2.291452320294664335e-01
2.194100564650412477e-01
2.177108666200235909e-01
2.328504602213685715e-01
2.371708457768746947e-01
2.186201134547243741e-01
2.187877703985597333e-01
2.196595580412594451e-01
2.204501542709313144e-01
3.006082259294355352e-01
2.696762380387204283e-01
2.380882942336682295e-01
2.264182581386887660e-01
2.480159462825045347e-01
2.552770199651834826e-01
2.907986564060239254e-01
2.364781497971781277e-01
2.185897368229330340e-01
2.673800477372980655e-01
2.500780262708925950e-01
2.808476901277254800e-01
2.752431434969040414e-01
2.654404387461169468e-01
2.296334228848368186e-01
2.538626494916000897e-01
2.274296004944015848e-01
2.655920585602202788e-01
2.412312289832920786e-01
2.753905013754300857e-01
3.152897146456583588e-01
2.420201709195679562e-01
2.273109830666459608e-01
2.468072406848493827e-01
2.663118498984480831e-01
2.454416925157529572e-01
2.562650423737931060e-01
2.526234805786660709e-01
2.527095525054472436e-01
2.522761825836141725e-01
2.229335323488322029e-01
2.499889215899355199e-01
2.512684667619834999e-01
2.288202533064542243e-01
2.489080696341681997e-01
2.912141312634853874e-01
2.823998040573527657e-01
2.349257115911530802e-01
2.238695428721099723e-01
2.761302125599891522e-01
2.742085340846270869e-01
2.758954596031286677e-01
2.818346858898433949e-01
2.733491256476044962e-01
2.943669459058630422e-01
2.888560925859818274e-01
3.100676603327882086e-01
2.713101609189710883e-01
3.317787236441687715e-01
3.356913953449260912e-01
2.742154955159643581e-01
2.544810150908616286e-01
2.901720246872174225e-01
2.792932355632524177e-01
3.062036705437504169e-01
2.697077896533785490e-01
2.791449552189037009e-01
3.080166202868158676e-01
2.845273760801989016e-01
2.754239497970332740e-01
2.931962258676378275e-01
2.515476190205197526e-01
2.608947974663578528e-01
2.730971259952105767e-01
2.715905073977369910e-01
2.640594399802297376e-01
2.482482242128423444e-01
2.436876140016512593e-01
2.821191210945212524e-01
2.533250233136312146e-01
2.916782109544683865e-01
2.596616168525178736e-01
2.977812261227331114e-01
3.222889700280390790e-01
2.768928045573316732e-01
2.823135051808473572e-01
2.599730952313908938e-01
2.681386392915919292e-01
2.827779074465751052e-01
2.852720403545225270e-01
2.775226071461651678e-01
2.533807262947621597e-01
2.769151002151338248e-01
2.367203273057383039e-01
2.407902090722783550e-01
2.424935950692218567e-01
2.666002773527548775e-01
2.322188235568808101e-01
2.838899429628579107e-01
2.951188886766439867e-01
2.693719803879865982e-01
3.085781763712433512e-01
2.522601940229910467e-01
2.473283956049200927e-01
2.629086014149941697e-01
2.584520131565175571e-01
2.794809071664233202e-01
2.558986420859938882e-01
2.450023870323536079e-01
2.666596015389193775e-01
2.237484861616719778e-01
2.514323958137765769e-01
2.494539914736211283e-01
2.265156189764652162e-01
2.678654510627568874e-01
2.591794434959610594e-01
2.476054356886198127e-01
2.262514858720224287e-01
2.360593196723931031e-01
2.902846884985980092e-01
2.370187564505625566e-01
2.318476408942577449e-01
2.535052893594336720e-01
2.521057796136383922e-01
2.546596476726818992e-01
2.258981695656119282e-01
2.880746337613739882e-01
2.281778387513013484e-01
2.521554086492024949e-01
2.767231377242513890e-01
2.733947613791081199e-01
3.073619144381037893e-01
3.044756570459256628e-01
2.447901854616803263e-01
2.970970186096272836e-01
2.769608276382245493e-01
2.688400684027846821e-01
2.658713798959535524e-01
2.894708145873113314e-01
2.756198630132433713e-01
2.323965007540207683e-01
2.460867032953649725e-01
2.423025550693260477e-01
2.658324154087492452e-01
2.782070263620419759e-01
2.768437314891272760e-01
2.619703636252078693e-01
2.591327331752436569e-01
2.672756892339792079e-01
2.437918289518674342e-01
2.564943940893769647e-01
2.416738434130555890e-01
2.837353186296186491e-01
2.540860240144001136e-01
2.500178517388388366e-01
2.268757646785059534e-01
2.602125538801146609e-01
2.358161096624663833e-01
2.509823754765923010e-01
2.583878616636057779e-01
2.671284484061211550e-01
2.499422542929402857e-01
2.455608128779537824e-01
2.786037677612652752e-01
2.789259766335217550e-01
2.565549449472670496e-01
2.963914437813892633e-01
2.794240779472907388e-01
2.987949196623109760e-01
2.672624701879004472e-01
2.602463158969941515e-01
2.754153985274891414e-01
2.798479681850987166e-01
2.747787719119286209e-01
2.306863206135013611e-01
2.397428992614000498e-01
2.966167064259577768e-01
2.653732101213529537e-01
2.972331163957508404e-01
2.593677327183933623e-01
2.679990036722065816e-01
2.921344232642505423e-01
2.692594624826187832e-01
2.914686795963471466e-01
2.993203462520870883e-01
3.075625139912024908e-01
2.993849617708087552e-01
2.663784143754441280e-01
2.670645613074842939e-01
2.646021930234209729e-01
2.775700413841877268e-01
2.833820038189817647e-01
3.106264012161586430e-01
2.440338647747152812e-01
2.451969570444252899e-01
2.411863977169984852e-01
2.544665676442972035e-01
2.777256225005046986e-01
2.717444407294842268e-01
2.296720416676186483e-01
2.742712785623100391e-01
2.348317724447940846e-01
2.521419213071627863e-01
2.979499810766775281e-01
2.886481637066617423e-01
2.754148076491830244e-01
2.696072642236813088e-01
2.606586689652818922e-01
2.483164969693566482e-01
2.868777088176379109e-01
2.602326577764970672e-01
2.597084351964235593e-01
2.604226728515863787e-01
2.741930465601775668e-01
2.677270785364418426e-01
2.915712002540584158e-01
2.745748202492673817e-01
2.793682111547956537e-01
2.784295490562906927e-01
2.747439132164234965e-01
3.178785342499980127e-01
2.992799478849704209e-01
2.746580786506274130e-01
2.876964810841728948e-01
3.029664320287376311e-01
2.614037576883542213e-01
2.381684880681016747e-01
2.714623074570582384e-01
2.568687785287456782e-01
2.821616398838425188e-01
2.327653765255839613e-01
2.692796915339693009e-01
2.517680710229757701e-01
2.767679675713196619e-01
2.731470840799516409e-01
2.524611924922015027e-01
2.605721688950241588e-01
2.912520482130445676e-01
2.675999278932059133e-01
2.909581921556027573e-01
2.845159228966019360e-01
2.538385913050323350e-01
2.620485377719242726e-01
2.746087513849789219e-01
2.749815054931321057e-01
2.946499868926247268e-01
2.419820522729900225e-01
2.759877618166225455e-01
2.766152838761117283e-01
2.315926329862007804e-01
2.363940199672796005e-01
3.227112859173118520e-01
2.597750346016261536e-01
2.672914086439018844e-01
2.513977763037779090e-01
2.191275885650266486e-01
2.693225090822690682e-01
2.665866177743401733e-01
2.666975753681896100e-01
2.629254787993665632e-01
2.636618025424697920e-01
2.299208629012950422e-01
2.590071876102214565e-01
2.672153443812908535e-01
2.752968514661672250e-01
2.451077757192537676e-01
2.986747979493515892e-01
2.302367402557875808e-01
2.490617346436352630e-01
2.395426288580013996e-01
2.840067702918367409e-01
2.650577216113904067e-01
2.714299710285556499e-01
2.618530260368093221e-01
2.654095818814829477e-01
2.617782073421296429e-01
2.600603480177963722e-01
2.720990781288007421e-01
2.845130080681184115e-01
2.818941107917594113e-01
3.039222932105364317e-01
3.321344709318822530e-01
2.515759095192496297e-01
2.796455792092233383e-01
2.708814492510107086e-01
2.639490583778015820e-01
3.008031222607699395e-01
2.767689202449729602e-01
2.946595598872788768e-01
2.754515134337386373e-01
2.438499502749286452e-01
2.447084171980284939e-01
2.354667393739037495e-01
2.747957358859856591e-01
2.671733841497450634e-01
2.214135928669985487e-01
2.492145272659313793e-01
2.733455252251081879e-01
2.913618990236082062e-01
2.721066526850817180e-01
2.608715839747292597e-01
3.069371097813133331e-01
3.022118986183527922e-01
2.555374830642271333e-01
2.657356333744582133e-01
2.584004138713091869e-01
2.445297657637723887e-01
2.830389079470999047e-01
2.292344998979456150e-01
2.288378697619974922e-01
2.410364860071718129e-01
2.614632763344911237e-01
2.751941930146519777e-01
2.441461178290179335e-01
2.640850189131455639e-01
2.743132465818639565e-01
2.623317278439165623e-01
2.705679217774162870e-01
2.919307942342349582e-01
3.158658546744634310e-01
3.158735159371104939e-01
2.477476478333065502e-01
2.816773600909834863e-01
2.577068098724059619e-01
2.583843198292338772e-01
2.610971077355621062e-01
2.750525842737189253e-01
2.866081243464514983e-01
3.276298003987579421e-01
3.226708641348101647e-01
2.833253002455949354e-01
3.007280097811151909e-01
2.907875669398554686e-01
2.963127736379507771e-01
2.822975384627841589e-01
2.821156691458902022e-01
2.740340923956082753e-01
2.844055507598994836e-01
2.666364541003010125e-01
2.820767018111277058e-01
2.638873026027318547e-01
2.730928442223239938e-01
2.433187037796529228e-01
2.491614891795399245e-01
2.373220803515907196e-01
2.406847624211907455e-01
2.372924020055611483e-01
2.583988181661617811e-01
2.590588897622962405e-01
2.795419508528085295e-01
2.786468256341709249e-01
2.824944174198089630e-01
2.504808564382947078e-01
2.960373483922503213e-01
2.797969719485915996e-01
2.439393171583482400e-01
2.589005596360998696e-01
2.792274307315683046e-01
2.649300280783917216e-01
2.676017425071936517e-01
2.610775119800345379e-01
2.607877674721153505e-01
2.891520126957364822e-01
2.674545070213326659e-01
2.634279556545352508e-01
2.426736990524062110e-01
2.716543090336909771e-01
2.766486317244643556e-01
2.296022547146608639e-01
2.513793496010907624e-01
2.759019886086029327e-01
2.528147934430561850e-01
2.870355883269138375e-01
2.349682883741879003e-01
2.677357597328365868e-01
2.564763184445699173e-01
2.334142523147602344e-01
2.460576712351650319e-01
2.173350256709506156e-01
2.129124767448392352e-01
2.353531232725168398e-01
2.084006778688973494e-01
2.333743811796100409e-01
2.272651549456079778e-01
2.521530255873912219e-01
2.507177231210345192e-01
2.688630870854535337e-01
2.589444357996479873e-01
2.614106502886719419e-01
2.649392594519725530e-01
2.563698409347137663e-01
2.346573931780472355e-01
2.782092663756025042e-01
2.694785724471182586e-01
2.904570123267114501e-01
2.757949539724877108e-01
2.487175538072312064e-01
2.997441060561799597e-01
2.909560554261014786e-01
3.511785795273278388e-01
2.749562232385892036e-01
2.511336714970310857e-01
2.639162025683723378e-01
2.857945753118320553e-01
2.920723324185516279e-01
2.665386222715831477e-01
2.919135641516793500e-01
2.483523554374896247e-01
2.408111948097675925e-01
2.457730729018969829e-01
2.608406378539881443e-01
2.644914810821911710e-01
2.354719095406913876e-01
2.414929522135699225e-01
2.364894702715974462e-01
2.409132402861715039e-01
2.131621816558564864e-01
2.537375251469194404e-01
3.209380685580767723e-01
2.700217514374121386e-01
2.905899381381709112e-01
2.479476600067747616e-01
2.636651593091110524e-01
2.417464621671816805e-01
2.848386418120771868e-01
2.619278812172890492e-01
2.370058343536455003e-01
2.212915788475619261e-01
2.279217911875711100e-01
2.587419077774421594e-01
2.784302826462918823e-01
2.914820285621044227e-01
2.406997695668746107e-01
2.648788991512680546e-01
2.438593176180184618e-01
2.219690245262223305e-01
2.263516375327497554e-01
2.326927883277627729e-01
2.437697026799912348e-01
2.663766230250686484e-01
2.915002322792205058e-01
2.705717307906157498e-01
2.774844537330723448e-01
3.096095378484035598e-01
2.642289232048533609e-01
2.766986972664587929e-01
2.477100905874504433e-01
2.559039877736836166e-01
2.966515168245406620e-01
2.872141679446268414e-01
2.836160342744515339e-01
2.720947562815876908e-01
3.048316389153810091e-01
2.981446170963485964e-01
3.348207224901453283e-01
2.837566412759855994e-01
2.825652408395125104e-01
2.860853156154593013e-01
2.675637684241992109e-01
2.771297031063623129e-01
2.578411712745934392e-01
2.728775632626336267e-01
2.820399824052215454e-01
2.277538287181499477e-01
2.327040985120366334e-01
2.702421290683301169e-01
2.294795367335955294e-01
2.488098828984203759e-01
2.724472166835638087e-01
2.714917693889762340e-01
2.797960458984241061e-01
2.804406293957334428e-01
2.794187340127154418e-01
3.101523273268633196e-01
2.867597103187464747e-01
2.823371471673374322e-01
2.629856596709894134e-01
2.473856272087904540e-01
2.560087639638974899e-01
2.588014180517221874e-01
2.518293152509794575e-01
2.447794554572037262e-01
2.558421734451691298e-01
2.332600019691591087e-01
2.770465588287315817e-01
2.432294404134295873e-01
2.439034050569921230e-01
2.713983317959506869e-01
2.837326197438814201e-01
2.828397743578288659e-01
2.713226978297046399e-01
2.885039458128079715e-01
3.048230348419955771e-01
2.931183517089714918e-01
2.936683228433717430e-01
2.716992279109303188e-01
2.505048786464070809e-01
2.186250494025970548e-01
2.672513360980799391e-01
2.723352837383394287e-01
2.749986694313996671e-01
2.743936457681437902e-01
2.856862085507116400e-01
2.957835207911614361e-01
2.948925401000663804e-01
2.997010720348261548e-01
3.166158006943998737e-01
2.600111524806829610e-01
2.720971244823787161e-01
2.828484243359201122e-01
3.073533571756957850e-01
2.828952492993475620e-01
2.877974401993119713e-01
2.765436979563601905e-01
2.789718427763134279e-01
3.049266758259610577e-01
2.811074654726753996e-01
3.068833507064583355e-01
2.862121065100434181e-01
2.680500291616649267e-01
2.831281347468111442e-01
2.829637931392829930e-01
2.520459861214273678e-01
2.931800941743591404e-01
2.417280104048312728e-01
2.248532508337990621e-01
2.427383636263316657e-01
2.509606072603773330e-01
2.718701178852228062e-01
2.751845174689188656e-01
2.874009617450118959e-01
2.928742591669417639e-01
2.473259282444030260e-01
2.521096624194416602e-01
2.803613903755892145e-01
2.706324899520886063e-01
2.592618852877398017e-01
2.373994854942588495e-01
2.736295651475180724e-01
2.834367835239718914e-01
3.091597730402143029e-01
2.622605272407610988e-01
3.032423349886367303e-01
2.645186317914092200e-01
3.039733007572298917e-01
3.397556170111445395e-01
3.207960139652207832e-01
3.064806042126219099e-01
2.818058186592000136e-01
3.092793023506931194e-01
2.881237606915855731e-01
2.706191335819151389e-01
2.942647753537064870e-01
2.893239657391927233e-01
2.815230025939471914e-01
2.863351477482081742e-01
2.985456203144919440e-01
2.496897203204621885e-01
2.687185099922513865e-01
2.448223471294853903e-01
2.611720875584082058e-01
2.521910098883331508e-01
2.582880384265885398e-01
2.384585374298885951e-01
2.761318105001930312e-01
2.884129825811281855e-01
2.584845864903700385e-01
2.706464986145656337e-01
2.441133910988059763e-01
2.363413713352742751e-01
2.591673776321570810e-01
2.502539842169693163e-01
2.260054595192485805e-01
2.366218726318169985e-01
2.629156540453461699e-01
2.562838851855358535e-01
2.670479471583592224e-01
2.508660193643743042e-01
2.526324119620788067e-01
2.381564888560203375e-01
2.572397319346403366e-01
2.986005390559913208e-01
3.225543744727577544e-01
2.834078245103153204e-01
2.395517362482107726e-01
2.527782188792371820e-01
2.156731544479211504e-01
2.657358573393756584e-01
2.371186814111617414e-01
2.485442107676860968e-01
2.744680503425623863e-01
2.538363349834708016e-01
2.359077355583041047e-01
2.757865776707943972e-01
2.414374493152636469e-01
2.305587127315631979e-01
2.472522745894685792e-01
2.679115511831006158e-01
2.738176357940954042e-01
2.958302785785238420e-01
2.574773649767501671e-01
2.585479992122303172e-01
2.427686408331196921e-01
2.610020919815789209e-01
2.542650641847478132e-01
2.891623226898056842e-01
2.882632780999351829e-01
2.850008269085759216e-01
2.569580085373224798e-01
2.365874935156171976e-01
2.348390603414605704e-01
2.430837716933601789e-01
2.411832103303694630e-01
2.358755916956229159e-01
2.544821871458255447e-01
2.927260006298459949e-01
2.792929061473470309e-01
2.537013978737810427e-01
2.730854089656774564e-01
2.695083637299029999e-01
2.962619622288381049e-01
2.247777445750300807e-01
2.468403211690607113e-01
2.354782850733146693e-01
2.601750665725476863e-01
2.498490860746489794e-01
2.783786488870198528e-01
2.169165641679334511e-01
2.345613532314488603e-01
2.405925378432884898e-01
2.447035209011348966e-01
2.401220860846619287e-01
2.635433579237377866e-01
2.531369515444547580e-01
2.280628443873736755e-01
2.453578661042679632e-01
2.661504288570442078e-01
2.550072247375541057e-01
2.633928679222125591e-01
2.393877554316351797e-01
2.456594222854683041e-01
2.356154742766927157e-01
2.139124195505849313e-01
2.487200865084372714e-01
2.498515835679030739e-01
2.355942029309126551e-01
2.925265551076887127e-01
2.451064044415845189e-01
2.679905712127156336e-01
2.655884045530993443e-01
2.453338065617524932e-01
2.964812193134434004e-01
2.574699505658245013e-01
2.549972022269585969e-01
2.444459628296786202e-01
2.523373279322593810e-01
2.454857822262261624e-01
2.421761796849827564e-01
2.259027123496195888e-01
2.739312507166477006e-01
2.867578674190804922e-01
2.718685779281711512e-01
3.115359101388290308e-01
3.107104687887397576e-01
3.116776781324288037e-01
2.792375937303467337e-01
3.038033142716912161e-01
3.124208628037593583e-01
2.954542495226674670e-01
2.832795209926302626e-01
2.470555507075437029e-01
2.477316101809475812e-01
3.048282816464410461e-01
3.258407501072390633e-01
2.830735869209198285e-01
3.027169097296074640e-01
2.902504127173904380e-01
2.997887478929681104e-01
2.798661609629305991e-01
3.099051155813687952e-01
2.975454771136016863e-01
2.776318015291278085e-01
2.817575652268388131e-01
2.922584599023828056e-01
2.916610148772228461e-01
2.470182857956174927e-01
2.545277230475879171e-01
2.753413336608159789e-01
2.654237975372380487e-01
2.615444408190761294e-01
2.945060287322045500e-01
2.917796504380277822e-01
2.753490376701870912e-01
2.938620931091305288e-01
2.888191514296424289e-01
2.987737374580677896e-01
2.785106371413502702e-01
2.849215421374424739e-01
2.769845300835905300e-01
2.921430798076368185e-01
2.628849291733073579e-01
2.579906190147207012e-01
2.473272465248203544e-01
2.429033468799475237e-01
2.411890648454755870e-01
2.835261182589076112e-01
2.185316855253803814e-01
2.148665052792673447e-01
2.390787760715570864e-01
2.559279200882947913e-01
2.790281824061259242e-01
2.605542930978117511e-01
2.717837015544625201e-01
2.857227463576160198e-01
2.537602448470607230e-01
2.536086223553248309e-01
2.468282568297932023e-01
2.561064462061607983e-01
2.392061694543757555e-01
2.873653316083639164e-01
3.202271768543880071e-01
2.711738107011417709e-01
2.378007860538147999e-01
2.465350608678854027e-01
2.333153972915600893e-01
2.496026639479639042e-01
2.424254787142150480e-01
2.572529718204291660e-01
2.245907285176549639e-01
2.391242259392229730e-01
2.288728040073600978e-01
2.485010912432786268e-01
2.289564069192054074e-01
2.450211277058802206e-01
2.746873066442560574e-01
2.568296465857791699e-01
2.622267828509387555e-01
2.715509564452950886e-01
2.472126883316026202e-01
2.714610632228930398e-01
2.822929036525199109e-01
2.544095890786201020e-01
2.383064288784670637e-01
2.249872678358217915e-01
2.114720028202523305e-01
2.436583107815774030e-01
2.706756497155134444e-01
2.508868712636656562e-01
2.730357766106812356e-01
2.794634520800569621e-01
2.787644166357605147e-01
2.540993014445017684e-01
2.452921399628952004e-01
2.431074081030496492e-01
2.399043740930922874e-01
2.819409852812818085e-01
2.392084413217836769e-01
2.652399731907165159e-01
3.018860436292208349e-01
2.563767462571436284e-01
2.663003104601918136e-01
2.642174660715620460e-01
2.838929753470998962e-01
2.332483804833953289e-01
2.834187548666228795e-01
2.475758660201465011e-01
2.691123842565082414e-01
2.363106835952042961e-01
2.574503158840186212e-01
2.735656980236535474e-01
2.525783029312137495e-01
2.317101212949267131e-01
2.543170937522139519e-01
2.691337120431887553e-01
2.698340099630736066e-01
2.956711641141060443e-01
2.623500297291057048e-01
2.429057968210432683e-01
2.732824157431443246e-01
2.610616332095167524e-01
2.563715041603523148e-01
2.713327833359215346e-01
2.705625436513704463e-01
3.167611477537838338e-01
2.895624337993500386e-01
2.669573358463052659e-01
2.664811070854889441e-01
2.727394782702112774e-01
2.740579514528226901e-01
2.387076146191810799e-01
2.771596096931857600e-01
3.112635242119635715e-01
2.388212452777243311e-01
2.550566197995822182e-01
2.815267124187795234e-01
2.389341885153228318e-01
2.693609721799662404e-01
2.586551809187683793e-01
2.461504570447790030e-01
2.716532142158232244e-01
2.166343185161383744e-01
2.131988234205574873e-01
2.652397954095923049e-01
2.862035882721842284e-01
2.885460054992735612e-01
2.595971199092805271e-01
2.366313477691122380e-01
2.407310821906784304e-01
2.385767384771525501e-01
2.678891825788831116e-01
2.825374349644216854e-01
2.503246389926491733e-01
2.617167616934291674e-01
2.613708350783909284e-01
2.780402483142307424e-01
2.420118795832380265e-01
2.764216785584082681e-01
2.793867204504764667e-01
2.672404742312305959e-01
3.095394811422532144e-01
2.693209718393185237e-01
2.761975953764744807e-01
2.842145674566047830e-01
2.968098366093701035e-01
2.815383392758902814e-01
2.783435622343459204e-01
2.509137985514581781e-01
2.785956805006927217e-01
2.532465077627371053e-01
2.468563656254924576e-01
2.517963720398568306e-01
2.502764400689888591e-01
2.564288228110074286e-01
2.413136505249268704e-01
2.261768816717746600e-01
2.759433027196996902e-01
2.746096113264044902e-01
2.722376899286950147e-01
2.809988130211907298e-01
2.650434921439034364e-01
2.745116545044430367e-01
2.774955392141306709e-01
2.545152714870136945e-01
2.291610763232402870e-01
2.577071005051722041e-01
2.206018780981938709e-01
2.246748464714520555e-01
2.206782252029729496e-01
2.634749813083400727e-01
2.874772882339670099e-01
2.656017057491343869e-01
2.773164043831977121e-01
2.747483039281925499e-01
2.561168041852561750e-01
2.718359279448608334e-01
2.740465634659909333e-01
2.813901334469885440e-01
2.850660466377714086e-01
3.143050424821511868e-01
2.652905614651271948e-01
2.683177486788298483e-01
3.145860281367854894e-01
3.409797778598143148e-01
3.020067179647054623e-01
2.818719454907435695e-01
2.939284709824141473e-01
3.187495469439409757e-01
3.436335877288690388e-01
2.954083393421239045e-01
2.746179619624328772e-01
3.167616847197287644e-01
2.332901157361966515e-01
2.546824227337958213e-01
2.925511517331237377e-01
2.784181016677874099e-01
2.540358166366363246e-01
2.640414043610261885e-01
2.167222911911393102e-01
2.163353042449154273e-01
2.651428277669227174e-01
2.480115194168782955e-01
2.562037430906138891e-01
2.493509981184077184e-01
2.685382929465172097e-01
2.626388585755415339e-01
2.286180721047635367e-01
2.340344046134577305e-01
2.555228000294095803e-01
2.385820296750276459e-01
2.709654972525478156e-01
2.324854654044136992e-01
2.068930857329712991e-01
2.262428165331255292e-01
2.670644818785583019e-01
2.495460600235666349e-01
2.639779391317509383e-01
2.590553541529024839e-01
2.523413927421347958e-01
3.247366456122381395e-01
2.717077035438947297e-01
2.994082170874541871e-01
2.494452406421145130e-01
2.686583317943064264e-01
2.686067241198808464e-01
2.749557982785990617e-01
2.646353285493423524e-01
2.679689632623634132e-01
2.815310376685872251e-01
2.873496839273072534e-01
2.745447931190270197e-01
2.687642299054553985e-01
2.637651865907252868e-01
2.627303765146446479e-01
2.860153846773489383e-01
2.861192787972546836e-01
2.692131297238539722e-01
2.624310549281190230e-01
2.669922196957502103e-01
2.813829875327831243e-01
2.737762048896174027e-01
2.733403468309888451e-01
2.759673123972839481e-01
2.752646722364979759e-01
2.869017991421086711e-01
2.663060609239593091e-01
2.687838598113995170e-01
2.733572051831805183e-01
2.915085868321383167e-01
2.636451461307479649e-01
2.724226774520666639e-01
2.753147624716631992e-01
2.687821810190930694e-01
2.904841461444185868e-01
3.177454795894515960e-01
2.901622001520069993e-01
3.171511551887102875e-01
2.710964352247084985e-01
2.860002360721802250e-01
2.594047928911475398e-01
2.795020015393325230e-01
2.951652663022662493e-01
2.760988417359083180e-01
2.868351574430666462e-01
2.911510526911424424e-01
2.857500455314467280e-01
2.693223398467304852e-01
2.930244418771566495e-01
3.008505670815008748e-01
2.773382465089928028e-01
2.653656266749407910e-01
2.817841185216418687e-01
3.091106962851639661e-01
2.778951560400020893e-01
2.909918058523425222e-01
2.558079394733512868e-01
2.593099760425731093e-01
2.569896271144628264e-01
2.738219250427326168e-01
2.900597449327212418e-01
2.404431134276736048e-01
2.644817285463099132e-01
2.581756285226904923e-01
2.514015424124118048e-01
2.849032628807643408e-01
2.715215638325367276e-01
2.874090382031960766e-01
2.806182638143011054e-01
2.778814855676179918e-01
2.765316684712931239e-01
2.654412260119211053e-01
2.863550105678646096e-01
2.841921866933981855e-01
2.864658299104971828e-01
3.277701768550680406e-01
2.891888422927239577e-01
2.965943307459131262e-01
3.068893579369920688e-01
2.963315505743064349e-01
2.527499348318645311e-01
2.453064781144990159e-01
2.542669398997017827e-01
2.681315726613864858e-01
2.638697892679035539e-01
2.302614297768469376e-01
2.709777364430084878e-01
2.720255571844774067e-01
2.609141655468342758e-01
2.804217834330714476e-01
2.523319457709392588e-01
2.749075169251817830e-01
2.644975973807992542e-01
3.036858354022227147e-01
2.886899261141148143e-01
2.859395610252308817e-01
2.656859003297272759e-01
2.534281243391913740e-01
2.412806083167848004e-01
2.754919653470021546e-01
2.779128780545647714e-01
2.682057235043771026e-01
2.254815249129762389e-01
2.710642250219529314e-01
2.515107592503690315e-01
2.703127376113984015e-01
2.376276536238765003e-01
2.472414955874452647e-01
2.751318718655826334e-01
2.796471121487581479e-01
2.912019289686184620e-01
3.068748060576529380e-01
3.155831412750601528e-01
3.556121122843964866e-01
3.203733543463786471e-01
3.253601684241574921e-01
3.295064044640086398e-01
3.170330448262639877e-01
2.987448384276579216e-01
2.901669637277156655e-01
2.687686840490684514e-01
2.659311847617978342e-01
2.338373887626348790e-01
2.586449457196706714e-01
2.595657120856106337e-01
2.494613252383205415e-01
2.926644629623147975e-01
2.839147590630327067e-01
2.477034484223629707e-01
2.481580751619598124e-01
2.131098690488904546e-01
2.385625401539073764e-01
2.501071764377757467e-01
2.725753196705770764e-01
2.589351786132472744e-01
2.652380518700386824e-01
2.984984790013260336e-01
2.514901368435211171e-01
2.958533579332303654e-01
2.880351774244670482e-01
2.668301181128559518e-01
2.842412191710305680e-01
2.436015921049398680e-01
2.554007083294738134e-01
2.732841739868778208e-01
2.935323726130583677e-01
2.731442137889452670e-01
2.545450494008273945e-01
2.462550707987752052e-01
2.537246427612483979e-01
2.495788163820585326e-01
2.211055571586302282e-01
2.756601401919976380e-01
2.514499332597875947e-01
2.858028730961432728e-01
3.071367719380001526e-01
3.066847866956760593e-01
2.865581784628286055e-01
2.868354557538838057e-01
2.811700415852728119e-01
2.613461914390022844e-01
2.609480289427590360e-01
2.592074602276026041e-01
2.475961095850067462e-01
2.499287449133106020e-01
2.714688023665352556e-01
2.471804120485019685e-01
2.976177997088969573e-01
2.751474746319511611e-01
2.477756476287870380e-01
2.172224378985939119e-01
2.136204285673056757e-01
2.721163533172213933e-01
2.560760512902297559e-01
2.544356483940578006e-01
2.569175044612326264e-01
2.539264572453615032e-01
2.535424101866169955e-01
2.502787848353333344e-01
2.398246699099984280e-01
2.269471967427728054e-01
2.387240322849090712e-01
2.470513773419532322e-01
2.601477938942376444e-01
2.393972261766516563e-01
2.375201146636891081e-01
2.561354111140981549e-01
2.596056484185144675e-01
2.469910564279073073e-01
2.514835563138750341e-01
2.668426479074220703e-01
2.634498789877595115e-01
2.298664658929724380e-01
2.429403135713576189e-01
2.174006470181965300e-01
2.276894033582682608e-01
2.501247766450834797e-01
2.455190236874557064e-01
2.358060459814825538e-01
2.270379096800223540e-01
2.344828439982611923e-01
2.467154382609777208e-01
2.674565962745190650e-01
2.455860175943918311e-01
2.735407684334398848e-01
2.534988793331886536e-01
2.548012545462849388e-01
2.433717227637911540e-01
2.857221466893918871e-01
2.416270762826865648e-01
2.485326551295581887e-01
2.691545321439696159e-01
2.765380178526340993e-01
2.578841057916390622e-01
2.872544383591583150e-01
2.318846112260293246e-01
2.323343118320172207e-01
2.340210938785791672e-01
2.212359554591322719e-01
2.217336831326212898e-01
2.683181878604005699e-01
2.539257828627801694e-01
2.674631201911594203e-01
2.384889325515638092e-01
2.633430293971149583e-01
2.749460114513067044e-01
2.693704520208123343e-01
2.521364068326756858e-01
2.519096184593684895e-01
2.805844351119132773e-01
2.925855653855537475e-01
3.099113405145716427e-01
3.168269167653770535e-01
2.801054017536439011e-01
3.254343011283624687e-01
2.999476632284034383e-01
3.172119104519684485e-01
2.947984863377553499e-01
2.647644488786541905e-01
2.595395857909333359e-01
2.803510202045476074e-01
2.718859054225191141e-01
2.521212298413478270e-01
2.725988538370678338e-01
2.494004469454333128e-01
2.528398154899865746e-01
2.599345083220208630e-01
2.927196699690986503e-01
2.901903304985702370e-01
2.675611969522565525e-01
2.858124785459277839e-01
2.774719092839295631e-01
2.411609224418811981e-01
2.521343403227012114e-01
2.376568067138857543e-01
2.091551038535109097e-01
2.414741989877534079e-01
3.279019354190773616e-01
2.682440453370967259e-01
3.042818509745033873e-01
2.553398177765987542e-01
2.482748863433012487e-01
2.706456130887648359e-01
2.583095013797633288e-01
2.855800710994433333e-01
2.655730224594365918e-01
2.786000429670748013e-01
2.860929402881144945e-01
2.948029446200364778e-01
2.982223476586480793e-01
2.731719394786423782e-01
3.098393805714417804e-01
2.982060563470584902e-01
3.024284023915989605e-01
2.521357092331678040e-01
2.779416368940745841e-01
3.236834224344461441e-01
2.836815872330775701e-01
2.584993687346434643e-01
2.848315041145104698e-01
2.874883527712185360e-01
3.025038023107918250e-01
3.056071386732071571e-01
2.831277371728094239e-01
2.776711773773215541e-01
2.561452693764943445e-01
2.619251700107997904e-01
2.487707105339842240e-01
2.704367223904610706e-01
3.033318321906633419e-01
2.978482387692530931e-01
2.792936115811968101e-01
2.717203701371435076e-01
2.722703545393298508e-01
2.446147509490071426e-01
2.437640760951856889e-01
2.435971536236010981e-01
2.386426607321488758e-01
2.343271410929583520e-01
2.444591539922336410e-01
2.291720070411051857e-01
2.469772528696269065e-01
2.435903962402007350e-01
2.520652081957319157e-01
2.452799671864047681e-01
2.261198630712377977e-01
2.195481677576903434e-01
2.428344626544896578e-01
2.988650651522651858e-01
2.400296869097076624e-01
2.593778897525004234e-01
2.842680675503079235e-01
2.366241421463246009e-01
2.559837908932306449e-01
2.609878827769251397e-01
2.445253973458480778e-01
2.399271092417726015e-01
2.654830053743650886e-01
2.409397348619950474e-01
2.819022138061482718e-01
2.240315979819333114e-01
2.427073363947805096e-01
2.328272548865658043e-01
2.461378778222047536e-01
2.996789377511880348e-01
2.947767923247713306e-01
2.163903603236538298e-01
2.148830952133650718e-01
2.579187704992207952e-01
2.447728925476416184e-01
2.941406394331357865e-01
2.743820649033753001e-01
2.681091743701027874e-01
2.926377578749910224e-01
2.675778367232620192e-01
2.891492426684001416e-01
2.602615568067697671e-01
2.654587316842351163e-01
2.676094338910427473e-01
2.631427898248088759e-01
2.579343671455195386e-01
2.475417449526403635e-01
3.137806704453001139e-01
2.648041663309445015e-01
2.505856137998440092e-01
2.698181114325415852e-01
2.566142599706648930e-01
2.497053203894558371e-01
2.748138128369245203e-01
2.732389035134871191e-01
2.846562052489933770e-01
3.072075184086531241e-01
3.162589545624372445e-01
2.627103405619091725e-01
2.486135083374625687e-01
2.699934995200983234e-01
2.540177054747319585e-01
2.751905559367681664e-01
2.716736416732227766e-01
3.406220304129157772e-01
3.125777196387485302e-01
2.940126758520897887e-01
3.006577325483575924e-01
2.782272568356314313e-01
2.751690292313671571e-01
3.093308912682413703e-01
2.724772277989251923e-01
2.656573765337803539e-01
2.747178768411942529e-01
2.386827639966538350e-01
2.540993387383074231e-01
2.554441386534743175e-01
2.341652668485415534e-01
2.748114666928714867e-01
2.558311912183550696e-01
2.609826477395439381e-01
2.684198846543535688e-01
2.523613864719242983e-01
2.640661319798277007e-01
2.574067337906026931e-01
2.735632155186558667e-01
2.898390433825169810e-01
3.286742214183417388e-01
2.703803352856006814e-01
2.954470665597615509e-01
3.181627631860347027e-01
2.738274664359210409e-01
2.624544963831136335e-01
2.527637221150609292e-01
2.502882423155636804e-01
2.667700157987089038e-01
2.785487932064737993e-01
2.402511938741195285e-01
2.415678730901087146e-01
2.284494277994223721e-01
2.660902091427340133e-01
2.434116782152106473e-01
3.200690432472940716e-01
2.915335436867881325e-01
2.697324384958917354e-01
2.779070848697614005e-01
2.802225712065640750e-01
2.446224784098058325e-01
2.322186187418538716e-01
2.587689260175329298e-01
2.350315551011511184e-01
2.318640052229311577e-01
2.278916516105874701e-01
2.508855778361609445e-01
2.608785640037952769e-01
2.832791142575620813e-01
2.972032493649944818e-01
2.983436354801370372e-01
3.044624509993404393e-01
2.781852565315779402e-01
2.694514800947355737e-01
2.602682034628689411e-01
2.608548018307716432e-01
2.494318951886620450e-01
2.359567562792563855e-01
2.770965728627579616e-01
2.530610786302062709e-01
2.469329287526321470e-01
2.580150569653538173e-01
3.009685120578562412e-01
2.829730358761777254e-01
2.845037537242478543e-01
2.776549568316429850e-01
2.977017013889101116e-01
2.754056866588828756e-01
2.331228652500752507e-01
2.501518825453654671e-01
2.375804334986035549e-01
2.734537747970331445e-01
2.996517705653737873e-01
2.710279516759497853e-01
2.695595094986836249e-01
2.648197855910835452e-01
2.503972071733216453e-01
2.591283904521019532e-01
2.730995888468765176e-01
2.835021073658449131e-01
2.723093133853499159e-01
2.356058481921333714e-01
2.659257114845496872e-01
2.404288929321175550e-01
2.539665592053599319e-01
2.545739276636818094e-01
2.896935172972601169e-01
2.869651572473314594e-01
2.826366127463786904e-01
2.674338256369963029e-01
2.556555425299160134e-01
2.573964870007589556e-01
2.458446977436893610e-01
2.074617354724407337e-01
2.461662531741118654e-01
2.575565815858351093e-01
3.290527938872733205e-01
3.190436231506729725e-01
2.854710628026409514e-01
2.586492720141497781e-01
2.864114724908318199e-01
2.253263081401235268e-01
2.255407680604812337e-01
2.383505188449568379e-01
2.577830559603576099e-01
2.411543705830934969e-01
2.403376277264686889e-01
2.464902457846605832e-01
2.402631482529693774e-01
2.173292499335908456e-01
2.549331269432900671e-01
2.547473623399305054e-01
2.381436447079341434e-01
2.367492218364833645e-01
2.115057231210052402e-01
2.462153756551235806e-01
2.528101682715314102e-01
2.963366858885526645e-01
2.320492773073205839e-01
2.456673642379330891e-01
2.334367624424384113e-01
2.371429870975678977e-01
2.136819072919687867e-01
2.471319525677164453e-01
2.346107383423689241e-01
2.368196246837010743e-01
2.289618315861871867e-01
2.404261747568833263e-01
2.687588232573939195e-01
2.949740409010980224e-01
2.481625508666968072e-01
2.727953020682747920e-01
2.784620967711035067e-01
2.245977232142803148e-01
2.402681715447657906e-01
2.206867284939638962e-01
2.173517629818792762e-01
2.511326311101322872e-01
2.447032515037719513e-01
2.396572537228157385e-01
2.586479543199178832e-01
2.392566848107050836e-01
2.516771255522894934e-01
3.178929021083597983e-01
2.612091016768503526e-01
2.424502721650405312e-01
2.793705881600737628e-01
2.311863598770994566e-01
2.578573547675876987e-01
2.501531072711810633e-01
2.668915747469475241e-01
2.243408244607250357e-01
2.515908536054665134e-01
2.564598356866739648e-01
2.376832302635268623e-01
2.405112929867595506e-01
2.680831982256769441e-01
2.537444853680109746e-01
3.035590554809173836e-01
2.953596179196065208e-01
2.790204676817171214e-01
2.776699281753320370e-01
2.727957338389812025e-01
2.846602762391397534e-01
2.647437168378300454e-01
2.792711381965032880e-01
2.506164781504637284e-01
2.635399996611804130e-01
2.393892713251086490e-01
2.373786819995771236e-01
2.678612623504765811e-01
2.621381560056307292e-01
2.605971747768219271e-01
2.511691085654802480e-01
2.926474011052611623e-01
2.722071326130306446e-01
2.469440138983156341e-01
2.905360994190355206e-01
2.275928504337422498e-01
2.405103582726642319e-01
2.354336437712864216e-01
2.108709369803504485e-01
2.280414683197546921e-01
2.773123543722432194e-01
2.738205523163018684e-01
2.680392023617361730e-01
2.484151056044525685e-01
2.165314693826148329e-01
2.132084691155346767e-01
2.200765999584874399e-01
2.275562666099046061e-01
2.411741273148911291e-01
2.814542540245876800e-01
2.834311673861194536e-01
2.870429084788352347e-01
2.701170619480123269e-01
3.066306966131019385e-01
2.820719776821463132e-01
2.779778637757366333e-01
2.669617164440583612e-01
2.789919975769153404e-01
3.092560358168782719e-01
2.550336593731535872e-01
2.704016014934526591e-01
2.519131336407746669e-01
2.682998052976525161e-01
2.897385249771578519e-01
3.271375222691556006e-01
2.695344433464171852e-01
2.229496035418228328e-01
2.402902591675201704e-01
2.704953066872164968e-01
2.610332737471035558e-01
2.634685196552778441e-01
2.858281492111532374e-01
2.894428488167643532e-01
2.400828945358337574e-01
2.734031117220867002e-01
2.673371426244820492e-01
2.389464145405569284e-01
2.684927712865022298e-01
2.676709822790246940e-01
2.767272443765253498e-01
2.761265629797191035e-01
2.837409916391044895e-01
2.713303590912757302e-01
3.000598115798409626e-01
2.895591753999151030e-01
2.947815048909274704e-01
2.776432209728247891e-01
2.843958516343715326e-01
2.381032956383558885e-01
2.628596551374928203e-01
3.049397010571123778e-01
2.826424219914473457e-01
2.678170722710219165e-01
2.585857609410405211e-01
2.762223581988874077e-01
2.556546127781227917e-01
2.787162082525080353e-01
3.028313711455048463e-01
2.777096392466048003e-01
2.830687533447950321e-01
2.617039148447615760e-01
2.696736672275317215e-01
2.488131354624396052e-01
2.466992473727685209e-01
2.688045466723288368e-01
2.526719693062435823e-01
2.661648568403938153e-01
2.888798986298401483e-01
2.786490051506758103e-01
2.804103925309784362e-01
2.426140420238722950e-01
2.344781959841476249e-01
2.685808554663867698e-01
2.386492797872061533e-01
2.743339118558384970e-01
2.748420860163703350e-01
2.710509061236705541e-01
2.775360403155922029e-01
2.723151828819138642e-01
2.604780466996544086e-01
3.046236735761534420e-01
2.995238068349918570e-01
2.718029854657827982e-01
2.558017599026073952e-01
3.029526850395196647e-01
2.712103149109982847e-01
2.468675908749337622e-01
2.547195126131859277e-01
2.576858900062367619e-01
2.684556706175961760e-01
3.034363143319654954e-01
2.888935703069532290e-01
2.599690309423104972e-01
2.859683982769820609e-01
2.256065340257950580e-01
2.752069180732522602e-01
2.484796097384611435e-01
2.429753634898838555e-01
2.529557852309012866e-01
2.735401768796402178e-01
2.830553553777972464e-01
2.934136567650200700e-01
3.103926982681390889e-01
2.600194503914084465e-01
2.880993194861043438e-01
2.729497493651632523e-01
2.632729976996543986e-01
2.273084569252949438e-01
2.407513825908139116e-01
2.564699806187280551e-01
2.467660294400462473e-01
2.688305317182753118e-01
2.920465939285397106e-01
2.487257421266259316e-01
2.391102379021046165e-01
2.475266641814042878e-01
2.871834883104822933e-01
2.934925514108618905e-01
2.905338448117337213e-01
2.585444098184258577e-01
2.538658478955910791e-01
2.493248871773326159e-01
2.518729299501566987e-01
2.426662096265734814e-01
2.718852088995637462e-01
2.461597104723284579e-01
2.303169078818416149e-01
2.549522436659282798e-01
2.805753514347750222e-01
2.823924937279848613e-01
2.514878578442942270e-01
2.626037936941455486e-01
2.383371381659559474e-01
2.619234974257315662e-01
2.547144603697979459e-01
2.199942802557307286e-01
2.731721162716695961e-01
2.598893983127318341e-01
2.579651330895459393e-01
2.409230251827272351e-01
2.279522103058645999e-01
2.314757923862042210e-01
2.488061447088538436e-01
2.355157176875025682e-01
2.358569256901191236e-01
2.592710619447609055e-01
2.620577311763189754e-01
2.581404476935137970e-01
2.420430723536060313e-01
2.562258967063664739e-01
2.615050491556147882e-01
2.807239929361953212e-01
2.433060311416899435e-01
2.974414865519438012e-01
2.990783233267248487e-01
2.989966162172887354e-01
2.984891710261792785e-01
2.911787654029247552e-01
3.339924485103161755e-01
2.749095474073223744e-01
2.526971095141263279e-01
2.681867990073658614e-01
2.666042632777947397e-01
2.986131658493134666e-01
2.843730011053567375e-01
3.394267940667214378e-01
2.903140097737105241e-01
2.650574181397740703e-01
2.859229626776902400e-01
2.730094497576264212e-01
2.709992541484859685e-01
2.940508995421440841e-01
2.946675057748854853e-01
2.589888712587150033e-01
2.737763444415013958e-01
2.779921643145261689e-01
2.462419356398762860e-01
2.702983489279816021e-01
2.773205879126318663e-01
2.602702801151560719e-01
2.982756443621234488e-01
3.010855711378122579e-01
3.117282866591553070e-01
3.080168701387624441e-01
2.866186891336074960e-01
2.680807385360517991e-01
2.668799422721982451e-01
2.687426064029636019e-01
2.608408110104593614e-01
3.147616710480806712e-01
2.852934187755505890e-01
2.911117973888778243e-01
2.643840637124300619e-01
2.584884258092840503e-01
2.379134282993102256e-01
2.176600347318123907e-01
2.384509239953531423e-01
2.297963533970461547e-01
2.317190842673571838e-01
2.601864887562714834e-01
2.385762170479446553e-01
2.171588618109972224e-01
3.095948952433761892e-01
3.007073072288808380e-01
2.496928880770492576e-01
2.669292516708112184e-01
2.362946855083280506e-01
2.499562053837159348e-01
2.772892651294199817e-01
2.780784172412097410e-01
2.810030669047672847e-01
2.819966410045706140e-01
2.659714728958315066e-01
2.717880653367810151e-01
2.568612596664635594e-01
2.460324228240838851e-01
2.664338052957275771e-01
2.847874361622793615e-01
2.761894358154770024e-01
2.884797983574651226e-01
2.758447322292426063e-01
2.625663978286901790e-01
3.187173358599281747e-01
2.867035937763151576e-01
2.831476757692046320e-01
2.761648366610910954e-01
2.643160513816529833e-01
2.768279364852319624e-01
2.770091996393863609e-01
2.981545266969859442e-01
2.668012265465006250e-01
2.666362580223106682e-01
2.604240603146043553e-01
2.676617563354838358e-01
2.647368343967707593e-01
2.808197619275504819e-01
2.704100894342725270e-01
2.469751030095605204e-01
2.434381590518251703e-01
2.448611282283054968e-01
2.434205832299607963e-01
2.162187987742044404e-01
2.723982332368971582e-01
2.834181984982599989e-01
2.619472702283937027e-01
2.434709534442429935e-01
2.734310686288501935e-01
2.643110634695963190e-01
3.055026906406912435e-01
2.410128541051802520e-01
2.434816077484871499e-01
2.543740877603111183e-01
2.480066826682802705e-01
2.315182132352113231e-01
2.402112789786742253e-01
2.226977819097609168e-01
2.419773875575172983e-01
2.472100009198095472e-01
2.340672096769419452e-01
2.570950014371269909e-01
2.355683917723641052e-01
2.644672216209865145e-01
2.340614133411425268e-01
2.444017771843231546e-01
2.342186063835734189e-01
2.233743002243182008e-01
2.180731531059949269e-01
2.401388882344982489e-01
2.416154372567108910e-01
2.814817388592936731e-01
2.796299230820525894e-01
2.575869603465071322e-01
2.830661593714016711e-01
2.457300548029467679e-01
2.469663997464537353e-01
2.522248221458209261e-01
2.894283650783628370e-01
2.592445082819905822e-01
2.317184254637440488e-01
2.352795550808555181e-01
2.494800192024669017e-01
2.411048443670212038e-01
2.576505465958181529e-01
2.507176409548437235e-01
2.831543218791030547e-01
2.532918590581236251e-01
2.548953404119611577e-01
2.479733301794999623e-01
2.630015119508933297e-01
2.444515899565546935e-01
2.189732239670610925e-01
2.470477592838752345e-01
2.446203628141262465e-01
2.464822012890584835e-01
2.437823920672591571e-01
2.294587114486064394e-01
2.524821305283927453e-01
2.602678255730351276e-01
2.392660607598846856e-01
2.441251750922223129e-01
2.492755087828718852e-01
2.512684071055046320e-01
2.436101946618314806e-01
2.496026132489597982e-01
2.795215117533751958e-01
2.601632368258899874e-01
2.482876683537942608e-01
2.499192750475345282e-01
2.561172080093869208e-01
2.479761919886273591e-01
2.650287652606221900e-01
2.885458326923272532e-01
2.545891569313510905e-01
2.534095363178478499e-01
2.592097689628505841e-01
2.607396195551460738e-01
2.775173358597085582e-01
2.717442701132545269e-01
2.826502923366361886e-01
2.702772635965525749e-01
2.476505033067925576e-01
2.685314219694102111e-01
2.697155842693266803e-01
3.088352256540284335e-01
2.911255673632615615e-01
2.877244576089969530e-01
2.813584254933460538e-01
2.499865173639665428e-01
2.765002584586089829e-01
2.458705260173774665e-01
2.786527482365348529e-01
2.755891261542648962e-01
2.912612747774220301e-01
2.760646994861027936e-01
2.659963332510609790e-01
2.772144836692180259e-01
2.337108997146780109e-01
2.984606432531540232e-01
2.808182392600916955e-01
3.027075364046732386e-01
2.805104251168377139e-01
2.772179326795294885e-01
2.936029501434594402e-01
2.653471606994735055e-01
2.523182908908166433e-01
2.505473372765625317e-01
2.378571060218789279e-01
2.510317597979652149e-01
2.685683311126904060e-01
2.663176863407896167e-01
3.020158297390244106e-01
2.392521910460749246e-01
2.921165152071031335e-01
2.692351885523507349e-01
2.733305147641013066e-01
2.555632153712504850e-01
3.074978284431349462e-01
3.080579164698779571e-01
2.468063814108734655e-01
2.497376778203660996e-01
2.489213808528192851e-01
2.605338515015725442e-01
2.712867136797547096e-01
2.527629480667145656e-01
3.160181519985598153e-01
2.667449817005884127e-01
2.589130109764531951e-01
2.830937128662885383e-01
2.460483653195854048e-01
2.796155113693917227e-01
2.417224178586456218e-01
2.380462859489572425e-01
2.692808468622968632e-01
2.603228884754617556e-01
2.670254360428531704e-01
2.440805269610174522e-01
2.664579882374642494e-01
2.254356854230785134e-01
2.364616636555076090e-01
2.286671290870301854e-01
2.541602049055817769e-01
2.220434028709377394e-01
2.726343686249066978e-01
2.884154560755778918e-01
2.601968472116232278e-01
2.356841869213694429e-01
2.773251529913623448e-01
2.591752474362072345e-01
2.777621308053057070e-01
2.573880673066626379e-01
2.540315190833818404e-01
2.547867434988428936e-01
2.882388295982795667e-01
2.461968612372621157e-01
2.787356171954107342e-01
2.626279852903840584e-01
2.547428155032770425e-01
2.990707682964425795e-01
2.984388053622177850e-01
2.717813768774028360e-01
2.616069792507239034e-01
2.458388232684454167e-01
2.656999053236884789e-01
2.725454720080152105e-01
2.806137676808732051e-01
2.637832096489252653e-01
2.526055750738537831e-01
2.742599208658498267e-01
2.862016818383670280e-01
2.611817476269830962e-01
2.843181541337294616e-01
2.728256161217030296e-01
3.117916958741493438e-01
2.807094113105230160e-01
2.543123362898840334e-01
2.350174086965312881e-01
2.718537607705673875e-01
2.481091979455804508e-01
2.602598910736109716e-01
2.628638079422701557e-01
2.533408106102306712e-01
2.809107127762907608e-01
2.490525517045346082e-01
2.458593681448225099e-01
2.787795629523056595e-01
2.797220939237291537e-01
2.811370700086911478e-01
3.141203079924533292e-01
2.598375979065825625e-01
2.393118689759764495e-01
2.493539681582047085e-01
2.442272518953920446e-01
2.130425671935226306e-01
2.399780151580032106e-01
2.848670725365805567e-01
2.601125990278264632e-01
2.769578481266254388e-01
2.464527071282145987e-01
2.552920341226133649e-01
2.436050488416592330e-01
2.551810022735127026e-01
2.582488865761861097e-01
2.713020371055854252e-01
2.715935551465361586e-01
3.013664159794235409e-01
2.597423852767899444e-01
2.381839617406616427e-01
2.637616240127656497e-01
2.536218075069786027e-01
3.046936639046019524e-01
2.967247364202938442e-01
2.659295734495052410e-01
2.808086142669648511e-01
2.972857031542776030e-01
2.763887071714639099e-01
2.832757354224571533e-01
2.848642586425998435e-01
2.458082221897056052e-01
2.825360940142924160e-01
3.017066345095021918e-01
2.633461277533607481e-01
2.550912011760212428e-01
2.488822203762896257e-01
2.389067515491631877e-01
2.320487852410960949e-01
2.348182213286561237e-01
2.431668852027947525e-01
2.211755032862329495e-01
2.334692560454786903e-01
2.836530439881108645e-01
2.199859261675388977e-01
2.613298023444560192e-01
2.883068323654008891e-01
2.692581303592390118e-01
3.105195376393015128e-01
2.938130351255814343e-01
2.447010186981001256e-01
2.422984141059189300e-01
2.416892812740511487e-01
2.430093141055788275e-01
2.395290330059039741e-01
2.630516364104078519e-01
2.520684717182709589e-01
2.501658117540256909e-01
2.827869326619287804e-01
3.191819031933996187e-01
2.983354730079978978e-01
2.701959595054252983e-01
3.069371608341701640e-01
2.627280212855266361e-01
2.615743969345040165e-01
2.647628963660646484e-01
2.904635552709812218e-01
2.695800929011578639e-01
2.581043364851873800e-01
2.524968684185197043e-01
2.737439914476261227e-01
2.713136334163251950e-01
2.477057460556348900e-01
2.644682474404301820e-01
2.676728607220455469e-01
2.548475406752898076e-01
2.650051069395652492e-01
2.793073987423498328e-01
2.718300506312847364e-01
2.754410124087203759e-01
2.806440408962977973e-01
2.643822009826576336e-01
2.507208483801915411e-01
2.903113831905573261e-01
2.695338556216697046e-01
2.510152957851896072e-01
2.401072383190291371e-01
2.390784649206296464e-01
2.283052828803306400e-01
2.569351299616108864e-01
2.449989007066536995e-01
2.285289651301495584e-01
2.433394137250213807e-01
2.375198021061576403e-01
2.813776491367442345e-01
2.705482857422730758e-01
2.612980183257653244e-01
2.765500047223657387e-01
2.672195249818994922e-01
2.787265345423369789e-01
2.698104287990951144e-01
2.957906265072893226e-01
2.640656729192814578e-01
2.634365178314088118e-01
3.296752283142311835e-01
3.094786423032846456e-01
2.867421858615885055e-01
2.923756406839208566e-01
2.744794785209110910e-01
2.844744330324714965e-01
2.706749916352242935e-01
2.748100359054611586e-01
2.853933814067232677e-01
2.511711183431025174e-01
2.392106782537561649e-01
2.262991687735939339e-01
2.338295444254824829e-01
2.517429751392244452e-01
2.741763193983631774e-01
2.757940329135222246e-01
2.577678656244552502e-01
2.700478131952017136e-01
2.711418628760164373e-01
2.915328922345458706e-01
3.121385423089479971e-01
2.968446631865696572e-01
3.054200753551338798e-01
2.787112868664127774e-01
2.553624590682989637e-01
2.518453121194940136e-01
2.962707688038609399e-01
2.964407068833613268e-01
2.652753389696416164e-01
3.073752215201738802e-01
2.562883034619633515e-01
2.525003814178281569e-01
2.741142766625175309e-01
2.760844421830947470e-01
2.444570993953334992e-01
2.487936290272966811e-01
2.487434034206854327e-01
2.173345538866551518e-01
2.528290348483454575e-01
2.372586211855034488e-01
2.318484962471304700e-01
2.312477434941774268e-01
2.381813130422952562e-01
2.612754978241946802e-01
2.477155777657910618e-01
2.492937660258842392e-01
2.491670512290415640e-01
2.513988950478244222e-01
2.238677978491011300e-01
2.462594348070540062e-01
2.568172547083255042e-01
2.606114427226115526e-01
2.326066590860364491e-01
2.606895734380186846e-01
2.513589962227154029e-01
2.578085498368581918e-01
2.494159469804203000e-01
3.335479270538024843e-01
2.966089854996570851e-01
3.177973427218305225e-01
2.782008501769603903e-01
2.808270803138777638e-01
2.649527384201397218e-01
2.439876942036356966e-01
2.679019379571315751e-01
3.461232184807808698e-01
2.768633342055904500e-01
2.662598934784742855e-01
2.831935344832562373e-01
2.385584684087951046e-01
2.862144881380657702e-01
2.552870443039222947e-01
2.741040629847293353e-01
3.057976599339080614e-01
2.891161173758872160e-01
3.043317111943791842e-01
2.558178444780575544e-01
2.575784799073267961e-01
2.507004276507928675e-01
2.550206211514487453e-01
2.185728968969803676e-01
2.563858937705366103e-01
2.717018489738379783e-01
2.719233258147105703e-01
2.405686457574852111e-01
2.358257689879992292e-01
2.271243659482048149e-01
2.372233264629556027e-01
2.486384895494261060e-01
2.792756358799948768e-01
2.636931006802489819e-01
2.456301150304594783e-01
2.419395378145950404e-01
2.501223567929747316e-01
2.655260303061136029e-01
2.680438272190893145e-01
2.801453445377334317e-01
2.798171961966491317e-01
2.803991205387251773e-01
2.825234383054487375e-01
2.996554882578625345e-01
2.602931496670727873e-01
2.617112878148369348e-01
2.761982444795981206e-01
2.582464744741315155e-01
2.623570421708045219e-01
2.602730177085508800e-01
2.624211399888038976e-01
2.317789642466511202e-01
2.479143994746017821e-01
2.365756592364988697e-01
2.768675952983491451e-01
2.846089094641644501e-01
2.608940856779422557e-01
2.587918696347378811e-01
2.563880068014212088e-01
2.327365101527478219e-01
2.857768554478646861e-01
2.777593082524937862e-01
2.300154156871770939e-01
2.647667822492265621e-01
2.509454455761470082e-01
2.741986804159874391e-01
2.785468585357482318e-01
2.889857730697072968e-01
2.844790075877855484e-01
2.839934173476249546e-01
2.527369238419185371e-01
2.436290541210122673e-01
2.367401076444873853e-01
2.553035895668234190e-01
2.419874526197816622e-01
2.377521259414880905e-01
2.312272322449683559e-01
2.549661821036194320e-01
2.668193833193247544e-01
2.676961906302456340e-01
2.898668773797656306e-01
3.103274615024949612e-01
2.749024600278465735e-01
2.650297306849879186e-01
2.568731553426988889e-01
2.828455155914318953e-01
2.756616539868739779e-01
2.682468494845327012e-01
3.104649694910658342e-01
2.699223236265375636e-01
2.750983259826678129e-01
2.746546011907037843e-01
2.405966520861767821e-01
2.520498971291948997e-01
2.866971835247957290e-01
2.554368886344882128e-01
2.884607818977025784e-01
3.008000369439655652e-01
2.613108233581634132e-01
2.737699778725957711e-01
2.855917204857483238e-01
2.954219312656746199e-01
2.761019863355224646e-01
2.570866423133935652e-01
3.272891839097862299e-01
2.692883718429390782e-01
2.573968411070529649e-01
2.824326801910168605e-01
3.182419897438433232e-01
2.604085822324498367e-01
2.874540194442649077e-01
2.719565228425563364e-01
2.375914614724312091e-01
2.582731644741519395e-01
2.801726059548773629e-01
2.804576797435463509e-01
2.717532104990131314e-01
2.187287356508819947e-01
2.432829861248364534e-01
2.496873431914090891e-01
2.613818248604627970e-01
2.571407031215459105e-01
2.804591863228908521e-01
2.750918558714769979e-01
2.951066995943534277e-01
2.362906935908226647e-01
2.387646632469495878e-01
2.868472457680604215e-01
2.592480844401924833e-01
2.144474773589212513e-01
2.509304043867631728e-01
2.674942392275539982e-01
2.668756653595384942e-01
2.328500722142141099e-01
2.546517827979626336e-01
2.840990770994014647e-01
2.696584817329857331e-01
2.869909916767175440e-01
2.643009421438369255e-01
2.738004504299973996e-01
2.622518315303165592e-01
2.838268764150623791e-01
2.585705160191434371e-01
2.670149348406259948e-01
2.758485897514171281e-01
2.902008043759192191e-01
3.072879351227176259e-01
2.951782288025316392e-01
2.600450648278435639e-01
2.721551640160788099e-01
2.539308352639384481e-01
2.850480054690500697e-01
2.680092967142759242e-01
2.694796819276931155e-01
2.484513545312194149e-01
2.402248241767205028e-01
2.245408665739468679e-01
2.404273593824238775e-01
2.799483671213801039e-01
2.642568606348758009e-01
2.637573162299157170e-01
3.025097481397566734e-01
2.819768623697196941e-01
2.895428829643856283e-01
2.700647479861033595e-01
2.844766578032703053e-01
2.569719804718803013e-01
2.452738357854334361e-01
2.427359564154752403e-01
2.148252066652912295e-01
2.504567560958588790e-01
2.737091499621452373e-01
2.492132960832408872e-01
2.555381013956333214e-01
2.661341726761998761e-01
2.665394727722558144e-01
3.080801384797361431e-01
2.536265704150040268e-01
2.424642711621382840e-01
2.677147528722101377e-01
2.467271371269334490e-01
2.347348178387206608e-01
2.784713554947348402e-01
2.650499080296848109e-01
2.459359973600934168e-01
2.621733848688206914e-01
2.624843847713992928e-01
2.314750327367800786e-01
2.547663549128934557e-01
2.698847182914587139e-01
2.487142596422531604e-01
2.661117454278483785e-01
2.621676935336437197e-01
2.641297133396827146e-01
2.540346264493775208e-01
2.420317154895526846e-01
2.732481183290106919e-01
2.620151790076045706e-01
2.821677547070088887e-01
2.573541106699105963e-01
2.328139797334006500e-01
2.568605160707260193e-01
2.866573117013077043e-01
2.957160490259001517e-01
2.436525285378254579e-01
2.693663740948157304e-01
2.749791870634509805e-01
2.943419548654651607e-01
2.619748411253118858e-01
2.260813297289323842e-01
2.533228543514110531e-01
2.618401726018005360e-01
2.564031548606977018e-01
2.950492995154209153e-01
2.962439620002972340e-01
2.292300733822585646e-01
2.383270896928324778e-01
2.580375289721651422e-01
2.733224081648443771e-01
2.563055978681367253e-01
2.694183506861860811e-01
2.628829401866862314e-01
2.471482415981895164e-01
2.632034453191769985e-01
2.599012339982148534e-01
2.665849925457832725e-01
2.618759979820319272e-01
3.050020904441597125e-01
2.487780928251400459e-01
2.478764964218139188e-01
2.352313470402524198e-01
2.632945262787287355e-01
2.719183919950244888e-01
2.225520284910692814e-01
2.226665865621635099e-01
2.230638708159284056e-01
2.447426463244489758e-01
2.423902726308574396e-01
2.353501057841230482e-01
2.372678124050167370e-01
2.270675190330007642e-01
2.535614065141316154e-01
2.719187300774587590e-01
2.465312937336819332e-01
2.467882275000053138e-01
2.474143731411662106e-01
2.741027466811150615e-01
2.551975098050934254e-01
2.303512311713065697e-01
2.314511227504646163e-01
2.220020495413001504e-01
2.236492684729049496e-01
2.339066223714435511e-01
2.361845573240275997e-01
2.457862463827728827e-01
2.594636504471935501e-01
2.313594909562109447e-01
2.585732250160976409e-01
2.295723636090749309e-01
2.896785340091370675e-01
2.634983040070322802e-01
2.816511503170199271e-01
2.709484765439497123e-01
2.861799612145772831e-01
2.463381618044791221e-01
2.745221078213767041e-01
2.544078111669293984e-01
2.775240698896487834e-01
2.825003317171438932e-01
2.421267212575097805e-01
2.556177263600584171e-01
2.613651852105161044e-01
2.786348390301262579e-01
2.814708778239063403e-01
2.895049740609682010e-01
2.880128727990388104e-01
3.317165439752243761e-01
2.755394471737346307e-01
2.976264003910883971e-01
2.354411738023086398e-01
2.754413556969040333e-01
2.595886971394450460e-01
2.477385144900283998e-01
2.717984011329974137e-01
2.688950843546419889e-01
2.747598654408138219e-01
2.652190957788053138e-01
2.474981372359409681e-01
2.234800107245315803e-01
2.305786292833610640e-01
2.366654538689582365e-01
2.396579707137804216e-01
2.379252314099852272e-01
2.501746567705914748e-01
2.728772501795204142e-01
2.840979465487175060e-01
2.836534552513243490e-01
2.891290010447512548e-01
2.802177845298436942e-01
2.634245509698415200e-01
2.588427261860457573e-01
3.150590400406421132e-01
3.105570908548770381e-01
2.673184985704240013e-01
2.715166275228839132e-01
2.658547813446108243e-01
2.325341649928329146e-01
2.766601560481017907e-01
2.728490241792304594e-01
2.731657235536814055e-01
2.250012918720857569e-01
2.196845331401153234e-01
2.580307790578663107e-01
2.612224099634069541e-01
2.691426246502435782e-01
2.542076643314478135e-01
2.772440661782739624e-01
2.346688528000035745e-01
2.732174906714179285e-01
2.943959424571299666e-01
2.848056470317663069e-01
2.720330694474540345e-01
2.693365710175045780e-01
2.656092296502247652e-01
2.632267120202185229e-01
2.434737270818043975e-01
2.649211415567912509e-01
2.771765613895267877e-01
2.790293414872100364e-01
2.982827851196798163e-01
2.769356725667205255e-01
3.128105828591434823e-01
2.646859100714263890e-01
2.828791744185815138e-01
2.513885658225126774e-01
2.607582811751811280e-01
2.260106353454490180e-01
2.261556692276508185e-01
2.464007304676483490e-01
2.315203854910490855e-01
2.503758269535357184e-01
2.430113636325128001e-01
2.444368433979511868e-01
2.623005620781491132e-01
2.780927724573296067e-01
2.658788782500531300e-01
3.038128096898035091e-01
2.610780216392906139e-01
2.531198586828764530e-01
2.722821675748640646e-01
2.967219512278245208e-01
2.648970329054595729e-01
2.415558664474352080e-01
2.813842072938621541e-01
2.770900176712772778e-01
2.135341876001512484e-01
2.282115025392881524e-01
2.688969860211438689e-01
2.401606342652776727e-01
2.499134312373719191e-01
2.402005460255080271e-01
2.660600703690765845e-01
2.964722754033013996e-01
2.459640820766760272e-01
2.565505861872971471e-01
2.462948520713314216e-01
2.392559751853388372e-01
2.645528875726369522e-01
3.190443228391922070e-01
2.797988201785711060e-01
2.653930165356932491e-01
2.747256765719203742e-01
2.683519672616723195e-01
2.462554803742197373e-01
2.998930630822597143e-01
2.732315235494147121e-01
2.860708055954100937e-01
2.871512956318690302e-01
2.994895402409749607e-01
2.898611944952180219e-01
2.823321502052167919e-01
2.845203702094258325e-01
2.866546146751148827e-01
2.770322912120361525e-01
3.017017236749069964e-01
2.643955504847261828e-01
2.594776381639693486e-01
2.906235112048269342e-01
2.495919328054194142e-01
2.799240600314413796e-01
2.264992580678840683e-01
2.512081779488940514e-01
2.605722842904925063e-01
2.402301190632810668e-01
2.389913368662646143e-01
2.503460408013084559e-01
2.263083602273283645e-01
2.558957509790729667e-01
2.609237760480183077e-01
2.800939400844604243e-01
2.878867849385947641e-01
2.701163749995113550e-01
2.794726464927285159e-01
2.745602500685797032e-01
2.742890310524675468e-01
2.465288406058076531e-01
2.322959974217254919e-01
2.227357720413926101e-01
2.478156739945968912e-01
2.364179890095266801e-01
2.584558751268792309e-01
2.911120960295658922e-01
2.572215178587838880e-01
2.467149411488240573e-01
2.514330759173398766e-01
2.803474426140765696e-01
2.795256305263495444e-01
2.584097896876912936e-01
2.764074423489663035e-01
2.370497513411054802e-01
2.464431966978622157e-01
2.651038213744981165e-01
3.076883267722958504e-01
2.856256629911506084e-01
3.155957681595781827e-01
2.576629223351967202e-01
2.603681951344290479e-01
2.286436618061336579e-01
2.326295751184861704e-01
2.091514973590642423e-01
2.394524827143197643e-01
2.655326314263058984e-01
2.492229503182965544e-01
2.624762475076963808e-01
2.966915473626199895e-01
2.940222674153740723e-01
2.668987737439429409e-01
2.485257685463109212e-01
2.407631337135253125e-01
2.423829903227311400e-01
2.445351343828570112e-01
2.491124504170965925e-01
2.765188581719794647e-01
2.852520886369332986e-01
3.092273231223636176e-01
2.758545247357426233e-01
2.690030551008052440e-01
2.734972037891623131e-01
2.646369796397342045e-01
2.766128577393696109e-01
2.454886622137825436e-01
2.643144998744287322e-01
2.843845884892061693e-01
2.346282319578251452e-01
2.664041453153087602e-01
2.780344624405147735e-01
2.391802313355569087e-01
2.900906405116762121e-01
2.571468644437585604e-01
2.647447524891003989e-01
2.582257088341477491e-01
2.574730811298215905e-01
2.657061039637221289e-01
2.901089098097766050e-01
2.804307242564813007e-01
2.739842507736116040e-01
2.683156256255819772e-01
2.551546530409162794e-01
2.488181641563066149e-01
2.443809313550693862e-01
2.347962242589781701e-01
2.108246436135379209e-01
2.317515320658431188e-01
2.584840293254040411e-01
2.685570149132368023e-01
2.759700335832215856e-01
2.791109095895801251e-01
2.939910279377346836e-01
2.875422186685498982e-01
2.933875041805190098e-01
2.953320779111299754e-01
2.771845862318736420e-01
3.054909326203612552e-01
2.769774206979184750e-01
3.004388303954986239e-01
2.487687101320142369e-01
2.822089085525456009e-01
2.655816355111380034e-01
2.766487815794546057e-01
2.591626141401832117e-01
2.401007784895157482e-01
2.791932672994749676e-01
2.761859014683110125e-01
2.753091447444987461e-01
2.887761868226627060e-01
3.194167404260690457e-01
2.853411099285101393e-01
2.555137690971527320e-01
2.698983494997694299e-01
2.685852000221247704e-01
2.621566655155599945e-01
2.668623370430811548e-01
2.533730000084362666e-01
2.313261148931204658e-01
2.864089717501783205e-01
3.332299333856246215e-01
3.030091510512564201e-01
3.054801003214234756e-01
2.846232786978801776e-01
3.011543417961724534e-01
2.595853436367767109e-01
2.510434848692539300e-01
2.258920225553171790e-01
2.481997421754606470e-01
2.686870739788818629e-01
2.718981019009567013e-01
2.343422907838063896e-01
2.402270029084545844e-01
2.452728869944735823e-01
3.029910294553193606e-01
2.664400975775195746e-01
2.610614731149246692e-01
2.635868892474739766e-01
2.428369533143955039e-01
2.457156493731002256e-01
2.429133006966369690e-01
2.566159077362187291e-01
2.583151052808374537e-01
2.391356050191850990e-01
2.286822062950019108e-01
2.342373479274842962e-01
2.553265363846057845e-01
2.663179557776160777e-01
2.435204683149286564e-01
2.431673181756810742e-01
2.556091161469207229e-01
2.517262197531725532e-01
2.719240175010928517e-01
2.173004102585716357e-01
2.602447444459510262e-01
2.864369734340312945e-01
2.575092121780366838e-01
2.548105740111898387e-01
2.619500185330348452e-01
2.676121193743747906e-01
2.568136490864825761e-01
2.748227985618149072e-01
2.878846120152461219e-01
2.554879072722136546e-01
2.626591586530287459e-01
2.737131882823740092e-01
2.751006159969467957e-01
2.523250383315945311e-01
2.367746155483199388e-01
2.708091381477852888e-01
2.586603477151939168e-01
2.878453842197987722e-01
2.758180422782806063e-01
2.878272318818671516e-01
2.423609466179455219e-01
2.715597491483165427e-01
2.779128311589178502e-01
2.736391674082023218e-01
2.650709821275504807e-01
2.440974701769475785e-01
2.511492769280961879e-01
2.222164632923697980e-01
2.584205371740678214e-01
2.698244328290130833e-01
2.162159973069287255e-01
2.417915686876540293e-01
2.197470794230441671e-01
2.076709830985239980e-01
2.409057563632206744e-01
2.516503756325628172e-01
2.800253821168364743e-01
2.610047661424026999e-01
2.718336985991982591e-01
2.488675709774203493e-01
2.674585388713321410e-01
2.470287403427069706e-01
2.515362412704976180e-01
2.403321616713064157e-01
2.379709766720117248e-01
2.570802066422516186e-01
2.336996054891297692e-01
2.734359012894863605e-01
2.627159041387303051e-01
2.674519904821717753e-01
2.754904830780966485e-01
2.595777272750405262e-01
3.080064191362142378e-01
2.420823053287118054e-01
2.541711159559134625e-01
3.044197602305914740e-01
2.627561241296562100e-01
2.351528085858817230e-01
2.493681177221237222e-01
2.445580538946807991e-01
2.445205647476670630e-01
2.445473469005772227e-01
2.799828110598335251e-01
2.672716312049469578e-01
2.874158257853115517e-01
3.343704045695040650e-01
2.782586750395966702e-01
3.487331918467158065e-01
3.089208979698069846e-01
3.184279107872614589e-01
2.951770520227395278e-01
2.561276336197062520e-01
2.374742871907618569e-01
2.996921094356117532e-01
2.689414502904293180e-01
2.615947133709462524e-01
2.562334974016202693e-01
3.119550517591689331e-01
2.555602673341796915e-01
2.700659597400916212e-01
2.422143476033591647e-01
2.580325248255130877e-01
2.495301314928249359e-01
2.677269009054651927e-01
2.822369457503349222e-01
2.472828132976817028e-01
2.526266064021737145e-01
3.040332290331939080e-01
2.638600459895427131e-01
2.349048052420304733e-01
2.414944573967751085e-01
2.500889877603630351e-01
2.569483023608533090e-01
2.709311690346549728e-01
2.835720415370386327e-01
2.677558476559221412e-01
2.451984494262794412e-01
2.775891652108698482e-01
2.516902318915413828e-01
2.277272653766691801e-01
2.660638696786462032e-01
2.996411865365521954e-01
2.560793487946715907e-01
2.433198882709828315e-01
2.357241538330999975e-01
2.481630117712277372e-01
2.675649592266581278e-01
2.626649552965831802e-01
2.845994573654830329e-01
2.794931313991833588e-01
2.747488056838126025e-01
2.887503289950379970e-01
3.140113237599880813e-01
2.836404659571933884e-01
3.101843422846938814e-01
3.229897029991120605e-01
2.972459351749828227e-01
2.577347036541203229e-01
2.724032615440381555e-01
2.280903261861850773e-01
2.512087683454313769e-01
2.257767425834019959e-01
2.130836431446867241e-01
2.394278807051631597e-01
2.471825458499034289e-01
2.430751946341478398e-01
2.489850516379397971e-01
2.558349077098588942e-01
2.350454339418010519e-01
2.597573154613171953e-01
2.628615563134883981e-01
2.445483229774544354e-01
2.642344510888913200e-01
2.625748310627658566e-01
2.592344157060375576e-01
2.280209154473230027e-01
2.258790302389501181e-01
2.068103761912633565e-01
2.392218659460608465e-01
2.659460584770410030e-01
2.559815980517514133e-01
2.696075247937420594e-01
2.990576087987177889e-01
3.009928467117944928e-01
2.660630033108511983e-01
2.397816409655981196e-01
2.419466344018916526e-01
2.985340056598341785e-01
2.827259778312259941e-01
2.540868911059165347e-01
3.028157562500846667e-01
2.789676241942595225e-01
2.703224964037605482e-01
2.680003477360239916e-01
