t,t_diff,Fx,Fx_unc_l,Fx_unc_u,Fx_uplim_bool,name,blockID,band,dt_radio,Rphase,Fr,Fr_unc,local_rms,alpha,alpha_unc,Fr_uplim_bool,state,class,D,D_prob,Lr,Lr_unc,Lx,Lx_unc_l,Lx_unc_u
60125.06613,0.0,3.971666499087763e-09,3.920460235509368e-10,4.245553802061174e-10,False,GRS 1739-278,1688086271,L,0.0102708333,,1.06,0.05664803615307419,0.046,,,False,SS,candidateBH,8,"(""uniform"", 6.0, 8.5)",1.039196119547118e+29,5.553624467003731e+27,3.041966696629783e+37,3.002746951341476e+36,3.251741624727656e+36
60132.91834,0.0,2.923492957972305e-09,2.947332998929919e-10,3.3444646315589356e-10,False,GRS 1739-278,1688764579,L,0.0102708333,,0.182,0.025667294364618957,0.034,,,False,SS,candidateBH,8,"(""uniform"", 6.0, 8.5)",1.7842801297884476e+28,2.516354028583549e+27,2.2391528135673234e+37,2.257412305056855e+36,2.5615821543916766e+36
60141.72942,0.0,1.971986124362654e-09,2.0975357306009885e-10,2.3091730953439086e-10,False,GRS 1739-278,1689525980,L,0.0102708333,,0.12,0.04,0.04,,,True,SS,candidateBH,8,"(""uniform"", 6.0, 8.5)",1.176448437223152e+28,3.9214947907438407e+27,1.5103776004115786e+37,1.6065381720607133e+36,1.7686348172494075e+36
60146.73292,0.0,1.1835080805876152e-09,1.1886025513906347e-10,1.2586021536986724e-10,False,GRS 1739-278,1689958275,L,0.0102708333,,0.12,0.04,0.04,,,True,SS,candidateBH,8,"(""uniform"", 6.0, 8.5)",1.176448437223152e+28,3.9214947907438407e+27,9.064689009428856e+36,9.103708424889087e+35,9.639847244820941e+35
60160.8327,0.0,4.914075644126186e-11,7.255713432272668e-12,8.813052582447884e-12,False,GRS 1739-278,1691176395,L,0.0102708333,,0.363,0.027007822940770327,0.04,,,False,HS,candidateBH,8,"(""uniform"", 6.0, 8.5)",3.5587565226000355e+28,2.647775924289071e+27,3.76377383589102e+35,5.557273911677223e+34,6.750066365746275e+34
