t,t_diff,Fx,Fx_unc_l,Fx_unc_u,Fx_uplim_bool,name,blockID,band,dt_radio,Rphase,Fr,Fr_unc,local_rms,alpha,alpha_unc,Fr_uplim_bool,state,class,D,D_prob,Lr,Lr_unc,Lx,Lx_unc_l,Lx_unc_u
59001.1292,0.0,7.870735929365067e-10,7.549146137426402e-11,8.17652557347902e-11,False,Swift J1842.5-1124,1590975056,L,0.0104,decay,0.069,0.023000000000000003,23,,,True,SS,candidateBH,8.12,"(""gauss"", 8.12, 2.2)",6.969037899619776e+27,2.3230126332065921e+27,6.210536343936166e+36,5.956780518737866e+35,6.451824797190399e+35
59008.1762,0.0,2.0200676929065643e-10,2.3947701057751724e-11,2.65244437722495e-11,False,Swift J1842.5-1124,1591585260,L,0.0104,decay,0.229,0.033046974142877286,26,0.87,0.59,False,HS,candidateBH,8.12,"(""gauss"", 8.12, 2.2)",2.3129125782796064e+28,3.3377625401371966e+27,1.5939683323894166e+36,1.8896335629555744e+35,2.092955773495703e+35
59019.0632,0.0,2.5114991065354735e-12,1.0372080076278287e-12,1.7859337856373949e-12,False,Swift J1842.5-1124,1592527255,L,0.0104,decay,0.082,0.01846104005737488,23,,,False,HS,candidateBH,8.12,"(""gauss"", 8.12, 2.2)",8.28204504012785e+27,1.8645751858875997e+27,1.9817405410220693e+34,8.184263943554635e+33,1.4092210414762706e+34
